Thu Feb 26 10:36:12 2026

Number of Points = 3594
Depth (nm)	Load (µN)	Time (s)	Depth (V)	Load (V)
0.991067	1.939387	0.000000	0.000883	1.050786

0.760483	2.009736	0.005005	0.000924	1.050758
0.893921	1.960357	0.010010	0.000900	1.050763
0.643181	2.054568	0.015014	0.000945	1.050756
0.937364	1.776212	0.020019	0.000892	1.050549
0.633991	1.803002	0.025024	0.000946	1.050428
0.559080	1.772115	0.030029	0.000960	1.050350
0.712692	1.531962	0.035034	0.000932	1.050120
0.270728	1.619140	0.040038	0.001011	1.050006
0.325606	1.438274	0.045043	0.001002	1.049801
0.348234	1.360255	0.050048	0.000997	1.049713
0.256060	1.224047	0.055053	0.001014	1.049490
0.381239	0.995714	0.060058	0.000992	1.049260
-0.167809	1.107995	0.065062	0.001090	1.049124
-0.086945	0.870814	0.070067	0.001075	1.048860
-0.368806	0.854374	0.075072	0.001126	1.048694
-0.509196	0.791064	0.080077	0.001151	1.048541
-0.244838	0.564755	0.085082	0.001103	1.048385
-0.744666	0.646595	0.090086	0.001193	1.048234
-0.765591	0.446876	0.095091	0.001197	1.047966
-0.833891	0.336208	0.100096	0.001209	1.047788
-1.159010	0.363140	0.105101	0.001267	1.047656
-1.102644	0.159895	0.110106	0.001257	1.047423
-1.625691	0.297555	0.115110	0.001350	1.047332
-1.434478	0.064612	0.120115	0.001316	1.047130
-1.536960	0.017856	0.125120	0.001334	1.047017
-2.194185	0.038706	0.130125	0.001452	1.046707
-2.210838	0.045509	0.135130	0.001455	1.046707
-2.595540	0.186529	0.140134	0.001524	1.046692
-2.287665	-0.030162	0.145139	0.001469	1.046570
-2.678443	-0.011672	0.150144	0.001539	1.046393
-2.611424	-0.038461	0.155149	0.001527	1.046393
-2.710566	-0.178161	0.160154	0.001544	1.046162
-3.276928	-0.020508	0.165158	0.001646	1.046075
-3.091611	-0.094244	0.170163	0.001612	1.046075
-3.208098	-0.082163	0.175168	0.001633	1.046031
-3.778051	-0.047824	0.180173	0.001735	1.045782
-3.375308	-0.201545	0.185178	0.001663	1.045791
-3.536634	-0.143644	0.190182	0.001692	1.045783
-3.401636	-0.373374	0.195187	0.001668	1.045555
-3.555619	-0.391226	0.200192	0.001695	1.045453
-4.220942	-0.308321	0.205197	0.001814	1.045218
-4.313318	-0.321861	0.210202	0.001831	1.045153
-4.452607	-0.283046	0.215206	0.001856	1.045132
-4.402826	-0.290964	0.220211	0.001847	1.045147
-4.113992	-0.528497	0.225216	0.001795	1.044989
-4.663624	-0.433418	0.230221	0.001893	1.044829
-4.514211	-0.489795	0.235226	0.001867	1.044833
-5.482285	-0.354665	0.240230	0.002040	1.044510
-5.090469	-0.357131	0.245235	0.001970	1.044708
-4.893494	-0.582981	0.250240	0.001934	1.044518
-5.488110	-0.349042	0.255245	0.002041	1.044514
-5.347765	-0.522530	0.260250	0.002016	1.044362
-5.789321	-0.483399	0.265254	0.002095	1.044185
-5.854780	-0.451204	0.270259	0.002106	1.044194
-5.285985	-0.695509	0.275264	0.002004	1.044170
-6.877685	-0.212505	0.280269	0.002289	1.043976
-5.844273	-0.545984	0.285274	0.002104	1.044077
-6.722499	-0.236335	0.290278	0.002261	1.044025
-6.414332	-0.456587	0.295283	0.002206	1.043899
-5.522855	-0.878911	0.300288	0.002047	1.043811
-7.393062	-0.210453	0.305293	0.002381	1.043713
-7.034087	-0.212825	0.310298	0.002317	1.043895
-7.216254	-0.356047	0.315302	0.002349	1.043616
-6.637133	-0.513071	0.320307	0.002246	1.043711
-7.067297	-0.436245	0.325312	0.002323	1.043589
-7.091084	-0.538831	0.330317	0.002327	1.043444
-7.456864	-0.451802	0.335322	0.002392	1.043369
-7.958157	-0.263840	0.340326	0.002482	1.043354
-7.925264	-0.276933	0.345331	0.002476	1.043354
-7.111181	-0.606063	0.350336	0.002331	1.043347
-8.057565	-0.442897	0.355341	0.002500	1.043071
-7.812559	-0.493102	0.360346	0.002456	1.043132
-8.350254	-0.370474	0.365350	0.002552	1.043014
-7.979188	-0.512655	0.370355	0.002486	1.043021
-7.899052	-0.736037	0.375360	0.002471	1.042773
-9.227066	-0.265454	0.380365	0.002709	1.042698
-9.217740	-0.259955	0.385370	0.002707	1.042710
-8.874386	-0.402435	0.390374	0.002646	1.042703
-8.899068	-0.386715	0.395379	0.002650	1.042710
-8.288063	-0.659852	0.400384	0.002541	1.042672
-9.642565	-0.341165	0.405389	0.002783	1.042386
-9.597761	-0.352316	0.410394	0.002775	1.042395
-9.589109	-0.362325	0.415398	0.002773	1.042386
-9.160166	-0.532182	0.420403	0.002697	1.042388
-9.175060	-0.593324	0.425408	0.002699	1.042301
-10.243961	-0.344446	0.430413	0.002891	1.042072
-9.969798	-0.447535	0.435418	0.002841	1.042080
-9.909687	-0.480067	0.440422	0.002831	1.042069
-10.466794	-0.246996	0.445427	0.002930	1.042084
-9.793939	-0.609550	0.450432	0.002810	1.041961
-10.798541	-0.369707	0.455437	0.002990	1.041753
-10.719834	-0.398146	0.460442	0.002975	1.041757
-10.422041	-0.525864	0.465446	0.002922	1.041745
-11.032828	-0.277086	0.470451	0.003031	1.041753
-10.547114	-0.563574	0.475456	0.002945	1.041632
-11.572448	-0.300144	0.480461	0.003128	1.041444
-11.314418	-0.400790	0.485466	0.003082	1.041447
-10.829426	-0.594945	0.490470	0.002995	1.041446
-11.374141	-0.414622	0.495475	0.003092	1.041398
-11.464347	-0.436524	0.500480	0.003108	1.041324
-12.099102	-0.332628	0.505485	0.003222	1.041131
-11.714534	-0.482612	0.510490	0.003153	1.041135
-12.001817	-0.373638	0.515494	0.003205	1.041128
-12.082821	-0.332086	0.520499	0.003219	1.041140
-11.981701	-0.546145	0.525504	0.003201	1.040914
-12.404933	-0.439811	0.530509	0.003277	1.040834
-12.741753	-0.293748	0.535514	0.003337	1.040850
-12.639411	-0.344279	0.540518	0.003318	1.040837
-12.672201	-0.323540	0.545523	0.003324	1.040847
-12.661836	-0.391625	0.550528	0.003322	1.040764
-13.701458	-0.068397	0.555533	0.003508	1.040647
-12.795926	-0.411354	0.560538	0.003346	1.040669
-13.268631	-0.350152	0.565542	0.003431	1.040504
-13.407543	-0.291087	0.570547	0.003456	1.040509
-13.101599	-0.411348	0.575552	0.003401	1.040512
-14.341266	-0.021996	0.580557	0.003623	1.040376
-13.416838	-0.371041	0.585562	0.003457	1.040401
-14.094063	-0.263128	0.590566	0.003578	1.040191
-14.319296	-0.157934	0.595571	0.003619	1.040211
-13.562218	-0.468976	0.600576	0.003483	1.040199
-14.049091	-0.281039	0.605581	0.003570	1.040191
-14.678363	-0.182023	0.610586	0.003683	1.039995
-14.035276	-0.410882	0.615590	0.003568	1.040030
-15.030659	-0.132323	0.620595	0.003746	1.039877
-14.423805	-0.371749	0.625600	0.003637	1.039880
-14.389029	-0.518478	0.630605	0.003631	1.039707
-15.172812	-0.307642	0.635610	0.003771	1.039576
-15.044001	-0.364136	0.640614	0.003748	1.039569
-15.232569	-0.287710	0.645619	0.003782	1.039571
-15.235916	-0.286143	0.650624	0.003782	1.039572
-15.750345	-0.326058	0.655629	0.003874	1.039254
-15.596513	-0.385128	0.660634	0.003847	1.039256
-15.615014	-0.381070	0.665638	0.003850	1.039252
-15.788778	-0.308435	0.670643	0.003881	1.039257
-15.968436	-0.238315	0.675648	0.003913	1.039255
-16.710460	-0.067446	0.680653	0.004046	1.039093
-15.802770	-0.403157	0.685658	0.003884	1.039127
-16.377535	-0.325840	0.690662	0.003986	1.038930
-16.536062	-0.256030	0.695667	0.004015	1.038939
-16.171017	-0.423404	0.700672	0.003949	1.038910
-16.984305	-0.319970	0.705677	0.004095	1.038623
-17.298172	-0.109582	0.710682	0.004151	1.038735
-17.200830	-0.228521	0.715686	0.004133	1.038630
-16.814402	-0.377173	0.720691	0.004064	1.038637
-16.654483	-0.445146	0.725696	0.004036	1.038632
-18.013752	-0.069531	0.730701	0.004279	1.038416
-17.195257	-0.293789	0.735706	0.004132	1.038549
-17.730055	-0.216036	0.740710	0.004228	1.038373
-17.889916	-0.153731	0.745715	0.004257	1.038371
-17.128702	-0.472305	0.750720	0.004120	1.038351
-18.229054	-0.278097	0.755725	0.004317	1.038034
-18.804397	-0.017210	0.760730	0.004420	1.038075
-17.789072	-0.341315	0.765734	0.004238	1.038180
-18.469655	-0.178688	0.770739	0.004360	1.038039
-17.818765	-0.473789	0.775744	0.004244	1.037992
-18.569553	-0.379195	0.780749	0.004378	1.037726
-19.440203	-0.030673	0.785754	0.004534	1.037729
-19.072376	-0.180502	0.790758	0.004468	1.037724
-18.707215	-0.324475	0.795763	0.004403	1.037726
-18.497928	-0.445772	0.800768	0.004365	1.037677
-19.133038	-0.404521	0.805773	0.004479	1.037401
-19.516221	-0.243198	0.810778	0.004547	1.037413
-19.645348	-0.193482	0.815782	0.004570	1.037411
-19.613966	-0.205020	0.820787	0.004565	1.037412
-19.275472	-0.513636	0.825792	0.004504	1.037186
-19.755474	-0.393662	0.830797	0.004590	1.037093
-20.609196	-0.048455	0.835802	0.004743	1.037100
-19.801082	-0.376296	0.840806	0.004598	1.037092
-20.198716	-0.384778	0.845811	0.004669	1.036875
-20.314249	-0.420931	0.850816	0.004690	1.036768
-20.590049	-0.307741	0.855821	0.004739	1.036772
-20.740832	-0.247905	0.860826	0.004766	1.036772
-20.615000	-0.299494	0.865830	0.004743	1.036770
-21.286961	-0.169514	0.870835	0.004864	1.036591
-20.240491	-0.542559	0.875840	0.004676	1.036648
-21.106601	-0.340306	0.880845	0.004831	1.036462
-21.503222	-0.175370	0.885850	0.004902	1.036471
-21.302152	-0.310767	0.890854	0.004866	1.036399
-21.975451	-0.066095	0.895859	0.004987	1.036369
-21.156612	-0.523862	0.900864	0.004840	1.036197
-21.325457	-0.491476	0.905869	0.004870	1.036152
-22.055649	-0.192380	0.910874	0.005001	1.036163
-22.420589	-0.273522	0.915878	0.005066	1.035868
-22.301150	-0.208624	0.920883	0.005045	1.036014
-22.080516	-0.268640	0.925888	0.005005	1.036051
-22.196908	-0.367541	0.930893	0.005026	1.035861
-22.377866	-0.290188	0.935898	0.005058	1.035868
-22.438616	-0.470887	0.940902	0.005069	1.035601
-22.997929	-0.296254	0.945907	0.005169	1.035538
-23.108821	-0.251816	0.950912	0.005189	1.035539
-22.545844	-0.481789	0.955917	0.005088	1.035531
-23.285501	-0.197696	0.960922	0.005221	1.035518
-23.700339	-0.164021	0.965926	0.005295	1.035346
-23.379410	-0.351556	0.970931	0.005237	1.035268
-23.255482	-0.376627	0.975936	0.005215	1.035300
-23.371969	-0.393379	0.980941	0.005236	1.035218
-23.991621	-0.334182	0.985946	0.005347	1.034973
-23.485402	-0.431905	0.990950	0.005256	1.035109
-24.812353	-0.063095	0.995955	0.005494	1.034900
-24.069339	-0.358138	1.000960	0.005361	1.034902

-24.242098	-0.168335	1.010957	0.005392	1.035060
-24.177659	-0.312223	1.020954	0.005380	1.034906
-24.074114	-0.355427	1.030950	0.005361	1.034903
-24.203113	-0.254186	1.040947	0.005384	1.034968
-23.818542	-0.291987	1.050944	0.005316	1.035119
-23.798949	-0.312781	1.060941	0.005312	1.035102
-24.026650	-0.172837	1.070938	0.005353	1.035167
-23.904808	-0.248817	1.080934	0.005331	1.035131
-23.497439	-0.338943	1.090931	0.005258	1.035225
-23.888980	-0.184702	1.100928	0.005328	1.035224
-23.764842	-0.236163	1.110925	0.005306	1.035221
-23.764761	-0.199997	1.120922	0.005305	1.035268
-23.419313	-0.213867	1.130918	0.005244	1.035430
-23.007786	-0.496806	1.140915	0.005170	1.035275
-23.608480	-0.111106	1.150912	0.005277	1.035466
-23.247529	-0.265518	1.160909	0.005213	1.035452
-23.179616	-0.298368	1.170906	0.005201	1.035445
-23.287119	-0.290839	1.180902	0.005220	1.035399
-22.748761	-0.423987	1.190899	0.005123	1.035505
-23.242033	-0.237992	1.200896	0.005212	1.035492
-23.146075	-0.240820	1.210893	0.005194	1.035538
-22.802487	-0.379041	1.220890	0.005133	1.035537
-22.715322	-0.467327	1.230886	0.005117	1.035467
-22.969743	-0.321339	1.240883	0.005163	1.035525
-22.770857	-0.309042	1.250880	0.005127	1.035645
-22.859187	-0.257664	1.260877	0.005143	1.035666
-22.830094	-0.238420	1.270874	0.005137	1.035707
-22.404317	-0.291873	1.280870	0.005061	1.035858
-22.235239	-0.353977	1.290867	0.005031	1.035865
-22.693510	-0.173777	1.300864	0.005113	1.035862
-22.527717	-0.241581	1.310861	0.005083	1.035860
-22.217596	-0.369471	1.320858	0.005028	1.035855
-22.344418	-0.313547	1.330854	0.005050	1.035862
-21.914100	-0.353215	1.340851	0.004973	1.036034
-22.320067	-0.213662	1.350848	0.005046	1.036005
-22.156923	-0.271666	1.360845	0.005016	1.036014
-22.013723	-0.358086	1.370842	0.004991	1.035976
-21.505563	-0.466102	1.380838	0.004900	1.036099
-22.079167	-0.231848	1.390835	0.005002	1.036107
-21.916897	-0.263267	1.400832	0.004973	1.036151
-21.763354	-0.324037	1.410829	0.004946	1.036151
-21.922503	-0.264468	1.420826	0.004974	1.036147
-21.547169	-0.297546	1.430822	0.004907	1.036298
-21.361878	-0.388507	1.440819	0.004874	1.036276
-21.727394	-0.240022	1.450816	0.004939	1.036280
-21.293118	-0.314881	1.460813	0.004861	1.036408
-21.444520	-0.376426	1.470810	0.004888	1.036250
-21.109437	-0.347630	1.480806	0.004828	1.036461
-21.343566	-0.251686	1.490803	0.004870	1.036465
-21.712900	-0.081068	1.500800	0.004936	1.036496
-21.063263	-0.279027	1.510797	0.004820	1.036575
-20.802215	-0.425676	1.520794	0.004773	1.036520
-20.943637	-0.238864	1.530790	0.004798	1.036690
-21.160351	-0.130373	1.540787	0.004837	1.036719
-20.947296	-0.253548	1.550784	0.004799	1.036669
-20.544970	-0.334648	1.560781	0.004727	1.036773
-20.751846	-0.337300	1.570778	0.004764	1.036662
-20.546178	-0.331608	1.580774	0.004727	1.036776
-20.669869	-0.280943	1.590771	0.004749	1.036778
-20.809969	-0.273735	1.600768	0.004774	1.036715
-20.393838	-0.390117	1.610765	0.004700	1.036779
-20.256373	-0.446643	1.620762	0.004675	1.036777
-20.473982	-0.238523	1.630758	0.004714	1.036936
-20.343271	-0.260587	1.640755	0.004690	1.036975
-20.316940	-0.401582	1.650752	0.004686	1.036805
-20.162034	-0.359065	1.660749	0.004658	1.036941
-19.768232	-0.454795	1.670746	0.004587	1.037021
-20.072001	-0.308468	1.680742	0.004642	1.037054
-20.301512	-0.275216	1.690739	0.004683	1.036979
-20.065054	-0.277255	1.700736	0.004640	1.037099
-19.564811	-0.475904	1.710733	0.004551	1.037100
-19.709805	-0.414661	1.720730	0.004577	1.037104
-19.943153	-0.317410	1.730726	0.004618	1.037110
-19.902100	-0.293945	1.740723	0.004611	1.037162
-19.679504	-0.390772	1.750720	0.004571	1.037152
-19.291985	-0.410342	1.760717	0.004502	1.037327
-19.338074	-0.380730	1.770714	0.004510	1.037342
-19.956077	-0.134088	1.780710	0.004620	1.037343
-19.222301	-0.380649	1.790707	0.004489	1.037403
-19.245831	-0.370632	1.800704	0.004493	1.037404
-19.469025	-0.285160	1.810701	0.004533	1.037399
-19.156485	-0.293566	1.820698	0.004477	1.037551
-18.931582	-0.367738	1.830694	0.004437	1.037571
-19.370587	-0.223060	1.840691	0.004515	1.037532
-18.727581	-0.492207	1.850688	0.004400	1.037515
-18.711678	-0.460214	1.860685	0.004397	1.037565
-18.820943	-0.342523	1.870682	0.004417	1.037662
-19.062962	-0.258678	1.880678	0.004460	1.037646
-18.953766	-0.258835	1.890675	0.004440	1.037702
-18.368362	-0.470256	1.900672	0.004336	1.037731
-18.724239	-0.280194	1.910669	0.004399	1.037794
-18.632711	-0.235687	1.920666	0.004383	1.037899
-18.758845	-0.217054	1.930662	0.004405	1.037858
-18.463105	-0.338017	1.940659	0.004352	1.037854
-17.995475	-0.470271	1.950656	0.004269	1.037925
-18.289187	-0.279858	1.960653	0.004321	1.038021
-18.259017	-0.346427	1.970650	0.004316	1.037950
-18.327611	-0.251918	1.980646	0.004328	1.038037
-18.103645	-0.357877	1.990643	0.004288	1.038016
-18.124659	-0.332897	2.000640	0.004291	1.038037
-18.046962	-0.223680	2.010637	0.004277	1.038220
-17.930485	-0.275272	2.020634	0.004256	1.038213
-18.161796	-0.212446	2.030630	0.004298	1.038176
-17.564581	-0.300144	2.040627	0.004191	1.038371
-17.613836	-0.370538	2.050624	0.004200	1.038254
-17.785530	-0.207476	2.060621	0.004230	1.038378
-17.550781	-0.300980	2.070618	0.004188	1.038378
-17.829522	-0.186922	2.080614	0.004238	1.038382
-17.193565	-0.445159	2.090611	0.004124	1.038375
-17.390960	-0.373324	2.100608	0.004159	1.038367
-17.476185	-0.289880	2.110605	0.004175	1.038431
-17.908709	-0.034096	2.120602	0.004252	1.038540
-17.024801	-0.317039	2.130598	0.004094	1.038630
-16.962927	-0.343657	2.140595	0.004083	1.038628
-17.011952	-0.325114	2.150592	0.004091	1.038627
-17.502630	-0.129224	2.160589	0.004179	1.038628
-16.936226	-0.354671	2.170586	0.004078	1.038628
-16.853798	-0.387908	2.180582	0.004063	1.038627
-16.634045	-0.411303	2.190579	0.004024	1.038711
-16.776844	-0.329852	2.200576	0.004049	1.038743
-16.781737	-0.347372	2.210573	0.004050	1.038718
-17.065481	-0.236308	2.220570	0.004101	1.038716
-16.143575	-0.500723	2.230566	0.003936	1.038849
-16.588875	-0.391909	2.240563	0.004015	1.038760
-16.446517	-0.315652	2.250560	0.003990	1.038933
-16.493189	-0.335649	2.260557	0.003998	1.038883
-16.705058	-0.281305	2.270554	0.004036	1.038845
-16.198899	-0.415194	2.280550	0.003945	1.038933
-15.901364	-0.488150	2.290547	0.003892	1.038992
-16.432998	-0.229763	2.300544	0.003987	1.039053
-16.299039	-0.239831	2.310541	0.003963	1.039109
-15.979637	-0.440261	2.320538	0.003906	1.039014
-15.972828	-0.263932	2.330534	0.003904	1.039247
-15.610800	-0.438856	2.340531	0.003840	1.039207
-16.216975	-0.211844	2.350528	0.003948	1.039189
-16.074656	-0.229019	2.360525	0.003922	1.039241
-15.592340	-0.417567	2.370522	0.003836	1.039245
-15.632788	-0.346853	2.380518	0.003843	1.039316
-15.446058	-0.416193	2.390515	0.003810	1.039323
-15.704574	-0.262350	2.400512	0.003856	1.039389
-15.584369	-0.369035	2.410509	0.003834	1.039313
-15.443297	-0.364553	2.420506	0.003809	1.039392
-15.396343	-0.249818	2.430502	0.003801	1.039566
-15.383250	-0.254858	2.440499	0.003798	1.039566
-15.391857	-0.250419	2.450496	0.003800	1.039568
-15.342613	-0.233119	2.460493	0.003791	1.039616
-14.830119	-0.414196	2.470490	0.003699	1.039646
-14.992590	-0.275958	2.480486	0.003728	1.039741
-15.021687	-0.179733	2.490483	0.003733	1.039852
-14.862929	-0.314774	2.500480	0.003705	1.039758
-15.195387	-0.177115	2.510477	0.003764	1.039766
-14.436390	-0.393282	2.520474	0.003628	1.039877
-14.886349	-0.216315	2.530470	0.003709	1.039875
-14.741238	-0.198191	2.540467	0.003683	1.039974
-14.884253	-0.205321	2.550464	0.003708	1.039890
-14.588438	-0.218550	2.560461	0.003655	1.040026
-13.973068	-0.430454	2.570458	0.003545	1.040070
-14.502216	-0.373810	2.580454	0.003640	1.039870
-14.109094	-0.422220	2.590451	0.003570	1.040010
-14.557028	-0.230124	2.600448	0.003650	1.040028
-14.272494	-0.391663	2.610445	0.003599	1.039966
-13.973725	-0.479128	2.620442	0.003545	1.040007
-13.822502	-0.441293	2.630438	0.003518	1.040134
-14.219146	-0.331616	2.640435	0.003589	1.040072
-13.981111	-0.335783	2.650432	0.003546	1.040190
-13.872647	-0.537672	2.660429	0.003527	1.039984
-13.869094	-0.374727	2.670426	0.003526	1.040197
-13.730393	-0.433065	2.680422	0.003501	1.040193
-13.933077	-0.351746	2.690419	0.003537	1.040194
-13.958061	-0.319617	2.700416	0.003542	1.040223
-13.419407	-0.523897	2.710413	0.003445	1.040237
-13.646069	-0.265799	2.720410	0.003486	1.040455
-13.257574	-0.431973	2.730406	0.003416	1.040440
-13.730971	-0.281059	2.740403	0.003501	1.040392
-13.483104	-0.299396	2.750400	0.003457	1.040496
-13.370949	-0.337001	2.760397	0.003436	1.040505
-13.242749	-0.336887	2.770394	0.003413	1.040572
-13.055140	-0.337126	2.780390	0.003380	1.040669
-13.221537	-0.294922	2.790387	0.003410	1.040638
-13.399931	-0.154069	2.800384	0.003441	1.040729
-12.469534	-0.440998	2.810381	0.003275	1.040837
-13.190742	-0.152600	2.820378	0.003404	1.040839
-12.946882	-0.253390	2.830374	0.003360	1.040834
-13.016325	-0.225822	2.840371	0.003373	1.040834
-12.800571	-0.205218	2.850368	0.003334	1.040973
-12.352360	-0.356032	2.860365	0.003254	1.041009
-12.938648	-0.053788	2.870362	0.003358	1.041098
-12.464278	-0.210613	2.880358	0.003274	1.041140
-12.671123	-0.130892	2.890355	0.003310	1.041137
-12.301295	-0.284522	2.900352	0.003244	1.041129
-12.383986	-0.249576	2.910349	0.003259	1.041132
-12.342478	-0.199635	2.920346	0.003251	1.041218
-12.379045	-0.081464	2.930342	0.003258	1.041353
-12.133240	-0.215544	2.940339	0.003214	1.041306
-11.879047	-0.244391	2.950336	0.003168	1.041400
-12.141676	-0.173786	2.960333	0.003215	1.041356
-11.893131	-0.201465	2.970330	0.003171	1.041448
-11.803991	-0.240200	2.980326	0.003155	1.041444
-12.004477	-0.237866	2.990323	0.003191	1.041344
-12.122151	-0.112096	3.000320	0.003212	1.041447
-11.699425	-0.188547	3.010317	0.003136	1.041566
-11.517209	-0.221016	3.020314	0.003103	1.041618
-11.563436	-0.242803	3.030310	0.003111	1.041566
-11.755982	-0.148719	3.040307	0.003146	1.041589
-11.439063	-0.219613	3.050304	0.003089	1.041661
-10.982963	-0.390046	3.060301	0.003007	1.041675
-11.665359	-0.100058	3.070298	0.003129	1.041699
-11.190687	-0.299989	3.080294	0.003045	1.041685
-10.967505	-0.386224	3.090291	0.003005	1.041689
-11.574399	-0.105138	3.100288	0.003113	1.041740
-10.934400	-0.342668	3.110285	0.002998	1.041763
-11.242813	-0.223918	3.120282	0.003054	1.041758
-10.946406	-0.344173	3.130278	0.003001	1.041755
-10.814172	-0.330836	3.140275	0.002977	1.041841
-11.089347	-0.263931	3.150272	0.003026	1.041785
-10.581122	-0.358706	3.160269	0.002935	1.041925
-10.494315	-0.407479	3.170266	0.002919	1.041907
-10.793616	-0.408452	3.180262	0.002973	1.041751
-10.750459	-0.256758	3.190259	0.002965	1.041970
-10.316978	-0.382390	3.200256	0.002888	1.042031
-10.419190	-0.300083	3.210253	0.002906	1.042085
-10.439263	-0.372790	3.220250	0.002909	1.041981
-10.467867	-0.280789	3.230246	0.002914	1.042086
-9.992530	-0.471162	3.240243	0.002829	1.042084
-10.297333	-0.428393	3.250240	0.002884	1.041983
-10.064271	-0.443896	3.260237	0.002842	1.042083
-10.315796	-0.343087	3.270234	0.002887	1.042084
-10.331810	-0.320813	3.280230	0.002890	1.042105
-9.885672	-0.393133	3.290227	0.002810	1.042241
-9.725698	-0.555884	3.300224	0.002781	1.042113
-9.890969	-0.304547	3.310221	0.002811	1.042354
-9.751634	-0.453309	3.320218	0.002786	1.042233
-9.578176	-0.497692	3.330214	0.002755	1.042265
-9.799142	-0.336412	3.340211	0.002794	1.042361
-9.499634	-0.463263	3.350208	0.002740	1.042351
-9.678532	-0.360614	3.360205	0.002772	1.042392
-9.538046	-0.420626	3.370202	0.002747	1.042387
-9.804395	-0.231934	3.380198	0.002795	1.042494
-9.164333	-0.387108	3.390195	0.002680	1.042623
-9.433065	-0.307490	3.400192	0.002728	1.042588
-9.476407	-0.203666	3.410189	0.002736	1.042700
-8.832308	-0.453533	3.420186	0.002621	1.042709
-9.421918	-0.221447	3.430182	0.002726	1.042706
-9.003067	-0.388915	3.440179	0.002651	1.042705
-9.028857	-0.379746	3.450176	0.002656	1.042704
-8.891399	-0.263001	3.460173	0.002631	1.042926
-8.627187	-0.448542	3.470170	0.002584	1.042822
-9.019402	-0.201647	3.480166	0.002654	1.042940
-8.517710	-0.341762	3.490163	0.002564	1.043017
-8.516480	-0.483334	3.500160	0.002564	1.042834
-9.047166	-0.149730	3.510157	0.002659	1.042993
-8.591544	-0.311200	3.520154	0.002577	1.043019
-8.412303	-0.378251	3.530150	0.002545	1.043025
-8.294606	-0.426843	3.540147	0.002524	1.043023
-8.310327	-0.349476	3.550144	0.002526	1.043115
-8.377771	-0.394671	3.560141	0.002538	1.043022
-8.368175	-0.318389	3.570138	0.002537	1.043126
-7.736244	-0.502594	3.580134	0.002424	1.043213
-7.999481	-0.466085	3.590131	0.002471	1.043125
-8.090419	-0.393529	3.600128	0.002487	1.043172
-8.167881	-0.294358	3.610125	0.002501	1.043261
-8.166425	-0.313588	3.620122	0.002500	1.043237
-7.584244	-0.451498	3.630118	0.002396	1.043358
-7.358881	-0.594402	3.640115	0.002356	1.043290
-8.123436	-0.272436	3.650112	0.002492	1.043313
-7.826348	-0.355003	3.660109	0.002439	1.043359
-7.557201	-0.465732	3.670106	0.002391	1.043354
-7.753659	-0.371695	3.680102	0.002426	1.043375
-7.228927	-0.439837	3.690099	0.002332	1.043558
-7.790521	-0.236111	3.700096	0.002433	1.043532
-7.603242	-0.273766	3.710093	0.002399	1.043580
-7.363217	-0.366750	3.720090	0.002356	1.043583
-6.922134	-0.459826	3.730086	0.002277	1.043690
-7.147237	-0.345151	3.740083	0.002317	1.043723
-7.260284	-0.206248	3.750080	0.002337	1.043845
-6.924585	-0.397426	3.760077	0.002277	1.043770
-7.127762	-0.395238	3.770074	0.002314	1.043669
-6.505669	-0.518135	3.780070	0.002202	1.043830
-7.267936	-0.201968	3.790067	0.002339	1.043847
-6.770589	-0.365345	3.800064	0.002250	1.043892
-6.963673	-0.288704	3.810061	0.002284	1.043892
-6.706476	-0.383628	3.820058	0.002238	1.043902
-6.273238	-0.383461	3.830054	0.002160	1.044125
-6.647191	-0.258341	3.840051	0.002227	1.044095
-6.590734	-0.263121	3.850048	0.002217	1.044118
-6.738086	-0.142600	3.860045	0.002243	1.044198
-6.100731	-0.395853	3.870042	0.002129	1.044199
-6.281354	-0.325621	3.880038	0.002162	1.044197
-6.499541	-0.237784	3.890035	0.002201	1.044198
-5.972867	-0.235298	3.900032	0.002106	1.044473
-6.384988	-0.226371	3.910029	0.002180	1.044272
-5.947351	-0.276395	3.920026	0.002102	1.044433
-5.886958	-0.228851	3.930022	0.002091	1.044526
-5.707489	-0.303894	3.940019	0.002059	1.044521
-6.054117	-0.235689	3.950016	0.002120	1.044431
-5.628404	-0.335680	3.960013	0.002044	1.044521
-5.300334	-0.581423	3.970010	0.001986	1.044372
-6.050633	-0.221817	3.980006	0.002120	1.044451
-5.566827	-0.357427	3.990003	0.002033	1.044525
-5.687347	-0.309118	4.000000	0.002055	1.044526
-5.650009	-0.246291	4.009997	0.002048	1.044626
-5.323802	-0.217969	4.019994	0.001989	1.044831
-5.336538	-0.212305	4.029990	0.001992	1.044832
-5.335105	-0.217235	4.039987	0.001991	1.044827
-5.344237	-0.211857	4.049984	0.001993	1.044829
-5.135872	-0.294893	4.059981	0.001956	1.044829
-5.047608	-0.334674	4.069978	0.001940	1.044823
-5.100024	-0.312013	4.079974	0.001949	1.044826
-5.273496	-0.137905	4.089971	0.001980	1.044962
-4.969044	-0.118464	4.099968	0.001925	1.045144
-4.846520	-0.168130	4.109965	0.001903	1.045143
-4.803457	-0.187931	4.119962	0.001896	1.045139
-4.908132	-0.102344	4.129958	0.001914	1.045196
-4.798149	0.000252	4.139955	0.001895	1.045386
-4.493429	-0.171484	4.149952	0.001840	1.045321
-4.487936	-0.076394	4.159949	0.001839	1.045446
-4.382184	-0.112190	4.169946	0.001820	1.045455
-4.496189	-0.067805	4.179942	0.001840	1.045454
-4.331945	-0.134130	4.189939	0.001811	1.045453
-4.115450	-0.226808	4.199936	0.001772	1.045444
-4.087895	-0.227017	4.209933	0.001767	1.045458
-4.178283	-0.194508	4.219930	0.001783	1.045454
-4.171019	-0.196680	4.229926	0.001782	1.045455
-4.095512	-0.233201	4.239923	0.001768	1.045447
-4.097997	-0.229136	4.249920	0.001769	1.045451
-3.937172	-0.292348	4.259917	0.001740	1.045452
-3.753068	-0.194830	4.269914	0.001707	1.045673
-3.840543	-0.162756	4.279910	0.001723	1.045670
-3.840658	-0.080461	4.289907	0.001722	1.045776
-3.744785	-0.114381	4.299904	0.001705	1.045782
-3.809760	-0.085512	4.309901	0.001717	1.045786
-3.664873	0.018953	4.319898	0.001691	1.045995
-3.687424	0.096526	4.329894	0.001695	1.046084
-3.424534	-0.012313	4.339891	0.001648	1.046079
-3.518337	0.030506	4.349888	0.001664	1.046086
-3.396280	0.175935	4.359885	0.001643	1.046337
-3.313660	0.185299	4.369882	0.001628	1.046392
-3.313469	0.183218	4.379878	0.001628	1.046389
-3.311362	0.180738	4.389875	0.001627	1.046387
-3.050267	0.287192	4.399872	0.001580	1.046659
-3.059800	0.322276	4.409869	0.001582	1.046700
-3.014104	0.305662	4.419866	0.001574	1.046702
-3.033148	0.310203	4.429862	0.001577	1.046698
-2.775928	0.206708	4.439859	0.001531	1.046697
-2.696383	0.213437	4.449856	0.001517	1.046746
-2.749207	0.409859	4.459853	0.001526	1.046973
-2.555481	0.367658	4.469850	0.001491	1.047018
-2.542345	0.362485	4.479846	0.001489	1.047018
-2.387345	0.304080	4.489843	0.001461	1.047023
-2.778453	0.461129	4.499840	0.001531	1.047025
-2.510686	0.516604	4.509837	0.001483	1.047234
-2.347601	0.527856	4.519834	0.001454	1.047332
-2.516078	0.598813	4.529830	0.001484	1.047338
-2.294691	0.507093	4.539827	0.001444	1.047333
-2.178089	0.695955	4.549824	0.001423	1.047637
-2.250683	0.738220	4.559821	0.001436	1.047654
-2.425346	0.873632	4.569818	0.001468	1.047739
-2.157450	0.948628	4.579814	0.001420	1.047974
-2.119469	0.926479	4.589811	0.001413	1.047965
-1.985960	1.129497	4.599808	0.001389	1.048295
-1.825348	1.064138	4.609805	0.001360	1.048293
-1.854905	1.081831	4.619802	0.001365	1.048301
-1.682753	1.059421	4.629798	0.001334	1.048361
-1.451615	1.111430	4.639795	0.001293	1.048546
-1.489214	1.125410	4.649792	0.001300	1.048545
-1.455893	1.114269	4.659789	0.001294	1.048548
-1.220581	1.020043	4.669786	0.001251	1.048547
-1.290048	1.049672	4.679782	0.001264	1.048550
-1.067233	0.964360	4.689779	0.001224	1.048555
-1.178302	1.005930	4.699776	0.001244	1.048551
-1.099370	0.975734	4.709773	0.001229	1.048553
-1.182059	1.007955	4.719770	0.001244	1.048552
-0.966902	0.921019	4.729766	0.001206	1.048551
-1.007179	1.103598	4.739763	0.001213	1.048766
-1.043498	1.192475	4.749760	0.001219	1.048862
-0.965070	1.161511	4.759757	0.001205	1.048862
-0.924710	1.165408	4.769754	0.001198	1.048888
-0.705392	1.300236	4.779750	0.001159	1.049174
-0.800898	1.333185	4.789747	0.001176	1.049168
-0.818001	1.410987	4.799744	0.001179	1.049260
-0.545346	1.485037	4.809741	0.001130	1.049495
-0.483734	1.457485	4.819738	0.001119	1.049491
-0.481914	1.460335	4.829734	0.001118	1.049496
-0.485824	1.516703	4.839731	0.001119	1.049566
-0.480388	1.682899	4.849728	0.001118	1.049783
-0.382740	1.658621	4.859725	0.001100	1.049802
-0.323976	1.727604	4.869722	0.001090	1.049921
-0.184651	1.827538	4.879718	0.001065	1.050121
-0.206538	1.837817	4.889715	0.001069	1.050123
-0.159535	1.952939	4.899712	0.001060	1.050296
-0.004358	1.996921	4.909709	0.001032	1.050432
0.090216	1.962757	4.919706	0.001015	1.050437
0.078477	2.118364	4.929702	0.001017	1.050631
0.000000	2.252139	4.939699	0.001031	1.050763

0.291194	2.144196	4.944704	0.000979	1.050773
0.435044	2.308023	4.949709	0.000953	1.051057
0.550173	2.433958	4.954714	0.000933	1.051278
1.060521	2.465055	4.959718	0.000841	1.051579
1.018282	2.726290	4.964723	0.000849	1.051893
1.257264	3.024624	4.969728	0.000806	1.052398
1.672995	3.175178	4.974733	0.000732	1.052804
1.808923	3.535054	4.979738	0.000707	1.053335
2.223336	3.746939	4.984742	0.000633	1.053818
2.646769	3.999884	4.989747	0.000557	1.054358
3.023467	4.328749	4.994752	0.000490	1.054971
3.464463	4.610437	4.999757	0.000411	1.055557
3.626754	5.048315	5.004762	0.000382	1.056200
4.065711	5.399932	5.009766	0.000303	1.056872
4.492719	5.749315	5.014771	0.000227	1.057536
4.944312	6.123560	5.019776	0.000146	1.058243
5.490927	6.402588	5.024781	0.000048	1.058877
5.770838	6.857576	5.029786	-0.000002	1.059599
6.513152	7.129785	5.034790	-0.000135	1.060322
6.937007	7.480951	5.039795	-0.000211	1.060984
7.196510	7.945027	5.044800	-0.000258	1.061706
7.607219	8.379036	5.049805	-0.000331	1.062466
8.110447	8.756738	5.054810	-0.000421	1.063200
8.709303	9.056698	5.059814	-0.000528	1.063884
9.010629	9.533852	5.064819	-0.000582	1.064641
9.342950	10.015681	5.069824	-0.000642	1.065420
9.750270	10.486025	5.074829	-0.000715	1.066221
10.264600	10.929123	5.079834	-0.000807	1.067042
10.978822	11.290699	5.084838	-0.000935	1.067858
11.530925	11.609220	5.089843	-0.001034	1.068539
11.893270	12.094095	5.094848	-0.001099	1.069333
12.381678	12.487611	5.099853	-0.001186	1.070075
12.583777	13.061538	5.104858	-0.001222	1.070901
13.196315	13.466317	5.109862	-0.001332	1.071718
13.644808	13.924893	5.114867	-0.001412	1.072520
14.203736	14.361728	5.119872	-0.001512	1.073350
14.480143	14.852371	5.124877	-0.001562	1.074105
14.877824	15.371979	5.129882	-0.001633	1.074957
15.372321	15.899311	5.134886	-0.001722	1.075866
15.860815	16.374399	5.139891	-0.001809	1.076706
16.500109	16.815654	5.144896	-0.001924	1.077578
17.021783	17.245692	5.149901	-0.002017	1.078376
17.369537	17.765948	5.154906	-0.002079	1.079200
17.852668	18.267028	5.159910	-0.002166	1.080067
18.107625	18.861745	5.164915	-0.002212	1.080937
18.563980	19.414246	5.169920	-0.002293	1.081854
19.046765	19.958203	5.174925	-0.002380	1.082772
19.441443	20.487873	5.179930	-0.002451	1.083627
19.830314	21.099638	5.184934	-0.002520	1.084582
20.370804	21.642662	5.189939	-0.002617	1.085525
20.715205	22.284009	5.194944	-0.002679	1.086492
21.310411	22.816359	5.199949	-0.002785	1.087447
21.761741	23.384828	5.204954	-0.002866	1.088376
22.109273	24.017639	5.209958	-0.002929	1.089332
22.523882	24.655896	5.214963	-0.003003	1.090326
23.001386	25.279081	5.219968	-0.003088	1.091332
23.408591	25.948115	5.224973	-0.003161	1.092360
23.712630	26.639938	5.229978	-0.003216	1.093364
24.312938	27.237068	5.234982	-0.003323	1.094395
24.915541	27.835873	5.239987	-0.003431	1.095429
25.449693	28.445800	5.244992	-0.003527	1.096441
26.149838	28.979216	5.249997	-0.003652	1.097440
26.417207	29.637577	5.255002	-0.003700	1.098380
26.951734	30.242705	5.260006	-0.003796	1.099384
27.460582	30.853829	5.265011	-0.003887	1.100382
28.065769	31.418765	5.270016	-0.003996	1.101370
28.232784	32.182444	5.275021	-0.004026	1.102387
28.675066	32.808028	5.280026	-0.004105	1.103368
29.102467	33.503391	5.285030	-0.004181	1.104425
29.560002	34.186305	5.290035	-0.004263	1.105482
30.108273	34.836120	5.295040	-0.004362	1.106540
30.217008	35.696987	5.300045	-0.004381	1.107643
30.566996	36.452690	5.305050	-0.004444	1.108733
31.144439	37.178947	5.310054	-0.004547	1.109895
31.784792	37.851930	5.315059	-0.004662	1.111022
32.162461	38.618347	5.320064	-0.004730	1.112135
32.498661	39.400726	5.325069	-0.004790	1.113246
32.814924	40.231178	5.330074	-0.004847	1.114405
33.351133	41.022005	5.335078	-0.004943	1.115620
34.034317	41.703962	5.340083	-0.005065	1.116772
34.532341	42.470939	5.345088	-0.005154	1.117937
34.998229	43.218103	5.350093	-0.005238	1.119062
35.324979	44.052012	5.355098	-0.005296	1.120224
35.755781	44.874291	5.360102	-0.005374	1.121420
36.126558	45.725076	5.365107	-0.005440	1.122620
36.736762	46.459576	5.370112	-0.005549	1.123793
37.092287	47.319990	5.375117	-0.005613	1.124995
37.602840	48.129438	5.380122	-0.005705	1.126209
37.938611	49.043158	5.385126	-0.005765	1.127463
38.351621	49.892214	5.390131	-0.005839	1.128675
38.680816	50.846411	5.395136	-0.005898	1.129971
39.222065	51.703344	5.400141	-0.005995	1.131250
39.672981	52.614917	5.405146	-0.006076	1.132550
40.046312	53.531223	5.410150	-0.006143	1.133818
40.489985	54.468010	5.415155	-0.006222	1.135141
41.044178	55.358405	5.420160	-0.006321	1.136460
41.380256	56.340642	5.425165	-0.006382	1.137784
41.621401	57.380826	5.430170	-0.006425	1.139131
42.054329	58.397874	5.435174	-0.006503	1.140538
42.615891	59.376780	5.440179	-0.006603	1.141959
43.213505	60.286010	5.445184	-0.006710	1.143312
43.690352	61.275091	5.450189	-0.006796	1.144702
44.098060	62.275897	5.455194	-0.006869	1.146071
44.488812	63.321925	5.460198	-0.006939	1.147484
44.873658	64.333854	5.465203	-0.007008	1.148853
45.483904	65.319925	5.470208	-0.007117	1.150294
45.850684	66.369346	5.475213	-0.007183	1.151695
46.368022	67.374541	5.480218	-0.007276	1.153112
46.904248	68.351679	5.485222	-0.007372	1.154503
46.993646	69.550918	5.490227	-0.007388	1.155945
47.346375	70.724382	5.495232	-0.007451	1.157477
47.818461	71.810164	5.500237	-0.007536	1.158960
48.255276	72.956794	5.505242	-0.007614	1.160495
48.964150	73.995250	5.510246	-0.007741	1.162028
49.400257	75.053788	5.515251	-0.007819	1.163456
49.902179	76.162162	5.520256	-0.007909	1.164971
50.263483	77.331985	5.525261	-0.007974	1.166491
50.955014	78.334878	5.530266	-0.008098	1.167966
51.663343	79.334073	5.535270	-0.008225	1.169443
52.213866	80.350104	5.540275	-0.008324	1.170866
52.593865	81.469522	5.545280	-0.008392	1.172328
53.386251	82.343703	5.550285	-0.008534	1.173694
53.856284	83.395790	5.555290	-0.008618	1.175116
54.121910	84.528482	5.560294	-0.008666	1.176536
54.587813	85.589815	5.565299	-0.008749	1.177964
55.073798	86.669246	5.570304	-0.008836	1.179419
55.457702	87.785076	5.575309	-0.008905	1.180869
56.022610	88.846574	5.580314	-0.009006	1.182336
56.483817	89.897800	5.585318	-0.009089	1.183742
56.802740	91.066236	5.590323	-0.009146	1.185217
57.373572	92.166675	5.595328	-0.009248	1.186725
57.739654	93.302474	5.600333	-0.009314	1.188180
58.314116	94.401625	5.605338	-0.009417	1.189685
58.653612	95.593686	5.610342	-0.009478	1.191187
58.915613	96.821975	5.615347	-0.009525	1.192695
59.524572	97.943109	5.620352	-0.009634	1.194234
60.021654	99.096299	5.625357	-0.009723	1.195757
60.617823	100.215801	5.630362	-0.009830	1.197285
61.114168	101.349355	5.635366	-0.009919	1.198782
61.546562	102.536717	5.640371	-0.009997	1.200309
62.092748	103.696440	5.645376	-0.010095	1.201854
62.627326	104.764726	5.650381	-0.010190	1.203289
63.091025	105.931480	5.655386	-0.010273	1.204801
63.702503	107.041937	5.660390	-0.010383	1.206314
64.091977	108.199150	5.665395	-0.010453	1.207779
64.758192	109.289120	5.670400	-0.010572	1.209289
65.210127	110.435077	5.675405	-0.010653	1.210765
65.602579	111.603403	5.680410	-0.010724	1.212238
65.946951	112.797171	5.685414	-0.010785	1.213717
66.329838	114.035338	5.690419	-0.010854	1.215260
66.813288	115.255854	5.695424	-0.010941	1.216825
67.278605	116.448073	5.700429	-0.011024	1.218349
67.744670	117.671894	5.705434	-0.011108	1.219906
68.111580	118.977699	5.710438	-0.011174	1.221509
68.627927	120.147973	5.715443	-0.011266	1.223025
69.148887	121.389317	5.720448	-0.011360	1.224620
69.789590	122.564036	5.725453	-0.011474	1.226190
70.316110	123.729707	5.730458	-0.011569	1.227700
70.847061	124.924952	5.735462	-0.011664	1.229242
71.174899	126.190905	5.740467	-0.011723	1.230772
71.792291	127.365019	5.745472	-0.011833	1.232324
72.271358	128.555033	5.750477	-0.011919	1.233832
72.847420	129.731369	5.755482	-0.012023	1.235365
73.267566	130.970034	5.760486	-0.012098	1.236897
73.753429	132.160794	5.765491	-0.012185	1.238403
74.208645	133.409041	5.770496	-0.012267	1.239956
75.036481	134.485310	5.775501	-0.012415	1.241481
75.643183	135.534523	5.780506	-0.012524	1.242879
76.088733	136.725872	5.785510	-0.012603	1.244361
76.659877	137.838291	5.790515	-0.012706	1.245809
77.221238	138.933343	5.795520	-0.012806	1.247233
78.025944	139.915083	5.800525	-0.012951	1.248636
78.524046	140.984190	5.805530	-0.013040	1.250002
79.000339	142.096469	5.810534	-0.013125	1.251403
79.436777	143.138245	5.815539	-0.013203	1.252710
79.946483	144.232775	5.820544	-0.013295	1.254103
80.343399	145.383106	5.825549	-0.013366	1.255507
80.726192	146.533568	5.830554	-0.013435	1.256904
81.087585	147.725531	5.835558	-0.013500	1.258334
81.544320	148.888757	5.840563	-0.013581	1.259772
81.994726	150.085970	5.845568	-0.013662	1.261243
82.366386	151.267541	5.850573	-0.013729	1.262661
82.951897	152.411546	5.855578	-0.013834	1.264128
83.545499	153.537009	5.860582	-0.013940	1.265576
84.161280	154.644713	5.865587	-0.014050	1.267014
84.619720	155.787057	5.870592	-0.014133	1.268420
85.132157	156.934448	5.875597	-0.014225	1.269853
85.774753	158.024806	5.880602	-0.014340	1.271278
86.370253	159.048060	5.885606	-0.014446	1.272611
86.936736	160.089456	5.890611	-0.014548	1.273949
87.233739	161.295475	5.895616	-0.014601	1.275348
87.597034	162.477880	5.900621	-0.014666	1.276748
88.370922	163.479733	5.905626	-0.014805	1.278127
88.944393	164.540072	5.910630	-0.014908	1.279482
89.483364	165.611877	5.915635	-0.015004	1.280834
89.832682	166.720885	5.920640	-0.015067	1.282145
90.061463	167.930624	5.925645	-0.015108	1.283510
90.503949	169.116982	5.930650	-0.015187	1.284938
91.164345	170.204642	5.935654	-0.015306	1.286351
91.497013	171.386939	5.940659	-0.015365	1.287726
91.780779	172.660174	5.945664	-0.015416	1.289174
92.090871	173.969864	5.950669	-0.015472	1.290670
92.530857	175.202191	5.955674	-0.015551	1.292137
93.047882	176.435719	5.960678	-0.015644	1.293635
93.440850	177.725410	5.965683	-0.015714	1.295138
93.951937	178.999362	5.970688	-0.015806	1.296672
94.306881	180.318849	5.975693	-0.015869	1.298188
94.674390	181.675026	5.980698	-0.015935	1.299745
95.141404	183.033327	5.985702	-0.016019	1.301342
95.746537	184.287845	5.990707	-0.016128	1.302887
96.126066	185.669683	5.995712	-0.016196	1.304469
96.558474	187.017391	6.000717	-0.016273	1.306036
96.969244	188.357720	6.005722	-0.016347	1.307585
97.572694	189.690112	6.010726	-0.016455	1.309201
97.946295	191.087434	6.015731	-0.016522	1.310789
98.613666	192.337132	6.020736	-0.016642	1.312343
99.169965	193.632288	6.025741	-0.016741	1.313896
99.543259	195.021426	6.030746	-0.016808	1.315470
100.041733	196.347580	6.035750	-0.016898	1.317028
100.706961	197.601059	6.040755	-0.017017	1.318576
101.395912	198.832851	6.045760	-0.017140	1.320111
102.254556	199.922261	6.050765	-0.017294	1.321565
102.560581	201.171193	6.055770	-0.017349	1.322961
103.197971	202.374237	6.060774	-0.017463	1.324440
103.747409	203.559494	6.065779	-0.017562	1.325864
104.392769	204.663751	6.070784	-0.017678	1.327242
104.756442	205.910414	6.075789	-0.017743	1.328652
105.456898	207.026147	6.080794	-0.017868	1.330061
105.763968	208.271687	6.085798	-0.017923	1.331444
106.191993	209.482425	6.090803	-0.018000	1.332839
106.620302	210.735175	6.095808	-0.018077	1.334274
106.953747	212.045035	6.100813	-0.018137	1.335728
107.375552	213.319345	6.105818	-0.018212	1.337179
107.874749	214.605744	6.110822	-0.018302	1.338672
108.267297	215.929904	6.115827	-0.018372	1.340158
108.859119	217.182104	6.120832	-0.018478	1.341649
109.423238	218.408560	6.125837	-0.018580	1.343102
109.839927	219.715802	6.130842	-0.018654	1.344576
110.363301	220.993867	6.135846	-0.018748	1.346061
110.727200	222.287905	6.140851	-0.018813	1.347498
111.298355	223.570423	6.145856	-0.018916	1.349003
111.892026	224.820041	6.150861	-0.019022	1.350483
112.382904	226.052159	6.155866	-0.019110	1.351903
112.867818	227.332674	6.160870	-0.019197	1.353367
113.290991	228.649475	6.165875	-0.019273	1.354842
113.660368	230.003725	6.170880	-0.019339	1.356331
114.042742	231.352839	6.175885	-0.019408	1.357819
114.472080	232.722753	6.180890	-0.019485	1.359344
114.954958	234.088323	6.185894	-0.019572	1.360884
115.334029	235.442742	6.190899	-0.019640	1.362370
115.636201	236.936347	6.195904	-0.019694	1.363963
115.840424	238.513012	6.200909	-0.019731	1.365598
116.321166	239.940240	6.205914	-0.019817	1.367191
116.830727	241.445844	6.210918	-0.019908	1.368869
117.297054	242.948395	6.215923	-0.019992	1.370526
117.626073	244.466741	6.220928	-0.020051	1.372144
117.966284	246.082183	6.225933	-0.020112	1.373860
118.496611	247.622736	6.230938	-0.020207	1.375572
118.951193	249.174816	6.235942	-0.020289	1.377265
119.346353	250.778306	6.240947	-0.020360	1.378983
119.924452	252.345896	6.245952	-0.020463	1.380734
120.357166	253.898220	6.250957	-0.020541	1.382412
120.811612	255.507871	6.255962	-0.020622	1.384152
121.265743	257.098733	6.260966	-0.020704	1.385872
121.553088	258.770895	6.265971	-0.020756	1.387605
122.057431	260.417174	6.270976	-0.020846	1.389393
122.387129	262.134158	6.275981	-0.020905	1.391181
122.894636	263.780322	6.280986	-0.020996	1.392966
123.557480	265.380927	6.285990	-0.021115	1.394762
123.684340	267.187323	6.290995	-0.021138	1.396553
124.027078	268.970612	6.296000	-0.021200	1.398401
124.561392	270.707264	6.301005	-0.021296	1.400273
124.970837	272.451204	6.306010	-0.021369	1.402103
125.438196	274.232701	6.311014	-0.021453	1.403988
125.733416	276.085918	6.316019	-0.021506	1.405875
126.161954	277.917110	6.321024	-0.021583	1.407788
126.707941	279.745500	6.326029	-0.021681	1.409739
127.116591	281.573822	6.331034	-0.021754	1.411637
127.708395	283.369076	6.336038	-0.021860	1.413568
128.139227	285.213605	6.341043	-0.021938	1.415484
128.392733	287.160346	6.346048	-0.021983	1.417429
128.826458	289.099972	6.351053	-0.022061	1.419431
129.481123	290.895156	6.356058	-0.022179	1.421375
130.067959	292.717800	6.361062	-0.022284	1.423317
130.304352	294.708932	6.366067	-0.022326	1.425286
130.936121	296.513714	6.371072	-0.022440	1.427223
131.530874	298.380146	6.376077	-0.022546	1.429201
132.136663	300.158488	6.381082	-0.022655	1.431097
132.526450	302.057801	6.386086	-0.022725	1.433026
133.105334	303.885540	6.391091	-0.022829	1.434954
133.410932	305.812378	6.396096	-0.022884	1.436872
134.010807	307.664588	6.401101	-0.022991	1.438825
134.602599	309.477239	6.406106	-0.023097	1.440736
135.196231	311.270037	6.411110	-0.023204	1.442626
135.658805	313.127873	6.416115	-0.023287	1.444526
136.115142	314.958165	6.421120	-0.023369	1.446397
136.463170	316.896821	6.426125	-0.023431	1.448326
137.074210	318.731051	6.431130	-0.023541	1.450251
137.717077	320.495460	6.436134	-0.023656	1.452120
138.137307	322.373108	6.441139	-0.023732	1.454011
138.673429	324.214356	6.446144	-0.023828	1.455907
139.012484	326.138741	6.451149	-0.023889	1.457808
139.613581	327.979335	6.456154	-0.023997	1.459722
140.087345	329.840623	6.461158	-0.024082	1.461607
140.592002	331.722134	6.466163	-0.024172	1.463519
140.935820	333.657451	6.471168	-0.024234	1.465421
141.488820	335.498837	6.476173	-0.024333	1.467309
141.963121	337.411790	6.481178	-0.024418	1.469232
142.488639	339.268266	6.486182	-0.024513	1.471119
142.938841	341.175956	6.491187	-0.024593	1.473023
143.559323	343.017438	6.496192	-0.024705	1.474925
143.845437	344.986883	6.501197	-0.024756	1.476823
144.285560	346.938755	6.506202	-0.024835	1.478756
144.872724	348.819449	6.511206	-0.024940	1.480674
145.437307	350.686762	6.516211	-0.025042	1.482570
145.930205	352.596809	6.521216	-0.025130	1.484477
146.251423	354.566486	6.526221	-0.025188	1.486374
146.683966	356.558041	6.531226	-0.025266	1.488329
147.183382	358.505143	6.536230	-0.025355	1.490264
147.667754	360.443948	6.541235	-0.025442	1.492183
148.142300	362.453978	6.546240	-0.025527	1.494161
148.594990	364.429799	6.551245	-0.025609	1.496098
149.385337	366.274239	6.556250	-0.025750	1.498031
149.968861	368.172214	6.561254	-0.025855	1.499938
150.618090	369.962873	6.566259	-0.025971	1.501770
151.108469	371.850183	6.571264	-0.026059	1.503630
151.614047	373.700012	6.576269	-0.026150	1.505460
152.167433	375.535280	6.581274	-0.026249	1.507292
152.608030	377.451914	6.586278	-0.026328	1.509154
152.992022	379.333310	6.591283	-0.026397	1.510963
153.653197	381.157515	6.596288	-0.026516	1.512815
154.043413	383.086140	6.601293	-0.026586	1.514664
154.372514	385.032359	6.606298	-0.026645	1.516505
154.773038	387.036113	6.611302	-0.026717	1.518420
155.249915	388.969916	6.616307	-0.026803	1.520296
155.683343	390.924061	6.621312	-0.026880	1.522173
156.026799	393.006330	6.626317	-0.026942	1.524131
156.373170	395.054601	6.631322	-0.027004	1.526056
156.935124	397.093976	6.636326	-0.027105	1.528045
157.213920	399.214148	6.641331	-0.027155	1.530006
157.831277	401.217102	6.646336	-0.027266	1.531976
158.142999	403.391933	6.651341	-0.027322	1.533991
158.608900	405.464493	6.656346	-0.027406	1.535966
159.020726	407.642411	6.661350	-0.027480	1.538012
159.371590	409.835945	6.666355	-0.027543	1.540049
159.960705	411.926336	6.671360	-0.027649	1.542073
160.111807	414.253890	6.676365	-0.027676	1.544153
160.441558	416.517364	6.681370	-0.027735	1.546235
160.908900	418.829628	6.686374	-0.027819	1.548403
161.306549	421.104512	6.691379	-0.027891	1.550512
161.778168	423.420867	6.696384	-0.027975	1.552679
162.162276	425.778301	6.701389	-0.028044	1.554849
162.694972	428.074230	6.706394	-0.028140	1.557012
163.176490	430.427437	6.711398	-0.028227	1.559205
163.741263	432.666151	6.716403	-0.028328	1.561323
164.244223	435.003010	6.721408	-0.028418	1.563502
164.490173	437.421777	6.726413	-0.028463	1.565664
164.889032	439.857903	6.731418	-0.028534	1.567888
165.694352	442.103684	6.736422	-0.028679	1.570080
166.240872	444.398441	6.741427	-0.028777	1.572226
166.771443	446.711414	6.746432	-0.028872	1.574378
167.067787	449.120993	6.751437	-0.028925	1.576534
167.528047	451.519326	6.756442	-0.029008	1.578730
168.261833	453.749461	6.761446	-0.029140	1.580870
168.692339	456.099784	6.766451	-0.029217	1.583010
169.281888	458.389438	6.771456	-0.029323	1.585147
169.724104	460.740337	6.776461	-0.029402	1.587285
170.149657	463.096119	6.781466	-0.029479	1.589419
170.778837	465.386645	6.786470	-0.029591	1.591562
171.385911	467.666229	6.791475	-0.029700	1.593684
171.978903	469.906695	6.796480	-0.029807	1.595767
172.342029	472.284598	6.801485	-0.029872	1.597888
172.784495	474.589917	6.806490	-0.029952	1.599970
173.478984	476.811911	6.811494	-0.030076	1.602062
173.947315	479.112392	6.816499	-0.030160	1.604143
174.646889	481.293598	6.821504	-0.030286	1.606196
175.232842	483.501316	6.826509	-0.030391	1.608232
175.651436	485.750285	6.831514	-0.030466	1.610247
176.280280	487.954161	6.836518	-0.030579	1.612288
176.676327	490.220220	6.841523	-0.030650	1.614304
177.060275	492.494367	6.846528	-0.030719	1.616321
177.340348	494.913803	6.851533	-0.030769	1.618423
177.981589	497.150790	6.856538	-0.030884	1.620485
178.421409	499.496339	6.861542	-0.030964	1.622571
178.867686	501.811592	6.866547	-0.031044	1.624630
179.432803	504.083727	6.871552	-0.031145	1.626690
179.792719	506.471977	6.876557	-0.031210	1.628777
180.339071	508.753241	6.881562	-0.031308	1.630833
180.835443	511.115243	6.886566	-0.031397	1.632936
181.359036	513.405458	6.891571	-0.031491	1.634987
181.942794	515.709632	6.896576	-0.031596	1.637065
182.499358	517.989459	6.901581	-0.031696	1.639112
182.999925	520.241346	6.906586	-0.031786	1.641116
183.757240	522.453835	6.911590	-0.031921	1.643165
184.311575	524.626770	6.916595	-0.032021	1.645116
184.915497	526.794324	6.921600	-0.032129	1.647076
185.749432	528.846326	6.926605	-0.032279	1.649011
186.299945	530.890490	6.931610	-0.032377	1.650849
186.830661	533.014444	6.936614	-0.032473	1.652744
187.400877	535.073004	6.941619	-0.032575	1.654595
187.972223	537.114326	6.946624	-0.032677	1.656431
188.510845	539.201151	6.951629	-0.032774	1.658291
188.743071	541.321646	6.956634	-0.032816	1.660082
189.202009	543.485963	6.961638	-0.032898	1.661976
189.714955	545.600483	6.966643	-0.032990	1.663845
190.146784	547.754855	6.971648	-0.033068	1.665718
190.653145	549.927540	6.976653	-0.033159	1.667627
190.922585	552.150896	6.981658	-0.033207	1.669502
191.375248	554.378876	6.986662	-0.033289	1.671435
191.804164	556.624783	6.991667	-0.033366	1.673372
192.239029	558.863677	6.996672	-0.033444	1.675304
192.831179	561.098098	7.001677	-0.033550	1.677278
193.277158	563.332038	7.006682	-0.033630	1.679204
193.986902	565.456574	7.011686	-0.033757	1.681121
194.701866	567.562005	7.016691	-0.033886	1.683022
195.949629	569.301751	7.021696	-0.034109	1.684791
196.833589	571.092723	7.026701	-0.034268	1.686489
197.690615	572.780563	7.031706	-0.034421	1.688095
198.307962	574.466107	7.036710	-0.034532	1.689624
199.057889	576.072242	7.041715	-0.034666	1.691129
199.505306	577.790801	7.046720	-0.034747	1.692630
200.154264	579.422806	7.051725	-0.034863	1.694122
200.596474	581.081420	7.056730	-0.034942	1.695572
201.121529	582.763256	7.061734	-0.035036	1.697063
201.583495	584.438895	7.066739	-0.035119	1.698529
201.968416	586.141400	7.071744	-0.035188	1.699992
202.600375	587.771925	7.076749	-0.035302	1.701472
202.933501	589.518614	7.081754	-0.035362	1.702951
203.325996	591.248298	7.086758	-0.035432	1.704434
203.689767	593.055777	7.091763	-0.035497	1.705968
204.248441	594.794958	7.096768	-0.035598	1.707506
204.873119	596.466155	7.101773	-0.035710	1.709008
205.172164	598.268871	7.106778	-0.035763	1.710515
205.787052	600.000747	7.111782	-0.035874	1.712059
206.462431	601.652121	7.116787	-0.035995	1.713557
207.071791	603.257265	7.121792	-0.036104	1.714997
207.725529	604.876818	7.126797	-0.036221	1.716461
208.011867	606.604346	7.131802	-0.036273	1.717899
208.282641	608.343156	7.136806	-0.036321	1.719339
208.829722	610.050141	7.141811	-0.036419	1.720836
209.286698	611.804531	7.146816	-0.036501	1.722341
209.759176	613.556356	7.151821	-0.036586	1.723848
210.240105	615.271231	7.156826	-0.036672	1.725327
210.662416	617.078067	7.161830	-0.036748	1.726859
211.158300	618.852087	7.166835	-0.036837	1.728386
211.586087	620.607369	7.171840	-0.036914	1.729876
212.263926	622.307489	7.176845	-0.037035	1.731397
212.767529	624.058319	7.181850	-0.037126	1.732904
213.225530	625.788936	7.186854	-0.037208	1.734380
213.859500	627.468055	7.191859	-0.037322	1.735867
214.249071	629.227421	7.196864	-0.037392	1.737343
215.010011	630.837854	7.201869	-0.037528	1.738812
215.553222	632.446361	7.206874	-0.037625	1.740214
216.035386	634.130147	7.211878	-0.037712	1.741655
216.625495	635.775943	7.216883	-0.037818	1.743098
217.093586	637.348089	7.221888	-0.037902	1.744446
217.648395	639.018906	7.226893	-0.038001	1.745895
218.144725	640.622603	7.231898	-0.038090	1.747274
218.593330	642.300320	7.236902	-0.038171	1.748694
219.126495	643.866768	7.241907	-0.038266	1.750053
219.623227	645.538401	7.246912	-0.038355	1.751481
220.088398	647.192212	7.251917	-0.038439	1.752885
220.612439	648.783822	7.256922	-0.038533	1.754256
221.199483	650.387449	7.261926	-0.038638	1.755655
221.303480	652.211958	7.266931	-0.038657	1.757081
221.780706	653.900511	7.271936	-0.038743	1.758510
222.171412	655.635301	7.276941	-0.038813	1.759948
222.745354	657.356415	7.281946	-0.038916	1.761428
223.005282	659.224081	7.286950	-0.038962	1.762927
223.574220	660.926279	7.291955	-0.039065	1.764388
223.939369	662.772408	7.296960	-0.039130	1.765898
224.366758	664.627485	7.301965	-0.039207	1.767432
224.825522	666.417795	7.306970	-0.039289	1.768925
225.174419	668.323025	7.311974	-0.039352	1.770472
225.634203	670.214004	7.316979	-0.039434	1.772038
226.140698	672.078034	7.321984	-0.039525	1.773596
226.635462	673.972500	7.326989	-0.039614	1.775172
226.960292	675.942717	7.331994	-0.039672	1.776756
227.493547	677.868771	7.336998	-0.039768	1.778364
227.954871	679.779365	7.342003	-0.039851	1.779939
228.221300	681.824006	7.347008	-0.039899	1.781557
228.648347	683.837808	7.352013	-0.039976	1.783197
229.263814	685.755807	7.357018	-0.040086	1.784817
229.748272	687.745947	7.362022	-0.040173	1.786452
230.146154	689.765273	7.367027	-0.040244	1.788083
230.527000	691.777469	7.372032	-0.040313	1.789702
231.059504	693.821314	7.377037	-0.040408	1.791387
231.638540	695.783474	7.382042	-0.040512	1.793021
232.125818	697.775706	7.387046	-0.040600	1.794651
232.678131	699.780454	7.392051	-0.040699	1.796307
233.089349	701.815145	7.397056	-0.040773	1.797944
233.727174	703.693037	7.402061	-0.040887	1.799527
234.270946	705.629752	7.407066	-0.040985	1.801125
234.758241	707.617422	7.412070	-0.041072	1.802744
235.071580	709.644083	7.417075	-0.041128	1.804342
235.563802	711.683609	7.422080	-0.041217	1.805997
236.073074	713.709339	7.427085	-0.041308	1.807646
236.624678	715.635791	7.432090	-0.041407	1.809232
237.232609	717.606679	7.437094	-0.041516	1.810865
237.842885	719.539972	7.442099	-0.041626	1.812469
238.387165	721.412236	7.447104	-0.041723	1.814008
238.938926	723.347648	7.452109	-0.041822	1.815594
239.570099	725.185328	7.457114	-0.041935	1.817129
240.274276	726.926258	7.462118	-0.042062	1.818612
240.911067	728.684373	7.467123	-0.042176	1.820087
241.765406	730.296267	7.472128	-0.042329	1.821513
242.681200	731.792712	7.477133	-0.042493	1.822871
243.499763	733.175029	7.482138	-0.042640	1.824116
244.583843	734.397132	7.487142	-0.042834	1.825316
245.624805	735.479959	7.492147	-0.043020	1.826401
246.641520	736.417583	7.497152	-0.043202	1.827372
247.653668	737.179798	7.502157	-0.043383	1.828213
248.374523	737.959045	7.507162	-0.043512	1.828984
249.029668	738.737800	7.512166	-0.043630	1.829737
249.682206	739.463089	7.517171	-0.043747	1.830450
250.508279	740.048877	7.522176	-0.043895	1.831108
251.139005	740.695221	7.527181	-0.044007	1.831756
251.597131	741.351125	7.532186	-0.044090	1.832363
252.317409	741.902580	7.537190	-0.044219	1.832966
252.923480	742.363911	7.542195	-0.044327	1.833471
253.233455	743.003968	7.547200	-0.044383	1.834025
253.621554	743.670720	7.552205	-0.044452	1.834620
253.907325	744.416419	7.557210	-0.044503	1.835245
254.216159	745.206672	7.562214	-0.044559	1.835908
254.557461	746.004043	7.567219	-0.044620	1.836585
254.970103	746.822970	7.572224	-0.044694	1.837297
255.361433	747.666563	7.577229	-0.044764	1.838021
255.706398	748.489542	7.582234	-0.044826	1.838717
256.056676	749.434742	7.587238	-0.044889	1.839503
256.454578	750.393945	7.592243	-0.044960	1.840312
256.793548	751.406248	7.597248	-0.045021	1.841144
256.948661	752.541422	7.602253	-0.045049	1.842014
257.416469	753.583030	7.607258	-0.045133	1.842901
257.612219	754.780833	7.612262	-0.045168	1.843827
257.747009	756.124509	7.617267	-0.045192	1.844842
258.193841	757.372991	7.622272	-0.045272	1.845873
258.547942	758.739236	7.627277	-0.045336	1.846963
258.673544	760.159704	7.632282	-0.045359	1.848029
259.092324	761.557599	7.637286	-0.045434	1.849159
259.423601	763.083211	7.642291	-0.045493	1.850357
259.807540	764.591186	7.647296	-0.045562	1.851555
260.035350	766.224055	7.652301	-0.045603	1.852800
260.323824	767.859649	7.657306	-0.045655	1.854064
260.704884	769.546439	7.662310	-0.045723	1.855388
260.910884	771.369918	7.667315	-0.045760	1.856763
261.411105	773.043379	7.672320	-0.045850	1.858108
261.711714	774.871331	7.677325	-0.045904	1.859510
262.059688	776.694013	7.682330	-0.045967	1.860919
262.499515	778.562315	7.687334	-0.046046	1.862386
262.888294	780.402021	7.692339	-0.046115	1.863816
263.240336	782.333019	7.697344	-0.046179	1.865302
263.703552	784.287335	7.702349	-0.046262	1.866832
264.125722	786.179116	7.707354	-0.046338	1.868306
264.589001	788.120403	7.712358	-0.046421	1.869825
264.991410	790.119396	7.717363	-0.046493	1.871368
265.406992	792.113300	7.722368	-0.046568	1.872909
265.726609	794.209355	7.727373	-0.046625	1.874497
266.214961	796.245961	7.732378	-0.046713	1.876085
266.835274	798.211836	7.737382	-0.046824	1.877658
267.350556	800.143619	7.742387	-0.046917	1.879176
267.695317	802.232144	7.747392	-0.046979	1.880759
268.066226	804.360061	7.752397	-0.047045	1.882376
268.579104	806.375588	7.757402	-0.047137	1.883950
269.307301	808.352637	7.762406	-0.047268	1.885552
269.763768	810.404578	7.767411	-0.047350	1.887134
270.227979	812.378857	7.772416	-0.047433	1.888661
270.773342	814.417296	7.777421	-0.047531	1.890254
271.316518	816.426158	7.782426	-0.047628	1.891824
271.833607	818.385242	7.787430	-0.047721	1.893350
272.436633	820.353602	7.792435	-0.047829	1.894905
272.929171	822.329474	7.797440	-0.047918	1.896434
273.595726	824.180592	7.802445	-0.048037	1.897920
274.033930	826.108992	7.807450	-0.048116	1.899399
274.672625	827.990538	7.812454	-0.048230	1.900897
275.300757	829.850113	7.817459	-0.048343	1.902375
275.767819	831.684407	7.822464	-0.048427	1.903791
276.288272	833.551907	7.827469	-0.048520	1.905244
276.914728	835.390684	7.832474	-0.048633	1.906704
277.567978	837.044381	7.837478	-0.048750	1.908039
278.350011	838.730155	7.842483	-0.048890	1.909430
279.070008	840.307042	7.847488	-0.049019	1.910727
279.781386	841.887806	7.852493	-0.049146	1.912023
280.501661	843.300940	7.857498	-0.049276	1.913203
281.286869	844.695348	7.862502	-0.049416	1.914387
281.863507	846.109338	7.867507	-0.049520	1.915529
282.638842	847.392304	7.872512	-0.049658	1.916630
283.334809	848.592101	7.877517	-0.049783	1.917651
283.869148	849.824786	7.882522	-0.049879	1.918653
284.433373	851.054236	7.887526	-0.049980	1.919660
285.069375	852.226147	7.892531	-0.050094	1.920645
285.619573	853.434689	7.897536	-0.050193	1.921633
286.290975	854.515038	7.902541	-0.050313	1.922562
286.659442	855.690225	7.907546	-0.050379	1.923477
287.172298	856.881994	7.912550	-0.050471	1.924442
287.639899	858.064061	7.917555	-0.050555	1.925388
288.436740	859.082386	7.922560	-0.050698	1.926304
288.769228	860.279741	7.927565	-0.050757	1.927224
289.090822	861.420560	7.932570	-0.050815	1.928102
289.434371	862.708003	7.937574	-0.050877	1.929086
289.853343	863.987576	7.942579	-0.050952	1.930085
290.288214	865.263335	7.947584	-0.051030	1.931084
290.668431	866.597373	7.952589	-0.051098	1.932109
290.988211	867.953881	7.957594	-0.051155	1.933133
291.573100	869.265153	7.962598	-0.051260	1.934194
291.876872	870.664646	7.967603	-0.051315	1.935243
292.156050	872.181881	7.972608	-0.051365	1.936366
292.785144	873.483617	7.977613	-0.051478	1.937430
293.019654	874.932317	7.982618	-0.051520	1.938494
293.511869	876.435648	7.987622	-0.051608	1.939660
293.890093	877.968095	7.992627	-0.051676	1.940817
294.246508	879.533436	7.997632	-0.051740	1.941990
294.831514	880.989945	8.002637	-0.051845	1.943147
294.999819	882.677092	8.007642	-0.051875	1.944354
295.618560	884.240447	8.012646	-0.051986	1.945591
296.014056	885.870538	8.017651	-0.052057	1.946816
296.254995	887.522428	8.022656	-0.052100	1.948016
296.633692	889.273822	8.027661	-0.052168	1.949318
297.030894	891.038695	8.032666	-0.052240	1.950634
297.300021	892.890556	8.037670	-0.052288	1.951975
297.759460	894.670164	8.042675	-0.052371	1.953315
298.189471	896.540388	8.047680	-0.052448	1.954709
298.573281	898.426804	8.052685	-0.052517	1.956101
299.027008	900.264972	8.057690	-0.052598	1.957476
299.340216	902.207078	8.062694	-0.052654	1.958886
299.768648	904.190414	8.067699	-0.052731	1.960352
300.242155	906.127335	8.072704	-0.052816	1.961797
300.812692	907.999816	8.077709	-0.052919	1.963222
300.980731	910.104371	8.082714	-0.052949	1.964702
301.400613	912.187838	8.087718	-0.053025	1.966230
301.757317	914.236349	8.092723	-0.053089	1.967717
302.295942	916.319757	8.097728	-0.053185	1.969272
302.763581	918.421334	8.102733	-0.053269	1.970821
303.068107	920.573689	8.107738	-0.053324	1.972362
303.402556	922.787504	8.112742	-0.053384	1.973951
303.879513	925.015130	8.117747	-0.053470	1.975584
304.450122	927.135880	8.122752	-0.053572	1.977167
304.880404	929.318768	8.127757	-0.053649	1.978755
305.472643	931.465554	8.132762	-0.053756	1.980358
305.756585	933.733228	8.137766	-0.053807	1.981964
306.108793	936.011224	8.142771	-0.053870	1.983593
306.819216	938.178104	8.147776	-0.053998	1.985235
307.401387	940.335014	8.152781	-0.054102	1.986837
308.023840	942.399778	8.157786	-0.054214	1.988386
308.451578	944.594047	8.162790	-0.054290	1.989972
308.966019	946.753895	8.167795	-0.054383	1.991555
309.392510	948.900266	8.172800	-0.054459	1.993106
309.968100	951.070741	8.177805	-0.054563	1.994709
310.298513	953.323450	8.182810	-0.054622	1.996305
310.804631	955.454779	8.187814	-0.054713	1.997862
311.273528	957.705845	8.192819	-0.054797	1.999488
311.803070	959.910594	8.197824	-0.054892	2.001097
312.195501	962.102867	8.202829	-0.054963	2.002663
312.506150	964.428147	8.207834	-0.055019	2.004296
313.149676	966.692136	8.212838	-0.055134	2.005969
313.654336	968.879760	8.217843	-0.055225	2.007555
314.198711	971.084090	8.222848	-0.055322	2.009161
314.457550	973.455875	8.227853	-0.055369	2.010807
315.258512	975.559356	8.232858	-0.055513	2.012406
316.124796	977.634559	8.237862	-0.055668	2.014002
317.373284	979.371465	8.242867	-0.055891	2.015465
318.251797	981.036121	8.247872	-0.056049	2.016788
318.992983	982.647231	8.252877	-0.056182	2.018041
319.583395	984.288329	8.257882	-0.056288	2.019275
320.344916	985.829424	8.262886	-0.056424	2.020485
321.095035	987.298431	8.267891	-0.056558	2.021643
321.924395	988.563676	8.272896	-0.056707	2.022685
322.625130	989.924516	8.277901	-0.056833	2.023758
322.967834	991.329773	8.282906	-0.056894	2.024773
323.595430	992.668461	8.287910	-0.057007	2.025812
324.195759	993.969454	8.292915	-0.057114	2.026820
324.790495	995.198915	8.297920	-0.057221	2.027778
325.290431	996.500543	8.302925	-0.057310	2.028760
325.756924	997.785974	8.307930	-0.057394	2.029723
326.361871	999.072286	8.312934	-0.057503	2.030719
326.932761	1000.285117	8.317939	-0.057605	2.031659
327.304318	1001.525191	8.322944	-0.057671	2.032567
327.858405	1002.786581	8.327949	-0.057771	2.033534
328.220236	1004.093433	8.332954	-0.057836	2.034483
328.339316	1005.600920	8.337958	-0.057857	2.035504
328.731561	1007.044827	8.342963	-0.057928	2.036550
329.235220	1008.404519	8.347968	-0.058018	2.037567
329.588490	1009.983717	8.352973	-0.058081	2.038691
330.112364	1011.403939	8.357978	-0.058175	2.039751
330.494246	1012.968053	8.362982	-0.058244	2.040871
330.888672	1014.452382	8.367987	-0.058315	2.041941
331.126378	1016.087082	8.372992	-0.058357	2.043071
331.344813	1017.868713	8.377997	-0.058397	2.044292
331.771263	1019.605452	8.383002	-0.058473	2.045533
332.051436	1021.376611	8.388006	-0.058524	2.046761
332.252976	1023.299379	8.393011	-0.058560	2.048068
332.615847	1025.224335	8.398016	-0.058625	2.049414
332.958429	1027.231277	8.403021	-0.058687	2.050809
333.208600	1029.249159	8.408026	-0.058732	2.052187
333.649884	1031.333915	8.413030	-0.058811	2.053654
334.034921	1033.416642	8.418035	-0.058880	2.055105
334.341919	1035.543166	8.423040	-0.058935	2.056564
334.761693	1037.703844	8.428045	-0.059011	2.058072
335.108227	1039.947009	8.433050	-0.059073	2.059615
335.443096	1042.221505	8.438054	-0.059133	2.061174
335.974806	1044.405878	8.443059	-0.059229	2.062721
336.318007	1046.736332	8.448064	-0.059291	2.064316
336.605833	1049.141836	8.453069	-0.059342	2.065946
336.918282	1051.506565	8.458074	-0.059399	2.067553
337.356705	1053.940203	8.463078	-0.059477	2.069234
337.878939	1056.378459	8.468083	-0.059571	2.070937
338.481156	1058.683738	8.473088	-0.059679	2.072571
338.900858	1061.141624	8.478093	-0.059755	2.074258
339.198161	1063.640427	8.483098	-0.059808	2.075942
339.832518	1065.954717	8.488102	-0.059922	2.077586
340.278294	1068.439547	8.493107	-0.060002	2.079293
340.714408	1070.900097	8.498112	-0.060080	2.080981
341.299768	1073.292193	8.503117	-0.060185	2.082659
341.727235	1075.757614	8.508122	-0.060262	2.084345
342.132961	1078.276716	8.513126	-0.060335	2.086059
342.657462	1080.710878	8.518131	-0.060429	2.087745
343.319060	1083.098820	8.523136	-0.060548	2.089433
343.780936	1085.565495	8.528141	-0.060631	2.091122
344.208975	1087.992400	8.533146	-0.060708	2.092777
344.904924	1090.386751	8.538150	-0.060833	2.094472
345.478066	1092.783715	8.543155	-0.060936	2.096139
346.045105	1095.095833	8.548160	-0.061037	2.097749
346.663117	1097.388318	8.553165	-0.061148	2.099357
347.090268	1099.721492	8.558170	-0.061225	2.100945
347.509503	1102.066613	8.563175	-0.061300	2.102537
348.225090	1104.333685	8.568179	-0.061429	2.104148
348.711568	1106.633048	8.573184	-0.061516	2.105725
349.475209	1108.728330	8.578189	-0.061653	2.107235
349.923275	1110.980166	8.583194	-0.061733	2.108770
350.481491	1113.198610	8.588199	-0.061834	2.110309
350.979061	1115.349055	8.593203	-0.061923	2.111789
351.494059	1117.568704	8.598208	-0.062015	2.113315
352.214361	1119.684381	8.603213	-0.062145	2.114823
352.783372	1121.711467	8.608218	-0.062247	2.116238
353.284991	1123.803054	8.613223	-0.062337	2.117677
353.687030	1125.979146	8.618227	-0.062409	2.119146
354.645107	1127.875219	8.623232	-0.062581	2.120566
355.172492	1129.811827	8.628237	-0.062675	2.121910
355.614363	1131.837572	8.633242	-0.062755	2.123290
356.272817	1133.732530	8.638247	-0.062873	2.124637
356.729738	1135.720494	8.643251	-0.062955	2.125995
357.185119	1137.648449	8.648256	-0.063036	2.127314
357.729147	1139.608357	8.653261	-0.063134	2.128672
358.316869	1141.548012	8.658266	-0.063239	2.130027
358.786933	1143.457583	8.663271	-0.063324	2.131335
359.340549	1145.353349	8.668275	-0.063423	2.132653
359.594332	1147.390179	8.673280	-0.063469	2.133990
360.082918	1149.443374	8.678285	-0.063556	2.135390
360.617951	1151.320684	8.683290	-0.063652	2.136689
361.005623	1153.378039	8.688295	-0.063722	2.138067
361.569895	1155.359364	8.693299	-0.063823	2.139436
361.935655	1157.362501	8.698304	-0.063889	2.140773
362.313283	1159.474067	8.703309	-0.063957	2.142179
362.565843	1161.661316	8.708314	-0.064002	2.143604
363.000289	1163.855477	8.713319	-0.064080	2.145073
363.473504	1165.977334	8.718323	-0.064165	2.146504
363.881134	1168.190330	8.723328	-0.064239	2.147977
364.398766	1170.387407	8.728333	-0.064332	2.149464
364.625557	1172.696581	8.733338	-0.064372	2.150953
364.997951	1175.039401	8.738343	-0.064439	2.152495
365.396567	1177.431744	8.743347	-0.064511	2.154073
365.765581	1179.812161	8.748352	-0.064577	2.155636
366.388228	1182.067005	8.753357	-0.064689	2.157177
366.619353	1184.573162	8.758362	-0.064731	2.158784
366.944003	1187.112182	8.763367	-0.064789	2.160431
367.393036	1189.580464	8.768371	-0.064870	2.162061
367.845287	1192.123796	8.773376	-0.064951	2.163738
368.306212	1194.663098	8.778381	-0.065034	2.165412
368.556371	1197.282081	8.783386	-0.065079	2.167087
368.963748	1199.934962	8.788391	-0.065152	2.168816
369.520644	1202.559999	8.793395	-0.065252	2.170561
369.715289	1205.296452	8.798400	-0.065288	2.172292
370.309984	1207.986170	8.803405	-0.065394	2.174082
370.676694	1210.736965	8.808410	-0.065460	2.175857
371.112357	1213.450862	8.813415	-0.065539	2.177624
371.898500	1216.042727	8.818419	-0.065680	2.179392
372.289955	1218.732748	8.823424	-0.065750	2.181131
372.798844	1221.423119	8.828429	-0.065841	2.182895
373.020316	1224.240747	8.833434	-0.065881	2.184671
373.382178	1227.022747	8.838439	-0.065947	2.186456
373.772281	1229.930646	8.843443	-0.066017	2.188322
374.202108	1232.802510	8.848448	-0.066094	2.190173
374.783762	1235.621345	8.853453	-0.066198	2.192024
375.289215	1238.467173	8.858458	-0.066289	2.193873
375.777325	1241.278138	8.863463	-0.066377	2.195696
376.195587	1244.155968	8.868467	-0.066452	2.197542
376.847973	1246.967863	8.873472	-0.066569	2.199398
377.217164	1249.796093	8.878477	-0.066636	2.201199
377.579805	1252.751231	8.883482	-0.066701	2.203075
377.936570	1255.725331	8.888487	-0.066765	2.204960
378.525519	1258.600193	8.893491	-0.066871	2.206834
378.991121	1261.546958	8.898496	-0.066955	2.208723
379.495803	1264.482299	8.903501	-0.067045	2.210611
379.839656	1267.477886	8.908506	-0.067107	2.212499
380.219979	1270.568105	8.913511	-0.067176	2.214451
380.916052	1273.408560	8.918515	-0.067301	2.216319
381.525595	1276.310492	8.923520	-0.067410	2.218204
382.156406	1279.170959	8.928525	-0.067523	2.220067
382.496514	1282.102795	8.933530	-0.067585	2.221908
382.909677	1285.098457	8.938535	-0.067659	2.223801
383.582509	1287.954624	8.943539	-0.067780	2.225665
383.881498	1290.928453	8.948544	-0.067834	2.227518
384.442930	1293.889042	8.953549	-0.067934	2.229418
384.919892	1296.810337	8.958554	-0.068020	2.231274
385.229356	1299.894346	8.963559	-0.068076	2.233190
385.760037	1302.886858	8.968563	-0.068171	2.235097
386.287226	1305.804623	8.973568	-0.068266	2.236957
386.759188	1308.858362	8.978573	-0.068351	2.238885
387.221374	1311.854439	8.983578	-0.068434	2.240774
387.748680	1314.877102	8.988583	-0.068529	2.242692
388.358225	1317.853531	8.993587	-0.068638	2.244598
388.975866	1320.677841	8.998592	-0.068749	2.246414
389.545306	1323.610499	9.003597	-0.068851	2.248283
390.061198	1326.500855	9.008602	-0.068944	2.250113
390.349248	1329.521431	9.013607	-0.068996	2.251970
390.964586	1332.441857	9.018611	-0.069106	2.253836
391.553446	1335.325840	9.023616	-0.069212	2.255673
392.164687	1338.177241	9.028621	-0.069322	2.257494
392.545934	1341.116473	9.033626	-0.069391	2.259317
393.139196	1343.905084	9.038631	-0.069497	2.261094
393.806716	1346.715075	9.043635	-0.069617	2.262898
394.559560	1349.432922	9.048640	-0.069752	2.264665
395.108077	1352.069702	9.053645	-0.069850	2.266339
395.852013	1354.698379	9.058650	-0.069984	2.268048
396.257810	1357.348821	9.063655	-0.070057	2.269697
396.674722	1360.053013	9.068659	-0.070132	2.271378
397.224313	1362.713234	9.073664	-0.070230	2.273061
397.629814	1365.435976	9.078669	-0.070303	2.274749
398.055821	1368.117404	9.083674	-0.070380	2.276415
398.381121	1370.937138	9.088679	-0.070439	2.278140
398.793912	1373.800856	9.093683	-0.070513	2.279908
399.327517	1376.551127	9.098688	-0.070609	2.281633
400.047739	1379.247301	9.103693	-0.070738	2.283365
400.386972	1382.026436	9.108698	-0.070799	2.285064
400.815124	1384.798789	9.113703	-0.070876	2.286776
401.333384	1387.657485	9.118707	-0.070969	2.288557
401.799818	1390.428449	9.123712	-0.071053	2.290273
402.377192	1393.206265	9.128717	-0.071157	2.292016
402.915567	1395.995885	9.133722	-0.071253	2.293756
403.200993	1398.792348	9.138727	-0.071305	2.295446
403.595734	1401.696817	9.143731	-0.071376	2.297220
403.958762	1404.643516	9.148736	-0.071441	2.299011
404.483966	1407.475436	9.153741	-0.071535	2.300767
405.138946	1410.320726	9.158746	-0.071653	2.302557
405.596232	1413.228079	9.163751	-0.071735	2.304341
405.964395	1416.084494	9.168755	-0.071801	2.306074
406.552851	1418.961256	9.173760	-0.071907	2.307864
407.106257	1421.857914	9.178765	-0.072006	2.309657
407.503479	1424.722884	9.183770	-0.072078	2.311398
407.932630	1427.665958	9.188775	-0.072155	2.313189
408.656451	1430.440079	9.193779	-0.072285	2.314942
409.023941	1433.322237	9.198784	-0.072351	2.316682
409.471824	1436.264009	9.203789	-0.072432	2.318472
410.023269	1439.079383	9.208794	-0.072531	2.320209
410.100544	1442.192460	9.213799	-0.072545	2.322019
410.609643	1445.245270	9.218803	-0.072636	2.323881
410.883732	1448.305771	9.223808	-0.072686	2.325698
411.371908	1451.450396	9.228813	-0.072774	2.327606
411.853043	1454.565803	9.233818	-0.072860	2.329494
412.261913	1457.694805	9.238823	-0.072934	2.331373
412.870335	1460.835320	9.243827	-0.073043	2.333298
413.146480	1463.996498	9.248832	-0.073093	2.335166
413.610514	1467.197199	9.253837	-0.073176	2.337092
414.184172	1470.375554	9.258842	-0.073279	2.339027
414.569598	1473.538436	9.263847	-0.073349	2.340913
415.154703	1476.722790	9.268851	-0.073454	2.342851
415.533395	1479.923450	9.273856	-0.073522	2.344754
416.001487	1483.130893	9.278861	-0.073606	2.346677
416.500463	1486.388576	9.283866	-0.073696	2.348634
417.053688	1489.543155	9.288871	-0.073795	2.350541
417.753533	1492.681535	9.293875	-0.073921	2.352468
418.262231	1495.800470	9.298880	-0.074012	2.354342
418.882576	1498.851268	9.303885	-0.074124	2.356200
419.468538	1501.902674	9.308890	-0.074229	2.358049
420.071394	1504.853180	9.313895	-0.074337	2.359843
420.516641	1507.937841	9.318899	-0.074417	2.361679
421.113450	1510.956816	9.323904	-0.074524	2.363508
421.595004	1513.902568	9.328909	-0.074611	2.365271
422.069533	1516.949953	9.333914	-0.074696	2.367088
422.592677	1519.998089	9.338919	-0.074790	2.368914
423.316975	1522.870712	9.343923	-0.074920	2.370679
423.895847	1525.767277	9.348928	-0.075024	2.372428
424.273569	1528.756552	9.353933	-0.075092	2.374188
424.875576	1531.594718	9.358938	-0.075200	2.375905
425.424892	1534.491660	9.363943	-0.075299	2.377645
426.111604	1537.305203	9.368947	-0.075422	2.379363
426.515062	1540.142384	9.373952	-0.075495	2.381037
427.130357	1542.967741	9.378957	-0.075605	2.382745
427.530531	1545.822991	9.383962	-0.075677	2.384426
428.050083	1548.626632	9.388967	-0.075771	2.386100
428.835814	1551.377342	9.393971	-0.075912	2.387797
429.341722	1554.081112	9.398976	-0.076002	2.389410
429.924877	1556.779338	9.403981	-0.076107	2.391035
430.290590	1559.552242	9.408986	-0.076173	2.392657
430.806396	1562.255232	9.413991	-0.076266	2.394268
431.178684	1565.060069	9.418995	-0.076333	2.395907
431.583377	1567.887131	9.424000	-0.076405	2.397564
431.972697	1570.783681	9.429005	-0.076475	2.399255
432.327118	1573.678525	9.434010	-0.076539	2.400937
432.872153	1576.614403	9.439015	-0.076637	2.402678
433.273685	1579.516660	9.444019	-0.076709	2.404371
433.744606	1582.460076	9.449024	-0.076794	2.406099
434.025698	1585.526687	9.454029	-0.076845	2.407857
434.333357	1588.618060	9.459034	-0.076900	2.409633
434.648288	1591.799120	9.464039	-0.076957	2.411458
435.140176	1595.016277	9.469043	-0.077045	2.413337
435.534477	1598.197873	9.474048	-0.077116	2.415175
436.035707	1601.390291	9.479053	-0.077206	2.417039
436.366289	1604.648799	9.484058	-0.077266	2.418905
436.713160	1607.929661	9.489063	-0.077329	2.420784
437.068178	1611.373355	9.494067	-0.077393	2.422754
437.630356	1614.593646	9.499072	-0.077494	2.424639
437.937229	1618.028981	9.504077	-0.077549	2.426591
438.364010	1621.473985	9.509082	-0.077626	2.428571
438.771038	1624.937485	9.514087	-0.077699	2.430555
439.029150	1628.541493	9.519091	-0.077746	2.432585
439.513001	1631.984000	9.524096	-0.077833	2.434569
439.872339	1635.606361	9.529101	-0.077897	2.436626
440.288535	1639.254650	9.534106	-0.077972	2.438707
440.700805	1642.902508	9.539111	-0.078047	2.440784
441.156064	1646.602744	9.544115	-0.078129	2.442897
441.580315	1650.235352	9.549120	-0.078205	2.444965
441.883808	1654.058693	9.554125	-0.078260	2.447112
442.402524	1657.822958	9.559130	-0.078353	2.449266
442.921893	1661.588852	9.564135	-0.078446	2.451419
443.451983	1665.348529	9.569139	-0.078542	2.453569
444.047408	1668.982070	9.574144	-0.078649	2.455661
444.571802	1672.697668	9.579149	-0.078743	2.457782
445.010734	1676.390443	9.584154	-0.078822	2.459873
445.623021	1680.046087	9.589159	-0.078932	2.461974
446.214454	1683.694921	9.594163	-0.079039	2.464066
446.780187	1687.288745	9.599168	-0.079140	2.466122
447.205446	1690.960245	9.604173	-0.079217	2.468191
447.707059	1694.619780	9.609178	-0.079307	2.470266
448.370353	1698.207705	9.614183	-0.079426	2.472332
448.945128	1701.698166	9.619187	-0.079529	2.474326
449.442326	1705.275630	9.624192	-0.079619	2.476351
449.970520	1708.822222	9.629197	-0.079714	2.478363
450.320037	1712.413415	9.634202	-0.079777	2.480364
450.995123	1715.982059	9.639207	-0.079898	2.482413
451.535829	1719.454443	9.644211	-0.079995	2.484383
452.022650	1723.016399	9.649216	-0.080083	2.486389
452.437568	1726.581918	9.654221	-0.080158	2.488382
452.942035	1730.175309	9.659226	-0.080248	2.490405
453.505803	1733.731595	9.664231	-0.080350	2.492418
454.320743	1737.056236	9.669235	-0.080496	2.494352
454.752002	1740.532022	9.674240	-0.080574	2.496293
455.271054	1743.972127	9.679245	-0.080667	2.498230
455.884129	1747.320035	9.684250	-0.080777	2.500134
456.223049	1750.819797	9.689255	-0.080838	2.502067
456.831384	1754.161273	9.694259	-0.080947	2.503963
457.402427	1757.569827	9.699264	-0.081050	2.505887
457.865571	1760.990506	9.704269	-0.081133	2.507796
458.406503	1764.334630	9.709274	-0.081231	2.509677
459.079007	1767.657886	9.714279	-0.081351	2.511570
459.699458	1770.907517	9.719283	-0.081463	2.513412
460.227910	1774.123691	9.724288	-0.081558	2.515219
460.908581	1777.310492	9.729293	-0.081680	2.517036
461.325615	1780.540288	9.734298	-0.081755	2.518827
461.863885	1783.753863	9.739303	-0.081852	2.520630
462.395016	1786.959773	9.744307	-0.081947	2.522426
462.864472	1790.089070	9.749312	-0.082032	2.524168
463.436430	1793.319057	9.754317	-0.082134	2.525982
463.762958	1796.604577	9.759322	-0.082193	2.527779
464.337050	1799.746648	9.764327	-0.082296	2.529544
464.738472	1803.078486	9.769331	-0.082369	2.531376
465.298494	1806.300271	9.774336	-0.082469	2.533178
466.002814	1809.355852	9.779341	-0.082596	2.534917
466.309357	1812.599914	9.784346	-0.082651	2.536682
466.698386	1815.874651	9.789351	-0.082721	2.538476
467.237871	1819.143211	9.794355	-0.082818	2.540294
467.584649	1822.478642	9.799360	-0.082880	2.542110
468.204110	1825.624013	9.804365	-0.082992	2.543875
468.927212	1828.802478	9.809370	-0.083121	2.545674
469.664595	1831.911527	9.814375	-0.083254	2.547439
470.143604	1834.947647	9.819379	-0.083340	2.549117
470.707040	1838.044319	9.824384	-0.083441	2.550841
471.356534	1841.053162	9.829389	-0.083558	2.552533
471.913476	1843.922876	9.834394	-0.083658	2.554135
472.494670	1846.891961	9.839399	-0.083762	2.555792
473.101361	1849.816379	9.844403	-0.083871	2.557429
473.515760	1852.682419	9.849408	-0.083946	2.559000
474.037234	1855.661445	9.854413	-0.084039	2.560648
474.672168	1858.592479	9.859418	-0.084153	2.562291
475.139418	1861.367304	9.864423	-0.084237	2.563820
475.634152	1864.296404	9.869427	-0.084326	2.565434
476.155499	1867.223418	9.874432	-0.084420	2.567051
476.879134	1869.952676	9.879437	-0.084550	2.568600
477.296797	1872.829439	9.884442	-0.084625	2.570170
477.651075	1875.734262	9.889447	-0.084689	2.571742
478.197927	1878.684781	9.894451	-0.084787	2.573372
478.575931	1881.582278	9.899456	-0.084855	2.574942
479.013919	1884.559150	9.904461	-0.084934	2.576564
479.688677	1887.390460	9.909466	-0.085055	2.578151
480.130467	1890.232815	9.914471	-0.085134	2.579702
480.480869	1893.221215	9.919475	-0.085197	2.581310
480.885817	1896.188832	9.924480	-0.085270	2.582917
481.402927	1899.093702	9.929485	-0.085363	2.584510
481.848038	1902.100123	9.934490	-0.085443	2.586142
482.237956	1905.116776	9.939495	-0.085513	2.587768
482.711443	1907.938863	9.944499	-0.085598	2.589307

483.084560	1910.728969	9.949504	-0.085665	2.590812
483.553008	1913.271473	9.954509	-0.085750	2.592205
483.935118	1915.601730	9.959514	-0.085818	2.593472
484.390092	1917.839217	9.964519	-0.085900	2.594704
484.745741	1919.953685	9.969523	-0.085964	2.595855
485.033738	1921.959186	9.974528	-0.086016	2.596937
485.626435	1923.685510	9.979533	-0.086122	2.597929
485.835914	1925.368473	9.984538	-0.086160	2.598831
486.108819	1926.966652	9.989543	-0.086209	2.599700
486.678330	1928.317793	9.994547	-0.086311	2.600494
486.729268	1929.714027	9.999552	-0.086320	2.601220
486.863496	1931.081650	10.004557	-0.086344	2.601945
487.272224	1932.233626	10.009562	-0.086418	2.602608
487.601466	1933.121061	10.014567	-0.086477	2.603121
488.089178	1934.007704	10.019571	-0.086564	2.603662
488.216432	1934.743747	10.024576	-0.086587	2.604062
488.373758	1935.598410	10.029581	-0.086615	2.604528
488.597311	1936.261636	10.034586	-0.086655	2.604907
488.851721	1936.781798	10.039591	-0.086701	2.605218
489.329616	1937.045562	10.044595	-0.086787	2.605438
489.288101	1937.617512	10.049600	-0.086779	2.605724
489.526390	1937.873687	10.054605	-0.086822	2.605897
489.652589	1938.090770	10.059610	-0.086845	2.606030
489.700957	1938.327969	10.064615	-0.086853	2.606160
490.047813	1938.592544	10.069619	-0.086915	2.606357
490.195038	1938.531720	10.074624	-0.086942	2.606352
490.332277	1938.480433	10.079629	-0.086966	2.606350
490.475240	1938.430832	10.084634	-0.086992	2.606350
490.602656	1938.390549	10.089639	-0.087015	2.606352
490.810805	1938.311485	10.094643	-0.087052	2.606348
490.942300	1937.896969	10.099648	-0.087076	2.606159
491.220819	1937.551325	10.104653	-0.087125	2.606031
491.163922	1937.348655	10.109658	-0.087115	2.605917
491.127699	1936.980688	10.114663	-0.087109	2.605722
491.317720	1936.624723	10.119667	-0.087143	2.605574
491.322048	1936.286720	10.124672	-0.087143	2.605401
491.536821	1935.781780	10.129677	-0.087182	2.605181
491.629623	1935.331687	10.134682	-0.087198	2.604966
491.642173	1934.855040	10.139687	-0.087201	2.604724
491.797597	1934.298751	10.144691	-0.087228	2.604467
492.037343	1933.564806	10.149696	-0.087271	2.604133
492.186061	1932.851031	10.154701	-0.087298	2.603794
492.108707	1932.191479	10.159706	-0.087284	2.603442
492.190124	1931.490711	10.164711	-0.087298	2.603097
492.174555	1930.909002	10.169715	-0.087296	2.602796
492.327540	1930.176124	10.174720	-0.087323	2.602447
492.296626	1929.468966	10.179725	-0.087317	2.602079
492.404616	1928.590179	10.184730	-0.087336	2.601648
492.387686	1927.848299	10.189735	-0.087333	2.601264
492.561940	1927.034851	10.194739	-0.087364	2.600878
492.447303	1926.196376	10.199744	-0.087344	2.600427
492.503327	1925.391377	10.204749	-0.087354	2.600024
492.614791	1924.534240	10.209754	-0.087374	2.599604
492.608415	1923.594726	10.214759	-0.087372	2.599120
492.726181	1922.772779	10.219763	-0.087393	2.598719
492.736327	1921.835485	10.224768	-0.087395	2.598240
492.837717	1920.958059	10.229773	-0.087413	2.597807
492.870589	1919.962211	10.234778	-0.087419	2.597301
492.776945	1919.125918	10.239783	-0.087402	2.596855
492.742513	1918.146658	10.244787	-0.087396	2.596345
492.786962	1917.284620	10.249792	-0.087404	2.595910
493.032852	1916.185345	10.254797	-0.087448	2.595389
493.019732	1915.221751	10.259802	-0.087445	2.594891
492.841427	1914.269204	10.264807	-0.087413	2.594369
493.017302	1913.243822	10.269811	-0.087445	2.593873
492.962398	1912.297032	10.274816	-0.087435	2.593376
493.134026	1911.263162	10.279821	-0.087465	2.592875
493.210347	1910.207172	10.284826	-0.087479	2.592345
492.956312	1909.234782	10.289831	-0.087433	2.591799
493.142021	1908.182990	10.294835	-0.087467	2.591290
493.027501	1907.098643	10.299840	-0.087446	2.590712
493.017256	1906.155801	10.304845	-0.087444	2.590224
493.114460	1905.103947	10.309850	-0.087461	2.589699
492.991468	1904.049574	10.314855	-0.087439	2.589134
493.081335	1903.040344	10.319859	-0.087455	2.588630
492.976018	1902.130183	10.324864	-0.087436	2.588142
492.901381	1901.172987	10.329869	-0.087423	2.587635
492.935031	1900.234878	10.334874	-0.087429	2.587157
492.797945	1899.292366	10.339879	-0.087404	2.586647
492.848639	1898.310609	10.344883	-0.087413	2.586149
492.848390	1897.422245	10.349888	-0.087413	2.585691
493.056697	1896.339824	10.354893	-0.087450	2.585169
493.032701	1895.330897	10.359898	-0.087446	2.584644
492.918575	1894.385358	10.364903	-0.087425	2.584136
493.050853	1893.320429	10.369907	-0.087449	2.583609
492.735994	1892.533789	10.374912	-0.087392	2.583147
492.856493	1891.622557	10.379917	-0.087414	2.582697
493.072733	1890.580821	10.384922	-0.087452	2.582198
493.022288	1889.574960	10.389927	-0.087443	2.581669
493.051520	1888.481688	10.394931	-0.087448	2.581109
492.934971	1887.570653	10.399936	-0.087427	2.580617
493.141935	1886.536501	10.404941	-0.087464	2.580119
493.089055	1885.424285	10.409946	-0.087455	2.579535
493.249257	1884.353595	10.414951	-0.087483	2.579009
493.288418	1883.254076	10.419955	-0.087490	2.578447
493.073556	1882.332493	10.424960	-0.087452	2.577932
492.864739	1881.342702	10.429965	-0.087414	2.577382
493.024276	1880.364711	10.434970	-0.087443	2.576904
492.809450	1879.468748	10.439975	-0.087404	2.576402
493.006432	1878.438980	10.444979	-0.087439	2.575904
493.086375	1877.428184	10.449984	-0.087454	2.575394
492.798991	1876.497967	10.454989	-0.087402	2.574861
492.684401	1875.670808	10.459994	-0.087382	2.574411
492.642659	1874.774342	10.464999	-0.087374	2.573939
492.780403	1873.923107	10.470003	-0.087399	2.573523
492.630411	1873.032509	10.475008	-0.087372	2.573034
492.693007	1872.186491	10.480013	-0.087383	2.572606
492.546201	1871.263845	10.485018	-0.087356	2.572101
492.665454	1870.420476	10.490023	-0.087378	2.571685
492.712288	1869.499736	10.495027	-0.087386	2.571216
492.541253	1868.678028	10.500032	-0.087355	2.570759
492.651696	1867.878108	10.505037	-0.087375	2.570363
492.673030	1866.928180	10.510042	-0.087379	2.569874
492.571482	1866.165840	10.515047	-0.087360	2.569460
492.622440	1865.273902	10.520051	-0.087369	2.569006
492.700511	1864.367921	10.525056	-0.087383	2.568549
492.571454	1863.562352	10.530061	-0.087360	2.568107
492.660084	1862.762346	10.535066	-0.087376	2.567707
492.590076	1861.970547	10.540071	-0.087363	2.567283
492.454031	1861.099372	10.545075	-0.087339	2.566806
492.444455	1860.368289	10.550080	-0.087337	2.566424
492.559708	1859.552058	10.555085	-0.087358	2.566020
492.520030	1858.667169	10.560090	-0.087351	2.565553
492.475889	1857.925613	10.565095	-0.087343	2.565159
492.577646	1857.146833	10.570099	-0.087361	2.564773
492.418323	1856.266641	10.575104	-0.087332	2.564286
492.499145	1855.480968	10.580109	-0.087347	2.563892
492.591518	1854.708799	10.585114	-0.087363	2.563506
492.539128	1853.831897	10.590119	-0.087354	2.563040
492.486392	1853.216370	10.595123	-0.087344	2.562710
492.449364	1852.440826	10.600128	-0.087337	2.562300
492.254141	1851.663298	10.605133	-0.087302	2.561860
492.230454	1850.993358	10.610138	-0.087298	2.561506
492.174081	1850.275225	10.615143	-0.087288	2.561122
492.235911	1849.589619	10.620147	-0.087299	2.560776
492.376121	1848.876632	10.625152	-0.087324	2.560430
492.319903	1848.094674	10.630157	-0.087314	2.560012
492.310109	1847.363820	10.635162	-0.087312	2.559629
492.303310	1846.640420	10.640167	-0.087311	2.559251
492.270046	1845.940670	10.645171	-0.087305	2.558880
492.176549	1845.283158	10.650176	-0.087288	2.558520
492.131158	1844.614451	10.655181	-0.087280	2.558163
492.270395	1843.967089	10.660186	-0.087305	2.557851
492.170069	1843.251500	10.665191	-0.087287	2.557459
492.036708	1842.673708	10.670195	-0.087263	2.557134
492.122207	1841.984806	10.675200	-0.087278	2.556789
492.143729	1841.311003	10.680205	-0.087282	2.556442
492.121657	1840.670050	10.685210	-0.087278	2.556103
491.949705	1840.069213	10.690215	-0.087247	2.555758
491.952698	1839.534525	10.695219	-0.087247	2.555480
491.941736	1838.915371	10.700224	-0.087245	2.555154
492.141156	1838.218831	10.705229	-0.087281	2.554827
492.340747	1837.512745	10.710234	-0.087317	2.554494
492.349516	1836.673368	10.715239	-0.087318	2.554057
492.196022	1836.034110	10.720243	-0.087291	2.553695
492.195578	1835.344836	10.725248	-0.087291	2.553335
491.989233	1834.875525	10.730253	-0.087254	2.553052
492.200980	1834.253734	10.735258	-0.087291	2.552766
492.098826	1833.577317	10.740263	-0.087273	2.552394
492.146683	1832.910442	10.745267	-0.087282	2.552054
492.089759	1832.279121	10.750272	-0.087271	2.551713
491.993478	1831.626333	10.755277	-0.087254	2.551354
491.956862	1831.040962	10.760282	-0.087248	2.551041
491.979695	1830.441893	10.765287	-0.087252	2.550732
492.021395	1829.844102	10.770291	-0.087259	2.550427
491.936034	1829.251113	10.775296	-0.087244	2.550101
491.878081	1828.686568	10.780301	-0.087233	2.549795
491.939901	1828.092743	10.785306	-0.087244	2.549496
492.005279	1827.479260	10.790311	-0.087256	2.549186
492.049290	1826.852693	10.795315	-0.087264	2.548866
491.793422	1826.317205	10.800320	-0.087218	2.548540
491.616481	1825.830705	10.805325	-0.087186	2.548253
491.787135	1825.409254	10.810330	-0.087217	2.548063
491.805558	1824.877670	10.815335	-0.087220	2.547788
491.738017	1824.377782	10.820339	-0.087208	2.547514
491.883211	1823.790966	10.825344	-0.087234	2.547233
491.753091	1823.257811	10.830349	-0.087210	2.546930
491.789090	1822.780827	10.835354	-0.087217	2.546687
491.767113	1822.161693	10.840359	-0.087213	2.546358
491.838215	1821.628245	10.845363	-0.087226	2.546091
491.844661	1821.068171	10.850368	-0.087227	2.545799
491.894927	1820.543261	10.855373	-0.087236	2.545533
491.738737	1820.015687	10.860378	-0.087208	2.545228
491.601168	1819.607342	10.865383	-0.087183	2.544989
491.500329	1819.234503	10.870387	-0.087165	2.544775
491.560549	1818.667054	10.875392	-0.087176	2.544488
491.578026	1818.240099	10.880397	-0.087179	2.544268
491.525286	1817.864358	10.885402	-0.087169	2.544061
491.518852	1817.475537	10.890407	-0.087168	2.543856
491.570137	1816.895915	10.895411	-0.087177	2.543561
491.608437	1816.481811	10.900416	-0.087184	2.543351
491.401120	1816.232804	10.905421	-0.087147	2.543183
491.362571	1815.915363	10.910426	-0.087140	2.543009
491.429682	1815.476167	10.915431	-0.087152	2.542791
491.493516	1815.120524	10.920435	-0.087164	2.542616
491.479954	1814.631807	10.925440	-0.087161	2.542357
491.354063	1814.211911	10.930445	-0.087139	2.542113
491.287297	1814.084899	10.935450	-0.087127	2.542035
491.415448	1813.461424	10.940455	-0.087149	2.541731
491.213624	1813.311212	10.945459	-0.087113	2.541615
491.187894	1812.910750	10.950464	-0.087109	2.541400
491.278469	1812.604254	10.955469	-0.087125	2.541256
491.361814	1812.265509	10.960474	-0.087140	2.541093
491.298169	1811.809654	10.965479	-0.087128	2.540842
491.240722	1811.691667	10.970483	-0.087118	2.540770
491.252501	1811.148148	10.975488	-0.087120	2.540486
491.297063	1810.979569	10.980493	-0.087128	2.540406
491.183501	1810.552786	10.985498	-0.087108	2.540161
491.083018	1810.450392	10.990503	-0.087090	2.540089
491.194997	1809.947942	10.995507	-0.087110	2.539845
491.349159	1809.714861	11.000512	-0.087137	2.539751
491.425615	1809.246501	11.005517	-0.087151	2.539519
491.492361	1808.782447	11.010522	-0.087163	2.539287
491.538107	1808.402653	11.015527	-0.087171	2.539096
491.579640	1807.965551	11.020531	-0.087179	2.538874
491.497109	1807.458187	11.025536	-0.087164	2.538592
491.512394	1807.047812	11.030541	-0.087167	2.538379
491.485809	1806.778207	11.035546	-0.087162	2.538233
491.610384	1806.354825	11.040551	-0.087184	2.538033
491.556501	1805.819870	11.045555	-0.087174	2.537742
491.565964	1805.390580	11.050560	-0.087176	2.537518
491.522744	1805.047018	11.055565	-0.087168	2.537329
491.517376	1804.538378	11.060570	-0.087167	2.537061
491.364374	1804.131578	11.065575	-0.087140	2.536819
491.372052	1803.914322	11.070579	-0.087141	2.536706
491.434985	1803.367222	11.075584	-0.087152	2.536429
491.374494	1803.000454	11.080589	-0.087142	2.536225
491.488468	1802.687839	11.085594	-0.087162	2.536082
491.496762	1802.137030	11.090599	-0.087163	2.535794
491.385960	1801.818409	11.095603	-0.087144	2.535606
491.414486	1801.577988	11.100608	-0.087149	2.535484
491.447394	1800.998286	11.105613	-0.087155	2.535185
491.438313	1800.651486	11.110618	-0.087153	2.535001
491.390360	1800.370714	11.115623	-0.087144	2.534844
491.246186	1799.894261	11.120627	-0.087119	2.534567
491.369972	1799.663485	11.125632	-0.087141	2.534468
491.312984	1799.279501	11.130637	-0.087130	2.534256
491.421175	1798.813189	11.135642	-0.087150	2.534030
491.384947	1798.530826	11.140647	-0.087143	2.533875
491.269161	1798.086489	11.145651	-0.087123	2.533620
491.188008	1797.870183	11.150656	-0.087108	2.533491
491.231618	1797.503510	11.155661	-0.087116	2.533306
491.231662	1797.364764	11.160666	-0.087116	2.533233
491.218985	1797.092079	11.165671	-0.087114	2.533087
491.214258	1796.758278	11.170675	-0.087113	2.532910
491.362394	1796.408638	11.175680	-0.087139	2.532753
491.235983	1795.951632	11.180685	-0.087117	2.532489
490.876543	1795.985120	11.185690	-0.087052	2.532441
490.834176	1795.825340	11.190695	-0.087045	2.532349
490.864647	1795.376914	11.195699	-0.087050	2.532118
490.865526	1795.369740	11.200704	-0.087050	2.532114
490.940883	1795.302885	11.205709	-0.087064	2.532093
490.960735	1794.755139	11.210714	-0.087067	2.531808
491.043494	1794.707922	11.215719	-0.087082	2.531798
490.955987	1794.454034	11.220723	-0.087067	2.531648
490.986378	1794.119753	11.225728	-0.087072	2.531478
490.820183	1794.174870	11.230733	-0.087042	2.531476
490.900363	1793.916550	11.235738	-0.087057	2.531355
491.004197	1793.520625	11.240743	-0.087075	2.531165
490.942831	1793.547847	11.245747	-0.087064	2.531168
490.901325	1793.249603	11.250752	-0.087057	2.531004
490.832464	1792.999088	11.255757	-0.087044	2.530859
490.876630	1793.007638	11.260762	-0.087052	2.530872
490.860320	1792.861398	11.265767	-0.087049	2.530791
490.826140	1792.458237	11.270771	-0.087043	2.530573
490.832141	1792.455796	11.275776	-0.087044	2.530572
490.843817	1792.449899	11.280781	-0.087047	2.530572
490.853562	1791.929674	11.285786	-0.087048	2.530299
490.711566	1791.847342	11.290791	-0.087023	2.530230
490.776028	1791.840237	11.295795	-0.087034	2.530238
490.881968	1791.785548	11.300800	-0.087053	2.530228
490.906375	1791.197554	11.305805	-0.087058	2.529923
490.896825	1791.209995	11.310810	-0.087056	2.529927
490.760583	1791.243751	11.315815	-0.087032	2.529920
490.759862	1790.872880	11.320819	-0.087032	2.529725
490.798419	1790.636895	11.325824	-0.087038	2.529607
490.849804	1790.615104	11.330829	-0.087048	2.529605
490.824535	1790.569699	11.335834	-0.087043	2.529577
490.730983	1790.069069	11.340839	-0.087026	2.529295
490.869462	1790.038556	11.345843	-0.087051	2.529305
490.859161	1790.032618	11.350848	-0.087049	2.529300
490.764897	1789.848232	11.355853	-0.087033	2.529185
490.693609	1789.482217	11.360858	-0.087020	2.528979
490.746849	1789.459485	11.365863	-0.087029	2.528977
490.743792	1789.466113	11.370867	-0.087029	2.528980
490.894337	1789.336737	11.375872	-0.087056	2.528939
490.935624	1788.783383	11.380877	-0.087063	2.528655
490.881282	1788.826795	11.385882	-0.087053	2.528668
490.913278	1788.770346	11.390887	-0.087059	2.528644
490.830539	1788.248112	11.395891	-0.087044	2.528353
490.784557	1788.266430	11.400896	-0.087036	2.528354
490.778453	1788.263472	11.405901	-0.087035	2.528351
490.890252	1788.019847	11.410906	-0.087055	2.528243
490.854062	1787.760631	11.415911	-0.087049	2.528100
490.870747	1787.765115	11.420915	-0.087052	2.528105
490.916774	1787.607392	11.425920	-0.087060	2.528031
490.864264	1787.137153	11.430925	-0.087050	2.527773
490.975154	1787.099667	11.435930	-0.087070	2.527773
490.950609	1786.875769	11.440935	-0.087066	2.527651
491.037704	1786.477607	11.445939	-0.087081	2.527457
490.858911	1786.534191	11.450944	-0.087049	2.527454
490.920829	1786.111718	11.455949	-0.087061	2.527242
490.770646	1785.960882	11.460954	-0.087034	2.527135
490.926551	1785.886731	11.465959	-0.087062	2.527124
490.981748	1785.638967	11.470963	-0.087071	2.527004
490.877903	1785.353792	11.475968	-0.087053	2.526834
490.841806	1785.350937	11.480973	-0.087046	2.526826
490.806939	1785.384007	11.485978	-0.087040	2.526837
490.777391	1784.750858	11.490983	-0.087035	2.526497
490.942382	1784.706641	11.495987	-0.087064	2.526504
490.868649	1784.717191	11.500992	-0.087051	2.526496
490.724014	1784.353504	11.505997	-0.087025	2.526277
490.814015	1784.165791	11.511002	-0.087042	2.526195
490.760897	1784.173301	11.516007	-0.087032	2.526189
490.932383	1784.120909	11.521011	-0.087063	2.526193
490.876059	1783.567268	11.526016	-0.087053	2.525890
490.797916	1783.568133	11.531021	-0.087039	2.525876
490.889765	1783.544359	11.536026	-0.087055	2.525881
490.724449	1783.356963	11.541031	-0.087026	2.525751
490.782320	1783.028628	11.546035	-0.087036	2.525588
490.803980	1783.015119	11.551040	-0.087040	2.525585
490.844177	1783.006970	11.556045	-0.087047	2.525588
490.811401	1782.545106	11.561050	-0.087041	2.525338
490.661453	1782.448408	11.566055	-0.087014	2.525260
490.766450	1782.416801	11.571059	-0.087033	2.525262
490.828747	1782.387661	11.576064	-0.087044	2.525258
490.795981	1781.988764	11.581069	-0.087038	2.525042
490.756023	1781.816266	11.586074	-0.087031	2.524943
490.803154	1781.795362	11.591079	-0.087040	2.524941
490.927838	1781.762507	11.596083	-0.087062	2.524946
490.807279	1781.204657	11.601088	-0.087040	2.524629
490.635522	1781.258524	11.606093	-0.087010	2.524626
490.666448	1781.251239	11.611098	-0.087015	2.524628
490.737098	1781.208854	11.616103	-0.087028	2.524619
490.651374	1781.132649	11.621107	-0.087013	2.524563
490.628464	1780.676401	11.626112	-0.087009	2.524317
490.563343	1780.693420	11.631117	-0.086997	2.524314
490.660312	1780.678480	11.636122	-0.087014	2.524324
490.725562	1780.637387	11.641127	-0.087026	2.524315
490.766303	1780.631701	11.646131	-0.087033	2.524319
490.753436	1780.239311	11.651136	-0.087031	2.524109
490.736415	1780.019039	11.656141	-0.087028	2.523990
490.837422	1780.000031	11.661146	-0.087046	2.523998
490.643210	1780.036634	11.666151	-0.087011	2.523982
490.685197	1779.964974	11.671155	-0.087019	2.523952
490.631441	1779.481210	11.676160	-0.087009	2.523686
490.619937	1779.480734	11.681165	-0.087007	2.523684
490.730331	1779.451959	11.686170	-0.087027	2.523689
490.909684	1779.378201	11.691175	-0.087059	2.523683
491.124224	1778.894581	11.696179	-0.087097	2.523467
490.898369	1778.797298	11.701184	-0.087057	2.523374
490.954426	1778.723698	11.706189	-0.087067	2.523345
491.178873	1778.265010	11.711194	-0.087107	2.523144
491.024685	1778.306279	11.716199	-0.087080	2.523137
491.002621	1777.809863	11.721203	-0.087076	2.522871
490.896897	1777.716214	11.726208	-0.087057	2.522802
490.923627	1777.703893	11.731213	-0.087062	2.522800
490.985820	1777.122717	11.736218	-0.087073	2.522504
490.892797	1777.113177	11.741223	-0.087056	2.522482
490.994111	1776.967767	11.746227	-0.087074	2.522424
490.977261	1776.500948	11.751232	-0.087071	2.522174
490.992116	1776.471229	11.756237	-0.087074	2.522161
490.955565	1776.182713	11.761242	-0.087067	2.522001
491.044830	1775.877510	11.766247	-0.087083	2.521856
491.112849	1775.776173	11.771251	-0.087095	2.521815
491.026881	1775.269848	11.776256	-0.087080	2.521532
490.967820	1775.276511	11.781261	-0.087069	2.521524
491.022381	1774.925944	11.786266	-0.087079	2.521349
490.865026	1774.738311	11.791271	-0.087051	2.521221
490.934296	1774.718537	11.796275	-0.087064	2.521223
490.844219	1774.396006	11.801280	-0.087047	2.521036
490.716269	1774.191377	11.806285	-0.087024	2.520904
490.772542	1774.197656	11.811290	-0.087035	2.520917
490.633475	1774.216581	11.816295	-0.087010	2.520902
490.766476	1774.065496	11.821299	-0.087034	2.520846
490.730726	1773.644187	11.826304	-0.087027	2.520617
490.709783	1773.651135	11.831309	-0.087023	2.520617
490.837846	1773.619712	11.836314	-0.087046	2.520624
490.672908	1773.671245	11.841319	-0.087017	2.520620
490.899326	1773.123813	11.846323	-0.087057	2.520372
490.985894	1772.933509	11.851328	-0.087073	2.520288
491.021505	1772.854418	11.856333	-0.087079	2.520252
490.961983	1772.351594	11.861338	-0.087069	2.519975
490.889443	1772.370927	11.866343	-0.087056	2.519972
490.953612	1772.238267	11.871347	-0.087067	2.519914
490.995072	1771.750122	11.876352	-0.087074	2.519663
491.062884	1771.710808	11.881357	-0.087087	2.519655
491.010465	1771.343843	11.886362	-0.087077	2.519450
490.823019	1771.219350	11.891367	-0.087044	2.519350
490.763606	1771.260926	11.896371	-0.087033	2.519361
490.788338	1770.987926	11.901376	-0.087038	2.519221
490.714371	1770.632079	11.906381	-0.087024	2.519019
490.717949	1770.663775	11.911386	-0.087025	2.519036
490.794979	1770.620660	11.916391	-0.087039	2.519028
490.775053	1770.498792	11.921395	-0.087035	2.518960
490.880525	1770.022391	11.926400	-0.087054	2.518727
490.814418	1770.045087	11.931405	-0.087042	2.518726
490.849546	1770.033078	11.936410	-0.087049	2.518727
490.557801	1769.879903	11.941415	-0.086996	2.518592
490.758994	1769.455914	11.946419	-0.087032	2.518404
490.772135	1769.459523	11.951424	-0.087035	2.518409
490.685470	1769.481139	11.956429	-0.087019	2.518404
490.797383	1769.463274	11.961434	-0.087039	2.518415
490.668824	1769.116276	11.966439	-0.087016	2.518208
490.748084	1769.003757	11.971443	-0.087030	2.518163
490.680938	1769.030645	11.976448	-0.087019	2.518165
490.591928	1769.053080	11.981453	-0.087003	2.518160
490.793576	1768.991556	11.986458	-0.087039	2.518165
490.804670	1768.491059	11.991463	-0.087041	2.517902
490.899400	1768.326330	11.996467	-0.087058	2.517832
490.986514	1768.288831	12.001472	-0.087073	2.517828
490.826115	1767.932414	12.006477	-0.087045	2.517609
490.829997	1767.764038	12.011482	-0.087045	2.517521
490.837040	1767.753281	12.016487	-0.087047	2.517517
490.823577	1767.669285	12.021491	-0.087044	2.517470
490.841942	1767.142836	12.026496	-0.087047	2.517194
490.720634	1767.187139	12.031501	-0.087026	2.517195
490.718766	1767.209227	12.036506	-0.087025	2.517206
490.533275	1767.252651	12.041511	-0.086992	2.517195
490.777909	1767.013604	12.046515	-0.087036	2.517114
490.765536	1766.616880	12.051520	-0.087034	2.516901
490.821955	1766.571243	12.056525	-0.087044	2.516887
490.957121	1766.521404	12.061530	-0.087068	2.516886
490.819602	1765.964068	12.066535	-0.087043	2.516565
490.795674	1765.950574	12.071539	-0.087039	2.516553
490.781211	1765.968807	12.076544	-0.087037	2.516560
490.772757	1765.895167	12.081549	-0.087035	2.516520
490.814183	1765.377942	12.086554	-0.087043	2.516253
490.980115	1765.312660	12.091559	-0.087072	2.516249
490.917021	1765.316065	12.096563	-0.087061	2.516240
490.957032	1764.717576	12.101568	-0.087068	2.515929
490.857378	1764.753745	12.106573	-0.087050	2.515930
490.837354	1764.771266	12.111578	-0.087047	2.515936
490.787790	1764.299131	12.116583	-0.087038	2.515676
490.700075	1764.263166	12.121587	-0.087022	2.515641
490.785822	1764.231438	12.126592	-0.087038	2.515640
490.790126	1764.238708	12.131597	-0.087038	2.515645
490.889962	1763.711875	12.136602	-0.087056	2.515384
490.797874	1763.614189	12.141607	-0.087040	2.515315
490.734175	1763.623993	12.146611	-0.087028	2.515308
490.798138	1763.629577	12.151616	-0.087040	2.515323
490.703595	1763.064700	12.156621	-0.087023	2.515006
490.835823	1763.005874	12.161626	-0.087047	2.514999
490.655495	1763.073128	12.166631	-0.087014	2.515002
490.614253	1763.098929	12.171635	-0.087007	2.515008
490.683970	1763.064259	12.176640	-0.087019	2.515002
490.473355	1762.539949	12.181645	-0.086982	2.514685
490.750495	1762.449694	12.186650	-0.087031	2.514688
490.724771	1762.430374	12.191655	-0.087027	2.514674
490.752421	1762.428614	12.196659	-0.087032	2.514678
490.829024	1762.373307	12.201664	-0.087045	2.514663
490.839282	1761.821735	12.206669	-0.087047	2.514372
490.817180	1761.846445	12.211674	-0.087043	2.514381
490.787581	1761.832892	12.216679	-0.087038	2.514368
490.834402	1761.553586	12.221683	-0.087046	2.514229
490.905875	1761.192180	12.226688	-0.087059	2.514050
490.940673	1761.184395	12.231693	-0.087065	2.514052
490.971842	1760.907641	12.236698	-0.087071	2.513911
490.917792	1760.611233	12.241703	-0.087061	2.513744
490.882445	1760.627036	12.246707	-0.087055	2.513746
490.955546	1760.277178	12.251712	-0.087068	2.513574
490.842890	1760.035950	12.256717	-0.087048	2.513425
490.860863	1760.070194	12.261722	-0.087051	2.513446
490.853629	1759.890390	12.266727	-0.087050	2.513349
490.765057	1759.675474	12.271731	-0.087034	2.513219
490.856411	1759.659421	12.276736	-0.087050	2.513227
490.638631	1759.710356	12.281741	-0.087012	2.513214
490.391967	1759.816051	12.286746	-0.086967	2.513225
490.631864	1759.722598	12.291751	-0.087010	2.513219
490.651707	1759.188574	12.296755	-0.087014	2.512940
490.466202	1759.173585	12.301760	-0.086981	2.512897
490.546612	1759.131365	12.306765	-0.086995	2.512890
490.396947	1759.177060	12.311770	-0.086968	2.512886
490.584813	1759.094998	12.316775	-0.087002	2.512878
490.326956	1759.219001	12.321779	-0.086956	2.512896
490.504125	1759.148901	12.326784	-0.086988	2.512891
490.300249	1759.204399	12.331789	-0.086951	2.512883
490.477742	1759.139476	12.336794	-0.086983	2.512881
490.584433	1759.102489	12.341799	-0.087002	2.512882
490.418394	1759.168005	12.346803	-0.086972	2.512886
490.438632	1759.159712	12.351808	-0.086976	2.512885
490.399366	1759.167183	12.356813	-0.086969	2.512882
490.355946	1759.187272	12.361818	-0.086961	2.512884
490.394294	1759.171484	12.366823	-0.086968	2.512883
490.358619	1759.189459	12.371827	-0.086962	2.512886
490.406892	1759.173736	12.376832	-0.086971	2.512887
490.428285	1759.151813	12.381837	-0.086974	2.512879
490.440275	1759.164033	12.386842	-0.086977	2.512888
490.515444	1759.131284	12.391847	-0.086990	2.512884
490.163304	1759.251736	12.396851	-0.086927	2.512883
490.337191	1759.197772	12.401856	-0.086958	2.512887
490.321064	1759.178946	12.406861	-0.086955	2.512874
490.436250	1759.158982	12.411866	-0.086976	2.512885
490.344461	1759.178606	12.416871	-0.086960	2.512878
490.310264	1759.188717	12.421875	-0.086954	2.512877
490.371629	1759.166662	12.426880	-0.086965	2.512877
490.470085	1759.130491	12.431885	-0.086982	2.512876
490.519877	1759.125407	12.436890	-0.086991	2.512882
490.580483	1759.096857	12.441895	-0.087002	2.512879
490.350136	1759.185398	12.446899	-0.086961	2.512883
490.267558	1759.211507	12.451904	-0.086946	2.512881
490.366345	1759.170224	12.456909	-0.086964	2.512878
490.490754	1759.140576	12.461914	-0.086986	2.512885
490.535274	1759.110878	12.466919	-0.086994	2.512878
490.419207	1759.146614	12.471923	-0.086973	2.512875
490.341798	1759.189731	12.476928	-0.086960	2.512884
490.343448	1759.171169	12.481933	-0.086960	2.512874
490.271714	1759.207897	12.486938	-0.086947	2.512881
490.402018	1759.170020	12.491943	-0.086970	2.512885
490.194155	1759.233668	12.496947	-0.086933	2.512880
490.210132	1759.236561	12.501952	-0.086936	2.512884
490.255899	1759.217009	12.506957	-0.086944	2.512883
490.403499	1759.166338	12.511962	-0.086971	2.512883
490.463330	1759.153930	12.516967	-0.086981	2.512888
490.339247	1759.189523	12.521971	-0.086959	2.512884
490.377872	1759.168055	12.526976	-0.086966	2.512879
490.401387	1759.153622	12.531981	-0.086970	2.512876
490.407322	1759.167072	12.536986	-0.086972	2.512884
490.489532	1759.126282	12.541991	-0.086986	2.512878
490.457726	1759.147610	12.546995	-0.086981	2.512883
490.378952	1759.192966	12.552000	-0.086967	2.512893
490.377874	1759.177120	12.557005	-0.086966	2.512884
490.343242	1759.184737	12.562010	-0.086960	2.512882
490.541353	1759.112621	12.567015	-0.086996	2.512880
490.515116	1759.125246	12.572019	-0.086991	2.512882
490.411030	1759.182961	12.577024	-0.086972	2.512894
490.441701	1759.151041	12.582029	-0.086978	2.512882
490.502777	1759.151719	12.587034	-0.086989	2.512894
490.536923	1758.907555	12.592039	-0.086995	2.512771
490.519122	1758.553979	12.597043	-0.086992	2.512580
490.383523	1758.603585	12.602048	-0.086968	2.512581
490.443428	1758.563230	12.607053	-0.086978	2.512571
490.512093	1758.550971	12.612058	-0.086991	2.512577
490.508124	1758.537312	12.617063	-0.086990	2.512569
490.690800	1758.468521	12.622067	-0.087023	2.512566
490.583658	1758.529064	12.627072	-0.087004	2.512579
490.512047	1758.547528	12.632077	-0.086991	2.512575
490.718890	1758.465310	12.637082	-0.087028	2.512570
490.799346	1757.969042	12.642087	-0.087042	2.512321
490.541387	1757.927641	12.647091	-0.086996	2.512251
490.496655	1757.952008	12.652096	-0.086988	2.512256
490.519478	1757.913427	12.657101	-0.086992	2.512240
490.551045	1757.924395	12.662106	-0.086998	2.512252
490.697505	1757.866182	12.667111	-0.087024	2.512248
490.544780	1757.919415	12.672115	-0.086997	2.512248
490.482704	1757.948365	12.677120	-0.086986	2.512252
490.519563	1757.567857	12.682125	-0.086992	2.512056
490.532579	1757.360523	12.687130	-0.086995	2.511949
490.615338	1757.313373	12.692135	-0.087009	2.511939
490.518742	1757.343790	12.697139	-0.086992	2.511937
490.538324	1757.338370	12.702144	-0.086996	2.511938
490.467199	1757.363719	12.707149	-0.086983	2.511938
490.490648	1757.364294	12.712154	-0.086987	2.511943
490.365523	1757.409074	12.717159	-0.086965	2.511944
490.482915	1757.353952	12.722163	-0.086986	2.511936
490.477229	1757.376740	12.727168	-0.086985	2.511947
490.558396	1757.343954	12.732173	-0.087000	2.511945
490.387726	1757.404332	12.737178	-0.086969	2.511946
490.507463	1757.348979	12.742183	-0.086990	2.511938
490.433443	1757.380334	12.747187	-0.086977	2.511941
490.481277	1757.367699	12.752192	-0.086986	2.511943
490.426131	1757.002008	12.757197	-0.086976	2.511739
490.542744	1756.735047	12.762202	-0.086997	2.511619
490.393090	1756.764887	12.767207	-0.086970	2.511607
490.425044	1756.768956	12.772211	-0.086976	2.511615
490.333408	1756.802638	12.777216	-0.086959	2.511616
490.517128	1756.722902	12.782221	-0.086992	2.511608
490.459793	1756.756660	12.787226	-0.086982	2.511615
490.431324	1756.763012	12.792231	-0.086977	2.511613
490.391831	1756.782319	12.797235	-0.086970	2.511616
490.383212	1756.788501	12.802240	-0.086969	2.511618
490.527217	1756.732318	12.807245	-0.086994	2.511615
490.595613	1756.714270	12.812250	-0.087007	2.511618
490.597036	1756.709310	12.817255	-0.087007	2.511616
490.474648	1756.739035	12.822259	-0.086985	2.511609
490.479934	1756.745654	12.827264	-0.086986	2.511613
490.531490	1756.714093	12.832269	-0.086995	2.511606
490.578502	1756.707325	12.837274	-0.087004	2.511611
490.532890	1756.353926	12.842279	-0.086995	2.511415
490.486673	1756.162615	12.847283	-0.086987	2.511305
490.394053	1756.200461	12.852288	-0.086971	2.511308
490.575266	1756.118367	12.857293	-0.087003	2.511298
490.593409	1756.144584	12.862298	-0.087006	2.511315
490.576571	1756.128079	12.867303	-0.087003	2.511303
490.513733	1756.155239	12.872307	-0.086992	2.511306
490.498679	1756.162492	12.877312	-0.086990	2.511307
490.570085	1756.129292	12.882317	-0.087002	2.511303
490.638702	1756.108227	12.887322	-0.087015	2.511304
490.496289	1755.687619	12.892327	-0.086989	2.511054
490.513006	1755.568358	12.897331	-0.086992	2.510994
490.523528	1755.572853	12.902336	-0.086994	2.510998
490.514111	1755.550824	12.907341	-0.086992	2.510985
490.598107	1755.529091	12.912346	-0.087007	2.510989
490.565606	1755.531272	12.917351	-0.087002	2.510984
490.647909	1755.511891	12.922355	-0.087016	2.510989
490.559593	1755.555284	12.927360	-0.087001	2.510996
490.509261	1755.556639	12.932365	-0.086992	2.510987
490.577425	1755.326034	12.937370	-0.087004	2.510877
490.566365	1755.001211	12.942375	-0.087002	2.510703
490.730876	1754.941979	12.947379	-0.087031	2.510702
490.566531	1755.001921	12.952384	-0.087002	2.510703
490.458812	1755.030942	12.957389	-0.086983	2.510699
490.787224	1754.922731	12.962394	-0.087041	2.510702
490.691007	1754.958897	12.967399	-0.087024	2.510704
490.713027	1754.352697	12.972403	-0.087028	2.510385
490.697114	1754.339989	12.977408	-0.087025	2.510376
490.842442	1754.262197	12.982413	-0.087051	2.510361
490.798141	1754.295220	12.987418	-0.087043	2.510371
490.910352	1753.772707	12.992423	-0.087064	2.510114
490.989034	1753.628924	12.997427	-0.087078	2.510052
490.951369	1753.607663	13.002432	-0.087071	2.510034
490.764742	1753.092645	13.007437	-0.087037	2.509725
490.759385	1753.112952	13.012442	-0.087037	2.509735
490.719575	1753.117691	13.017447	-0.087029	2.509730
490.648834	1753.139684	13.022451	-0.087017	2.509729
490.637084	1753.021905	13.027456	-0.087015	2.509664
490.542382	1752.606681	13.032461	-0.086998	2.509426
490.552854	1752.605317	13.037466	-0.087000	2.509427
490.760505	1752.537475	13.042471	-0.087037	2.509429
490.890549	1752.482045	13.047475	-0.087060	2.509424
490.776094	1752.318242	13.052480	-0.087040	2.509316
490.588527	1751.976584	13.057485	-0.087006	2.509099
490.728150	1751.948332	13.062490	-0.087031	2.509110
490.807408	1751.916500	13.067495	-0.087045	2.509108
490.812759	1751.908119	13.072499	-0.087046	2.509105
490.761001	1751.453941	13.077504	-0.087037	2.508853
490.616197	1751.409062	13.082509	-0.087011	2.508803
490.750161	1751.361947	13.087514	-0.087035	2.508803
490.872405	1751.309533	13.092519	-0.087057	2.508797
490.826123	1750.977911	13.097523	-0.087049	2.508612
490.685015	1750.795022	13.102528	-0.087023	2.508489
490.763679	1750.754887	13.107533	-0.087038	2.508482
490.857007	1750.722836	13.112538	-0.087054	2.508483
490.789946	1750.550197	13.117543	-0.087042	2.508378
490.515932	1750.385567	13.122547	-0.086993	2.508240
490.422497	1750.419303	13.127552	-0.086977	2.508240
490.484153	1750.371611	13.132557	-0.086988	2.508227
490.681698	1750.328406	13.137562	-0.087023	2.508240
490.667310	1750.317823	13.142567	-0.087020	2.508232
490.748142	1750.297175	13.147571	-0.087035	2.508236
490.703457	1749.865628	13.152576	-0.087027	2.507998
490.514710	1749.730527	13.157581	-0.086993	2.507891
490.580588	1749.726831	13.162586	-0.087005	2.507902
490.643916	1749.705251	13.167591	-0.087016	2.507902
490.687879	1749.691899	13.172595	-0.087024	2.507903
490.967836	1749.550393	13.177600	-0.087074	2.507880
490.857829	1749.031432	13.182605	-0.087055	2.507583
490.785113	1749.068495	13.187610	-0.087042	2.507589
490.827612	1749.044215	13.192615	-0.087049	2.507584
490.768837	1748.797486	13.197619	-0.087039	2.507442
490.651904	1748.512720	13.202624	-0.087018	2.507269
490.589621	1748.525612	13.207629	-0.087007	2.507264
490.897412	1748.428645	13.212634	-0.087062	2.507270
490.831240	1748.389227	13.217639	-0.087050	2.507237
490.740622	1747.904109	13.222643	-0.087034	2.506962
490.837389	1747.867039	13.227648	-0.087051	2.506960
490.861823	1747.863142	13.232653	-0.087056	2.506962
490.869591	1747.518183	13.237658	-0.087057	2.506780
490.899356	1747.222154	13.242663	-0.087062	2.506628
490.823269	1747.246028	13.247667	-0.087049	2.506627
490.919091	1747.077644	13.252672	-0.087066	2.506555
490.702199	1746.717967	13.257677	-0.087027	2.506323
490.752216	1746.703669	13.262682	-0.087036	2.506325
490.641812	1746.751840	13.267687	-0.087016	2.506330
490.623288	1746.730109	13.272691	-0.087013	2.506315
490.781529	1746.433533	13.277696	-0.087041	2.506186
490.749528	1746.110776	13.282701	-0.087035	2.506009
490.885713	1746.085145	13.287706	-0.087060	2.506020
490.655601	1746.149620	13.292711	-0.087019	2.506012
490.777002	1745.898177	13.297715	-0.087040	2.505901
490.827304	1745.554630	13.302720	-0.087049	2.505727
490.775069	1745.547610	13.307725	-0.087040	2.505714
490.660788	1745.602704	13.312730	-0.087020	2.505722
490.757789	1745.541514	13.317735	-0.087037	2.505707
490.784224	1744.939060	13.322739	-0.087042	2.505391
490.678396	1744.992667	13.327744	-0.087023	2.505400
490.814664	1744.926557	13.332749	-0.087047	2.505390
490.615622	1745.009202	13.337754	-0.087012	2.505397
490.435630	1745.063802	13.342759	-0.086980	2.505393
490.488004	1745.031974	13.347763	-0.086989	2.505386
490.519077	1744.502989	13.352768	-0.086994	2.505110
490.576126	1744.415029	13.357773	-0.087005	2.505074
490.506188	1744.457566	13.362778	-0.086992	2.505083
490.236917	1744.528408	13.367783	-0.086944	2.505071
490.230965	1744.541564	13.372787	-0.086943	2.505077
490.281144	1744.529842	13.377792	-0.086952	2.505080
490.335969	1744.501554	13.382797	-0.086962	2.505075
490.379450	1744.554875	13.387802	-0.086970	2.505112
490.480939	1744.470440	13.392807	-0.086988	2.505086
490.354467	1744.490528	13.397811	-0.086965	2.505073
490.447736	1744.464928	13.402816	-0.086982	2.505077
490.422934	1744.451851	13.407821	-0.086978	2.505065
490.504837	1744.459815	13.412826	-0.086992	2.505085
490.424608	1744.480161	13.417831	-0.086978	2.505081
490.575106	1744.417579	13.422835	-0.087005	2.505075
490.592336	1744.422639	13.427840	-0.087008	2.505081
490.368988	1744.482130	13.432845	-0.086968	2.505071
490.312915	1744.505173	13.437850	-0.086958	2.505073
490.587712	1744.411484	13.442855	-0.087007	2.505074
490.746714	1744.353550	13.447859	-0.087036	2.505073
490.766582	1744.329560	13.452864	-0.087039	2.505064
490.598117	1743.809979	13.457869	-0.087009	2.504756
490.628940	1743.793590	13.462874	-0.087015	2.504753
490.399193	1743.881396	13.467879	-0.086974	2.504757
490.467913	1743.868177	13.472883	-0.086986	2.504763
490.784375	1743.771651	13.477888	-0.087043	2.504770
490.618527	1743.798173	13.482893	-0.087013	2.504754
490.550944	1743.825823	13.487898	-0.087001	2.504756
490.705528	1743.534764	13.492903	-0.087029	2.504630
490.621925	1743.234929	13.497907	-0.087014	2.504454
490.745682	1743.201312	13.502912	-0.087036	2.504459
490.636174	1743.215778	13.507917	-0.087016	2.504447
490.499637	1743.279816	13.512922	-0.086992	2.504456
490.632356	1743.219927	13.517927	-0.087016	2.504448
490.649988	1743.117630	13.522931	-0.087019	2.504397
490.691524	1742.598665	13.527936	-0.087026	2.504128
490.625254	1742.621464	13.532941	-0.087014	2.504128
490.539829	1742.663841	13.537946	-0.086999	2.504135
490.575183	1742.640891	13.542951	-0.087005	2.504129
490.417180	1742.678745	13.547955	-0.086977	2.504120
490.616211	1742.615609	13.552960	-0.087013	2.504123
490.465182	1742.661278	13.557965	-0.086986	2.504120
490.596633	1742.621749	13.562970	-0.087009	2.504123
490.496267	1742.429760	13.567975	-0.086991	2.504002
490.382128	1742.126035	13.572979	-0.086971	2.503819
490.574111	1742.082051	13.577984	-0.087005	2.503831
490.622950	1742.037405	13.582989	-0.087014	2.503817
490.592346	1742.055946	13.587994	-0.087009	2.503821
490.604675	1742.051583	13.592999	-0.087011	2.503821
490.589953	1742.051104	13.598003	-0.087008	2.503818
490.666591	1742.022226	13.603008	-0.087022	2.503817
490.427198	1742.101695	13.608013	-0.086979	2.503815
490.582418	1741.837146	13.613018	-0.087007	2.503703
490.591459	1741.465835	13.618023	-0.087009	2.503506
490.434583	1741.528194	13.623027	-0.086981	2.503510
490.543397	1741.497738	13.628032	-0.087000	2.503515
490.452266	1741.511361	13.633037	-0.086984	2.503505
490.570345	1741.488504	13.638042	-0.087005	2.503515
490.664278	1741.447141	13.643047	-0.087022	2.503510
490.475506	1741.503366	13.648051	-0.086988	2.503505
490.563698	1741.484799	13.653056	-0.087004	2.503512
490.518929	1741.485741	13.658061	-0.086996	2.503504
490.726797	1741.263143	13.663066	-0.087033	2.503424
490.617282	1741.052750	13.668071	-0.087013	2.503291
490.492336	1741.075554	13.673075	-0.086991	2.503280
490.486666	1741.074843	13.678080	-0.086990	2.503279
490.347801	1741.117149	13.683085	-0.086965	2.503276
490.437029	1741.097633	13.688090	-0.086981	2.503282
490.694100	1741.009526	13.693095	-0.087027	2.503283
490.471674	1741.077511	13.698099	-0.086988	2.503278
490.465667	1741.090679	13.703104	-0.086987	2.503284
490.316756	1741.149964	13.708109	-0.086960	2.503287
490.585236	1741.044989	13.713114	-0.087008	2.503281
490.704171	1740.967075	13.718119	-0.087029	2.503262
490.539190	1740.456077	13.723123	-0.087000	2.502959
490.476149	1740.461064	13.728128	-0.086988	2.502950
490.592935	1740.414937	13.733133	-0.087009	2.502947
490.538177	1740.428156	13.738138	-0.087000	2.502944
490.445775	1740.466529	13.743143	-0.086983	2.502947
490.356654	1740.492338	13.748147	-0.086967	2.502944
490.384630	1740.492461	13.753152	-0.086972	2.502950
490.290874	1740.517255	13.758157	-0.086955	2.502946
490.418188	1740.465400	13.763162	-0.086978	2.502942
490.426640	1740.468539	13.768167	-0.086980	2.502945
490.442574	1740.455597	13.773171	-0.086983	2.502941
490.300526	1740.525367	13.778176	-0.086957	2.502952
490.367955	1740.486529	13.783181	-0.086969	2.502944
490.392553	1740.483149	13.788186	-0.086974	2.502946
490.242822	1740.544771	13.793191	-0.086947	2.502951
490.315543	1740.503206	13.798195	-0.086960	2.502943
490.437555	1740.469599	13.803200	-0.086982	2.502948
490.331570	1740.514181	13.808205	-0.086963	2.502952
490.421252	1740.471375	13.813210	-0.086979	2.502946
490.487194	1740.453843	13.818215	-0.086991	2.502949
490.633440	1740.389520	13.823219	-0.087017	2.502942
490.785394	1740.350429	13.828224	-0.087044	2.502949
490.775427	1740.256951	13.833229	-0.087043	2.502897
490.696304	1739.787464	13.838234	-0.087028	2.502632
490.584760	1739.827549	13.843239	-0.087008	2.502633
490.437763	1739.878557	13.848243	-0.086982	2.502633
490.671920	1739.805766	13.853248	-0.087024	2.502638
490.707164	1739.784029	13.858253	-0.087030	2.502633
490.709727	1739.786297	13.863258	-0.087031	2.502634
490.789731	1739.156483	13.868263	-0.087045	2.502313
490.578545	1739.214115	13.873267	-0.087007	2.502305
490.545379	1739.232379	13.878272	-0.087002	2.502309
490.679347	1739.178783	13.883277	-0.087026	2.502305
490.740389	1739.151252	13.888282	-0.087036	2.502302
490.632870	1739.049445	13.893287	-0.087017	2.502227
490.595798	1738.649101	13.898291	-0.087011	2.502007
490.762980	1738.590922	13.903296	-0.087041	2.502007
490.697100	1738.600422	13.908301	-0.087029	2.502000
490.758964	1738.565873	13.913306	-0.087040	2.501993
490.770563	1738.358669	13.918311	-0.087042	2.501885
490.393932	1738.098682	13.923315	-0.086975	2.501676
490.687538	1738.011542	13.928320	-0.087027	2.501684
490.747600	1737.982013	13.933325	-0.087038	2.501680
490.645381	1738.021477	13.938330	-0.087020	2.501682
490.818396	1737.965355	13.943335	-0.087051	2.501684
490.662272	1737.500784	13.948339	-0.087023	2.501407
490.610932	1737.461322	13.953344	-0.087013	2.501376
490.701275	1737.408338	13.958349	-0.087030	2.501365
490.694832	1737.421358	13.963354	-0.087029	2.501371
490.822741	1737.377776	13.968359	-0.087051	2.501371
490.696738	1736.884023	13.973363	-0.087029	2.501085
490.517610	1736.873135	13.978368	-0.086997	2.501045
490.337664	1736.941811	13.983373	-0.086965	2.501048
490.443151	1736.911035	13.988378	-0.086984	2.501052
490.509862	1736.886204	13.993383	-0.086996	2.501051
490.382077	1736.913542	13.998387	-0.086973	2.501042
490.420022	1736.927724	14.003392	-0.086980	2.501056
490.340554	1736.951342	14.008397	-0.086965	2.501054
490.317752	1736.965397	14.013402	-0.086961	2.501058
490.433882	1736.921248	14.018407	-0.086982	2.501056
490.281927	1736.964930	14.023411	-0.086955	2.501051
490.363634	1736.941002	14.028416	-0.086970	2.501053
490.361942	1736.945339	14.033421	-0.086969	2.501055
490.578657	1736.860776	14.038426	-0.087008	2.501050
490.680215	1736.833128	14.043431	-0.087026	2.501055
490.666690	1736.836920	14.048435	-0.087024	2.501054
490.723688	1736.821626	14.053440	-0.087034	2.501057
490.715579	1736.333253	14.058445	-0.087033	2.500795
490.603094	1736.314589	14.063450	-0.087013	2.500764
490.663263	1736.287071	14.068455	-0.087023	2.500760
490.702532	1736.280311	14.073459	-0.087030	2.500764
490.739852	1736.253465	14.078464	-0.087037	2.500757
490.490924	1736.321094	14.083469	-0.086993	2.500746
490.323719	1735.948635	14.088474	-0.086963	2.500516
490.260628	1736.414916	14.093479	-0.086952	2.500754
490.510615	1736.319600	14.098483	-0.086996	2.500749
490.512532	1736.153612	14.103488	-0.086997	2.500661
490.547691	1735.708107	14.108493	-0.087003	2.500430
490.360940	1735.758985	14.113498	-0.086969	2.500422
490.346679	1735.801055	14.118503	-0.086967	2.500442
490.481418	1735.738702	14.123507	-0.086991	2.500434
490.395784	1735.768280	14.128512	-0.086976	2.500434
490.463151	1735.740878	14.133517	-0.086988	2.500432
490.289979	1735.790812	14.138522	-0.086957	2.500426
490.409536	1735.759794	14.143527	-0.086978	2.500432
490.239793	1735.819644	14.148531	-0.086948	2.500432
490.390010	1735.768260	14.153536	-0.086975	2.500433
490.358819	1735.769452	14.158541	-0.086969	2.500428
490.352602	1735.771276	14.163546	-0.086968	2.500428
490.362039	1735.769383	14.168551	-0.086970	2.500428
490.419208	1735.743206	14.173555	-0.086980	2.500425
490.512033	1735.727964	14.178560	-0.086997	2.500434
490.376706	1735.778418	14.183565	-0.086973	2.500436
490.156238	1735.852486	14.188570	-0.086933	2.500435
490.375842	1736.158827	14.193575	-0.086973	2.500639
490.443812	1735.737833	14.198579	-0.086985	2.500427
490.418051	1735.771346	14.203584	-0.086980	2.500440
490.389862	1735.767688	14.208589	-0.086975	2.500433
490.355174	1735.777706	14.213594	-0.086969	2.500432
490.398429	1735.764288	14.218599	-0.086977	2.500433
490.549149	1735.695179	14.223603	-0.087004	2.500424
490.548538	1735.713762	14.228608	-0.087004	2.500434
490.722659	1735.635305	14.233613	-0.087035	2.500425
490.828538	1735.590935	14.238618	-0.087054	2.500421
490.877019	1735.433553	14.243623	-0.087063	2.500346
490.940317	1734.987036	14.248627	-0.087074	2.500119
490.799974	1735.035443	14.253632	-0.087049	2.500119
490.836739	1735.022830	14.258637	-0.087055	2.500119
490.763519	1734.456812	14.263642	-0.087042	2.499803
490.720587	1734.480240	14.268647	-0.087035	2.499808
490.851948	1734.413512	14.273651	-0.087058	2.499797
490.835210	1734.332757	14.278656	-0.087055	2.499750
490.855732	1733.841357	14.283661	-0.087059	2.499492
490.782542	1733.855772	14.288666	-0.087046	2.499486
490.599366	1733.941667	14.293671	-0.087013	2.499498
490.689476	1733.909822	14.298675	-0.087029	2.499498
490.595080	1733.757116	14.303680	-0.087012	2.499398
490.769328	1733.264086	14.308685	-0.087043	2.499168
490.850215	1733.242479	14.313690	-0.087058	2.499171
490.828618	1733.247925	14.318695	-0.087054	2.499170
490.958586	1732.912174	14.323699	-0.087077	2.499015
490.707763	1732.725328	14.328704	-0.087032	2.498869
490.828051	1732.662765	14.333709	-0.087054	2.498858
490.683340	1732.718553	14.338714	-0.087028	2.498861
490.621005	1732.572226	14.343719	-0.087017	2.498771
490.508400	1732.181912	14.348723	-0.086997	2.498541
490.350751	1732.258882	14.353728	-0.086969	2.498553
490.452212	1732.213714	14.358733	-0.086987	2.498548
490.448513	1732.203260	14.363738	-0.086986	2.498542
490.395044	1732.245859	14.368743	-0.086977	2.498554
490.445834	1732.216942	14.373747	-0.086986	2.498549
490.389483	1732.247689	14.378752	-0.086976	2.498554
490.171264	1732.303166	14.383757	-0.086937	2.498543
490.235900	1732.282560	14.388762	-0.086948	2.498544
490.327745	1732.265594	14.393767	-0.086965	2.498553
490.294487	1732.803233	14.398771	-0.086959	2.498834
490.270403	1732.855729	14.403776	-0.086955	2.498857
490.266960	1732.868859	14.408781	-0.086954	2.498864
490.190700	1732.906274	14.413786	-0.086940	2.498869
490.286040	1732.880782	14.418791	-0.086957	2.498874
490.462294	1732.794856	14.423795	-0.086989	2.498861
490.294890	1732.862669	14.428800	-0.086959	2.498866
490.339625	1732.837330	14.433805	-0.086967	2.498860
490.339237	1732.848808	14.438810	-0.086967	2.498866
490.361990	1732.830568	14.443815	-0.086971	2.498861
490.306097	1732.831051	14.448819	-0.086961	2.498851
490.217178	1732.878443	14.453824	-0.086945	2.498860
490.248814	1732.870251	14.458829	-0.086951	2.498861
490.337237	1732.832563	14.463834	-0.086967	2.498858
490.388932	1732.835773	14.468839	-0.086976	2.498869
490.567901	1732.766142	14.473843	-0.087008	2.498865
490.478989	1732.803887	14.478848	-0.086992	2.498869
490.300096	1732.848242	14.483853	-0.086960	2.498859
490.348264	1732.826379	14.488858	-0.086969	2.498857
490.385350	1732.821835	14.493863	-0.086976	2.498861
490.543858	1732.767541	14.498867	-0.087004	2.498862
490.382995	1732.840082	14.503872	-0.086975	2.498870
490.459145	1732.808730	14.508877	-0.086989	2.498868
490.358249	1732.828451	14.513882	-0.086971	2.498860
490.423046	1732.810421	14.518887	-0.086983	2.498862
490.467833	1732.789448	14.523891	-0.086991	2.498859
490.480530	1732.803659	14.528896	-0.086993	2.498869
490.260669	1732.868764	14.533901	-0.086954	2.498863
490.426432	1732.811349	14.538906	-0.086983	2.498863
490.319304	1732.853123	14.543911	-0.086964	2.498866
490.551075	1732.761236	14.548915	-0.087006	2.498860
490.487031	1732.797011	14.553920	-0.086994	2.498867
490.472859	1732.789340	14.558925	-0.086992	2.498860
490.312826	1732.845223	14.563930	-0.086963	2.498860
490.238641	1732.877528	14.568935	-0.086950	2.498864
490.336390	1732.840380	14.573939	-0.086967	2.498862
490.396602	1732.828044	14.578944	-0.086978	2.498867
490.304858	1732.862103	14.583949	-0.086962	2.498868
490.300387	1732.863025	14.588954	-0.086961	2.498868
490.305576	1732.852678	14.593959	-0.086962	2.498863
490.359148	1732.822788	14.598963	-0.086972	2.498857
490.223751	1732.896366	14.603968	-0.086947	2.498871
490.288672	1732.857832	14.608973	-0.086959	2.498863
490.264458	1732.861563	14.613978	-0.086955	2.498860
490.305790	1732.868395	14.618983	-0.086962	2.498872
490.395048	1732.807326	14.623987	-0.086978	2.498856
490.412105	1732.825566	14.628992	-0.086981	2.498869
490.168997	1732.913119	14.633997	-0.086938	2.498870
490.206040	1732.971431	14.639002	-0.086944	2.498908
490.296126	1733.441182	14.644007	-0.086961	2.499176
490.003071	1733.523682	14.649011	-0.086908	2.499165
490.219496	1733.462884	14.654016	-0.086947	2.499173
490.064098	1733.518607	14.659021	-0.086919	2.499174
490.376701	1733.402560	14.664026	-0.086975	2.499171
490.420060	1733.396117	14.669031	-0.086983	2.499175
490.424924	1733.382375	14.674035	-0.086984	2.499169
490.266630	1733.445833	14.679040	-0.086956	2.499173
490.275093	1733.432587	14.684045	-0.086957	2.499168
490.286432	1733.440260	14.689050	-0.086959	2.499174
490.417778	1733.394293	14.694055	-0.086983	2.499174
490.259117	1733.437125	14.699059	-0.086954	2.499167
490.277988	1733.434857	14.704064	-0.086958	2.499170
490.275921	1733.429384	14.709069	-0.086957	2.499166
490.394987	1733.397063	14.714074	-0.086979	2.499171
490.459686	1733.363868	14.719079	-0.086990	2.499166
490.333203	1733.401299	14.724083	-0.086968	2.499162
490.371422	1733.413607	14.729088	-0.086975	2.499176
490.416864	1733.391528	14.734093	-0.086983	2.499173
490.461436	1733.365661	14.739098	-0.086991	2.499167
490.448888	1733.375544	14.744103	-0.086989	2.499170
490.558151	1733.325895	14.749107	-0.087008	2.499164
490.349288	1733.415506	14.754112	-0.086971	2.499173
490.333748	1733.414742	14.759117	-0.086968	2.499170
490.393207	1733.389518	14.764122	-0.086979	2.499167
490.287761	1733.443565	14.769127	-0.086960	2.499177
490.360598	1733.391448	14.774131	-0.086973	2.499162
490.397355	1733.389944	14.779136	-0.086980	2.499168
490.198105	1733.457487	14.784141	-0.086944	2.499167
490.387877	1733.379113	14.789146	-0.086978	2.499161
490.501429	1733.356904	14.794151	-0.086998	2.499170
490.540811	1733.343374	14.799155	-0.087005	2.499170
490.537871	1733.338791	14.804160	-0.087005	2.499167
490.361474	1733.400099	14.809165	-0.086973	2.499167
490.390165	1733.392353	14.814170	-0.086978	2.499169
490.460251	1733.376276	14.819175	-0.086991	2.499173
490.310107	1733.404145	14.824179	-0.086964	2.499160
490.375386	1733.398518	14.829184	-0.086976	2.499169
490.300939	1733.417760	14.834189	-0.086963	2.499166
490.194620	1733.471528	14.839194	-0.086944	2.499174
490.346317	1733.410262	14.844199	-0.086971	2.499170
490.353419	1733.393399	14.849203	-0.086972	2.499162
490.452627	1733.374159	14.854208	-0.086990	2.499171
490.252236	1733.435961	14.859213	-0.086954	2.499166
490.317082	1733.426978	14.864218	-0.086966	2.499174
490.411888	1733.385597	14.869223	-0.086983	2.499169
490.309735	1733.408970	14.874227	-0.086964	2.499163
490.442922	1733.381652	14.879232	-0.086988	2.499173
490.249234	1733.449297	14.884237	-0.086954	2.499173
490.399498	1733.644025	14.889242	-0.086981	2.499305
490.549186	1733.335569	14.894247	-0.087007	2.499168
490.492961	1733.341426	14.899251	-0.086997	2.499161
490.564839	1733.336123	14.904256	-0.087010	2.499172
490.433606	1733.381353	14.909261	-0.086987	2.499171
490.567683	1733.328877	14.914266	-0.087011	2.499168
490.540307	1733.331666	14.919271	-0.087006	2.499165
490.533879	1733.324502	14.924275	-0.087005	2.499160
490.487665	1733.363400	14.929280	-0.086997	2.499172
490.394344	1733.389239	14.934285	-0.086980	2.499168
490.222637	1733.450662	14.939290	-0.086949	2.499169
490.626874	1733.305801	14.944295	-0.087022	2.499167
490.703914	1733.170951	14.949299	-0.087035	2.499110

490.680069	1732.726751	14.954304	-0.087031	2.498868
490.387847	1732.476070	14.959309	-0.086979	2.498680
490.231731	1732.076729	14.964314	-0.086951	2.498437
490.342882	1731.433522	14.969319	-0.086971	2.498114
490.286439	1730.503665	14.974323	-0.086960	2.497607
490.372513	1729.460503	14.979328	-0.086976	2.497066
490.301053	1728.250136	14.984333	-0.086963	2.496405
490.189131	1726.882022	14.989338	-0.086943	2.495653
490.195987	1725.347611	14.994343	-0.086944	2.494834
490.216307	1723.587297	14.999347	-0.086947	2.493896
490.202519	1721.785046	15.004352	-0.086945	2.492928
490.246761	1719.659488	15.009357	-0.086952	2.491799
489.937145	1717.536940	15.014362	-0.086897	2.490603
489.748193	1715.279801	15.019367	-0.086863	2.489358
489.639812	1712.904552	15.024371	-0.086843	2.488064
489.698410	1710.291779	15.029376	-0.086853	2.486673
489.457949	1707.611347	15.034381	-0.086810	2.485189
489.463765	1704.757736	15.039386	-0.086810	2.483657
489.381113	1701.773431	15.044391	-0.086795	2.482038
489.103806	1698.679157	15.049395	-0.086745	2.480321
489.161843	1695.387556	15.054400	-0.086755	2.478560
489.010008	1691.987606	15.059405	-0.086728	2.476700
488.762043	1688.498941	15.064410	-0.086683	2.474773
488.677968	1684.976731	15.069415	-0.086668	2.472856
488.536112	1681.188567	15.074419	-0.086642	2.470784
488.447216	1677.308546	15.079424	-0.086625	2.468671
488.268823	1673.288200	15.084429	-0.086593	2.466462
487.986843	1669.234427	15.089434	-0.086542	2.464214
488.020235	1665.002885	15.094439	-0.086548	2.461928
487.839219	1660.601760	15.099443	-0.086515	2.459506
487.682457	1656.138494	15.104448	-0.086486	2.457053
487.509638	1651.555947	15.109453	-0.086455	2.454529
487.274846	1646.931757	15.114458	-0.086412	2.451969
487.062921	1642.124588	15.119463	-0.086374	2.449310
486.826811	1637.279775	15.124467	-0.086331	2.446623
486.733514	1632.286104	15.129472	-0.086313	2.443880
486.460620	1627.250011	15.134477	-0.086264	2.441075
486.279960	1622.105257	15.139482	-0.086231	2.438226
486.274899	1616.718180	15.144487	-0.086230	2.435274
485.902666	1611.421879	15.149491	-0.086162	2.432297
485.706976	1605.936224	15.154496	-0.086127	2.429247
485.397115	1600.424396	15.159501	-0.086071	2.426157
485.131607	1594.885733	15.164506	-0.086022	2.423056
484.883487	1589.201893	15.169511	-0.085977	2.419875
484.622868	1583.456642	15.174515	-0.085930	2.416653
484.539552	1577.526457	15.179520	-0.085914	2.413359
484.205838	1571.579956	15.184525	-0.085854	2.410003
484.002476	1565.524111	15.189530	-0.085817	2.406606
483.903886	1559.367378	15.194535	-0.085798	2.403170
483.473616	1553.236226	15.199539	-0.085721	2.399677
483.427845	1546.877257	15.204544	-0.085712	2.396129
483.061959	1540.617412	15.209549	-0.085646	2.392567
482.905963	1534.126261	15.214554	-0.085617	2.388911
482.752042	1527.552386	15.219559	-0.085589	2.385205
482.446922	1520.954516	15.224563	-0.085533	2.381449
482.088430	1514.336777	15.229568	-0.085468	2.377665
481.908667	1507.598933	15.234573	-0.085435	2.373844
481.576398	1500.834286	15.239578	-0.085375	2.369970
481.280418	1493.955204	15.244583	-0.085321	2.366033
480.960548	1487.084461	15.249587	-0.085263	2.362089
480.707754	1480.131013	15.254592	-0.085217	2.358105
480.328911	1473.217095	15.259597	-0.085148	2.354112
480.204189	1466.063126	15.264602	-0.085125	2.350026
480.091908	1458.820162	15.269607	-0.085104	2.345885
479.727998	1451.606725	15.274611	-0.085038	2.341703
479.381017	1444.357573	15.279616	-0.084975	2.337496
479.043564	1437.052652	15.284621	-0.084914	2.333252
478.649823	1429.686147	15.289626	-0.084843	2.328952
478.368314	1422.311462	15.294631	-0.084791	2.324664
478.022768	1414.882944	15.299635	-0.084729	2.320323
477.782311	1407.366080	15.304640	-0.084685	2.315944
477.348475	1399.942628	15.309645	-0.084606	2.311571
476.855743	1392.442539	15.314650	-0.084517	2.307134
476.540348	1384.942571	15.319655	-0.084460	2.302724
476.176562	1377.395635	15.324659	-0.084394	2.298269
476.068206	1369.687321	15.329664	-0.084374	2.293764
475.821582	1361.944849	15.334669	-0.084329	2.289201
475.415191	1354.187032	15.339674	-0.084255	2.284587
475.055639	1346.433290	15.344679	-0.084190	2.279976
474.839760	1338.551117	15.349683	-0.084150	2.275310
474.583967	1330.662795	15.354688	-0.084103	2.270622
474.132454	1322.783598	15.359693	-0.084022	2.265889
473.917104	1314.768897	15.364698	-0.083982	2.261116
473.491070	1306.792929	15.369703	-0.083905	2.256310
473.031490	1298.830997	15.374707	-0.083822	2.251496
472.676454	1290.780607	15.379712	-0.083757	2.246641
472.483797	1282.676299	15.384717	-0.083722	2.241778
472.053705	1274.577995	15.389722	-0.083644	2.236856
471.658914	1266.529871	15.394727	-0.083572	2.231962
471.088267	1258.468671	15.399731	-0.083469	2.227011
470.658774	1250.449814	15.404736	-0.083391	2.222104
470.512915	1242.252917	15.409741	-0.083364	2.217141
470.081421	1234.132212	15.414746	-0.083286	2.212151
469.828862	1225.907949	15.419751	-0.083240	2.207126
469.372016	1217.701874	15.424755	-0.083157	2.202055
469.132957	1209.435198	15.429760	-0.083113	2.196984
468.848165	1201.141709	15.434765	-0.083061	2.191875
468.433890	1192.804242	15.439770	-0.082986	2.186698
468.063266	1184.509155	15.444775	-0.082919	2.181544
467.632244	1176.181287	15.449779	-0.082841	2.176344
467.230581	1167.823320	15.454784	-0.082768	2.171120
466.732892	1159.536373	15.459789	-0.082678	2.165905
466.368301	1151.192213	15.464794	-0.082612	2.160672
466.043083	1142.846299	15.469799	-0.082552	2.155435
465.660694	1134.452446	15.474803	-0.082483	2.150141
465.286867	1126.059817	15.479808	-0.082415	2.144837
464.836344	1117.700666	15.484813	-0.082333	2.139524
464.397490	1109.343122	15.489818	-0.082254	2.134200
464.004620	1100.966037	15.494823	-0.082183	2.128862
463.631960	1092.541513	15.499827	-0.082115	2.123485
463.417923	1084.051775	15.504832	-0.082076	2.118089
462.973980	1075.641213	15.509837	-0.081995	2.112677
462.536179	1067.181564	15.514842	-0.081916	2.107221
462.237680	1058.682264	15.519847	-0.081861	2.101758
461.925742	1050.139074	15.524851	-0.081804	2.096249
461.594813	1041.537499	15.529856	-0.081744	2.090684
461.054257	1033.063555	15.534861	-0.081646	2.085136
460.586774	1024.550546	15.539866	-0.081562	2.079566
460.301401	1016.034968	15.544871	-0.081510	2.074022
459.709748	1007.601802	15.549875	-0.081403	2.068444
459.314410	999.127867	15.554880	-0.081331	2.062871
459.015637	990.589852	15.559885	-0.081277	2.057264
458.502430	982.114987	15.564890	-0.081184	2.051631
458.238069	973.574468	15.569895	-0.081135	2.046000
457.872016	965.019510	15.574899	-0.081069	2.040319
457.438900	956.489387	15.579904	-0.080990	2.034622
456.947819	948.034096	15.584909	-0.080901	2.028944
456.434712	939.570391	15.589914	-0.080809	2.023239
455.972331	931.129723	15.594919	-0.080725	2.017546
455.585549	922.625355	15.599923	-0.080655	2.011812
455.249756	914.117269	15.604928	-0.080593	2.006073
454.862495	905.633898	15.609933	-0.080523	2.000320
454.410579	897.162617	15.614938	-0.080441	1.994543
454.027625	888.680243	15.619943	-0.080372	1.988758
453.517789	880.258599	15.624947	-0.080280	1.982966
453.193865	871.777066	15.629952	-0.080221	1.977163
452.822100	863.281075	15.634957	-0.080153	1.971321
452.285830	854.839586	15.639962	-0.080056	1.965456
451.821177	846.450550	15.644967	-0.079972	1.959628
451.506010	838.001809	15.649971	-0.079914	1.953780
451.058388	829.549167	15.654976	-0.079833	1.947878
450.647655	821.138775	15.659981	-0.079759	1.941996
450.192288	812.767032	15.664986	-0.079676	1.936111
449.773107	804.349266	15.669991	-0.079600	1.930185
449.331354	795.966166	15.674995	-0.079520	1.924260
448.985452	787.526662	15.680000	-0.079457	1.918301
448.492006	779.177299	15.685005	-0.079368	1.912349
447.883839	770.886437	15.690010	-0.079258	1.906389
447.569410	762.513396	15.695015	-0.079201	1.900429
447.138030	754.190279	15.700019	-0.079123	1.894455
446.626251	745.894836	15.705024	-0.079030	1.888460
446.380092	737.526505	15.710029	-0.078985	1.882464
445.976811	729.181633	15.715034	-0.078912	1.876424
445.470920	720.888102	15.720039	-0.078820	1.870374
445.002748	712.619131	15.725043	-0.078736	1.864332
444.549408	704.350401	15.730048	-0.078654	1.858274
444.168608	696.062804	15.735053	-0.078584	1.852202
443.796088	687.749810	15.740058	-0.078517	1.846094
443.347569	679.528536	15.745063	-0.078436	1.840011
442.740058	671.351301	15.750067	-0.078326	1.833897
442.330730	663.153474	15.755072	-0.078252	1.827801
442.125240	654.880827	15.760077	-0.078214	1.821687
441.610349	646.707342	15.765082	-0.078121	1.815539
441.230850	638.470475	15.770087	-0.078052	1.809360
440.729091	630.311025	15.775091	-0.077961	1.803184
440.185110	622.211399	15.780096	-0.077863	1.797019
439.630540	614.165157	15.785101	-0.077763	1.790869
439.141884	606.101462	15.790106	-0.077674	1.784703
438.835310	597.997723	15.795111	-0.077618	1.778538
438.424152	589.882241	15.800115	-0.077544	1.772313
437.983777	581.828248	15.805120	-0.077464	1.766103
437.588515	573.791126	15.810125	-0.077392	1.759897
437.015927	565.816024	15.815130	-0.077289	1.753665
436.402911	557.908212	15.820135	-0.077178	1.747451
435.882573	550.038297	15.825139	-0.077084	1.741270
435.387277	542.188476	15.830144	-0.076995	1.735090
434.969083	534.310267	15.835149	-0.076919	1.728888
434.515800	526.465896	15.840154	-0.076837	1.722680
433.968109	518.720745	15.845159	-0.076738	1.716499
433.587903	510.909092	15.850163	-0.076669	1.710292
433.084000	503.164364	15.855168	-0.076578	1.704079
432.660560	495.417865	15.860173	-0.076501	1.697865
432.009330	487.763750	15.865178	-0.076384	1.691633
431.498137	480.150890	15.870183	-0.076291	1.685453
431.136589	472.484403	15.875187	-0.076226	1.679252
430.732168	464.832710	15.880192	-0.076152	1.673028
430.290298	457.199944	15.885197	-0.076072	1.666783
429.709933	449.662645	15.890202	-0.075968	1.660549
429.150580	442.178489	15.895207	-0.075867	1.654341
428.661009	434.680709	15.900211	-0.075778	1.648120
428.252061	427.187155	15.905216	-0.075704	1.641904
427.998804	419.649481	15.910221	-0.075658	1.635677
427.343650	412.227357	15.915226	-0.075540	1.629394
426.894635	404.829722	15.920231	-0.075459	1.623172
426.327164	397.452085	15.925235	-0.075356	1.616905
425.694824	390.156772	15.930240	-0.075242	1.610661
425.263032	382.851717	15.935245	-0.075164	1.604448
424.556186	375.696085	15.940250	-0.075037	1.598248
423.975310	368.577021	15.945255	-0.074932	1.592095
423.573559	361.395774	15.950259	-0.074859	1.585923
423.006896	354.304386	15.955264	-0.074757	1.579750
422.530409	347.202785	15.960269	-0.074671	1.573573
421.849542	340.248484	15.965274	-0.074548	1.567430
421.315138	333.309445	15.970279	-0.074452	1.561324
420.536992	326.503127	15.975283	-0.074312	1.555227
420.012537	319.684236	15.980288	-0.074217	1.549180
419.448824	312.897036	15.985293	-0.074115	1.543123
418.879424	306.171433	15.990298	-0.074013	1.537093
418.651302	299.302138	15.995303	-0.073971	1.531030
417.978722	292.624434	16.000307	-0.073850	1.524959
417.408658	285.990238	16.005312	-0.073747	1.518937
416.687137	279.466813	16.010317	-0.073617	1.512938
416.160036	272.922280	16.015322	-0.073522	1.506962
415.369430	266.545138	16.020327	-0.073380	1.501020
414.735360	260.162517	16.025331	-0.073266	1.495104
414.217953	253.792919	16.030336	-0.073172	1.489217
413.155207	247.726483	16.035341	-0.072981	1.483389
412.742847	241.522899	16.040346	-0.072907	1.477641
412.134152	235.389175	16.045351	-0.072797	1.471866
411.656316	229.239589	16.050355	-0.072711	1.466099
411.044342	223.153948	16.055360	-0.072601	1.460320
410.433693	217.123860	16.060365	-0.072491	1.454569
409.856063	211.132757	16.065370	-0.072387	1.448844
409.138928	205.276807	16.070375	-0.072258	1.443170
408.292293	199.557392	16.075379	-0.072106	1.437555
407.617842	193.838658	16.080384	-0.071984	1.431980
406.872861	188.226904	16.085389	-0.071850	1.426457
405.950516	182.770373	16.090394	-0.071685	1.420994
405.586490	177.164039	16.095399	-0.071619	1.415574
405.012864	171.645429	16.100403	-0.071515	1.410138
404.338413	166.199824	16.105408	-0.071394	1.404714
403.399778	160.994656	16.110413	-0.071226	1.399399
402.463503	155.845901	16.115418	-0.071058	1.394119
401.923106	150.650916	16.120423	-0.070960	1.388923
401.365593	145.483747	16.125427	-0.070860	1.383728
400.768541	140.361183	16.130432	-0.070752	1.378541
399.541304	135.575717	16.135437	-0.070532	1.373423
399.034433	130.629149	16.140442	-0.070441	1.368404
398.510312	125.710036	16.145447	-0.070347	1.363386
397.894874	120.872032	16.150451	-0.070236	1.358394
397.251010	116.057448	16.155456	-0.070120	1.353396
396.206092	111.515586	16.160461	-0.069933	1.348494
395.567577	106.887717	16.165466	-0.069818	1.343646
394.893851	102.353987	16.170471	-0.069697	1.338861
394.184812	97.863026	16.175475	-0.069569	1.334088
393.321138	93.505247	16.180480	-0.069414	1.329370
392.655108	89.155149	16.185485	-0.069295	1.324722
391.883051	84.908321	16.190490	-0.069156	1.320119
391.177830	80.689378	16.195495	-0.069029	1.315556
390.164339	76.669609	16.200499	-0.068848	1.311056
389.442651	72.643868	16.205504	-0.068718	1.306651
388.769048	68.635119	16.210509	-0.068597	1.302269
387.997741	64.679873	16.215514	-0.068459	1.297887
387.006798	60.932606	16.220519	-0.068281	1.293615
385.900141	57.377855	16.225523	-0.068082	1.289483
385.564999	53.550264	16.230528	-0.068022	1.285368
384.870774	49.904255	16.235533	-0.067897	1.281282
383.981032	46.405747	16.240538	-0.067738	1.277257
383.005694	42.996435	16.245543	-0.067563	1.273277
382.108508	39.693252	16.250547	-0.067402	1.269429
381.407247	36.361720	16.255552	-0.067276	1.265621
380.329131	33.282677	16.260557	-0.067083	1.261912
379.473793	30.181620	16.265562	-0.066930	1.258261
379.048512	26.973418	16.270567	-0.066853	1.254665
378.227511	23.937387	16.275571	-0.066706	1.251077
377.389268	20.991663	16.280576	-0.066556	1.247568
376.582781	18.099296	16.285581	-0.066411	1.244120
375.545305	15.390201	16.290586	-0.066225	1.240762
374.708381	12.703682	16.295591	-0.066075	1.237504
373.971260	10.002764	16.300595	-0.065943	1.234265
372.998474	7.506185	16.305600	-0.065768	1.231138
371.709409	5.235570	16.310605	-0.065538	1.228113
370.919455	2.874494	16.315610	-0.065396	1.225197
369.883053	0.696155	16.320615	-0.065210	1.222368
369.013417	-1.455181	16.325619	-0.065054	1.219634
367.931950	-3.446527	16.330624	-0.064861	1.216977
366.865571	-5.335832	16.335629	-0.064670	1.214434
366.258802	-7.327903	16.340634	-0.064561	1.211972
365.265200	-9.106157	16.345639	-0.064383	1.209572
364.074640	-10.705072	16.350643	-0.064170	1.207281
362.938471	-12.218200	16.355648	-0.063966	1.205104
361.693460	-13.543372	16.360653	-0.063744	1.203084
342.739295	-7.274294	16.365658	-0.060353	1.201739
337.820563	-1.697061	16.370663	-0.059474	1.205787
337.034983	-0.375791	16.375667	-0.059334	1.206910
350.318044	-3.949445	16.380672	-0.061710	1.208756
344.317166	-0.914465	16.385677	-0.060636	1.209497
346.238613	-1.453115	16.390682	-0.060980	1.209740
349.791837	-2.457050	16.395687	-0.061616	1.210179
346.745254	-1.314177	16.400691	-0.061071	1.210115
347.655226	-1.704631	16.405696	-0.061234	1.210080
348.568007	-2.057340	16.410701	-0.061397	1.210088
346.090079	-1.224195	16.415706	-0.060954	1.209929
346.667395	-1.479391	16.420711	-0.061057	1.209898
345.838742	-1.374978	16.425715	-0.060909	1.209652
345.910313	-1.409395	16.430720	-0.060922	1.209645
345.954436	-1.690228	16.435725	-0.060930	1.209354
344.007471	-1.190236	16.440730	-0.060581	1.209057
344.597678	-1.320031	16.445735	-0.060687	1.209171
343.938492	-1.269252	16.450739	-0.060569	1.208940
342.792468	-1.052366	16.455744	-0.060364	1.208679
343.365557	-1.345318	16.460749	-0.060467	1.208605
341.650208	-0.874208	16.465754	-0.060160	1.208378
342.257904	-1.138834	16.470759	-0.060269	1.208350
341.683282	-1.183457	16.475763	-0.060166	1.208049
340.948944	-1.082407	16.480768	-0.060034	1.207840
341.182818	-1.334924	16.485773	-0.060076	1.207663
338.754680	-0.583703	16.490778	-0.059642	1.207434
339.306258	-0.801922	16.495783	-0.059741	1.207433
340.188547	-1.298136	16.500787	-0.059898	1.207269
338.447342	-0.970592	16.505792	-0.059587	1.206870
338.704698	-1.232025	16.510797	-0.059633	1.206693
336.909039	-0.665769	16.515802	-0.059312	1.206535
337.078276	-0.856981	16.520807	-0.059342	1.206397
337.305404	-1.171215	16.525811	-0.059383	1.206148
335.499154	-0.666094	16.530816	-0.059060	1.205917
336.235633	-1.133430	16.535821	-0.059191	1.205721
334.956425	-0.853286	16.540826	-0.058963	1.205472
333.708331	-0.537752	16.545831	-0.058739	1.205275
335.050429	-1.148177	16.550835	-0.058979	1.205185
333.285467	-0.654421	16.555840	-0.058664	1.204960
333.290809	-0.765731	16.560845	-0.058665	1.204839
332.464728	-0.595621	16.565850	-0.058517	1.204666
332.369934	-0.802043	16.570855	-0.058500	1.204395
332.245312	-0.971183	16.575859	-0.058478	1.204152
330.800811	-0.523303	16.580864	-0.058219	1.204016
330.913185	-0.810387	16.585869	-0.058240	1.203746
330.135019	-0.693076	16.590874	-0.058100	1.203535
329.041280	-0.382625	16.595879	-0.057905	1.203400
329.886879	-0.815068	16.600883	-0.058056	1.203290
328.500055	-0.458979	16.605888	-0.057808	1.203078
328.777530	-0.794246	16.610893	-0.057858	1.202826
327.821918	-0.676036	16.615898	-0.057687	1.202538
327.305765	-0.541615	16.620903	-0.057594	1.202461
327.507696	-0.851865	16.625907	-0.057630	1.202204
325.224234	-0.222202	16.630912	-0.057222	1.201902
326.337065	-0.653149	16.635917	-0.057421	1.201911
325.749901	-0.697973	16.640922	-0.057316	1.201603
324.844536	-0.574928	16.645927	-0.057154	1.201342
325.121844	-0.867264	16.650931	-0.057204	1.201138
323.204607	-0.262319	16.655936	-0.056861	1.200969
323.459617	-0.561530	16.660941	-0.056906	1.200747
323.438587	-0.782006	16.665946	-0.056903	1.200492
322.240431	-0.448969	16.670951	-0.056688	1.200336
322.078509	-0.655074	16.675955	-0.056659	1.200035
320.956062	-0.388030	16.680960	-0.056459	1.199838
321.181572	-0.572925	16.685965	-0.056499	1.199731
320.792283	-0.666546	16.690970	-0.056429	1.199455
319.573425	-0.284537	16.695975	-0.056211	1.199345
319.518390	-0.498567	16.700979	-0.056202	1.199081
318.652470	-0.362232	16.705984	-0.056047	1.198852
318.991732	-0.584322	16.710989	-0.056107	1.198753
318.309813	-0.581517	16.715994	-0.055985	1.198455
317.166073	-0.394667	16.720999	-0.055781	1.198160
317.691911	-0.727370	16.726003	-0.055875	1.198020
315.791324	-0.148660	16.731008	-0.055535	1.197828
316.344572	-0.454765	16.736013	-0.055634	1.197730
315.992283	-0.587068	16.741018	-0.055571	1.197426
315.249251	-0.452953	16.746023	-0.055438	1.197248
315.205393	-0.741482	16.751027	-0.055430	1.196906
313.688003	-0.401207	16.756032	-0.055159	1.196616
313.944000	-0.591256	16.761037	-0.055205	1.196517
313.375939	-0.621673	16.766042	-0.055103	1.196232
311.950924	-0.278122	16.771047	-0.054848	1.195986
312.962908	-0.800160	16.776051	-0.055029	1.195849
311.483932	-0.453814	16.781056	-0.054765	1.195583
310.924592	-0.439011	16.786061	-0.054665	1.195352
311.532005	-0.882744	16.791066	-0.054773	1.195123
309.424287	-0.119734	16.796071	-0.054396	1.195046
310.096950	-0.645922	16.801075	-0.054517	1.194754
309.736259	-0.773195	16.806080	-0.054452	1.194451
308.613254	-0.565188	16.811085	-0.054251	1.194187
308.628283	-0.767073	16.816090	-0.054254	1.193967
306.871608	-0.229771	16.821095	-0.053940	1.193792
307.674664	-0.650121	16.826099	-0.054083	1.193676
306.612823	-0.452245	16.831104	-0.053893	1.193428
305.527652	-0.269620	16.836109	-0.053699	1.193152
306.533682	-0.776634	16.841114	-0.053879	1.193028
304.586748	-0.166498	16.846119	-0.053531	1.192850
305.387978	-0.586752	16.851123	-0.053674	1.192734
304.463102	-0.519704	16.856128	-0.053509	1.192399
303.536687	-0.238702	16.861133	-0.053343	1.192303
303.527092	-0.474594	16.866138	-0.053342	1.192034
302.454641	-0.194258	16.871143	-0.053150	1.191873
302.395979	-0.368102	16.876147	-0.053139	1.191652
302.108127	-0.473005	16.881152	-0.053088	1.191406
301.459073	-0.328365	16.886157	-0.052972	1.191280
301.448783	-0.623103	16.891162	-0.052970	1.190944
299.792458	-0.181420	16.896167	-0.052674	1.190705
300.353824	-0.515974	16.901171	-0.052774	1.190578
299.444216	-0.406322	16.906176	-0.052611	1.190297
297.785660	0.066313	16.911181	-0.052315	1.190092
299.227535	-0.598677	16.916186	-0.052573	1.189984
297.734415	-0.184782	16.921191	-0.052306	1.189786
297.743740	-0.416318	16.926195	-0.052307	1.189529
297.270708	-0.496621	16.931200	-0.052223	1.189228
296.015289	-0.078364	16.936205	-0.051998	1.189141
296.723967	-0.638798	16.941210	-0.052125	1.188825
295.283769	-0.339369	16.946215	-0.051867	1.188521
295.314502	-0.461744	16.951219	-0.051873	1.188397
294.735019	-0.533061	16.956224	-0.051769	1.188058
292.954412	0.030310	16.961229	-0.051451	1.187900
293.957488	-0.425582	16.966234	-0.051630	1.187833
292.794733	-0.184073	16.971239	-0.051422	1.187587
293.020961	-0.420649	16.976243	-0.051463	1.187421
292.780086	-0.639752	16.981248	-0.051419	1.187066
291.045944	-0.120394	16.986253	-0.051109	1.186879
291.452010	-0.463451	16.991258	-0.051182	1.186673
290.466975	-0.341563	16.996263	-0.051006	1.186371
290.216125	-0.332938	17.001267	-0.050961	1.186269
289.791612	-0.432065	17.006272	-0.050885	1.185967
287.989881	0.083351	17.011277	-0.050563	1.185746
289.513183	-0.597145	17.016282	-0.050835	1.185656
288.476366	-0.507651	17.021287	-0.050650	1.185295
287.580875	-0.311956	17.026291	-0.050490	1.185116
287.453646	-0.495580	17.031296	-0.050467	1.184851
286.168950	-0.165349	17.036301	-0.050237	1.184651
286.201778	-0.318907	17.041306	-0.050243	1.184492
285.838392	-0.412378	17.046311	-0.050178	1.184223
285.330760	-0.337573	17.051315	-0.050087	1.184081
284.876948	-0.375820	17.056320	-0.050006	1.183835
283.299054	0.006975	17.061325	-0.049724	1.183562
284.656790	-0.624032	17.066330	-0.049967	1.183455
283.427702	-0.468107	17.071335	-0.049747	1.183082
282.522590	-0.239554	17.076339	-0.049585	1.182935
282.455960	-0.442242	17.081344	-0.049573	1.182676
281.372159	-0.113273	17.086349	-0.049379	1.182563
281.566784	-0.346635	17.091354	-0.049414	1.182386
281.101597	-0.416075	17.096359	-0.049331	1.182099
280.307975	-0.263943	17.101363	-0.049189	1.181916
280.475129	-0.594501	17.106368	-0.049219	1.181615
278.651198	-0.032535	17.111373	-0.048892	1.181436
279.237063	-0.464730	17.116378	-0.048997	1.181208
278.558955	-0.491626	17.121383	-0.048876	1.180873
277.420783	-0.118516	17.126387	-0.048672	1.180786
277.897322	-0.565654	17.131392	-0.048758	1.180492
276.314385	-0.224306	17.136397	-0.048475	1.180169
276.554952	-0.340537	17.141402	-0.048518	1.180145
276.255147	-0.469553	17.146407	-0.048464	1.179864
275.046759	-0.281665	17.151411	-0.048248	1.179535
275.466595	-0.585809	17.156416	-0.048323	1.179378
273.825537	-0.064941	17.161421	-0.048029	1.179233
274.066236	-0.368921	17.166426	-0.048072	1.178995
273.995109	-0.574843	17.171431	-0.048060	1.178729
272.201443	0.026014	17.176435	-0.047739	1.178606
272.800726	-0.449523	17.181440	-0.047846	1.178334
271.857639	-0.307897	17.186445	-0.047677	1.178071
271.805129	-0.388757	17.191450	-0.047668	1.177956
271.175390	-0.453639	17.196455	-0.047555	1.177598
269.954831	-0.134571	17.201459	-0.047337	1.177413
270.915469	-0.651231	17.206464	-0.047509	1.177256
268.662906	0.086080	17.211469	-0.047106	1.177082
268.898638	-0.134024	17.216474	-0.047148	1.176938
269.307449	-0.580235	17.221479	-0.047221	1.176613
267.425940	0.010122	17.226483	-0.046885	1.176439
268.276155	-0.550301	17.231488	-0.047037	1.176183
266.817223	-0.287116	17.236493	-0.046776	1.175825
266.261596	-0.084611	17.241498	-0.046677	1.175806
266.514708	-0.437373	17.246503	-0.046722	1.175517
264.902735	-0.061363	17.251507	-0.046434	1.175219
265.881386	-0.525122	17.256512	-0.046609	1.175132
264.552244	-0.267729	17.261517	-0.046371	1.174826
263.358027	-0.031050	17.266522	-0.046157	1.174557
264.503133	-0.567719	17.271527	-0.046362	1.174461
262.524473	0.026252	17.276531	-0.046008	1.174246
263.415456	-0.541822	17.281536	-0.046168	1.173999
262.457468	-0.457055	17.286541	-0.045996	1.173664
261.511856	-0.213463	17.291546	-0.045827	1.173515
261.723267	-0.589759	17.296551	-0.045865	1.173180
259.933868	-0.045680	17.301555	-0.045545	1.172994
260.753425	-0.512548	17.306560	-0.045691	1.172830
259.975378	-0.447283	17.311565	-0.045552	1.172553
258.708429	-0.035514	17.316570	-0.045326	1.172451
259.514226	-0.592851	17.321575	-0.045470	1.172178
257.989655	-0.315267	17.326579	-0.045197	1.171806
258.524800	-0.661433	17.331584	-0.045293	1.171651
257.146158	-0.425686	17.336589	-0.045046	1.171297
255.931564	-0.057757	17.341594	-0.044829	1.171169
256.974241	-0.607767	17.346599	-0.045016	1.171011
255.728892	-0.319475	17.351603	-0.044793	1.170777
255.408766	-0.398290	17.356608	-0.044736	1.170542
254.698695	-0.376695	17.361613	-0.044609	1.170245
254.028071	-0.149062	17.366618	-0.044489	1.170202
254.627712	-0.670045	17.371623	-0.044596	1.169876
253.092199	-0.302458	17.376627	-0.044321	1.169601
253.194599	-0.558378	17.381632	-0.044340	1.169354
252.111228	-0.374328	17.386637	-0.044146	1.169074
250.821668	0.049545	17.391642	-0.043915	1.168975
252.454689	-0.711222	17.396647	-0.044207	1.168843
250.566737	-0.265069	17.401651	-0.043870	1.168498
250.426569	-0.349308	17.406656	-0.043845	1.168338
250.141392	-0.458644	17.411661	-0.043793	1.168083
248.906929	-0.025077	17.416666	-0.043573	1.168020
249.414861	-0.484972	17.421671	-0.043664	1.167723
248.295190	-0.249388	17.426675	-0.043463	1.167485
248.436855	-0.470209	17.431680	-0.043489	1.167295
247.687977	-0.476074	17.436685	-0.043355	1.166948
245.907723	0.129519	17.441690	-0.043036	1.166835
247.345630	-0.593036	17.446695	-0.043293	1.166658
246.048572	-0.402351	17.451699	-0.043061	1.166287
245.674680	-0.407058	17.456704	-0.042995	1.166111
245.055442	-0.360896	17.461709	-0.042884	1.165883
243.764025	-0.127612	17.466714	-0.042653	1.165563
245.038576	-0.723133	17.471719	-0.042881	1.165458
243.552450	-0.407410	17.476723	-0.042615	1.165145
242.598730	-0.188404	17.481728	-0.042444	1.164963
243.180590	-0.625127	17.486733	-0.042549	1.164724
241.636732	-0.176260	17.491738	-0.042272	1.164538
241.930932	-0.489029	17.496743	-0.042325	1.164312
241.101679	-0.423483	17.501747	-0.042177	1.164009
240.696524	-0.442481	17.506752	-0.042104	1.163803
240.431845	-0.582238	17.511757	-0.042057	1.163521
238.826052	-0.075469	17.516762	-0.041770	1.163373
239.798543	-0.620123	17.521767	-0.041944	1.163188
238.776470	-0.521233	17.526771	-0.041761	1.162836
237.956093	-0.281056	17.531776	-0.041614	1.162738
238.185864	-0.594319	17.536781	-0.041655	1.162482
235.818649	0.102643	17.541786	-0.041232	1.162205
237.117982	-0.411387	17.546791	-0.041464	1.162205
236.494070	-0.426490	17.551795	-0.041353	1.161903
235.703262	-0.361281	17.556800	-0.041211	1.161617
235.996979	-0.684762	17.561805	-0.041264	1.161377
233.937724	0.023171	17.566810	-0.040895	1.161254
234.220662	-0.364382	17.571815	-0.040946	1.160935
234.198873	-0.551711	17.576819	-0.040942	1.160708
233.070641	-0.239225	17.581824	-0.040740	1.160554
233.049520	-0.466527	17.586829	-0.040737	1.160281
231.427840	-0.049973	17.591834	-0.040447	1.160021
232.395845	-0.514730	17.596839	-0.040620	1.159926
231.712326	-0.563157	17.601843	-0.040497	1.159557
230.338868	-0.177234	17.606848	-0.040252	1.159375
230.593281	-0.480718	17.611853	-0.040297	1.159140
229.606241	-0.259055	17.616858	-0.040121	1.158945
229.540060	-0.403492	17.621863	-0.040109	1.158747
229.151417	-0.525169	17.626867	-0.040039	1.158428
227.920835	-0.297833	17.631872	-0.039819	1.158127
228.570737	-0.637825	17.636877	-0.039936	1.158031
226.785891	-0.113886	17.641882	-0.039616	1.157820
227.270388	-0.496387	17.646887	-0.039703	1.157598
226.979894	-0.645491	17.651891	-0.039651	1.157292
224.871823	-0.077913	17.656896	-0.039274	1.156983
226.088614	-0.619604	17.661901	-0.039492	1.156913
224.267436	-0.172983	17.666906	-0.039166	1.156595
224.667784	-0.391263	17.671911	-0.039238	1.156525
224.355544	-0.517727	17.676915	-0.039182	1.156235
222.832014	-0.149693	17.681920	-0.038909	1.155963
223.786111	-0.669835	17.686925	-0.039080	1.155797
222.117462	-0.287117	17.691930	-0.038781	1.155474
221.849736	-0.300144	17.696935	-0.038734	1.155336
221.914692	-0.545203	17.701939	-0.038745	1.155081
220.520793	-0.248150	17.706944	-0.038496	1.154785
220.876906	-0.471385	17.711949	-0.038560	1.154689
219.516817	-0.176404	17.716954	-0.038316	1.154407
219.810501	-0.452424	17.721959	-0.038369	1.154221
219.484171	-0.529134	17.726963	-0.038310	1.153981
218.012406	-0.123920	17.731968	-0.038047	1.153775
218.537284	-0.565685	17.736973	-0.038141	1.153502
217.014543	-0.214497	17.741978	-0.037869	1.153210
216.736894	-0.152611	17.746983	-0.037819	1.153154
217.278170	-0.570804	17.751987	-0.037916	1.152916
215.919779	-0.267075	17.756992	-0.037673	1.152644
216.401269	-0.599745	17.761997	-0.037759	1.152478
214.777904	-0.307777	17.767002	-0.037469	1.152070
214.617958	-0.338367	17.772007	-0.037440	1.151960
214.298247	-0.445544	17.777011	-0.037383	1.151688
213.181535	-0.093816	17.782016	-0.037183	1.151583
213.574966	-0.460861	17.787021	-0.037254	1.151336
212.494018	-0.311435	17.792026	-0.037060	1.151011
212.244403	-0.352501	17.797031	-0.037016	1.150848
212.513475	-0.700411	17.802035	-0.037064	1.150566
210.602201	-0.104063	17.807040	-0.036722	1.150380
210.959152	-0.492249	17.812045	-0.036786	1.150091
210.382943	-0.509407	17.817050	-0.036683	1.149805
209.474571	-0.257406	17.822055	-0.036520	1.149679
209.550450	-0.506589	17.827059	-0.036534	1.149423
208.096834	-0.183205	17.832064	-0.036274	1.149129
208.993328	-0.639236	17.837069	-0.036434	1.149010
207.879332	-0.526910	17.842074	-0.036235	1.148626
206.560360	-0.113155	17.847079	-0.035999	1.148499
207.109174	-0.491772	17.852083	-0.036097	1.148311
206.142272	-0.333432	17.857088	-0.035924	1.148048
205.581218	-0.245924	17.862093	-0.035824	1.147891
205.790722	-0.507510	17.867098	-0.035861	1.147682
204.762080	-0.352576	17.872103	-0.035677	1.147386
204.680606	-0.462761	17.877107	-0.035663	1.147219
203.399672	-0.150458	17.882112	-0.035434	1.146991
203.615834	-0.457814	17.887117	-0.035472	1.146732
203.060586	-0.446251	17.892122	-0.035373	1.146488
202.350374	-0.338568	17.897127	-0.035246	1.146284
202.323331	-0.577544	17.902131	-0.035241	1.145992
200.904102	-0.242051	17.907136	-0.034987	1.145726
200.844662	-0.356743	17.912141	-0.034977	1.145564
200.881817	-0.557259	17.917146	-0.034983	1.145346
199.618542	-0.250825	17.922151	-0.034757	1.145119
199.535777	-0.464286	17.927155	-0.034743	1.144830
198.776724	-0.345884	17.932160	-0.034607	1.144616
198.275559	-0.257758	17.937165	-0.034517	1.144487
197.917539	-0.363985	17.942170	-0.034453	1.144196
197.660546	-0.421406	17.947175	-0.034407	1.144009
197.414448	-0.503498	17.952179	-0.034363	1.143798
195.676447	-0.039970	17.957184	-0.034052	1.143534
196.376015	-0.458993	17.962189	-0.034178	1.143367
196.135623	-0.609727	17.967194	-0.034135	1.143078
194.788296	-0.316390	17.972199	-0.033894	1.142796
194.754772	-0.468157	17.977203	-0.033888	1.142602
192.907872	0.011785	17.982208	-0.033557	1.142306
193.475453	-0.202412	17.987213	-0.033659	1.142319
193.607607	-0.467820	17.992218	-0.033682	1.142068
192.579234	-0.347544	17.997223	-0.033498	1.141730
193.014987	-0.721163	18.002227	-0.033576	1.141493
190.975444	-0.264678	18.007232	-0.033212	1.141080
190.608801	-0.147083	18.012237	-0.033146	1.141048
190.937969	-0.438917	18.017242	-0.033205	1.140857
190.195101	-0.345122	18.022247	-0.033072	1.140621
189.675677	-0.309222	18.027251	-0.032979	1.140421
189.070733	-0.311499	18.032256	-0.032871	1.140136
188.966578	-0.464800	18.037261	-0.032852	1.139907
188.643901	-0.580694	18.042266	-0.032795	1.139619
187.210228	-0.294287	18.047271	-0.032538	1.139288
187.451816	-0.485280	18.052275	-0.032581	1.139175
186.546729	-0.390374	18.057280	-0.032420	1.138864
186.058381	-0.363111	18.062285	-0.032332	1.138668
186.087510	-0.530857	18.067290	-0.032337	1.138484
184.949447	-0.293321	18.072295	-0.032134	1.138232
184.938925	-0.509764	18.077299	-0.032132	1.137972
184.462852	-0.490582	18.082304	-0.032047	1.137772
184.198008	-0.589927	18.087309	-0.031999	1.137530
183.149152	-0.440630	18.092314	-0.031812	1.137216
182.122676	-0.205755	18.097319	-0.031628	1.137013
182.674211	-0.556893	18.102323	-0.031727	1.136856
181.857219	-0.440523	18.107328	-0.031581	1.136611
181.205490	-0.368372	18.112333	-0.031464	1.136391
180.982767	-0.539835	18.117338	-0.031424	1.136084
180.258203	-0.456936	18.122343	-0.031295	1.135842
179.973551	-0.478468	18.127347	-0.031244	1.135683
178.475789	-0.094175	18.132352	-0.030976	1.135436
179.360661	-0.559351	18.137357	-0.031134	1.135300
178.594144	-0.471467	18.142362	-0.030997	1.135045
176.945033	-0.012935	18.147367	-0.030702	1.134814
177.920366	-0.547394	18.152371	-0.030877	1.134639
176.972061	-0.429366	18.157376	-0.030707	1.134333
176.151204	-0.224396	18.162381	-0.030560	1.134191
176.125884	-0.469937	18.167386	-0.030556	1.133888
175.186453	-0.331417	18.172391	-0.030388	1.133611
175.313671	-0.498608	18.177395	-0.030411	1.133472
174.337388	-0.336715	18.182400	-0.030236	1.133206
173.823187	-0.361120	18.187405	-0.030144	1.132935
174.253078	-0.677034	18.192410	-0.030221	1.132762
172.081587	-0.150268	18.197415	-0.029832	1.132366
172.492269	-0.309508	18.202419	-0.029906	1.132370
172.297908	-0.469207	18.207424	-0.029871	1.132089
171.318183	-0.317712	18.212429	-0.029696	1.131808
171.331687	-0.462913	18.217434	-0.029698	1.131642
169.984147	-0.117050	18.222439	-0.029457	1.131419
170.258981	-0.419327	18.227443	-0.029506	1.131189
169.939778	-0.492240	18.232448	-0.029449	1.130952
168.905652	-0.274776	18.237453	-0.029264	1.130723
168.609236	-0.375642	18.242458	-0.029211	1.130464
167.650411	-0.226129	18.247463	-0.029040	1.130190
168.055192	-0.505788	18.252467	-0.029112	1.130048
166.954590	-0.285074	18.257472	-0.028915	1.129791
166.119788	-0.160417	18.262477	-0.028766	1.129546
166.156843	-0.314323	18.267482	-0.028773	1.129380
165.459021	-0.165961	18.272487	-0.028648	1.129228
165.587112	-0.489030	18.277491	-0.028671	1.128903
164.480311	-0.312870	18.282496	-0.028473	1.128591
164.346953	-0.407784	18.287501	-0.028449	1.128415
163.976536	-0.468117	18.292506	-0.028383	1.128168
162.632989	-0.101139	18.297511	-0.028143	1.127971
163.000153	-0.415253	18.302515	-0.028208	1.127770
162.289330	-0.388532	18.307520	-0.028081	1.127465
161.810406	-0.347951	18.312525	-0.027995	1.127288
161.216382	-0.311883	18.317530	-0.027889	1.127050
160.309029	-0.191691	18.322535	-0.027727	1.126764
160.508431	-0.395247	18.327539	-0.027763	1.126615
159.994417	-0.453655	18.332544	-0.027671	1.126302
158.897789	-0.164440	18.337549	-0.027475	1.126129
158.798803	-0.380694	18.342554	-0.027457	1.125824
158.100040	-0.308644	18.347559	-0.027332	1.125579
157.969120	-0.341109	18.352563	-0.027308	1.125478
157.090763	-0.219232	18.357568	-0.027151	1.125208
156.409970	-0.188619	18.362573	-0.027030	1.124922
156.716176	-0.417065	18.367578	-0.027084	1.124794
155.719484	-0.215795	18.372583	-0.026906	1.124562
155.660869	-0.456989	18.377587	-0.026896	1.124246
154.758768	-0.361596	18.382592	-0.026734	1.123932
154.115574	-0.213094	18.387597	-0.026619	1.123805
154.054385	-0.360492	18.392602	-0.026608	1.123599
153.250903	-0.282899	18.397607	-0.026465	1.123311
153.073129	-0.415605	18.402611	-0.026433	1.123067
152.580830	-0.392373	18.407616	-0.026345	1.122861
151.534359	-0.067795	18.412621	-0.026158	1.122754
151.347335	-0.248666	18.417626	-0.026124	1.122448
151.549166	-0.551810	18.422631	-0.026160	1.122180
150.319241	-0.349176	18.427635	-0.025940	1.121839
149.551663	-0.127467	18.432640	-0.025803	1.121740
148.888813	-0.061124	18.437645	-0.025684	1.121504
149.196863	-0.313776	18.442650	-0.025740	1.121348
148.665678	-0.303829	18.447655	-0.025645	1.121107
148.330939	-0.404378	18.452659	-0.025585	1.120827
147.238803	-0.203066	18.457664	-0.025389	1.120549
146.566061	-0.124966	18.462669	-0.025269	1.120323
146.896265	-0.357553	18.467674	-0.025328	1.120200
145.769391	-0.135633	18.472679	-0.025126	1.119930
146.456365	-0.694937	18.477683	-0.025249	1.119585
145.335132	-0.546561	18.482688	-0.025049	1.119230
143.807281	-0.139273	18.487693	-0.024776	1.118991
144.721653	-0.623588	18.492698	-0.024939	1.118845
143.519261	-0.412273	18.497703	-0.024724	1.118525
142.733453	-0.225885	18.502707	-0.024583	1.118375
142.767820	-0.473737	18.507712	-0.024590	1.118093
142.013311	-0.322835	18.512717	-0.024455	1.117915
141.974165	-0.449566	18.517722	-0.024448	1.117743
141.128019	-0.477941	18.522727	-0.024296	1.117305
140.711748	-0.432172	18.527731	-0.024222	1.117162
139.632115	-0.272806	18.532736	-0.024029	1.116838
139.266538	-0.137730	18.537741	-0.023963	1.116826
139.401212	-0.420212	18.542746	-0.023988	1.116550
139.054609	-0.536379	18.547751	-0.023926	1.116244
138.386504	-0.479995	18.552755	-0.023806	1.115993
137.997133	-0.593104	18.557760	-0.023736	1.115670
136.813902	-0.295207	18.562765	-0.023525	1.115464
136.381524	-0.278450	18.567770	-0.023447	1.115277
136.204800	-0.411039	18.572775	-0.023416	1.115032
135.793228	-0.359941	18.577779	-0.023342	1.114897
135.118391	-0.307772	18.582784	-0.023222	1.114637
134.087271	-0.138388	18.587789	-0.023037	1.114348
134.454179	-0.318730	18.592794	-0.023103	1.114306
133.932922	-0.352891	18.597799	-0.023010	1.114015
133.149120	-0.304580	18.602803	-0.022869	1.113698
133.040851	-0.424762	18.607808	-0.022850	1.113501
132.143208	-0.211551	18.612813	-0.022689	1.113328
131.345758	-0.104617	18.617818	-0.022547	1.113075
131.856493	-0.460065	18.622823	-0.022638	1.112890
131.398446	-0.523916	18.627827	-0.022556	1.112593
130.173001	-0.352656	18.632832	-0.022337	1.112212
129.602313	-0.271915	18.637837	-0.022235	1.112036
129.441778	-0.336764	18.642842	-0.022206	1.111881
128.898304	-0.376867	18.647847	-0.022109	1.111571
128.705301	-0.508782	18.652851	-0.022075	1.111319
128.242512	-0.575394	18.657856	-0.021992	1.111015
127.060545	-0.291738	18.662861	-0.021780	1.110791
126.733757	-0.299002	18.667866	-0.021722	1.110625
126.227627	-0.324123	18.672871	-0.021631	1.110352
126.013861	-0.358389	18.677875	-0.021593	1.110207
125.955161	-0.575189	18.682880	-0.021583	1.109916
124.488245	-0.182750	18.687885	-0.021320	1.109686
124.464299	-0.425618	18.692890	-0.021316	1.109380
124.019655	-0.433451	18.697895	-0.021237	1.109157
123.133728	-0.169655	18.702899	-0.021078	1.109050
122.674737	-0.248128	18.707904	-0.020996	1.108734
122.285861	-0.231708	18.712909	-0.020926	1.108567
122.334670	-0.390320	18.717914	-0.020935	1.108398
121.857121	-0.482521	18.722919	-0.020850	1.108055
121.082702	-0.323181	18.727923	-0.020711	1.107876
120.893581	-0.528215	18.732928	-0.020677	1.107535
119.504314	-0.227531	18.737933	-0.020429	1.107231
119.619857	-0.309091	18.742938	-0.020450	1.107188
119.191098	-0.399012	18.747943	-0.020373	1.106871
118.426013	-0.320515	18.752947	-0.020236	1.106598
118.950952	-0.742205	18.757952	-0.020330	1.106338
117.335670	-0.409614	18.762957	-0.020041	1.105963
117.427173	-0.561882	18.767962	-0.020057	1.105821
116.585055	-0.521765	18.772967	-0.019907	1.105463
115.461166	-0.161732	18.777971	-0.019706	1.105359
116.178477	-0.630290	18.782976	-0.019834	1.105135
115.218131	-0.545760	18.787981	-0.019662	1.104773
114.648720	-0.458713	18.792986	-0.019561	1.104604
114.500660	-0.662133	18.797991	-0.019534	1.104285
113.284021	-0.333628	18.802995	-0.019316	1.104097
113.017526	-0.469537	18.808000	-0.019269	1.103802
112.666468	-0.471907	18.813005	-0.019206	1.103629
111.919409	-0.311091	18.818010	-0.019072	1.103464
111.867791	-0.517838	18.823015	-0.019063	1.103186
111.303080	-0.444886	18.828019	-0.018962	1.103002
111.157982	-0.556445	18.833024	-0.018936	1.102795
109.908958	-0.373222	18.838029	-0.018713	1.102414
109.701692	-0.403385	18.843034	-0.018676	1.102277
109.545587	-0.584765	18.848039	-0.018648	1.101979
108.226307	-0.268110	18.853043	-0.018412	1.101726
108.896033	-0.649123	18.858048	-0.018532	1.101585
107.426239	-0.420274	18.863053	-0.018269	1.101152
107.359775	-0.510559	18.868058	-0.018257	1.101009
107.323241	-0.705797	18.873063	-0.018250	1.100753
105.872089	-0.367972	18.878067	-0.017991	1.100462
106.297887	-0.650936	18.883072	-0.018067	1.100322
105.085093	-0.399860	18.888077	-0.017850	1.100040
104.570085	-0.421047	18.893082	-0.017758	1.099764
105.566186	-1.020851	18.898087	-0.017936	1.099513
103.358891	-0.449025	18.903091	-0.017541	1.099141
103.390317	-0.625407	18.908096	-0.017547	1.098940
102.718747	-0.508691	18.913101	-0.017427	1.098756
101.451319	-0.209782	18.918106	-0.017200	1.098506
102.906881	-0.912925	18.923111	-0.017460	1.098352
101.313752	-0.483230	18.928115	-0.017176	1.098104
100.854428	-0.435658	18.933120	-0.017093	1.097939
100.893964	-0.804568	18.938125	-0.017100	1.097505
99.346714	-0.360602	18.943130	-0.016824	1.097296
100.107018	-0.801532	18.948135	-0.016960	1.097126
98.657786	-0.499609	18.953139	-0.016700	1.096790
98.184717	-0.420108	18.958144	-0.016616	1.096657
97.501113	-0.366065	18.963149	-0.016494	1.096390
96.732687	-0.101377	18.968154	-0.016356	1.096341
97.318467	-0.461379	18.973159	-0.016461	1.096184
95.985961	-0.063275	18.978163	-0.016223	1.096023
95.039069	0.061327	18.983168	-0.016053	1.095715
95.842579	-0.315224	18.988173	-0.016197	1.095644
93.954821	0.360731	18.993178	-0.015859	1.095554
94.907927	-0.175151	18.998183	-0.016030	1.095360
94.435414	-0.276370	19.003187	-0.015945	1.095005
93.545771	-0.099360	19.008192	-0.015786	1.094788
92.942845	-0.102011	19.013197	-0.015678	1.094490
92.326376	0.059065	19.018202	-0.015568	1.094387
92.660503	-0.305951	19.023207	-0.015628	1.094101
91.321781	-0.074035	19.028211	-0.015389	1.093732
91.115802	-0.160658	19.033216	-0.015352	1.093525
90.957103	-0.278167	19.038221	-0.015323	1.093302
89.630946	0.144128	19.043226	-0.015086	1.093174
90.003363	-0.184058	19.048231	-0.015153	1.092952
88.698385	0.091702	19.053235	-0.014919	1.092653
89.019969	-0.175425	19.058240	-0.014977	1.092481
88.876703	-0.410422	19.063245	-0.014951	1.092121
87.149365	0.060066	19.068250	-0.014642	1.091855
87.962567	-0.452663	19.073255	-0.014788	1.091621
86.396635	-0.176082	19.078259	-0.014508	1.091195
86.182328	-0.197835	19.083264	-0.014469	1.091063
86.877196	-0.757807	19.088269	-0.014594	1.090712
85.094825	-0.263998	19.093274	-0.014275	1.090448
84.924319	-0.457312	19.098279	-0.014244	1.090125
84.405557	-0.471729	19.103283	-0.014152	1.089852
83.638709	-0.319665	19.108288	-0.014014	1.089664
83.850149	-0.638487	19.113293	-0.014052	1.089373
82.274921	-0.189764	19.118298	-0.013770	1.089155
82.719267	-0.608939	19.123303	-0.013850	1.088854
82.251409	-0.748829	19.128307	-0.013766	1.088451
80.396668	-0.177044	19.133312	-0.013434	1.088247
81.567910	-0.744905	19.138317	-0.013644	1.088120
80.250597	-0.452984	19.143322	-0.013408	1.087834
79.891874	-0.461554	19.148327	-0.013344	1.087647
79.216226	-0.419359	19.153331	-0.013223	1.087366
78.342267	-0.260732	19.158336	-0.013067	1.087133
79.221749	-0.757658	19.163341	-0.013224	1.086950
77.470839	-0.259007	19.168346	-0.012911	1.086706
77.445893	-0.493311	19.173351	-0.012907	1.086403
77.427528	-0.762095	19.178355	-0.012903	1.086060
75.523946	-0.130597	19.183360	-0.012563	1.085906
75.697914	-0.301173	19.188365	-0.012594	1.085780
75.171839	-0.288402	19.193370	-0.012500	1.085537
75.605144	-0.602186	19.198375	-0.012578	1.085361
74.179324	-0.365263	19.203379	-0.012323	1.084952
73.611558	-0.222323	19.208384	-0.012221	1.084849
74.389212	-0.783235	19.213389	-0.012360	1.084536
72.135580	-0.134860	19.218394	-0.011957	1.084229
72.440290	-0.310011	19.223399	-0.012012	1.084162
72.350146	-0.536765	19.228403	-0.011995	1.083835
70.398377	0.047627	19.233408	-0.011646	1.083598
71.644998	-0.534518	19.238413	-0.011869	1.083490
70.188753	-0.116548	19.243418	-0.011609	1.083290
70.012829	-0.234991	19.248423	-0.011577	1.083056
70.174444	-0.539571	19.253427	-0.011606	1.082757
68.481458	-0.017675	19.258432	-0.011303	1.082569
69.171310	-0.511503	19.263437	-0.011427	1.082295
67.811467	-0.284057	19.268442	-0.011184	1.081906
67.276000	-0.175386	19.273447	-0.011088	1.081776
67.484827	-0.452046	19.278451	-0.011125	1.081535
66.280961	-0.180997	19.283456	-0.010910	1.081277
66.787286	-0.537810	19.288461	-0.011000	1.081082
65.197119	-0.238495	19.293466	-0.010716	1.080668
65.217303	-0.343869	19.298471	-0.010720	1.080546
64.836792	-0.415801	19.303475	-0.010652	1.080268
63.353023	0.116573	19.308480	-0.010386	1.080197
64.006472	-0.381940	19.313485	-0.010503	1.079899
62.940021	-0.200831	19.318490	-0.010312	1.079596
62.287352	0.005244	19.323495	-0.010196	1.079529
62.535796	-0.320144	19.328499	-0.010240	1.079246
61.109566	0.015902	19.333504	-0.009985	1.078958
61.853893	-0.416891	19.338509	-0.010118	1.078787
60.467953	-0.154763	19.343514	-0.009870	1.078426
59.950948	-0.026644	19.348519	-0.009778	1.078330
60.821644	-0.655889	19.353523	-0.009934	1.077975
58.845460	-0.049254	19.358528	-0.009580	1.077752
58.885989	-0.321713	19.363533	-0.009587	1.077431
58.846426	-0.533241	19.368538	-0.009580	1.077147
57.485833	-0.268155	19.373543	-0.009337	1.076802
57.953025	-0.599883	19.378547	-0.009420	1.076619
56.567830	-0.322376	19.383552	-0.009173	1.076277
56.768113	-0.562072	19.388557	-0.009209	1.076076
55.799888	-0.445635	19.393562	-0.009035	1.075740
54.951807	-0.240888	19.398567	-0.008884	1.075574
55.630734	-0.732465	19.403571	-0.009005	1.075296
53.579804	-0.207743	19.408576	-0.008638	1.074932
54.173217	-0.502509	19.413581	-0.008744	1.074858
53.528072	-0.503953	19.418586	-0.008629	1.074535
52.319663	-0.207143	19.423591	-0.008413	1.074305
53.367827	-0.835282	19.428595	-0.008600	1.074039
51.435486	-0.358448	19.433600	-0.008255	1.073673
51.609731	-0.540457	19.438605	-0.008286	1.073532
51.058223	-0.535421	19.443610	-0.008187	1.073263
50.143261	-0.276800	19.448615	-0.008024	1.073131
50.907489	-0.895350	19.453619	-0.008160	1.072735
48.858951	-0.280989	19.458624	-0.007794	1.072484
49.205901	-0.575653	19.463629	-0.007856	1.072287
48.769334	-0.666175	19.468634	-0.007778	1.071954
47.020491	-0.051380	19.473639	-0.007465	1.071854
47.955935	-0.634890	19.478643	-0.007632	1.071587
46.445328	-0.314863	19.483648	-0.007362	1.071234
46.522595	-0.388937	19.488653	-0.007376	1.071180
46.174801	-0.488050	19.493658	-0.007314	1.070881
44.356010	0.015277	19.498663	-0.006989	1.070604
46.080891	-0.737267	19.503667	-0.007297	1.070520
44.558794	-0.459447	19.508672	-0.007025	1.070107
43.745965	-0.246968	19.513677	-0.006880	1.069968
44.260574	-0.747083	19.518682	-0.006972	1.069595
41.905037	-0.008982	19.523687	-0.006550	1.069345
42.953631	-0.446227	19.528691	-0.006738	1.069320
42.032474	-0.325196	19.533696	-0.006573	1.069010
41.345503	-0.282318	19.538701	-0.006450	1.068720
42.133180	-0.769564	19.543706	-0.006591	1.068500
39.552253	-0.010559	19.548711	-0.006129	1.068163
40.712490	-0.515771	19.553715	-0.006337	1.068107
39.526483	-0.273359	19.558720	-0.006125	1.067818
38.571994	-0.128748	19.563725	-0.005954	1.067522
39.788164	-0.762838	19.568730	-0.006172	1.067331
37.259021	-0.089998	19.573735	-0.005719	1.066911
37.975134	-0.405220	19.578739	-0.005847	1.066872
37.234782	-0.354303	19.583744	-0.005715	1.066564
36.207319	-0.175998	19.588749	-0.005531	1.066273
36.900603	-0.571898	19.593754	-0.005655	1.066121
35.370062	-0.164068	19.598759	-0.005381	1.065867
35.892506	-0.614886	19.603763	-0.005475	1.065559
34.513650	-0.361579	19.608768	-0.005228	1.065186
33.439936	-0.077914	19.613773	-0.005036	1.065004
34.680063	-0.687413	19.618778	-0.005258	1.064857
32.589246	-0.141894	19.623783	-0.004884	1.064495
32.750871	-0.287011	19.628787	-0.004913	1.064392
32.372819	-0.355791	19.633792	-0.004845	1.064114
31.683329	-0.248980	19.638797	-0.004722	1.063902
32.190019	-0.645550	19.643802	-0.004813	1.063655
29.986171	-0.007496	19.648807	-0.004419	1.063353
30.489957	-0.319522	19.653811	-0.004509	1.063211
29.797645	-0.281238	19.658816	-0.004385	1.062910
29.165486	-0.151660	19.663821	-0.004272	1.062756
30.197677	-0.824494	19.668826	-0.004456	1.062422
27.570563	-0.154250	19.673831	-0.003987	1.061947
27.872967	-0.292769	19.678835	-0.004041	1.061923
27.530753	-0.405500	19.683840	-0.003979	1.061607
26.134131	-0.075214	19.688845	-0.003730	1.061321
27.379532	-0.677829	19.693850	-0.003952	1.061184
25.656773	-0.269845	19.698855	-0.003644	1.060832
25.587903	-0.364860	19.703859	-0.003632	1.060676
24.917093	-0.345467	19.708864	-0.003512	1.060362
23.489759	-0.019079	19.713869	-0.003257	1.060055
25.227763	-0.788832	19.718874	-0.003568	1.059954
22.989124	-0.262447	19.723879	-0.003167	1.059491
22.743172	-0.216775	19.728883	-0.003123	1.059425
22.924612	-0.510204	19.733888	-0.003156	1.059143
20.863579	0.049503	19.738893	-0.002787	1.058812
22.438126	-0.644922	19.743898	-0.003069	1.058725
20.942360	-0.306797	19.748903	-0.002801	1.058397
20.282362	-0.175457	19.753907	-0.002683	1.058230
20.721449	-0.614186	19.758912	-0.002762	1.057893
18.296487	0.103442	19.763917	-0.002328	1.057578
19.548898	-0.394385	19.768922	-0.002552	1.057579
18.958605	-0.507151	19.773927	-0.002446	1.057135
17.987180	-0.264744	19.778931	-0.002273	1.056951
17.769127	-0.412642	19.783936	-0.002234	1.056651
16.507295	-0.136728	19.788941	-0.002008	1.056363
17.476432	-0.623036	19.793946	-0.002181	1.056234
15.702798	-0.262301	19.798951	-0.001864	1.055793
15.614743	-0.289950	19.803955	-0.001848	1.055713
15.881289	-0.695106	19.808960	-0.001896	1.055331
13.952964	-0.132835	19.813965	-0.001551	1.055069
14.845236	-0.633278	19.818970	-0.001711	1.054882
13.414002	-0.364270	19.823975	-0.001455	1.054498
12.459803	-0.024883	19.828979	-0.001284	1.054447
13.546536	-0.703533	19.833984	-0.001478	1.054131
12.045012	-0.353649	19.838989	-0.001210	1.053814
12.258366	-0.641697	19.843994	-0.001248	1.053554
11.208602	-0.442541	19.848999	-0.001060	1.053274
10.314167	-0.215825	19.854003	-0.000900	1.053109
10.719262	-0.583705	19.859008	-0.000973	1.052844
8.831034	-0.011293	19.864013	-0.000635	1.052615
9.686824	-0.492170	19.869018	-0.000788	1.052434
8.877473	-0.458159	19.874023	-0.000643	1.052065
7.894157	-0.156892	19.879027	-0.000467	1.051950
8.355877	-0.627457	19.884032	-0.000550	1.051581
6.646679	-0.126713	19.889037	-0.000244	1.051351
7.057060	-0.401052	19.894042	-0.000318	1.051209
6.523711	-0.484164	19.899047	-0.000222	1.050829
5.404699	-0.211344	19.904051	-0.000022	1.050608
5.619585	-0.468960	19.909056	-0.000061	1.050386
4.125648	-0.094420	19.914061	0.000207	1.050104
4.709227	-0.410773	19.919066	0.000102	1.049996
3.987898	-0.397572	19.924071	0.000231	1.049643
2.753683	-0.031340	19.929075	0.000452	1.049483
3.546047	-0.566923	19.934080	0.000310	1.049199
2.111379	-0.261539	19.939085	0.000567	1.048858
1.888468	-0.265390	19.944090	0.000607	1.048739
1.716616	-0.444737	19.949095	0.000637	1.048420
