Thu Sep 11 11:51:42 2025

Number of Points = 3574
Depth (nm)	Load (µN)	Time (s)	Depth (V)	Load (V)
1.292973	1.977661	0.000000	0.002154	1.319155

1.377764	1.975493	0.005005	0.002139	1.319170
1.329312	1.978656	0.010010	0.002148	1.319164
1.583992	1.930472	0.015014	0.002101	1.319157
1.518659	1.949709	0.020019	0.002113	1.319167
1.809644	1.742034	0.025024	0.002060	1.318973
1.727156	1.650106	0.030029	0.002076	1.318843
1.572831	1.519627	0.035034	0.002104	1.318652
1.481518	1.449137	0.040038	0.002122	1.318546
1.395343	1.237025	0.045043	0.002138	1.318269
1.275742	1.180532	0.050048	0.002160	1.318175
1.394398	0.949252	0.055053	0.002139	1.317916
1.391253	0.768902	0.060058	0.002140	1.317695
1.272153	0.616471	0.065062	0.002162	1.317484
1.010605	0.513210	0.070067	0.002210	1.317303
0.800074	0.320738	0.075072	0.002249	1.317023
1.125852	0.082883	0.080077	0.002190	1.316799
0.889923	-0.128858	0.085082	0.002234	1.316491
1.101867	-0.395522	0.090086	0.002195	1.316208
0.907663	-0.653959	0.095091	0.002231	1.315851
0.395596	-0.829923	0.100096	0.002326	1.315529
0.427281	-1.042513	0.105101	0.002320	1.315275
0.349554	-1.248794	0.110106	0.002335	1.315006
0.440367	-1.527636	0.115110	0.002319	1.314683
0.188124	-1.755867	0.120115	0.002366	1.314350
-0.044359	-1.986414	0.125120	0.002409	1.314019
-0.285783	-2.158127	0.130125	0.002454	1.313758
-0.957607	-2.181983	0.135130	0.002578	1.313589
-1.398040	-2.323982	0.140134	0.002659	1.313323
-1.241184	-2.392447	0.145139	0.002630	1.313271
-0.973587	-2.595734	0.150144	0.002582	1.313077
-1.520482	-2.588756	0.155149	0.002683	1.312972
-2.089948	-2.708893	0.160154	0.002788	1.312706
-2.611016	-2.660111	0.165158	0.002884	1.312657
-2.954650	-2.448553	0.170163	0.002947	1.312846
-2.779241	-2.387604	0.175168	0.002915	1.312957
-2.716880	-2.389097	0.180173	0.002904	1.312967
-2.645454	-2.545765	0.185178	0.002891	1.312790
-2.807940	-2.628480	0.190182	0.002921	1.312654
-2.851387	-2.620603	0.195187	0.002930	1.312654
-3.168990	-2.573172	0.200192	0.002988	1.312647
-3.517363	-2.503125	0.205197	0.003053	1.312660
-3.748691	-2.467802	0.210202	0.003095	1.312655
-3.840970	-2.447728	0.215206	0.003113	1.312660
-4.332722	-2.361637	0.220211	0.003203	1.312664
-4.455224	-2.342745	0.225216	0.003226	1.312661
-4.042860	-2.367192	0.230221	0.003151	1.312716
-4.833766	-2.242724	0.235226	0.003296	1.312705
-11.339006	-0.598135	0.240230	0.004494	1.313373
-6.725914	-0.289863	0.245235	0.003644	1.314708
-3.156289	-0.934570	0.250240	0.002987	1.314657
-3.052561	-1.225815	0.255245	0.002969	1.314321
-3.040710	-1.509411	0.260250	0.002967	1.313976
-3.098213	-1.818097	0.265254	0.002978	1.313585
-3.823203	-1.952797	0.270259	0.003112	1.313269
-4.077443	-2.160534	0.275264	0.003159	1.312961
-4.187532	-2.321273	0.280269	0.003179	1.312740
-7.389603	-1.840481	0.285274	0.003769	1.312665
-15.494922	0.572539	0.290278	0.005261	1.313945
-3.806325	-0.660123	0.295283	0.003109	1.314857
-2.471038	-1.328498	0.300288	0.002864	1.314314
-2.547468	-1.902247	0.305293	0.002878	1.313594
-4.402461	-2.048400	0.310298	0.003220	1.313029
-5.216882	-2.149298	0.315302	0.003371	1.312736
-5.526577	-2.188746	0.320307	0.003428	1.312623
-10.897475	-1.328457	0.325312	0.004417	1.312564
-14.822677	0.880133	0.330317	0.005139	1.314460
-3.245203	-0.843534	0.335322	0.003007	1.314746
-3.151500	-1.490190	0.340326	0.002991	1.313972
-3.733472	-1.976907	0.345331	0.003099	1.313254
-4.581322	-2.329175	0.350336	0.003255	1.312645
-10.380781	-1.501205	0.355341	0.004323	1.312457
-15.427608	0.511235	0.360346	0.005252	1.313880
-3.109156	-1.273464	0.365350	0.002984	1.314245
-3.618789	-1.913902	0.370355	0.003079	1.313354
-5.601957	-2.090397	0.375360	0.003444	1.312725
-10.163263	-1.508260	0.380365	0.004284	1.312493
-16.375381	0.559403	0.385370	0.005427	1.313741
-4.292288	-0.988582	0.390374	0.003203	1.314348
-3.624601	-1.855129	0.395379	0.003081	1.313423
-5.298348	-2.228174	0.400384	0.003390	1.312618
-16.189446	-0.317732	0.405389	0.005395	1.312702
-9.572955	-0.178191	0.410394	0.004176	1.314246
-3.872687	-1.671532	0.415398	0.003127	1.313596
-5.077855	-2.218970	0.420403	0.003350	1.312674
-15.971288	-0.470861	0.425408	0.005356	1.312558
-12.755590	0.508686	0.430413	0.004763	1.314428
-3.980732	-1.369292	0.435418	0.003148	1.313943
-4.535849	-2.131537	0.440422	0.003251	1.312892
-9.366933	-1.923473	0.445427	0.004141	1.312144
-21.472019	1.177298	0.450432	0.006369	1.313439
-4.202647	-1.053902	0.455437	0.003190	1.314283
-3.978928	-2.097514	0.460442	0.003149	1.313049
-10.567071	-1.707746	0.465446	0.004363	1.312159
-20.172656	1.148749	0.470451	0.006130	1.313672
-4.538816	-1.230613	0.475456	0.003253	1.313996
-5.051859	-2.058347	0.480461	0.003348	1.312873
-10.683848	-1.788202	0.485466	0.004385	1.312035
-21.596605	1.240691	0.490470	0.006394	1.313489
-3.941819	-1.376997	0.495475	0.003144	1.313939
-5.724218	-2.158441	0.500480	0.003473	1.312610
-20.331273	0.287808	0.505485	0.006162	1.312580
-8.927962	-0.466623	0.510490	0.004062	1.314021
-5.201551	-1.972491	0.515494	0.003377	1.312946
-16.094245	-0.651710	0.520499	0.005383	1.312305
-13.971940	0.249357	0.525504	0.004991	1.313852
-4.633345	-1.949296	0.530509	0.003273	1.313091
-11.550263	-1.689356	0.535514	0.004547	1.311974
-21.068190	1.038241	0.540518	0.006299	1.313347
-4.554710	-1.682060	0.545523	0.003259	1.313435
-10.370842	-1.685332	0.550528	0.004331	1.312223
-21.100427	0.939393	0.555533	0.006305	1.313218
-5.351277	-1.600733	0.560538	0.003406	1.313369
-10.471588	-1.684554	0.565542	0.004350	1.312202
-22.464900	1.170859	0.570547	0.006557	1.313218
-5.495077	-1.472766	0.575552	0.003433	1.313495
-8.596686	-2.021391	0.580557	0.004005	1.312177
-23.874627	0.878226	0.585562	0.006818	1.312565
-11.092893	-0.192938	0.590566	0.004464	1.313903
-10.312570	-0.815632	0.595571	0.004321	1.313301
-13.212118	-0.777542	0.600576	0.004856	1.312745
-16.917296	0.298345	0.605581	0.005538	1.313297
-11.523204	-0.531410	0.610586	0.004545	1.313398
-12.697273	-0.665096	0.615590	0.004761	1.312990
-14.548108	-0.366441	0.620595	0.005102	1.312972
-14.488734	-0.389867	0.625600	0.005092	1.312955
-14.493115	-0.154690	0.630605	0.005093	1.313243
-13.206952	-0.510503	0.635610	0.004856	1.313073
-14.165507	-0.440126	0.640614	0.005033	1.312960
-14.308209	-0.414578	0.645619	0.005059	1.312961
-14.875520	-0.462956	0.650624	0.005164	1.312784
-16.161001	0.043768	0.655629	0.005401	1.313139
-13.448254	-0.493108	0.660634	0.004902	1.313042
-14.231036	-0.557241	0.665638	0.005046	1.312801
-17.084197	-0.045385	0.670643	0.005572	1.312837
-14.378226	-0.408703	0.675648	0.005074	1.312952
-14.474143	-0.438601	0.680653	0.005092	1.312895
-16.515924	-0.263971	0.685658	0.005468	1.312686
-16.309138	-0.073327	0.690662	0.005430	1.312962
-14.821882	-0.320443	0.695667	0.005156	1.312967
-15.083513	-0.494152	0.700672	0.005205	1.312700
-16.877507	-0.131196	0.705677	0.005535	1.312772
-15.683712	-0.385062	0.710682	0.005316	1.312708
-16.624505	-0.276226	0.715686	0.005489	1.312646
-16.449724	-0.118942	0.720691	0.005457	1.312876
-15.444281	-0.469445	0.725696	0.005272	1.312654
-16.721310	-0.248733	0.730701	0.005508	1.312659
-17.129197	-0.175042	0.735706	0.005583	1.312665
-16.695518	-0.256987	0.740710	0.005503	1.312654
-16.466369	-0.316867	0.745715	0.005462	1.312628
-17.574581	-0.323479	0.750720	0.005666	1.312389
-17.366982	-0.137095	0.755725	0.005628	1.312661
-16.873911	-0.393247	0.760730	0.005537	1.312448
-17.610137	-0.312125	0.765734	0.005673	1.312395
-18.987583	0.070029	0.770739	0.005927	1.312578
-17.153236	-0.174351	0.775744	0.005589	1.312659
-16.352998	-0.442228	0.780749	0.005442	1.312495
-18.792631	-0.107640	0.785754	0.005892	1.312399
-18.137011	-0.228257	0.790758	0.005771	1.312387
-18.115692	-0.222183	0.795763	0.005768	1.312399
-18.059802	-0.235739	0.800768	0.005758	1.312393
-19.172047	-0.047141	0.805773	0.005963	1.312394
-18.286784	-0.193121	0.810778	0.005800	1.312398
-18.017677	-0.371227	0.815782	0.005751	1.312235
-20.317296	0.080456	0.820787	0.006174	1.312312
-17.573591	-0.468120	0.825792	0.005669	1.312208
-20.452930	0.101976	0.830797	0.006200	1.312310
-19.485771	0.003949	0.835802	0.006022	1.312390
-19.220531	-0.048881	0.840806	0.005973	1.312380
-18.090241	-0.290665	0.845811	0.005765	1.312317
-19.994505	-0.176898	0.850816	0.006116	1.312061
-20.065393	0.015857	0.855821	0.006129	1.312283
-19.461532	-0.266657	0.860826	0.006019	1.312061
-19.652405	-0.237787	0.865830	0.006054	1.312057
-20.945725	-0.012212	0.870835	0.006292	1.312065
-20.629884	-0.073089	0.875840	0.006234	1.312055
-19.775026	-0.209807	0.880845	0.006077	1.312065
-20.370091	-0.114560	0.885850	0.006187	1.312058
-20.650032	-0.068026	0.890854	0.006239	1.312057
-21.014060	-0.004479	0.895859	0.006306	1.312059
-20.512149	-0.097200	0.900864	0.006214	1.312049
-20.260789	-0.221405	0.905869	0.006168	1.311948
-22.044205	-0.063173	0.910874	0.006496	1.311772
-20.347927	-0.235134	0.915878	0.006184	1.311913
-22.894868	0.196841	0.920883	0.006653	1.311914
-20.349843	-0.279463	0.925888	0.006185	1.311857
-21.990366	0.057589	0.930893	0.006487	1.311930
-21.995290	-0.089105	0.935898	0.006489	1.311749
-21.685176	-0.146918	0.940902	0.006432	1.311742
-22.144014	0.077545	0.945907	0.006516	1.311922
-20.868024	-0.434109	0.950912	0.006282	1.311558
-24.398974	0.400492	0.955917	0.006932	1.311850
-21.777222	-0.041615	0.960922	0.006450	1.311851
-21.569785	-0.159903	0.965926	0.006412	1.311749
-22.529860	0.000819	0.970931	0.006589	1.311746
-22.572980	-0.235491	0.975936	0.006597	1.311446
-23.696834	0.153448	0.980941	0.006804	1.311691
-22.660314	0.024028	0.985946	0.006613	1.311747
-22.430718	-0.254782	0.990950	0.006572	1.311452
-24.125487	0.180490	0.995955	0.006884	1.311634
-22.884035	-0.087826	1.000960	0.006655	1.311562

-23.320341	-0.114350	1.010957	0.006736	1.311438
-23.414541	0.122229	1.020954	0.006754	1.311709
-23.187625	-0.070544	1.030950	0.006713	1.311519
-22.748869	0.004160	1.040947	0.006632	1.311701
-23.099210	-0.044856	1.050944	0.006697	1.311568
-22.639424	-0.063898	1.060941	0.006613	1.311639
-23.173813	0.076410	1.070938	0.006712	1.311700
-22.821038	0.053604	1.080934	0.006647	1.311745
-22.442301	-0.061819	1.090931	0.006578	1.311681
-23.583157	0.105724	1.100928	0.006789	1.311649
-21.771151	-0.095763	1.110925	0.006456	1.311778
-22.517166	-0.015080	1.120922	0.006593	1.311721
-22.619019	0.186732	1.130918	0.006612	1.311948
-22.183945	-0.053856	1.140915	0.006533	1.311742
-22.912068	-0.038994	1.150912	0.006668	1.311608
-21.616485	0.004183	1.160909	0.006429	1.311930
-22.910468	0.105368	1.170906	0.006668	1.311785
-22.050307	-0.062987	1.180902	0.006510	1.311757
-22.300444	0.101538	1.190899	0.006557	1.311906
-21.438012	-0.131219	1.200896	0.006398	1.311799
-21.931466	-0.018870	1.210893	0.006490	1.311834
-21.652511	-0.027344	1.220890	0.006439	1.311881
-22.297790	0.162240	1.230886	0.006558	1.311979
-21.801205	-0.038917	1.240883	0.006467	1.311835
-21.568278	-0.143799	1.250880	0.006425	1.311754
-21.387638	-0.017404	1.260877	0.006392	1.311946
-21.774662	0.011975	1.270874	0.006464	1.311901
-21.850902	0.112140	1.280870	0.006478	1.312008
-21.521854	-0.055350	1.290867	0.006418	1.311870
-21.203867	-0.094581	1.300864	0.006360	1.311887
-21.007804	-0.079562	1.310861	0.006324	1.311946
-22.069477	0.161870	1.320858	0.006520	1.312022
-20.931283	-0.002636	1.330854	0.006311	1.312055
-21.271307	-0.026985	1.340851	0.006374	1.311954
-20.594323	-0.055263	1.350848	0.006250	1.312060
-20.843660	-0.087065	1.360845	0.006296	1.311968
-22.109602	0.242128	1.370842	0.006530	1.312109
-20.283512	-0.038439	1.380838	0.006194	1.312143
-20.801616	-0.022065	1.390835	0.006290	1.312055
-20.449355	-0.083747	1.400832	0.006226	1.312052
-21.210599	0.087686	1.410829	0.006366	1.312104
-20.126889	-0.038861	1.420826	0.006167	1.312173
-21.065873	0.020512	1.430822	0.006340	1.312051
-20.610704	0.002407	1.440819	0.006257	1.312122
-19.853458	-0.145623	1.450816	0.006118	1.312097
-20.979057	0.187384	1.460813	0.006326	1.312272
-20.304316	0.030666	1.470810	0.006202	1.312219
-20.441884	0.015119	1.480806	0.006228	1.312171
-19.917538	-0.099189	1.490803	0.006132	1.312139
-19.810434	-0.079164	1.500800	0.006112	1.312185
-20.345781	0.171854	1.510797	0.006211	1.312382
-20.213765	-0.097161	1.520794	0.006188	1.312078
-20.073514	0.134620	1.530790	0.006162	1.312392
-19.903056	-0.054927	1.540787	0.006131	1.312194
-19.457281	0.027460	1.550784	0.006050	1.312387
-19.325717	-0.112842	1.560781	0.006026	1.312242
-20.597960	0.090628	1.570778	0.006261	1.312227
-19.405040	-0.069576	1.580774	0.006042	1.312277
-19.784100	-0.029983	1.590771	0.006112	1.312247
-18.974842	-0.015982	1.600768	0.005963	1.312431
-20.006462	0.144823	1.610765	0.006154	1.312414
-19.409402	-0.058228	1.620762	0.006044	1.312288
-19.573344	0.101890	1.630758	0.006075	1.312450
-18.534085	-0.100314	1.640755	0.005884	1.312417
-18.914982	-0.073516	1.650752	0.005955	1.312371
-19.644507	0.045241	1.660749	0.006089	1.312364
-19.368023	0.021368	1.670746	0.006039	1.312392
-19.204349	0.090671	1.680742	0.006009	1.312511
-18.590922	-0.058421	1.690739	0.005897	1.312454
-18.320155	-0.090802	1.700736	0.005847	1.312470
-20.303946	0.223179	1.710733	0.006213	1.312443
-18.258591	-0.055133	1.720730	0.005837	1.312526
-18.374936	-0.073453	1.730726	0.005859	1.312479
-18.655930	-0.011520	1.740723	0.005911	1.312496
-18.512643	0.033568	1.750720	0.005885	1.312580
-18.890737	-0.014788	1.760717	0.005955	1.312442
-18.530302	0.099048	1.770714	0.005889	1.312656
-18.092670	-0.094875	1.780710	0.005809	1.312508
-17.989521	-0.078049	1.790707	0.005791	1.312550
-18.229280	-0.037337	1.800704	0.005835	1.312550
-19.158368	0.115605	1.810701	0.006007	1.312544
-17.707134	-0.138193	1.820698	0.005740	1.312533
-18.532353	0.140126	1.830694	0.005892	1.312703
-17.320998	-0.100847	1.840691	0.005670	1.312658
-18.337775	0.083014	1.850688	0.005857	1.312672
-17.562115	-0.061706	1.860685	0.005715	1.312655
-18.266279	-0.036236	1.870682	0.005845	1.312540
-17.315145	-0.071056	1.880678	0.005671	1.312694
-17.983192	0.015607	1.890675	0.005794	1.312661
-17.559980	0.022981	1.900672	0.005716	1.312757
-18.028604	0.025475	1.910669	0.005803	1.312663
-16.913940	-0.157607	1.920666	0.005599	1.312669
-17.786890	0.167735	1.930662	0.005760	1.312887
-17.327083	0.006878	1.940659	0.005675	1.312784
-17.688190	0.101254	1.950656	0.005742	1.312824
-17.354350	0.023094	1.960653	0.005681	1.312797
-16.640338	-0.110121	1.970650	0.005550	1.312781
-17.504766	0.146028	1.980646	0.005710	1.312916
-16.817876	-0.036111	1.990643	0.005584	1.312834
-17.512892	0.097226	2.000640	0.005712	1.312853
-16.844174	-0.074140	2.010637	0.005590	1.312781
-16.819170	0.104356	2.020634	0.005586	1.313005
-16.167385	-0.097432	2.030630	0.005466	1.312892
-17.203290	-0.010295	2.040627	0.005657	1.312783
-16.706363	0.008487	2.050624	0.005566	1.312909
-16.990229	-0.077849	2.060621	0.005619	1.312744
-15.747699	-0.068180	2.070618	0.005391	1.313013
-17.433898	0.117825	2.080614	0.005702	1.312891
-15.988058	0.014040	2.090611	0.005436	1.313063
-16.694675	-0.061600	2.100608	0.005566	1.312823
-15.854676	-0.177432	2.110605	0.005412	1.312854
-16.268515	0.041484	2.120602	0.005489	1.313037
-16.279163	-0.014324	2.130598	0.005491	1.312966
-16.577383	-0.036204	2.140595	0.005547	1.312876
-16.405524	0.150123	2.150592	0.005515	1.313140
-15.110964	-0.164105	2.160589	0.005278	1.313023
-16.314330	-0.009661	2.170586	0.005500	1.312962
-16.132787	0.081998	2.180582	0.005467	1.313112
-15.602430	-0.118356	2.190579	0.005369	1.312975
-16.339603	0.073463	2.200576	0.005506	1.313057
-14.803511	-0.158397	2.210573	0.005223	1.313091
-15.948109	-0.001294	2.220570	0.005434	1.313046
-16.059234	0.151759	2.230566	0.005455	1.313210
-15.341367	-0.084952	2.240563	0.005324	1.313068
-15.261419	-0.095625	2.250560	0.005309	1.313071
-15.151500	-0.052559	2.260557	0.005290	1.313146
-15.658429	0.084364	2.270554	0.005383	1.313208
-15.516048	0.007002	2.280550	0.005358	1.313142
-15.056964	-0.099593	2.290547	0.005274	1.313106
-15.120412	0.041334	2.300544	0.005286	1.313266
-14.348388	-0.189775	2.310541	0.005144	1.313142
-15.557423	0.053254	2.320538	0.005367	1.313188
-14.977727	0.017026	2.330534	0.005261	1.313264
-15.236755	-0.085771	2.340531	0.005309	1.313083
-14.861962	0.016384	2.350528	0.005240	1.313286
-14.791621	-0.019969	2.360525	0.005228	1.313255
-14.055231	0.022667	2.370522	0.005093	1.313460
-15.457315	0.001912	2.380518	0.005352	1.313143
-14.346247	-0.037976	2.390515	0.005147	1.313324
-14.101226	-0.028179	2.400512	0.005103	1.313387
-13.965321	-0.191528	2.410509	0.005078	1.313214
-15.173502	0.052949	2.420506	0.005301	1.313263
-14.214767	-0.112411	2.430502	0.005125	1.313258
-14.208457	-0.111460	2.440499	0.005124	1.313260
-14.472009	-0.024656	2.450496	0.005173	1.313311
-13.523979	-0.130661	2.460493	0.004999	1.313377
-14.264030	-0.013198	2.470490	0.005136	1.313367
-14.826088	-0.052747	2.480486	0.005240	1.313202
-13.316990	-0.010315	2.490483	0.004962	1.313567
-13.908952	-0.154764	2.500480	0.005072	1.313266
-13.030538	-0.164018	2.510477	0.004911	1.313436
-15.045067	0.071400	2.520474	0.005282	1.313307
-13.462089	-0.110637	2.530470	0.004991	1.313411
-12.980913	-0.213588	2.540467	0.004903	1.313384
-13.912900	0.025319	2.550464	0.005075	1.313483
-13.503460	-0.216559	2.560461	0.005000	1.313271
-13.695780	0.055675	2.570458	0.005036	1.313565
-13.172638	-0.221797	2.580454	0.004940	1.313332
-12.960134	-0.112410	2.590451	0.004901	1.313510
-13.659323	-0.031907	2.600448	0.005031	1.313463
-12.900415	-0.155076	2.610445	0.004891	1.313469
-13.873396	0.044419	2.620442	0.005071	1.313511
-12.542268	-0.247750	2.630438	0.004826	1.313429
-12.738345	-0.134149	2.640435	0.004863	1.313527
-13.241643	-0.083964	2.650432	0.004956	1.313483
-12.454707	-0.167115	2.660429	0.004812	1.313544
-13.967205	0.028290	2.670426	0.005090	1.313470
-11.761079	-0.354135	2.680422	0.004685	1.313457
-13.271559	-0.013663	2.690419	0.004963	1.313561
-12.412830	-0.145685	2.700416	0.004806	1.313577
-12.485003	-0.122742	2.710413	0.004819	1.313590
-12.822076	-0.175340	2.720410	0.004882	1.313455
-11.939400	-0.216041	2.730406	0.004720	1.313587
-12.664095	-0.096659	2.740403	0.004854	1.313583
-12.012402	-0.204501	2.750400	0.004734	1.313585
-12.834899	-0.063172	2.760397	0.004886	1.313588
-11.999573	-0.201996	2.770394	0.004733	1.313590
-12.359256	-0.022839	2.780390	0.004799	1.313735
-11.243177	-0.314760	2.790387	0.004595	1.313607
-13.226677	0.057998	2.800384	0.004960	1.313653
-11.009993	-0.240053	2.810381	0.004552	1.313747
-12.293180	-0.150224	2.820378	0.004789	1.313590
-11.205938	-0.233454	2.830374	0.004589	1.313713
-11.678378	-0.254712	2.840371	0.004677	1.313588
-11.688716	-0.252665	2.850368	0.004679	1.313588
-12.243702	-0.283256	2.860365	0.004782	1.313435
-11.447063	-0.204990	2.870362	0.004636	1.313696
-11.346514	-0.310767	2.880358	0.004618	1.313586
-11.506223	-0.140520	2.890355	0.004648	1.313762
-11.663735	-0.252590	2.900352	0.004677	1.313591
-11.289249	-0.063632	2.910349	0.004608	1.313900
-10.776907	-0.363274	2.920346	0.004515	1.313638
-11.548641	-0.268285	2.930342	0.004657	1.313594
-11.165710	-0.132846	2.940339	0.004587	1.313839
-11.246898	-0.270947	2.950336	0.004603	1.313652
-10.527477	-0.327008	2.960333	0.004471	1.313732
-11.540043	-0.199266	2.970330	0.004658	1.313678
-10.375879	-0.254033	2.980326	0.004444	1.313852
-11.048914	-0.197327	2.990323	0.004568	1.313781
-10.900045	-0.269573	3.000320	0.004541	1.313723
-10.246456	-0.284759	3.010317	0.004421	1.313840
-11.077766	-0.321004	3.020314	0.004575	1.313622
-9.906243	-0.344224	3.030310	0.004359	1.313836
-11.317672	-0.218783	3.040307	0.004620	1.313697
-10.521720	-0.196905	3.050304	0.004474	1.313888
-9.766315	-0.393665	3.060301	0.004335	1.313803
-10.683095	-0.175329	3.070298	0.004504	1.313880
-9.643391	-0.435245	3.080294	0.004313	1.313776
-10.875147	-0.197857	3.090291	0.004541	1.313812
-9.580539	-0.423302	3.100288	0.004303	1.313803
-10.428573	-0.236839	3.110285	0.004459	1.313855
-9.644056	-0.429860	3.120282	0.004315	1.313781
-10.401979	-0.220421	3.130278	0.004455	1.313880
-9.909986	-0.291197	3.140275	0.004365	1.313895
-9.563685	-0.350080	3.150272	0.004302	1.313894
-9.376003	-0.433223	3.160269	0.004268	1.313830
-10.047559	-0.327350	3.170266	0.004392	1.313820
-9.630082	-0.332862	3.180262	0.004316	1.313900
-9.516830	-0.348079	3.190259	0.004295	1.313904
-9.465403	-0.362715	3.200256	0.004286	1.313896
-9.234735	-0.402113	3.210253	0.004244	1.313895
-9.203515	-0.536369	3.220250	0.004239	1.313736
-9.286515	-0.464342	3.230246	0.004255	1.313807
-10.325813	-0.254969	3.240243	0.004446	1.313848
-8.236169	-0.460627	3.250240	0.004062	1.314028
-9.385988	-0.543102	3.260237	0.004274	1.313688
-9.055855	-0.428265	3.270234	0.004214	1.313897
-9.089041	-0.425030	3.280230	0.004221	1.313893
-8.877994	-0.457162	3.290227	0.004182	1.313897
-8.441582	-0.589616	3.300224	0.004102	1.313825
-9.430571	-0.381296	3.310221	0.004285	1.313875
-8.637238	-0.498685	3.320218	0.004139	1.313895
-8.845289	-0.461812	3.330214	0.004178	1.313896
-8.397040	-0.539395	3.340211	0.004096	1.313894
-8.203500	-0.573789	3.350208	0.004061	1.313891
-8.392415	-0.535056	3.360205	0.004096	1.313899
-9.140072	-0.510827	3.370202	0.004234	1.313773
-8.271696	-0.325307	3.380198	0.004075	1.314180
-7.877970	-0.624186	3.390195	0.004003	1.313895
-8.216154	-0.572637	3.400192	0.004065	1.313887
-8.136809	-0.583204	3.410189	0.004051	1.313890
-8.142532	-0.578434	3.420186	0.004053	1.313894
-7.911066	-0.617457	3.430182	0.004011	1.313894
-8.101575	-0.586543	3.440179	0.004046	1.313892
-7.866752	-0.626197	3.450176	0.004003	1.313891
-8.473482	-0.520204	3.460173	0.004116	1.313895
-7.579826	-0.553281	3.470170	0.003952	1.314039
-7.813567	-0.631043	3.480166	0.003995	1.313895
-8.003173	-0.503661	3.490163	0.004030	1.314011
-7.194047	-0.596644	3.500160	0.003882	1.314064
-7.738323	-0.530830	3.510157	0.003983	1.314032
-7.518224	-0.681049	3.520154	0.003943	1.313893
-7.342237	-0.488839	3.530150	0.003910	1.314164
-7.363491	-0.705654	3.540147	0.003915	1.313893
-7.327366	-0.557003	3.550144	0.003909	1.314083
-7.276561	-0.512676	3.560141	0.003900	1.314147
-7.014736	-0.750914	3.570138	0.003852	1.313909
-7.509921	-0.500528	3.580134	0.003944	1.314113
-6.925915	-0.605773	3.590131	0.003837	1.314104
-6.561769	-0.709904	3.600128	0.003770	1.314051
-6.896305	-0.784260	3.610125	0.003832	1.313890
-6.943441	-0.770960	3.620122	0.003841	1.313896
-7.039226	-0.716762	3.630118	0.003859	1.313942
-6.239076	-0.861670	3.640115	0.003713	1.313930
-6.721121	-0.814462	3.650112	0.003802	1.313887
-6.767094	-0.807473	3.660109	0.003811	1.313886
-6.706001	-0.811133	3.670106	0.003800	1.313894
-6.571233	-0.680621	3.680102	0.003776	1.314081
-6.252643	-0.887178	3.690099	0.003717	1.313893
-6.510455	-0.849472	3.700096	0.003765	1.313886
-6.201448	-0.853834	3.710093	0.003709	1.313944
-6.169810	-0.894296	3.720090	0.003704	1.313900
-5.964873	-0.930936	3.730086	0.003666	1.313897
-5.834423	-0.959569	3.740083	0.003643	1.313889
-6.049677	-0.923198	3.750080	0.003683	1.313888
-5.936084	-1.045978	3.760077	0.003663	1.313760
-6.266168	-0.882815	3.770074	0.003724	1.313892
-6.135536	-0.900206	3.780070	0.003700	1.313897
-5.818806	-0.950267	3.790067	0.003642	1.313901
-5.621068	-0.912250	3.800064	0.003606	1.313988
-5.405243	-1.021240	3.810061	0.003567	1.313898
-5.331655	-1.031280	3.820058	0.003554	1.313901
-6.067924	-1.030000	3.830054	0.003690	1.313749
-5.519217	-1.002667	3.840051	0.003589	1.313896
-5.394123	-1.019312	3.850048	0.003567	1.313901
-5.196447	-1.060647	3.860045	0.003531	1.313891
-5.104408	-1.070239	3.870042	0.003514	1.313897
-5.154762	-1.061809	3.880038	0.003524	1.313897
-5.005649	-1.085317	3.890035	0.003497	1.313898
-5.296653	-1.125815	3.900032	0.003551	1.313788
-5.530513	-1.000891	3.910029	0.003595	1.313892
-4.701764	-1.143372	3.920026	0.003443	1.313889
-4.530353	-1.166383	3.930022	0.003412	1.313895
-4.822427	-1.287899	3.940019	0.003466	1.313685
-4.791228	-1.246003	3.950016	0.003461	1.313743
-4.668639	-1.301137	3.960013	0.003439	1.313700
-4.800161	-1.211669	3.970010	0.003463	1.313782
-4.622156	-1.279420	3.980006	0.003431	1.313735
-4.591896	-1.158450	3.990003	0.003426	1.313889
-4.470774	-1.179519	4.000000	0.003404	1.313888
-4.413362	-1.184530	4.009997	0.003394	1.313893
-4.161242	-1.435876	4.019994	0.003348	1.313637
-4.388429	-1.286931	4.029990	0.003390	1.313772
-4.511540	-1.229516	4.039987	0.003413	1.313816
-4.365502	-1.196583	4.049984	0.003387	1.313886
-3.952388	-1.264977	4.059981	0.003311	1.313887
-4.014240	-1.252120	4.069978	0.003323	1.313890
-3.872484	-1.277951	4.079974	0.003297	1.313887
-4.238388	-1.211398	4.089971	0.003365	1.313892
-4.151685	-1.174673	4.099968	0.003350	1.313955
-3.642416	-1.115356	4.109965	0.003256	1.314133
-3.631750	-1.311846	4.119962	0.003255	1.313893
-4.053670	-1.124544	4.129958	0.003333	1.314035
-3.656232	-1.047650	4.139955	0.003260	1.314211
-3.594558	-1.057967	4.149952	0.003249	1.314211
-3.479264	-1.075948	4.159949	0.003229	1.314212
-3.409237	-1.095769	4.169946	0.003216	1.314202
-3.456027	-1.081126	4.179942	0.003225	1.314210
-3.500879	-1.076238	4.189939	0.003234	1.314206
-2.882692	-1.181782	4.199936	0.003121	1.314204
-3.123964	-1.142161	4.209933	0.003166	1.314202
-3.492240	-1.072214	4.219930	0.003234	1.314211
-3.467870	-0.907444	4.229926	0.003230	1.314418
-3.152940	-0.877734	4.239923	0.003172	1.314519
-3.005767	-0.903588	4.249920	0.003145	1.314517
-2.906577	-0.924072	4.259917	0.003128	1.314512
-2.415596	-1.003775	4.269914	0.003038	1.314516
-3.234515	-0.858159	4.279910	0.003189	1.314524
-2.823108	-0.711608	4.289907	0.003114	1.314788
-2.517252	-0.786276	4.299904	0.003058	1.314760
-3.566283	-0.480656	4.309901	0.003251	1.314916
-2.695729	-0.444295	4.319898	0.003091	1.315141
-2.088359	-0.546088	4.329894	0.002980	1.315141
-2.442819	-0.487085	4.339891	0.003046	1.315140
-2.626289	-0.450098	4.349888	0.003080	1.315147
-2.207745	-0.522396	4.359885	0.003003	1.315144
-2.204416	-0.519281	4.369882	0.003003	1.315148
-2.351653	-0.393417	4.379878	0.003031	1.315271
-1.841218	-0.426472	4.389875	0.002937	1.315336
-1.963614	-0.560426	4.399872	0.002960	1.315146
-2.272255	-0.332419	4.409869	0.003017	1.315361
-1.814106	-0.334376	4.419866	0.002933	1.315453
-2.174766	-0.272030	4.429862	0.003000	1.315454
-1.940441	-0.281557	4.439859	0.002958	1.315491
-1.643012	-0.135216	4.449856	0.002903	1.315731
-1.443799	-0.254186	4.459853	0.002867	1.315626
-1.741356	-0.310867	4.469850	0.002922	1.315494
-1.660839	-0.101581	4.479846	0.002908	1.315767
-1.749624	-0.080342	4.489843	0.002925	1.315774
-1.561406	-0.104393	4.499840	0.002891	1.315783
-1.435255	0.128749	4.509837	0.002868	1.316094
-1.869235	0.202143	4.519834	0.002948	1.316094
-1.674328	0.421809	4.529830	0.002912	1.316403
-1.374701	0.390038	4.539827	0.002858	1.316425
-1.206833	0.596021	4.549824	0.002827	1.316712
-1.573559	0.681981	4.559821	0.002895	1.316740
-1.040836	0.827316	4.569818	0.002797	1.317028
-1.070839	0.835495	4.579814	0.002803	1.317031
-0.768537	0.788536	4.589811	0.002748	1.317036
-0.671427	0.768911	4.599808	0.002731	1.317031
-0.995297	0.828286	4.609805	0.002791	1.317036
-0.872698	0.913352	4.619802	0.002769	1.317165
-0.863868	1.071301	4.629798	0.002767	1.317360
-0.923167	1.135270	4.639795	0.002779	1.317426
-0.526493	1.211228	4.649792	0.002706	1.317600
-0.634965	1.225897	4.659789	0.002726	1.317595
-0.614698	1.281221	4.669786	0.002723	1.317666
-0.284442	1.428618	4.679782	0.002663	1.317914
-0.497750	1.458509	4.689779	0.002702	1.317906
-0.483478	1.557927	4.699776	0.002700	1.318030
-0.294827	1.676457	4.709773	0.002666	1.318214
-0.370096	1.692862	4.719770	0.002680	1.318218
-0.354848	1.940751	4.729766	0.002678	1.318523
0.000000	1.884669	4.739763	0.002613	1.318528

0.002952	2.003647	4.744768	0.002612	1.318673
0.321201	2.081688	4.749773	0.002554	1.318834
0.252339	2.348869	4.754778	0.002567	1.319146
-0.077643	2.746926	4.759782	0.002627	1.319564
0.139575	3.103195	4.764787	0.002587	1.320044
0.494814	3.482138	4.769792	0.002522	1.320580
0.728476	3.946862	4.774797	0.002479	1.321195
0.998305	4.434262	4.779802	0.002429	1.321845
0.920410	5.031699	4.784806	0.002443	1.322557
1.196036	5.592554	4.789811	0.002392	1.323296
0.997218	6.378328	4.794816	0.002429	1.324212
1.450658	7.097146	4.799821	0.002345	1.325180
1.742531	7.864967	4.804826	0.002291	1.326173
1.905004	8.692464	4.809830	0.002261	1.327211
2.157929	9.528521	4.814835	0.002214	1.328278
2.365734	10.449963	4.819840	0.002175	1.329438
2.645089	11.387169	4.824845	0.002123	1.330631
2.855771	12.399609	4.829850	0.002084	1.331899
3.161626	13.394094	4.834854	0.002027	1.333164
3.573241	14.420920	4.839859	0.001951	1.334489
3.766518	15.530313	4.844864	0.001915	1.335867
3.742823	16.723203	4.849869	0.001919	1.337301
3.963716	17.925394	4.854874	0.001877	1.338794
4.238120	19.193560	4.859878	0.001826	1.340375
4.752002	20.439302	4.864883	0.001731	1.341976
5.170533	21.680352	4.869888	0.001653	1.343550
5.322973	23.017827	4.874893	0.001625	1.345184
5.596892	24.391419	4.879898	0.001574	1.346884
5.928639	25.756949	4.884902	0.001512	1.348583
6.299285	27.165214	4.889907	0.001443	1.350340
6.411373	28.670155	4.894912	0.001421	1.352157
6.704224	30.183311	4.899917	0.001367	1.354018
7.182090	31.702690	4.904922	0.001278	1.355921
7.400296	33.269621	4.909926	0.001237	1.357825
7.670542	34.864700	4.914931	0.001186	1.359771
8.098098	36.493588	4.919936	0.001107	1.361785
8.416670	38.130010	4.924941	0.001047	1.363783
8.621532	39.853800	4.929946	0.001009	1.365859
9.071799	41.537837	4.934950	0.000925	1.367934
9.460480	43.262928	4.939955	0.000852	1.370041
9.544457	45.102872	4.944960	0.000836	1.372220
9.999929	46.902804	4.949965	0.000751	1.374422
10.621801	48.704640	4.954970	0.000635	1.376655
10.855924	50.525571	4.959974	0.000591	1.378831
11.392006	52.357234	4.964979	0.000492	1.381075
11.626838	54.223456	4.969984	0.000447	1.383297
11.780089	56.204019	4.974989	0.000418	1.385632
12.316619	58.106621	4.979994	0.000318	1.387947
12.472382	60.145260	4.984998	0.000288	1.390342
13.223209	62.053858	4.990003	0.000149	1.392698
13.454489	64.089119	4.995008	0.000105	1.395095
13.721058	66.121243	5.000013	0.000055	1.397492
14.232411	68.176708	5.005018	-0.000040	1.399959
14.668676	70.217052	5.010022	-0.000122	1.402389
15.025410	72.314153	5.015027	-0.000188	1.404865
15.507773	74.408109	5.020032	-0.000278	1.407357
15.714640	76.554380	5.025037	-0.000318	1.409851
16.138128	78.719061	5.030042	-0.000397	1.412404
16.186295	80.995135	5.035046	-0.000407	1.415007
16.730097	83.204240	5.040051	-0.000508	1.417624
17.129938	85.486285	5.045056	-0.000583	1.420291
17.422158	87.781392	5.050061	-0.000638	1.422947
18.163516	90.025783	5.055066	-0.000776	1.425626
18.522848	92.301130	5.060070	-0.000844	1.428263
18.710331	94.670924	5.065075	-0.000879	1.430969
19.326484	96.972087	5.070080	-0.000994	1.433673
19.766799	99.332651	5.075085	-0.001077	1.436406
20.352978	101.621288	5.080090	-0.001186	1.439080
20.549230	104.020914	5.085094	-0.001223	1.441801
20.853329	106.467221	5.090099	-0.001281	1.444588
21.380313	108.877325	5.095104	-0.001379	1.447371
21.662911	111.361798	5.100109	-0.001433	1.450186
22.043893	113.843147	5.105114	-0.001504	1.453011
22.483934	116.363810	5.110118	-0.001587	1.455884
22.722951	118.953338	5.115123	-0.001632	1.458791
23.247306	121.490059	5.120128	-0.001730	1.461685
23.539195	124.102762	5.125133	-0.001786	1.464616
23.962117	126.720521	5.130138	-0.001865	1.467569
24.293284	129.369249	5.135142	-0.001927	1.470534
24.866341	132.002428	5.140147	-0.002034	1.473520
25.443364	134.615230	5.145152	-0.002142	1.476478
25.936730	137.235805	5.150157	-0.002235	1.479424
26.430196	139.860514	5.155162	-0.002327	1.482368
26.734149	142.550304	5.160166	-0.002384	1.485343
27.256974	145.205008	5.165171	-0.002482	1.488313
27.819267	147.878796	5.170176	-0.002587	1.491305
28.144851	150.608864	5.175181	-0.002649	1.494309
28.709237	153.270059	5.180186	-0.002754	1.497276
29.026318	156.023957	5.185190	-0.002814	1.500292
29.424360	158.772328	5.190195	-0.002889	1.503310
29.882344	161.543492	5.195200	-0.002975	1.506358
30.397755	164.316832	5.200205	-0.003072	1.509411
30.844441	167.099179	5.205210	-0.003156	1.512456
31.028651	169.962580	5.210214	-0.003191	1.515535
31.276646	172.857408	5.215219	-0.003239	1.518652
31.890754	175.744300	5.220224	-0.003353	1.521818
32.259768	178.656079	5.225229	-0.003423	1.524961
32.805176	181.547600	5.230234	-0.003525	1.528107
33.127994	184.517663	5.235238	-0.003586	1.531290
33.624881	187.485885	5.240243	-0.003680	1.534495
34.248822	190.388050	5.245248	-0.003796	1.537646
34.556113	193.359525	5.250253	-0.003854	1.540808
35.103153	196.338620	5.255258	-0.003957	1.544013
35.590514	199.298901	5.260262	-0.004048	1.547182
36.011684	202.305671	5.265267	-0.004128	1.550381
36.441671	205.338178	5.270272	-0.004209	1.553601
36.875479	208.337024	5.275277	-0.004290	1.556780
37.239132	211.403325	5.280282	-0.004359	1.560011
37.650095	214.485808	5.285286	-0.004437	1.563260
38.055587	217.590222	5.290291	-0.004513	1.566523
38.628770	220.703299	5.295296	-0.004621	1.569817
38.837135	223.870542	5.300301	-0.004661	1.573098
39.255362	227.064171	5.305306	-0.004740	1.576434
39.729375	230.249348	5.310310	-0.004829	1.579764
40.327907	233.413249	5.315315	-0.004941	1.583085
40.843647	236.578733	5.320320	-0.005038	1.586388
41.274294	239.785488	5.325325	-0.005119	1.589711
41.828762	242.987239	5.330330	-0.005223	1.593043
42.255628	246.178306	5.335334	-0.005303	1.596336
42.727784	249.401634	5.340339	-0.005392	1.599662
43.292521	252.624694	5.345344	-0.005498	1.602996
43.673310	255.858474	5.350349	-0.005570	1.606304
44.296436	259.076694	5.355354	-0.005687	1.609629
44.598372	262.369303	5.360358	-0.005744	1.612968
44.916238	265.701537	5.365363	-0.005805	1.616343
45.413237	269.026125	5.370368	-0.005898	1.619732
45.860222	272.350339	5.375373	-0.005983	1.623106
46.426059	275.669892	5.380378	-0.006089	1.626487
47.007555	278.962953	5.385382	-0.006198	1.629838
47.316774	282.339848	5.390387	-0.006257	1.633220
47.653901	285.725542	5.395392	-0.006321	1.636608
47.966578	289.174383	5.400397	-0.006381	1.640048
48.361365	292.650731	5.405402	-0.006455	1.643520
48.988197	296.060842	5.410406	-0.006573	1.646957
49.317504	299.561904	5.415411	-0.006636	1.650429
49.827146	303.076665	5.420416	-0.006732	1.653934
49.985979	306.615083	5.425421	-0.006763	1.657400
50.566143	310.181706	5.430426	-0.006872	1.660953
51.116536	313.728811	5.435430	-0.006975	1.664474
51.399404	317.326885	5.440435	-0.007030	1.667995
51.898002	320.929210	5.445440	-0.007124	1.671546
52.218261	324.592998	5.450445	-0.007185	1.675121
52.591816	328.279429	5.455450	-0.007256	1.678719
53.214285	331.941869	5.460454	-0.007373	1.682324
53.625092	335.620536	5.465459	-0.007450	1.685904
54.189573	339.316482	5.470464	-0.007557	1.689517
54.489859	343.073459	5.475469	-0.007614	1.693139
54.886067	346.820197	5.480474	-0.007689	1.696758
55.442212	350.557259	5.485478	-0.007794	1.700385
55.850619	354.347217	5.490483	-0.007871	1.704032
56.478957	358.102620	5.495488	-0.007989	1.707672
56.599300	361.945839	5.500493	-0.008014	1.711309
57.273174	365.743127	5.505498	-0.008140	1.714979
57.700913	369.587326	5.510502	-0.008221	1.718648
58.003188	373.473661	5.515507	-0.008279	1.722330
58.426515	377.369603	5.520512	-0.008360	1.726031
58.748161	381.328700	5.525517	-0.008421	1.729768
59.238706	385.301017	5.530522	-0.008514	1.733534
59.574934	389.312212	5.535526	-0.008578	1.737304
59.990532	393.331392	5.540531	-0.008657	1.741086
60.480690	397.385483	5.545536	-0.008750	1.744903
60.955991	401.423112	5.550541	-0.008840	1.748694
61.393012	405.511231	5.555546	-0.008923	1.752517
61.820021	409.570260	5.560550	-0.009004	1.756304
62.366395	413.675685	5.565555	-0.009107	1.760142
62.670657	417.840176	5.570560	-0.009166	1.763991
63.283568	421.965314	5.575565	-0.009281	1.767840
63.451180	426.164153	5.580570	-0.009314	1.771683
64.059556	430.398654	5.585574	-0.009429	1.775614
64.372917	434.641586	5.590579	-0.009489	1.779502
64.838083	438.891569	5.595584	-0.009578	1.783408
65.260848	443.163249	5.600589	-0.009658	1.787320
65.639199	447.479902	5.605594	-0.009730	1.791257
66.280590	451.763547	5.610598	-0.009851	1.795194
66.671576	456.082443	5.615603	-0.009926	1.799117
67.147720	460.420358	5.620608	-0.010016	1.803061
67.764885	464.719000	5.625613	-0.010132	1.806982
68.262917	469.040946	5.630618	-0.010227	1.810897
68.875170	473.341376	5.635622	-0.010342	1.814801
69.150603	477.693314	5.640627	-0.010395	1.818695
69.817795	482.037218	5.645632	-0.010521	1.822628
70.192808	486.383264	5.650637	-0.010593	1.826514
70.534254	490.807101	5.655642	-0.010658	1.830455
70.942061	495.247425	5.660646	-0.010736	1.834412
71.319711	499.704461	5.665651	-0.010808	1.838370
71.750164	504.238381	5.670656	-0.010890	1.842394
72.258444	508.728619	5.675661	-0.010987	1.846382
72.719021	513.255390	5.680666	-0.011074	1.850386
73.153404	517.817933	5.685670	-0.011157	1.854410
73.436254	522.422065	5.690675	-0.011212	1.858439
74.059881	526.999321	5.695680	-0.011329	1.862483
74.707948	531.555140	5.700685	-0.011452	1.866503
74.995266	536.161160	5.705690	-0.011507	1.870509
75.630918	540.738845	5.710694	-0.011627	1.874529
76.182957	545.324706	5.715699	-0.011732	1.878536
76.617880	549.944880	5.720704	-0.011815	1.882547
77.205606	554.538007	5.725709	-0.011926	1.886548
77.744891	559.124767	5.730714	-0.012028	1.890528
78.085483	563.766019	5.735718	-0.012093	1.894520
78.657367	568.406090	5.740723	-0.012201	1.898532
79.058871	573.078323	5.745728	-0.012278	1.902541
79.608211	577.731416	5.750733	-0.012382	1.906545
79.959344	582.424622	5.755738	-0.012450	1.910548
80.739499	587.067201	5.760742	-0.012596	1.914556
80.896231	591.800434	5.765747	-0.012628	1.918550
81.596495	596.494876	5.770752	-0.012760	1.922574
82.121767	601.191095	5.775757	-0.012859	1.926569
82.614171	605.903208	5.780762	-0.012953	1.930564
83.161009	610.563573	5.785766	-0.013057	1.934514
83.510534	615.273085	5.790771	-0.013124	1.938472
84.176875	619.996890	5.795776	-0.013249	1.942475
84.597175	624.751059	5.800781	-0.013330	1.946462
85.269649	629.433300	5.805786	-0.013456	1.950415
85.636223	634.164866	5.810790	-0.013527	1.954360
86.105888	638.917003	5.815795	-0.013616	1.958328
86.560441	643.701357	5.820800	-0.013703	1.962312
87.109488	648.501849	5.825805	-0.013807	1.966313
87.653720	653.233816	5.830810	-0.013910	1.970250
88.152040	658.019215	5.835814	-0.014005	1.974216
88.794633	662.765151	5.840819	-0.014126	1.978160
89.159402	667.548006	5.845824	-0.014196	1.982092
89.675279	672.348459	5.850829	-0.014294	1.986048
90.163530	677.146214	5.855834	-0.014387	1.989991
90.770622	681.935047	5.860838	-0.014502	1.993934
91.285565	686.702301	5.865843	-0.014599	1.997840
91.723471	691.517223	5.870848	-0.014683	2.001767
92.389098	696.324340	5.875853	-0.014809	2.005709
92.833064	701.112707	5.880858	-0.014893	2.009600
93.296500	705.942373	5.885862	-0.014982	2.013519
93.898097	710.712529	5.890867	-0.015095	2.017399
94.347007	715.545987	5.895872	-0.015181	2.021304
95.055886	720.282767	5.900877	-0.015314	2.025156
95.523383	725.091278	5.905882	-0.015403	2.029028
95.979277	729.897177	5.910886	-0.015490	2.032890
96.573351	734.664042	5.915891	-0.015603	2.036729
97.168348	739.452735	5.920896	-0.015715	2.040579
97.754256	744.175967	5.925901	-0.015826	2.044369
98.273261	748.951259	5.930906	-0.015924	2.048185
98.905555	753.694544	5.935910	-0.016044	2.051981
99.424721	758.428448	5.940915	-0.016142	2.055750
99.847059	763.175643	5.945920	-0.016223	2.059511
100.572986	767.862301	5.950925	-0.016359	2.063254
100.766179	772.650859	5.955930	-0.016398	2.067006
101.444804	777.422091	5.960934	-0.016526	2.070795
101.935313	782.151219	5.965939	-0.016619	2.074522
102.306434	786.957637	5.970944	-0.016690	2.078288
103.012324	791.708250	5.975949	-0.016823	2.082044
103.569592	796.457100	5.980954	-0.016929	2.085773
103.898445	801.283989	5.985958	-0.016992	2.089530
104.508821	806.076518	5.990963	-0.017108	2.093286
104.938618	810.880218	5.995968	-0.017190	2.097023
105.437011	815.682127	6.000973	-0.017285	2.100760
105.938643	820.483553	6.005978	-0.017380	2.104490
106.572497	825.286885	6.010982	-0.017500	2.108230
107.145434	830.030744	6.015987	-0.017608	2.111911
107.528766	834.816035	6.020992	-0.017681	2.115595
108.003291	839.640350	6.025997	-0.017772	2.119313
108.629228	844.409774	6.031002	-0.017890	2.123000
109.206211	849.224050	6.036006	-0.017999	2.126709
109.788776	853.999013	6.041011	-0.018109	2.130382
110.397054	858.702185	6.046016	-0.018224	2.133997
111.076792	863.395214	6.051021	-0.018352	2.137607
111.511661	868.128221	6.056026	-0.018435	2.141213
112.273375	872.769623	6.061030	-0.018578	2.144781
112.737797	877.434004	6.066035	-0.018667	2.148327
113.242412	882.104674	6.071040	-0.018763	2.151876
113.759236	886.778739	6.076045	-0.018861	2.155423
114.206626	891.447847	6.081050	-0.018946	2.158953
114.621499	896.175636	6.086054	-0.019025	2.162517
115.212849	900.887600	6.091059	-0.019137	2.166083
115.788825	905.596198	6.096064	-0.019246	2.169638
116.385782	910.254795	6.101069	-0.019359	2.173153
116.650373	914.974716	6.106074	-0.019410	2.176671
117.304167	919.681726	6.111078	-0.019534	2.180217
117.622376	924.428368	6.116083	-0.019595	2.183749
118.198036	929.168151	6.121088	-0.019704	2.187298
118.751450	933.906007	6.126093	-0.019809	2.190838
119.225885	938.620030	6.131098	-0.019899	2.194346
119.779005	943.349560	6.136102	-0.020004	2.197868
120.225935	948.110785	6.141107	-0.020089	2.201396
120.918817	952.829078	6.146112	-0.020220	2.204914
121.445716	957.525953	6.151117	-0.020319	2.208392
121.893666	962.220234	6.156122	-0.020405	2.211854
122.613703	966.909823	6.161126	-0.020540	2.215337
123.252520	971.543045	6.166131	-0.020661	2.218765
123.668478	976.185526	6.171136	-0.020740	2.222170
124.301427	980.821027	6.176141	-0.020860	2.225588
124.764073	985.473226	6.181146	-0.020948	2.228995
125.404130	990.051980	6.186150	-0.021068	2.232362
125.681175	994.715882	6.191155	-0.021122	2.235747
126.529478	999.332309	6.196160	-0.021281	2.239153
126.889233	1003.939513	6.201165	-0.021350	2.242495
127.415139	1008.558129	6.206170	-0.021450	2.245858
127.946600	1013.216062	6.211174	-0.021551	2.249245
128.422082	1017.825790	6.216179	-0.021641	2.252586
128.675117	1022.551853	6.221184	-0.021691	2.255982
129.288722	1027.233431	6.226189	-0.021806	2.259379
129.867709	1031.860795	6.231194	-0.021916	2.262729
130.472489	1036.503372	6.236198	-0.022030	2.266086
130.954925	1041.145845	6.241203	-0.022122	2.269427
131.561776	1045.718028	6.246208	-0.022236	2.272725
132.171646	1050.323856	6.251213	-0.022351	2.276042
132.550011	1054.959134	6.256218	-0.022424	2.279352
133.019780	1059.592861	6.261222	-0.022513	2.282665
133.622974	1064.215858	6.266227	-0.022627	2.285979
134.372861	1068.778211	6.271232	-0.022768	2.289260
135.014623	1073.261159	6.276237	-0.022889	2.292471
135.577027	1077.763745	6.281242	-0.022995	2.295682
136.069754	1082.270031	6.286246	-0.023089	2.298884
136.557932	1086.748574	6.291251	-0.023182	2.302062
136.974686	1091.312608	6.296256	-0.023261	2.305288
137.477113	1095.839165	6.301261	-0.023356	2.308492
138.066545	1100.329517	6.306266	-0.023468	2.311675
138.538100	1104.880236	6.311270	-0.023557	2.314883
138.931398	1109.430989	6.316275	-0.023632	2.318079
139.516892	1113.967386	6.321280	-0.023743	2.321280
140.065077	1118.517476	6.326285	-0.023847	2.324482
140.686986	1123.020226	6.331290	-0.023964	2.327655
141.151609	1127.542999	6.336294	-0.024052	2.330821
141.645835	1132.052420	6.341299	-0.024146	2.333977
142.174707	1136.567234	6.346304	-0.024246	2.337135
142.610698	1141.120833	6.351309	-0.024329	2.340306
143.137753	1145.651289	6.356314	-0.024429	2.343467
143.662734	1150.165568	6.361318	-0.024529	2.346611
144.217364	1154.679566	6.366323	-0.024633	2.349754
144.891616	1159.145161	6.371328	-0.024760	2.352872
145.276188	1163.632635	6.376333	-0.024834	2.355972
145.764976	1168.152025	6.381338	-0.024927	2.359099
146.323482	1172.644663	6.386342	-0.025032	2.362211
146.624535	1177.215235	6.391347	-0.025091	2.365347
147.297626	1181.761773	6.396352	-0.025217	2.368498
147.815673	1186.233793	6.401357	-0.025315	2.371580
148.413589	1190.721876	6.406362	-0.025428	2.374676
148.836761	1195.242382	6.411366	-0.025509	2.377773
149.331617	1199.742060	6.416371	-0.025603	2.380859
149.964674	1204.248909	6.421376	-0.025722	2.383959
150.417495	1208.735592	6.426381	-0.025808	2.387024
150.927897	1213.212816	6.431386	-0.025905	2.390084
151.395155	1217.716993	6.436390	-0.025994	2.393154
151.775708	1222.247378	6.441395	-0.026067	2.396229
152.398275	1226.788509	6.446400	-0.026184	2.399331
152.982377	1231.288457	6.451405	-0.026294	2.402397
153.583118	1235.752745	6.456410	-0.026408	2.405437
154.064739	1240.284033	6.461414	-0.026499	2.408506
154.724250	1244.713588	6.466419	-0.026623	2.411521
155.173576	1249.162972	6.471424	-0.026709	2.414525
155.831908	1253.581678	6.476429	-0.026833	2.417525
156.336278	1257.967903	6.481434	-0.026928	2.420485
156.627040	1262.435556	6.486438	-0.026985	2.423475
157.199248	1266.876874	6.491443	-0.027093	2.426470
157.684994	1271.358051	6.496448	-0.027185	2.429480
158.158705	1275.782834	6.501453	-0.027275	2.432447
158.816328	1280.207161	6.506458	-0.027399	2.435428
159.361091	1284.654702	6.511462	-0.027502	2.438410
159.897894	1289.006505	6.516467	-0.027603	2.441324
160.475504	1293.433032	6.521472	-0.027712	2.444288
161.154609	1297.770724	6.526477	-0.027840	2.447199
161.568962	1302.105760	6.531482	-0.027919	2.450081
162.227707	1306.438214	6.536486	-0.028043	2.452979
162.603522	1310.763431	6.541491	-0.028115	2.455844
163.040886	1315.143755	6.546496	-0.028198	2.458747
163.693233	1319.458390	6.551501	-0.028321	2.461623
164.148567	1323.808510	6.556506	-0.028407	2.464501
164.540083	1328.223646	6.561510	-0.028482	2.467412
165.030674	1332.541927	6.566515	-0.028575	2.470265
165.682577	1336.914001	6.571520	-0.028698	2.473165
166.219114	1341.239909	6.576525	-0.028799	2.476021
166.748497	1345.574409	6.581530	-0.028899	2.478878
167.468362	1349.833267	6.586534	-0.029034	2.481701
168.115691	1354.069651	6.591539	-0.029156	2.484498
168.707804	1358.276164	6.596544	-0.029268	2.487269
169.310656	1362.441780	6.601549	-0.029381	2.490011
169.876485	1366.585108	6.606554	-0.029488	2.492732
170.365755	1370.701820	6.611558	-0.029580	2.495426
170.991052	1374.863272	6.616563	-0.029698	2.498158
171.758855	1378.842452	6.621568	-0.029842	2.500783
172.040256	1382.942175	6.626573	-0.029896	2.503439
172.540090	1387.033376	6.631578	-0.029991	2.506106
173.004136	1391.157225	6.636582	-0.030079	2.508788
173.551702	1395.219877	6.641587	-0.030182	2.511435
174.097801	1399.315060	6.646592	-0.030285	2.514100
174.736529	1403.367710	6.651597	-0.030405	2.516743
175.231568	1407.411361	6.656602	-0.030499	2.519365
175.645615	1411.468110	6.661606	-0.030577	2.521985
176.110337	1415.558058	6.666611	-0.030666	2.524628
176.666627	1419.658495	6.671616	-0.030770	2.527283
177.036802	1423.716254	6.676621	-0.030841	2.529892
177.832101	1427.752790	6.681626	-0.030990	2.532521
178.313732	1431.772350	6.686630	-0.031081	2.535110
178.542794	1435.919232	6.691635	-0.031126	2.537755
179.360728	1439.865114	6.696640	-0.031279	2.540321
179.762864	1443.964564	6.701645	-0.031355	2.542945
180.261024	1448.005450	6.706650	-0.031450	2.545538
180.914494	1452.023618	6.711654	-0.031572	2.548127
181.469564	1455.964821	6.716659	-0.031677	2.550657
181.966218	1459.974962	6.721664	-0.031771	2.553222
182.372990	1463.981216	6.726669	-0.031848	2.555774
182.961933	1467.988825	6.731674	-0.031959	2.558341
183.429873	1471.956173	6.736678	-0.032048	2.560869
183.949627	1475.986814	6.741683	-0.032146	2.563439
184.449641	1479.986680	6.746688	-0.032240	2.565985
185.048780	1484.053584	6.751693	-0.032353	2.568579
185.617424	1488.020181	6.756698	-0.032460	2.571105
186.147441	1491.968838	6.761702	-0.032560	2.573614
186.585508	1495.899208	6.766707	-0.032643	2.576101
187.072013	1499.840711	6.771712	-0.032735	2.578597
187.717984	1503.789597	6.776717	-0.032856	2.581109
188.199114	1507.686034	6.781722	-0.032947	2.583571
188.832886	1511.583710	6.786726	-0.033067	2.586045
189.288831	1515.487796	6.791731	-0.033153	2.588505
189.947061	1519.281108	6.796736	-0.033276	2.590911
190.429998	1523.138979	6.801741	-0.033368	2.593341
190.946936	1526.975051	6.806746	-0.033465	2.595757
191.387798	1530.871898	6.811750	-0.033549	2.598202
191.975826	1534.686619	6.816755	-0.033659	2.600606
192.416805	1538.550498	6.821760	-0.033743	2.603027
193.014879	1542.377614	6.826765	-0.033855	2.605435
193.811529	1546.161336	6.831770	-0.034004	2.607831
194.513694	1549.754359	6.836774	-0.034136	2.610099
194.918887	1553.505360	6.841779	-0.034213	2.612438
195.347623	1557.174770	6.846784	-0.034294	2.614727
195.879578	1560.917611	6.851789	-0.034394	2.617067
196.428212	1564.569220	6.856794	-0.034497	2.619350
197.153541	1568.216458	6.861798	-0.034633	2.621643
197.843486	1571.768225	6.866803	-0.034762	2.623873
199.023747	1575.163548	6.871808	-0.034981	2.626046
199.543117	1578.492265	6.876813	-0.035079	2.628122
200.057310	1581.764826	6.881818	-0.035176	2.630161
200.626801	1585.070531	6.886822	-0.035283	2.632224
201.215385	1588.343097	6.891827	-0.035393	2.634266
201.817577	1591.583441	6.896832	-0.035506	2.636288
202.356869	1594.809695	6.901837	-0.035607	2.638295
202.679301	1598.033927	6.906842	-0.035668	2.640281
203.342428	1601.326889	6.911846	-0.035792	2.642336
203.621737	1604.586963	6.916851	-0.035846	2.644337
204.221950	1607.862286	6.921856	-0.035958	2.646372
204.692532	1611.118435	6.926861	-0.036047	2.648384
205.263307	1614.368436	6.931866	-0.036154	2.650398
205.655114	1617.662484	6.936870	-0.036228	2.652423
206.009255	1620.958488	6.941875	-0.036295	2.654445
206.427291	1624.308534	6.946880	-0.036374	2.656502
206.902357	1627.677480	6.951885	-0.036463	2.658574
207.394728	1631.024608	6.956890	-0.036556	2.660633
207.960701	1634.392115	6.961894	-0.036662	2.662708
208.312781	1637.764919	6.966899	-0.036729	2.664768
208.828453	1641.179906	6.971904	-0.036826	2.666864
209.079589	1644.572616	6.976909	-0.036874	2.668924
209.525586	1648.072595	6.981914	-0.036959	2.671063
210.014945	1651.562458	6.986918	-0.037051	2.673197
210.487574	1655.061620	6.991923	-0.037140	2.675334
210.849861	1658.609593	6.996928	-0.037209	2.677489
211.406972	1662.085690	7.001933	-0.037313	2.679615
211.827966	1665.683441	7.006938	-0.037393	2.681802
212.293373	1669.236053	7.011942	-0.037481	2.683963
212.874004	1672.793141	7.016947	-0.037590	2.686134
213.687810	1676.225652	7.021952	-0.037742	2.688247
213.801871	1679.762933	7.026957	-0.037765	2.690366
214.281228	1683.339694	7.031962	-0.037855	2.692535
215.125031	1686.770689	7.036966	-0.038013	2.694645
215.746284	1690.235511	7.041971	-0.038129	2.696755
216.302708	1693.570454	7.046976	-0.038234	2.698782
216.901029	1696.941947	7.051981	-0.038346	2.700832
217.322738	1700.342555	7.056986	-0.038426	2.702884
217.910055	1703.688265	7.061990	-0.038536	2.704914
218.359957	1707.106863	7.066995	-0.038621	2.706976
218.786755	1710.402561	7.072000	-0.038701	2.708961
219.562336	1713.763668	7.077005	-0.038846	2.711011
220.107323	1717.019426	7.082010	-0.038948	2.712978
220.657262	1720.327233	7.087014	-0.039052	2.714976
221.184473	1723.573425	7.092019	-0.039151	2.716934
221.792040	1726.721055	7.097024	-0.039264	2.718838
222.184704	1730.045882	7.102029	-0.039339	2.720829
222.526048	1733.321128	7.107034	-0.039404	2.722785
223.117757	1736.597346	7.112038	-0.039514	2.724760
223.574629	1739.962716	7.117043	-0.039601	2.726775
223.928424	1743.288915	7.122048	-0.039668	2.728758
224.645355	1746.576567	7.127053	-0.039802	2.730744
224.979367	1749.869428	7.132058	-0.039865	2.732703
225.645201	1753.134746	7.137062	-0.039990	2.734670
226.028441	1756.472986	7.142067	-0.040062	2.736656
226.539106	1759.713969	7.147072	-0.040158	2.738593
227.059311	1763.023881	7.152077	-0.040256	2.740571
227.633349	1766.298333	7.157082	-0.040364	2.742530
228.158789	1769.554871	7.162086	-0.040462	2.744473
228.705259	1772.803087	7.167091	-0.040565	2.746412
229.404690	1775.918811	7.172096	-0.040696	2.748284
229.777519	1779.139209	7.177101	-0.040766	2.750190
229.979489	1782.420544	7.182106	-0.040805	2.752118
230.785291	1785.646790	7.187110	-0.040955	2.754058
231.490380	1788.802174	7.192115	-0.041087	2.755948
231.820487	1791.971974	7.197120	-0.041150	2.757816
232.340854	1795.147293	7.202125	-0.041248	2.759701
232.776047	1798.361200	7.207130	-0.041330	2.761600
233.554065	1801.458269	7.212134	-0.041475	2.763456
234.004873	1804.607990	7.217139	-0.041560	2.765317
234.449862	1807.726204	7.222144	-0.041643	2.767158
235.070485	1810.795868	7.227149	-0.041759	2.768982
235.441371	1813.944720	7.232154	-0.041830	2.770833
236.046009	1817.067213	7.237158	-0.041943	2.772684
236.540458	1820.161841	7.242163	-0.042036	2.774510
237.121353	1823.255042	7.247168	-0.042145	2.776340
237.682341	1826.278865	7.252173	-0.042250	2.778127
238.184642	1829.340464	7.257178	-0.042344	2.779931
238.753035	1832.370737	7.262182	-0.042450	2.781720
239.241686	1835.383532	7.267187	-0.042542	2.783492
239.948725	1838.393052	7.272192	-0.042674	2.785277
240.781133	1841.243094	7.277197	-0.042829	2.786979
241.433360	1843.964511	7.282202	-0.042951	2.788592
242.785951	1846.552071	7.287206	-0.043201	2.790179
243.850161	1848.904907	7.292211	-0.043399	2.791609
245.080888	1850.917943	7.297216	-0.043626	2.792855
246.081456	1852.833702	7.302221	-0.043812	2.794028
246.920183	1854.542518	7.307226	-0.043967	2.795070
247.926316	1856.167453	7.312230	-0.044153	2.796075
248.696374	1857.653375	7.317235	-0.044296	2.796984
249.443208	1858.953202	7.322240	-0.044434	2.797783
250.372601	1860.197389	7.327245	-0.044606	2.798564
250.976233	1861.336507	7.332250	-0.044718	2.799261
251.564741	1862.528070	7.337254	-0.044827	2.799986
252.155264	1863.622633	7.342259	-0.044936	2.800655
252.649624	1864.733084	7.347264	-0.045027	2.801327
253.242729	1865.801738	7.352269	-0.045137	2.801982
253.839153	1866.741429	7.357274	-0.045247	2.802563
254.727579	1867.680599	7.362278	-0.045411	2.803165
255.625132	1868.458847	7.367283	-0.045577	2.803675
256.444267	1869.059411	7.372288	-0.045728	2.804078
257.311053	1869.643084	7.377293	-0.045888	2.804475
257.991273	1870.061675	7.382298	-0.046013	2.804764
258.858000	1870.416607	7.387302	-0.046173	2.805030
259.878484	1870.400559	7.392307	-0.046361	2.805095
260.463758	1870.441777	7.397312	-0.046468	2.805161
261.206472	1870.758008	7.402317	-0.046605	2.805396
261.449542	1870.723283	7.407322	-0.046649	2.805394
262.163509	1870.634396	7.412326	-0.046781	2.805395
262.696886	1870.569133	7.417331	-0.046879	2.805397
262.996674	1870.521695	7.422336	-0.046934	2.805391
263.529338	1870.463083	7.427341	-0.047031	2.805397
263.789334	1870.538791	7.432346	-0.047079	2.805459
263.984248	1870.981951	7.437350	-0.047115	2.805726
264.418961	1871.032620	7.442355	-0.047195	2.805786
264.738208	1871.424969	7.447360	-0.047254	2.806034
265.115406	1871.726306	7.452365	-0.047323	2.806233
265.510086	1872.041843	7.457370	-0.047396	2.806442
265.812406	1872.435381	7.462374	-0.047452	2.806689
266.161453	1872.959722	7.467379	-0.047516	2.807013
266.187907	1873.493062	7.472384	-0.047521	2.807320
266.576971	1874.120751	7.477389	-0.047593	2.807706
266.829428	1874.847510	7.482394	-0.047640	2.808139
267.116029	1875.676200	7.487398	-0.047693	2.808633
267.463936	1876.586994	7.492403	-0.047757	2.809178
267.743481	1877.500690	7.497408	-0.047809	2.809719
267.989728	1878.557914	7.502413	-0.047855	2.810340
268.088787	1879.696059	7.507418	-0.047874	2.810996
268.485237	1880.903928	7.512422	-0.047947	2.811713
268.866937	1882.118953	7.517427	-0.048018	2.812433
268.958061	1883.462359	7.522432	-0.048036	2.813204
269.260083	1884.964597	7.527437	-0.048092	2.814082
269.602763	1886.472576	7.532442	-0.048156	2.814965
270.098106	1888.005516	7.537446	-0.048248	2.815873
270.579392	1889.551772	7.542451	-0.048337	2.816787
270.764793	1891.029188	7.547456	-0.048372	2.817641
271.067590	1892.752463	7.552461	-0.048429	2.818643
271.453973	1894.503666	7.557466	-0.048501	2.819666
271.910620	1896.260906	7.562470	-0.048586	2.820697
272.405169	1898.009078	7.567475	-0.048678	2.821725
272.519750	1899.807348	7.572480	-0.048700	2.822754
272.898188	1901.766458	7.577485	-0.048771	2.823893
273.344009	1903.678215	7.582490	-0.048854	2.825010
273.681125	1905.699319	7.587494	-0.048917	2.826180
274.301274	1907.583451	7.592499	-0.049032	2.827292
274.604623	1909.590185	7.597504	-0.049089	2.828451
275.110961	1911.634348	7.602509	-0.049184	2.829644
275.668075	1913.601844	7.607514	-0.049287	2.830798
276.150364	1915.587431	7.612518	-0.049377	2.831956
276.616670	1917.599114	7.617523	-0.049464	2.833127
276.818829	1919.665038	7.622528	-0.049503	2.834309
277.356184	1921.789434	7.627533	-0.049603	2.835548
277.761838	1923.884516	7.632538	-0.049679	2.836760
278.167889	1925.965017	7.637542	-0.049755	2.837964
278.538833	1928.206390	7.642547	-0.049824	2.839255
279.008629	1930.405342	7.647552	-0.049912	2.840529
279.366276	1932.647219	7.652557	-0.049979	2.841818
279.592492	1934.984904	7.657562	-0.050022	2.843152
279.871568	1937.374706	7.662566	-0.050075	2.844518
280.604842	1939.788801	7.667571	-0.050211	2.845929
280.883643	1942.114496	7.672576	-0.050264	2.847257
281.240244	1944.560874	7.677581	-0.050331	2.848658
281.784306	1947.009884	7.682586	-0.050432	2.850074
282.247758	1949.517604	7.687590	-0.050519	2.851515
282.937939	1951.859100	7.692595	-0.050648	2.852879
283.517791	1954.223510	7.697600	-0.050756	2.854247
283.920861	1956.672068	7.702605	-0.050831	2.855649
284.354145	1959.017300	7.707610	-0.050913	2.856995
284.912105	1961.408762	7.712614	-0.051017	2.858374
285.295739	1963.834530	7.717619	-0.051089	2.859760
285.854401	1966.281380	7.722624	-0.051193	2.861170
286.331944	1968.639838	7.727629	-0.051282	2.862523
286.684121	1971.138601	7.732634	-0.051349	2.863945
287.157985	1973.578158	7.737638	-0.051437	2.865342
287.728235	1976.035957	7.742643	-0.051544	2.866756
288.329002	1978.372153	7.747648	-0.051656	2.868103
288.737784	1980.852746	7.752653	-0.051732	2.869516
289.341367	1983.260985	7.757658	-0.051845	2.870902
289.636377	1985.682803	7.762662	-0.051900	2.872273
290.138354	1988.170121	7.767667	-0.051994	2.873694
290.491823	1990.677892	7.772672	-0.052061	2.875116
291.096788	1993.151597	7.777677	-0.052174	2.876536
291.569712	1995.602172	7.782682	-0.052262	2.877933
291.908694	1998.132496	7.787686	-0.052326	2.879364
292.660485	2000.656402	7.792691	-0.052466	2.880819
292.993474	2003.099687	7.797696	-0.052529	2.882200
293.505636	2005.605050	7.802701	-0.052624	2.883627
294.236323	2008.076621	7.807706	-0.052760	2.885050
294.666075	2010.528519	7.812710	-0.052841	2.886440
295.254005	2012.937191	7.817715	-0.052951	2.887816
295.903779	2015.292093	7.822720	-0.053072	2.889167
296.290034	2017.665788	7.827725	-0.053144	2.890509
297.007138	2019.965654	7.832730	-0.053277	2.891832
297.479700	2022.272846	7.837734	-0.053366	2.893141
298.328943	2024.508370	7.842739	-0.053523	2.894437
298.739484	2026.696222	7.847744	-0.053600	2.895675
299.208198	2028.886884	7.852749	-0.053688	2.896918
299.741658	2031.071082	7.857754	-0.053787	2.898162
300.251499	2033.284106	7.862758	-0.053882	2.899419
301.061116	2035.417989	7.867763	-0.054033	2.900652
301.578503	2037.453343	7.872768	-0.054129	2.901811
302.200576	2039.547930	7.877773	-0.054245	2.903009
302.719633	2041.553170	7.882778	-0.054342	2.904150
303.144525	2043.593031	7.887782	-0.054421	2.905303
303.776404	2045.611530	7.892787	-0.054538	2.906458
304.388424	2047.465549	7.897792	-0.054652	2.907521
305.073310	2049.390717	7.902797	-0.054779	2.908627
305.683633	2051.245359	7.907802	-0.054893	2.909690
305.866654	2053.204688	7.912806	-0.054927	2.910780
306.534182	2055.051501	7.917811	-0.055051	2.911841
307.136069	2056.880487	7.922816	-0.055163	2.912887
307.697201	2058.723766	7.927821	-0.055268	2.913938
308.395449	2060.496274	7.932826	-0.055397	2.914959
308.812573	2062.293391	7.937830	-0.055475	2.915973
309.336340	2063.987572	7.942835	-0.055572	2.916939
310.348552	2065.601055	7.947840	-0.055760	2.917893
310.939682	2067.164083	7.952845	-0.055869	2.918790
311.698010	2068.605111	7.957850	-0.056010	2.919631
312.343768	2070.021206	7.962854	-0.056129	2.920451
312.882470	2071.366633	7.967859	-0.056229	2.921225
313.482800	2072.681507	7.972864	-0.056340	2.921986
314.108144	2073.962914	7.977869	-0.056456	2.922729
314.740030	2075.184596	7.982874	-0.056573	2.923441
315.140682	2076.476738	7.987878	-0.056648	2.924175
315.721632	2077.693418	7.992883	-0.056755	2.924880
316.436931	2078.843120	7.997888	-0.056887	2.925557
316.984714	2079.988644	8.002893	-0.056989	2.926221
317.709374	2080.948861	8.007898	-0.057123	2.926795
318.233467	2082.009362	8.012902	-0.057220	2.927410
318.908724	2082.973288	8.017907	-0.057344	2.927982
319.603568	2083.828787	8.022912	-0.057473	2.928496
320.161465	2084.752166	8.027917	-0.057576	2.929038
320.779622	2085.494047	8.032922	-0.057690	2.929485
321.354592	2086.330546	8.037926	-0.057796	2.929980
322.035353	2086.998729	8.042931	-0.057922	2.930391
322.558157	2087.759630	8.047936	-0.058018	2.930841
322.937153	2088.440556	8.052941	-0.058088	2.931239
323.286675	2089.106339	8.057946	-0.058153	2.931625
323.908155	2089.919013	8.062950	-0.058268	2.932110
324.399346	2090.611120	8.067955	-0.058359	2.932521
324.972065	2091.358570	8.072960	-0.058464	2.932967
325.241902	2092.150210	8.077965	-0.058514	2.933417
325.868763	2092.857531	8.082970	-0.058630	2.933845
326.213433	2093.680907	8.087974	-0.058694	2.934317
326.612693	2094.457085	8.092979	-0.058768	2.934767
327.048918	2095.338822	8.097984	-0.058848	2.935277
327.323785	2096.242248	8.102989	-0.058899	2.935787
327.628411	2097.170270	8.107994	-0.058956	2.936313
327.993722	2098.124272	8.112998	-0.059023	2.936857
328.610441	2099.135918	8.118003	-0.059137	2.937450
328.750514	2100.246353	8.123008	-0.059164	2.938064
329.019925	2101.462165	8.128013	-0.059214	2.938744
329.321536	2102.723086	8.133018	-0.059270	2.939450
329.782946	2103.983696	8.138022	-0.059356	2.940167
329.987259	2105.423030	8.143027	-0.059394	2.940964
330.467379	2106.694703	8.148032	-0.059483	2.941688
330.886666	2108.190048	8.153037	-0.059561	2.942529
331.165938	2109.670258	8.158042	-0.059613	2.943352
331.641677	2111.138371	8.163046	-0.059702	2.944181
331.978245	2112.756130	8.168051	-0.059764	2.945083
332.380996	2114.343339	8.173056	-0.059839	2.945972
332.767736	2115.875526	8.178061	-0.059911	2.946829
333.289955	2117.521066	8.183066	-0.060008	2.947757
333.658698	2119.206065	8.188070	-0.060077	2.948696
333.929234	2120.930683	8.193075	-0.060128	2.949649
334.475041	2122.712115	8.198080	-0.060229	2.950651
334.723399	2124.447569	8.203085	-0.060276	2.951609
334.998023	2126.318114	8.208090	-0.060328	2.952640
335.623694	2128.190928	8.213094	-0.060444	2.953696
335.770101	2130.214006	8.218099	-0.060472	2.954802
336.081256	2132.222404	8.223104	-0.060530	2.955909
336.473052	2134.252936	8.228109	-0.060604	2.957034
336.871001	2136.407082	8.233114	-0.060678	2.958225
337.413568	2138.517989	8.238118	-0.060779	2.959402
337.918568	2140.670205	8.243123	-0.060873	2.960598
338.232988	2142.758105	8.248128	-0.060933	2.961747
338.722680	2144.947560	8.253133	-0.061024	2.962961
339.168787	2147.120721	8.258138	-0.061107	2.964164
339.596212	2149.378696	8.263142	-0.061187	2.965410
339.965499	2151.564847	8.268147	-0.061257	2.966613
340.557043	2153.799107	8.273152	-0.061367	2.967856
340.928420	2156.075005	8.278157	-0.061436	2.969107
341.224485	2158.431195	8.283162	-0.061492	2.970396
341.786162	2160.648971	8.288166	-0.061597	2.971626
342.172855	2163.040963	8.293171	-0.061669	2.972939
342.630633	2165.431852	8.298176	-0.061755	2.974255
343.177094	2167.780037	8.303181	-0.061857	2.975553
343.525696	2170.107953	8.308186	-0.061923	2.976827
343.934994	2172.562687	8.313190	-0.061999	2.978172
344.403888	2175.036982	8.318195	-0.062087	2.979531
344.797238	2177.500666	8.323200	-0.062161	2.980879
345.338874	2179.947040	8.328205	-0.062262	2.982226
345.827934	2182.417843	8.333210	-0.062354	2.983583
346.356869	2184.890866	8.338214	-0.062452	2.984942
347.037776	2187.255846	8.343219	-0.062579	2.986253
347.470205	2189.625685	8.348224	-0.062660	2.987550
348.108569	2192.009147	8.353229	-0.062779	2.988867
348.404211	2194.439124	8.358234	-0.062835	2.990186
349.054767	2196.760343	8.363238	-0.062956	2.991469
349.611843	2199.147070	8.368243	-0.063060	2.992781
349.915016	2201.581836	8.373248	-0.063117	2.994101
350.840770	2203.861602	8.378253	-0.063289	2.995378
351.317176	2206.033864	8.383258	-0.063378	2.996568
351.846894	2208.317109	8.388262	-0.063477	2.997820
352.455841	2210.542698	8.393267	-0.063590	2.999046
353.197696	2212.711752	8.398272	-0.063728	3.000250
354.184930	2214.638483	8.403277	-0.063911	3.001340
354.901526	2216.486552	8.408282	-0.064044	3.002370
355.819026	2218.236208	8.413286	-0.064214	3.003361
357.060422	2219.700805	8.418291	-0.064443	3.004219
358.102911	2220.970364	8.423296	-0.064636	3.004961
359.983931	2221.777813	8.428301	-0.064983	3.005511
362.164441	2222.051380	8.433306	-0.065384	3.005795
364.395385	2221.490272	8.438310	-0.065795	3.005639
366.597252	2220.393909	8.443315	-0.066199	3.005196
368.487327	2218.661389	8.448320	-0.066546	3.004395
370.246493	2216.447464	8.453325	-0.066868	3.003328
371.626401	2213.883829	8.458330	-0.067121	3.002051
372.749508	2211.067075	8.463334	-0.067325	3.000623
373.579051	2208.079943	8.468339	-0.067476	2.999084
374.232073	2205.000063	8.473344	-0.067594	2.997484
374.762577	2201.929988	8.478349	-0.067689	2.995880
375.287054	2198.871536	8.483354	-0.067784	2.994281
375.923397	2195.693616	8.488358	-0.067899	2.992625
376.316926	2192.595623	8.493363	-0.067969	2.990995
376.538743	2189.578306	8.498368	-0.068008	2.989396
376.939487	2186.573683	8.503373	-0.068079	2.987815
377.382137	2183.610435	8.508378	-0.068159	2.986258
377.613407	2180.794234	8.513382	-0.068199	2.984765
377.933104	2177.948338	8.518387	-0.068256	2.983261
378.038855	2175.233314	8.523392	-0.068273	2.981812
378.205458	2172.757902	8.528397	-0.068302	2.980496
378.403194	2170.262922	8.533402	-0.068337	2.979170
378.678486	2167.912618	8.538406	-0.068386	2.977927
378.748215	2165.719512	8.543411	-0.068397	2.976754
378.684616	2163.700894	8.548416	-0.068384	2.975666
378.969774	2161.844175	8.553421	-0.068435	2.974686
378.931047	2160.091709	8.558426	-0.068426	2.973742
378.958569	2158.550112	8.563431	-0.068430	2.972915
379.136347	2157.055183	8.568435	-0.068461	2.972123
379.304216	2155.769612	8.573440	-0.068491	2.971442
379.538529	2154.670082	8.578445	-0.068533	2.970866
379.608492	2153.651582	8.583450	-0.068545	2.970322
379.656204	2152.664385	8.588455	-0.068553	2.969794
379.735983	2151.953025	8.593459	-0.068567	2.969416
379.646210	2151.400331	8.598464	-0.068550	2.969113
379.845593	2151.073013	8.603469	-0.068587	2.968950
380.071235	2150.637569	8.608474	-0.068628	2.968730
380.260392	2150.452428	8.613479	-0.068662	2.968642
380.396792	2150.454020	8.618483	-0.068687	2.968652
380.441631	2150.435980	8.623488	-0.068695	2.968645
380.504151	2150.948130	8.628493	-0.068707	2.968925
380.500146	2151.274689	8.633498	-0.068706	2.969100
380.784319	2151.848216	8.638503	-0.068758	2.969427
381.077671	2152.484514	8.643507	-0.068813	2.969789
381.214719	2153.195539	8.648512	-0.068838	2.970181
381.529369	2154.089977	8.653517	-0.068896	2.970682
381.588728	2154.983590	8.658522	-0.068908	2.971167
381.579966	2156.094573	8.663527	-0.068906	2.971764
382.189833	2157.274860	8.668531	-0.069019	2.972438
382.446429	2158.467453	8.673536	-0.069067	2.973096
382.713231	2159.835686	8.678541	-0.069117	2.973849
382.824034	2161.200504	8.683546	-0.069138	2.974589
382.984888	2162.825812	8.688551	-0.069169	2.975473
383.320049	2164.385192	8.693555	-0.069231	2.976332
383.626825	2166.061897	8.698560	-0.069288	2.977252
383.938906	2167.818215	8.703565	-0.069347	2.978215
384.259634	2169.689323	8.708570	-0.069407	2.979239
384.545023	2171.615451	8.713575	-0.069461	2.980291
384.973537	2173.508709	8.718579	-0.069540	2.981334
385.280988	2175.501190	8.723584	-0.069598	2.982421
385.703382	2177.580820	8.728589	-0.069677	2.983563
386.045291	2179.683838	8.733594	-0.069741	2.984711
386.486042	2181.769382	8.738599	-0.069824	2.985856
386.919869	2183.865959	8.743603	-0.069905	2.987006
387.175299	2186.068953	8.748608	-0.069953	2.988200
387.739501	2188.299348	8.753613	-0.070058	2.989429
388.002837	2190.565198	8.758618	-0.070108	2.990657
388.375707	2192.845731	8.763623	-0.070178	2.991899
388.930172	2195.229400	8.768627	-0.070281	2.993208
389.249552	2197.597408	8.773632	-0.070341	2.994492
389.949637	2199.902018	8.778637	-0.070472	2.995767
390.433389	2202.160504	8.783642	-0.070562	2.997002
391.031418	2204.470128	8.788647	-0.070673	2.998271
391.688521	2206.715131	8.793651	-0.070796	2.999510
392.233785	2208.894254	8.798656	-0.070897	3.000705
393.153877	2210.949625	8.803661	-0.071068	3.001858
393.878540	2212.926656	8.808666	-0.071202	3.002956
394.883760	2214.703618	8.813671	-0.071389	3.003966
396.235645	2216.293589	8.818675	-0.071638	3.004897
397.542164	2217.460310	8.823680	-0.071880	3.005601
399.173221	2218.153874	8.828685	-0.072180	3.006073
401.298315	2218.542940	8.833690	-0.072572	3.006415
404.535289	2217.691558	8.838695	-0.073167	3.006168
431.298589	2211.856388	8.843699	-0.078093	3.004769
793.544640	2117.015222	8.848704	-0.144756	2.977433
1026.840789	1887.605503	8.853709	-0.187578	2.868808
1019.738427	1666.366540	8.858714	-0.186125	2.744032
1004.377853	1459.160278	8.863719	-0.183159	2.621050
995.226568	1264.752020	8.868723	-0.181345	2.500542
984.658205	1083.932360	8.873728	-0.179280	2.382752
969.031805	916.018085	8.878733	-0.176291	2.267253
958.719438	759.395387	8.883738	-0.174288	2.154332
946.425608	614.989918	8.888743	-0.171929	2.044323
927.649120	482.674295	8.893747	-0.168383	1.937043
912.613843	361.222241	8.898752	-0.165533	1.833266
872.102939	256.387942	8.903757	-0.158002	1.734645
829.361594	167.511448	8.908762	-0.150071	1.644957
803.644566	88.450255	8.913767	-0.145281	1.562742
794.056121	14.445051	8.918771	-0.143466	1.484128
698.505066	-37.525802	8.923776	-0.125831	1.409733
277.136297	19.005375	8.928781	-0.048252	1.393861
496.348087	-16.156861	8.933786	-0.088608	1.395628
370.791297	9.709145	8.938791	-0.065497	1.401172
413.751193	-5.593043	8.943795	-0.073400	1.391888
447.784525	-2.552560	8.948800	-0.079670	1.401877
350.872981	5.967086	8.953805	-0.061825	1.393069
487.227561	-11.038442	8.958810	-0.086930	1.399727
342.255840	10.445573	8.963815	-0.060240	1.396551
472.242231	-11.401485	8.968819	-0.084169	1.396450
379.322228	6.930088	8.973824	-0.067065	1.399627
423.848171	-4.825521	8.978829	-0.075259	1.394705
431.676859	-0.684134	8.983834	-0.076703	1.400934
382.782765	2.242900	8.988839	-0.067698	1.394925
460.500316	-6.426859	8.993843	-0.082008	1.399884
371.085688	6.108674	8.998848	-0.065546	1.397110
458.179840	-7.723248	9.003853	-0.081579	1.397962
389.718368	4.908907	9.008858	-0.068977	1.399304
430.934062	-4.260070	9.013863	-0.076562	1.396708
423.691784	0.277416	9.018867	-0.075231	1.400506
402.660722	0.303451	9.023872	-0.071357	1.396514
445.991064	-3.783834	9.028877	-0.079336	1.400128
391.482975	3.314590	9.033882	-0.069300	1.397818
448.898094	-5.329744	9.038887	-0.079870	1.398919
399.544633	3.405236	9.043891	-0.070784	1.399463
435.281930	-3.852270	9.048896	-0.077362	1.398004
420.114764	0.779956	9.053901	-0.074571	1.400394
415.856015	-0.685925	9.058906	-0.073785	1.397907
438.959787	-2.419491	9.063911	-0.078040	1.400341
404.591369	1.830066	9.068915	-0.071712	1.398627
444.258630	-3.814802	9.073920	-0.079014	1.399760
407.870171	2.339866	9.078925	-0.072315	1.399835
437.756546	-3.208938	9.083930	-0.077817	1.399210
422.096951	0.489328	9.088935	-0.074934	1.400439
423.334892	-1.014131	9.093939	-0.075161	1.398960
434.987273	-1.293090	9.098944	-0.077307	1.400866
416.568894	0.561094	9.103949	-0.073915	1.399465
440.973647	-2.639532	9.108954	-0.078408	1.400472
416.020322	1.316800	9.113959	-0.073814	1.400222
438.920454	-2.537474	9.118963	-0.078030	1.400196
423.885229	0.504215	9.123968	-0.075262	1.400796
430.868605	-1.272637	9.128973	-0.076547	1.400102
434.346373	-0.872152	9.133978	-0.077188	1.401222
424.620036	-0.190027	9.138983	-0.075396	1.400144
439.285962	-1.683995	9.143987	-0.078097	1.401238
423.681120	0.495481	9.148992	-0.075223	1.400746
439.647342	-1.880179	9.153997	-0.078163	1.401083
428.412580	0.181465	9.159002	-0.076094	1.401290
435.185049	-1.328360	9.164007	-0.077340	1.400860
434.670212	-0.458130	9.169011	-0.077246	1.401754
432.113029	-0.681566	9.174016	-0.076775	1.401011
438.904003	-1.194188	9.179021	-0.078025	1.401721
429.652834	0.219381	9.184026	-0.076321	1.401568
442.091878	-1.743494	9.189031	-0.078611	1.401703
431.735147	0.134220	9.194035	-0.076705	1.401868
439.071857	-1.174696	9.199040	-0.078055	1.401775
437.891255	-0.627385	9.204045	-0.077838	1.402173
435.362768	-0.461305	9.209050	-0.077372	1.401880
441.675852	-1.075793	9.214055	-0.078534	1.402383
435.535095	-0.169431	9.219059	-0.077403	1.402245
442.508040	-1.315610	9.224064	-0.078687	1.402268
437.321590	-0.127043	9.229069	-0.077732	1.402633
441.830810	-1.063851	9.234074	-0.078562	1.402425
441.170511	-0.641524	9.239079	-0.078440	1.402780
439.636796	-0.482682	9.244083	-0.078157	1.402668
443.674552	-0.976554	9.249088	-0.078900	1.402874
440.362963	-0.303804	9.254093	-0.078291	1.403010
445.188735	-1.130091	9.259098	-0.079179	1.402988
441.609750	-0.427976	9.264103	-0.078520	1.403105
443.658243	-0.659139	9.269107	-0.078897	1.403232
445.850302	-0.869014	9.274112	-0.079300	1.403410
443.041010	-0.485378	9.279117	-0.078783	1.403311
446.591271	-0.875198	9.284122	-0.079436	1.403543
445.301486	-0.663800	9.289127	-0.079199	1.403538
445.243399	-0.544093	9.294131	-0.079188	1.403663
447.724813	-0.792130	9.299136	-0.079644	1.403853
446.927125	-0.660571	9.304141	-0.079497	1.403850
447.701330	-0.761289	9.309146	-0.079640	1.403883
449.046367	-0.726839	9.314151	-0.079887	1.404177
447.491089	-0.507030	9.319155	-0.079601	1.404131
450.825867	-0.928721	9.324160	-0.080214	1.404286
448.217618	-0.466924	9.329165	-0.079734	1.404315
450.877023	-0.766852	9.334170	-0.080223	1.404479
451.246652	-0.830925	9.339175	-0.080291	1.404476
450.070848	-0.552374	9.344179	-0.080075	1.404569
451.883740	-0.662074	9.349184	-0.080408	1.404789
451.770296	-0.643991	9.354189	-0.080387	1.404788
453.604439	-0.794292	9.359194	-0.080725	1.404965
452.149139	-0.635214	9.364199	-0.080456	1.404869
454.338048	-0.793438	9.369203	-0.080859	1.405105
453.263588	-0.520676	9.374208	-0.080661	1.405210
455.660079	-0.867597	9.379213	-0.081102	1.405271
453.969094	-0.437040	9.384218	-0.080791	1.405439
456.856808	-0.997468	9.389223	-0.081322	1.405351
454.921671	-0.416532	9.394227	-0.080966	1.405643
456.602876	-0.737563	9.399232	-0.081275	1.405597
457.775132	-0.634212	9.404237	-0.081491	1.405937
457.213078	-0.715314	9.409242	-0.081387	1.405738
458.893695	-0.901105	9.414247	-0.081696	1.405846
456.271503	-0.205215	9.419251	-0.081213	1.406138
461.556619	-1.172665	9.424256	-0.082186	1.406042
457.586658	-0.333919	9.429261	-0.081455	1.406241
460.374817	-0.684472	9.434266	-0.081968	1.406372
461.685550	-0.907802	9.439271	-0.082209	1.406367
458.922851	-0.296874	9.444275	-0.081701	1.406536
462.489293	-0.745855	9.449280	-0.082357	1.406702
462.458868	-0.741658	9.454285	-0.082351	1.406701
461.796807	-0.590176	9.459290	-0.082229	1.406747
463.698806	-0.823872	9.464295	-0.082579	1.406843
461.423948	-0.258004	9.469299	-0.082160	1.407053
466.348659	-1.061810	9.474304	-0.083067	1.407075
463.163047	-0.500011	9.479309	-0.082480	1.407108
464.690017	-0.620737	9.484314	-0.082761	1.407260
465.873504	-0.815341	9.489319	-0.082978	1.407263
464.303921	-0.304414	9.494323	-0.082689	1.407545
468.241277	-0.886247	9.499328	-0.083414	1.407631
466.415431	-0.653519	9.504333	-0.083078	1.407549
466.545895	-0.584110	9.509338	-0.083102	1.407652
469.463388	-0.939947	9.514343	-0.083638	1.407801
465.910604	-0.255249	9.519347	-0.082984	1.407904
471.322567	-1.050323	9.524352	-0.083980	1.408028
467.905065	-0.464266	9.529357	-0.083351	1.408045
469.378417	-0.572866	9.534362	-0.083622	1.408200
471.681563	-0.758002	9.539367	-0.084046	1.408427
469.435101	-0.528195	9.544371	-0.083632	1.408261
472.454496	-0.823530	9.549376	-0.084188	1.408498
470.673568	-0.442977	9.554381	-0.083860	1.408592
473.392422	-0.801150	9.559386	-0.084360	1.408701
472.135623	-0.645862	9.564391	-0.084129	1.408638
473.179756	-0.654381	9.569395	-0.084321	1.408826
474.076844	-0.644359	9.574400	-0.084486	1.409007
474.424204	-0.872701	9.579405	-0.084549	1.408814
473.435572	-0.272219	9.584410	-0.084367	1.409307
476.815523	-1.033623	9.589415	-0.084989	1.409084
474.515925	-0.414162	9.594419	-0.084566	1.409350
476.018802	-0.588457	9.599424	-0.084842	1.409437
477.830165	-0.885864	9.604429	-0.085175	1.409442
475.793018	-0.387031	9.609434	-0.084800	1.409621
479.000479	-0.901197	9.614439	-0.085391	1.409646
477.526684	-0.568626	9.619443	-0.085119	1.409743
477.899153	-0.530386	9.624448	-0.085187	1.409857
480.430755	-0.801496	9.629453	-0.085653	1.410029
477.761845	-0.320654	9.634458	-0.085162	1.410068
482.856551	-1.080479	9.639463	-0.086100	1.410171
478.542354	-0.416312	9.644467	-0.085305	1.410107
481.949840	-0.744877	9.649472	-0.085932	1.410379
481.674986	-0.697771	9.654477	-0.085881	1.410380
481.016140	-0.460227	9.659482	-0.085760	1.410524
484.277865	-0.982139	9.664487	-0.086360	1.410550
480.671769	-0.244644	9.669491	-0.085696	1.410702
485.521341	-0.912867	9.674496	-0.086589	1.410863
482.989666	-0.521243	9.679501	-0.086123	1.410827
484.327777	-0.579505	9.684506	-0.086369	1.411014
485.663995	-0.805323	9.689511	-0.086615	1.411010
485.098431	-0.644475	9.694515	-0.086510	1.411085
486.181670	-0.613291	9.699520	-0.086710	1.411325
487.070869	-0.767727	9.704525	-0.086873	1.411318
486.898471	-0.726419	9.709530	-0.086841	1.411332
486.791526	-0.518568	9.714535	-0.086821	1.411546
488.529305	-0.707862	9.719539	-0.087141	1.411660
488.361861	-0.689483	9.724544	-0.087110	1.411649
488.583902	-0.694183	9.729549	-0.087151	1.411686
489.063587	-0.570470	9.734554	-0.087239	1.411916
489.960292	-0.720625	9.739559	-0.087404	1.411915
490.008872	-0.725628	9.744563	-0.087412	1.411918

489.968606	-0.486677	9.749568	-0.087405	1.412180
491.491475	-0.950105	9.754573	-0.087685	1.411944
489.302886	-0.611052	9.759578	-0.087282	1.411914
489.882041	-0.710503	9.764583	-0.087388	1.411911
489.595145	-0.509672	9.769587	-0.087335	1.412083
491.179141	-0.707069	9.774592	-0.087627	1.412159
490.317453	-0.785930	9.779597	-0.087468	1.411907
489.324254	-0.612876	9.784602	-0.087284	1.411915
490.306339	-0.584667	9.789607	-0.087465	1.412132
490.647650	-0.928614	9.794611	-0.087528	1.411807
489.340637	-0.430923	9.799616	-0.087287	1.412122
491.034419	-0.921930	9.804621	-0.087598	1.411887
489.922602	-0.711372	9.809626	-0.087393	1.411915
489.210237	-0.571144	9.814631	-0.087262	1.411939
490.502513	-0.727969	9.819635	-0.087500	1.412005
489.573521	-0.454541	9.824640	-0.087329	1.412139
491.695849	-1.050171	9.829645	-0.087719	1.411866
488.338459	-0.292416	9.834650	-0.087101	1.412088
491.360888	-0.874263	9.839655	-0.087657	1.412001
490.024791	-0.731388	9.844659	-0.087411	1.411910
488.622000	-0.377568	9.849664	-0.087152	1.412045
492.886847	-1.153718	9.854669	-0.087937	1.411973
486.815600	-0.156320	9.859674	-0.086819	1.411953
491.985203	-0.902335	9.864679	-0.087771	1.412086
489.742792	-0.530807	9.869683	-0.087358	1.412082
489.043545	-0.489636	9.874688	-0.087229	1.411997
493.135881	-1.101818	9.879693	-0.087982	1.412077
486.664708	-0.228010	9.884698	-0.086790	1.411843
492.299812	-0.881285	9.889703	-0.087828	1.412168
489.876747	-0.706201	9.894707	-0.087381	1.411908
488.600634	-0.437244	9.899712	-0.087146	1.411971
492.190048	-0.867151	9.904717	-0.087807	1.412162
488.687944	-0.477385	9.909722	-0.087162	1.411942
490.981039	-0.703302	9.914727	-0.087584	1.412119
490.052669	-0.723207	9.919731	-0.087412	1.411921
489.463936	-0.615655	9.924736	-0.087304	1.411931
491.296638	-0.762719	9.929741	-0.087641	1.412111
488.422836	-0.394455	9.934746	-0.087112	1.411984
491.738871	-0.847649	9.939751	-0.087722	1.412098
490.076457	-0.735521	9.944755	-0.087416	1.411910
489.081359	-0.564637	9.949760	-0.087232	1.411915
491.402178	-0.767273	9.954765	-0.087659	1.412124
489.083368	-0.567866	9.959770	-0.087232	1.411912
490.555108	-0.729251	9.964775	-0.087503	1.412007
490.223552	-0.748678	9.969779	-0.087441	1.411922
489.337627	-0.595757	9.974784	-0.087278	1.411927
491.614108	-0.841285	9.979789	-0.087697	1.412079
488.878065	-0.531405	9.984794	-0.087193	1.411913
490.274017	-0.664790	9.989799	-0.087450	1.412025
490.041715	-0.727744	9.994803	-0.087407	1.411910
489.378679	-0.458821	9.999808	-0.087285	1.412089
492.075466	-0.919104	10.004813	-0.087781	1.412077
489.170567	-0.579080	10.009818	-0.087246	1.411913
489.657211	-0.669016	10.014823	-0.087335	1.411903
491.278353	-0.767334	10.019827	-0.087633	1.412098
488.278108	-0.380431	10.024832	-0.087081	1.411968
492.676819	-1.028464	10.029837	-0.087890	1.412066
487.391795	-0.284020	10.034842	-0.086917	1.411909
491.697015	-0.841271	10.039847	-0.087710	1.412092
490.720945	-0.837592	10.044851	-0.087530	1.411912
488.337090	-0.414376	10.049856	-0.087090	1.411940
491.482137	-0.744485	10.054861	-0.087669	1.412160
489.737386	-0.669042	10.059866	-0.087348	1.411916
489.862261	-0.695912	10.064871	-0.087371	1.411909
490.603012	-0.809648	10.069875	-0.087507	1.411920
488.224288	-0.324974	10.074880	-0.087069	1.412018
491.503119	-0.712522	10.079885	-0.087672	1.412199
490.084322	-0.727193	10.084890	-0.087410	1.411915
489.357216	-0.478381	10.089895	-0.087276	1.412058
492.512771	-1.022220	10.094899	-0.087857	1.412039
487.223816	-0.244783	10.099904	-0.086883	1.411919
491.663968	-0.795278	10.104909	-0.087700	1.412135
489.830702	-0.672573	10.109914	-0.087363	1.411927
489.020468	-0.446076	10.114919	-0.087213	1.412030
492.223062	-0.887773	10.119923	-0.087803	1.412135
488.714417	-0.460847	10.124928	-0.087156	1.411955
491.599409	-0.896477	10.129933	-0.087687	1.412007
489.701716	-0.663785	10.134938	-0.087338	1.411912
488.686045	-0.442347	10.139943	-0.087151	1.411970
492.682388	-1.019287	10.144947	-0.087886	1.412072
487.289478	-0.321064	10.149952	-0.086893	1.411843
491.859979	-0.812093	10.154957	-0.087734	1.412150
489.939869	-0.694918	10.159962	-0.087380	1.411920
489.108411	-0.547090	10.164967	-0.087227	1.411930
491.423762	-0.716471	10.169971	-0.087653	1.412175
488.892313	-0.522032	10.174976	-0.087187	1.411917
491.407991	-0.754045	10.179981	-0.087650	1.412130
489.778406	-0.668959	10.184986	-0.087349	1.411918
489.042513	-0.525491	10.189991	-0.087214	1.411941
491.703954	-0.772591	10.194995	-0.087704	1.412164
488.453664	-0.550621	10.200000	-0.087105	1.411801
490.916997	-0.585277	10.205005	-0.087558	1.412226
490.248974	-0.744864	10.210010	-0.087435	1.411920
489.389940	-0.572946	10.215015	-0.087277	1.411952
491.556423	-0.747303	10.220019	-0.087675	1.412163
488.868164	-0.633048	10.225024	-0.087180	1.411785
490.775512	-0.606605	10.230029	-0.087531	1.412174
489.862289	-0.685837	10.235034	-0.087363	1.411912
489.389960	-0.588889	10.240039	-0.087275	1.411932
491.312718	-0.665868	10.245043	-0.087629	1.412208
489.351679	-0.715538	10.250048	-0.087268	1.411782
489.870196	-0.430947	10.255053	-0.087363	1.412201
491.075755	-0.836942	10.260058	-0.087585	1.411969
489.273335	-0.586035	10.265063	-0.087253	1.411912
490.982750	-0.618946	10.270067	-0.087567	1.412198
489.899439	-0.738161	10.275072	-0.087368	1.411858
489.781735	-0.483519	10.280077	-0.087346	1.412123
490.598216	-0.802394	10.285082	-0.087496	1.411917
489.044935	-0.489064	10.290087	-0.087210	1.411978
491.670024	-0.761042	10.295091	-0.087693	1.412166
489.482733	-0.726480	10.300096	-0.087290	1.411792
489.229185	-0.356847	10.305101	-0.087243	1.412161
491.181309	-0.796640	10.310106	-0.087602	1.412032
489.052873	-0.482702	10.315111	-0.087210	1.411985
491.425564	-0.735038	10.320115	-0.087647	1.412148
489.475659	-0.609981	10.325120	-0.087287	1.411921
489.857440	-0.464897	10.330125	-0.087357	1.412156
491.093221	-0.849959	10.335130	-0.087585	1.411954
488.794768	-0.388229	10.340135	-0.087161	1.412042
491.711951	-0.850097	10.345139	-0.087698	1.412071
489.751541	-0.660405	10.350144	-0.087337	1.411915
488.913518	-0.483846	10.355149	-0.087182	1.411956
491.585734	-0.752369	10.360154	-0.087674	1.412156
488.466111	-0.486187	10.365159	-0.087100	1.411868
491.440727	-0.700910	10.370163	-0.087647	1.412187
489.574723	-0.636026	10.375168	-0.087303	1.411908
489.310491	-0.508075	10.380173	-0.087254	1.412002
492.008809	-0.818539	10.385178	-0.087751	1.412160
487.971794	-0.425341	10.390183	-0.087007	1.411842
491.434160	-0.681758	10.395187	-0.087645	1.412206
489.512364	-0.596642	10.400192	-0.087291	1.411939
489.855847	-0.405909	10.405197	-0.087354	1.412219
492.094761	-0.914900	10.410202	-0.087766	1.412066
488.562216	-0.588691	10.415207	-0.087115	1.411768
490.225509	-0.490803	10.420211	-0.087421	1.412192
490.150348	-0.714886	10.425216	-0.087407	1.411925
489.885542	-0.470621	10.430221	-0.087358	1.412150
491.216152	-0.846653	10.435226	-0.087603	1.411977
489.096930	-0.547101	10.440231	-0.087212	1.411915
489.854682	-0.408033	10.445235	-0.087352	1.412215
491.518193	-0.891368	10.450240	-0.087657	1.411982
489.108058	-0.554820	10.455245	-0.087214	1.411907
490.187493	-0.526157	10.460250	-0.087412	1.412143
490.697612	-0.872056	10.465255	-0.087506	1.411849
488.943424	-0.318722	10.470259	-0.087183	1.412142
490.879952	-0.781471	10.475264	-0.087539	1.411985
489.395032	-0.388773	10.480269	-0.087265	1.412148
491.748099	-0.856581	10.485274	-0.087698	1.412063
489.062483	-0.607073	10.490279	-0.087203	1.411838
489.581194	-0.391879	10.495283	-0.087299	1.412179
491.518586	-0.874122	10.500288	-0.087655	1.411999
488.740722	-0.436484	10.505293	-0.087144	1.411969
491.475798	-0.731953	10.510298	-0.087647	1.412152
489.610964	-0.742832	10.515303	-0.087303	1.411787
489.079872	-0.327107	10.520307	-0.087205	1.412156
491.013881	-0.751851	10.525312	-0.087561	1.412041
489.338495	-0.537233	10.530317	-0.087252	1.411967
491.167942	-0.632753	10.535322	-0.087589	1.412204
490.100762	-0.775113	10.540327	-0.087392	1.411842
489.479783	-0.417738	10.545331	-0.087278	1.412128
491.046127	-0.833980	10.550336	-0.087566	1.411953
489.322337	-0.576311	10.555341	-0.087248	1.411919
489.716668	-0.400850	10.560346	-0.087321	1.412191
491.796519	-1.041343	10.565351	-0.087703	1.411860
488.244244	-0.261807	10.570355	-0.087049	1.412070
491.469882	-0.823297	10.575360	-0.087643	1.412044
489.378665	-0.593924	10.580365	-0.087258	1.411908
490.002657	-0.448817	10.585370	-0.087372	1.412190
491.266081	-0.876914	10.590375	-0.087605	1.411944
489.126470	-0.459271	10.595379	-0.087210	1.412012
490.357580	-0.752344	10.600384	-0.087437	1.411913
489.523805	-0.593766	10.605389	-0.087283	1.411935
490.251466	-0.452705	10.610394	-0.087417	1.412231
490.798127	-0.797401	10.615399	-0.087517	1.411945
489.433187	-0.438294	10.620403	-0.087266	1.412093
490.977360	-0.786022	10.625408	-0.087550	1.411991
489.427430	-0.595538	10.630413	-0.087264	1.411913
490.266712	-0.490820	10.635418	-0.087419	1.412190
491.042941	-0.943639	10.640423	-0.087561	1.411824
488.661796	-0.300072	10.645427	-0.087123	1.412102
491.477875	-0.868173	10.650432	-0.087641	1.411991
489.770850	-0.647989	10.655437	-0.087326	1.411918
488.474612	-0.275490	10.660442	-0.087087	1.412094
492.344062	-0.960154	10.665447	-0.087800	1.412050
488.565518	-0.344008	10.670451	-0.087104	1.412033
491.162972	-0.783139	10.675456	-0.087582	1.412027
489.782711	-0.657620	10.680461	-0.087327	1.411908
489.710405	-0.479237	10.685466	-0.087314	1.412095
491.132487	-0.855485	10.690471	-0.087575	1.411939
488.581692	-0.285546	10.695475	-0.087106	1.412101
491.825233	-0.891758	10.700480	-0.087702	1.412028
489.660559	-0.634775	10.705485	-0.087304	1.411909
488.253378	-0.223291	10.710490	-0.087044	1.412108
492.209112	-0.893901	10.715495	-0.087772	1.412097
489.254476	-0.567955	10.720499	-0.087228	1.411908
490.281893	-0.522723	10.725504	-0.087417	1.412152
490.852179	-0.853253	10.730509	-0.087522	1.411886
489.097644	-0.365772	10.735514	-0.087199	1.412106
491.581744	-0.921798	10.740519	-0.087656	1.411946
489.267827	-0.564570	10.745523	-0.087229	1.411913
489.637678	-0.460335	10.750528	-0.087297	1.412100
491.273942	-0.982213	10.755533	-0.087598	1.411819
488.010174	-0.173777	10.760538	-0.086997	1.412116
491.674050	-0.869007	10.765543	-0.087672	1.412022
489.742370	-0.641138	10.770547	-0.087316	1.411915
489.172893	-0.348602	10.775552	-0.087211	1.412137
491.608484	-0.876904	10.780557	-0.087659	1.412000
489.005276	-0.328468	10.785562	-0.087179	1.412128
491.501340	-0.897410	10.790567	-0.087639	1.411956
489.337869	-0.576509	10.795571	-0.087240	1.411910
489.140100	-0.342344	10.800576	-0.087203	1.412137
491.876397	-0.995226	10.805581	-0.087707	1.411916
488.425218	-0.240868	10.810586	-0.087071	1.412116
491.218253	-0.807882	10.815591	-0.087585	1.412003
489.642537	-0.619585	10.820595	-0.087295	1.411918
489.873495	-0.406878	10.825600	-0.087337	1.412201
491.364076	-0.891028	10.830605	-0.087611	1.411935
488.984922	-0.345204	10.835610	-0.087173	1.412103
490.674396	-0.757142	10.840615	-0.087484	1.411956
489.737358	-0.633680	10.845619	-0.087311	1.411918
489.396481	-0.341193	10.850624	-0.087248	1.412184
492.121723	-1.027883	10.855629	-0.087750	1.411923
487.813325	-0.163060	10.860634	-0.086956	1.412086
491.495974	-0.760964	10.865639	-0.087634	1.412106
490.312738	-0.737458	10.870643	-0.087416	1.411909
489.331880	-0.445562	10.875648	-0.087235	1.412053
491.684735	-0.913472	10.880653	-0.087668	1.411968
488.558806	-0.334361	10.885658	-0.087092	1.412032
491.005188	-0.769533	10.890663	-0.087543	1.412002
489.565679	-0.605235	10.895667	-0.087277	1.411916
489.758044	-0.412339	10.900672	-0.087313	1.412170
491.612040	-0.901653	10.905677	-0.087654	1.411967
488.915857	-0.391990	10.910682	-0.087157	1.412033
490.209599	-0.707549	10.915687	-0.087395	1.411921
489.982070	-0.668219	10.920691	-0.087353	1.411922
489.740341	-0.374744	10.925696	-0.087308	1.412208
491.282840	-0.832471	10.930701	-0.087592	1.411982
489.283982	-0.436408	10.935706	-0.087224	1.412051
491.220883	-0.810643	10.940711	-0.087580	1.411994
489.271190	-0.551713	10.945715	-0.087221	1.411918
488.752658	-0.257048	10.950720	-0.087125	1.412153
492.591249	-0.976907	10.955725	-0.087832	1.412064
489.100516	-0.522841	10.960730	-0.087189	1.411918
489.347892	-0.488102	10.965735	-0.087234	1.412004
492.454914	-0.982655	10.970739	-0.087806	1.412031
486.771857	-0.090600	10.975744	-0.086759	1.411966
492.697922	-0.972529	10.980749	-0.087850	1.412088
489.012247	-0.391800	10.985754	-0.087171	1.412048
490.285646	-0.691111	10.990759	-0.087405	1.411950
490.181577	-0.502440	10.995763	-0.087386	1.412143
489.294907	-0.482331	11.000768	-0.087223	1.411999
492.340835	-0.895924	11.005773	-0.087783	1.412106
487.610027	-0.295614	11.010778	-0.086912	1.411891
491.489648	-0.683507	11.015783	-0.087626	1.412185
489.592217	-0.598864	11.020787	-0.087276	1.411922
490.348312	-0.470295	11.025792	-0.087415	1.412210
490.423648	-0.745087	11.030797	-0.087429	1.411913
489.353475	-0.389627	11.035802	-0.087232	1.412113
490.833814	-0.645576	11.040807	-0.087504	1.412103
489.765978	-0.633609	11.045811	-0.087307	1.411914
489.525836	-0.339572	11.050816	-0.087263	1.412201
491.609058	-0.826419	11.055821	-0.087646	1.412044
489.075754	-0.512685	11.060826	-0.087179	1.411920
489.784779	-0.359258	11.065831	-0.087310	1.412227
492.050699	-0.985106	11.070835	-0.087727	1.411947
488.305977	-0.303167	11.075840	-0.087037	1.412011
491.087249	-0.720222	11.080845	-0.087549	1.412064
489.126991	-0.409650	11.085850	-0.087188	1.412045
491.216881	-0.686871	11.090855	-0.087572	1.412126
490.156225	-0.698216	11.095859	-0.087377	1.411913
488.736958	-0.387933	11.100864	-0.087115	1.411995
490.990575	-0.563990	11.105869	-0.087530	1.412221
490.011300	-0.671712	11.110874	-0.087349	1.411915
490.037459	-0.464037	11.115879	-0.087354	1.412154
490.988586	-0.829591	11.120883	-0.087529	1.411920
488.523007	-0.287985	11.125888	-0.087075	1.412066
490.854638	-0.551971	11.130893	-0.087504	1.412208
490.552093	-0.760454	11.135898	-0.087448	1.411915
489.322486	-0.373245	11.140903	-0.087221	1.412120
491.629621	-0.882434	11.145907	-0.087646	1.411980
488.664297	-0.322004	11.150912	-0.087100	1.412053
490.991840	-0.746579	11.155917	-0.087528	1.412013
489.534652	-0.585546	11.160922	-0.087259	1.411920
489.060695	-0.269859	11.165927	-0.087172	1.412186
492.284443	-0.925140	11.170931	-0.087765	1.412054
489.317659	-0.549212	11.175936	-0.087219	1.411919
489.440674	-0.499913	11.180941	-0.087241	1.411998
491.699889	-0.805150	11.185946	-0.087657	1.412079
488.085189	-0.239731	11.190951	-0.086991	1.412035
492.289882	-0.930935	11.195955	-0.087765	1.412048
488.550119	-0.317536	11.200960	-0.087076	1.412035
490.720522	-0.729953	11.205965	-0.087476	1.411978
489.948158	-0.652243	11.210970	-0.087333	1.411920
488.740279	-0.283036	11.215975	-0.087111	1.412109
492.744378	-0.970571	11.220979	-0.087847	1.412088
488.971164	-0.482579	11.225984	-0.087153	1.411926
488.984965	-0.433688	11.230989	-0.087155	1.411984
491.779511	-0.726237	11.235994	-0.087669	1.412181
488.764667	-0.389414	11.240999	-0.087114	1.411992
492.035538	-0.891582	11.246003	-0.087716	1.412042
488.208881	-0.240037	11.251008	-0.087011	1.412055
491.294496	-0.776614	11.256013	-0.087579	1.412031
489.964288	-0.651306	11.261018	-0.087334	1.411922
488.634752	-0.313317	11.266023	-0.087089	1.412052
492.188639	-0.851154	11.271027	-0.087743	1.412115
488.409680	-0.326418	11.276032	-0.087047	1.411994
490.983400	-0.585945	11.281037	-0.087521	1.412187
490.428863	-0.725104	11.286042	-0.087418	1.411925
489.163736	-0.417634	11.291047	-0.087185	1.412033
491.683447	-0.785460	11.296051	-0.087649	1.412093
488.680461	-0.402381	11.301056	-0.087096	1.411959
491.193260	-0.703282	11.306061	-0.087558	1.412093
489.960394	-0.649788	11.311066	-0.087331	1.411920
488.872287	-0.419012	11.316071	-0.087130	1.411975
491.739272	-0.751166	11.321075	-0.087658	1.412141
489.349512	-0.543640	11.326080	-0.087217	1.411924
489.662064	-0.590949	11.331085	-0.087275	1.411929
490.914540	-0.563135	11.336090	-0.087505	1.412197
488.797333	-0.412480	11.341095	-0.087115	1.411967
491.985178	-0.802664	11.346099	-0.087702	1.412128
488.713086	-0.422854	11.351104	-0.087099	1.411939
490.565143	-0.531558	11.356109	-0.087440	1.412166
490.614060	-0.764761	11.361114	-0.087449	1.411911
488.646993	-0.297460	11.366119	-0.087086	1.412068
491.992651	-0.799540	11.371123	-0.087702	1.412132
489.930992	-0.645585	11.376128	-0.087322	1.411916
489.041926	-0.503193	11.381133	-0.087158	1.411909
490.712340	-0.516049	11.386138	-0.087466	1.412210
489.809418	-0.631825	11.391143	-0.087299	1.411908
491.002723	-0.661016	11.396147	-0.087519	1.412100
488.925645	-0.460814	11.401152	-0.087136	1.411934
490.842405	-0.623169	11.406157	-0.087489	1.412112
490.189665	-0.687048	11.411162	-0.087368	1.411917
489.922844	-0.649996	11.416167	-0.087319	1.411908
489.681934	-0.422994	11.421171	-0.087274	1.412119
490.813653	-0.752804	11.426176	-0.087482	1.411959
489.244362	-0.375861	11.431181	-0.087193	1.412089
491.330932	-0.806469	11.436186	-0.087577	1.411996
489.418267	-0.563812	11.441191	-0.087225	1.411909
489.773979	-0.609074	11.446195	-0.087290	1.411925
490.617881	-0.581824	11.451200	-0.087445	1.412114
488.720997	-0.293725	11.456205	-0.087096	1.412082
492.478619	-0.928890	11.461210	-0.087787	1.412073
488.471094	-0.339295	11.466215	-0.087049	1.411982
491.008335	-0.662103	11.471219	-0.087516	1.412096
489.648018	-0.589527	11.476224	-0.087265	1.411921
489.215270	-0.363224	11.481229	-0.087186	1.412095
492.127405	-0.850502	11.486234	-0.087722	1.412094
488.682856	-0.410924	11.491239	-0.087087	1.411940
490.801791	-0.619355	11.496243	-0.087477	1.412105
489.705169	-0.600092	11.501248	-0.087275	1.411919
489.618882	-0.511542	11.506253	-0.087259	1.412003
491.690401	-0.731386	11.511258	-0.087640	1.412145
488.831721	-0.460025	11.516263	-0.087113	1.411912
490.668815	-0.590971	11.521267	-0.087451	1.412110
489.534977	-0.517682	11.526272	-0.087242	1.411979
491.010295	-0.687397	11.531277	-0.087514	1.412065
489.166462	-0.438282	11.536282	-0.087174	1.411999
491.093556	-0.750908	11.541287	-0.087529	1.412009
489.007185	-0.321017	11.546291	-0.087144	1.412100
491.394168	-0.808585	11.551296	-0.087583	1.412000
489.552349	-0.574725	11.556301	-0.087244	1.411916
489.756672	-0.601327	11.561306	-0.087282	1.411925
490.350576	-0.455197	11.566311	-0.087391	1.412201
489.664816	-0.557095	11.571315	-0.087264	1.411957
491.963973	-0.819398	11.576320	-0.087687	1.412094
487.704858	-0.303277	11.581325	-0.086903	1.411873
492.235953	-0.838986	11.586330	-0.087737	1.412123
489.011158	-0.488633	11.591335	-0.087143	1.411910
489.701863	-0.589310	11.596339	-0.087270	1.411926
490.829240	-0.533411	11.601344	-0.087477	1.412202
488.487052	-0.313250	11.606349	-0.087046	1.412008
492.193021	-0.811410	11.611354	-0.087728	1.412145
489.034607	-0.435536	11.616359	-0.087146	1.411973
490.949311	-0.689715	11.621363	-0.087498	1.412047
489.574417	-0.494900	11.626368	-0.087245	1.412007
489.932690	-0.634549	11.631373	-0.087311	1.411917
490.604200	-0.491435	11.636378	-0.087434	1.412205
490.057120	-0.657402	11.641383	-0.087333	1.411914
489.790194	-0.605964	11.646387	-0.087284	1.411922
489.809586	-0.357358	11.651392	-0.087287	1.412206
490.696232	-0.716428	11.656397	-0.087450	1.411967
490.745107	-0.596423	11.661402	-0.087459	1.412112
489.314688	-0.530374	11.666407	-0.087195	1.411916
490.330429	-0.523405	11.671411	-0.087382	1.412116
489.863767	-0.619476	11.676416	-0.087296	1.411919
489.725007	-0.535286	11.681421	-0.087270	1.411987
491.152538	-0.597654	11.686426	-0.087533	1.412186
489.979326	-0.637320	11.691431	-0.087316	1.411920
489.564034	-0.568140	11.696435	-0.087240	1.411919
490.043360	-0.388498	11.701440	-0.087328	1.412212
490.122446	-0.630614	11.706445	-0.087342	1.411954
491.176250	-0.633036	11.711450	-0.087536	1.412149
489.308881	-0.527016	11.716455	-0.087192	1.411917
490.558230	-0.721579	11.721459	-0.087422	1.411932
489.859492	-0.496298	11.726464	-0.087293	1.412055
489.893165	-0.628283	11.731469	-0.087299	1.411912
490.524458	-0.510651	11.736474	-0.087415	1.412164
489.802373	-0.615040	11.741479	-0.087282	1.411909
490.010616	-0.627099	11.746483	-0.087320	1.411935
490.013966	-0.395158	11.751488	-0.087320	1.412197
490.417415	-0.682481	11.756493	-0.087394	1.411948
490.808703	-0.604207	11.761498	-0.087466	1.412110
489.503535	-0.549550	11.766503	-0.087225	1.411925
489.729023	-0.600137	11.771507	-0.087267	1.411911
490.927873	-0.565303	11.776512	-0.087487	1.412176
489.869333	-0.724155	11.781517	-0.087292	1.411797
490.238254	-0.493062	11.786522	-0.087360	1.412127
489.796240	-0.609417	11.791527	-0.087278	1.411912
490.204750	-0.682016	11.796531	-0.087353	1.411907
489.695220	-0.386781	11.801536	-0.087259	1.412144
490.669823	-0.725856	11.806541	-0.087438	1.411945
490.585422	-0.660971	11.811546	-0.087422	1.412002
489.182310	-0.499298	11.816551	-0.087164	1.411919
490.465250	-0.607584	11.821555	-0.087400	1.412039
489.622822	-0.443277	11.826560	-0.087245	1.412065
490.844428	-0.729929	11.831565	-0.087469	1.411972
489.431037	-0.359270	11.836570	-0.087209	1.412123
490.852510	-0.742878	11.841575	-0.087470	1.411958
489.766787	-0.601760	11.846579	-0.087270	1.411912
489.700362	-0.438594	11.851584	-0.087258	1.412084
491.021514	-0.761499	11.856589	-0.087501	1.411968
489.631485	-0.436614	11.861594	-0.087245	1.412073
490.390530	-0.704986	11.866599	-0.087384	1.411913
489.577453	-0.572664	11.871603	-0.087234	1.411908
490.427415	-0.447482	11.876608	-0.087391	1.412210
490.430278	-0.777176	11.881613	-0.087391	1.411838
489.776307	-0.391764	11.886618	-0.087270	1.412149
490.195280	-0.665369	11.891623	-0.087347	1.411919
490.442807	-0.717428	11.896627	-0.087392	1.411907
489.002136	-0.301591	11.901632	-0.087127	1.412105
491.167264	-0.764392	11.906637	-0.087525	1.411990
490.036626	-0.474413	11.911642	-0.087317	1.412104
490.266907	-0.695762	11.916647	-0.087359	1.411897
489.608540	-0.562897	11.921651	-0.087237	1.411923
489.673210	-0.356544	11.926656	-0.087249	1.412168
491.445397	-0.881933	11.931661	-0.087575	1.411909
489.353040	-0.392317	11.936666	-0.087190	1.412067
490.004449	-0.628059	11.941671	-0.087309	1.411923
490.297612	-0.644771	11.946675	-0.087363	1.411959
489.663484	-0.387445	11.951680	-0.087246	1.412130
491.483013	-0.850683	11.956685	-0.087581	1.411950
489.741762	-0.583327	11.961690	-0.087260	1.411923
489.460516	-0.541241	11.966695	-0.087208	1.411917
489.840206	-0.611787	11.971699	-0.087278	1.411909
490.328823	-0.423610	11.976704	-0.087368	1.412213
490.689313	-0.739271	11.981709	-0.087434	1.411925
490.023307	-0.632902	11.986714	-0.087311	1.411919
489.075182	-0.340948	11.991719	-0.087136	1.412070
491.505338	-0.800768	11.996723	-0.087583	1.412009
489.502869	-0.461171	12.001728	-0.087214	1.412014
489.953194	-0.630016	12.006733	-0.087297	1.411908
490.827130	-0.633350	12.011738	-0.087458	1.412069
489.505706	-0.550272	12.016743	-0.087214	1.411913
489.717709	-0.591698	12.021747	-0.087253	1.411906
490.711523	-0.480874	12.026752	-0.087436	1.412219
490.033176	-0.641632	12.031757	-0.087311	1.411909
490.005948	-0.627752	12.036762	-0.087305	1.411919
489.568757	-0.344050	12.041767	-0.087225	1.412157
491.104800	-0.758685	12.046771	-0.087507	1.411978
490.113108	-0.637285	12.051776	-0.087324	1.411928
489.127044	-0.444974	12.056781	-0.087143	1.411959
491.135852	-0.620492	12.061786	-0.087512	1.412139
489.528457	-0.549474	12.066791	-0.087216	1.411916
490.036655	-0.639004	12.071795	-0.087309	1.411911
490.076708	-0.391641	12.076800	-0.087317	1.412197
490.373438	-0.665832	12.081805	-0.087371	1.411943
489.907631	-0.392684	12.086810	-0.087285	1.412164
490.399825	-0.672720	12.091815	-0.087375	1.411940
490.539511	-0.723757	12.096819	-0.087401	1.411908
489.467228	-0.534313	12.101824	-0.087203	1.411920
489.514145	-0.473959	12.106829	-0.087212	1.411997
491.185786	-0.593417	12.111834	-0.087519	1.412177
489.998468	-0.628375	12.116839	-0.087300	1.411913
490.373927	-0.700702	12.121843	-0.087369	1.411902
489.788442	-0.494069	12.126848	-0.087261	1.412025
490.043462	-0.642029	12.131853	-0.087308	1.411906
490.006083	-0.410475	12.136858	-0.087301	1.412160
490.169970	-0.653624	12.141863	-0.087331	1.411916
490.505575	-0.585674	12.146867	-0.087392	1.412056
489.789367	-0.585745	12.151872	-0.087260	1.411920
489.984563	-0.622567	12.156877	-0.087296	1.411915
489.922130	-0.390557	12.161882	-0.087284	1.412165
490.758793	-0.709905	12.166887	-0.087438	1.411962
489.378535	-0.392181	12.171891	-0.087184	1.412060
490.861290	-0.553182	12.176896	-0.087456	1.412158
489.906496	-0.604323	12.181901	-0.087280	1.411920
489.746865	-0.578824	12.186906	-0.087251	1.411918
490.463979	-0.421218	12.191911	-0.087383	1.412231
490.325504	-0.728685	12.196915	-0.087357	1.411858
490.210346	-0.475160	12.201920	-0.087335	1.412122
489.514228	-0.539251	12.206925	-0.087207	1.411918
490.564550	-0.515811	12.211930	-0.087400	1.412143
489.970392	-0.609652	12.216935	-0.087290	1.411924
490.165970	-0.649577	12.221939	-0.087326	1.411916
489.556005	-0.350829	12.226944	-0.087214	1.412138
490.827773	-0.697820	12.231949	-0.087448	1.411986
489.692323	-0.380367	12.236954	-0.087238	1.412130
490.998685	-0.774037	12.241959	-0.087479	1.411931
489.931263	-0.610829	12.246963	-0.087282	1.411914
488.911235	-0.355778	12.251968	-0.087094	1.412009
491.253385	-0.673213	12.256973	-0.087525	1.412093
489.441943	-0.461845	12.261978	-0.087191	1.411989
491.526432	-0.828681	12.266983	-0.087575	1.411968
489.199279	-0.487895	12.271987	-0.087146	1.411914
489.275500	-0.431332	12.276992	-0.087160	1.411992
491.265638	-0.614505	12.281997	-0.087526	1.412160
489.280125	-0.499939	12.287002	-0.087160	1.411915
491.343101	-0.715329	12.292007	-0.087540	1.412060
489.110788	-0.472469	12.297011	-0.087128	1.411913
489.674419	-0.511156	12.302016	-0.087232	1.411976
490.882350	-0.527580	12.307021	-0.087454	1.412185
489.533897	-0.543907	12.312026	-0.087206	1.411912
491.399403	-0.681255	12.317031	-0.087549	1.412108
488.925859	-0.445906	12.322035	-0.087093	1.411907
490.880054	-0.605261	12.327040	-0.087453	1.412096
489.804500	-0.582607	12.332045	-0.087254	1.411918
489.859980	-0.591665	12.337050	-0.087264	1.411918
490.378797	-0.480394	12.342055	-0.087360	1.412141
490.000379	-0.622022	12.347059	-0.087290	1.411910
490.715872	-0.574150	12.352064	-0.087421	1.412099
489.879188	-0.594859	12.357069	-0.087267	1.411917
489.998100	-0.613133	12.362074	-0.087289	1.411919
489.671816	-0.372972	12.367079	-0.087229	1.412128
490.881548	-0.745800	12.372083	-0.087451	1.411935
489.637100	-0.548871	12.377088	-0.087222	1.411922
489.631673	-0.439976	12.382093	-0.087220	1.412044
491.627181	-0.836853	12.387098	-0.087588	1.411972
489.367240	-0.510474	12.392103	-0.087171	1.411914
489.545342	-0.536150	12.397107	-0.087204	1.411918
490.929997	-0.635588	12.402112	-0.087459	1.412067
489.600142	-0.549858	12.407117	-0.087213	1.411913
489.745443	-0.571297	12.412122	-0.087240	1.411916
490.309319	-0.396383	12.417127	-0.087344	1.412220
490.274469	-0.651522	12.422131	-0.087337	1.411925
490.229002	-0.454128	12.427136	-0.087328	1.412139
489.910488	-0.595816	12.432141	-0.087269	1.411918
490.020935	-0.616682	12.437146	-0.087289	1.411915
490.180469	-0.396328	12.442151	-0.087319	1.412194
490.524607	-0.701514	12.447155	-0.087382	1.411914
490.091053	-0.486822	12.452160	-0.087302	1.412075
489.798304	-0.575741	12.457165	-0.087248	1.411919
490.499623	-0.697259	12.462170	-0.087376	1.411913
489.665012	-0.378253	12.467175	-0.087223	1.412116
490.914652	-0.758162	12.472179	-0.087452	1.411923
489.537760	-0.523077	12.477184	-0.087199	1.411928
489.642438	-0.485638	12.482189	-0.087218	1.411990
491.286199	-0.762812	12.487194	-0.087520	1.411987
488.998427	-0.325528	12.492199	-0.087099	1.412049
491.294384	-0.789597	12.497203	-0.087521	1.411957
489.374103	-0.386626	12.502208	-0.087167	1.412050
490.590988	-0.715874	12.507213	-0.087391	1.411908
490.052255	-0.623308	12.512218	-0.087292	1.411910
488.995588	-0.282544	12.517223	-0.087097	1.412095
491.498396	-0.796924	12.522227	-0.087558	1.411987
489.443244	-0.403063	12.527232	-0.087179	1.412043
490.760144	-0.736724	12.532237	-0.087421	1.411915
489.928357	-0.600861	12.537242	-0.087268	1.411911
488.669516	-0.229223	12.542247	-0.087036	1.412093
491.650052	-0.782238	12.547251	-0.087584	1.412031
489.438574	-0.515083	12.552256	-0.087177	1.411915
489.707650	-0.460894	12.557261	-0.087226	1.412026
491.269558	-0.702144	12.562266	-0.087514	1.412049
488.799720	-0.258626	12.567271	-0.087059	1.412083
492.012806	-0.924281	12.572275	-0.087650	1.411937
488.996866	-0.443409	12.577280	-0.087094	1.411911
489.275029	-0.442140	12.582285	-0.087145	1.411965
491.656407	-0.709475	12.587290	-0.087584	1.412112
488.355974	-0.224335	12.592295	-0.086976	1.412037
492.428297	-0.957682	12.597299	-0.087725	1.411977
488.707567	-0.408942	12.602304	-0.087040	1.411894
489.687352	-0.522960	12.607309	-0.087220	1.411950
491.624152	-0.720167	12.612314	-0.087577	1.412093
488.826121	-0.360551	12.617319	-0.087061	1.411971
491.776608	-0.923470	12.622323	-0.087604	1.411891
488.200347	-0.235131	12.627328	-0.086946	1.411994
491.315682	-0.729004	12.632333	-0.087519	1.412024
489.861757	-0.577084	12.637338	-0.087251	1.411920
489.535037	-0.526570	12.642343	-0.087190	1.411916
490.395115	-0.668810	12.647347	-0.087349	1.411917
489.338229	-0.326349	12.652352	-0.087154	1.412104
491.644944	-0.747305	12.657357	-0.087578	1.412064
489.794539	-0.571430	12.662362	-0.087237	1.411913
489.420668	-0.502815	12.667367	-0.087168	1.411920
490.835452	-0.703738	12.672371	-0.087428	1.411960
488.826342	-0.343823	12.677376	-0.087058	1.411987
490.889931	-0.478877	12.682381	-0.087438	1.412223
490.670514	-0.709263	12.687386	-0.087397	1.411921
489.155116	-0.384438	12.692391	-0.087118	1.412002
491.663287	-0.739146	12.697395	-0.087580	1.412075
488.981061	-0.504710	12.702400	-0.087086	1.411833
490.232320	-0.447282	12.707405	-0.087316	1.412134
490.293841	-0.650527	12.712410	-0.087327	1.411916
489.818660	-0.570650	12.717415	-0.087239	1.411916
490.081418	-0.467731	12.722419	-0.087287	1.412081
490.302928	-0.650168	12.727424	-0.087328	1.411917
489.814317	-0.339495	12.732429	-0.087238	1.412175
491.017507	-0.749234	12.737434	-0.087459	1.411939
489.715804	-0.552549	12.742439	-0.087219	1.411916
489.597002	-0.480122	12.747443	-0.087197	1.411975
490.355836	-0.629764	12.752448	-0.087336	1.411949
489.828783	-0.366422	12.757453	-0.087239	1.412147
491.439242	-0.870314	12.762458	-0.087535	1.411881
489.356008	-0.488480	12.767463	-0.087152	1.411919
490.079331	-0.616438	12.772467	-0.087285	1.411911
490.020150	-0.598326	12.777472	-0.087273	1.411920
489.563304	-0.328199	12.782477	-0.087189	1.412138
491.888252	-0.960994	12.787482	-0.087617	1.411862
488.461219	-0.279347	12.792487	-0.086986	1.411985
490.952111	-0.704823	12.797491	-0.087444	1.411974
489.794053	-0.568062	12.802496	-0.087231	1.411910
488.916659	-0.252828	12.807501	-0.087069	1.412100
492.439286	-0.891434	12.812506	-0.087717	1.412044
488.863043	-0.401383	12.817511	-0.087059	1.411922
489.649257	-0.520367	12.822515	-0.087203	1.411936
490.693893	-0.476764	12.827520	-0.087395	1.412182
489.069771	-0.334284	12.832525	-0.087096	1.412036
492.540336	-0.914446	12.837530	-0.087735	1.412035
488.059919	-0.276097	12.842535	-0.086910	1.411911
491.628198	-0.794938	12.847539	-0.087566	1.411998
489.408796	-0.489012	12.852544	-0.087157	1.411924
489.066524	-0.369855	12.857549	-0.087094	1.411994
492.247471	-0.815957	12.862554	-0.087680	1.412090
487.704067	-0.115002	12.867559	-0.086843	1.412024
492.043480	-0.814345	12.872563	-0.087642	1.412053
489.951821	-0.579924	12.877568	-0.087256	1.411923
488.469172	-0.245096	12.882573	-0.086983	1.412021
492.836235	-0.959697	12.887578	-0.087787	1.412038
487.199454	-0.137410	12.892583	-0.086749	1.411903
491.688833	-0.664352	12.897587	-0.087575	1.412154
490.714620	-0.706171	12.902592	-0.087396	1.411923
489.220400	-0.453557	12.907597	-0.087120	1.411926
490.241566	-0.630999	12.912602	-0.087308	1.411918
489.217007	-0.367453	12.917607	-0.087119	1.412022
491.072062	-0.544638	12.922611	-0.087461	1.412172
489.893168	-0.565526	12.927616	-0.087243	1.411926
489.775776	-0.502455	12.932621	-0.087221	1.411975
491.679869	-0.707184	12.937626	-0.087572	1.412102
488.584581	-0.477241	12.942631	-0.087001	1.411778
490.695216	-0.482007	12.947635	-0.087390	1.412170
489.764086	-0.545116	12.952640	-0.087218	1.411923
490.071594	-0.603741	12.957645	-0.087275	1.411915
490.541335	-0.528354	12.962650	-0.087361	1.412088
489.309396	-0.467688	12.967655	-0.087134	1.411924
491.160081	-0.548111	12.972659	-0.087474	1.412182
489.819701	-0.555839	12.977664	-0.087227	1.411920
489.434466	-0.434478	12.982669	-0.087156	1.411984
491.739744	-0.690201	12.987674	-0.087580	1.412130
488.796769	-0.500358	12.992679	-0.087038	1.411789
490.572502	-0.460500	12.997683	-0.087365	1.412169
490.464873	-0.654835	13.002688	-0.087345	1.411929
489.673492	-0.531941	13.007693	-0.087199	1.411918
489.860168	-0.407468	13.012698	-0.087233	1.412094
490.329979	-0.649074	13.017703	-0.087319	1.411909
489.982793	-0.369768	13.022707	-0.087255	1.412159
490.990207	-0.745830	13.027712	-0.087440	1.411924
488.990914	-0.420439	13.032717	-0.087072	1.411914
490.485362	-0.414679	13.037722	-0.087347	1.412203
490.454362	-0.709559	13.042727	-0.087341	1.411863
489.471772	-0.303376	13.047731	-0.087160	1.412137
491.073789	-0.741881	13.052736	-0.087455	1.411943
489.753543	-0.543618	13.057741	-0.087211	1.411918
489.344351	-0.402917	13.062746	-0.087136	1.411999
490.719707	-0.597664	13.067751	-0.087389	1.412039
489.040968	-0.244719	13.072755	-0.087080	1.412120
492.518214	-1.005221	13.077760	-0.087719	1.411917
487.848037	-0.163138	13.082765	-0.086859	1.411987
491.697783	-0.758567	13.087770	-0.087568	1.412041
489.847359	-0.562098	13.092775	-0.087227	1.411913
489.022670	-0.367041	13.097779	-0.087075	1.411977
492.362761	-0.882296	13.102784	-0.087690	1.412026
487.472111	-0.224865	13.107789	-0.086789	1.411845
492.454905	-0.837431	13.112794	-0.087706	1.412093
488.765048	-0.435484	13.117799	-0.087027	1.411851
489.544559	-0.472107	13.122803	-0.087170	1.411956
492.748262	-0.927404	13.127808	-0.087759	1.412046
486.975794	-0.197530	13.132813	-0.086696	1.411781
492.358114	-0.796988	13.137818	-0.087687	1.412119
489.891362	-0.609617	13.142823	-0.087233	1.411865
489.602628	-0.517368	13.147827	-0.087179	1.411915
490.518514	-0.669622	13.152832	-0.087348	1.411915
488.943287	-0.395736	13.157837	-0.087058	1.411927
490.741425	-0.489493	13.162842	-0.087388	1.412160
490.546777	-0.670118	13.167847	-0.087352	1.411919
489.889736	-0.567319	13.172851	-0.087231	1.411911
490.165398	-0.607360	13.177856	-0.087282	1.411918
489.493939	-0.501462	13.182861	-0.087158	1.411911
490.424523	-0.453045	13.187866	-0.087329	1.412141
491.159156	-0.841563	13.192871	-0.087464	1.411840
488.516943	-0.301539	13.197875	-0.086977	1.411951
491.144133	-0.598476	13.202880	-0.087461	1.412111
489.686630	-0.527211	13.207885	-0.087192	1.411917
489.764556	-0.548171	13.212890	-0.087206	1.411907
490.802609	-0.544655	13.217895	-0.087397	1.412107
489.580248	-0.525937	13.222899	-0.087172	1.411897
491.636806	-0.768723	13.227904	-0.087550	1.412011
487.930996	-0.319464	13.232909	-0.086868	1.411819
491.153278	-0.548638	13.237914	-0.087461	1.412168
490.561757	-0.669177	13.242919	-0.087352	1.411920
489.565312	-0.506911	13.247923	-0.087168	1.411915
490.508218	-0.661054	13.252928	-0.087341	1.411918
489.515413	-0.494698	13.257933	-0.087158	1.411919
490.034147	-0.582948	13.262938	-0.087253	1.411917
490.560814	-0.667688	13.267943	-0.087350	1.411920
489.087721	-0.353939	13.272947	-0.087079	1.411996
492.691273	-0.931448	13.277952	-0.087742	1.412024
487.953529	-0.376516	13.282957	-0.086869	1.411756
491.199960	-0.649402	13.287962	-0.087467	1.412060
490.433936	-0.641428	13.292967	-0.087326	1.411925
488.700518	-0.416826	13.297971	-0.087006	1.411851
490.967564	-0.511688	13.302976	-0.087424	1.412171
490.031137	-0.663721	13.307981	-0.087251	1.411823
489.641545	-0.523535	13.312986	-0.087179	1.411907
490.494110	-0.653327	13.317991	-0.087336	1.411921
489.227158	-0.443103	13.322995	-0.087102	1.411919
490.807248	-0.451096	13.328000	-0.087393	1.412208
490.847073	-0.719125	13.333005	-0.087400	1.411913
489.580753	-0.507901	13.338010	-0.087167	1.411912
490.478900	-0.661198	13.343015	-0.087332	1.411908
489.308583	-0.473060	13.348019	-0.087116	1.411900
489.965540	-0.348668	13.353024	-0.087237	1.412164
491.328538	-0.776400	13.358029	-0.087487	1.411938
489.436693	-0.490515	13.363034	-0.087139	1.411903
489.962268	-0.566091	13.368039	-0.087235	1.411917
489.924182	-0.567254	13.373043	-0.087228	1.411908
490.899698	-0.597925	13.378048	-0.087408	1.412058
489.823510	-0.590634	13.383053	-0.087209	1.411862
489.493986	-0.496406	13.388058	-0.087148	1.411906
490.814175	-0.489863	13.393063	-0.087391	1.412163
489.832297	-0.669666	13.398067	-0.087210	1.411774
491.098812	-0.598075	13.403072	-0.087443	1.412094
489.049448	-0.564976	13.408077	-0.087065	1.411744
490.134367	-0.410684	13.413082	-0.087265	1.412123
490.089290	-0.590176	13.418087	-0.087256	1.411911
489.956529	-0.569028	13.423091	-0.087232	1.411910
490.778939	-0.515665	13.428096	-0.087383	1.412125
490.517856	-0.825141	13.433101	-0.087335	1.411726
488.480143	-0.152884	13.438106	-0.086959	1.412101
491.384794	-0.724589	13.443111	-0.087494	1.412003
489.726472	-0.527325	13.448115	-0.087188	1.411913
489.409398	-0.300314	13.453120	-0.087130	1.412109
492.306751	-0.994193	13.458125	-0.087663	1.411872
487.586516	-0.136007	13.463130	-0.086794	1.411950
491.868158	-0.749981	13.468135	-0.087582	1.412064
489.740227	-0.533265	13.473139	-0.087190	1.411907
489.595754	-0.510575	13.478144	-0.087163	1.411905
490.337753	-0.632673	13.483149	-0.087299	1.411907
488.969604	-0.264605	13.488154	-0.087047	1.412065
492.527229	-0.840516	13.493159	-0.087702	1.412085
488.526623	-0.453516	13.498163	-0.086965	1.411767
490.191806	-0.366040	13.503168	-0.087272	1.412180
490.945930	-0.724659	13.508173	-0.087410	1.411917
489.676158	-0.525708	13.513178	-0.087176	1.411902
490.586052	-0.661210	13.518183	-0.087343	1.411920
490.306150	-0.624598	13.523187	-0.087291	1.411908
489.498387	-0.482249	13.528192	-0.087143	1.411917
490.724621	-0.685247	13.533197	-0.087368	1.411918
488.929473	-0.394238	13.538202	-0.087037	1.411908
491.003786	-0.521564	13.543207	-0.087419	1.412156
490.282908	-0.771498	13.548211	-0.087286	1.411737
489.455908	-0.329288	13.553216	-0.087134	1.412080
491.064938	-0.744227	13.558221	-0.087430	1.411915
489.806910	-0.541020	13.563226	-0.087198	1.411907
489.158002	-0.312738	13.568231	-0.087078	1.412042
491.034989	-0.729056	13.573235	-0.087423	1.411926
489.395972	-0.375287	13.578240	-0.087121	1.412016
491.093888	-0.748422	13.583245	-0.087434	1.411914
489.526884	-0.493042	13.588250	-0.087145	1.411907
489.667225	-0.415827	13.593255	-0.087171	1.412020
491.325362	-0.788534	13.598259	-0.087476	1.411912
488.709484	-0.281510	13.603264	-0.086994	1.411991
491.391342	-0.758511	13.608269	-0.087487	1.411958
489.872103	-0.544965	13.613274	-0.087207	1.411912
489.987341	-0.557789	13.618279	-0.087228	1.411919
490.490125	-0.643789	13.623283	-0.087321	1.411917
489.022737	-0.400078	13.628288	-0.087050	1.411915
490.600693	-0.656313	13.633293	-0.087341	1.411923
489.700935	-0.515589	13.638298	-0.087175	1.411912
490.195365	-0.382972	13.643303	-0.087266	1.412155
491.282735	-0.901301	13.648307	-0.087465	1.411774
488.339643	-0.143824	13.653312	-0.086924	1.412074
491.626754	-0.759251	13.658317	-0.087528	1.411999
490.086618	-0.582009	13.663322	-0.087245	1.411908
489.695203	-0.510186	13.668327	-0.087172	1.411916
490.670285	-0.671501	13.673331	-0.087352	1.411917
489.401721	-0.455067	13.678336	-0.087118	1.411922
490.284944	-0.611674	13.683341	-0.087280	1.411911
489.742626	-0.523759	13.688346	-0.087180	1.411908
489.883977	-0.343625	13.693351	-0.087206	1.412138
492.026168	-0.998943	13.698355	-0.087600	1.411802
488.162178	-0.290026	13.703360	-0.086888	1.411873
490.848892	-0.688257	13.708365	-0.087383	1.411930
490.026293	-0.574241	13.713370	-0.087231	1.411903
489.321394	-0.299571	13.718375	-0.087101	1.412081
492.492124	-1.029173	13.723379	-0.087685	1.411854
487.789992	-0.271689	13.728384	-0.086819	1.411822
491.598287	-0.709458	13.733389	-0.087520	1.412046
489.473435	-0.568966	13.738394	-0.087128	1.411804
489.527599	-0.476393	13.743399	-0.087138	1.411918
490.327238	-0.616963	13.748403	-0.087285	1.411910
489.795938	-0.529368	13.753408	-0.087187	1.411909
491.013548	-0.556818	13.758413	-0.087411	1.412107
489.899005	-0.651169	13.763418	-0.087205	1.411790
489.486636	-0.273109	13.768423	-0.087129	1.412139
491.406371	-0.779618	13.773427	-0.087482	1.411929
489.735318	-0.517218	13.778432	-0.087175	1.411910
489.233001	-0.417886	13.783437	-0.087082	1.411927
490.584281	-0.663883	13.788442	-0.087330	1.411904
489.623845	-0.365589	13.793447	-0.087153	1.412059
491.091725	-0.736771	13.798451	-0.087423	1.411917
489.601274	-0.486582	13.803456	-0.087149	1.411918
489.505586	-0.405306	13.808461	-0.087131	1.411992
491.488050	-0.753576	13.813466	-0.087496	1.411972
489.002207	-0.336950	13.818471	-0.087038	1.411973
490.853490	-0.704066	13.823475	-0.087378	1.411908
489.859046	-0.538265	13.828480	-0.087195	1.411907
489.942867	-0.548742	13.833485	-0.087210	1.411911
490.543205	-0.647310	13.838490	-0.087320	1.411913
489.645252	-0.493070	13.843495	-0.087155	1.411917
490.446390	-0.638312	13.848499	-0.087302	1.411904
489.336381	-0.444775	13.853504	-0.087098	1.411913
491.124201	-0.526584	13.858509	-0.087427	1.412158
490.488764	-0.808478	13.863514	-0.087309	1.411719
488.752615	-0.189369	13.868519	-0.086990	1.412090
491.701180	-0.807377	13.873523	-0.087532	1.411949
489.748410	-0.517393	13.878528	-0.087172	1.411907
489.173767	-0.409846	13.883533	-0.087066	1.411920
491.290124	-0.771783	13.888538	-0.087456	1.411911
489.344188	-0.437620	13.893543	-0.087097	1.411920
489.971955	-0.549061	13.898547	-0.087213	1.411913
490.178205	-0.581373	13.903552	-0.087250	1.411915
489.603526	-0.285758	13.908557	-0.087144	1.412140
491.791587	-0.926493	13.913562	-0.087547	1.411829
488.485866	-0.280452	13.918567	-0.086938	1.411935
490.818165	-0.657602	13.923571	-0.087367	1.411949
490.181938	-0.584258	13.928576	-0.087250	1.411911
489.248918	-0.324951	13.933581	-0.087078	1.412028
491.698400	-0.797673	13.938586	-0.087528	1.411956
489.141192	-0.405186	13.943591	-0.087057	1.411916
490.145928	-0.579608	13.948595	-0.087242	1.411909
490.063379	-0.558696	13.953600	-0.087227	1.411917
489.832437	-0.349390	13.958605	-0.087184	1.412109
491.563905	-0.907758	13.963610	-0.087502	1.411805
488.265333	-0.157212	13.968615	-0.086895	1.412030
491.532831	-0.753334	13.973619	-0.087496	1.411973
490.575097	-0.663168	13.978624	-0.087320	1.411894
488.342098	-0.302183	13.983629	-0.086908	1.411880
492.025423	-0.837347	13.988634	-0.087586	1.411970
488.250756	-0.327947	13.993639	-0.086891	1.411833
491.314861	-0.669848	13.998643	-0.087455	1.412025
490.035519	-0.564780	14.003648	-0.087219	1.411902
489.864746	-0.533827	14.008653	-0.087188	1.411905
491.049968	-0.761891	14.013658	-0.087406	1.411870
488.241489	-0.309179	14.018663	-0.086888	1.411852
491.652935	-0.664195	14.023667	-0.087516	1.412094
489.722531	-0.556337	14.028672	-0.087161	1.411851
490.191408	-0.580577	14.033677	-0.087247	1.411912
490.542250	-0.641468	14.038682	-0.087311	1.411909
489.339886	-0.437890	14.043687	-0.087089	1.411912
490.213972	-0.587168	14.048691	-0.087250	1.411908
490.391916	-0.613232	14.053696	-0.087283	1.411912
489.085645	-0.323485	14.058701	-0.087042	1.411993
491.886748	-0.865453	14.063706	-0.087557	1.411909
488.605814	-0.397502	14.068711	-0.086953	1.411818
490.464014	-0.624985	14.073715	-0.087295	1.411912
490.655460	-0.664773	14.078720	-0.087330	1.411903
488.983552	-0.370450	14.083725	-0.087022	1.411919
491.319452	-0.658386	14.088730	-0.087452	1.412035
490.107966	-0.570044	14.093735	-0.087228	1.411906
490.083193	-0.561549	14.098739	-0.087224	1.411910
490.651349	-0.725482	14.103744	-0.087328	1.411832
488.237491	-0.280533	14.108749	-0.086883	1.411879
492.230934	-0.831581	14.113754	-0.087618	1.412010
488.701228	-0.454574	14.118759	-0.086968	1.411769
490.224650	-0.582745	14.123763	-0.087249	1.411912
490.789049	-0.673512	14.128768	-0.087352	1.411916
489.425904	-0.446388	14.133773	-0.087101	1.411915
490.428733	-0.620768	14.138778	-0.087285	1.411907
490.029937	-0.543567	14.143783	-0.087212	1.411918
489.803967	-0.510438	14.148787	-0.087170	1.411913
490.302445	-0.592127	14.153792	-0.087261	1.411914
489.400340	-0.298604	14.158797	-0.087095	1.412076
492.034155	-0.893596	14.163802	-0.087580	1.411900
488.785164	-0.441757	14.168807	-0.086981	1.411797
489.720156	-0.500631	14.173811	-0.087153	1.411907
490.833566	-0.627576	14.178816	-0.087358	1.411973
489.632877	-0.477475	14.183821	-0.087137	1.411916
490.471093	-0.623246	14.188826	-0.087291	1.411909
489.947357	-0.532909	14.193831	-0.087194	1.411912
489.597783	-0.430494	14.198835	-0.087130	1.411962
491.603801	-0.759487	14.203840	-0.087499	1.411969
489.035862	-0.372668	14.208845	-0.087026	1.411921
490.631413	-0.646903	14.213850	-0.087319	1.411912
490.714283	-0.657774	14.218855	-0.087334	1.411915
489.244526	-0.417812	14.223859	-0.087063	1.411908
491.054528	-0.734646	14.228864	-0.087396	1.411892
490.183399	-0.646508	14.233869	-0.087236	1.411827
488.895834	-0.389041	14.238874	-0.086999	1.411874
490.312250	-0.587201	14.243879	-0.087259	1.411918
490.060594	-0.465772	14.248883	-0.087213	1.412007
491.106666	-0.810140	14.253888	-0.087405	1.411815
489.322494	-0.418583	14.258893	-0.087076	1.411920
490.384108	-0.605823	14.263898	-0.087271	1.411909
490.457733	-0.608655	14.268903	-0.087285	1.411920
489.103724	-0.388860	14.273907	-0.087035	1.411912
490.330860	-0.592425	14.278912	-0.087261	1.411913
490.064099	-0.542395	14.283917	-0.087212	1.411919
490.161899	-0.566537	14.288922	-0.087229	1.411910
489.941587	-0.531177	14.293927	-0.087189	1.411908
489.596339	-0.320048	14.298931	-0.087125	1.412082
492.463040	-0.958786	14.303936	-0.087652	1.411901
488.125217	-0.308455	14.308941	-0.086853	1.411817
490.450253	-0.609512	14.313946	-0.087281	1.411915
491.173183	-0.731187	14.318951	-0.087414	1.411914
489.107475	-0.392212	14.323955	-0.087034	1.411907
490.747231	-0.660430	14.328960	-0.087335	1.411913
490.309126	-0.580668	14.333965	-0.087254	1.411920
490.279724	-0.580933	14.338970	-0.087249	1.411914
490.511218	-0.785882	14.343975	-0.087291	1.411726
488.603827	-0.343762	14.348979	-0.086940	1.411865
491.151724	-0.728749	14.353984	-0.087409	1.411911
490.251725	-0.580109	14.358989	-0.087243	1.411909
489.668157	-0.480190	14.363994	-0.087135	1.411911
490.748740	-0.788314	14.368999	-0.087334	1.411767
488.617704	-0.339360	14.374003	-0.086941	1.411871
490.282530	-0.582477	14.379008	-0.087247	1.411911
490.793975	-0.661495	14.384013	-0.087341	1.411918
489.941260	-0.523795	14.389018	-0.087184	1.411912
490.039341	-0.537621	14.394023	-0.087202	1.411915
489.717535	-0.483922	14.399027	-0.087142	1.411915
490.689174	-0.645352	14.404032	-0.087321	1.411915
490.136710	-0.549110	14.409037	-0.087219	1.411920
489.838466	-0.507914	14.414042	-0.087164	1.411910
490.970807	-0.685416	14.419047	-0.087372	1.411923
489.347838	-0.420824	14.424051	-0.087073	1.411915
489.870712	-0.511424	14.429056	-0.087169	1.411911
490.627042	-0.627211	14.434061	-0.087308	1.411923
490.096237	-0.544674	14.439066	-0.087210	1.411916
490.466995	-0.605991	14.444071	-0.087278	1.411916
489.702702	-0.474220	14.449075	-0.087137	1.411920
490.486135	-0.615675	14.454080	-0.087281	1.411908
490.249640	-0.661200	14.459085	-0.087238	1.411812
488.895633	-0.337920	14.464090	-0.086988	1.411921
490.773636	-0.652712	14.469095	-0.087334	1.411920
490.281278	-0.568308	14.474099	-0.087243	1.411922
489.735273	-0.486271	14.479104	-0.087142	1.411911
489.936369	-0.513854	14.484109	-0.087179	1.411918
489.449801	-0.285885	14.489114	-0.087089	1.412083
491.739404	-0.735489	14.494119	-0.087510	1.412007
489.515201	-0.449902	14.499123	-0.087100	1.411910
490.447472	-0.607242	14.504128	-0.087272	1.411908
490.224724	-0.557105	14.509133	-0.087231	1.411922
488.572396	-0.213549	14.514138	-0.086926	1.411998
492.170029	-0.750135	14.519143	-0.087588	1.412071
488.752126	-0.445562	14.524147	-0.086959	1.411770
490.705442	-0.640305	14.529152	-0.087318	1.411918
489.850857	-0.498009	14.534157	-0.087161	1.411917
489.862442	-0.496002	14.539162	-0.087163	1.411922
490.743474	-0.647546	14.544167	-0.087325	1.411916
489.632470	-0.456882	14.549171	-0.087120	1.411922
490.067400	-0.541632	14.554176	-0.087200	1.411908
490.526089	-0.605067	14.559181	-0.087284	1.411923
489.968797	-0.521420	14.564186	-0.087181	1.411912
490.701604	-0.635350	14.569191	-0.087316	1.411921
490.399091	-0.585565	14.574195	-0.087260	1.411920
489.220613	-0.529939	14.579200	-0.087042	1.411760
490.459185	-0.598360	14.584205	-0.087270	1.411916
489.761917	-0.488426	14.589210	-0.087142	1.411909
490.570657	-0.611726	14.594215	-0.087290	1.411922
489.954996	-0.512939	14.599219	-0.087177	1.411917
490.238985	-0.570813	14.604224	-0.087229	1.411905
490.517375	-0.692551	14.609229	-0.087280	1.411820
488.634770	-0.250145	14.614234	-0.086933	1.411964
491.648247	-0.757403	14.619239	-0.087488	1.411960
489.657934	-0.469990	14.624243	-0.087121	1.411908
490.104047	-0.541963	14.629248	-0.087203	1.411911
490.444475	-0.593791	14.634253	-0.087265	1.411916
489.560167	-0.448601	14.639258	-0.087102	1.411913
490.676064	-0.634133	14.644263	-0.087307	1.411914
490.243962	-0.559520	14.649267	-0.087228	1.411917
490.199630	-0.561574	14.654272	-0.087219	1.411906
489.934321	-0.696366	14.659277	-0.087170	1.411703
489.176319	-0.383139	14.664282	-0.087030	1.411914
490.224572	-0.551705	14.669287	-0.087223	1.411921
490.355001	-0.576463	14.674291	-0.087247	1.411917
490.071065	-0.537657	14.679296	-0.087194	1.411907
490.746945	-0.639727	14.684301	-0.087319	1.411919
490.006167	-0.522662	14.689306	-0.087182	1.411911
490.207944	-0.563070	14.694311	-0.087219	1.411904
489.732266	-0.477722	14.699315	-0.087131	1.411910
490.157905	-0.556360	14.704320	-0.087209	1.411901
491.041097	-0.808295	14.709325	-0.087372	1.411783
488.123605	-0.263729	14.714330	-0.086834	1.411847
491.408101	-0.665526	14.719335	-0.087439	1.412013
489.303254	-0.401537	14.724339	-0.087051	1.411914
489.958610	-0.511369	14.729344	-0.087171	1.411913
490.966029	-0.576665	14.734349	-0.087357	1.412029
489.635213	-0.459266	14.739354	-0.087111	1.411911
490.799092	-0.658203	14.744359	-0.087325	1.411905
489.433844	-0.420641	14.749363	-0.087074	1.411916

489.772036	-0.483978	14.754368	-0.087136	1.411908
490.249346	-0.674871	14.759373	-0.087223	1.411782
488.441420	-0.483947	14.764378	-0.086890	1.411656
489.120601	-0.769322	14.769383	-0.087015	1.411462
486.574603	-0.311957	14.774387	-0.086546	1.411498
488.282756	-0.704185	14.779392	-0.086860	1.411377
486.932599	-0.524651	14.784397	-0.086611	1.411324
485.735555	-0.609849	14.789402	-0.086391	1.411002
486.467240	-0.557779	14.794407	-0.086525	1.411199
484.433474	-0.383163	14.799411	-0.086151	1.411012
486.005055	-0.708367	14.804416	-0.086440	1.410941
484.214619	-0.624751	14.809421	-0.086110	1.410697
482.955623	-0.417616	14.814426	-0.085878	1.410693
484.139023	-0.610179	14.819431	-0.086095	1.410698
483.546934	-0.690181	14.824435	-0.085986	1.410496
481.562596	-0.459400	14.829440	-0.085620	1.410381
482.777005	-0.658671	14.834445	-0.085844	1.410385
481.288568	-0.661134	14.839450	-0.085569	1.410101
480.732873	-0.401528	14.844455	-0.085467	1.410289
480.836433	-0.704074	14.849459	-0.085485	1.409966
479.661107	-0.433096	14.854464	-0.085269	1.410050
479.644021	-0.604806	14.859469	-0.085265	1.409853
478.812484	-0.553907	14.864474	-0.085112	1.409753
478.909006	-0.561275	14.869479	-0.085130	1.409762
478.470801	-0.691114	14.874483	-0.085049	1.409532
476.653836	-0.475912	14.879488	-0.084714	1.409432
477.122509	-0.546858	14.884493	-0.084800	1.409440
477.064953	-0.538820	14.889498	-0.084789	1.409438
476.430238	-0.666640	14.894503	-0.084672	1.409173
475.252073	-0.490890	14.899507	-0.084455	1.409149
475.613610	-0.580328	14.904512	-0.084521	1.409116
474.708443	-0.690583	14.909517	-0.084354	1.408819
473.107963	-0.434862	14.914522	-0.084059	1.408806
473.588596	-0.502855	14.919527	-0.084147	1.408819
474.217469	-0.731230	14.924531	-0.084263	1.408680
471.884350	-0.499795	14.929536	-0.083833	1.408500
472.866868	-0.652369	14.934541	-0.084013	1.408513
471.352020	-0.407503	14.939546	-0.083734	1.408503
471.524060	-0.679342	14.944551	-0.083766	1.408227
470.642943	-0.567667	14.949555	-0.083603	1.408187
470.064795	-0.472747	14.954560	-0.083497	1.408185
470.418203	-0.748262	14.959565	-0.083561	1.407939
467.873522	-0.303688	14.964570	-0.083093	1.407961
469.606539	-0.657749	14.969575	-0.083411	1.407887
469.088493	-0.803792	14.974579	-0.083316	1.407623
466.544333	-0.438733	14.979584	-0.082847	1.407555
466.832023	-0.472570	14.984589	-0.082900	1.407571
466.991219	-0.506680	14.989594	-0.082929	1.407562
467.162848	-0.640751	14.994599	-0.082960	1.407442
465.444742	-0.514241	14.999603	-0.082643	1.407260
465.962149	-0.720543	15.004608	-0.082738	1.407124
463.664521	-0.371323	15.009613	-0.082315	1.407084
464.936781	-0.648343	15.014618	-0.082549	1.407011
463.866537	-0.525632	15.019623	-0.082352	1.406947
463.739435	-0.687860	15.024627	-0.082328	1.406738
462.102132	-0.450931	15.029632	-0.082026	1.406696
462.608811	-0.530199	15.034637	-0.082119	1.406702
462.212233	-0.636745	15.039642	-0.082046	1.406506
460.856484	-0.530636	15.044647	-0.081796	1.406369
460.955558	-0.548090	15.049651	-0.081814	1.406368
460.576873	-0.495982	15.054656	-0.081744	1.406355
460.651276	-0.709823	15.059661	-0.081758	1.406126
458.772976	-0.456898	15.064666	-0.081411	1.406056
459.265422	-0.540397	15.069671	-0.081502	1.406055
458.639137	-0.692712	15.074675	-0.081386	1.405763
456.736083	-0.271201	15.079680	-0.081036	1.405880
458.435565	-0.637906	15.084685	-0.081348	1.405786
457.415323	-0.619830	15.089690	-0.081160	1.405612
455.595753	-0.475907	15.094695	-0.080825	1.405430
456.129936	-0.566665	15.099699	-0.080923	1.405428
455.369547	-0.453191	15.104704	-0.080783	1.405412
455.907747	-0.749650	15.109709	-0.080881	1.405177
453.892848	-0.481767	15.114714	-0.080510	1.405099
454.106166	-0.513379	15.119719	-0.080549	1.405103
454.541585	-0.809500	15.124723	-0.080629	1.404849
451.329167	-0.328147	15.129728	-0.080037	1.404785
452.546889	-0.513160	15.134733	-0.080261	1.404806
452.944718	-0.612991	15.139738	-0.080334	1.404768
451.261942	-0.583674	15.144743	-0.080024	1.404482
451.286659	-0.588145	15.149747	-0.080028	1.404481
450.571481	-0.475888	15.154752	-0.079897	1.404472
450.489264	-0.674347	15.159757	-0.079881	1.404231
448.734784	-0.425346	15.164762	-0.079558	1.404180
449.328681	-0.522396	15.169767	-0.079667	1.404182
449.510121	-0.689538	15.174771	-0.079700	1.404027
446.727883	-0.340014	15.179776	-0.079187	1.403895
449.262403	-0.709185	15.184781	-0.079654	1.403957
445.767117	-0.411943	15.189786	-0.079010	1.403630
448.036373	-0.710836	15.194791	-0.079428	1.403721
445.619226	-0.465002	15.199795	-0.078982	1.403541
445.770589	-0.686311	15.204800	-0.079010	1.403318
445.462863	-0.526106	15.209805	-0.078953	1.403441
443.728868	-0.518484	15.214810	-0.078633	1.403119
444.524083	-0.361948	15.219815	-0.078780	1.403449
444.100229	-0.699097	15.224819	-0.078701	1.402984
443.094775	-0.490662	15.229824	-0.078516	1.403030
442.244918	-0.448973	15.234829	-0.078359	1.402915
443.372745	-0.771804	15.239834	-0.078566	1.402762
440.173063	-0.230088	15.244839	-0.077977	1.402769
442.802482	-0.728791	15.249843	-0.078461	1.402702
440.113676	-0.379335	15.254848	-0.077966	1.402588
440.989436	-0.715906	15.259853	-0.078126	1.402371
439.491615	-0.537665	15.264858	-0.077850	1.402288
438.156473	-0.313294	15.269863	-0.077604	1.402289
439.620309	-0.553149	15.274867	-0.077874	1.402295
438.518729	-0.606745	15.279872	-0.077671	1.402024
437.554660	-0.485417	15.284877	-0.077493	1.401978
437.605689	-0.494153	15.289882	-0.077502	1.401977
437.331164	-0.628623	15.294887	-0.077451	1.401772
435.946484	-0.429931	15.299891	-0.077196	1.401734
435.861530	-0.417837	15.304896	-0.077180	1.401731
436.803371	-0.756166	15.309901	-0.077353	1.401525
433.277224	-0.374804	15.314906	-0.076704	1.401287
434.663480	-0.507343	15.319911	-0.076959	1.401400
434.781227	-0.607232	15.324915	-0.076980	1.401308
432.285624	-0.387131	15.329920	-0.076520	1.401083
433.590431	-0.560024	15.334925	-0.076760	1.401135
432.324955	-0.600321	15.339930	-0.076527	1.400847
431.490998	-0.316407	15.344935	-0.076373	1.401012
432.944573	-0.872096	15.349939	-0.076640	1.400655
429.414515	-0.284967	15.354944	-0.075990	1.400651
431.546567	-0.696226	15.359949	-0.076382	1.400588
429.359284	-0.441336	15.364954	-0.075980	1.400461
428.689822	-0.330756	15.369959	-0.075856	1.400460
430.905554	-0.785168	15.374963	-0.076264	1.400364
427.296000	-0.392575	15.379968	-0.075599	1.400123
428.231779	-0.538677	15.384973	-0.075771	1.400134
428.287485	-0.618527	15.389978	-0.075781	1.400054
425.719259	-0.389013	15.394983	-0.075308	1.399825
428.070843	-0.633984	15.399987	-0.075740	1.399994
424.178270	-0.331531	15.404992	-0.075023	1.399596
426.984029	-0.649393	15.409997	-0.075540	1.399769
424.211702	-0.413017	15.415002	-0.075029	1.399509
424.446779	-0.449270	15.420007	-0.075072	1.399512
424.950050	-0.530674	15.425011	-0.075164	1.399515
423.130727	-0.485975	15.430016	-0.074829	1.399218
423.556643	-0.404437	15.435021	-0.074907	1.399392
422.538447	-0.611061	15.440026	-0.074720	1.398962
422.218469	-0.379169	15.445031	-0.074660	1.399165
421.386410	-0.478952	15.450035	-0.074507	1.398892
421.832477	-0.641962	15.455040	-0.074589	1.398791
419.337832	-0.200217	15.460045	-0.074129	1.398818
422.059014	-0.884731	15.465050	-0.074630	1.398556
417.585877	-0.059942	15.470055	-0.073806	1.398643
421.285029	-0.829665	15.475059	-0.074487	1.398471
417.983759	-0.466471	15.480064	-0.073879	1.398254
417.327269	-0.354749	15.485069	-0.073758	1.398256
419.226379	-0.729071	15.490074	-0.074107	1.398191
415.747719	-0.304160	15.495079	-0.073466	1.398011
417.889933	-0.564539	15.500083	-0.073860	1.398123
415.871265	-0.383692	15.505088	-0.073489	1.397944
416.349132	-0.626667	15.510093	-0.073576	1.397757
414.654759	-0.456615	15.515098	-0.073264	1.397627
414.236279	-0.384723	15.520103	-0.073187	1.397629
415.397450	-0.596612	15.525107	-0.073400	1.397609
413.195713	-0.477049	15.530112	-0.072994	1.397324
413.027293	-0.437453	15.535117	-0.072963	1.397337
413.887173	-0.605741	15.540122	-0.073121	1.397308
411.674599	-0.491931	15.545127	-0.072714	1.397015
412.466917	-0.458371	15.550131	-0.072859	1.397205
410.835126	-0.527034	15.555136	-0.072558	1.396813
411.454045	-0.489317	15.560141	-0.072672	1.396975
410.288616	-0.461329	15.565146	-0.072457	1.396783
410.147158	-0.630366	15.570151	-0.072431	1.396563
408.527977	-0.217492	15.575155	-0.072133	1.396725
410.257835	-0.881335	15.580160	-0.072451	1.396296
407.252684	-0.180403	15.585165	-0.071897	1.396522
408.384262	-0.649110	15.590170	-0.072105	1.396203
407.723602	-0.482245	15.595175	-0.071983	1.396267
405.530314	-0.228885	15.600179	-0.071579	1.396136
408.081722	-0.781668	15.605184	-0.072049	1.395992
404.419235	-0.130963	15.610189	-0.071374	1.396035
407.212183	-0.836937	15.615194	-0.071888	1.395762
403.521789	-0.224904	15.620199	-0.071209	1.395755
405.028478	-0.480750	15.625203	-0.071486	1.395751
404.950100	-0.775633	15.630208	-0.071471	1.395398
401.306804	-0.033249	15.635213	-0.070800	1.395549
405.845047	-0.902688	15.640218	-0.071635	1.395423
400.652689	-0.307493	15.645223	-0.070679	1.395109
401.861579	-0.444274	15.650227	-0.070901	1.395184
402.395996	-0.541441	15.655232	-0.070999	1.395175
399.819345	-0.303584	15.660237	-0.070525	1.394953
402.661937	-0.701915	15.665242	-0.071048	1.395042
398.210704	-0.316077	15.670247	-0.070228	1.394629
400.798304	-0.583614	15.675251	-0.070704	1.394819
398.520658	-0.438923	15.680256	-0.070284	1.394548
398.515586	-0.429826	15.685261	-0.070283	1.394557
398.591205	-0.434921	15.690266	-0.070297	1.394565
397.571658	-0.529828	15.695271	-0.070109	1.394261
396.767662	-0.389545	15.700275	-0.069961	1.394267
397.036956	-0.440961	15.705280	-0.070010	1.394259
395.792847	-0.509763	15.710285	-0.069780	1.393941
396.054563	-0.359507	15.715290	-0.069829	1.394164
394.810824	-0.576568	15.720295	-0.069599	1.393676
395.057799	-0.288025	15.725299	-0.069645	1.394054
394.623590	-0.773831	15.730304	-0.069564	1.393413
393.220772	-0.360295	15.735309	-0.069306	1.393618
392.816960	-0.287427	15.740314	-0.069231	1.393623
394.000523	-0.822747	15.745319	-0.069448	1.393236
390.324877	-0.031748	15.750323	-0.068772	1.393437
394.187026	-1.023346	15.755328	-0.069482	1.393042
389.234242	-0.104320	15.760333	-0.068570	1.393144
391.671584	-0.700282	15.765338	-0.069019	1.392928
390.423400	-0.443155	15.770343	-0.068789	1.392983
387.836318	-0.176423	15.775347	-0.068312	1.392792
392.672210	-0.988959	15.780352	-0.069202	1.392789
386.011778	-0.133819	15.785357	-0.067976	1.392490
389.479806	-0.641148	15.790362	-0.068614	1.392574
387.422704	-0.480235	15.795367	-0.068235	1.392363
386.424713	-0.300368	15.800371	-0.068051	1.392377
387.784287	-0.540372	15.805376	-0.068301	1.392363
386.220559	-0.483391	15.810381	-0.068013	1.392127
385.604985	-0.327065	15.815386	-0.067899	1.392188
386.952330	-0.806553	15.820391	-0.068147	1.391896
383.207163	-0.118437	15.825395	-0.067457	1.391966
385.788615	-0.749013	15.830400	-0.067932	1.391738
383.457616	-0.339478	15.835405	-0.067503	1.391760
382.738171	-0.456665	15.840410	-0.067370	1.391486
384.399725	-0.569416	15.845415	-0.067676	1.391676
380.193020	-0.216831	15.850419	-0.066901	1.391272
384.718334	-0.832273	15.855424	-0.067734	1.391435
378.144234	0.001290	15.860429	-0.066523	1.391127
383.382540	-0.739189	15.865434	-0.067487	1.391285
379.748842	-0.386312	15.870439	-0.066818	1.390990
379.596412	-0.456434	15.875443	-0.066789	1.390880
380.345566	-0.431527	15.880448	-0.066927	1.391053
378.335599	-0.514302	15.885453	-0.066557	1.390570
378.737244	-0.347722	15.890458	-0.066631	1.390839
377.928953	-0.473314	15.895463	-0.066481	1.390539
378.057756	-0.598929	15.900467	-0.066505	1.390419
376.494468	-0.301537	15.905472	-0.066217	1.390459
377.066044	-0.741395	15.910477	-0.066322	1.390063
374.938839	-0.059509	15.915482	-0.065930	1.390437
376.909992	-0.897056	15.920487	-0.066292	1.389854
373.711676	-0.114747	15.925491	-0.065703	1.390137
374.971421	-0.498858	15.930496	-0.065935	1.389938
375.278922	-0.704288	15.935501	-0.065991	1.389760
371.028674	0.073257	15.940506	-0.065209	1.389835
376.587713	-1.075617	15.945511	-0.066232	1.389585
369.608717	0.069866	15.950515	-0.064947	1.389557
373.855387	-0.733248	15.955520	-0.065728	1.389451
371.469799	-0.484960	15.960525	-0.065289	1.389277
369.595054	-0.115174	15.965530	-0.064943	1.389341
373.832308	-0.988584	15.970535	-0.065723	1.389152
366.808094	-0.010469	15.975539	-0.064429	1.388923
371.514833	-0.623324	15.980544	-0.065296	1.389125
369.282749	-0.407745	15.985549	-0.064885	1.388943
367.513732	-0.367035	15.990554	-0.064559	1.388648
370.104306	-0.622250	15.995559	-0.065035	1.388854
365.842900	-0.302790	16.000563	-0.064250	1.388399
368.794130	-0.657928	16.005568	-0.064793	1.388559
365.230488	-0.248119	16.010573	-0.064137	1.388343
366.166895	-0.406853	16.015578	-0.064309	1.388341
367.441542	-0.692181	16.020583	-0.064544	1.388258
363.399250	-0.200739	16.025587	-0.063799	1.388044
366.295822	-0.556674	16.030592	-0.064332	1.388192
363.083333	-0.367208	16.035597	-0.063740	1.387790
364.182312	-0.353406	16.040602	-0.063943	1.388018
363.832099	-0.569730	16.045607	-0.063878	1.387701
362.360351	-0.313536	16.050611	-0.063607	1.387712
362.622231	-0.394994	16.055616	-0.063654	1.387668
362.279120	-0.716403	16.060621	-0.063591	1.387231
359.527388	0.019945	16.065626	-0.063084	1.387548
362.677973	-0.764141	16.070631	-0.063664	1.387253
359.064050	-0.193465	16.075635	-0.062998	1.387212
359.910835	-0.432630	16.080640	-0.063154	1.387100
360.665580	-0.624016	16.085645	-0.063292	1.387025
356.729727	-0.036982	16.090650	-0.062568	1.386941
360.730020	-0.674727	16.095655	-0.063304	1.386978
356.624053	-0.336300	16.100659	-0.062548	1.386574
358.141752	-0.411714	16.105664	-0.062827	1.386781
357.079866	-0.464227	16.110669	-0.062631	1.386514
355.749312	-0.241952	16.115674	-0.062386	1.386513
356.953966	-0.527663	16.120679	-0.062607	1.386416
354.646820	-0.442924	16.125683	-0.062182	1.386068
354.722801	-0.207656	16.130688	-0.062196	1.386354
355.581016	-0.689156	16.135693	-0.062354	1.385964
352.834377	-0.304013	16.140698	-0.061848	1.385877
353.078490	-0.245329	16.145703	-0.061892	1.385991
354.622199	-0.737804	16.150707	-0.062176	1.385721
351.110334	-0.113501	16.155712	-0.061529	1.385762
353.488385	-0.799596	16.160717	-0.061967	1.385430
349.769005	-0.094806	16.165722	-0.061282	1.385524
351.600473	-0.356177	16.170727	-0.061619	1.385576
351.729127	-0.729910	16.175731	-0.061642	1.385169
347.646693	0.123994	16.180736	-0.060890	1.385365
352.978071	-1.080210	16.185741	-0.061872	1.385006
346.113158	0.081628	16.190746	-0.060608	1.385018
350.105994	-0.700337	16.195751	-0.061342	1.384888
348.163745	-0.367636	16.200755	-0.060984	1.384896
345.815525	-0.156952	16.205760	-0.060552	1.384684
350.419717	-0.879701	16.210765	-0.061399	1.384741
342.686594	0.162865	16.215770	-0.059975	1.384447
349.637660	-0.863405	16.220775	-0.061255	1.384608
343.598854	-0.200046	16.225779	-0.060143	1.384204
345.059706	-0.338207	16.230784	-0.060411	1.384327
346.557287	-0.668609	16.235789	-0.060687	1.384235
341.099178	-0.007816	16.240794	-0.059682	1.383941
346.158663	-0.604731	16.245799	-0.060613	1.384231
342.236944	-0.379576	16.250803	-0.059890	1.383731
343.035963	-0.405746	16.255808	-0.060037	1.383856
342.021514	-0.370973	16.260813	-0.059850	1.383699
341.074374	-0.214388	16.265818	-0.059676	1.383696
341.919994	-0.364596	16.270823	-0.059831	1.383686
341.290511	-0.518768	16.275827	-0.059715	1.383385
339.842315	-0.280053	16.280832	-0.059448	1.383380
340.968381	-0.658498	16.285837	-0.059655	1.383161
337.201966	-0.220596	16.290842	-0.058961	1.382936
339.194226	-0.233630	16.295847	-0.059328	1.383308
339.207050	-0.623965	16.300851	-0.059330	1.382858
336.395921	-0.155883	16.305856	-0.058812	1.382854
339.220714	-0.598046	16.310861	-0.059332	1.382890
335.489682	-0.339017	16.315866	-0.058645	1.382466
336.269142	-0.227319	16.320871	-0.058788	1.382746
337.064819	-0.683090	16.325875	-0.058934	1.382373
333.428670	-0.125433	16.330880	-0.058264	1.382312
337.072870	-0.702219	16.335885	-0.058935	1.382352
333.209046	-0.351712	16.340890	-0.058223	1.382007
333.741200	-0.326708	16.345895	-0.058321	1.382139
334.141858	-0.484672	16.350899	-0.058395	1.382034
331.660186	-0.190795	16.355904	-0.057937	1.381892
333.591208	-0.527898	16.360909	-0.058293	1.381876
331.435414	-0.443875	16.365914	-0.057895	1.381554
330.950442	-0.158324	16.370919	-0.057806	1.381791
332.608519	-0.781658	16.375923	-0.058111	1.381391
328.173147	-0.001341	16.380928	-0.057294	1.381433
331.644882	-0.620160	16.385933	-0.057933	1.381390
329.466246	-0.376203	16.390938	-0.057532	1.381249
327.178433	-0.143135	16.395943	-0.057110	1.381074
331.239821	-0.787863	16.400947	-0.057857	1.381116
324.813428	0.019648	16.405952	-0.056674	1.380803
330.099111	-0.661175	16.410957	-0.057647	1.381041
325.564846	-0.228212	16.415962	-0.056812	1.380661
327.558239	-0.529495	16.420967	-0.057179	1.380699
326.534990	-0.485017	16.425971	-0.056990	1.380551
323.618801	-0.201883	16.430976	-0.056453	1.380312
326.409650	-0.460339	16.435981	-0.056966	1.380555
323.446735	-0.300721	16.440986	-0.056420	1.380163
324.251092	-0.331262	16.445991	-0.056568	1.380284
324.736779	-0.487213	16.450995	-0.056658	1.380198
321.612754	-0.323320	16.456000	-0.056082	1.379780
323.440411	-0.288316	16.461005	-0.056418	1.380176
321.624892	-0.389237	16.466010	-0.056084	1.379705
322.382236	-0.425527	16.471015	-0.056223	1.379810
321.292922	-0.391105	16.476019	-0.056022	1.379638
319.901870	-0.388485	16.481024	-0.055766	1.379370
320.523393	-0.286075	16.486029	-0.055880	1.379609
319.418801	-0.512502	16.491034	-0.055676	1.379131
318.650409	-0.182079	16.496039	-0.055535	1.379365
319.410789	-0.416202	16.501043	-0.055674	1.379241
317.560619	-0.306087	16.506048	-0.055333	1.379008
317.515571	-0.263227	16.511053	-0.055325	1.379049
318.066464	-0.502649	16.516058	-0.055426	1.378878
315.960831	-0.278097	16.521063	-0.055038	1.378728
316.794403	-0.406575	16.526067	-0.055191	1.378741
314.712992	-0.209180	16.531072	-0.054808	1.378565
316.348534	-0.387130	16.536077	-0.055109	1.378676
314.868100	-0.554597	16.541082	-0.054835	1.378193
313.334456	-0.133416	16.546087	-0.054553	1.378383
314.966066	-0.493484	16.551091	-0.054853	1.378283
312.732981	-0.442648	16.556096	-0.054442	1.377906
312.367285	-0.201070	16.561101	-0.054374	1.378115
313.015502	-0.529252	16.566106	-0.054493	1.377860
311.090814	-0.264397	16.571111	-0.054138	1.377792
311.404751	-0.313905	16.576115	-0.054196	1.377796
311.337267	-0.514830	16.581120	-0.054183	1.377549
309.587578	-0.116693	16.586125	-0.053861	1.377670
311.284108	-0.717370	16.591130	-0.054173	1.377303
307.690763	-0.058087	16.596135	-0.053511	1.377368
309.916321	-0.512542	16.601139	-0.053921	1.377273
308.482899	-0.376785	16.606144	-0.053656	1.377151
306.544546	-0.149034	16.611149	-0.053299	1.377038
309.661309	-0.686991	16.616154	-0.053873	1.377020
304.198777	0.011103	16.621159	-0.052867	1.376766
309.108589	-0.669521	16.626163	-0.053771	1.376932
304.137002	-0.151734	16.631168	-0.052855	1.376564
305.784423	-0.408122	16.636173	-0.053158	1.376587
306.109967	-0.511917	16.641178	-0.053218	1.376529
302.337610	-0.123202	16.646183	-0.052523	1.376245
306.029680	-0.518413	16.651187	-0.053202	1.376506
302.282901	-0.321753	16.656192	-0.052512	1.376002
303.589700	-0.407000	16.661197	-0.052752	1.376158
301.933385	-0.304647	16.666202	-0.052447	1.375954
302.075453	-0.422146	16.671207	-0.052473	1.375844
301.583743	-0.237363	16.676211	-0.052382	1.375963
301.183506	-0.439362	16.681216	-0.052308	1.375650
300.709907	-0.365163	16.686221	-0.052221	1.375643
299.963680	-0.472563	16.691226	-0.052083	1.375372
298.342663	-0.220523	16.696231	-0.051784	1.375348
299.788509	-0.227852	16.701235	-0.052051	1.375622
299.411430	-0.626114	16.706240	-0.051981	1.375084
297.092165	-0.128215	16.711245	-0.051554	1.375211
298.080201	-0.454381	16.716250	-0.051735	1.375024
297.504869	-0.487977	16.721255	-0.051629	1.374872
295.150260	-0.081966	16.726259	-0.051195	1.374884
297.867577	-0.655617	16.731264	-0.051695	1.374747
294.000163	-0.085698	16.736269	-0.050983	1.374654
296.617662	-0.635484	16.741274	-0.051464	1.374525
293.480132	-0.219254	16.746279	-0.050886	1.374397
293.529422	-0.089228	16.751283	-0.050895	1.374557
296.340025	-0.852228	16.756288	-0.051412	1.374218
290.313436	0.076328	16.761293	-0.050303	1.374121
294.625160	-0.618984	16.766298	-0.051096	1.374154
291.132389	-0.187779	16.771303	-0.050453	1.373973
292.184527	-0.465529	16.776307	-0.050646	1.373854
290.833939	-0.209949	16.781312	-0.050397	1.373888
290.354724	-0.239059	16.786317	-0.050309	1.373760
292.140907	-0.627172	16.791322	-0.050637	1.373657
287.528930	-0.176179	16.796327	-0.049788	1.373279
290.391492	-0.352211	16.801331	-0.050315	1.373634
288.297618	-0.395384	16.806336	-0.049929	1.373174
288.256455	-0.335679	16.811341	-0.049921	1.373235
287.209762	-0.088699	16.816346	-0.049728	1.373318
288.758924	-0.669790	16.821351	-0.050013	1.372943
285.719866	-0.063048	16.826355	-0.049453	1.373055
286.522475	-0.509507	16.831360	-0.049601	1.372691
285.437294	-0.111630	16.836365	-0.049401	1.372943
285.468967	-0.410709	16.841370	-0.049406	1.372600
285.606753	-0.456231	16.846375	-0.049431	1.372573
282.893670	-0.049447	16.851379	-0.048932	1.372516
285.780406	-0.684733	16.856384	-0.049463	1.372340
281.851523	-0.143847	16.861389	-0.048739	1.372201
282.237355	-0.169515	16.866394	-0.048810	1.372247
283.886827	-0.481277	16.871399	-0.049113	1.372206
280.444908	-0.014239	16.876403	-0.048479	1.372076
283.743978	-0.708037	16.881408	-0.049086	1.371913
278.808463	0.017185	16.886413	-0.048178	1.371791
282.034646	-0.526451	16.891418	-0.048771	1.371789
279.811305	-0.304047	16.896423	-0.048362	1.371612
278.125799	-0.125428	16.901427	-0.048051	1.371490
280.962035	-0.575680	16.906432	-0.048573	1.371520
276.791757	-0.264053	16.911437	-0.047805	1.371066
278.985939	-0.400681	16.916442	-0.048209	1.371336
276.629395	-0.313823	16.921447	-0.047774	1.370975
276.947683	-0.358112	16.926451	-0.047833	1.370986
276.488331	-0.283567	16.931456	-0.047748	1.370982
276.226010	-0.402084	16.936461	-0.047699	1.370792
275.611350	-0.234958	16.941466	-0.047586	1.370867
275.350394	-0.542993	16.946471	-0.047537	1.370455
273.828855	-0.115046	16.951475	-0.047257	1.370656
274.586666	-0.460496	16.956480	-0.047396	1.370401
273.663259	-0.357265	16.961485	-0.047226	1.370340
272.222404	-0.112539	16.966490	-0.046961	1.370343
273.814365	-0.568000	16.971495	-0.047253	1.370123
271.291167	-0.221828	16.976499	-0.046789	1.370032
271.776976	-0.300537	16.981504	-0.046878	1.370035
271.373311	-0.462156	16.986509	-0.046803	1.369766
270.161542	-0.123541	16.991514	-0.046580	1.369924
271.352732	-0.748012	16.996519	-0.046799	1.369427
267.973491	0.003037	17.001523	-0.046176	1.369642
269.674149	-0.411238	17.006528	-0.046489	1.369491
269.508984	-0.519591	17.011533	-0.046458	1.369331
265.866128	0.055006	17.016538	-0.045788	1.369288
269.939810	-0.651008	17.021543	-0.046537	1.369262
266.172575	-0.153918	17.026547	-0.045843	1.369103
266.630580	-0.389558	17.031552	-0.045927	1.368917
266.770603	-0.312341	17.036557	-0.045953	1.369034
265.031698	-0.227482	17.041562	-0.045633	1.368791
266.677679	-0.622116	17.046567	-0.045935	1.368653
262.212082	0.115542	17.051571	-0.045113	1.368638
265.749484	-0.500300	17.056576	-0.045764	1.368612
263.837033	-0.302652	17.061581	-0.045411	1.368467
262.390558	-0.271861	17.066586	-0.045145	1.368219
264.406891	-0.493099	17.071591	-0.045516	1.368356
259.995045	-0.072052	17.076595	-0.044703	1.367981
263.946204	-0.543871	17.081600	-0.045431	1.368205
259.928285	-0.181091	17.086605	-0.044690	1.367839
261.065833	-0.370645	17.091610	-0.044900	1.367841
261.220130	-0.441905	17.096615	-0.044928	1.367787
258.423876	-0.187013	17.101619	-0.044413	1.367535
260.830687	-0.479408	17.106624	-0.044856	1.367666
256.957091	-0.091958	17.111629	-0.044142	1.367357
259.065585	-0.313357	17.116634	-0.044530	1.367513
257.886110	-0.223245	17.121639	-0.044313	1.367386
257.849791	-0.474798	17.126643	-0.044306	1.367084
257.647752	-0.402172	17.131648	-0.044268	1.367129
255.101313	-0.274265	17.136653	-0.043799	1.366777
256.466294	-0.233339	17.141658	-0.044050	1.367093
254.563914	-0.216286	17.146663	-0.043699	1.366738
256.600518	-0.492643	17.151667	-0.044074	1.366815
252.695437	-0.083682	17.156672	-0.043355	1.366525
255.929886	-0.724838	17.161677	-0.043950	1.366410
251.249462	0.146389	17.166682	-0.043088	1.366509
254.471320	-0.632328	17.171687	-0.043681	1.366231
251.760885	-0.121631	17.176691	-0.043182	1.366295
251.758705	-0.329207	17.181696	-0.043181	1.366051
252.602668	-0.527193	17.186701	-0.043336	1.365985
249.200725	-0.071309	17.191706	-0.042710	1.365849
252.290794	-0.550166	17.196711	-0.043278	1.365896
248.710386	-0.110016	17.201715	-0.042619	1.365706
249.568937	-0.254735	17.206720	-0.042777	1.365705
250.540104	-0.528859	17.211725	-0.042955	1.365575
246.960974	-0.086862	17.216730	-0.042296	1.365387
248.995816	-0.474311	17.221735	-0.042670	1.365334
246.875322	-0.204288	17.226739	-0.042280	1.365232
247.479336	-0.360863	17.231744	-0.042390	1.365167
246.001449	-0.195220	17.236749	-0.042118	1.365070
246.490362	-0.349853	17.241754	-0.042208	1.364984
244.954808	-0.109795	17.246759	-0.041925	1.364963
246.423859	-0.516159	17.251763	-0.042195	1.364775
243.517485	-0.104171	17.256768	-0.041660	1.364685
244.590751	-0.402815	17.261773	-0.041857	1.364546
243.599603	-0.162445	17.266778	-0.041674	1.364632
243.330867	-0.461320	17.271783	-0.041624	1.364228
242.710705	-0.214121	17.276787	-0.041510	1.364395
241.231215	-0.178260	17.281792	-0.041237	1.364145
242.702382	-0.450131	17.286797	-0.041508	1.364116
240.095125	-0.043723	17.291802	-0.041028	1.364078
241.831438	-0.471680	17.296807	-0.041347	1.363918
239.520071	-0.161049	17.301811	-0.040921	1.363826
239.425996	-0.146087	17.306816	-0.040904	1.363825
240.847018	-0.611286	17.311821	-0.041165	1.363558
236.376330	0.147120	17.316826	-0.040342	1.363566
240.592974	-0.676191	17.321831	-0.041118	1.363431
236.509929	-0.178509	17.326835	-0.040366	1.363209
236.131778	-0.075463	17.331840	-0.040296	1.363255
239.168253	-0.552462	17.336845	-0.040855	1.363295
234.284271	-0.023712	17.341850	-0.039955	1.362950
237.702257	-0.589806	17.346855	-0.040584	1.362960
233.102956	0.030846	17.351859	-0.039737	1.362780
235.644748	-0.342883	17.356864	-0.040205	1.362843
235.606531	-0.411184	17.361869	-0.040197	1.362755
231.777605	-0.085054	17.366874	-0.039492	1.362381
235.368049	-0.529282	17.371879	-0.040153	1.362568
231.564888	-0.146578	17.376883	-0.039452	1.362266
232.254737	-0.259681	17.381888	-0.039579	1.362269
232.220468	-0.269218	17.386893	-0.039573	1.362251
231.157795	-0.267989	17.391898	-0.039377	1.362042
231.348844	-0.326668	17.396903	-0.039412	1.362010
230.235690	-0.138263	17.401907	-0.039206	1.362011
230.029803	-0.353116	17.406912	-0.039168	1.361717
229.405740	-0.278333	17.411917	-0.039053	1.361682
228.605323	-0.135342	17.416922	-0.038905	1.361691
229.144953	-0.402069	17.421927	-0.039004	1.361484
226.964908	-0.134437	17.426931	-0.038603	1.361367
227.053487	-0.145937	17.431936	-0.038619	1.361371
227.795882	-0.278751	17.436941	-0.038755	1.361361
226.231678	-0.274103	17.441946	-0.038467	1.361056
225.958945	-0.242736	17.446951	-0.038416	1.361039
225.419987	-0.146347	17.451955	-0.038317	1.361045
225.647562	-0.366080	17.456960	-0.038359	1.360831
224.813569	-0.313297	17.461965	-0.038205	1.360728
222.978097	-0.240511	17.466970	-0.037866	1.360450
223.967137	-0.175853	17.471975	-0.038048	1.360722
222.828434	-0.245895	17.476979	-0.037838	1.360413
222.865958	-0.247359	17.481984	-0.037845	1.360419
221.630586	-0.296840	17.486989	-0.037617	1.360115
221.186254	-0.219929	17.491994	-0.037535	1.360117
221.147693	-0.221437	17.496999	-0.037528	1.360108
221.450522	-0.390309	17.502003	-0.037583	1.359968
218.703550	0.051170	17.507008	-0.037077	1.359944
221.871874	-0.597939	17.512013	-0.037660	1.359806
217.134712	0.035220	17.517018	-0.036788	1.359613
219.606450	-0.366322	17.522023	-0.037243	1.359630
217.898012	-0.195481	17.527027	-0.036928	1.359492
217.502200	-0.316368	17.532032	-0.036855	1.359270
217.350926	-0.120516	17.537037	-0.036827	1.359471
216.677455	-0.322962	17.542042	-0.036702	1.359098
217.007591	-0.399952	17.547047	-0.036763	1.359073
213.949109	-0.005171	17.552051	-0.036200	1.358931
216.993350	-0.506337	17.557056	-0.036760	1.358944
213.249412	-0.070147	17.562061	-0.036070	1.358715
215.362943	-0.463710	17.567066	-0.036459	1.358670
212.205994	0.106550	17.572071	-0.035878	1.358716
214.515808	-0.519054	17.577075	-0.036302	1.358436
211.820698	-0.009545	17.582080	-0.035806	1.358502
212.516895	-0.317357	17.587085	-0.035934	1.358276
212.116135	-0.283566	17.592090	-0.035860	1.358236
211.068113	-0.109337	17.597095	-0.035667	1.358234
211.473745	-0.533483	17.602099	-0.035741	1.357813
209.022618	0.091913	17.607104	-0.035290	1.358065
210.914492	-0.533293	17.612109	-0.035637	1.357701
209.028101	-0.165217	17.617114	-0.035290	1.357761
207.603635	-0.056941	17.622119	-0.035027	1.357606
209.662838	-0.380370	17.627123	-0.035406	1.357633
206.696671	-0.010519	17.632128	-0.034860	1.357480
209.342492	-0.638065	17.637133	-0.035347	1.357264
204.945624	0.079416	17.642138	-0.034537	1.357237
206.795512	-0.312189	17.647143	-0.034877	1.357142
206.543631	-0.235552	17.652147	-0.034831	1.357182
204.327105	-0.045567	17.657152	-0.034422	1.356966
206.686401	-0.492631	17.662157	-0.034856	1.356906
203.105527	-0.036806	17.667162	-0.034197	1.356733
203.983993	-0.188984	17.672167	-0.034358	1.356727
204.676363	-0.403936	17.677171	-0.034485	1.356610
201.564358	-0.042227	17.682176	-0.033912	1.356419
203.159578	-0.412731	17.687181	-0.034206	1.356297
200.682613	0.076453	17.692186	-0.033749	1.356383
202.442471	-0.359599	17.697191	-0.034073	1.356217
201.559412	-0.345621	17.702195	-0.033910	1.356058
198.912117	-0.044444	17.707200	-0.033422	1.355887
201.715182	-0.420063	17.712205	-0.033938	1.356000
197.907826	-0.082579	17.717210	-0.033237	1.355641
200.159135	-0.398895	17.722215	-0.033651	1.355715
197.574553	-0.083164	17.727219	-0.033175	1.355573
198.820531	-0.357034	17.732224	-0.033404	1.355497
197.634057	-0.197806	17.737229	-0.033186	1.355449
196.554975	-0.262759	17.742234	-0.032987	1.355157
196.843010	-0.278458	17.747239	-0.033039	1.355195
195.849675	-0.141428	17.752243	-0.032856	1.355159
195.568267	-0.291646	17.757248	-0.032804	1.354925
194.768582	-0.049371	17.762253	-0.032657	1.355052
195.458012	-0.501762	17.767258	-0.032783	1.354654
193.652417	-0.091968	17.772263	-0.032451	1.354779
193.351593	-0.237271	17.777267	-0.032395	1.354547
193.548719	-0.262061	17.782272	-0.032431	1.354556
192.363623	-0.077327	17.787277	-0.032212	1.354539
192.442397	-0.354539	17.792282	-0.032227	1.354225
191.488516	-0.201325	17.797287	-0.032051	1.354217
190.695750	-0.168965	17.802291	-0.031905	1.354096
191.467818	-0.357255	17.807296	-0.032046	1.354027
188.906375	-0.035945	17.812301	-0.031575	1.353897
190.018091	-0.211089	17.817306	-0.031779	1.353911
189.751608	-0.201970	17.822311	-0.031730	1.353868
188.416803	-0.213525	17.827315	-0.031484	1.353588
188.449455	-0.219070	17.832320	-0.031489	1.353587
187.940669	-0.202985	17.837325	-0.031395	1.353505
186.875370	-0.211659	17.842330	-0.031199	1.353281
186.695084	-0.182949	17.847335	-0.031165	1.353279
186.826497	-0.316546	17.852339	-0.031189	1.353147
184.378051	-0.042141	17.857344	-0.030738	1.352983
186.477075	-0.259159	17.862349	-0.031125	1.353144
184.056473	-0.188163	17.867354	-0.030679	1.352745
185.087354	-0.275169	17.872359	-0.030868	1.352847
183.290361	-0.135205	17.877363	-0.030537	1.352654
183.755143	-0.355223	17.882368	-0.030622	1.352486
182.141196	-0.013827	17.887373	-0.030325	1.352568
183.149950	-0.476041	17.892378	-0.030510	1.352221
180.912931	-0.012565	17.897383	-0.030098	1.352324
181.608479	-0.275721	17.902387	-0.030226	1.352150
180.681520	-0.171411	17.907392	-0.030055	1.352088
180.490184	-0.144515	17.912397	-0.030020	1.352082
180.629726	-0.374119	17.917402	-0.030045	1.351837
178.376317	0.006689	17.922407	-0.029630	1.351838
179.622858	-0.328527	17.927411	-0.029859	1.351689
178.335972	-0.083328	17.932416	-0.029622	1.351723
177.768348	-0.224972	17.937421	-0.029517	1.351441
178.395229	-0.411195	17.942426	-0.029632	1.351345
174.855033	0.130020	17.947431	-0.028980	1.351279
178.515595	-0.493684	17.952435	-0.029654	1.351270
174.242258	0.074685	17.957440	-0.028867	1.351090
175.824976	-0.169196	17.962445	-0.029158	1.351117
176.768123	-0.476265	17.967450	-0.029331	1.350940
172.027903	0.074808	17.972455	-0.028458	1.350647
176.178245	-0.513885	17.977459	-0.029222	1.350777
171.320902	0.186767	17.982464	-0.028328	1.350638
174.749507	-0.498223	17.987469	-0.028958	1.350509
171.603097	-0.020053	17.992474	-0.028379	1.350448
171.414644	-0.122112	17.997479	-0.028344	1.350288
173.940417	-0.515341	18.002483	-0.028809	1.350326
168.168125	0.146825	18.007488	-0.027746	1.349958
172.241608	-0.299141	18.012493	-0.028495	1.350243
169.467768	-0.143440	18.017498	-0.027984	1.349872
169.591300	-0.164943	18.022503	-0.028007	1.349871
170.137449	-0.325155	18.027507	-0.028107	1.349790
167.275587	-0.022823	18.032512	-0.027580	1.349576
168.673829	-0.263789	18.037517	-0.027837	1.349569
167.892852	-0.150714	18.042522	-0.027693	1.349547
166.108357	-0.110488	18.047527	-0.027364	1.349237
168.191824	-0.316949	18.052531	-0.027748	1.349408
164.032024	0.056904	18.057536	-0.026981	1.349019
167.012708	-0.299873	18.062541	-0.027530	1.349192
165.067144	-0.188660	18.067546	-0.027171	1.348934
164.231349	-0.187708	18.072551	-0.027017	1.348767
164.109570	-0.034345	18.077555	-0.026995	1.348925
163.505118	-0.156611	18.082560	-0.026883	1.348658
163.757798	-0.235114	18.087565	-0.026929	1.348615
163.210602	-0.216280	18.092570	-0.026828	1.348527
161.071601	-0.040247	18.097575	-0.026434	1.348308
163.070630	-0.276802	18.102579	-0.026802	1.348427
160.026994	-0.094474	18.107584	-0.026241	1.348033
161.409458	-0.162264	18.112589	-0.026496	1.348229
160.346764	-0.192428	18.117594	-0.026300	1.347980
159.920525	-0.302613	18.122599	-0.026221	1.347763
158.150846	0.116611	18.127603	-0.025895	1.347907
159.727336	-0.344820	18.132608	-0.026185	1.347673
158.080595	-0.064157	18.137613	-0.025881	1.347677
157.564382	-0.200769	18.142618	-0.025786	1.347410
157.257952	-0.110725	18.147623	-0.025729	1.347456
157.078164	-0.158521	18.152627	-0.025696	1.347362
157.161872	-0.333803	18.157632	-0.025711	1.347170
154.828126	0.017811	18.162637	-0.025281	1.347120
156.375918	-0.320118	18.167642	-0.025566	1.347028
154.137378	-0.143119	18.172647	-0.025153	1.346789
154.634321	-0.106215	18.177651	-0.025245	1.346933
154.159521	-0.341363	18.182656	-0.025157	1.346556
152.688368	0.055893	18.187661	-0.024886	1.346734
153.654037	-0.298974	18.192666	-0.025063	1.346505
152.545105	-0.177136	18.197671	-0.024859	1.346427
150.798962	-0.037949	18.202675	-0.024537	1.346242
153.524861	-0.567342	18.207680	-0.025039	1.346158
147.515014	0.437646	18.212685	-0.023932	1.346149
153.966017	-0.732893	18.217690	-0.025119	1.346048
147.754979	0.168449	18.222695	-0.023975	1.345875
149.943319	-0.205159	18.227699	-0.024378	1.345869
150.188412	-0.336045	18.232704	-0.024423	1.345762
146.401605	0.139266	18.237709	-0.023725	1.345567
150.506060	-0.548214	18.242714	-0.024481	1.345572
144.627172	0.263326	18.247719	-0.023398	1.345358
148.531391	-0.346402	18.252723	-0.024117	1.345415
147.004809	-0.242206	18.257728	-0.023835	1.345232
144.258828	0.036468	18.262733	-0.023330	1.345012
147.746254	-0.363145	18.267738	-0.023971	1.345236
143.320134	-0.050038	18.272743	-0.023156	1.344719
145.412832	-0.201184	18.277747	-0.023541	1.344960
143.584840	0.009769	18.282752	-0.023204	1.344844
144.126546	-0.360254	18.287757	-0.023304	1.344510
142.910583	0.014451	18.292762	-0.023080	1.344713
141.931179	-0.138595	18.297767	-0.022899	1.344333
143.544374	-0.247439	18.302771	-0.023196	1.344527
140.554504	-0.144638	18.307776	-0.022645	1.344048
141.620922	-0.201237	18.312781	-0.022841	1.344194
139.703566	0.092484	18.317786	-0.022488	1.344159
141.523325	-0.485653	18.322791	-0.022823	1.343834
137.798142	0.339246	18.327795	-0.022137	1.344070
140.785391	-0.429033	18.332800	-0.022686	1.343753
138.425125	-0.109603	18.337805	-0.022251	1.343659
137.896789	-0.030687	18.342810	-0.022154	1.343647
137.953035	-0.254721	18.347815	-0.022164	1.343390
136.450937	0.153833	18.352819	-0.021887	1.343575
138.078960	-0.476023	18.357824	-0.022186	1.343150
134.973116	0.096401	18.362829	-0.021615	1.343208
136.292644	-0.192626	18.367834	-0.021857	1.343128
135.510135	-0.158783	18.372839	-0.021713	1.343011
133.394909	0.022819	18.377843	-0.021323	1.342801
136.302409	-0.356668	18.382848	-0.021858	1.342933
131.726228	0.059688	18.387853	-0.021015	1.342508
135.326042	-0.437018	18.392858	-0.021678	1.342639
131.359909	0.043102	18.397863	-0.020947	1.342414
131.985788	-0.058628	18.402867	-0.021062	1.342418
133.977281	-0.458253	18.407872	-0.021429	1.342341
128.765703	0.131206	18.412877	-0.020469	1.341995
132.557477	-0.216890	18.417882	-0.021167	1.342343
129.533508	-0.111636	18.422887	-0.020610	1.341859
130.368580	-0.155459	18.427891	-0.020763	1.341974
129.019402	-0.044642	18.432896	-0.020514	1.341835
128.898545	-0.214793	18.437901	-0.020492	1.341606
128.814499	-0.058284	18.442906	-0.020476	1.341776
127.516226	-0.242312	18.447911	-0.020237	1.341293
127.041899	0.030599	18.452915	-0.020149	1.341524
127.472570	-0.241041	18.457920	-0.020228	1.341285
126.123723	-0.085659	18.462925	-0.019980	1.341199
125.710512	-0.017111	18.467930	-0.019903	1.341197
126.419706	-0.330562	18.472935	-0.020034	1.340965
124.122156	-0.003157	18.477939	-0.019610	1.340893
124.878603	-0.122099	18.482944	-0.019749	1.340903
123.850745	-0.222408	18.487949	-0.019560	1.340574
123.501445	-0.141328	18.492954	-0.019495	1.340601
123.199729	-0.285221	18.497959	-0.019439	1.340367
121.326067	0.159880	18.502963	-0.019094	1.340522
123.828057	-0.390825	18.507968	-0.019555	1.340367
120.391665	-0.142551	18.512973	-0.018921	1.339970
120.736306	0.046636	18.517978	-0.018985	1.340266
121.663459	-0.335412	18.522983	-0.019155	1.339995
119.639547	-0.039077	18.527987	-0.018782	1.339941
120.003502	-0.231195	18.532992	-0.018849	1.339784
118.293329	-0.054833	18.537997	-0.018534	1.339649
118.620617	-0.112778	18.543002	-0.018594	1.339646
118.805634	-0.249087	18.548007	-0.018628	1.339519
115.552774	0.177468	18.553011	-0.018028	1.339373
118.908280	-0.234233	18.558016	-0.018646	1.339557
115.488364	-0.050321	18.563021	-0.018016	1.339086
116.721194	-0.096074	18.568026	-0.018243	1.339280
115.599997	-0.129155	18.573031	-0.018036	1.339013
115.438570	-0.229363	18.578035	-0.018006	1.338860
113.799722	0.115996	18.583040	-0.017704	1.338942
115.075609	-0.402182	18.588045	-0.017939	1.338578
112.806829	0.219595	18.593050	-0.017521	1.338865
113.988779	-0.331318	18.598055	-0.017738	1.338443
112.077124	0.045990	18.603059	-0.017386	1.338508
112.154304	-0.058919	18.608064	-0.017400	1.338398
112.931449	-0.380804	18.613069	-0.017542	1.338168
109.435388	0.278676	18.618074	-0.016899	1.338252
112.557387	-0.476161	18.623079	-0.017473	1.337977
108.698322	0.134397	18.628083	-0.016762	1.337929
110.628374	-0.218570	18.633088	-0.017117	1.337895
109.567975	-0.190334	18.638093	-0.016922	1.337714
107.372454	0.020743	18.643098	-0.016517	1.337523
110.108679	-0.314826	18.648103	-0.017021	1.337674
105.777974	0.110358	18.653107	-0.016223	1.337307
108.819701	-0.313231	18.658112	-0.016783	1.337414
106.373638	-0.070113	18.663117	-0.016332	1.337210
106.078368	-0.022128	18.668122	-0.016278	1.337207
107.227940	-0.312163	18.673127	-0.016489	1.337091
103.360980	0.059870	18.678131	-0.015777	1.336754
106.537286	-0.198531	18.683136	-0.016362	1.337088
103.679505	-0.149593	18.688141	-0.015835	1.336566
103.210152	-0.070303	18.693146	-0.015748	1.336566
103.957475	-0.049714	18.698151	-0.015886	1.336743
102.366300	-0.158765	18.703155	-0.015592	1.336288
103.542953	-0.104054	18.708160	-0.015809	1.336593
101.147626	-0.210541	18.713165	-0.015367	1.335978
101.076307	0.032880	18.718170	-0.015354	1.336256
101.418950	-0.051462	18.723175	-0.015417	1.336224
100.564151	-0.341281	18.728179	-0.015259	1.335701
99.085135	0.233722	18.733184	-0.014987	1.336093
100.337345	-0.350694	18.738189	-0.015217	1.335643
98.627338	-0.087320	18.743194	-0.014902	1.335613
97.641644	0.077044	18.748199	-0.014720	1.335610
99.013834	-0.312380	18.753203	-0.014972	1.335420
96.398605	0.229878	18.758208	-0.014491	1.335541
98.356584	-0.411150	18.763213	-0.014851	1.335167
95.488859	0.127883	18.768218	-0.014323	1.335233
96.595886	-0.214060	18.773223	-0.014526	1.335046
96.328352	-0.318857	18.778227	-0.014477	1.334865
92.970489	0.233679	18.783232	-0.013858	1.334848
96.918127	-0.511280	18.788237	-0.014585	1.334752
91.440595	0.328957	18.793242	-0.013576	1.334651
96.149723	-0.495420	18.798247	-0.014443	1.334615
91.556771	0.075308	18.803251	-0.013597	1.334369
92.034035	0.003117	18.808256	-0.013684	1.334379
93.691432	-0.358678	18.813261	-0.013989	1.334279
89.379765	0.271868	18.818266	-0.013195	1.334162
93.623308	-0.434402	18.823271	-0.013976	1.334173
89.033251	0.026285	18.828275	-0.013131	1.333795
89.900726	0.108015	18.833280	-0.013290	1.334070
91.142078	-0.342707	18.838285	-0.013518	1.333778
87.251032	0.120072	18.843290	-0.012802	1.333545
89.654827	-0.122866	18.848295	-0.013244	1.333741
88.624199	-0.199937	18.853299	-0.013054	1.333438
87.190017	0.042841	18.858304	-0.012790	1.333438
88.149214	-0.301712	18.863309	-0.012966	1.333218
85.320011	0.095430	18.868314	-0.012445	1.333121
86.466409	-0.097415	18.873319	-0.012656	1.333121
86.656565	-0.298815	18.878323	-0.012690	1.332916
83.015778	0.331079	18.883328	-0.012020	1.332935
87.324275	-0.440377	18.888333	-0.012813	1.332881
82.375027	0.139470	18.893338	-0.011901	1.332573
84.958001	-0.196449	18.898343	-0.012377	1.332693
83.191452	-0.056323	18.903347	-0.012051	1.332502
81.996131	-0.048843	18.908352	-0.011831	1.332267
83.339714	-0.127634	18.913357	-0.012078	1.332446
80.709230	-0.050463	18.918362	-0.011593	1.332003
82.235494	-0.128065	18.923367	-0.011874	1.332220
80.480674	-0.090869	18.928371	-0.011551	1.331907
80.135140	-0.025255	18.933376	-0.011487	1.331915
80.647604	-0.168925	18.938381	-0.011581	1.331846
78.573591	-0.167473	18.943386	-0.011199	1.331424
78.802089	0.101329	18.948391	-0.011241	1.331796
78.687118	-0.259422	18.953395	-0.011219	1.331336
78.013916	-0.051614	18.958400	-0.011095	1.331450
76.854414	0.001605	18.963405	-0.010881	1.331277
77.526921	-0.268781	18.968410	-0.011005	1.331087
75.181419	0.222652	18.973415	-0.010573	1.331203
77.517450	-0.481825	18.978419	-0.011002	1.330827
73.599139	0.259941	18.983424	-0.010281	1.330924
75.872155	-0.244962	18.988429	-0.010699	1.330777
73.950285	-0.025586	18.993434	-0.010345	1.330650
73.277466	0.198048	18.998439	-0.010221	1.330783
76.059344	-0.627827	19.003443	-0.010732	1.330352
70.046943	0.413110	19.008448	-0.009625	1.330383
74.706959	-0.429908	19.013453	-0.010483	1.330314
70.708554	0.108386	19.018458	-0.009746	1.330149
71.533194	-0.081959	19.023463	-0.009898	1.330087
71.786948	-0.173904	19.028467	-0.009944	1.330027
69.184527	0.072072	19.033472	-0.009465	1.329793
71.345029	-0.149079	19.038477	-0.009863	1.329967
68.987100	-0.157353	19.043482	-0.009428	1.329475
68.928729	0.071776	19.048487	-0.009417	1.329740
68.694209	-0.142501	19.053491	-0.009374	1.329432
68.114017	-0.063649	19.058496	-0.009267	1.329409
67.870681	-0.051441	19.063501	-0.009222	1.329374
66.695895	-0.083372	19.068506	-0.009005	1.329095
66.165311	0.011670	19.073511	-0.008907	1.329101
66.720072	-0.095209	19.078515	-0.009009	1.329085
64.663476	-0.003959	19.083520	-0.008630	1.328775
66.104859	-0.028524	19.088525	-0.008895	1.329039
64.458219	-0.184685	19.093530	-0.008591	1.328513
63.790772	0.120712	19.098535	-0.008469	1.328746
64.094628	-0.157866	19.103539	-0.008524	1.328471
63.106499	-0.077244	19.108544	-0.008342	1.328366
61.877175	0.165745	19.113549	-0.008115	1.328409
63.803411	-0.452984	19.118554	-0.008470	1.328053
59.464087	0.452068	19.123559	-0.007671	1.328262
63.295710	-0.480693	19.128563	-0.008376	1.327915
59.197665	0.254222	19.133568	-0.007621	1.327967
59.959173	0.026767	19.138573	-0.007761	1.327847
61.331744	-0.304340	19.143578	-0.008013	1.327726
57.217373	0.306936	19.148583	-0.007255	1.327625
60.846269	-0.327204	19.153587	-0.007923	1.327598
56.545900	0.230035	19.158592	-0.007131	1.327393
58.726437	-0.112920	19.163597	-0.007532	1.327424
57.620719	-0.037380	19.168602	-0.007329	1.327289
55.568877	0.071483	19.173607	-0.006951	1.327000
58.258757	-0.234278	19.178611	-0.007446	1.327180
53.822103	0.126432	19.183616	-0.006628	1.326708
56.553004	-0.168812	19.188621	-0.007131	1.326909
54.371228	-0.021144	19.193626	-0.006729	1.326641
54.148749	0.014955	19.198631	-0.006688	1.326639
55.077252	-0.240537	19.203635	-0.006858	1.326519
51.775299	0.078394	19.208640	-0.006250	1.326229
53.626841	-0.042839	19.213645	-0.006591	1.326461
52.147639	-0.131298	19.218650	-0.006318	1.326051
51.351119	0.183235	19.223655	-0.006171	1.326269
52.581740	-0.280963	19.228659	-0.006397	1.325957
50.028791	-0.065271	19.233664	-0.005927	1.325696
49.834571	0.218990	19.238669	-0.005891	1.326001
51.768292	-0.457282	19.243674	-0.006247	1.325576
47.560629	0.212210	19.248679	-0.005472	1.325526
49.938001	-0.120858	19.253683	-0.005909	1.325608
48.602924	-0.177825	19.258688	-0.005663	1.325265
47.267434	0.141328	19.263693	-0.005417	1.325379
48.589436	-0.275187	19.268698	-0.005660	1.325143
46.019437	0.101538	19.273703	-0.005187	1.325074
46.638462	-0.010923	19.278707	-0.005301	1.325064
46.653020	-0.234761	19.283712	-0.005303	1.324794
44.487316	0.107824	19.288717	-0.004904	1.324766
45.624881	-0.186565	19.293722	-0.005113	1.324641
43.512095	0.054148	19.298727	-0.004724	1.324500
44.712726	0.021356	19.303731	-0.004945	1.324706
43.277160	-0.116328	19.308736	-0.004680	1.324244
42.987244	0.093092	19.313741	-0.004626	1.324439
42.632494	-0.085396	19.318746	-0.004561	1.324149
42.003630	0.009074	19.323751	-0.004445	1.324134
41.778777	0.037824	19.328755	-0.004403	1.324123
41.850256	-0.356714	19.333760	-0.004416	1.323657
39.021141	0.227538	19.338765	-0.003895	1.323786
40.959724	-0.144004	19.343770	-0.004251	1.323732
39.446126	-0.074382	19.348775	-0.003972	1.323506
38.823798	0.032786	19.353779	-0.003858	1.323508
39.131708	-0.114487	19.358784	-0.003914	1.323392
36.905130	0.228207	19.363789	-0.003504	1.323351
40.111109	-0.417002	19.368794	-0.004094	1.323224
34.493737	0.367051	19.373799	-0.003059	1.323024
38.421270	-0.267503	19.378803	-0.003782	1.323059
36.603911	-0.144853	19.383808	-0.003447	1.322834
33.527920	0.244630	19.388813	-0.002881	1.322675
37.396541	-0.307967	19.393818	-0.003593	1.322798
32.935743	0.188974	19.398823	-0.002771	1.322485
35.020324	-0.098614	19.403827	-0.003155	1.322563
34.196368	-0.015437	19.408832	-0.003003	1.322495
32.186871	0.170979	19.413837	-0.002632	1.322308
34.558046	-0.299636	19.418842	-0.003069	1.322223
30.733316	0.157807	19.423847	-0.002364	1.321993
31.588994	0.007152	19.428851	-0.002522	1.321985
32.227461	-0.108223	19.433856	-0.002639	1.321976
29.417920	0.158729	19.438861	-0.002121	1.321722
32.213847	-0.204703	19.443866	-0.002636	1.321855
28.096989	0.150508	19.448871	-0.001877	1.321440
29.902382	0.005056	19.453875	-0.002210	1.321634
28.989965	-0.065326	19.458880	-0.002041	1.321360
28.197255	0.068597	19.463885	-0.001895	1.321360
28.673879	-0.167625	19.468890	-0.001983	1.321170
26.710392	0.069989	19.473895	-0.001621	1.321055
26.668029	0.063343	19.478899	-0.001613	1.321038
27.636089	-0.260397	19.483904	-0.001791	1.320842
24.389418	0.190693	19.488909	-0.001193	1.320723
25.740335	-0.038965	19.493914	-0.001441	1.320721
25.180365	-0.024894	19.498919	-0.001338	1.320622
22.942285	0.261734	19.503923	-0.000925	1.320510
26.255563	-0.334680	19.508928	-0.001535	1.320465
21.208604	0.323071	19.513933	-0.000606	1.320227
25.119756	-0.377810	19.518938	-0.001325	1.320178
20.630261	0.247023	19.523943	-0.000499	1.320015
22.549172	-0.116782	19.528947	-0.000852	1.319966
22.272752	-0.080099	19.533952	-0.000801	1.319954
19.131186	0.161797	19.538957	-0.000222	1.319601
22.479632	-0.130607	19.543962	-0.000838	1.319934
18.252626	0.142768	19.548967	-0.000059	1.319396
20.871373	-0.105488	19.553971	-0.000541	1.319633
17.944887	0.180171	19.558976	-0.000002	1.319377
19.277062	-0.154922	19.563981	-0.000247	1.319243
17.836209	0.131992	19.568986	0.000018	1.319296
17.315204	-0.090395	19.573991	0.000115	1.318916
17.314723	0.092483	19.578995	0.000115	1.319139
16.857471	-0.160114	19.584000	0.000199	1.318736
15.579206	0.155531	19.589005	0.000435	1.318857
15.726023	0.094082	19.594010	0.000408	1.318812
15.565778	-0.249534	19.599015	0.000438	1.318359
13.439469	0.235628	19.604019	0.000830	1.318513
15.008458	-0.167385	19.609024	0.000541	1.318344
13.111201	0.057969	19.614029	0.000891	1.318227
13.125175	0.050970	19.619034	0.000888	1.318221
13.281691	-0.143088	19.624039	0.000860	1.318016
10.826574	0.220677	19.629043	0.001312	1.317953
13.452491	-0.271413	19.634048	0.000829	1.317894
9.871632	0.105644	19.639053	0.001489	1.317615
10.608018	0.178281	19.644058	0.001353	1.317855
11.277456	-0.205383	19.649063	0.001230	1.317524
8.693090	0.102884	19.654067	0.001706	1.317367
9.656872	0.103168	19.659072	0.001529	1.317566
9.025990	-0.131106	19.664077	0.001646	1.317149
8.156219	0.118406	19.669082	0.001806	1.317274
7.683011	-0.121381	19.674087	0.001893	1.316882
6.793956	0.153755	19.679091	0.002057	1.317035
6.982963	-0.059970	19.684096	0.002023	1.316812
6.073372	0.024342	19.689101	0.002191	1.316727
5.732305	0.076523	19.694106	0.002254	1.316720
5.681935	-0.086244	19.699111	0.002263	1.316510
4.068595	0.094086	19.704115	0.002560	1.316397
4.518243	0.024295	19.709120	0.002478	1.316404
4.386201	-0.024625	19.714125	0.002503	1.316317
3.039792	0.026429	19.719130	0.002751	1.316100
3.395851	-0.076295	19.724135	0.002685	1.316048
0.662886	0.337862	19.729139	0.003189	1.315989
4.082409	-0.301888	19.734144	0.002560	1.315913
-0.190994	0.177275	19.739149	0.003347	1.315615
1.583836	-0.078107	19.744154	0.003020	1.315669
0.044844	0.014722	19.749159	0.003304	1.315464
