Thu Sep 25 11:23:21 2025

Number of Points = 3589
Depth (nm)	Load (µN)	Time (s)	Depth (V)	Load (V)
-0.250589	2.395203	0.000000	0.002374	1.317894

-0.191026	2.472462	0.005005	0.002363	1.318000
0.029190	2.617840	0.010010	0.002323	1.318223
0.478623	2.537956	0.015014	0.002241	1.318218
1.158173	2.373311	0.020019	0.002116	1.318157
0.298125	2.323293	0.025024	0.002275	1.317918
-0.472083	2.456911	0.030029	0.002417	1.317922
0.058792	2.564378	0.035034	0.002319	1.318162
0.744825	2.250770	0.040038	0.002193	1.317921
0.282251	2.195699	0.045043	0.002279	1.317757
0.034867	2.110155	0.050048	0.002325	1.317601
0.553217	1.967583	0.055053	0.002230	1.317534
0.105873	1.909147	0.060058	0.002312	1.317369
-0.220916	1.774978	0.065062	0.002373	1.317137
0.239904	1.597036	0.070067	0.002289	1.317015
-0.168866	1.422114	0.075072	0.002364	1.316716
-0.611294	1.415575	0.080077	0.002446	1.316616
-0.255659	1.178796	0.085082	0.002381	1.316400
0.262770	0.883160	0.090086	0.002286	1.316145
-0.334750	0.694263	0.095091	0.002397	1.315790
-1.190487	0.625357	0.100096	0.002555	1.315527
-1.197988	0.574450	0.105101	0.002556	1.315463
-1.605934	0.645475	0.110106	0.002632	1.315465
-1.430819	0.374216	0.115110	0.002600	1.315169
-0.915594	0.214028	0.120115	0.002505	1.315079
-0.903903	-0.038856	0.125120	0.002504	1.314772
-1.408460	-0.155650	0.130125	0.002597	1.314524
-1.471660	-0.393576	0.135130	0.002609	1.314219
-1.875181	-0.500454	0.140134	0.002684	1.314003
-4.781158	0.010651	0.145139	0.003219	1.314026
-4.114189	0.262323	0.150144	0.003096	1.314473
-2.113989	-0.034089	0.155149	0.002729	1.314524
-2.838314	-0.166413	0.160154	0.002862	1.314212
-4.238183	0.194506	0.165158	0.003120	1.314363
-3.835315	0.258160	0.170163	0.003046	1.314524
-2.347831	-0.078307	0.175168	0.002773	1.314420
-4.296822	0.089010	0.180173	0.003132	1.314220
-4.105872	0.252549	0.185178	0.003097	1.314460
-4.008159	0.068656	0.190182	0.003080	1.314255
-3.874037	0.025978	0.195187	0.003055	1.314230
-3.041028	-0.125891	0.200192	0.002902	1.314216
-5.691921	0.171097	0.205197	0.003391	1.314030
-4.822429	0.391394	0.210202	0.003231	1.314480
-4.180065	0.135130	0.215206	0.003113	1.314299
-3.414058	-0.072644	0.220211	0.002972	1.314203
-5.448640	0.040636	0.225216	0.003347	1.313919
-5.117304	0.231803	0.230221	0.003286	1.314222
-4.889059	0.191335	0.235226	0.003245	1.314219
-4.468294	-0.076973	0.240230	0.003168	1.313977
-6.903222	0.366454	0.245235	0.003616	1.314015
-4.332028	0.002723	0.250240	0.003143	1.314102
-6.208614	0.250282	0.255245	0.003489	1.314016
-4.076453	-0.143838	0.260250	0.003097	1.313975
-6.906220	0.217165	0.265254	0.003618	1.313830
-4.978753	-0.071495	0.270259	0.003263	1.313876
-7.446286	0.269996	0.275264	0.003718	1.313782
-5.326984	0.008177	0.280269	0.003328	1.313900
-6.015025	0.106341	0.285274	0.003455	1.313878
-6.731184	0.000031	0.290278	0.003587	1.313598
-7.388221	0.414105	0.295283	0.003709	1.313969
-6.360906	0.023953	0.300288	0.003520	1.313704
-6.826406	0.270825	0.305293	0.003606	1.313909
-6.412550	-0.000143	0.310298	0.003530	1.313663
-7.587395	0.144579	0.315302	0.003747	1.313596
-7.351294	0.339579	0.320307	0.003703	1.313884
-4.973456	-0.395204	0.325312	0.003266	1.313476
-10.827193	0.702063	0.330317	0.004344	1.313606
-5.458005	-0.104417	0.335322	0.003356	1.313731
-8.231748	0.254900	0.340326	0.003867	1.313596
-8.461306	0.304762	0.345331	0.003909	1.313609
-5.613460	-0.291283	0.350336	0.003386	1.313469
-10.399340	0.433120	0.355341	0.004267	1.313363
-6.983421	0.023747	0.360346	0.003638	1.313570
-9.546722	0.286357	0.365350	0.004111	1.313359
-7.763681	0.178499	0.370355	0.003783	1.313597
-8.225667	0.019018	0.375360	0.003868	1.313305
-9.360652	0.373501	0.380365	0.004077	1.313504
-8.034509	0.015089	0.385370	0.003833	1.313339
-9.631305	0.233211	0.390374	0.004128	1.313275
-9.811095	0.397392	0.395379	0.004161	1.313438
-6.823886	-0.149512	0.400384	0.003612	1.313388
-12.786506	0.719757	0.405389	0.004710	1.313215
-6.747901	-0.076652	0.410394	0.003598	1.313492
-9.446525	0.200682	0.415398	0.004095	1.313271
-10.590569	0.168504	0.420403	0.004306	1.312994
-9.654343	0.359717	0.425408	0.004134	1.313423
-10.350807	0.161169	0.430413	0.004263	1.313034
-9.023368	0.201368	0.435418	0.004019	1.313359
-11.162707	0.172803	0.440422	0.004413	1.312879
-9.570515	0.217432	0.445427	0.004120	1.313264
-11.460575	0.311236	0.450432	0.004468	1.312986
-9.597733	0.179669	0.455437	0.004126	1.313211
-12.065044	0.475650	0.460442	0.004580	1.313061
-8.372113	-0.177564	0.465446	0.003901	1.313027
-13.804264	0.707905	0.470451	0.004901	1.312984
-7.449657	-0.415238	0.475456	0.003732	1.312926
-14.624997	0.774415	0.480461	0.005053	1.312895
-8.906736	-0.188724	0.485466	0.004001	1.312901
-13.629518	0.674243	0.490470	0.004870	1.312978
-10.401956	0.024852	0.495475	0.004276	1.312851
-11.272476	0.253632	0.500480	0.004437	1.312951
-12.862141	0.292619	0.505485	0.004730	1.312668
-10.986513	0.205962	0.510490	0.004385	1.312951
-13.122988	0.337825	0.515494	0.004779	1.312669
-11.621567	0.307426	0.520499	0.004503	1.312943
-12.883837	0.310548	0.525504	0.004735	1.312684
-11.563050	0.175964	0.530509	0.004492	1.312793
-13.339150	0.374449	0.535514	0.004820	1.312667
-11.727158	0.003558	0.540518	0.004523	1.312547
-14.670040	0.739679	0.545523	0.005065	1.312838
-10.392767	-0.200147	0.550528	0.004278	1.312573
-15.092729	0.592513	0.555533	0.005144	1.312569
-13.173402	0.347497	0.560538	0.004791	1.312667
-11.526268	-0.010905	0.565542	0.004488	1.312569
-15.958933	0.680715	0.570547	0.005304	1.312496
-11.876090	0.067561	0.575552	0.004553	1.312592
-14.753448	0.505007	0.580557	0.005083	1.312530
-12.637952	0.134106	0.585562	0.004694	1.312514
-14.095449	0.283996	0.590566	0.004963	1.312395
-14.869730	0.420719	0.595571	0.005105	1.312401
-13.267815	0.185580	0.600576	0.004811	1.312446
-15.085932	0.457156	0.605581	0.005146	1.312400
-14.348432	0.333534	0.610586	0.005010	1.312402
-13.600783	0.143341	0.615590	0.004873	1.312323
-16.196139	0.503675	0.620595	0.005351	1.312226
-12.718987	-0.039849	0.625600	0.004711	1.312281
-17.028826	0.580467	0.630605	0.005505	1.312146
-13.277196	0.059990	0.635610	0.004815	1.312287
-16.011678	0.346574	0.640614	0.005319	1.312070
-16.012851	0.346107	0.645619	0.005319	1.312069
-14.015705	0.196126	0.650624	0.004952	1.312299
-17.390004	0.398012	0.655629	0.005573	1.311845
-14.981683	0.410306	0.660634	0.005130	1.312361
-15.831696	0.213224	0.665638	0.005287	1.311942
-15.884836	0.326117	0.670643	0.005297	1.312069
-16.217541	0.377808	0.675648	0.005359	1.312063
-15.739535	0.129773	0.680653	0.005271	1.311857
-17.673559	0.703470	0.685658	0.005627	1.312159
-14.446009	-0.088395	0.690662	0.005034	1.311858
-18.218284	0.637041	0.695667	0.005728	1.311963
-16.143493	0.186774	0.700672	0.005347	1.311842
-16.610009	0.338734	0.705677	0.005433	1.311931
-18.394503	0.579610	0.710682	0.005762	1.311855
-14.560798	-0.052827	0.715686	0.005056	1.311876
-20.078929	0.758463	0.720691	0.006073	1.311724
-14.448791	-0.109485	0.725696	0.005036	1.311829
-19.802626	0.649709	0.730701	0.006022	1.311647
-16.274420	0.180849	0.735706	0.005373	1.311805
-17.326641	0.302703	0.740710	0.005567	1.311735
-19.690751	0.537208	0.745715	0.006003	1.311531
-15.455326	-0.008328	0.750720	0.005223	1.311742
-20.511111	0.602242	0.755725	0.006154	1.311439
-17.543461	0.363337	0.760730	0.005608	1.311763
-17.327076	0.255480	0.765734	0.005569	1.311675
-19.570933	0.343905	0.770739	0.005982	1.311317
-17.357983	0.248902	0.775744	0.005575	1.311660
-20.106855	0.377535	0.780749	0.006082	1.311246
-18.516887	0.457115	0.785754	0.005789	1.311674
-19.012775	0.349155	0.790758	0.005881	1.311438
-18.277938	0.206340	0.795763	0.005746	1.311415
-19.417343	0.371641	0.800768	0.005956	1.311381
-19.168831	0.143079	0.805773	0.005911	1.311151
-21.243018	0.807864	0.810778	0.006293	1.311536
-17.599937	-0.028511	0.815782	0.005622	1.311266
-20.821444	0.542254	0.820787	0.006216	1.311296
-19.339753	0.226861	0.825792	0.005943	1.311217
-19.959004	0.256032	0.830797	0.006058	1.311124
-21.477686	0.647054	0.835802	0.006338	1.311288
-17.765350	-0.024582	0.840806	0.005654	1.311235
-23.033027	0.713167	0.845811	0.006625	1.311044
-18.418710	0.136039	0.850816	0.005775	1.311295
-21.637351	0.433154	0.855821	0.006368	1.310990
-21.419506	0.512881	0.860826	0.006328	1.311133
-19.900050	0.254097	0.865830	0.006049	1.311131
-21.212710	0.452256	0.870835	0.006291	1.311101
-20.596489	0.364151	0.875840	0.006178	1.311121
-21.190298	0.213569	0.880845	0.006288	1.310811
-22.399792	0.608827	0.885850	0.006511	1.311045
-20.668522	0.228042	0.890854	0.006192	1.310937
-22.693878	0.649384	0.895859	0.006565	1.311033
-20.055365	0.106322	0.900864	0.006080	1.310915
-21.746985	0.305072	0.905869	0.006392	1.310806
-23.808578	0.616229	0.910874	0.006772	1.310759
-19.602900	0.016687	0.915878	0.005998	1.310898
-24.555365	0.599665	0.920883	0.006910	1.310582
-21.462861	0.259866	0.925888	0.006341	1.310808
-21.900833	0.298927	0.930893	0.006422	1.310765
-24.764253	0.649569	0.935898	0.006949	1.310599
-19.658072	0.009633	0.940902	0.006009	1.310876
-25.891731	0.678551	0.945907	0.007157	1.310399
-21.549436	0.234451	0.950912	0.006358	1.310757
-23.587033	0.457872	0.955917	0.006734	1.310607
-23.183075	0.321478	0.960922	0.006660	1.310523
-22.395408	0.321947	0.965926	0.006515	1.310688
-24.308859	0.300673	0.970931	0.006868	1.310263
-22.959386	0.396681	0.975936	0.006619	1.310661
-24.180118	0.268902	0.980941	0.006845	1.310250
-24.084925	0.460166	0.985946	0.006827	1.310504
-23.779564	0.399704	0.990950	0.006771	1.310493
-24.155135	0.255507	0.995955	0.006841	1.310237
-23.916932	0.321637	1.000960	0.006797	1.310368

-24.225523	0.452096	1.010957	0.006855	1.310463
-24.800720	0.469606	1.020954	0.006961	1.310364
-23.892726	0.316912	1.030950	0.006795	1.310365
-23.338466	0.329208	1.040947	0.006693	1.310495
-23.365315	0.257494	1.050944	0.006699	1.310400
-24.171017	0.505994	1.060941	0.006848	1.310537
-24.313299	0.447226	1.070938	0.006875	1.310435
-23.788132	0.405792	1.080934	0.006779	1.310493
-22.973954	0.259652	1.090931	0.006629	1.310482
-23.681768	0.387779	1.100928	0.006760	1.310491
-23.846996	0.415141	1.110925	0.006791	1.310490
-23.591256	0.392472	1.120922	0.006745	1.310514
-23.441576	0.350464	1.130918	0.006718	1.310493
-22.827818	0.337246	1.140915	0.006606	1.310604
-22.789217	0.242359	1.150912	0.006599	1.310495
-23.896721	0.521151	1.160909	0.006804	1.310606
-23.266908	0.435742	1.170906	0.006688	1.310632
-23.014698	0.255150	1.180902	0.006643	1.310461
-22.809825	0.359389	1.190899	0.006605	1.310631
-22.076967	0.283857	1.200896	0.006471	1.310691
-23.707623	0.475721	1.210893	0.006772	1.310586
-23.495378	0.446820	1.220890	0.006733	1.310594
-22.214503	0.281362	1.230886	0.006498	1.310657
-22.079812	0.297704	1.240883	0.006474	1.310704
-22.771171	0.424504	1.250880	0.006602	1.310715
-23.219002	0.474509	1.260877	0.006685	1.310683
-22.322623	0.296136	1.270874	0.006521	1.310650
-22.364891	0.370430	1.280870	0.006529	1.310731
-21.873995	0.335961	1.290867	0.006439	1.310790
-22.372203	0.392019	1.300864	0.006532	1.310755
-22.329903	0.376211	1.310861	0.006524	1.310744
-22.390276	0.363875	1.320858	0.006536	1.310715
-22.282237	0.425931	1.330854	0.006517	1.310813
-21.656752	0.317166	1.340851	0.006402	1.310809
-22.034195	0.436874	1.350848	0.006472	1.310877
-22.492247	0.465210	1.360845	0.006557	1.310816
-21.724816	0.340089	1.370842	0.006417	1.310821
-21.004478	0.235027	1.380838	0.006285	1.310841
-21.985071	0.466714	1.390835	0.006466	1.310921
-22.491192	0.513937	1.400832	0.006560	1.310873
-21.891244	0.366394	1.410829	0.006450	1.310816
-21.004880	0.214320	1.420826	0.006287	1.310813
-20.575833	0.256652	1.430822	0.006209	1.310953
-21.758072	0.425159	1.440819	0.006427	1.310914
-21.610454	0.419610	1.450816	0.006401	1.310937
-22.069742	0.429968	1.460813	0.006486	1.310853
-21.262272	0.434322	1.470810	0.006338	1.311026
-20.449657	0.221623	1.480806	0.006189	1.310933
-21.238733	0.425636	1.490803	0.006335	1.311019
-21.084030	0.399812	1.500800	0.006307	1.311019
-21.102234	0.403281	1.510797	0.006311	1.311018
-20.861240	0.320935	1.520794	0.006267	1.310967
-20.738683	0.336482	1.530790	0.006245	1.311011
-20.840173	0.448810	1.540787	0.006264	1.311127
-21.175490	0.457993	1.550784	0.006327	1.311068
-20.928596	0.441541	1.560781	0.006282	1.311098
-19.453456	0.176495	1.570778	0.006011	1.311079
-20.284948	0.343822	1.580774	0.006165	1.311111
-21.241930	0.522361	1.590771	0.006341	1.311130
-21.046154	0.448499	1.600768	0.006306	1.311079
-20.513822	0.410334	1.610765	0.006209	1.311142
-19.880463	0.325994	1.620762	0.006093	1.311170
-20.040188	0.434908	1.630758	0.006123	1.311270
-20.081492	0.373414	1.640755	0.006131	1.311185
-20.106482	0.381976	1.650752	0.006136	1.311190
-20.266496	0.364636	1.660749	0.006166	1.311134
-19.801571	0.417839	1.670746	0.006081	1.311296
-20.231063	0.432792	1.680742	0.006161	1.311224
-20.449539	0.546129	1.690739	0.006202	1.311317
-19.569781	0.384178	1.700736	0.006040	1.311300
-19.161179	0.336393	1.710733	0.005966	1.311326
-19.021992	0.267086	1.720730	0.005941	1.311269
-19.893676	0.400710	1.730726	0.006102	1.311251
-20.031027	0.518750	1.740723	0.006128	1.311367
-19.903110	0.405813	1.750720	0.006105	1.311254
-19.069710	0.295855	1.760717	0.005952	1.311292
-19.020981	0.299942	1.770714	0.005944	1.311306
-19.718595	0.495474	1.780710	0.006073	1.311401
-19.643136	0.441605	1.790707	0.006060	1.311349
-19.266412	0.384020	1.800704	0.005991	1.311356
-18.203506	0.299050	1.810701	0.005796	1.311473
-18.847408	0.293261	1.820698	0.005915	1.311331
-19.172628	0.459165	1.830694	0.005975	1.311466
-19.527730	0.467295	1.840691	0.006041	1.311401
-18.664568	0.356053	1.850688	0.005883	1.311444
-18.758691	0.373211	1.860685	0.005901	1.311445
-19.044370	0.421357	1.870682	0.005954	1.311444
-18.287309	0.439103	1.880678	0.005815	1.311622
-19.250600	0.495931	1.890675	0.005993	1.311491
-18.301823	0.370190	1.900672	0.005819	1.311533
-18.427473	0.417626	1.910669	0.005843	1.311564
-18.090804	0.351306	1.920666	0.005782	1.311552
-18.296793	0.396703	1.930662	0.005820	1.311565
-18.457958	0.403779	1.940659	0.005851	1.311539
-18.469274	0.344058	1.950656	0.005853	1.311463
-17.702579	0.333138	1.960653	0.005713	1.311608
-18.231737	0.388685	1.970650	0.005811	1.311565
-18.285985	0.488282	1.980646	0.005821	1.311676
-18.374356	0.424113	1.990643	0.005838	1.311578
-17.615331	0.311054	2.000640	0.005699	1.311596
-17.562570	0.367522	2.010637	0.005690	1.311676
-18.057321	0.489641	2.020634	0.005782	1.311722
-18.164164	0.435660	2.030630	0.005802	1.311633
-17.662945	0.418447	2.040627	0.005710	1.311715
-16.735856	0.275076	2.050624	0.005540	1.311731
-17.502381	0.319614	2.060621	0.005682	1.311626
-17.612998	0.442700	2.070618	0.005703	1.311753
-17.979175	0.531077	2.080614	0.005771	1.311785
-17.715793	0.418636	2.090611	0.005723	1.311701
-17.084163	0.330216	2.100608	0.005608	1.311723
-16.868655	0.407990	2.110605	0.005569	1.311863
-16.874050	0.337577	2.120602	0.005570	1.311775
-17.171700	0.388513	2.130598	0.005626	1.311774
-17.442072	0.421847	2.140595	0.005676	1.311758
-16.811105	0.398699	2.150592	0.005560	1.311861
-17.189568	0.380733	2.160589	0.005631	1.311759
-16.643763	0.435647	2.170586	0.005531	1.311939
-16.783424	0.392874	2.180582	0.005557	1.311857
-16.895819	0.436416	2.190579	0.005579	1.311886
-16.315937	0.338759	2.200576	0.005472	1.311886
-16.531684	0.380528	2.210573	0.005513	1.311892
-16.594818	0.402808	2.220570	0.005525	1.311906
-16.667576	0.386628	2.230566	0.005539	1.311870
-16.666193	0.393397	2.240563	0.005539	1.311878
-16.443322	0.374926	2.250560	0.005499	1.311901
-16.334318	0.423029	2.260557	0.005480	1.311982
-16.336698	0.377043	2.270554	0.005481	1.311924
-16.125830	0.341134	2.280550	0.005442	1.311923
-15.710588	0.323042	2.290547	0.005367	1.311987
-15.822971	0.305618	2.300544	0.005388	1.311941
-16.006524	0.423648	2.310541	0.005422	1.312047
-15.840639	0.351001	2.320538	0.005392	1.311992
-16.454259	0.494854	2.330534	0.005506	1.312040
-16.188711	0.436827	2.340531	0.005458	1.312023
-15.792778	0.388597	2.350528	0.005385	1.312046
-15.047995	0.337410	2.360525	0.005249	1.312137
-15.381278	0.342189	2.370522	0.005311	1.312073
-16.139721	0.468953	2.380518	0.005451	1.312070
-15.252005	0.337608	2.390515	0.005288	1.312093
-15.455949	0.377314	2.400512	0.005327	1.312099
-15.257618	0.408769	2.410509	0.005291	1.312178
-15.078454	0.366392	2.420506	0.005258	1.312162
-15.315075	0.338185	2.430502	0.005302	1.312078
-15.480933	0.437060	2.440499	0.005334	1.312164
-15.029224	0.394852	2.450496	0.005251	1.312205
-14.999055	0.373132	2.460493	0.005246	1.312184
-15.262196	0.452655	2.470490	0.005295	1.312226
-15.018716	0.354636	2.480486	0.005251	1.312156
-14.661279	0.367800	2.490483	0.005186	1.312246
-14.349935	0.308379	2.500480	0.005129	1.312237
-14.168516	0.267656	2.510477	0.005096	1.312224
-15.147842	0.404273	2.520474	0.005277	1.312187
-14.950302	0.406650	2.530470	0.005241	1.312231
-14.986916	0.469699	2.540467	0.005249	1.312300
-14.366554	0.357613	2.550464	0.005135	1.312290
-14.247986	0.386612	2.560461	0.005114	1.312350
-14.195752	0.309271	2.570458	0.005105	1.312265
-14.574360	0.372899	2.580454	0.005175	1.312264
-13.882752	0.370907	2.590451	0.005049	1.312404
-13.879470	0.257040	2.600448	0.005049	1.312265
-14.595078	0.465411	2.610445	0.005181	1.312371
-14.308659	0.443189	2.620442	0.005129	1.312402
-13.645850	0.332827	2.630438	0.005008	1.312404
-13.831346	0.362723	2.640435	0.005042	1.312402
-13.548090	0.314681	2.650432	0.004991	1.312401
-14.101318	0.406296	2.660429	0.005093	1.312397
-13.804100	0.361618	2.670426	0.005039	1.312404
-13.999450	0.395221	2.680422	0.005076	1.312404
-13.472667	0.373858	2.690419	0.004979	1.312486
-13.176277	0.275014	2.700416	0.004925	1.312426
-13.784507	0.456102	2.710413	0.005038	1.312521
-13.453543	0.317275	2.720410	0.004978	1.312419
-13.550984	0.351992	2.730406	0.004996	1.312440
-13.278866	0.361036	2.740403	0.004947	1.312507
-12.872080	0.303785	2.750400	0.004873	1.312521
-13.126857	0.369993	2.760397	0.004920	1.312548
-13.219427	0.352122	2.770394	0.004938	1.312507
-13.420407	0.378784	2.780390	0.004975	1.312497
-12.636793	0.258656	2.790387	0.004832	1.312512
-12.671815	0.353096	2.800384	0.004839	1.312620
-13.250911	0.443295	2.810381	0.004946	1.312609
-13.134036	0.373582	2.820378	0.004925	1.312547
-12.410134	0.343609	2.830374	0.004792	1.312660
-12.251453	0.260889	2.840371	0.004764	1.312591
-12.768449	0.385142	2.850368	0.004860	1.312635
-12.902798	0.428087	2.860365	0.004885	1.312659
-12.329578	0.334432	2.870362	0.004780	1.312663
-12.386739	0.342716	2.880358	0.004791	1.312660
-12.479735	0.365285	2.890355	0.004809	1.312668
-11.699453	0.340103	2.900352	0.004666	1.312799
-12.415374	0.360374	2.910349	0.004798	1.312674
-12.739217	0.376008	2.920346	0.004859	1.312625
-11.731529	0.321726	2.930342	0.004674	1.312767
-12.095700	0.354057	2.940339	0.004741	1.312731
-12.156404	0.424522	2.950336	0.004753	1.312804
-12.477759	0.458388	2.960333	0.004813	1.312778
-11.589624	0.318206	2.970330	0.004650	1.312790
-11.352387	0.243890	2.980326	0.004607	1.312747
-11.106737	0.275521	2.990323	0.004562	1.312836
-12.105201	0.410259	3.000320	0.004747	1.312793
-12.042709	0.451070	3.010317	0.004736	1.312856
-11.579257	0.320731	3.020314	0.004651	1.312791
-11.332750	0.312669	3.030310	0.004607	1.312832
-11.037128	0.301065	3.040307	0.004553	1.312879
-11.687804	0.386889	3.050304	0.004673	1.312848
-11.635777	0.367762	3.060301	0.004664	1.312835
-10.773689	0.334665	3.070298	0.004506	1.312972
-10.831751	0.224700	3.080294	0.004517	1.312825
-11.304141	0.339173	3.090291	0.004605	1.312866
-11.197649	0.387885	3.100288	0.004586	1.312947
-11.649032	0.380975	3.110285	0.004670	1.312844
-10.740925	0.242953	3.120282	0.004503	1.312863
-10.257162	0.296809	3.130278	0.004415	1.313029
-10.430205	0.270069	3.140275	0.004447	1.312960
-11.785013	0.470637	3.150272	0.004697	1.312923
-10.224914	0.246448	3.160269	0.004411	1.312972
-10.560363	0.303652	3.170266	0.004473	1.312972
-9.782134	0.223432	3.180262	0.004330	1.313034
-10.823845	0.409626	3.190259	0.004523	1.313045
-11.449142	0.523759	3.200256	0.004638	1.313055
-10.511487	0.285893	3.210253	0.004467	1.312957
-10.169736	0.314383	3.220250	0.004404	1.313062
-9.418975	0.223594	3.230246	0.004267	1.313106
-10.324532	0.389274	3.240243	0.004434	1.313121
-10.680660	0.378637	3.250240	0.004500	1.313033
-9.799669	0.240499	3.260237	0.004339	1.313046
-9.479698	0.212168	3.270234	0.004280	1.313077
-9.232310	0.214477	3.280230	0.004235	1.313130
-10.405588	0.415884	3.290227	0.004452	1.313133
-10.112365	0.357557	3.300224	0.004399	1.313122
-10.079907	0.291865	3.310221	0.004393	1.313047
-9.139508	0.244764	3.320218	0.004221	1.313184
-9.251194	0.265021	3.330214	0.004242	1.313185
-10.348051	0.514005	3.340211	0.004444	1.313262
-9.718154	0.305705	3.350208	0.004329	1.313136
-9.151604	0.207452	3.360205	0.004225	1.313133
-8.804926	0.243659	3.370202	0.004162	1.313249
-8.783285	0.253630	3.380198	0.004159	1.313265
-9.878028	0.413637	3.390195	0.004361	1.313233
-9.871276	0.378667	3.400192	0.004360	1.313191
-8.736541	0.181374	3.410189	0.004152	1.313184
-7.774837	0.116091	3.420186	0.003976	1.313303
-9.411286	0.356061	3.430182	0.004278	1.313256
-9.747007	0.479059	3.440179	0.004340	1.313337
-9.211799	0.246975	3.450176	0.004242	1.313163
-8.150245	0.171848	3.460173	0.004047	1.313290
-8.201348	0.194523	3.470170	0.004057	1.313307
-8.910260	0.363786	3.480166	0.004188	1.313366
-9.465756	0.407414	3.490163	0.004291	1.313304
-8.782557	0.283480	3.500160	0.004166	1.313293
-7.981861	0.278293	3.510157	0.004019	1.313452
-8.173178	0.227420	3.520154	0.004055	1.313349
-8.079112	0.330008	3.530150	0.004038	1.313494
-9.340718	0.446967	3.540147	0.004271	1.313375
-7.365372	0.084679	3.550144	0.003908	1.313340
-7.518565	0.197541	3.560141	0.003937	1.313446
-8.831767	0.443286	3.570138	0.004180	1.313474
-8.371769	0.410621	3.580134	0.004095	1.313529
-8.548326	0.302127	3.590131	0.004129	1.313358
-6.920767	0.272059	3.600128	0.003830	1.313659
-7.828453	0.274381	3.610125	0.003997	1.313472
-7.406742	0.291854	3.620122	0.003920	1.313581
-8.282468	0.387860	3.630118	0.004082	1.313516
-8.457854	0.346009	3.640115	0.004115	1.313427
-7.140030	0.200485	3.650112	0.003873	1.313522
-6.947829	0.226691	3.660109	0.003838	1.313593
-7.792218	0.343835	3.670106	0.003994	1.313561
-7.802678	0.379639	3.680102	0.003997	1.313602
-7.248170	0.229261	3.690099	0.003896	1.313532
-6.748257	0.264278	3.700096	0.003804	1.313678
-6.812425	0.250420	3.710093	0.003816	1.313647
-7.161781	0.320299	3.720090	0.003881	1.313659
-7.588892	0.247343	3.730086	0.003961	1.313480
-6.882885	0.144717	3.740083	0.003831	1.313500
-6.982012	0.226574	3.750080	0.003850	1.313580
-7.031872	0.344831	3.760077	0.003860	1.313713
-7.107407	0.341501	3.770074	0.003875	1.313693
-7.192544	0.287603	3.780070	0.003891	1.313609
-6.755508	0.190259	3.790067	0.003811	1.313579
-5.510524	0.073277	3.800064	0.003582	1.313694
-6.887005	0.326488	3.810061	0.003836	1.313718
-7.083775	0.289838	3.820058	0.003873	1.313631
-6.602340	0.229714	3.830054	0.003785	1.313657
-6.064800	0.338114	3.840051	0.003687	1.313900
-5.889413	0.145618	3.850048	0.003655	1.313700
-6.654969	0.356163	3.860045	0.003797	1.313799
-7.075202	0.435498	3.870042	0.003875	1.313808
-5.257051	0.124698	3.880038	0.003541	1.313804
-5.935410	0.178720	3.890035	0.003666	1.313728
-6.348920	0.368589	3.900032	0.003743	1.313875
-6.186436	0.375112	3.910029	0.003714	1.313916
-6.003516	0.335401	3.920026	0.003681	1.313904
-5.856216	0.164997	3.930022	0.003654	1.313725
-5.267062	0.204683	3.940019	0.003546	1.313895
-5.766366	0.123971	3.950016	0.003639	1.313692
-5.671290	0.279524	3.960013	0.003622	1.313902
-6.285619	0.245891	3.970010	0.003736	1.313732
-5.728479	0.275827	3.980006	0.003634	1.313884
-4.300829	0.086500	3.990003	0.003371	1.313948
-5.461796	0.197836	4.000000	0.003586	1.313842
-5.131017	0.161130	4.009997	0.003526	1.313865
-6.410957	0.344764	4.019994	0.003762	1.313824
-4.278307	0.078869	4.029990	0.003370	1.313940
-5.791745	0.134534	4.039987	0.003649	1.313693
-4.520393	0.179098	4.049984	0.003416	1.314011
-4.972194	0.165668	4.059981	0.003499	1.313900
-6.355086	0.321480	4.069978	0.003755	1.313803
-4.171742	0.285189	4.079974	0.003353	1.314212
-4.455331	0.099747	4.089971	0.003406	1.313925
-4.997915	0.237797	4.099968	0.003507	1.313981
-4.808148	0.205723	4.109965	0.003472	1.313980
-4.440244	0.095476	4.119962	0.003405	1.313920
-4.523830	0.091977	4.129958	0.003421	1.313898
-4.611425	0.170691	4.139955	0.003438	1.313976
-4.422734	0.236024	4.149952	0.003404	1.314094
-4.643306	0.233663	4.159949	0.003445	1.314045
-4.233540	0.076288	4.169946	0.003370	1.313936
-4.130898	0.149626	4.179942	0.003352	1.314047
-4.111719	0.163848	4.189939	0.003349	1.314068
-4.534468	0.248964	4.199936	0.003428	1.314083
-3.838146	0.077737	4.209933	0.003300	1.314017
-4.312189	0.214956	4.219930	0.003388	1.314086
-3.561815	0.025713	4.229926	0.003250	1.314010
-3.997079	0.247222	4.239923	0.003331	1.314190
-4.131848	0.171860	4.249920	0.003357	1.314069
-3.632274	0.150565	4.259917	0.003265	1.314146
-3.859149	0.244463	4.269914	0.003308	1.314213
-2.886825	-0.034658	4.279910	0.003129	1.314072
-4.663719	0.328381	4.289907	0.003457	1.314148
-2.795781	0.067248	4.299904	0.003114	1.314215
-3.897153	0.124664	4.309901	0.003317	1.314056
-3.073426	0.115421	4.319898	0.003166	1.314215
-3.166212	0.012988	4.329894	0.003184	1.314069
-3.808063	0.257377	4.339891	0.003303	1.314235
-2.799613	0.073071	4.349888	0.003118	1.314217
-3.215678	0.146661	4.359885	0.003195	1.314220
-3.227070	-0.022155	4.369882	0.003198	1.314011
-3.439668	0.300274	4.379878	0.003237	1.314361
-2.888709	0.248292	4.389875	0.003136	1.314411
-3.021843	0.309425	4.399872	0.003161	1.314457
-2.190377	0.125566	4.409869	0.003009	1.314404
-2.808834	0.078280	4.419866	0.003124	1.314217
-2.484682	0.027146	4.429862	0.003065	1.314221
-2.781909	0.076530	4.439859	0.003120	1.314219
-2.433625	0.015506	4.449856	0.003056	1.314216
-2.623819	0.045806	4.459853	0.003092	1.314213
-2.566884	0.032403	4.469850	0.003082	1.314207
-2.829004	0.196235	4.479846	0.003131	1.314353
-2.578369	0.302197	4.489843	0.003085	1.314534
-2.207264	0.235843	4.499840	0.003018	1.314529
-1.855469	0.150500	4.509837	0.002954	1.314497
-2.569271	0.138735	4.519834	0.003086	1.314334
-2.267260	0.250090	4.529830	0.003031	1.314532
-2.512679	0.463748	4.539827	0.003076	1.314742
-1.228090	0.216032	4.549824	0.002840	1.314705
-2.340493	0.314289	4.559821	0.003046	1.314593
-1.804059	0.285763	4.569818	0.002948	1.314669
-1.656749	0.400077	4.579814	0.002921	1.314839
-2.097896	0.396319	4.589811	0.003003	1.314742
-1.584702	0.404530	4.599808	0.002909	1.314858
-1.888187	0.454905	4.609805	0.002966	1.314856
-2.063111	0.562300	4.619802	0.002998	1.314951
-1.887069	0.880711	4.629798	0.002966	1.315376
-1.106708	0.635478	4.639795	0.002823	1.315237
-1.160527	0.584863	4.649792	0.002834	1.315163
-2.060578	0.890758	4.659789	0.003000	1.315351
-1.196455	0.846678	4.669786	0.002842	1.315475
-1.076340	0.822956	4.679782	0.002820	1.315470
-1.194454	0.840852	4.689779	0.002843	1.315467
-0.550940	0.737308	4.699776	0.002725	1.315473
-1.271123	0.861305	4.709773	0.002858	1.315475
-1.119334	0.830114	4.719770	0.002831	1.315467
-1.049672	1.029864	4.729766	0.002818	1.315726
-0.904224	1.050819	4.739763	0.002792	1.315781
-0.841486	1.040261	4.749760	0.002781	1.315780
-0.756729	1.027187	4.759757	0.002766	1.315781
-0.840275	1.055189	4.769754	0.002782	1.315797
-0.877923	1.310712	4.779750	0.002790	1.316101
-0.649657	1.262994	4.789747	0.002748	1.316090
-0.740789	1.456222	4.799744	0.002766	1.316306
-1.139650	1.724579	4.809741	0.002839	1.316551
0.010852	1.598070	4.819738	0.002628	1.316634
-0.685389	1.791918	4.829734	0.002757	1.316726
-0.276163	1.725186	4.839731	0.002682	1.316729
0.222194	1.638891	4.849728	0.002591	1.316726
-0.833776	1.930005	4.859725	0.002786	1.316863
-0.413138	2.045890	4.869722	0.002709	1.317091
-0.243846	2.245530	4.879718	0.002679	1.317369
0.000000	2.205905	4.889715	0.002634	1.317370

0.106571	2.348655	4.894720	0.002615	1.317567
0.157910	2.419875	4.899725	0.002606	1.317664
-0.025027	2.725549	4.904730	0.002639	1.317999
-0.567653	3.198236	4.909734	0.002739	1.318464
0.168858	3.548097	4.914739	0.002604	1.319043
1.234329	3.808605	4.919744	0.002408	1.319581
1.219806	4.145022	4.924749	0.002410	1.319989
1.318629	4.613251	4.929754	0.002392	1.320580
1.421284	5.130160	4.934758	0.002373	1.321231
1.441386	5.717614	4.939763	0.002370	1.321951
1.808048	6.293093	4.944768	0.002302	1.322727
2.273223	6.862806	4.949773	0.002216	1.323516
2.608513	7.503221	4.954778	0.002154	1.324363
2.687757	8.193058	4.959782	0.002140	1.325218
2.917829	8.948135	4.964787	0.002097	1.326182
3.137519	9.736940	4.969792	0.002056	1.327184
3.503085	10.512262	4.974797	0.001989	1.328200
3.815005	11.348266	4.979802	0.001931	1.329276
4.102358	12.216105	4.984806	0.001878	1.330386
4.312011	13.148835	4.989811	0.001839	1.331557
4.736044	14.054907	4.994816	0.001761	1.332739
4.943206	15.030908	4.999821	0.001722	1.333959
5.311209	16.039808	5.004826	0.001654	1.335252
5.622765	17.077436	5.009830	0.001596	1.336566
6.025973	18.080825	5.014835	0.001522	1.337856
6.500335	19.119524	5.019840	0.001434	1.339201
6.677311	20.235197	5.024845	0.001401	1.340578
7.076346	21.357092	5.029850	0.001327	1.342005
7.226102	22.515463	5.034854	0.001299	1.343425
7.516176	23.733272	5.039859	0.001245	1.344942
8.045128	24.937395	5.044864	0.001147	1.346489
8.339593	26.136220	5.049869	0.001092	1.347981
8.757576	27.399717	5.054874	0.001015	1.349574
8.925632	28.732258	5.059878	0.000983	1.351196
9.217705	30.053260	5.064883	0.000929	1.352828
9.603386	31.427111	5.069888	0.000857	1.354539
9.836430	32.850104	5.074893	0.000814	1.356276
10.356241	34.211367	5.079898	0.000718	1.357995
10.729060	35.631832	5.084902	0.000648	1.359752
10.860998	37.159115	5.089907	0.000623	1.361586
11.277894	38.641667	5.094912	0.000546	1.363421
11.561350	40.195011	5.099917	0.000493	1.365310
12.121394	41.703208	5.104922	0.000389	1.367198
12.347609	43.282085	5.109926	0.000347	1.369101
12.595069	44.935412	5.114931	0.000300	1.371093
12.972012	46.562370	5.119936	0.000230	1.373076
13.156200	48.284627	5.124941	0.000195	1.375130
13.760928	49.958787	5.129946	0.000083	1.377208
13.986766	51.691788	5.134950	0.000041	1.379276
14.443624	53.424367	5.139955	-0.000044	1.381387
14.721717	55.201475	5.144960	-0.000096	1.383511
15.021677	57.021793	5.149965	-0.000152	1.385686
15.473905	58.827422	5.154970	-0.000237	1.387870
15.864126	60.685418	5.159974	-0.000309	1.390099
16.305532	62.519035	5.164979	-0.000392	1.392307
16.576635	64.435965	5.169984	-0.000442	1.394574
16.922638	66.352880	5.174989	-0.000507	1.396852
17.483798	68.251852	5.179994	-0.000611	1.399147
17.570694	70.261453	5.184998	-0.000628	1.401474
18.070364	72.233890	5.190003	-0.000721	1.403834
18.526096	74.246377	5.195008	-0.000806	1.406228
18.887033	76.251863	5.200013	-0.000874	1.408591
19.434165	78.284357	5.205018	-0.000976	1.411016
19.462321	80.392734	5.210022	-0.000982	1.413425
19.735128	82.578085	5.215027	-0.001033	1.415963
20.349039	84.667415	5.220032	-0.001148	1.418453
20.582866	86.867014	5.225037	-0.001192	1.420992
20.883107	89.075393	5.230042	-0.001248	1.423548
21.303561	91.317661	5.235046	-0.001327	1.426161
21.488117	93.598969	5.240051	-0.001362	1.428768
21.993857	95.911714	5.245056	-0.001456	1.431466
22.195565	98.270694	5.250061	-0.001495	1.434154
22.987839	100.547860	5.255066	-0.001642	1.436856
23.394731	102.859706	5.260070	-0.001718	1.439520
23.864869	105.169489	5.265075	-0.001806	1.442188
24.164523	107.566439	5.270080	-0.001862	1.444916
24.502206	109.944288	5.275085	-0.001926	1.447625
24.890971	112.380510	5.280090	-0.001999	1.450404
25.352968	114.816678	5.285094	-0.002085	1.453190
25.476869	117.368897	5.290099	-0.002109	1.456037
25.970070	119.895708	5.295104	-0.002201	1.458918
26.496490	122.381085	5.300109	-0.002300	1.461754
26.722687	124.947253	5.305114	-0.002343	1.464619
27.230765	127.508444	5.310118	-0.002438	1.467523
27.579446	130.108752	5.315123	-0.002503	1.470436
28.064004	132.701465	5.320128	-0.002594	1.473359
28.425945	135.331831	5.325133	-0.002662	1.476296
28.842383	137.977465	5.330138	-0.002740	1.479252
29.277098	140.633876	5.335142	-0.002822	1.482218
29.608916	143.344021	5.340147	-0.002884	1.485218
30.176833	146.006847	5.345152	-0.002990	1.488203
30.483025	148.752163	5.350157	-0.003048	1.491224
31.054338	151.471184	5.355162	-0.003155	1.494257
31.374654	154.223284	5.360166	-0.003215	1.497276
31.716049	157.018619	5.365171	-0.003280	1.500338
32.300597	159.788232	5.370176	-0.003389	1.503410
32.474766	162.642209	5.375181	-0.003423	1.506493
32.961454	165.503892	5.380186	-0.003514	1.509633
33.263819	168.403480	5.385190	-0.003571	1.512774
33.659274	171.323369	5.390195	-0.003645	1.515946
34.126068	174.242170	5.395200	-0.003733	1.519124
34.586656	177.170988	5.400205	-0.003820	1.522304
35.072931	180.120690	5.405210	-0.003911	1.525504
35.518645	183.089604	5.410214	-0.003994	1.528710
35.737133	186.124375	5.415219	-0.004036	1.531939
36.269218	189.156414	5.420224	-0.004136	1.535213
36.440768	192.236092	5.425229	-0.004169	1.538467
36.974616	195.322961	5.430234	-0.004269	1.541785
37.425201	198.429885	5.435238	-0.004354	1.545102
37.757216	201.556062	5.440243	-0.004417	1.548411
38.048711	204.773742	5.445248	-0.004473	1.551801
38.516383	207.956132	5.450253	-0.004560	1.555178
38.931545	211.164908	5.455258	-0.004639	1.558565
39.292462	214.416777	5.460262	-0.004707	1.561980
39.716385	217.680450	5.465267	-0.004787	1.565410
40.127522	220.988451	5.470272	-0.004865	1.568876
40.450383	224.314535	5.475277	-0.004926	1.572338
40.625115	227.744013	5.480282	-0.004960	1.575873
41.094458	231.164265	5.485286	-0.005048	1.579440
41.395894	234.624229	5.490291	-0.005106	1.583011
41.706702	238.136336	5.495296	-0.005165	1.586629
42.372625	241.594937	5.500301	-0.005290	1.590243
42.653204	245.156835	5.505306	-0.005343	1.593890
43.069721	248.683514	5.510310	-0.005422	1.597515
43.527660	252.246738	5.515315	-0.005509	1.601175
44.088178	255.813384	5.520320	-0.005614	1.604847
44.475120	259.397730	5.525325	-0.005687	1.608500
44.800202	263.054516	5.530330	-0.005749	1.612207
45.196786	266.730455	5.535334	-0.005824	1.615935
45.471290	270.434436	5.540339	-0.005877	1.619664
46.013584	274.168059	5.545344	-0.005979	1.623456
46.435322	277.877678	5.550349	-0.006059	1.627196
46.915829	281.631718	5.555354	-0.006149	1.630981
47.184566	285.434381	5.560358	-0.006201	1.634771
47.663085	289.232618	5.565363	-0.006291	1.638582
48.107590	293.057775	5.570368	-0.006376	1.642404
48.530601	296.902457	5.575373	-0.006456	1.646233
48.850037	300.818663	5.580378	-0.006517	1.650107
49.354660	304.735282	5.585382	-0.006612	1.654001
49.739734	308.641135	5.590387	-0.006685	1.657856
50.163642	312.602861	5.595392	-0.006766	1.661763
50.706542	316.549309	5.600397	-0.006868	1.665665
51.123467	320.531772	5.605402	-0.006947	1.669572
51.328261	324.601762	5.610406	-0.006987	1.673521
51.726199	328.652576	5.615411	-0.007063	1.677472
52.112133	332.780700	5.620416	-0.007136	1.681486
52.867454	336.842503	5.625421	-0.007278	1.685485
53.148011	340.959998	5.630426	-0.007332	1.689453
53.528620	345.130613	5.635430	-0.007404	1.693478
54.040639	349.269674	5.640435	-0.007501	1.697484
54.378565	353.491048	5.645440	-0.007566	1.701531
54.831999	357.706144	5.650445	-0.007652	1.705581
55.035340	362.003284	5.655450	-0.007692	1.709660
55.557359	366.301578	5.660454	-0.007790	1.713778
55.977404	370.603803	5.665459	-0.007870	1.717875
56.392321	374.961149	5.670464	-0.007949	1.722013
56.977078	379.278550	5.675469	-0.008059	1.726129
57.402314	383.650433	5.680474	-0.008140	1.730262
57.732536	388.082820	5.685478	-0.008204	1.734427
58.308502	392.447361	5.690483	-0.008312	1.738555
58.789699	396.876920	5.695488	-0.008404	1.742720
59.235790	401.277905	5.700493	-0.008488	1.746843
59.819176	405.714217	5.705498	-0.008598	1.751009
60.318023	410.152353	5.710502	-0.008693	1.755155
60.780384	414.598929	5.715507	-0.008781	1.759293
61.194185	419.077890	5.720512	-0.008859	1.763443
61.653437	423.571680	5.725517	-0.008947	1.767604
61.936868	428.137503	5.730522	-0.009002	1.771795
62.325219	432.762315	5.735526	-0.009076	1.776044
62.734761	437.365325	5.740531	-0.009154	1.780267
63.080555	442.040961	5.745536	-0.009220	1.784536
63.413203	446.754753	5.750541	-0.009284	1.788827
64.041490	451.437549	5.755546	-0.009403	1.793122
64.470719	456.131439	5.760550	-0.009485	1.797389
65.046377	460.831042	5.765555	-0.009594	1.801671
65.437087	465.587069	5.770560	-0.009668	1.805967
66.142513	470.272367	5.775565	-0.009801	1.810234
66.598856	474.991525	5.780570	-0.009888	1.814486
67.060463	479.729301	5.785574	-0.009976	1.818745
67.478838	484.484443	5.790579	-0.010056	1.823004
67.726275	489.322271	5.795584	-0.010104	1.827301
68.200877	494.194055	5.800589	-0.010194	1.831649
68.685621	499.022627	5.805594	-0.010287	1.835951
68.938237	503.950351	5.810598	-0.010336	1.840297
69.532587	508.861324	5.815603	-0.010448	1.844666
69.984407	513.819427	5.820608	-0.010535	1.849045
70.407156	518.795236	5.825613	-0.010615	1.853426
70.778171	523.784578	5.830618	-0.010687	1.857800
71.329202	528.794868	5.835622	-0.010791	1.862207
71.795858	533.800785	5.840627	-0.010880	1.866588
72.212713	538.873460	5.845632	-0.010960	1.871009
72.687355	543.913222	5.850637	-0.011050	1.875400
73.190475	548.971720	5.855642	-0.011146	1.879800
73.691429	554.080024	5.860646	-0.011241	1.884232
74.125308	559.166844	5.865651	-0.011324	1.888626
74.632091	564.303000	5.870656	-0.011421	1.893061
74.936262	569.467512	5.875661	-0.011480	1.897483
75.540523	574.637737	5.880666	-0.011594	1.901940
76.027737	579.808469	5.885670	-0.011687	1.906370
76.565887	584.986870	5.890675	-0.011789	1.910804
77.153268	590.124533	5.895680	-0.011900	1.915199
77.469797	595.340067	5.900685	-0.011962	1.919614
77.980071	600.561005	5.905690	-0.012059	1.924049
78.637939	605.793486	5.910694	-0.012183	1.928502
78.941880	611.032782	5.915699	-0.012242	1.932905
79.431275	616.272729	5.920704	-0.012336	1.937322
79.890285	621.527968	5.925709	-0.012423	1.941737
80.465048	626.813855	5.930714	-0.012532	1.946183
80.831595	632.142916	5.935718	-0.012603	1.950627
81.318738	637.454556	5.940723	-0.012696	1.955063
81.954224	642.766113	5.945728	-0.012816	1.959507
82.104330	648.171500	5.950733	-0.012847	1.963956
82.640485	653.585623	5.955738	-0.012949	1.968450
83.014667	659.045256	5.960742	-0.013021	1.972952
83.728158	664.427296	5.965747	-0.013156	1.977422
84.019694	669.907378	5.970752	-0.013213	1.981909
84.530376	675.372464	5.975757	-0.013310	1.986401
84.966265	680.876109	5.980762	-0.013394	1.990904
85.493337	686.367905	5.985766	-0.013494	1.995399
85.845914	691.922871	5.990771	-0.013563	1.999913
86.416052	697.474314	5.995776	-0.013671	2.004441
86.989866	703.016231	6.000781	-0.013780	2.008952
87.569105	708.561309	6.005786	-0.013890	2.013455
87.813102	714.159054	6.010790	-0.013938	2.017949
88.503322	719.704434	6.015795	-0.014069	2.022446
88.972008	725.290355	6.020800	-0.014158	2.026938
89.525100	730.878332	6.025805	-0.014264	2.031432
89.886753	736.479951	6.030810	-0.014334	2.035903
90.387833	742.138477	6.035814	-0.014429	2.040426
90.912649	747.761730	6.040819	-0.014529	2.044914
91.465466	753.404697	6.045824	-0.014635	2.049411
91.746796	759.112339	6.050829	-0.014690	2.053917
92.514266	764.743283	6.055834	-0.014835	2.058410
92.738374	770.469274	6.060838	-0.014879	2.062903
93.260648	776.198259	6.065843	-0.014979	2.067424
93.871177	781.911927	6.070848	-0.015095	2.071933
94.391935	787.623861	6.075853	-0.015194	2.076421
94.919393	793.347435	6.080858	-0.015295	2.080908
95.434581	799.074805	6.085862	-0.015393	2.085388
95.837730	804.859040	6.090867	-0.015471	2.089888
96.369548	810.657567	6.095872	-0.015572	2.094404
96.751629	816.454980	6.100877	-0.015646	2.098893
97.436818	822.213896	6.105882	-0.015776	2.103377
97.852818	828.020399	6.110886	-0.015856	2.107857
98.222861	833.846053	6.115891	-0.015928	2.112337
98.880760	839.675437	6.120896	-0.016052	2.116843
99.421478	845.463858	6.125901	-0.016156	2.121294
99.859414	851.297842	6.130906	-0.016240	2.125759
100.375274	857.185956	6.135910	-0.016338	2.130265
101.033115	862.960892	6.140915	-0.016463	2.134691
101.541345	868.779482	6.145920	-0.016560	2.139125
101.967992	874.617107	6.150925	-0.016642	2.143554
102.546383	880.466731	6.155930	-0.016752	2.148000
103.027724	886.306399	6.160934	-0.016844	2.152418
103.540647	892.162180	6.165939	-0.016942	2.156843
103.985444	898.047439	6.170944	-0.017028	2.161272
104.500816	903.931486	6.175949	-0.017126	2.165700
104.909162	909.877227	6.180954	-0.017205	2.170152
105.298359	915.834901	6.185958	-0.017281	2.174602
105.913817	921.763080	6.190963	-0.017397	2.179046
106.466972	927.699453	6.195968	-0.017503	2.183480
107.045178	933.630645	6.200973	-0.017613	2.187904
107.631817	939.529032	6.205978	-0.017725	2.192295
108.024177	945.474113	6.210982	-0.017800	2.196691
108.620991	951.405972	6.215987	-0.017914	2.201090
109.393516	957.295787	6.220992	-0.018060	2.205469
109.785811	963.216543	6.225997	-0.018136	2.209820
110.330869	969.080433	6.231002	-0.018240	2.214138
110.825072	974.998326	6.236006	-0.018334	2.218482
111.586598	980.848015	6.241011	-0.018478	2.222796
111.940577	986.758038	6.246016	-0.018547	2.227101
112.388945	992.679793	6.251021	-0.018633	2.231417
113.037817	998.550546	6.256026	-0.018756	2.235708
113.645320	1004.461253	6.261030	-0.018872	2.240016
114.125061	1010.324270	6.266035	-0.018963	2.244268
114.666656	1016.232785	6.271040	-0.019067	2.248550
115.109317	1022.147320	6.276045	-0.019152	2.252819
115.817970	1028.017418	6.281050	-0.019286	2.257075
116.252109	1033.889324	6.286054	-0.019369	2.261296
116.890939	1039.729970	6.291059	-0.019491	2.265508
117.488912	1045.576365	6.296064	-0.019604	2.269712
117.922061	1051.410410	6.301069	-0.019688	2.273882
118.577647	1057.242210	6.306074	-0.019812	2.278066
119.104891	1063.045799	6.311078	-0.019913	2.282209
119.639028	1068.884749	6.316083	-0.020014	2.286370
120.295437	1074.685987	6.321088	-0.020139	2.290510
120.777965	1080.471328	6.326093	-0.020231	2.294612
121.298187	1086.265110	6.331098	-0.020331	2.298718
121.783116	1092.060126	6.336102	-0.020423	2.302813
122.266702	1097.897514	6.341107	-0.020516	2.306930
122.696260	1103.732348	6.346112	-0.020599	2.311033
123.211330	1109.589383	6.351117	-0.020697	2.315152
123.834214	1115.429243	6.356122	-0.020815	2.319262
124.291026	1121.274140	6.361126	-0.020903	2.323353
124.765160	1127.161207	6.366131	-0.020994	2.327466
125.522141	1132.955992	6.371136	-0.021137	2.331537
125.987406	1138.760490	6.376141	-0.021226	2.335579
126.492910	1144.589680	6.381146	-0.021323	2.339634
127.251275	1150.362084	6.386150	-0.021466	2.343669
127.599396	1156.145552	6.391155	-0.021533	2.347663
128.343718	1161.890200	6.396160	-0.021674	2.351663
128.715332	1167.683972	6.401165	-0.021746	2.355653
129.200918	1173.457995	6.406170	-0.021839	2.359634
129.788520	1179.247739	6.411174	-0.021950	2.363628
130.236450	1185.041696	6.416179	-0.022036	2.367606
130.688022	1190.874598	6.421184	-0.022123	2.371603
131.052038	1196.745633	6.426189	-0.022194	2.375610
131.745732	1202.547681	6.431194	-0.022325	2.379596
132.179449	1208.396911	6.436198	-0.022408	2.383582
132.799280	1214.236863	6.441203	-0.022526	2.387573
133.143152	1220.079269	6.446208	-0.022593	2.391533
133.568325	1225.966684	6.451213	-0.022675	2.395523
134.161991	1231.884561	6.456218	-0.022788	2.399544
134.718492	1237.771944	6.461222	-0.022894	2.403534
135.051475	1243.680493	6.466227	-0.022959	2.407510
135.734461	1249.613473	6.471232	-0.023088	2.411528
136.200046	1255.526879	6.476237	-0.023177	2.415507
136.800197	1261.389926	6.481242	-0.023292	2.419458
137.489274	1267.213198	6.486246	-0.023422	2.423384
138.123122	1273.013990	6.491251	-0.023542	2.427284
138.500010	1278.836359	6.496256	-0.023615	2.431168
139.137620	1284.636874	6.501261	-0.023736	2.435056
140.007700	1290.324586	6.506266	-0.023900	2.438884
140.549804	1296.027057	6.511270	-0.024003	2.442686
141.067180	1301.709344	6.516275	-0.024102	2.446466
141.605377	1307.400811	6.521280	-0.024204	2.450248
142.240932	1313.023610	6.526285	-0.024325	2.453989
142.720629	1318.689250	6.531290	-0.024417	2.457737
143.296753	1324.316880	6.536294	-0.024526	2.461463
144.012632	1329.942697	6.541299	-0.024661	2.465195
144.576871	1335.498156	6.546304	-0.024769	2.468862
145.190592	1341.020301	6.551309	-0.024885	2.472507
145.882958	1346.500557	6.556314	-0.025016	2.476126
146.581855	1351.953739	6.561318	-0.025148	2.479722
147.305261	1357.332984	6.566323	-0.025284	2.483268
148.093019	1362.649537	6.571328	-0.025433	2.486774
148.655681	1367.897014	6.576333	-0.025539	2.490210
149.334428	1373.118975	6.581338	-0.025667	2.493635
149.918367	1378.318696	6.586342	-0.025778	2.497032
150.435790	1383.460400	6.591347	-0.025877	2.500382
151.191900	1388.606277	6.596352	-0.026019	2.503751
151.612141	1393.752431	6.601357	-0.026099	2.507086
152.058120	1398.854898	6.606362	-0.026185	2.510390
152.616630	1404.026553	6.611366	-0.026290	2.513744
153.060792	1409.185542	6.616371	-0.026375	2.517076
153.843963	1414.288161	6.621376	-0.026523	2.520397
154.453995	1419.337243	6.626381	-0.026638	2.523664
154.926917	1424.422004	6.631386	-0.026728	2.526938
155.394506	1429.457691	6.636390	-0.026817	2.530176
155.895964	1434.549763	6.641395	-0.026913	2.533448
156.423704	1439.627703	6.646400	-0.027013	2.536709
156.789987	1444.725377	6.651405	-0.027083	2.539964
157.304516	1449.865354	6.656410	-0.027181	2.543255
157.825229	1455.008614	6.661414	-0.027280	2.546544
158.287070	1460.100408	6.666419	-0.027368	2.549791
158.815415	1465.242578	6.671424	-0.027469	2.553072
159.306765	1470.391707	6.676429	-0.027562	2.556349
159.863545	1475.487577	6.681434	-0.027668	2.559594
160.271260	1480.648571	6.686438	-0.027746	2.562863
160.797486	1485.816966	6.691443	-0.027846	2.566143
161.265404	1491.061188	6.696448	-0.027935	2.569461
161.500401	1496.329139	6.701453	-0.027982	2.572769
162.168419	1501.526179	6.706458	-0.028108	2.576066
162.584540	1506.765729	6.711462	-0.028188	2.579363
163.008678	1512.007283	6.716467	-0.028269	2.582658
163.426946	1517.283419	6.721472	-0.028349	2.585970
163.834173	1522.588652	6.726477	-0.028427	2.589295
164.241270	1527.937959	6.731482	-0.028506	2.592642
164.722851	1533.301585	6.736486	-0.028598	2.596001
165.340111	1538.618419	6.741491	-0.028714	2.599337
165.963289	1543.950641	6.746496	-0.028832	2.602679
166.379008	1549.280742	6.751501	-0.028912	2.605998
167.028239	1554.547658	6.756506	-0.029035	2.609294
167.436962	1559.878890	6.761510	-0.029113	2.612604
167.859383	1565.215949	6.766515	-0.029194	2.615915
168.507618	1570.528225	6.771520	-0.029317	2.619226
168.967602	1575.836310	6.776525	-0.029405	2.622514
169.365450	1581.183429	6.781530	-0.029481	2.625816
169.890783	1586.539080	6.786534	-0.029581	2.629130
170.176870	1591.957929	6.791539	-0.029637	2.632459
170.654728	1597.396515	6.796544	-0.029728	2.635811
171.015220	1602.848335	6.801549	-0.029798	2.639157
171.524174	1608.367113	6.806554	-0.029895	2.642552
172.288262	1613.800831	6.811558	-0.030039	2.645911
172.740824	1619.203627	6.816563	-0.030126	2.649222
173.045088	1624.697613	6.821568	-0.030185	2.652572
173.442126	1630.208913	6.826573	-0.030262	2.655936
174.088317	1635.689700	6.831578	-0.030384	2.659297
174.620045	1641.197734	6.836582	-0.030485	2.662661
175.286478	1646.642459	6.841587	-0.030611	2.665993
175.713852	1652.079596	6.846592	-0.030693	2.669298
176.319157	1657.511226	6.851597	-0.030808	2.672609
176.896879	1662.924367	6.856602	-0.030918	2.675903
177.389725	1668.311452	6.861606	-0.031012	2.679170
177.875120	1673.738146	6.866611	-0.031104	2.682456
178.340082	1679.198461	6.871616	-0.031193	2.685757
178.824511	1684.613887	6.876621	-0.031286	2.689028
179.202746	1690.110520	6.881626	-0.031359	2.692335
179.836983	1695.556861	6.886630	-0.031479	2.695628
180.291828	1701.010366	6.891635	-0.031566	2.698908
180.923493	1706.465041	6.896640	-0.031685	2.702198
181.369675	1711.897034	6.901645	-0.031771	2.705456
181.862761	1717.302108	6.906650	-0.031865	2.708697
182.453435	1722.770573	6.911654	-0.031977	2.711980
182.802611	1728.231937	6.916659	-0.032045	2.715236
183.537734	1733.652575	6.921664	-0.032183	2.718493
183.973677	1739.081457	6.926669	-0.032267	2.721729
184.472906	1744.497993	6.931674	-0.032362	2.724958
184.941853	1750.003208	6.936678	-0.032452	2.728233
185.552307	1755.431682	6.941683	-0.032567	2.731470
186.061719	1760.822141	6.946688	-0.032664	2.734673
186.415006	1766.281788	6.951693	-0.032733	2.737900
186.980719	1771.742991	6.956698	-0.032840	2.741141
187.520303	1777.149679	6.961702	-0.032943	2.744344
187.905151	1782.618525	6.966707	-0.033017	2.747568
188.445875	1788.110423	6.971712	-0.033120	2.750813
188.894159	1793.584155	6.976717	-0.033206	2.754037
189.286528	1799.112594	6.981722	-0.033281	2.757285
189.892154	1804.632137	6.986726	-0.033396	2.760539
190.461685	1810.095904	6.991731	-0.033504	2.763755
190.733806	1815.669767	6.996736	-0.033558	2.767008
191.168547	1821.205871	7.001741	-0.033641	2.770248
191.788344	1826.747154	7.006746	-0.033759	2.773501
192.155929	1832.352389	7.011750	-0.033830	2.776767
192.607742	1837.939330	7.016755	-0.033916	2.780026
193.214486	1843.557814	7.021760	-0.034032	2.783311
193.641581	1849.165845	7.026765	-0.034114	2.786572
194.207993	1854.724500	7.031770	-0.034221	2.789811
194.851974	1860.275421	7.036774	-0.034343	2.793048
195.104757	1865.902804	7.041779	-0.034393	2.796296
195.659316	1871.528806	7.046784	-0.034499	2.799562
196.167087	1877.175290	7.051789	-0.034596	2.802832
196.679167	1882.771740	7.056794	-0.034693	2.806070
197.256316	1888.382857	7.061798	-0.034803	2.809317
197.693296	1893.970593	7.066803	-0.034887	2.812537
198.240064	1899.605568	7.071808	-0.034991	2.815787
198.528209	1905.234480	7.076813	-0.035047	2.819012
199.023262	1910.934537	7.081818	-0.035142	2.822289
199.537884	1916.657601	7.086822	-0.035240	2.825576
199.889681	1922.330789	7.091827	-0.035308	2.828819
200.621423	1928.027484	7.096832	-0.035447	2.832099
200.993376	1933.733588	7.101837	-0.035519	2.835355
201.426806	1939.458971	7.106842	-0.035602	2.838622
202.069469	1945.197548	7.111846	-0.035724	2.841908
202.433188	1950.951536	7.116851	-0.035794	2.845179
202.996771	1956.642390	7.121856	-0.035901	2.848424
203.516027	1962.365601	7.126861	-0.036001	2.851681
204.123709	1968.058713	7.131866	-0.036116	2.854924
204.543806	1973.769068	7.136870	-0.036197	2.858159
205.095095	1979.476608	7.141875	-0.036302	2.861398
205.549399	1985.233838	7.146880	-0.036389	2.864654
205.950834	1990.926884	7.151885	-0.036466	2.867867
206.327733	1996.742520	7.156890	-0.036539	2.871143
206.975790	2002.535616	7.161894	-0.036662	2.874421
207.379737	2008.289159	7.166899	-0.036740	2.877657
207.896967	2014.123646	7.171904	-0.036839	2.880942
208.313570	2019.941205	7.176909	-0.036919	2.884207
208.644823	2025.857831	7.181914	-0.036984	2.887517
209.182473	2031.754782	7.186918	-0.037086	2.890826
209.766817	2037.594770	7.191923	-0.037197	2.894104
210.236100	2043.470198	7.196928	-0.037287	2.897389
210.718002	2049.356542	7.201933	-0.037380	2.900678
211.176841	2055.245868	7.206938	-0.037468	2.903962
211.722588	2061.111319	7.211942	-0.037572	2.907236
212.229241	2067.004369	7.216947	-0.037669	2.910518
212.727939	2072.870652	7.221952	-0.037764	2.913782
213.179111	2078.786014	7.226957	-0.037851	2.917065
213.567244	2084.726338	7.231962	-0.037926	2.920354
214.170508	2090.659744	7.236966	-0.038040	2.923650
214.631986	2096.610933	7.241971	-0.038129	2.926943
215.199266	2102.550112	7.246976	-0.038237	2.930232
215.619743	2108.461901	7.251981	-0.038318	2.933493
216.050130	2114.431825	7.256986	-0.038401	2.936782
216.765569	2120.389230	7.261990	-0.038536	2.940080
217.078801	2126.294602	7.266995	-0.038598	2.943319
217.518263	2132.304015	7.272000	-0.038682	2.946619
218.284994	2138.218322	7.277005	-0.038827	2.949886
218.638217	2144.149236	7.282010	-0.038896	2.953131
219.194477	2150.115269	7.287014	-0.039002	2.956404
219.699647	2156.063886	7.292019	-0.039098	2.959661
220.225055	2162.033495	7.297024	-0.039199	2.962927
220.640387	2168.003238	7.302029	-0.039279	2.966182
221.209790	2173.974618	7.307034	-0.039387	2.969444
221.794983	2179.858773	7.312038	-0.039499	2.972657
222.172284	2185.828974	7.317043	-0.039572	2.975899
222.664745	2191.810269	7.322048	-0.039666	2.979151
223.191028	2197.757545	7.327053	-0.039767	2.982383
223.756808	2203.742118	7.332058	-0.039875	2.985634
224.440829	2209.631630	7.337062	-0.040004	2.988839
224.825000	2215.528236	7.342067	-0.040078	2.992024
225.347914	2221.484354	7.347072	-0.040178	2.995246
225.872695	2227.399545	7.352077	-0.040279	2.998444
226.294206	2233.329741	7.357082	-0.040360	3.001639
226.795301	2239.325808	7.362086	-0.040456	3.004871
227.076429	2245.281431	7.367091	-0.040511	3.008063
227.999419	2251.233581	7.372096	-0.040685	3.011292
228.289900	2257.206380	7.377101	-0.040742	3.014487
228.778433	2263.134577	7.382106	-0.040835	3.017668
229.525657	2269.053197	7.387110	-0.040977	3.020857
230.003790	2274.964359	7.392115	-0.041068	3.024022
230.519153	2280.813698	7.397120	-0.041167	3.027153
230.987611	2286.734581	7.402125	-0.041257	3.030315
231.380766	2292.670316	7.407130	-0.041333	3.033477
231.939753	2298.599519	7.412134	-0.041439	3.036643
232.485203	2304.511283	7.417139	-0.041543	3.039795
233.176774	2310.399967	7.422144	-0.041674	3.042941
233.644928	2316.302248	7.427149	-0.041764	3.046077
234.124880	2322.178476	7.432154	-0.041856	3.049196
234.698571	2327.987221	7.437158	-0.041965	3.052283
235.175810	2333.881476	7.442163	-0.042057	3.055405
235.727046	2339.708129	7.447168	-0.042162	3.058494
236.287858	2345.533766	7.452173	-0.042268	3.061579
236.810171	2351.342611	7.457178	-0.042368	3.064650
237.342814	2357.121572	7.462182	-0.042470	3.067702
237.767143	2362.925965	7.467187	-0.042551	3.070758
238.462454	2368.750184	7.472192	-0.042683	3.073838
238.873256	2374.460214	7.477197	-0.042762	3.076838
239.437976	2380.285533	7.482202	-0.042870	3.079905
240.014350	2386.062013	7.487206	-0.042979	3.082944
240.486842	2391.746655	7.492211	-0.043070	3.085925
240.956152	2397.551115	7.497216	-0.043160	3.088966
241.629170	2403.277123	7.502221	-0.043287	3.091975
241.968985	2408.991005	7.507226	-0.043353	3.094954
242.509303	2414.756292	7.512230	-0.043456	3.097970
243.044261	2420.543132	7.517235	-0.043558	3.100993
243.594244	2426.282625	7.522240	-0.043663	3.103990
244.194843	2431.908674	7.527245	-0.043777	3.106929
244.766411	2437.610952	7.532250	-0.043886	3.109902
245.624344	2443.207013	7.537254	-0.044047	3.112834
245.851702	2448.749601	7.542259	-0.044092	3.115699
246.332728	2454.436024	7.547264	-0.044184	3.118650
247.172840	2459.972209	7.552269	-0.044342	3.121542
247.628995	2465.518513	7.557274	-0.044430	3.124414
248.170061	2471.033341	7.562278	-0.044533	3.127273
248.302773	2476.633987	7.567283	-0.044560	3.130148
249.170601	2482.225604	7.572288	-0.044724	3.133059
249.702408	2487.707810	7.577293	-0.044825	3.135892
250.181602	2493.209839	7.582298	-0.044916	3.138729
250.817836	2498.720197	7.587302	-0.045037	3.141578
251.298834	2504.169207	7.592307	-0.045129	3.144383
251.705276	2509.650296	7.597312	-0.045207	3.147197
252.230211	2515.158316	7.602317	-0.045307	3.150030
252.658945	2520.700430	7.607322	-0.045389	3.152871
253.352521	2526.171551	7.612326	-0.045520	3.155690
253.944001	2531.622031	7.617331	-0.045632	3.158489
254.409795	2537.027338	7.622336	-0.045722	3.161256
254.778110	2542.528341	7.627341	-0.045793	3.164063
255.459203	2547.913142	7.632346	-0.045921	3.166827
255.886157	2553.412436	7.637350	-0.046003	3.169632
256.380845	2558.832272	7.642355	-0.046098	3.172397
257.014665	2564.262077	7.647360	-0.046218	3.175174
257.419697	2569.692725	7.652365	-0.046296	3.177935
257.877440	2575.142655	7.657370	-0.046383	3.180706
258.530053	2580.597532	7.662374	-0.046507	3.183489
258.821522	2585.962650	7.667379	-0.046563	3.186203
259.359214	2591.487725	7.672384	-0.046666	3.189009
259.955193	2596.931545	7.677389	-0.046779	3.191776
260.189184	2602.418433	7.682394	-0.046825	3.194541
260.751535	2607.957543	7.687398	-0.046932	3.197348
261.202900	2613.473156	7.692403	-0.047019	3.200135
261.664056	2619.095032	7.697408	-0.047107	3.202973
262.283802	2624.490910	7.702413	-0.047224	3.205704
262.642473	2630.030050	7.707418	-0.047294	3.208490
263.100478	2635.592300	7.712422	-0.047381	3.211290
263.788193	2641.125420	7.717427	-0.047511	3.214087
264.209399	2646.647301	7.722432	-0.047592	3.216860
264.729278	2652.184290	7.727437	-0.047691	3.219644
265.182457	2657.726230	7.732442	-0.047778	3.222424
265.650528	2663.287781	7.737446	-0.047868	3.225212
265.942624	2668.892995	7.742451	-0.047925	3.228010
266.511730	2674.490921	7.747456	-0.048033	3.230817
267.032153	2680.135317	7.752461	-0.048132	3.233642
267.410919	2685.787468	7.757466	-0.048206	3.236460
267.881137	2691.496959	7.762470	-0.048296	3.239309
268.523534	2697.120918	7.767475	-0.048417	3.242123
268.843591	2702.801854	7.772480	-0.048480	3.244945
269.273108	2708.540215	7.777485	-0.048562	3.247798
269.573318	2714.261435	7.782490	-0.048621	3.250633
270.192008	2720.109598	7.787494	-0.048738	3.253546
270.670981	2725.859388	7.792499	-0.048830	3.256400
270.956594	2731.686109	7.797504	-0.048886	3.259279
271.449332	2737.563775	7.802509	-0.048981	3.262192
271.936422	2743.391460	7.807514	-0.049074	3.265077
272.405847	2749.308643	7.812518	-0.049164	3.268002
272.755967	2755.203679	7.817523	-0.049232	3.270907
273.301055	2761.164878	7.822528	-0.049336	3.273853
273.958369	2767.061726	7.827533	-0.049461	3.276771
274.089702	2773.034259	7.832538	-0.049488	3.279694
274.596537	2779.095619	7.837542	-0.049585	3.282678
275.185809	2785.053636	7.842547	-0.049698	3.285614
275.573111	2791.119576	7.847552	-0.049773	3.288589
276.188173	2797.130820	7.852557	-0.049889	3.291546
276.601976	2803.102305	7.857562	-0.049969	3.294471
276.980942	2809.188534	7.862566	-0.050043	3.297447
277.425151	2815.300293	7.867571	-0.050128	3.300436
278.160081	2821.317028	7.872576	-0.050267	3.303391
278.574818	2827.360836	7.877581	-0.050347	3.306340
278.859941	2833.443691	7.882586	-0.050404	3.309299
279.291521	2839.673131	7.887590	-0.050487	3.312333
279.984726	2845.724128	7.892595	-0.050618	3.315292
280.262654	2851.893873	7.897600	-0.050673	3.318284
280.760896	2858.121818	7.902605	-0.050769	3.321312
281.324685	2864.245422	7.907610	-0.050876	3.324291
281.815883	2870.443593	7.912614	-0.050971	3.327300
282.152779	2876.653197	7.917619	-0.051036	3.330303
282.503755	2882.939183	7.922624	-0.051105	3.333341
283.042448	2889.230956	7.927629	-0.051208	3.336388
283.489334	2895.527499	7.932634	-0.051294	3.339430
284.031034	2901.852346	7.937638	-0.051398	3.342488
284.443289	2908.116826	7.942643	-0.051477	3.345507
284.920757	2914.489204	7.947648	-0.051569	3.348578
285.514501	2920.834876	7.952653	-0.051682	3.351640
285.993757	2927.077106	7.957658	-0.051774	3.354644
286.344386	2933.527510	7.962662	-0.051843	3.357738
286.747906	2939.924584	7.967667	-0.051921	3.360806
287.430730	2946.391047	7.972672	-0.052051	3.363918
287.853642	2952.786348	7.977677	-0.052133	3.366980
288.438743	2959.097393	7.982682	-0.052244	3.370008
288.836834	2965.509222	7.987686	-0.052321	3.373071
289.332698	2971.877131	7.992691	-0.052417	3.376116
289.767383	2978.290421	7.997696	-0.052501	3.379176
290.294323	2984.728954	8.002701	-0.052602	3.382250
290.825081	2991.107091	8.007706	-0.052703	3.385293
291.100758	2997.596103	8.012710	-0.052758	3.388372
291.416552	3004.175560	8.017715	-0.052820	3.391494
291.837004	3010.748191	8.022720	-0.052902	3.394614
292.257769	3017.433729	8.027725	-0.052983	3.397785
292.605810	3024.134641	8.032730	-0.053051	3.400956
293.092516	3030.849981	8.037734	-0.053145	3.404138
293.660754	3037.575221	8.042739	-0.053254	3.407326
294.091664	3044.319346	8.047744	-0.053337	3.410512
294.624206	3051.014038	8.052749	-0.053440	3.413678
295.307561	3057.710752	8.057754	-0.053570	3.416848
295.655066	3064.442930	8.062758	-0.053638	3.420016
296.081407	3071.153913	8.067763	-0.053720	3.423175
296.589414	3077.904227	8.072768	-0.053818	3.426353
297.015294	3084.677557	8.077773	-0.053901	3.429535
297.476317	3091.473128	8.082778	-0.053990	3.432726
297.800235	3098.373865	8.087782	-0.054054	3.435956
298.266690	3105.250393	8.092787	-0.054144	3.439179
298.725825	3112.189395	8.097792	-0.054232	3.442428
299.023813	3119.194766	8.102797	-0.054292	3.445696
299.558782	3126.159650	8.107802	-0.054394	3.448954
300.028507	3133.210792	8.112806	-0.054485	3.452246
300.428487	3140.222059	8.117811	-0.054563	3.455512
300.760888	3147.342889	8.122816	-0.054629	3.458823
301.078391	3154.579628	8.127821	-0.054692	3.462183
301.446045	3161.781212	8.132826	-0.054764	3.465527
301.777031	3169.165591	8.137830	-0.054829	3.468950
302.338101	3176.482480	8.142835	-0.054937	3.472348
302.676181	3183.904731	8.147840	-0.055004	3.475782
303.099938	3191.340708	8.152845	-0.055087	3.479222
303.554082	3198.795418	8.157850	-0.055175	3.482669
303.825866	3206.346914	8.162854	-0.055230	3.486149
304.261584	3213.911308	8.167859	-0.055315	3.489638
304.822007	3221.506335	8.172864	-0.055422	3.493144
305.245720	3229.147565	8.177869	-0.055505	3.496661
305.570396	3236.831221	8.182874	-0.055570	3.500189
305.894867	3244.564505	8.187878	-0.055634	3.503736
306.444832	3252.322196	8.192883	-0.055740	3.507301
306.804369	3260.188612	8.197888	-0.055811	3.510904
307.023397	3268.089646	8.202893	-0.055857	3.514511
307.708526	3276.004619	8.207898	-0.055988	3.518143
308.122603	3283.963987	8.212902	-0.056069	3.521778
308.497727	3291.930132	8.217907	-0.056143	3.525412
308.959741	3299.881580	8.222912	-0.056233	3.529038
309.179636	3308.037084	8.227917	-0.056279	3.532742
309.651050	3316.144637	8.232922	-0.056370	3.536432
310.161026	3324.340680	8.237926	-0.056469	3.540160
310.540165	3332.458182	8.242931	-0.056544	3.543842
310.828760	3340.761473	8.247936	-0.056603	3.547601
311.050342	3349.171786	8.252941	-0.056649	3.551400
311.532293	3357.599710	8.257946	-0.056743	3.555215
311.907140	3366.096713	8.262950	-0.056817	3.559052
312.230109	3374.667245	8.267955	-0.056882	3.562915
312.793557	3383.241214	8.272960	-0.056991	3.566787
313.170153	3391.871516	8.277965	-0.057066	3.570671
313.640909	3400.475743	8.282970	-0.057158	3.574543
313.971650	3409.221146	8.287974	-0.057224	3.578468
314.325926	3417.961450	8.292979	-0.057295	3.582387
314.849326	3426.789692	8.297984	-0.057396	3.586349
315.142302	3435.683790	8.302989	-0.057456	3.590325
315.496405	3444.584125	8.307994	-0.057527	3.594303
316.109047	3453.606670	8.312998	-0.057645	3.598341
316.415275	3462.609220	8.318003	-0.057707	3.602353
317.039545	3471.586641	8.323008	-0.057828	3.606362
317.443871	3480.557984	8.328013	-0.057908	3.610355
317.785505	3489.613168	8.333018	-0.057976	3.614378
318.153838	3498.808179	8.338022	-0.058050	3.618460
318.630630	3507.932757	8.343027	-0.058143	3.622510
319.109757	3517.130583	8.348032	-0.058237	3.626588
319.317319	3526.442614	8.353037	-0.058281	3.630700
319.861835	3535.758409	8.358042	-0.058388	3.634823
320.094514	3545.215974	8.363046	-0.058436	3.638991
320.374577	3554.671526	8.368051	-0.058494	3.643155
320.916233	3564.247438	8.373056	-0.058600	3.647378
321.323512	3573.838728	8.378061	-0.058681	3.651597
321.669108	3583.498470	8.383066	-0.058750	3.655839
322.329579	3593.122470	8.388070	-0.058878	3.660073
322.721964	3602.739195	8.393075	-0.058956	3.664287
323.061338	3612.502474	8.398080	-0.059025	3.668559
323.327233	3622.307053	8.403085	-0.059080	3.672840
323.795476	3632.195753	8.408090	-0.059172	3.677161
324.296129	3642.174589	8.413094	-0.059271	3.681518
324.466070	3652.174271	8.418099	-0.059308	3.685865
325.061304	3662.209615	8.423104	-0.059424	3.690239
325.278110	3672.293917	8.428109	-0.059471	3.694614
325.751780	3682.487517	8.433114	-0.059564	3.699042
326.146119	3692.648014	8.438118	-0.059643	3.703446
326.552040	3702.939967	8.443123	-0.059724	3.707903
326.949364	3713.251110	8.448128	-0.059804	3.712361
327.381193	3723.629825	8.453133	-0.059890	3.716845
327.812719	3734.048961	8.458138	-0.059976	3.721341
328.450430	3744.448604	8.463142	-0.060100	3.725831
328.932212	3754.788434	8.468147	-0.060195	3.730283
329.278215	3765.225226	8.473152	-0.060266	3.734767
329.721038	3775.744263	8.478157	-0.060354	3.739284
330.204010	3786.210560	8.483162	-0.060449	3.743774
330.578538	3796.787888	8.488166	-0.060525	3.748302
330.816917	3807.439374	8.493171	-0.060575	3.752851
331.305091	3818.214700	8.498176	-0.060672	3.757457
331.734135	3828.973472	8.503181	-0.060758	3.762048
332.128737	3839.781027	8.508186	-0.060837	3.766652
332.632988	3850.630002	8.513190	-0.060937	3.771272
332.964462	3861.546750	8.518195	-0.061005	3.775909
333.612977	3872.436952	8.523200	-0.061131	3.780540
333.917322	3883.334561	8.528205	-0.061194	3.785157
334.373389	3894.327994	8.533210	-0.061285	3.789813
334.898610	3905.341844	8.538214	-0.061389	3.794475
335.228217	3916.425733	8.543219	-0.061456	3.799153
335.756255	3927.518320	8.548224	-0.061561	3.803836
336.078663	3938.690123	8.553229	-0.061627	3.808540
336.501396	3949.837569	8.558234	-0.061712	3.813231
336.941396	3961.148160	8.563239	-0.061800	3.817984
337.415817	3972.356701	8.568243	-0.061895	3.822691
337.845614	3983.721427	8.573248	-0.061981	3.827455
338.348851	3995.040476	8.578253	-0.062081	3.832197
338.548909	4006.494583	8.583258	-0.062125	3.836978
339.104284	4018.127607	8.588263	-0.062234	3.841840
339.528204	4029.632696	8.593267	-0.062320	3.846638
339.946712	4041.162647	8.598272	-0.062404	3.851441
340.531384	4052.697173	8.603277	-0.062519	3.856245
340.896593	4064.254111	8.608282	-0.062594	3.861044
341.495573	4075.868222	8.613287	-0.062711	3.865869
341.910713	4087.481390	8.618291	-0.062795	3.870681
342.423489	4099.148171	8.623296	-0.062897	3.875513
343.011590	4110.760734	8.628301	-0.063012	3.880319
343.450715	4122.346359	8.633306	-0.063101	3.885102
343.816328	4134.057398	8.638311	-0.063175	3.889929
344.231233	4145.788336	8.643315	-0.063259	3.894759
344.704022	4157.573590	8.648320	-0.063354	3.899608
345.083334	4169.401196	8.653325	-0.063431	3.904464
345.516371	4181.290611	8.658330	-0.063518	3.909342
345.949925	4193.213461	8.663335	-0.063606	3.914227
346.376651	4205.268408	8.668339	-0.063692	3.919159
346.824622	4217.284990	8.673344	-0.063782	3.924070
347.374397	4229.314954	8.678349	-0.063891	3.928984
347.630497	4241.362099	8.683354	-0.063946	3.933889
348.277539	4253.534368	8.688359	-0.064072	3.938851
348.634677	4265.587289	8.693363	-0.064146	3.943749
349.169278	4277.780352	8.698368	-0.064252	3.948704
349.584462	4289.982972	8.703373	-0.064336	3.953652
349.900935	4302.269953	8.708378	-0.064402	3.958624
350.544296	4314.561112	8.713383	-0.064529	3.963603
351.038497	4326.802933	8.718387	-0.064627	3.968550
351.440865	4339.131107	8.723392	-0.064709	3.973523
351.907648	4351.523668	8.728397	-0.064803	3.978518
352.323666	4363.863616	8.733402	-0.064887	3.983483
352.883841	4376.267439	8.738407	-0.064998	3.988473
353.170632	4388.738423	8.743411	-0.065059	3.993474
353.656012	4401.352351	8.748416	-0.065156	3.998532
354.121913	4413.955102	8.753421	-0.065250	4.003579
354.602799	4426.492255	8.758426	-0.065347	4.008594
354.993535	4439.156508	8.763431	-0.065427	4.013650
355.355917	4451.810845	8.768435	-0.065501	4.018695
355.895950	4464.538053	8.773440	-0.065609	4.023767
356.197438	4477.336414	8.778445	-0.065673	4.028854
356.655701	4490.172658	8.783450	-0.065765	4.033955
357.076358	4503.127682	8.788455	-0.065851	4.039095
357.597711	4515.998836	8.793459	-0.065955	4.044198
357.985058	4528.974751	8.798464	-0.066035	4.049331
358.548863	4541.942639	8.803469	-0.066147	4.054461
358.997174	4554.918269	8.808474	-0.066237	4.059583
359.509776	4567.926589	8.813479	-0.066340	4.064713
359.899750	4580.960539	8.818483	-0.066420	4.069844
360.426459	4594.089774	8.823488	-0.066525	4.075009
360.738133	4607.232283	8.828493	-0.066591	4.080166
361.200592	4620.459133	8.833498	-0.066685	4.085354
361.821702	4633.643078	8.838503	-0.066808	4.090523
362.323911	4646.825318	8.843507	-0.066908	4.095682
362.751067	4659.992942	8.848512	-0.066995	4.100826
363.101296	4673.292737	8.853517	-0.067068	4.106013
363.553766	4686.572716	8.858522	-0.067160	4.111188
363.957584	4700.024385	8.863527	-0.067243	4.116422
364.439806	4713.427603	8.868531	-0.067340	4.121633
364.934362	4726.877109	8.873536	-0.067440	4.126855
365.447608	4740.358054	8.878541	-0.067543	4.132083
365.809231	4753.878946	8.883546	-0.067618	4.137316
366.326801	4767.402527	8.888551	-0.067722	4.142547
366.914651	4780.950138	8.893555	-0.067839	4.147783
367.370171	4794.525848	8.898560	-0.067931	4.153019
367.865920	4808.123617	8.903565	-0.068031	4.158258
368.206683	4821.738697	8.908570	-0.068103	4.163493
368.772114	4835.423788	8.913575	-0.068216	4.168754
369.079139	4849.098052	8.918579	-0.068281	4.173997
369.603663	4862.825168	8.923584	-0.068386	4.179260
369.964225	4876.658471	8.928589	-0.068461	4.184552
370.643052	4890.411673	8.933594	-0.068595	4.189815
371.036444	4904.217688	8.938599	-0.068676	4.195084
371.536332	4918.080398	8.943603	-0.068777	4.200370
372.057204	4931.933259	8.948608	-0.068882	4.205647
372.465464	4945.795503	8.953613	-0.068966	4.210917
372.983161	4959.684871	8.958618	-0.069070	4.216194
373.600806	4973.543532	8.963623	-0.069193	4.221455
373.840047	4987.452233	8.968627	-0.069245	4.226719
374.506652	5001.476342	8.973632	-0.069377	4.232030
374.744354	5015.571232	8.978637	-0.069430	4.237351
375.229660	5029.639467	8.983642	-0.069528	4.242661
375.715975	5043.751359	8.988647	-0.069627	4.247980
376.135940	5057.873766	8.993651	-0.069713	4.253296
376.670524	5072.025379	8.998656	-0.069821	4.258618
377.003500	5086.309183	9.003661	-0.069891	4.263978
377.365708	5100.594395	9.008666	-0.069967	4.269332
377.938973	5114.979403	9.013671	-0.070081	4.274722
378.382041	5129.336473	9.018675	-0.070172	4.280092
378.860470	5143.684629	9.023680	-0.070269	4.285452
379.335230	5158.162901	9.028685	-0.070366	4.290854
379.917553	5172.592025	9.033690	-0.070482	4.296232
380.426581	5187.003632	9.038695	-0.070585	4.301596
380.867407	5201.440153	9.043699	-0.070676	4.306961
381.382994	5215.936139	9.048704	-0.070780	4.312343
381.898475	5230.491141	9.053709	-0.070884	4.317740
382.280870	5244.997234	9.058714	-0.070964	4.323109
382.582147	5259.652450	9.063719	-0.071029	4.328524
383.047759	5274.356630	9.068723	-0.071124	4.333954
383.717386	5288.966948	9.073728	-0.071256	4.339347
384.303008	5303.562473	9.078733	-0.071373	4.344726
384.681974	5318.176299	9.083738	-0.071453	4.350100
385.245711	5332.901142	9.088743	-0.071566	4.355513
385.649860	5347.537665	9.093747	-0.071649	4.360883
386.199426	5362.248476	9.098752	-0.071760	4.366276
386.820316	5376.935458	9.103757	-0.071884	4.371655
387.195357	5391.610003	9.108762	-0.071962	4.377018
387.673647	5406.346027	9.113767	-0.072060	4.382399
388.049251	5421.152443	9.118771	-0.072138	4.387796
388.602019	5436.034805	9.123776	-0.072250	4.393218
389.105059	5450.870676	9.128781	-0.072352	4.398616
389.731925	5465.656505	9.133786	-0.072476	4.403991
390.196733	5480.408241	9.138791	-0.072571	4.409343
390.505184	5495.309119	9.143795	-0.072638	4.414740
390.996624	5510.197243	9.148800	-0.072738	4.420129
391.602558	5525.127350	9.153805	-0.072859	4.425529
391.861503	5540.134885	9.158810	-0.072916	4.430944
392.377820	5555.191087	9.163815	-0.073021	4.436374
392.676888	5570.279869	9.168819	-0.073085	4.441805
393.395351	5585.394686	9.173824	-0.073227	4.447246
393.935605	5600.541052	9.178829	-0.073337	4.452689
394.151257	5615.613688	9.183834	-0.073386	4.458092
394.788797	5630.852195	9.188839	-0.073513	4.463556
395.227142	5646.021838	9.193843	-0.073603	4.468985
395.760360	5661.284349	9.198848	-0.073711	4.474442
396.312927	5676.364269	9.203853	-0.073823	4.479827
396.697402	5691.586749	9.208858	-0.073903	4.485254
397.289046	5706.825839	9.213863	-0.074022	4.490684
397.802965	5722.101622	9.218867	-0.074126	4.496118
398.323950	5737.289386	9.223872	-0.074232	4.501515
398.941306	5752.559082	9.228877	-0.074355	4.506936
399.246554	5767.771404	9.233882	-0.074421	4.512324
399.815138	5783.090580	9.238887	-0.074536	4.517748
400.053959	5798.431526	9.243891	-0.074589	4.523168
400.653603	5813.863013	9.248896	-0.074710	4.528619
401.103523	5829.314193	9.253901	-0.074802	4.534068
401.476668	5844.758490	9.258906	-0.074881	4.539506
402.090732	5860.260513	9.263911	-0.075004	4.544962
402.623472	5875.761234	9.268915	-0.075112	4.550410
402.997158	5891.298709	9.273920	-0.075191	4.555861
403.626139	5906.873258	9.278925	-0.075316	4.561323
404.204070	5922.326229	9.283930	-0.075433	4.566735
404.889308	5937.764668	9.288935	-0.075569	4.572136
405.114348	5953.153086	9.293939	-0.075620	4.577507
405.661974	5968.690296	9.298944	-0.075731	4.582928
406.018013	5984.334367	9.303949	-0.075806	4.588377
406.616953	5999.941222	9.308954	-0.075927	4.593810
407.144793	6015.501590	9.313959	-0.076034	4.599219
407.739653	6031.094108	9.318963	-0.076153	4.604634
408.196168	6046.648891	9.323968	-0.076247	4.610027
408.658499	6062.266253	9.328973	-0.076342	4.615436
409.187743	6077.819101	9.333978	-0.076450	4.620817
409.775392	6093.487705	9.338983	-0.076568	4.626232
410.198503	6109.134549	9.343987	-0.076656	4.631631
410.708444	6124.850076	9.348992	-0.076760	4.637048
411.263745	6140.492653	9.353997	-0.076872	4.642434
411.624843	6156.069513	9.359002	-0.076948	4.647789
411.963314	6171.902241	9.364007	-0.077021	4.653225
412.313212	6187.746022	9.369011	-0.077095	4.658659
412.923416	6203.617878	9.374016	-0.077218	4.664099
413.438732	6219.548846	9.379021	-0.077323	4.669551
414.018521	6235.357369	9.384026	-0.077440	4.674956
414.468860	6251.248027	9.389031	-0.077533	4.680382
414.887248	6267.112788	9.394035	-0.077620	4.685791
415.243905	6283.229808	9.399040	-0.077696	4.691279
415.982450	6299.151897	9.404045	-0.077842	4.696699
416.373704	6315.095162	9.409050	-0.077924	4.702116
417.207929	6330.958596	9.414055	-0.078088	4.707505
417.514730	6346.901659	9.419059	-0.078155	4.712907
418.131732	6362.812838	9.424064	-0.078279	4.718297
418.655717	6378.696859	9.429069	-0.078385	4.723670
419.000951	6394.615604	9.434074	-0.078459	4.729046
419.502226	6410.615149	9.439079	-0.078562	4.734446
419.924857	6426.604414	9.444083	-0.078650	4.739834
420.466701	6442.656583	9.449088	-0.078760	4.745239
420.942889	6458.754713	9.454093	-0.078858	4.750652
421.333525	6474.878982	9.459098	-0.078940	4.756067
421.920306	6491.036195	9.464103	-0.079058	4.761489
422.400109	6507.123269	9.469107	-0.079157	4.766879
422.825326	6523.315635	9.474112	-0.079246	4.772299
423.336295	6539.463309	9.479117	-0.079350	4.777697
423.722196	6555.697123	9.484122	-0.079431	4.783118
424.376547	6572.014684	9.489127	-0.079562	4.788562
424.706676	6588.322501	9.494131	-0.079634	4.793994
425.182966	6604.637262	9.499136	-0.079732	4.799423
425.879927	6620.947517	9.504141	-0.079870	4.804846
426.403746	6637.152706	9.509146	-0.079977	4.810227
426.824056	6653.406726	9.514151	-0.080065	4.815617
427.440880	6669.702084	9.519155	-0.080189	4.821016
427.825340	6685.924362	9.524160	-0.080270	4.826383
428.347721	6702.340003	9.529165	-0.080377	4.831809
428.726670	6718.629704	9.534170	-0.080457	4.837185
429.178787	6735.046801	9.539175	-0.080551	4.842599
429.763981	6751.485763	9.544179	-0.080669	4.848014
430.256678	6767.907956	9.549184	-0.080770	4.853417
430.635925	6784.396457	9.554189	-0.080851	4.858835
431.322451	6800.825415	9.559194	-0.080988	4.864229
431.771989	6817.312423	9.564199	-0.081081	4.869635
432.345711	6833.774962	9.569203	-0.081197	4.875027
432.764628	6850.167240	9.574208	-0.081285	4.880389
433.316721	6866.709575	9.579213	-0.081397	4.885795
433.482763	6883.240495	9.584218	-0.081438	4.891188
434.322837	6899.832649	9.589223	-0.081603	4.896601
434.662739	6916.400527	9.594227	-0.081677	4.901995
435.183506	6932.979017	9.599232	-0.081783	4.907388
435.751747	6949.612619	9.604237	-0.081898	4.912794
436.129504	6966.192097	9.609242	-0.081979	4.918174
436.651727	6982.904554	9.614247	-0.082085	4.923593
437.153940	6999.561939	9.619251	-0.082189	4.928987
437.518461	7016.221502	9.624256	-0.082266	4.934376
438.049498	7033.039336	9.629261	-0.082375	4.939810
438.370944	7049.814462	9.634266	-0.082445	4.945223
439.089518	7066.747774	9.639271	-0.082588	4.950684
439.547267	7083.605420	9.644275	-0.082683	4.956112
440.049974	7100.369327	9.649280	-0.082786	4.961505
440.584368	7117.270922	9.654285	-0.082896	4.966936
441.112618	7133.971482	9.659290	-0.083004	4.972297
441.684016	7150.789138	9.664295	-0.083119	4.977689
442.158082	7167.534479	9.669299	-0.083217	4.983052
442.549577	7184.450107	9.674304	-0.083300	4.988462
443.247373	7201.268742	9.679309	-0.083440	4.993838
443.681010	7218.003676	9.684314	-0.083530	4.999179
444.173739	7234.810788	9.689319	-0.083632	5.004538
444.595934	7251.687461	9.694323	-0.083720	5.009913
444.951757	7268.610143	9.699328	-0.083797	5.015296
445.685248	7285.585926	9.704333	-0.083943	5.020692
445.956757	7302.529259	9.709338	-0.084003	5.026070
446.636038	7319.601403	9.714343	-0.084139	5.031484
447.112542	7336.495037	9.719347	-0.084238	5.036836
447.528076	7353.442413	9.724352	-0.084325	5.042198
448.055516	7370.541141	9.729357	-0.084433	5.047602
448.334857	7387.552947	9.734362	-0.084496	5.052972
448.728050	7404.779822	9.739367	-0.084579	5.058405
449.462461	7421.957900	9.744371	-0.084725	5.063817
449.719234	7439.164555	9.749376	-0.084784	5.069231
450.283529	7456.443957	9.754381	-0.084899	5.074663
450.777375	7473.665489	9.759386	-0.085001	5.080071
451.277644	7490.957503	9.764391	-0.085104	5.085495
451.842501	7508.242782	9.769395	-0.085219	5.090911
452.153196	7525.537483	9.774400	-0.085287	5.096323
452.793209	7542.897630	9.779405	-0.085416	5.101751
453.263672	7560.230325	9.784410	-0.085514	5.107164
453.768316	7577.765775	9.789415	-0.085618	5.112634
454.244556	7595.112111	9.794419	-0.085717	5.118040
454.648072	7612.488809	9.799424	-0.085802	5.123449
455.301087	7629.975702	9.804429	-0.085934	5.128887
455.712166	7647.281296	9.809434	-0.086020	5.134262
456.140232	7664.769372	9.814439	-0.086110	5.139688
456.607717	7682.313316	9.819443	-0.086208	5.145125
457.151480	7699.825268	9.824448	-0.086319	5.150547
457.628384	7717.327217	9.829453	-0.086418	5.155960
458.193205	7734.800941	9.834458	-0.086533	5.161359
458.630460	7752.400373	9.839463	-0.086625	5.166790
459.184111	7769.887397	9.844467	-0.086738	5.172181
459.487929	7787.491618	9.849472	-0.086806	5.177602
460.112212	7805.148781	9.854477	-0.086932	5.183034
460.603994	7822.756336	9.859482	-0.087034	5.188445
461.021377	7840.432791	9.864487	-0.087122	5.193871
461.441820	7858.187158	9.869491	-0.087211	5.199315
462.084820	7875.912994	9.874496	-0.087340	5.204745
462.416356	7893.646305	9.879501	-0.087413	5.210171
462.928462	7911.406227	9.884506	-0.087518	5.215600
463.473785	7929.208556	9.889511	-0.087630	5.221035
464.042773	7946.672435	9.894515	-0.087746	5.226362

464.580970	7963.814251	9.899520	-0.087856	5.231585
465.105179	7980.660638	9.904525	-0.087964	5.236713
465.511183	7997.101774	9.909530	-0.088049	5.241713
465.926820	8013.366657	9.914535	-0.088136	5.246654
466.441632	8029.312786	9.919539	-0.088241	5.251494
466.920190	8044.894901	9.924544	-0.088339	5.256218
467.378054	8060.264534	9.929549	-0.088433	5.260875
467.903879	8075.305628	9.934554	-0.088539	5.265427
468.052385	8090.196192	9.939559	-0.088576	5.269930
468.771323	8104.850738	9.944563	-0.088718	5.274358
469.128478	8119.008162	9.949568	-0.088793	5.278632
469.524439	8132.933064	9.954573	-0.088875	5.282832
470.000531	8146.577351	9.959578	-0.088971	5.286945
470.258606	8160.001608	9.964583	-0.089027	5.290988
470.754668	8173.244150	9.969587	-0.089127	5.294972
471.114187	8186.099704	9.974592	-0.089201	5.298838
471.526057	8198.800872	9.979597	-0.089285	5.302654
471.991474	8211.131017	9.984602	-0.089378	5.306357
472.200021	8223.293968	9.989607	-0.089424	5.310006
472.669369	8235.279248	9.994611	-0.089519	5.313600
473.006846	8246.859507	9.999616	-0.089588	5.317069
473.327592	8258.378591	10.004621	-0.089654	5.320519
473.648905	8269.575574	10.009626	-0.089721	5.323869
473.866512	8280.697714	10.014631	-0.089768	5.327195
474.379020	8291.511121	10.019635	-0.089869	5.330427
474.729780	8302.025031	10.024640	-0.089940	5.333567
474.982639	8312.381473	10.029645	-0.089993	5.336658
475.359764	8322.527188	10.034650	-0.090069	5.339685
475.605868	8332.416099	10.039655	-0.090120	5.342633
476.082022	8342.180227	10.044659	-0.090214	5.345542
476.293750	8351.727749	10.049664	-0.090259	5.348386
476.610935	8360.947694	10.054669	-0.090323	5.351130
476.903847	8370.037982	10.059674	-0.090383	5.353834
477.172492	8378.893394	10.064679	-0.090438	5.356467
477.468167	8387.684160	10.069683	-0.090498	5.359080
477.809007	8396.122368	10.074688	-0.090566	5.361586
478.260237	8404.468860	10.079693	-0.090654	5.364064
478.389142	8412.467302	10.084698	-0.090683	5.366438
478.698025	8420.405687	10.089703	-0.090745	5.368792
478.906892	8428.051948	10.094707	-0.090788	5.371059
479.263605	8435.648102	10.099712	-0.090858	5.373310
479.416178	8442.994847	10.104717	-0.090891	5.375487
479.819012	8450.163578	10.109722	-0.090969	5.377609
479.880481	8457.184315	10.114727	-0.090985	5.379688
480.197141	8464.130119	10.119731	-0.091048	5.381743
480.442649	8470.843661	10.124736	-0.091097	5.383729
480.665536	8477.424384	10.129741	-0.091142	5.385674
480.910840	8483.868366	10.134746	-0.091191	5.387579
481.225256	8490.076635	10.139751	-0.091253	5.389412
481.564834	8496.061191	10.144755	-0.091319	5.391179
481.694182	8501.870061	10.149760	-0.091346	5.392895
481.814445	8507.687063	10.154765	-0.091372	5.394612
482.290339	8513.200907	10.159770	-0.091463	5.396238
482.448340	8518.624142	10.164775	-0.091495	5.397837
482.640380	8523.784768	10.169779	-0.091534	5.399359
482.798624	8528.827926	10.174784	-0.091566	5.400846
482.941541	8533.935883	10.179789	-0.091595	5.402351
483.154749	8538.849049	10.184794	-0.091637	5.403799
483.379838	8543.430971	10.189799	-0.091682	5.405148
483.604120	8548.120069	10.194803	-0.091726	5.406528
483.676453	8552.554178	10.199808	-0.091742	5.407834
483.764467	8557.017131	10.204813	-0.091760	5.409148
483.844691	8561.228641	10.209818	-0.091778	5.410387
484.109754	8565.547321	10.214823	-0.091829	5.411657
484.273887	8569.636622	10.219827	-0.091862	5.412860
484.460784	8573.565798	10.224832	-0.091898	5.414015
484.634468	8577.412872	10.229837	-0.091932	5.415146
484.863533	8581.176509	10.234842	-0.091977	5.416252
484.810286	8584.882224	10.239847	-0.091969	5.417341
485.052935	8588.475512	10.244851	-0.092016	5.418396
485.059760	8591.881700	10.249856	-0.092019	5.419397
485.143500	8595.314995	10.254861	-0.092036	5.420406
485.402788	8598.742665	10.259866	-0.092086	5.421412
485.513370	8602.001141	10.264871	-0.092108	5.422368
485.523667	8605.205756	10.269875	-0.092112	5.423309
485.885420	8608.313365	10.274880	-0.092180	5.424220
485.986109	8611.196920	10.279885	-0.092200	5.425066
486.100984	8614.038571	10.284890	-0.092223	5.425900
486.200824	8616.788973	10.289895	-0.092243	5.426707
486.313208	8619.437803	10.294899	-0.092265	5.427483
486.412243	8622.176251	10.299904	-0.092285	5.428286
486.539673	8624.809046	10.304909	-0.092310	5.429058
486.835340	8627.095278	10.309914	-0.092365	5.429727
486.931532	8629.353608	10.314919	-0.092384	5.430389
487.037287	8631.544199	10.319923	-0.092405	5.431031
487.083443	8633.678881	10.324928	-0.092415	5.431657
487.144913	8635.796978	10.329933	-0.092427	5.432278
487.281567	8637.922730	10.334938	-0.092453	5.432900
487.490410	8639.885654	10.339943	-0.092493	5.433474
487.429999	8641.664015	10.344947	-0.092482	5.433996
487.545902	8643.400194	10.349952	-0.092505	5.434504
487.590150	8645.282624	10.354957	-0.092514	5.435055
487.860751	8646.904043	10.359962	-0.092564	5.435529
487.948009	8648.518840	10.364967	-0.092581	5.436002
487.759874	8650.066034	10.369971	-0.092547	5.436456
488.059718	8651.596630	10.374976	-0.092603	5.436903
488.176584	8652.988376	10.379981	-0.092625	5.437310
488.254250	8654.351969	10.384986	-0.092640	5.437709
488.180273	8655.805258	10.389991	-0.092627	5.438135
488.320717	8657.046240	10.394995	-0.092653	5.438498
488.370267	8658.347897	10.400000	-0.092663	5.438879
488.590573	8659.443001	10.405005	-0.092704	5.439198
488.758894	8660.396667	10.410010	-0.092735	5.439477
488.865172	8661.385784	10.415015	-0.092755	5.439766
488.805201	8662.327825	10.420019	-0.092745	5.440042
488.812864	8663.166323	10.425024	-0.092746	5.440287
488.876380	8664.071785	10.430029	-0.092758	5.440552
488.935742	8664.968701	10.435034	-0.092769	5.440814
489.100522	8665.845812	10.440039	-0.092800	5.441070
489.130775	8666.469277	10.445043	-0.092806	5.441253
489.248415	8667.138812	10.450048	-0.092827	5.441448
489.260830	8667.907182	10.455053	-0.092830	5.441673
489.369763	8668.107162	10.460058	-0.092850	5.441731
489.481116	8669.143742	10.465063	-0.092871	5.442034
489.422045	8669.238916	10.470067	-0.092860	5.442062
489.560029	8669.936595	10.475072	-0.092885	5.442265
489.734066	8670.267718	10.480077	-0.092917	5.442362
489.531316	8670.269082	10.485082	-0.092879	5.442363
489.550431	8671.223372	10.490087	-0.092883	5.442642
489.635259	8671.380365	10.495091	-0.092899	5.442688
489.763686	8671.356555	10.500096	-0.092922	5.442680
489.757058	8672.103492	10.505101	-0.092921	5.442899
489.834293	8672.473839	10.510106	-0.092935	5.443007
489.874878	8672.442375	10.515111	-0.092942	5.442997
490.065187	8672.502697	10.520115	-0.092977	5.443014
489.930972	8672.460203	10.525120	-0.092952	5.443002
490.124399	8672.477878	10.530125	-0.092987	5.443007
490.013314	8672.439983	10.535130	-0.092966	5.442996
490.023573	8672.431566	10.540135	-0.092968	5.442993
490.026241	8673.304626	10.545139	-0.092969	5.443249
490.263557	8673.416857	10.550144	-0.093012	5.443281
490.223499	8672.457824	10.555149	-0.093004	5.443000
490.124338	8672.403022	10.560154	-0.092985	5.442985
490.346863	8672.489418	10.565159	-0.093026	5.443009
490.366353	8672.491806	10.570163	-0.093029	5.443010
490.459022	8672.484565	10.575168	-0.093046	5.443007
490.565628	8672.520213	10.580173	-0.093065	5.443017
490.513309	8672.489559	10.585178	-0.093055	5.443008
490.562162	8671.401635	10.590183	-0.093063	5.442690
490.618977	8671.364000	10.595187	-0.093074	5.442679
490.816543	8671.364654	10.600192	-0.093110	5.442678
490.597207	8670.283647	10.605197	-0.093068	5.442363
490.604540	8670.219698	10.610202	-0.093069	5.442344
490.644676	8670.284274	10.615207	-0.093076	5.442363
490.675772	8669.541964	10.620211	-0.093081	5.442146
490.777633	8669.244596	10.625216	-0.093100	5.442058
490.676655	8669.253810	10.630221	-0.093081	5.442061
490.687322	8668.135651	10.635226	-0.093082	5.441734
490.850886	8668.135810	10.640231	-0.093111	5.441733
490.893363	8667.692505	10.645235	-0.093119	5.441604
490.833776	8667.130397	10.650240	-0.093107	5.441439
490.950923	8666.690305	10.655245	-0.093128	5.441310
490.870636	8665.991370	10.660250	-0.093112	5.441106
490.990181	8665.591878	10.665255	-0.093134	5.440989
491.083785	8664.980787	10.670259	-0.093150	5.440809
491.035482	8664.209824	10.675264	-0.093141	5.440584
491.238164	8663.800867	10.680269	-0.093177	5.440463
491.118363	8662.909472	10.685274	-0.093154	5.440203
491.036683	8662.244798	10.690279	-0.093139	5.440009
491.037918	8661.737048	10.695283	-0.093138	5.439860
491.069853	8660.952417	10.700288	-0.093143	5.439630
491.321391	8660.433276	10.705293	-0.093189	5.439477
491.084630	8659.649201	10.710298	-0.093144	5.439249
491.242953	8659.113855	10.715303	-0.093173	5.439092
491.121542	8658.540486	10.720307	-0.093150	5.438924
491.067513	8657.622549	10.725312	-0.093139	5.438656
491.239265	8657.123700	10.730317	-0.093170	5.438509
491.372306	8656.325737	10.735322	-0.093194	5.438275
491.380325	8655.504739	10.740327	-0.093194	5.438034
491.111858	8654.477347	10.745331	-0.093144	5.437735
491.161697	8653.989676	10.750336	-0.093152	5.437592
491.194581	8653.384499	10.755341	-0.093158	5.437414
491.240071	8652.348792	10.760346	-0.093165	5.437111
491.252748	8651.647439	10.765351	-0.093167	5.436906
491.379725	8651.035108	10.770355	-0.093189	5.436726
491.377476	8650.197145	10.775360	-0.093188	5.436480
491.254527	8649.208324	10.780365	-0.093165	5.436191
491.530930	8648.414785	10.785370	-0.093215	5.435958
491.520942	8647.459588	10.790375	-0.093212	5.435678
491.494049	8646.655553	10.795379	-0.093206	5.435443
491.396778	8645.744014	10.800384	-0.093187	5.435176
491.621771	8644.781516	10.805389	-0.093228	5.434893
491.527958	8643.776340	10.810394	-0.093209	5.434599
491.538884	8642.734291	10.815399	-0.093210	5.434294
491.547112	8641.943729	10.820403	-0.093211	5.434062
491.462370	8640.994243	10.825408	-0.093195	5.433784
491.627808	8640.112134	10.830413	-0.093224	5.433525
491.533420	8639.060337	10.835418	-0.093206	5.433217
491.584315	8638.127756	10.840423	-0.093214	5.432944
491.497135	8637.193353	10.845427	-0.093197	5.432670
491.485080	8636.208885	10.850432	-0.093194	5.432382
491.506921	8635.284576	10.855437	-0.093197	5.432111
491.401991	8634.277658	10.860442	-0.093177	5.431816
491.415583	8633.468360	10.865447	-0.093179	5.431579
491.443112	8632.597514	10.870451	-0.093183	5.431323
491.403249	8631.717286	10.875456	-0.093174	5.431066
491.470205	8630.840661	10.880461	-0.093186	5.430808
491.436894	8630.009588	10.885466	-0.093179	5.430565
491.691530	8628.992863	10.890471	-0.093225	5.430266
491.541309	8627.928198	10.895475	-0.093196	5.429954
491.553585	8626.923256	10.900480	-0.093197	5.429659
491.671067	8626.047521	10.905485	-0.093218	5.429402
491.539307	8624.989668	10.910490	-0.093193	5.429092
491.511337	8624.116351	10.915495	-0.093187	5.428836
491.643536	8623.123847	10.920499	-0.093210	5.428545
491.789483	8622.018746	10.925504	-0.093236	5.428220
491.700191	8620.919119	10.930509	-0.093219	5.427898
491.610778	8619.808917	10.935514	-0.093201	5.427573
491.740298	8618.795312	10.940519	-0.093224	5.427275
491.648130	8617.729898	10.945523	-0.093206	5.426963
491.611838	8616.695077	10.950528	-0.093198	5.426659
491.614109	8615.688484	10.955533	-0.093198	5.426364
491.521266	8614.723263	10.960538	-0.093180	5.426081
491.638294	8613.692741	10.965543	-0.093200	5.425778
491.525755	8612.755032	10.970547	-0.093179	5.425503
491.584576	8611.753646	10.975552	-0.093188	5.425209
491.705219	8610.719073	10.980557	-0.093210	5.424905
491.522505	8609.706155	10.985562	-0.093175	5.424609
491.781238	8608.684115	10.990567	-0.093222	5.424308
491.746812	8607.749805	10.995571	-0.093214	5.424034
491.588415	8606.631023	11.000576	-0.093184	5.423706
491.699373	8605.564697	11.005581	-0.093204	5.423392
491.747365	8604.525269	11.010586	-0.093212	5.423087
491.691437	8603.367600	11.015591	-0.093200	5.422747
491.858657	8602.283035	11.020595	-0.093230	5.422428
491.806594	8601.066017	11.025600	-0.093219	5.422071
491.801729	8599.966627	11.030605	-0.093217	5.421748
491.664258	8598.935779	11.035610	-0.093191	5.421446
491.667026	8597.834491	11.040615	-0.093190	5.421123
491.594934	8596.842865	11.045619	-0.093176	5.420832
491.572142	8595.809405	11.050624	-0.093171	5.420528
491.778462	8594.825662	11.055629	-0.093208	5.420238
491.667828	8593.725313	11.060634	-0.093187	5.419916
491.805961	8592.628166	11.065639	-0.093211	5.419593
491.793096	8591.618443	11.070643	-0.093208	5.419296
491.758228	8590.585123	11.075648	-0.093200	5.418993
491.646934	8589.476529	11.080653	-0.093179	5.418667
491.637889	8588.450032	11.085658	-0.093176	5.418366
491.688080	8587.373336	11.090663	-0.093184	5.418049
491.673194	8586.380878	11.095667	-0.093181	5.417758
491.651475	8585.224799	11.100672	-0.093176	5.417418
491.862378	8584.143910	11.105677	-0.093213	5.417100
491.773820	8583.002010	11.110682	-0.093196	5.416764
491.663273	8581.966121	11.115687	-0.093175	5.416460
491.723836	8580.906919	11.120691	-0.093185	5.416149
491.786645	8579.811697	11.125696	-0.093195	5.415826
491.587491	8578.715439	11.130701	-0.093158	5.415505
491.768045	8577.664266	11.135706	-0.093190	5.415195
491.823219	8576.511803	11.140711	-0.093199	5.414856
491.715267	8575.431734	11.145715	-0.093178	5.414539
491.731082	8574.429683	11.150720	-0.093180	5.414244
491.766387	8573.427923	11.155725	-0.093186	5.413949
491.723268	8572.227819	11.160730	-0.093176	5.413597
491.805090	8571.103613	11.165735	-0.093190	5.413266
491.749086	8570.011768	11.170739	-0.093179	5.412945
491.687005	8568.856236	11.175744	-0.093167	5.412605
491.766276	8567.868044	11.180749	-0.093180	5.412314
491.606622	8566.715720	11.185754	-0.093150	5.411976
491.657558	8565.816437	11.190759	-0.093158	5.411711
491.641592	8564.710541	11.195763	-0.093154	5.411386
491.820260	8563.653730	11.200768	-0.093186	5.411074
491.925550	8562.513339	11.205773	-0.093205	5.410738
491.667935	8561.264716	11.210778	-0.093156	5.410372
491.730960	8560.242781	11.215783	-0.093167	5.410071
491.764052	8559.118711	11.220787	-0.093172	5.409740
491.761811	8558.040961	11.225792	-0.093170	5.409423
491.665522	8557.284596	11.230797	-0.093152	5.409200
491.566228	8556.123082	11.235802	-0.093132	5.408859
491.568897	8555.094354	11.240807	-0.093132	5.408556
491.556304	8554.171551	11.245811	-0.093129	5.408284
491.618193	8553.126663	11.250816	-0.093139	5.407976
491.665312	8552.227988	11.255821	-0.093147	5.407712
491.617559	8551.109821	11.260826	-0.093137	5.407383
491.602310	8550.129935	11.265831	-0.093133	5.407094
491.658606	8549.123373	11.270835	-0.093142	5.406798
491.537165	8548.157197	11.275840	-0.093119	5.406514
491.750285	8547.122886	11.280845	-0.093157	5.406208
491.607522	8546.090851	11.285850	-0.093130	5.405905
491.644358	8545.090640	11.290855	-0.093136	5.405610
491.719833	8544.008259	11.295859	-0.093149	5.405291
491.635223	8542.902893	11.300864	-0.093132	5.404966
491.702686	8541.913805	11.305869	-0.093144	5.404674
491.522741	8540.970668	11.310874	-0.093110	5.404397
491.404160	8540.257177	11.315879	-0.093087	5.404187
491.590653	8539.174233	11.320883	-0.093120	5.403867
491.405230	8538.089208	11.325888	-0.093085	5.403548
491.533858	8537.251524	11.330893	-0.093108	5.403301
491.419943	8536.387800	11.335898	-0.093086	5.403047
491.463542	8535.496251	11.340903	-0.093093	5.402784
491.444522	8534.623100	11.345907	-0.093089	5.402527
491.366501	8533.749322	11.350912	-0.093074	5.402269
491.473724	8532.884044	11.355917	-0.093092	5.402014
491.382945	8531.919118	11.360922	-0.093075	5.401730
491.550319	8531.132977	11.365927	-0.093105	5.401498
491.522703	8530.160385	11.370931	-0.093099	5.401211
491.522212	8529.200859	11.375936	-0.093098	5.400928
491.584905	8528.256919	11.380941	-0.093108	5.400650
491.439422	8527.289512	11.385946	-0.093081	5.400365
491.509584	8526.390226	11.390951	-0.093093	5.400100
491.636545	8525.440794	11.395955	-0.093115	5.399819
491.446457	8524.297294	11.400960	-0.093079	5.399483
491.656981	8523.634745	11.405965	-0.093117	5.399287
491.520856	8522.627471	11.410970	-0.093091	5.398990
491.628310	8521.682243	11.415975	-0.093110	5.398711
491.716781	8520.683922	11.420979	-0.093125	5.398416
491.513746	8519.591401	11.425984	-0.093087	5.398095
491.557947	8518.635041	11.430989	-0.093094	5.397812
491.525993	8517.675774	11.435994	-0.093087	5.397530
491.545429	8516.786972	11.440999	-0.093090	5.397267
491.578446	8515.803119	11.446003	-0.093095	5.396977
491.429746	8514.950659	11.451008	-0.093067	5.396726
491.488032	8513.890997	11.456013	-0.093076	5.396413
491.500832	8512.976912	11.461018	-0.093078	5.396143
491.329735	8512.122235	11.466023	-0.093045	5.395892
491.268040	8511.423259	11.471027	-0.093033	5.395686
491.343058	8510.617887	11.476032	-0.093046	5.395448
491.516533	8509.680322	11.481037	-0.093077	5.395171
491.460546	8508.642994	11.486042	-0.093066	5.394865
491.395989	8507.840460	11.491047	-0.093053	5.394628
491.403411	8507.157207	11.496051	-0.093054	5.394426
491.254802	8506.457491	11.501056	-0.093026	5.394220
491.352676	8505.570080	11.506061	-0.093043	5.393958
491.474638	8504.551827	11.511066	-0.093064	5.393657
491.434497	8503.734935	11.516071	-0.093056	5.393416
491.430876	8502.865597	11.521075	-0.093054	5.393159
491.429988	8502.061892	11.526080	-0.093053	5.392922
491.477076	8501.127617	11.531085	-0.093061	5.392646
491.393714	8500.221605	11.536090	-0.093045	5.392379
491.534698	8499.275734	11.541095	-0.093070	5.392099
491.552089	8498.381457	11.546099	-0.093072	5.391835
491.374140	8497.354065	11.551104	-0.093039	5.391532
491.498722	8496.625930	11.556109	-0.093061	5.391317
491.491438	8495.655413	11.561114	-0.093058	5.391030
491.390590	8494.810806	11.566119	-0.093039	5.390781
491.265879	8493.959648	11.571123	-0.093015	5.390530
491.214848	8493.136788	11.576128	-0.093005	5.390287
491.391457	8492.479114	11.581133	-0.093037	5.390092
491.346283	8491.736702	11.586138	-0.093028	5.389873
491.487990	8490.721508	11.591143	-0.093053	5.389573
491.361639	8490.018477	11.596147	-0.093029	5.389366
491.195692	8489.249550	11.601152	-0.092997	5.389139
491.243698	8488.666744	11.606157	-0.093005	5.388967
491.193193	8487.696209	11.611162	-0.092995	5.388680
491.222775	8487.096356	11.616167	-0.093000	5.388503
491.405314	8486.350191	11.621171	-0.093033	5.388282
491.206098	8485.597990	11.626176	-0.092995	5.388060
491.296037	8484.633298	11.631181	-0.093011	5.387775
491.282724	8483.927461	11.636186	-0.093008	5.387566
491.200734	8483.335031	11.641191	-0.092992	5.387391
491.444510	8482.422739	11.646195	-0.093036	5.387121
491.349516	8481.496447	11.651200	-0.093017	5.386847
491.487004	8480.743691	11.656205	-0.093042	5.386624
491.374363	8479.760275	11.661210	-0.093020	5.386334
491.274553	8479.085428	11.666215	-0.093001	5.386135
491.368691	8478.161242	11.671219	-0.093017	5.385861
491.195697	8477.304081	11.676224	-0.092985	5.385609
491.324818	8476.654888	11.681229	-0.093008	5.385416
491.242234	8475.931766	11.686234	-0.092992	5.385203
491.309345	8475.011686	11.691239	-0.093003	5.384930
491.469923	8474.170725	11.696243	-0.093032	5.384681
491.221533	8473.469259	11.701248	-0.092985	5.384475
491.339609	8472.931991	11.706253	-0.093006	5.384315
491.420699	8471.864400	11.711258	-0.093020	5.383999
491.255286	8471.035080	11.716263	-0.092989	5.383755
491.396216	8470.312321	11.721267	-0.093014	5.383541
491.269973	8469.548914	11.726272	-0.092990	5.383315
491.397562	8468.750080	11.731277	-0.093013	5.383078
491.175957	8467.696597	11.736282	-0.092971	5.382768
491.244005	8467.182209	11.741287	-0.092983	5.382615
491.321009	8466.547609	11.746291	-0.092996	5.382427
491.255472	8465.500036	11.751296	-0.092983	5.382118
491.312575	8464.801978	11.756301	-0.092993	5.381911
491.203291	8464.184609	11.761306	-0.092972	5.381729
491.114735	8463.428182	11.766311	-0.092955	5.381505
491.152118	8462.616053	11.771315	-0.092961	5.381265
491.121048	8462.121928	11.776320	-0.092955	5.381119
491.294708	8461.370280	11.781325	-0.092986	5.380896
491.214048	8460.479008	11.786330	-0.092970	5.380632
491.143965	8459.933921	11.791335	-0.092957	5.380471
491.272864	8459.213566	11.796339	-0.092979	5.380257
491.094424	8458.279254	11.801344	-0.092946	5.379981
491.262211	8457.837825	11.806349	-0.092976	5.379850
491.347769	8457.121344	11.811354	-0.092991	5.379638
491.195147	8456.284436	11.816359	-0.092962	5.379391
491.245088	8455.738537	11.821363	-0.092970	5.379229
491.113679	8455.161362	11.826368	-0.092946	5.379059
491.220324	8454.057073	11.831373	-0.092964	5.378731
491.209145	8453.599236	11.836378	-0.092962	5.378596
491.025538	8453.044833	11.841383	-0.092927	5.378432
491.156677	8452.096977	11.846387	-0.092950	5.378151
490.947363	8451.711099	11.851392	-0.092911	5.378038
490.943939	8450.890661	11.856397	-0.092910	5.377795
491.036768	8450.526697	11.861402	-0.092926	5.377687
490.941070	8449.872022	11.866407	-0.092908	5.377493
491.065032	8449.392393	11.871411	-0.092930	5.377351
491.012659	8448.767697	11.876416	-0.092920	5.377166
491.108756	8448.066423	11.881421	-0.092937	5.376958
491.143241	8447.651347	11.886426	-0.092942	5.376835
491.193941	8446.669256	11.891431	-0.092951	5.376544
491.295806	8446.044014	11.896435	-0.092969	5.376359
491.018830	8445.516390	11.901440	-0.092917	5.376203
491.215393	8444.535798	11.906445	-0.092952	5.375912
491.262522	8443.872160	11.911450	-0.092960	5.375716
491.223413	8443.315241	11.916455	-0.092952	5.375551
491.172425	8442.420953	11.921459	-0.092942	5.375286
491.024577	8441.671241	11.926464	-0.092914	5.375064
491.200915	8441.341956	11.931469	-0.092946	5.374966
491.274374	8440.349875	11.936474	-0.092959	5.374672
491.277180	8439.713370	11.941479	-0.092958	5.374484
491.103024	8439.315492	11.946483	-0.092926	5.374366
491.075406	8438.343651	11.951488	-0.092920	5.374078
491.082352	8437.793661	11.956493	-0.092920	5.373915
491.085655	8437.344806	11.961498	-0.092920	5.373782
491.168743	8436.310886	11.966503	-0.092935	5.373476
491.179422	8435.843170	11.971507	-0.092936	5.373337
491.105436	8435.159756	11.976512	-0.092922	5.373135
491.102631	8434.359037	11.981517	-0.092920	5.372898
491.129826	8433.878884	11.986522	-0.092925	5.372755
490.898253	8433.021330	11.991527	-0.092881	5.372502
491.056526	8432.812093	11.996531	-0.092910	5.372439
490.996655	8431.987780	12.001536	-0.092898	5.372195
491.113787	8431.403184	12.006541	-0.092919	5.372022
491.088058	8430.985819	12.011546	-0.092913	5.371898
490.921232	8429.958386	12.016551	-0.092882	5.371594
491.077766	8429.820779	12.021555	-0.092910	5.371553
491.081363	8428.828677	12.026560	-0.092910	5.371259
491.060060	8428.402989	12.031565	-0.092905	5.371132
491.017731	8427.724370	12.036570	-0.092897	5.370931
490.850787	8427.116252	12.041575	-0.092865	5.370752
491.155303	8426.756757	12.046579	-0.092921	5.370644
491.075057	8425.719834	12.051584	-0.092905	5.370337
491.040276	8425.508905	12.056589	-0.092898	5.370275
491.132379	8424.665253	12.061594	-0.092914	5.370024
490.967440	8424.059371	12.066599	-0.092883	5.369845
491.011560	8423.556477	12.071603	-0.092891	5.369696
490.957280	8423.050602	12.076608	-0.092880	5.369546
490.946134	8422.776751	12.081613	-0.092877	5.369465
491.017885	8421.981468	12.086618	-0.092890	5.369229
490.877612	8421.662255	12.091623	-0.092864	5.369134
490.852347	8420.832462	12.096627	-0.092858	5.368888
491.001539	8420.600087	12.101632	-0.092885	5.368819
491.034290	8419.720334	12.106637	-0.092890	5.368558
490.991715	8419.482042	12.111642	-0.092882	5.368488
491.035139	8418.505601	12.116647	-0.092889	5.368198
491.114361	8418.095794	12.121651	-0.092903	5.368076
490.908937	8417.346654	12.126656	-0.092864	5.367854
490.884495	8416.999099	12.131661	-0.092859	5.367751
491.024914	8416.375168	12.136666	-0.092884	5.367566
491.223197	8415.684415	12.141671	-0.092920	5.367360
491.064346	8415.257822	12.146675	-0.092890	5.367234
491.118712	8414.361680	12.151680	-0.092899	5.366968
491.020956	8413.868316	12.156685	-0.092881	5.366822
491.084954	8413.197510	12.161690	-0.092892	5.366623
490.921149	8412.392141	12.166695	-0.092861	5.366385
490.825520	8412.164008	12.171699	-0.092843	5.366317
490.884294	8411.413255	12.176704	-0.092853	5.366094
490.932784	8411.110648	12.181709	-0.092861	5.366004
491.032479	8410.454984	12.186714	-0.092879	5.365809
490.797820	8410.017350	12.191719	-0.092835	5.365680
490.958791	8409.467465	12.196723	-0.092864	5.365517
490.973143	8408.979434	12.201728	-0.092866	5.365372
490.864546	8408.317819	12.206733	-0.092845	5.365176
490.881807	8407.905585	12.211738	-0.092848	5.365053
490.928081	8407.392628	12.216743	-0.092856	5.364901
490.972579	8406.961718	12.221747	-0.092863	5.364773
490.964145	8406.313673	12.226752	-0.092861	5.364581
490.768933	8406.013240	12.231757	-0.092824	5.364492
490.837786	8405.778212	12.236762	-0.092837	5.364422
490.825931	8404.886169	12.241767	-0.092834	5.364157
490.788630	8404.921592	12.246771	-0.092826	5.364168
490.917904	8403.873052	12.251776	-0.092849	5.363856
491.011078	8403.753946	12.256781	-0.092866	5.363821
490.982499	8402.784034	12.261786	-0.092860	5.363533
491.063674	8402.465018	12.266791	-0.092874	5.363438
490.987518	8401.736632	12.271795	-0.092859	5.363222
490.873567	8401.195131	12.276800	-0.092838	5.363061
490.802600	8400.630883	12.281805	-0.092824	5.362894
490.830138	8400.559600	12.286810	-0.092829	5.362873
490.823971	8399.632116	12.291815	-0.092827	5.362598
490.853183	8399.596601	12.296819	-0.092832	5.362587
491.008916	8398.569610	12.301824	-0.092859	5.362282
490.824631	8398.561718	12.306829	-0.092825	5.362280
490.767935	8397.619190	12.311834	-0.092814	5.362000
490.835213	8397.573487	12.316839	-0.092826	5.361986
490.765485	8397.003061	12.321843	-0.092812	5.361817
490.820895	8396.408484	12.326848	-0.092822	5.361640
490.737740	8396.380432	12.331853	-0.092806	5.361632
490.816647	8395.434963	12.336858	-0.092820	5.361351
490.924081	8395.446368	12.341863	-0.092839	5.361354
490.732651	8394.471335	12.346867	-0.092803	5.361065
490.821807	8394.335421	12.351872	-0.092819	5.361025
490.848176	8393.923580	12.356877	-0.092823	5.360902
490.827129	8393.336866	12.361882	-0.092819	5.360728
490.921962	8393.049650	12.366887	-0.092836	5.360643
491.023625	8392.257989	12.371891	-0.092854	5.360407
491.029831	8391.856534	12.376896	-0.092854	5.360288
491.000692	8391.192047	12.381901	-0.092848	5.360091
491.117949	8390.602372	12.386906	-0.092869	5.359915
491.028508	8390.168629	12.391911	-0.092852	5.359786
491.054341	8389.372252	12.396915	-0.092856	5.359550
490.841294	8389.305312	12.401920	-0.092816	5.359530
490.901717	8388.196122	12.406925	-0.092826	5.359201
490.786209	8388.180439	12.411930	-0.092805	5.359196
490.755295	8387.375278	12.416935	-0.092798	5.358957
490.636082	8387.225072	12.421939	-0.092776	5.358913
490.734079	8387.179636	12.426944	-0.092793	5.358899
490.653099	8386.184986	12.431949	-0.092778	5.358604
490.724536	8386.072088	12.436954	-0.092790	5.358570
490.689965	8386.069688	12.441959	-0.092784	5.358570
490.726099	8385.162215	12.446963	-0.092789	5.358300
490.898591	8385.050154	12.451968	-0.092821	5.358266
490.707114	8384.519065	12.456973	-0.092785	5.358109
490.808792	8383.960986	12.461978	-0.092803	5.357943
490.884822	8383.867046	12.466983	-0.092816	5.357915
490.953814	8382.924232	12.471987	-0.092828	5.357634
490.819737	8382.857991	12.476992	-0.092803	5.357615
490.862746	8381.894009	12.481997	-0.092810	5.357328
490.836166	8381.908484	12.487002	-0.092805	5.357333
490.875978	8381.039060	12.492007	-0.092811	5.357074
490.755213	8380.863701	12.497011	-0.092789	5.357022
490.735597	8380.544219	12.502016	-0.092785	5.356927
490.711796	8379.823488	12.507021	-0.092779	5.356713
490.658657	8379.799936	12.512026	-0.092769	5.356706
490.748083	8379.187281	12.517031	-0.092785	5.356524
490.481587	8378.706194	12.522035	-0.092735	5.356382
490.606097	8378.681983	12.527040	-0.092758	5.356374
490.637521	8378.516287	12.532045	-0.092763	5.356325
490.687087	8377.689114	12.537050	-0.092772	5.356079
490.806632	8377.660660	12.542055	-0.092793	5.356070
490.786113	8377.267718	12.547059	-0.092789	5.355953
490.789697	8376.606146	12.552064	-0.092789	5.355757
490.809975	8376.625198	12.557069	-0.092792	5.355762
490.738704	8375.522021	12.562074	-0.092778	5.355434
490.658212	8375.489859	12.567079	-0.092763	5.355425
490.600801	8375.550288	12.572083	-0.092752	5.355443
490.495952	8374.684212	12.577088	-0.092732	5.355186
490.575415	8374.548335	12.582093	-0.092746	5.355145
490.693228	8374.530365	12.587098	-0.092768	5.355140
490.647272	8373.977696	12.592103	-0.092758	5.354975
490.563950	8373.536038	12.597107	-0.092742	5.354844
490.624984	8373.473516	12.602112	-0.092753	5.354826
490.710652	8373.350295	12.607117	-0.092769	5.354789
490.731603	8372.556722	12.612122	-0.092772	5.354553
490.759780	8372.573731	12.617127	-0.092777	5.354558
490.640335	8372.087729	12.622131	-0.092754	5.354414
490.649270	8371.499880	12.627136	-0.092755	5.354239
490.808208	8371.505328	12.632141	-0.092784	5.354240
490.764178	8370.694523	12.637146	-0.092775	5.353999
490.792542	8370.451189	12.642151	-0.092780	5.353926
490.750829	8370.075036	12.647155	-0.092771	5.353815
490.734789	8369.331699	12.652160	-0.092768	5.353594
490.915192	8369.333110	12.657165	-0.092801	5.353594
490.814039	8368.395997	12.662170	-0.092781	5.353315
490.728250	8368.349123	12.667175	-0.092765	5.353301
490.888882	8367.775184	12.672179	-0.092794	5.353130
490.728402	8367.226026	12.677184	-0.092764	5.352967
490.767027	8367.209522	12.682189	-0.092770	5.352962
490.533296	8366.244202	12.687194	-0.092726	5.352676
490.617969	8366.236455	12.692199	-0.092742	5.352673
490.589747	8366.250914	12.697203	-0.092736	5.352678
490.435900	8366.025103	12.702208	-0.092707	5.352611
490.578195	8365.171936	12.707213	-0.092733	5.352357
490.538532	8365.156921	12.712218	-0.092725	5.352352
490.540718	8365.154826	12.717223	-0.092725	5.352352
490.660493	8364.794743	12.722227	-0.092747	5.352244
490.583844	8364.189675	12.727232	-0.092732	5.352065
490.690635	8364.203086	12.732237	-0.092751	5.352068
490.552253	8364.155822	12.737242	-0.092725	5.352055
490.594110	8363.054315	12.742247	-0.092732	5.351727
490.317524	8363.071041	12.747251	-0.092681	5.351732
490.573544	8363.062523	12.752256	-0.092728	5.351729
490.755543	8362.854060	12.757261	-0.092761	5.351667
490.562506	8361.973250	12.762266	-0.092724	5.351405
490.667164	8362.005525	12.767271	-0.092743	5.351415
490.614208	8362.034481	12.772275	-0.092733	5.351423
490.654182	8361.134534	12.777280	-0.092740	5.351155
490.730262	8360.996613	12.782285	-0.092753	5.351114
490.586441	8360.989194	12.787290	-0.092726	5.351112
490.532888	8360.086480	12.792295	-0.092716	5.350844
490.504790	8359.991828	12.797299	-0.092710	5.350816
490.469656	8359.909712	12.802304	-0.092703	5.350791
490.667491	8359.894436	12.807309	-0.092739	5.350786
490.559337	8359.138229	12.812314	-0.092719	5.350562
490.675467	8358.834874	12.817319	-0.092740	5.350471
490.684609	8358.887385	12.822323	-0.092741	5.350487
490.468039	8358.545813	12.827328	-0.092701	5.350386
490.638052	8357.777113	12.832333	-0.092731	5.350156
490.459033	8357.792514	12.837338	-0.092698	5.350161
490.602664	8357.783110	12.842343	-0.092724	5.350158
490.407788	8357.462710	12.847347	-0.092687	5.350063
490.424329	8356.791484	12.852352	-0.092690	5.349864
490.615963	8356.836990	12.857357	-0.092725	5.349877
490.545694	8356.834342	12.862362	-0.092712	5.349876
490.596783	8356.694160	12.867367	-0.092721	5.349834
490.794831	8355.980288	12.872371	-0.092756	5.349621
490.768241	8355.952801	12.877376	-0.092751	5.349613
490.759823	8355.122008	12.882381	-0.092749	5.349366
490.610278	8354.833475	12.887386	-0.092721	5.349280
490.766847	8354.849335	12.892391	-0.092749	5.349285
490.808255	8353.903604	12.897395	-0.092756	5.349003
490.843660	8353.780103	12.902400	-0.092762	5.348966
490.807860	8353.156854	12.907405	-0.092755	5.348781
490.705319	8352.757549	12.912410	-0.092735	5.348662
490.590779	8352.737794	12.917415	-0.092714	5.348657
490.544055	8352.162743	12.922419	-0.092704	5.348485
490.692150	8351.614344	12.927424	-0.092731	5.348322
490.787827	8351.669581	12.932429	-0.092748	5.348338
490.529204	8350.971331	12.937434	-0.092700	5.348131
490.513321	8350.599995	12.942439	-0.092696	5.348020
490.622209	8350.634354	12.947443	-0.092716	5.348030
490.543774	8350.604393	12.952448	-0.092701	5.348022
490.644022	8349.764182	12.957453	-0.092719	5.347771
490.675934	8349.535827	12.962458	-0.092724	5.347703
490.554563	8349.545392	12.967463	-0.092702	5.347706
490.705592	8348.812553	12.972467	-0.092729	5.347488
490.613988	8348.495216	12.977472	-0.092711	5.347393
490.584266	8348.469819	12.982477	-0.092706	5.347386
490.736611	8348.066238	12.987482	-0.092733	5.347265
490.606672	8347.492818	12.992487	-0.092708	5.347095
490.636717	8347.490932	12.997491	-0.092714	5.347094
490.567896	8347.379276	13.002496	-0.092701	5.347061
490.713945	8346.424231	13.007501	-0.092727	5.346776
490.629315	8346.423591	13.012506	-0.092711	5.346776
490.548202	8346.387333	13.017511	-0.092695	5.346766
490.645619	8345.538904	13.022515	-0.092712	5.346513
490.478662	8345.395090	13.027520	-0.092681	5.346471
490.556510	8345.385170	13.032525	-0.092695	5.346467
490.548713	8345.301237	13.037530	-0.092694	5.346442
490.609728	8344.278585	13.042535	-0.092704	5.346138
490.588526	8344.255355	13.047539	-0.092700	5.346131
490.365425	8344.245312	13.052544	-0.092658	5.346128
490.664762	8344.224445	13.057549	-0.092713	5.346121
490.569763	8343.299231	13.062554	-0.092695	5.345846
490.389803	8343.251777	13.067559	-0.092661	5.345832
490.406064	8343.268654	13.072563	-0.092664	5.345837
490.443856	8343.247956	13.077568	-0.092670	5.345831
490.533574	8342.835634	13.082573	-0.092686	5.345708
490.512441	8342.154193	13.087578	-0.092682	5.345505
490.579418	8342.177729	13.092583	-0.092694	5.345512
490.563369	8342.165022	13.097587	-0.092690	5.345508
490.522971	8341.628098	13.102592	-0.092682	5.345348
490.636686	8341.140526	13.107597	-0.092703	5.345203
490.632632	8341.194982	13.112602	-0.092702	5.345219
490.604168	8341.039653	13.117607	-0.092696	5.345173
490.612722	8340.127941	13.122611	-0.092697	5.344901
490.731163	8340.097352	13.127616	-0.092718	5.344892
490.650145	8339.975184	13.132621	-0.092703	5.344856
490.806515	8339.244842	13.137626	-0.092731	5.344638
490.764741	8339.242430	13.142631	-0.092723	5.344637
490.757644	8338.427098	13.147635	-0.092721	5.344394
490.776681	8338.096096	13.152640	-0.092724	5.344296
490.641324	8338.046903	13.157645	-0.092698	5.344281
490.640712	8337.061930	13.162650	-0.092697	5.343988
490.606131	8337.017661	13.167655	-0.092691	5.343975
490.515415	8337.105008	13.172659	-0.092674	5.344001
490.617522	8336.441441	13.177664	-0.092692	5.343803
490.634079	8336.003590	13.182669	-0.092694	5.343673
490.701024	8335.976819	13.187674	-0.092706	5.343664
490.674130	8335.588956	13.192679	-0.092701	5.343549
490.573295	8334.949128	13.197683	-0.092681	5.343359
490.615878	8334.966184	13.202688	-0.092689	5.343364
490.651922	8334.767373	13.207693	-0.092695	5.343304
490.552755	8333.897113	13.212698	-0.092676	5.343045
490.426389	8333.881531	13.217703	-0.092652	5.343041
490.465515	8333.902751	13.222707	-0.092659	5.343047
490.510791	8333.892586	13.227712	-0.092667	5.343044
490.603796	8333.078218	13.232717	-0.092683	5.342801
490.516536	8332.805219	13.237722	-0.092667	5.342720
490.384238	8332.804264	13.242727	-0.092642	5.342720
490.553944	8332.820128	13.247731	-0.092673	5.342724
490.404905	8332.716394	13.252736	-0.092645	5.342694
490.529585	8331.797555	13.257741	-0.092667	5.342419
490.652924	8331.819369	13.262746	-0.092690	5.342426
490.593155	8331.783318	13.267751	-0.092678	5.342415
490.786662	8331.273514	13.272755	-0.092713	5.342263
490.712722	8330.755540	13.277760	-0.092699	5.342108
490.787203	8330.709969	13.282765	-0.092713	5.342095
490.760787	8329.712648	13.287770	-0.092707	5.341798
490.728948	8329.716601	13.292775	-0.092700	5.341799
490.620099	8329.407897	13.297779	-0.092680	5.341707
490.526928	8328.638493	13.302784	-0.092662	5.341478
490.645804	8328.664453	13.307789	-0.092684	5.341485
490.722223	8328.505790	13.312794	-0.092697	5.341438
490.611725	8327.560366	13.317799	-0.092676	5.341156
490.612522	8327.621100	13.322803	-0.092676	5.341174
490.736909	8327.571694	13.327808	-0.092698	5.341159
490.585574	8326.596715	13.332813	-0.092670	5.340869
490.576992	8326.569416	13.337818	-0.092668	5.340861
490.586291	8326.577846	13.342823	-0.092669	5.340863
490.492697	8326.135276	13.347827	-0.092651	5.340732
490.702900	8325.428870	13.352832	-0.092689	5.340521
490.568683	8325.461429	13.357837	-0.092664	5.340531
490.641050	8325.384436	13.362842	-0.092677	5.340507
490.540591	8324.430880	13.367847	-0.092658	5.340223
490.707810	8324.505325	13.372851	-0.092688	5.340245
490.431183	8324.459413	13.377856	-0.092637	5.340232
490.680802	8323.973215	13.382861	-0.092682	5.340087
490.541356	8323.362876	13.387866	-0.092656	5.339905
490.526630	8323.350199	13.392871	-0.092653	5.339901
490.700287	8323.401646	13.397875	-0.092684	5.339916
490.635917	8322.561519	13.402880	-0.092672	5.339666
490.612227	8322.567625	13.407885	-0.092667	5.339668
490.541717	8322.588064	13.412890	-0.092654	5.339674
490.669930	8322.000565	13.417895	-0.092677	5.339498
490.725063	8321.498422	13.422899	-0.092686	5.339349
490.695909	8321.491928	13.427904	-0.092681	5.339347
490.635012	8320.806849	13.432909	-0.092669	5.339143
490.639359	8320.436289	13.437914	-0.092669	5.339032
490.536918	8320.425105	13.442919	-0.092650	5.339029
490.718028	8320.020176	13.447923	-0.092682	5.338908
490.749433	8319.354628	13.452928	-0.092687	5.338709
490.774386	8319.340133	13.457933	-0.092692	5.338705
490.579764	8318.562114	13.462938	-0.092655	5.338473
490.626754	8318.338429	13.467943	-0.092663	5.338406
490.624932	8318.361432	13.472947	-0.092663	5.338413
490.439633	8318.236646	13.477952	-0.092628	5.338376
490.577978	8317.213945	13.482957	-0.092653	5.338071
490.601668	8317.226654	13.487962	-0.092657	5.338075
490.556625	8317.205404	13.492967	-0.092648	5.338069
490.680604	8316.705953	13.497971	-0.092670	5.337919
490.416679	8316.187138	13.502976	-0.092621	5.337765
490.582480	8316.198716	13.507981	-0.092651	5.337768
490.678234	8316.232845	13.512986	-0.092669	5.337778
490.813653	8315.273020	13.517991	-0.092693	5.337492
490.806859	8315.145287	13.522995	-0.092691	5.337454
490.731177	8314.625702	13.528000	-0.092676	5.337299
490.821323	8314.197246	13.533005	-0.092692	5.337171
490.724374	8314.175652	13.538010	-0.092674	5.337164
490.601090	8313.161874	13.543015	-0.092650	5.336862
490.691488	8313.078759	13.548019	-0.092667	5.336837
490.579898	8313.048699	13.553024	-0.092646	5.336829
490.616085	8312.408554	13.558029	-0.092652	5.336637
490.628762	8312.034039	13.563034	-0.092653	5.336526
490.628321	8311.996357	13.568039	-0.092653	5.336514
490.700451	8311.718508	13.573043	-0.092666	5.336431
490.493391	8310.982621	13.578048	-0.092627	5.336212
490.533692	8311.031007	13.583053	-0.092634	5.336227
490.529089	8310.987021	13.588058	-0.092633	5.336213
490.523709	8310.551734	13.593063	-0.092631	5.336084
490.725281	8309.919055	13.598067	-0.092668	5.335894
490.631746	8309.920514	13.603072	-0.092650	5.335895
490.588492	8309.842797	13.608077	-0.092642	5.335872
490.720931	8308.916757	13.613082	-0.092665	5.335595
490.638539	8308.868077	13.618087	-0.092650	5.335581
490.698504	8308.629945	13.623091	-0.092660	5.335510
490.553491	8307.813015	13.628096	-0.092633	5.335266
490.649567	8307.801085	13.633101	-0.092650	5.335263
490.536178	8307.800325	13.638106	-0.092629	5.335263
490.466639	8307.281010	13.643111	-0.092615	5.335108
490.628845	8306.844826	13.648115	-0.092645	5.334977
490.527955	8306.829506	13.653120	-0.092626	5.334973
490.517755	8306.825243	13.658125	-0.092624	5.334972
490.685622	8306.123425	13.663130	-0.092654	5.334762
490.461997	8305.933670	13.668135	-0.092612	5.334706
490.636562	8305.982920	13.673139	-0.092644	5.334720
490.536786	8305.729131	13.678144	-0.092625	5.334644
490.518332	8304.875521	13.683149	-0.092621	5.334390
490.678738	8304.870285	13.688154	-0.092650	5.334388
490.528483	8304.825362	13.693159	-0.092622	5.334375
490.669240	8304.255218	13.698163	-0.092647	5.334204
490.655155	8303.751013	13.703168	-0.092644	5.334054
490.665597	8303.765712	13.708173	-0.092646	5.334058
490.605002	8303.277951	13.713178	-0.092634	5.333913
490.650400	8302.713506	13.718183	-0.092642	5.333744
490.676097	8302.742944	13.723187	-0.092646	5.333753
490.621488	8302.418389	13.728192	-0.092635	5.333656
490.655338	8301.661483	13.733197	-0.092641	5.333430
490.597053	8301.640180	13.738202	-0.092630	5.333424
490.508549	8301.641687	13.743207	-0.092613	5.333424
490.716201	8300.819015	13.748211	-0.092651	5.333178
490.620338	8300.582066	13.753216	-0.092633	5.333108
490.564097	8300.596331	13.758221	-0.092622	5.333112
490.678394	8300.034504	13.763226	-0.092642	5.332944
490.505857	8299.569134	13.768231	-0.092610	5.332806
490.485496	8299.577356	13.773235	-0.092606	5.332808
490.532693	8299.548372	13.778240	-0.092614	5.332799
490.573444	8298.965193	13.783245	-0.092621	5.332625
490.496075	8298.487919	13.788250	-0.092606	5.332483
490.479806	8298.477349	13.793255	-0.092603	5.332480
490.558594	8298.471570	13.798259	-0.092617	5.332478
490.545760	8298.166185	13.803264	-0.092614	5.332387
490.499192	8297.532310	13.808269	-0.092605	5.332197
490.559292	8297.538956	13.813274	-0.092616	5.332199
490.517652	8297.513588	13.818279	-0.092608	5.332192
490.532853	8297.233490	13.823283	-0.092610	5.332108
490.377675	8296.400330	13.828288	-0.092580	5.331860
490.300339	8296.389373	13.833293	-0.092566	5.331856
490.474998	8296.367475	13.838298	-0.092598	5.331850
490.380311	8296.335499	13.843303	-0.092580	5.331840
490.433278	8296.396459	13.848307	-0.092589	5.331858
490.487743	8295.888736	13.853312	-0.092599	5.331707
490.386480	8295.413489	13.858317	-0.092579	5.331565
490.532396	8295.416495	13.863322	-0.092606	5.331565
490.289136	8295.385671	13.868327	-0.092561	5.331557
490.420724	8295.426218	13.873331	-0.092585	5.331569
490.463934	8295.401393	13.878336	-0.092592	5.331561
490.314004	8295.220634	13.883341	-0.092564	5.331507
490.366988	8294.326177	13.888346	-0.092573	5.331240
490.347032	8294.280048	13.893351	-0.092569	5.331226
490.419738	8294.301403	13.898355	-0.092582	5.331233
490.370094	8294.278082	13.903360	-0.092573	5.331226
490.472922	8294.318442	13.908365	-0.092592	5.331238
490.611041	8294.101887	13.913370	-0.092617	5.331173
490.428276	8293.281251	13.918375	-0.092582	5.330928
490.401115	8293.324968	13.923379	-0.092577	5.330941
490.444054	8293.331499	13.928384	-0.092584	5.330943
490.335589	8293.301539	13.933389	-0.092564	5.330934
490.649265	8293.284691	13.938394	-0.092621	5.330929
490.420869	8292.219241	13.943399	-0.092578	5.330611
490.547726	8292.220026	13.948403	-0.092601	5.330611
490.511694	8292.211428	13.953408	-0.092594	5.330608
490.481369	8292.221679	13.958413	-0.092589	5.330611
490.554809	8291.710008	13.963418	-0.092601	5.330458
490.524811	8291.197704	13.968423	-0.092595	5.330305
490.505193	8291.235194	13.973427	-0.092591	5.330317
490.597387	8291.212768	13.978432	-0.092608	5.330310
490.460847	8290.574406	13.983437	-0.092582	5.330119
490.832619	8290.158694	13.988442	-0.092650	5.329994
490.571770	8290.173777	13.993447	-0.092602	5.329999
490.707744	8289.771233	13.998451	-0.092626	5.329879
490.510753	8289.345725	14.003456	-0.092589	5.329752
490.470395	8289.362184	14.008461	-0.092582	5.329757
490.574015	8289.358637	14.013466	-0.092600	5.329756
490.523659	8288.628926	14.018471	-0.092590	5.329538
490.538250	8288.282087	14.023475	-0.092592	5.329434
490.488946	8288.267142	14.028480	-0.092583	5.329430
490.561946	8288.265494	14.033485	-0.092596	5.329429
490.642633	8287.593062	14.038490	-0.092610	5.329228
490.596701	8287.241689	14.043495	-0.092601	5.329123
490.533309	8287.241287	14.048499	-0.092589	5.329123
490.525174	8287.222419	14.053504	-0.092587	5.329118
490.384793	8286.235221	14.058509	-0.092561	5.328823
490.574202	8286.117268	14.063514	-0.092595	5.328787
490.454736	8286.112343	14.068519	-0.092573	5.328786
490.427371	8286.153957	14.073523	-0.092567	5.328799
490.638676	8285.896136	14.078528	-0.092606	5.328721
490.628465	8285.152190	14.083533	-0.092603	5.328499
490.589742	8285.185374	14.088538	-0.092596	5.328509
490.630251	8285.175164	14.093543	-0.092603	5.328506
490.582403	8284.128057	14.098547	-0.092593	5.328193
490.578554	8284.036091	14.103552	-0.092592	5.328166
490.482204	8284.039671	14.108557	-0.092574	5.328167
490.423973	8284.047663	14.113562	-0.092563	5.328169
490.325294	8283.679329	14.118567	-0.092544	5.328059
490.379459	8282.973478	14.123571	-0.092553	5.327848
490.449440	8282.971804	14.128576	-0.092566	5.327848
490.443975	8282.946690	14.133581	-0.092565	5.327840
490.554566	8282.978691	14.138586	-0.092585	5.327850
490.351771	8282.948198	14.143591	-0.092547	5.327841
490.384498	8282.476229	14.148595	-0.092552	5.327700
490.507830	8281.950505	14.153600	-0.092574	5.327542
490.544852	8281.952808	14.158605	-0.092581	5.327543
490.460042	8281.987799	14.163610	-0.092565	5.327554
490.323393	8281.974426	14.168615	-0.092540	5.327550
490.462903	8281.887519	14.173619	-0.092565	5.327524
490.488442	8280.876569	14.178624	-0.092569	5.327221
490.371815	8280.892566	14.183629	-0.092547	5.327226
490.577440	8280.935577	14.188634	-0.092584	5.327239
490.449604	8280.901371	14.193639	-0.092561	5.327229
490.443304	8280.560822	14.198643	-0.092559	5.327127
490.552227	8279.857509	14.203648	-0.092578	5.326917
490.478212	8279.850786	14.208653	-0.092564	5.326915
490.410274	8279.862901	14.213658	-0.092551	5.326919
490.462676	8279.829784	14.218663	-0.092561	5.326909
490.439451	8279.111083	14.223667	-0.092556	5.326694
490.501135	8278.762622	14.228672	-0.092566	5.326590
490.378522	8278.778586	14.233677	-0.092544	5.326595
490.288075	8278.790566	14.238682	-0.092527	5.326598
490.555377	8278.767094	14.243687	-0.092575	5.326591
490.427729	8278.724544	14.248691	-0.092552	5.326578
490.493741	8277.726547	14.253696	-0.092563	5.326280
490.527992	8277.703766	14.258701	-0.092569	5.326273
490.545806	8277.760255	14.263706	-0.092572	5.326290
490.724583	8277.489794	14.268711	-0.092604	5.326209
490.550587	8276.705545	14.273715	-0.092571	5.325975
490.670883	8276.689543	14.278720	-0.092593	5.325970
490.592633	8276.712040	14.283725	-0.092579	5.325976
490.644402	8275.816396	14.288730	-0.092587	5.325709
490.557801	8275.611212	14.293735	-0.092571	5.325647
490.342425	8275.632897	14.298739	-0.092531	5.325654
490.417907	8275.633334	14.303744	-0.092544	5.325654
490.386399	8275.351212	14.308749	-0.092538	5.325570
490.327376	8274.615779	14.313754	-0.092526	5.325350
490.477243	8274.625007	14.318759	-0.092554	5.325353
490.433108	8274.631001	14.323763	-0.092545	5.325355
490.494653	8274.633442	14.328768	-0.092556	5.325355
490.419344	8274.632987	14.333773	-0.092542	5.325355
490.448176	8274.184182	14.338778	-0.092547	5.325221
490.333310	8273.527817	14.343783	-0.092525	5.325025
490.481884	8273.557914	14.348787	-0.092552	5.325034
490.621013	8273.548283	14.353792	-0.092577	5.325030
490.452610	8273.572339	14.358797	-0.092546	5.325038
490.516699	8273.232346	14.363802	-0.092557	5.324936
490.622640	8272.667097	14.368807	-0.092576	5.324767
490.583838	8272.648067	14.373811	-0.092569	5.324761
490.636401	8272.644190	14.378816	-0.092578	5.324760
490.603999	8271.691881	14.383821	-0.092571	5.324475
490.650648	8271.623243	14.388826	-0.092579	5.324455
490.552774	8271.564201	14.393831	-0.092561	5.324437
490.442165	8271.630357	14.398835	-0.092540	5.324457
490.527791	8270.568143	14.403840	-0.092555	5.324139
490.528191	8270.561872	14.408845	-0.092555	5.324138
490.434587	8270.567580	14.413850	-0.092537	5.324139
490.429667	8270.538313	14.418855	-0.092536	5.324131
490.419154	8270.101906	14.423859	-0.092533	5.324000
490.487521	8269.423801	14.428864	-0.092545	5.323797
490.419212	8269.435921	14.433869	-0.092532	5.323801
490.351084	8269.441779	14.438874	-0.092520	5.323803
490.476899	8269.467550	14.443879	-0.092542	5.323810
490.372679	8269.464848	14.448883	-0.092523	5.323810
490.504503	8269.142023	14.453888	-0.092547	5.323713
490.462591	8268.465402	14.458893	-0.092538	5.323511
490.468961	8268.463342	14.463898	-0.092539	5.323510
490.618425	8268.451670	14.468903	-0.092566	5.323506
490.564954	8267.956617	14.473907	-0.092556	5.323358
490.513919	8267.328000	14.478912	-0.092546	5.323170
490.430569	8267.340034	14.483917	-0.092530	5.323174
490.588713	8267.345109	14.488922	-0.092559	5.323175
490.523220	8267.131811	14.493927	-0.092546	5.323112
490.278471	8266.374790	14.498931	-0.092500	5.322886
490.348375	8266.350133	14.503936	-0.092513	5.322878
490.385092	8266.319025	14.508941	-0.092519	5.322869
490.269429	8266.391407	14.513946	-0.092498	5.322891
490.374032	8266.364862	14.518951	-0.092517	5.322883
490.315613	8266.381215	14.523955	-0.092506	5.322888
490.411842	8266.400543	14.528960	-0.092523	5.322893
490.303887	8265.930286	14.533965	-0.092503	5.322753
490.173162	8265.280420	14.538970	-0.092478	5.322558
490.280407	8265.285197	14.543975	-0.092497	5.322560
490.470428	8265.292534	14.548979	-0.092532	5.322562
490.374902	8265.273194	14.553984	-0.092514	5.322556
490.472508	8265.292526	14.558989	-0.092532	5.322562
490.507063	8265.288539	14.563994	-0.092538	5.322560
490.655855	8264.663246	14.568999	-0.092564	5.322373
490.603972	8264.287272	14.574003	-0.092554	5.322261
490.567715	8264.297491	14.579008	-0.092547	5.322264
490.513234	8264.263779	14.584013	-0.092537	5.322254
490.475869	8263.217991	14.589018	-0.092529	5.321941
490.484282	8263.222203	14.594023	-0.092530	5.321942
490.499808	8263.222281	14.599027	-0.092533	5.321942
490.456558	8263.217853	14.604032	-0.092525	5.321941
490.503862	8262.579532	14.609037	-0.092532	5.321750
490.564275	8262.156244	14.614042	-0.092543	5.321623
490.584459	8262.097918	14.619047	-0.092546	5.321606
490.627817	8262.164930	14.624051	-0.092554	5.321626
490.653387	8261.353327	14.629056	-0.092558	5.321383
490.559935	8261.108651	14.634061	-0.092540	5.321310
490.447788	8261.145571	14.639066	-0.092519	5.321321
490.539366	8260.939498	14.644071	-0.092536	5.321259
490.456922	8260.058491	14.649075	-0.092520	5.320996
490.498157	8260.037847	14.654080	-0.092527	5.320989
490.513365	8260.037923	14.659085	-0.092529	5.320989
490.370550	8260.045460	14.664090	-0.092503	5.320992
490.355907	8260.024503	14.669095	-0.092500	5.320986
490.432827	8259.294658	14.674099	-0.092513	5.320767
490.724236	8259.031300	14.679104	-0.092566	5.320688
490.672927	8259.014313	14.684109	-0.092557	5.320683
490.559213	8258.792512	14.689114	-0.092535	5.320617
490.503890	8257.970181	14.694119	-0.092524	5.320371
490.597093	8257.991552	14.699123	-0.092541	5.320377
490.506871	8257.984783	14.704128	-0.092524	5.320375
490.749129	8257.468727	14.709133	-0.092568	5.320220
490.660558	8256.998832	14.714138	-0.092551	5.320080
490.627021	8256.958999	14.719143	-0.092545	5.320068
490.671013	8256.491939	14.724147	-0.092552	5.319928
490.574336	8256.111727	14.729152	-0.092534	5.319814
490.587462	8256.086758	14.734157	-0.092536	5.319807
490.584716	8255.982431	14.739162	-0.092535	5.319776
490.478396	8255.053570	14.744167	-0.092514	5.319498
490.298430	8255.067173	14.749171	-0.092481	5.319502
490.357499	8255.050801	14.754176	-0.092491	5.319497
490.476790	8255.049361	14.759181	-0.092513	5.319496
490.327453	8255.058961	14.764186	-0.092485	5.319500
490.226546	8255.033366	14.769191	-0.092466	5.319492
490.416957	8254.604707	14.774195	-0.092501	5.319363
490.333472	8253.926344	14.779200	-0.092485	5.319160
490.316433	8253.938756	14.784205	-0.092481	5.319164
490.468177	8253.956263	14.789210	-0.092509	5.319169
490.515024	8253.906451	14.794215	-0.092517	5.319154
490.496268	8253.925112	14.799219	-0.092513	5.319160
490.368926	8253.440508	14.804224	-0.092489	5.319015
490.592748	8252.866064	14.809229	-0.092530	5.318843
490.447189	8252.915318	14.814234	-0.092503	5.318858
490.434726	8252.906898	14.819239	-0.092500	5.318855
490.374884	8252.921162	14.824243	-0.092489	5.318860
490.184725	8252.911774	14.829248	-0.092454	5.318857
490.330704	8252.808276	14.834253	-0.092480	5.318826
490.364365	8251.836558	14.839258	-0.092485	5.318535
490.359166	8251.826093	14.844263	-0.092484	5.318532
490.473676	8251.843390	14.849267	-0.092505	5.318537
490.284970	8251.827758	14.854272	-0.092470	5.318532
490.458165	8251.859972	14.859277	-0.092501	5.318542
490.407312	8251.863858	14.864282	-0.092492	5.318543
490.298902	8251.654706	14.869287	-0.092471	5.318481
490.269376	8250.786981	14.874291	-0.092465	5.318221
490.172380	8250.748910	14.879296	-0.092447	5.318210
490.299413	8250.774612	14.884301	-0.092470	5.318217
490.358595	8250.756154	14.889306	-0.092480	5.318211
490.287337	8250.793297	14.894311	-0.092467	5.318223
490.360268	8250.781170	14.899315	-0.092480	5.318219

490.169930	8250.569506	14.904320	-0.092445	5.318156
490.268560	8249.767171	14.909325	-0.092462	5.317915
490.313292	8248.587162	14.914330	-0.092469	5.317562
490.315475	8247.219350	14.919335	-0.092468	5.317152
490.313935	8245.513884	14.924339	-0.092467	5.316642
490.166855	8243.553499	14.929344	-0.092438	5.316055
490.221545	8241.229639	14.934349	-0.092446	5.315359
490.272793	8238.593462	14.939354	-0.092453	5.314569
490.183079	8235.606901	14.944359	-0.092435	5.313674
490.119792	8232.293917	14.949363	-0.092421	5.312681
490.024709	8228.643989	14.954368	-0.092400	5.311587
490.011155	8224.826555	14.959373	-0.092395	5.310443
489.927425	8220.859716	14.964378	-0.092377	5.309253
489.830961	8216.408762	14.969383	-0.092356	5.307918
489.818835	8211.640973	14.974387	-0.092350	5.306488
489.742082	8206.682806	14.979392	-0.092332	5.305000
489.861331	8201.315147	14.984397	-0.092350	5.303388
489.765179	8195.603082	14.989402	-0.092329	5.301673
489.629753	8189.734787	14.994407	-0.092300	5.299910
489.425824	8183.589828	14.999411	-0.092258	5.298064
489.255871	8177.214607	15.004416	-0.092222	5.296148
489.133954	8170.706989	15.009421	-0.092195	5.294191
489.132462	8163.818348	15.014426	-0.092190	5.292118
488.835276	8156.792421	15.019431	-0.092130	5.290004
488.893213	8149.457477	15.024435	-0.092136	5.287796
488.635190	8141.875900	15.029440	-0.092083	5.285512
488.480700	8134.119840	15.034445	-0.092049	5.283175
488.451913	8126.092227	15.039450	-0.092038	5.280755
488.308302	8117.840351	15.044455	-0.092006	5.278266
488.289897	8109.218311	15.049459	-0.091996	5.275664
488.091175	8100.349961	15.054464	-0.091954	5.272987
487.986583	8091.300410	15.059469	-0.091928	5.270253
487.951301	8081.900490	15.064474	-0.091915	5.267412
487.736571	8072.292758	15.069479	-0.091869	5.264507
487.697022	8062.499850	15.074483	-0.091855	5.261544
487.516167	8052.512313	15.079488	-0.091815	5.258520
487.551864	8042.145495	15.084493	-0.091814	5.255380
487.156773	8031.605367	15.089498	-0.091734	5.252185
487.141238	8021.019576	15.094503	-0.091724	5.248974
487.108927	8009.939454	15.099507	-0.091711	5.245611
486.803608	7998.717423	15.104512	-0.091647	5.242203
486.615814	7987.422726	15.109517	-0.091604	5.238771
486.628019	7975.800877	15.114522	-0.091599	5.235237
486.138037	7963.917467	15.119527	-0.091500	5.231621
486.124951	7951.990870	15.124531	-0.091490	5.227989
486.000111	7939.825889	15.129536	-0.091458	5.224282
485.787543	7927.383191	15.134541	-0.091411	5.220487
485.627917	7914.783913	15.139546	-0.091373	5.216642
485.367759	7901.947950	15.144551	-0.091316	5.212722
484.977128	7889.146597	15.149555	-0.091235	5.208809
484.793014	7876.181128	15.154560	-0.091193	5.204843
484.687155	7862.941002	15.159565	-0.091164	5.200790
484.612502	7849.460581	15.164570	-0.091141	5.196661
484.362373	7835.757413	15.169575	-0.091086	5.192459
484.000799	7821.951999	15.174579	-0.091010	5.188222
483.768363	7808.025485	15.179584	-0.090958	5.183945
483.450715	7794.036864	15.184589	-0.090890	5.179645
483.385609	7779.795168	15.189594	-0.090868	5.175264
483.127238	7765.388132	15.194599	-0.090811	5.170828
482.847845	7750.905643	15.199603	-0.090749	5.166365
482.692588	7736.144799	15.204608	-0.090711	5.161812
482.419195	7721.226936	15.209613	-0.090650	5.157207
482.307599	7706.223648	15.214618	-0.090619	5.152571
482.147555	7690.948704	15.219623	-0.090580	5.147847
481.669177	7675.498505	15.224627	-0.090481	5.143063
481.548740	7660.033310	15.229632	-0.090448	5.138271
481.059982	7644.419335	15.234637	-0.090348	5.133428
481.071006	7628.746236	15.239642	-0.090339	5.128562
480.556077	7612.807038	15.244647	-0.090234	5.123608
480.426593	7596.893451	15.249651	-0.090199	5.118658
480.136948	7580.755214	15.254656	-0.090135	5.113633
479.813317	7564.299949	15.259661	-0.090064	5.108504
479.582168	7547.932615	15.264666	-0.090010	5.103397
479.568357	7531.336919	15.269671	-0.089997	5.098215
479.309556	7514.525031	15.274675	-0.089938	5.092959
478.931761	7497.648196	15.279680	-0.089857	5.087676
478.663340	7480.622654	15.284685	-0.089796	5.082342
478.619306	7463.456484	15.289690	-0.089776	5.076959
478.164000	7446.110555	15.294695	-0.089680	5.071512
477.830834	7428.734518	15.299699	-0.089607	5.066050
477.683137	7411.259182	15.304704	-0.089568	5.060551
477.352138	7393.617062	15.309709	-0.089495	5.054993
477.304083	7375.840525	15.314714	-0.089475	5.049388
476.650309	7357.902116	15.319719	-0.089342	5.043723
476.429540	7340.019903	15.324723	-0.089289	5.038071
476.090177	7321.990003	15.329728	-0.089215	5.032365
475.779819	7303.876990	15.334733	-0.089145	5.026627
475.652320	7285.623790	15.339738	-0.089109	5.020838
475.361008	7267.189856	15.344743	-0.089043	5.014984
475.004569	7248.750263	15.349747	-0.088965	5.009121
474.621847	7230.165335	15.354752	-0.088882	5.003205
474.379886	7211.526963	15.359757	-0.088825	4.997265
474.214207	7192.796229	15.364762	-0.088782	4.991290
473.838811	7173.731227	15.369767	-0.088700	4.985199
473.545855	7154.792814	15.374771	-0.088633	4.979141
473.141330	7135.816392	15.379776	-0.088546	4.973063
472.862842	7116.667519	15.384781	-0.088482	4.966923
472.692889	7097.412223	15.389786	-0.088438	4.960742
472.107335	7078.092030	15.394791	-0.088317	4.954529
471.818310	7058.645310	15.399795	-0.088250	4.948270
471.646278	7039.170768	15.404800	-0.088206	4.941994
471.287027	7019.588614	15.409805	-0.088126	4.935675
471.175635	6999.952321	15.414810	-0.088093	4.929331
470.740541	6980.057024	15.419815	-0.087999	4.922893
470.378428	6960.207770	15.424819	-0.087919	4.916462
470.025545	6940.354806	15.429824	-0.087841	4.910022
469.638311	6920.346456	15.434829	-0.087756	4.903522
469.393057	6900.329118	15.439834	-0.087697	4.897011
469.035576	6880.190840	15.444839	-0.087618	4.890451
468.742918	6859.995132	15.449843	-0.087550	4.883865
468.334368	6839.740908	15.454848	-0.087461	4.877249
468.033499	6819.456550	15.459853	-0.087392	4.870615
467.637990	6799.035740	15.464858	-0.087306	4.863926
467.108004	6778.643994	15.469863	-0.087195	4.857237
466.965559	6758.239406	15.474867	-0.087155	4.850537
466.571835	6737.763529	15.479872	-0.087068	4.843802
466.268868	6717.116964	15.484877	-0.086999	4.837002
466.035232	6696.470405	15.489882	-0.086942	4.830194
465.618272	6675.633391	15.494887	-0.086851	4.823311
465.143048	6654.871586	15.499891	-0.086749	4.816442
465.049027	6634.077131	15.504896	-0.086718	4.809556
464.628101	6613.030407	15.509901	-0.086626	4.802573
464.342968	6592.046412	15.514906	-0.086560	4.795602
463.879516	6570.909070	15.519911	-0.086460	4.788569
463.637104	6549.782482	15.524915	-0.086401	4.781530
463.394986	6528.514220	15.529920	-0.086343	4.774434
462.844368	6507.253876	15.534925	-0.086227	4.767326
462.467895	6486.024925	15.539930	-0.086143	4.760220
462.096734	6464.731988	15.544935	-0.086061	4.753082
461.576906	6443.452104	15.549939	-0.085951	4.745936
461.274765	6422.113122	15.554944	-0.085881	4.738761
460.926792	6400.778655	15.559949	-0.085802	4.731576
460.545942	6379.380904	15.564954	-0.085718	4.724359
460.141621	6357.910797	15.569959	-0.085629	4.717106
459.668251	6336.494996	15.574963	-0.085527	4.709859
459.283296	6315.015562	15.579968	-0.085442	4.702580
458.939403	6293.561879	15.584973	-0.085364	4.695298
458.816901	6271.961181	15.589978	-0.085327	4.687959
458.384804	6250.289394	15.594983	-0.085233	4.680579
458.159947	6228.562156	15.599987	-0.085177	4.673172
457.809711	6206.733600	15.604992	-0.085098	4.665716
457.425422	6184.829385	15.609997	-0.085012	4.658222
457.088611	6162.934405	15.615002	-0.084936	4.650719
456.659812	6140.991403	15.620007	-0.084842	4.643187
456.277529	6119.074458	15.625011	-0.084757	4.635652
455.879216	6097.018348	15.630016	-0.084669	4.628056
455.489958	6074.963218	15.635021	-0.084582	4.620448
455.234960	6052.924894	15.640026	-0.084520	4.612835
454.781445	6030.857483	15.645031	-0.084422	4.605196
454.478098	6008.712843	15.650035	-0.084351	4.597520
453.938411	5986.577755	15.655040	-0.084237	4.589831
453.512595	5964.444060	15.660045	-0.084144	4.582131
453.179380	5942.379864	15.665050	-0.084067	4.574443
452.817842	5920.178174	15.670055	-0.083986	4.566694
452.545240	5897.915109	15.675059	-0.083921	4.558912
452.271608	5875.628916	15.680064	-0.083855	4.551108
451.832339	5853.227679	15.685069	-0.083760	4.543247
451.387752	5830.928993	15.690074	-0.083663	4.535409
450.843814	5808.604751	15.695079	-0.083548	4.527546
450.500133	5786.326500	15.700083	-0.083469	4.519689
450.177932	5764.025398	15.705088	-0.083395	4.511810
449.554417	5741.670292	15.710093	-0.083265	4.503893
449.271411	5719.413692	15.715098	-0.083198	4.496003
448.887393	5697.084476	15.720103	-0.083112	4.488071
448.428342	5674.742674	15.725107	-0.083013	4.480119
448.089390	5652.556841	15.730112	-0.082935	4.472211
447.542421	5630.161353	15.735117	-0.082820	4.464210
447.360298	5607.827548	15.740122	-0.082771	4.456223
446.979203	5585.317630	15.745127	-0.082686	4.448155
446.652601	5562.861836	15.750131	-0.082611	4.440092
446.358384	5540.347463	15.755136	-0.082541	4.431994
445.839966	5517.751129	15.760141	-0.082431	4.423848
445.393259	5495.222612	15.765146	-0.082333	4.415712
445.071811	5472.776926	15.770151	-0.082259	4.407593
444.706968	5450.150460	15.775155	-0.082177	4.399393
444.128586	5427.637448	15.780160	-0.082055	4.391214
443.827264	5405.088411	15.785165	-0.081984	4.383012
443.397529	5382.582984	15.790170	-0.081890	4.374808
442.924405	5359.984161	15.795175	-0.081788	4.366554
442.533550	5337.485429	15.800179	-0.081701	4.358322
442.085897	5314.991964	15.805184	-0.081603	4.350075
441.571041	5292.510621	15.810189	-0.081493	4.341815
441.312789	5270.085061	15.815194	-0.081431	4.333565
440.844530	5247.518189	15.820199	-0.081329	4.325242
440.463176	5225.006262	15.825203	-0.081244	4.316926
440.032537	5202.412829	15.830208	-0.081150	4.308562
439.636044	5179.891188	15.835213	-0.081061	4.300209
439.190009	5157.419228	15.840218	-0.080964	4.291857
438.707800	5134.909828	15.845223	-0.080860	4.283474
438.289973	5112.496358	15.850227	-0.080768	4.275112
437.899523	5090.025305	15.855232	-0.080681	4.266711
437.396648	5067.607532	15.860237	-0.080574	4.258312
437.032586	5045.215115	15.865242	-0.080491	4.249909
436.584123	5022.778023	15.870247	-0.080394	4.241469
436.245377	5000.378342	15.875251	-0.080316	4.233030
435.901933	4977.922297	15.880256	-0.080238	4.224552
435.453464	4955.442508	15.885261	-0.080140	4.216046
435.162174	4932.939164	15.890266	-0.080072	4.207517
434.525735	4910.524726	15.895271	-0.079939	4.198996
434.135381	4888.123178	15.900275	-0.079852	4.190468
433.813083	4865.723078	15.905280	-0.079778	4.181925
433.438637	4843.294153	15.910285	-0.079694	4.173352
432.839994	4820.915295	15.915290	-0.079569	4.164774
432.439209	4798.512951	15.920295	-0.079480	4.156175
432.011181	4776.108123	15.925299	-0.079386	4.147556
431.682091	4753.830275	15.930304	-0.079310	4.138971
431.171768	4731.436853	15.935309	-0.079201	4.130318
430.751016	4709.167820	15.940314	-0.079109	4.121697
430.213333	4686.879121	15.945319	-0.078995	4.113047
429.750606	4664.639881	15.950323	-0.078895	4.104400
429.441624	4642.433969	15.955328	-0.078823	4.095752
429.010268	4620.220004	15.960333	-0.078729	4.087079
428.433714	4598.026536	15.965338	-0.078608	4.078391
428.178640	4575.845922	15.970343	-0.078546	4.069698
427.834570	4553.580352	15.975347	-0.078467	4.060951
427.397447	4531.379437	15.980352	-0.078372	4.052207
426.881430	4509.208971	15.985357	-0.078262	4.043455
426.621709	4487.024743	15.990362	-0.078199	4.034685
426.101848	4464.832730	15.995367	-0.078089	4.025885
425.595161	4442.689618	16.000371	-0.077981	4.017085
425.183634	4420.640983	16.005376	-0.077890	4.008306
424.643458	4398.538925	16.010381	-0.077776	3.999483
424.409909	4376.367629	16.015386	-0.077718	3.990621
423.851314	4354.336187	16.020391	-0.077600	3.981786
423.367650	4332.383471	16.025395	-0.077496	3.972965
422.987239	4310.416969	16.030400	-0.077411	3.964121
422.573136	4288.429784	16.035405	-0.077320	3.955249
422.208514	4266.446817	16.040410	-0.077238	3.946359
421.680369	4244.528231	16.045415	-0.077126	3.937470
420.988379	4222.690406	16.050419	-0.076984	3.928588
420.795128	4200.892828	16.055424	-0.076934	3.919719
420.320201	4179.015145	16.060429	-0.076832	3.910787
419.791678	4157.277032	16.065434	-0.076720	3.901890
419.300310	4135.576163	16.070439	-0.076615	3.892989
419.010463	4113.819342	16.075443	-0.076547	3.884051
418.470248	4092.159256	16.080448	-0.076433	3.875123
417.896317	4070.529768	16.085453	-0.076313	3.866187
417.785749	4048.909435	16.090458	-0.076278	3.857249
417.095464	4027.313943	16.095463	-0.076136	3.848280
416.675432	4005.689788	16.100467	-0.076044	3.839288
416.243200	3984.078071	16.105472	-0.075950	3.830279
415.841972	3962.535227	16.110477	-0.075862	3.821278
415.391731	3941.057454	16.115482	-0.075764	3.812282
414.861109	3919.610978	16.120487	-0.075652	3.803274
414.308221	3898.229685	16.125491	-0.075536	3.794272
413.918379	3876.880434	16.130496	-0.075450	3.785267
413.363867	3855.627774	16.135501	-0.075334	3.776275
413.030433	3834.397407	16.140506	-0.075258	3.767280
412.651704	3813.117700	16.145511	-0.075174	3.758240
412.049833	3791.822797	16.150515	-0.075049	3.749163
411.588674	3770.725643	16.155520	-0.074950	3.740153
411.127650	3749.583473	16.160525	-0.074850	3.731103
410.728883	3728.553768	16.165530	-0.074763	3.722080
410.145237	3707.487575	16.170535	-0.074641	3.713013
409.707151	3686.529833	16.175539	-0.074546	3.703976
409.309764	3665.580978	16.180544	-0.074459	3.694922
408.763081	3644.702609	16.185549	-0.074344	3.685870
408.441835	3623.723065	16.190554	-0.074271	3.676760
408.071501	3602.792503	16.195559	-0.074189	3.667648
407.634010	3581.898411	16.200563	-0.074094	3.658525
407.216393	3561.060047	16.205568	-0.074003	3.649405
406.665223	3540.236902	16.210573	-0.073888	3.640263
406.253093	3519.471327	16.215578	-0.073798	3.631128
405.802643	3498.742945	16.220583	-0.073701	3.621985
405.273445	3478.055790	16.225587	-0.073590	3.612834
405.035771	3457.368420	16.230592	-0.073532	3.603672
404.531406	3436.661069	16.235597	-0.073425	3.594466
404.079689	3416.028184	16.240602	-0.073328	3.585271
403.565191	3395.444298	16.245607	-0.073220	3.576072
402.959570	3374.948597	16.250611	-0.073094	3.566884
402.616383	3354.500220	16.255616	-0.073017	3.557705
402.054034	3334.093851	16.260621	-0.072900	3.548511
401.517002	3313.784158	16.265626	-0.072787	3.539338
400.924778	3293.556623	16.270631	-0.072665	3.530176
400.497917	3273.298336	16.275635	-0.072572	3.520983
400.084915	3253.149023	16.280640	-0.072483	3.511816
399.508958	3233.016344	16.285645	-0.072363	3.502624
399.292507	3212.912572	16.290650	-0.072310	3.493438
398.790808	3192.787152	16.295655	-0.072204	3.484205
398.487482	3172.709080	16.300659	-0.072134	3.474978
397.970302	3152.617658	16.305664	-0.072026	3.465710
397.606262	3132.573654	16.310669	-0.071945	3.456446
397.090761	3112.590560	16.315674	-0.071837	3.447178
396.536717	3092.654975	16.320679	-0.071721	3.437905
395.966303	3072.794904	16.325683	-0.071603	3.428641
395.520518	3053.030981	16.330688	-0.071507	3.419403
394.908662	3033.303600	16.335693	-0.071382	3.410148
394.351891	3013.724390	16.340698	-0.071266	3.400941
393.954210	2994.128342	16.345703	-0.071179	3.391708
393.572758	2974.563189	16.350707	-0.071096	3.382465
393.014122	2955.083885	16.355712	-0.070980	3.373228
392.528168	2935.585678	16.360717	-0.070877	3.363960
392.036911	2916.141624	16.365722	-0.070774	3.354692
391.540395	2896.790969	16.370727	-0.070669	3.345443
391.091462	2877.530967	16.375731	-0.070574	3.336213
390.812153	2858.226398	16.380736	-0.070509	3.326945
390.144620	2838.962230	16.385741	-0.070373	3.317650
389.575792	2819.838377	16.390746	-0.070256	3.308402
389.124524	2800.795090	16.395751	-0.070160	3.299173
388.664309	2781.758300	16.400755	-0.070062	3.289920
388.289189	2762.719999	16.405760	-0.069980	3.280645
387.757161	2743.732790	16.410765	-0.069869	3.271360
387.391361	2724.798829	16.415770	-0.069789	3.262083
386.744975	2705.961761	16.420775	-0.069657	3.252812
386.186117	2687.168669	16.425779	-0.069542	3.243541
385.899508	2668.448065	16.430784	-0.069476	3.234293
385.175119	2649.732797	16.435789	-0.069330	3.224997
384.580211	2631.238669	16.440794	-0.069208	3.215792
384.168723	2612.729713	16.445799	-0.069120	3.206562
383.577155	2594.338668	16.450803	-0.068999	3.197354
383.103856	2575.970904	16.455808	-0.068899	3.188138
382.539501	2557.642295	16.460813	-0.068783	3.178910
382.130029	2539.399895	16.465818	-0.068695	3.169706
381.655414	2521.170825	16.470823	-0.068595	3.160479
380.970009	2503.012435	16.475827	-0.068457	3.151248
380.384405	2485.035795	16.480832	-0.068337	3.142087
379.762657	2467.094949	16.485837	-0.068210	3.132916
379.258002	2449.261990	16.490842	-0.068105	3.123780
378.909396	2431.425705	16.495847	-0.068029	3.114624
378.283331	2413.663250	16.500851	-0.067902	3.105463
377.633080	2396.043837	16.505856	-0.067770	3.096346
377.046092	2378.462867	16.510861	-0.067650	3.087226
376.582156	2360.989635	16.515866	-0.067553	3.078142
376.083087	2343.558223	16.520871	-0.067449	3.069051
375.495762	2326.205629	16.525875	-0.067329	3.059968
375.046305	2308.920254	16.530880	-0.067235	3.050902
374.500777	2291.602529	16.535885	-0.067123	3.041786
373.755423	2274.489322	16.540890	-0.066974	3.032736
373.265789	2257.434897	16.545895	-0.066872	3.023707
372.774122	2240.438031	16.550899	-0.066770	3.014681
372.409393	2223.498869	16.555904	-0.066692	3.005667
371.809363	2206.597365	16.560909	-0.066570	2.996630
371.165079	2189.785540	16.565914	-0.066440	2.987610
370.629939	2173.089748	16.570919	-0.066330	2.978633
370.107388	2156.428765	16.575923	-0.066222	2.969647
369.495050	2139.852341	16.580928	-0.066098	2.960674
369.051251	2123.312302	16.585933	-0.066005	2.951704
368.319922	2106.952304	16.590938	-0.065860	2.942785
367.753847	2090.643888	16.595943	-0.065744	2.933878
367.364493	2074.379538	16.600947	-0.065662	2.924980
366.827627	2058.145869	16.605952	-0.065552	2.916061
366.319421	2041.977540	16.610957	-0.065447	2.907152
365.756605	2025.898962	16.615962	-0.065333	2.898262
365.106455	2009.907794	16.620967	-0.065202	2.889386
364.594484	1993.948392	16.625971	-0.065097	2.880510
363.928729	1978.122658	16.630976	-0.064964	2.871669
363.317911	1962.382400	16.635981	-0.064840	2.862853
362.715464	1946.753159	16.640986	-0.064719	2.854072
362.272490	1931.170040	16.645991	-0.064627	2.845301
361.611166	1915.638932	16.650995	-0.064494	2.836517
360.931147	1900.315305	16.656000	-0.064359	2.827820
360.490197	1884.937149	16.661005	-0.064267	2.819083
359.848215	1869.700510	16.666010	-0.064139	2.810385
359.281772	1854.550060	16.671015	-0.064024	2.801714
358.690879	1839.431121	16.676019	-0.063905	2.793032
358.140068	1824.464414	16.681024	-0.063793	2.784413
357.607535	1809.481461	16.686029	-0.063685	2.775759
357.092310	1794.583472	16.691034	-0.063580	2.767128
356.489068	1779.771433	16.696039	-0.063459	2.758513
355.862189	1765.052303	16.701043	-0.063333	2.749924
355.252436	1750.454609	16.706048	-0.063211	2.741379
354.632199	1735.893175	16.711053	-0.063087	2.732827
354.217069	1721.317306	16.716058	-0.063001	2.724256
353.500100	1706.887025	16.721063	-0.062859	2.715720
353.127017	1692.506365	16.726067	-0.062780	2.707213
352.473602	1678.240648	16.731072	-0.062650	2.698725
351.751675	1664.049517	16.736077	-0.062508	2.690248
351.000926	1650.009250	16.741082	-0.062360	2.681833
350.491797	1636.023721	16.746087	-0.062257	2.673442
349.846956	1622.153326	16.751091	-0.062128	2.665083
349.127619	1608.379598	16.756096	-0.061987	2.656750
348.555370	1594.686838	16.761101	-0.061872	2.648451
348.143023	1581.016710	16.766106	-0.061787	2.640153
347.430968	1567.436368	16.771111	-0.061646	2.631858
346.958782	1553.926162	16.776115	-0.061550	2.623599
346.276744	1540.528019	16.781120	-0.061415	2.615365
345.661432	1527.169977	16.786125	-0.061293	2.607135
345.149710	1513.904237	16.791130	-0.061190	2.598944
344.624851	1500.661068	16.796135	-0.061084	2.590740
343.872131	1487.552536	16.801139	-0.060936	2.582574
343.531617	1474.503242	16.806144	-0.060865	2.574453
342.901857	1461.394366	16.811149	-0.060740	2.566245
342.304828	1448.390423	16.816154	-0.060621	2.558078
341.667672	1435.551087	16.821159	-0.060495	2.549985
341.065623	1422.759147	16.826163	-0.060375	2.541899
340.430038	1410.066034	16.831168	-0.060250	2.533846
339.783769	1397.450584	16.836173	-0.060122	2.525815
339.198921	1384.877368	16.841178	-0.060006	2.517791
338.642658	1372.450040	16.846183	-0.059895	2.509836
338.005569	1360.067532	16.851187	-0.059769	2.501878
337.461520	1347.742649	16.856192	-0.059660	2.493939
336.794339	1335.510900	16.861197	-0.059529	2.486023
336.223906	1323.314309	16.866202	-0.059416	2.478114
335.594491	1311.260216	16.871207	-0.059291	2.470265
335.186276	1299.157089	16.876211	-0.059208	2.462380
334.436666	1287.226318	16.881216	-0.059062	2.454550
333.828930	1275.353624	16.886221	-0.058942	2.446746
333.108692	1263.570746	16.891226	-0.058801	2.438965
332.655715	1251.833262	16.896231	-0.058709	2.431214
332.050470	1240.153107	16.901235	-0.058590	2.423461
331.193218	1228.687500	16.906240	-0.058424	2.415802
330.738585	1217.132244	16.911245	-0.058333	2.408097
329.957934	1205.722316	16.916250	-0.058181	2.400432
329.105801	1194.492159	16.921255	-0.058016	2.392856
328.529928	1183.346004	16.926259	-0.057903	2.385339
327.800038	1172.272208	16.931264	-0.057761	2.377831
326.980717	1161.339174	16.936269	-0.057602	2.370386
326.107932	1150.560969	16.941274	-0.057434	2.363016
324.737324	1140.049882	16.946279	-0.057174	2.355756
323.456527	1129.848636	16.951283	-0.056931	2.348693
322.866552	1119.708743	16.956288	-0.056816	2.341718
322.020027	1109.691161	16.961293	-0.056653	2.334781
320.599648	1099.970413	16.966298	-0.056385	2.327969
319.918936	1090.330318	16.971303	-0.056253	2.321267
319.174707	1080.804852	16.976307	-0.056109	2.314618
318.714566	1071.336871	16.981312	-0.056018	2.308018
318.127011	1061.892453	16.986317	-0.055903	2.301402
316.388504	1052.792961	16.991322	-0.055576	2.294891
315.627306	1043.852512	16.996327	-0.055430	2.288571
315.315838	1034.882343	17.001331	-0.055366	2.282260
314.858600	1025.915067	17.006336	-0.055276	2.275917
314.178309	1017.026032	17.011341	-0.055145	2.269589
312.960989	1008.318345	17.016346	-0.054914	2.263315
311.969210	999.918724	17.021351	-0.054726	2.257266
311.525555	991.427485	17.026355	-0.054638	2.251192
310.928063	982.980208	17.031360	-0.054522	2.245117
310.584132	974.529013	17.036365	-0.054453	2.239049
309.433558	966.249296	17.041370	-0.054235	2.233002
308.365907	958.243438	17.046375	-0.054033	2.227144
307.840543	950.222526	17.051379	-0.053931	2.221317
307.466722	942.199652	17.056384	-0.053856	2.215490
306.808591	934.240831	17.061389	-0.053730	2.209663
305.443772	926.547937	17.066394	-0.053473	2.203937
304.790652	918.929063	17.071399	-0.053347	2.198327
304.410323	911.282975	17.076403	-0.053272	2.192712
303.935055	903.688387	17.081408	-0.053179	2.187110
303.317453	896.098031	17.086413	-0.053060	2.181481
302.082261	888.756131	17.091418	-0.052827	2.175952
301.305647	881.510058	17.096423	-0.052679	2.170530
301.028567	874.222486	17.101427	-0.052623	2.165119
300.236068	867.027078	17.106432	-0.052472	2.159706
299.717617	859.845621	17.111437	-0.052371	2.154319
298.671255	852.895150	17.116442	-0.052174	2.149032
297.988795	845.966226	17.121447	-0.052043	2.143788
297.555465	839.058029	17.126451	-0.051959	2.138575
297.079024	832.148895	17.131456	-0.051866	2.133344
296.805105	825.215224	17.136461	-0.051811	2.128104
295.964477	818.349447	17.141466	-0.051651	2.122838
295.027771	811.676658	17.146471	-0.051474	2.117693
294.708347	804.952971	17.151475	-0.051410	2.112568
294.207711	798.263799	17.156480	-0.051313	2.107436
293.705338	791.579195	17.161485	-0.051216	2.102294
292.593338	785.055760	17.166490	-0.051007	2.097192
291.913750	778.613965	17.171495	-0.050877	2.092190
291.670424	772.102300	17.176499	-0.050827	2.087174
291.226073	765.588915	17.181504	-0.050741	2.082120
290.717458	759.109913	17.186509	-0.050643	2.077073
290.397934	752.629648	17.191514	-0.050579	2.072034
289.021820	746.381648	17.196519	-0.050321	2.067039
288.492134	740.174917	17.201523	-0.050219	2.062163
288.057736	733.967205	17.206528	-0.050135	2.057286
287.675691	727.723431	17.211533	-0.050060	2.052376
287.264820	721.483269	17.216538	-0.049980	2.047453
286.597296	715.289939	17.221543	-0.049853	2.042524
285.632386	709.248390	17.226547	-0.049671	2.037667
284.968154	703.297952	17.231552	-0.049544	2.032906
284.571695	697.301114	17.236557	-0.049467	2.028129
284.227452	691.299555	17.241562	-0.049399	2.023344
283.482712	685.349054	17.246567	-0.049258	2.018538
282.703470	679.523720	17.251571	-0.049110	2.013817
282.183212	673.695687	17.256576	-0.049010	2.009114
281.518785	667.903851	17.261581	-0.048884	2.004411
281.097277	662.143850	17.266586	-0.048802	1.999752
280.262480	656.472867	17.271591	-0.048644	1.995102
279.744356	650.841124	17.276595	-0.048545	1.990513
279.165330	645.221833	17.281600	-0.048434	1.985915
278.879935	639.553400	17.286605	-0.048377	1.981303
278.355643	633.935747	17.291610	-0.048277	1.976692
277.868953	628.319133	17.296615	-0.048183	1.972075
277.102051	622.768861	17.301619	-0.048038	1.967466
276.539773	617.280225	17.306624	-0.047931	1.962922
276.030029	611.779076	17.311629	-0.047833	1.958364
275.622704	606.304605	17.316634	-0.047754	1.953830
275.112471	600.836485	17.321639	-0.047656	1.949278
274.202752	595.463222	17.326643	-0.047484	1.944742
273.808844	590.117886	17.331648	-0.047408	1.940284
273.268766	584.753524	17.336653	-0.047305	1.935782
272.904586	579.448644	17.341658	-0.047234	1.931341
272.231990	574.128311	17.346663	-0.047106	1.926836
271.447265	568.904674	17.351667	-0.046958	1.922387
271.080087	563.660928	17.356672	-0.046886	1.917966
270.415547	558.465427	17.361677	-0.046760	1.913535
270.056552	553.273699	17.366682	-0.046690	1.909137
269.514695	548.073990	17.371687	-0.046587	1.904699
268.819602	542.965215	17.376691	-0.046455	1.900306
268.292932	537.873599	17.381696	-0.046355	1.895940
267.732947	532.804035	17.386701	-0.046248	1.891577
267.392874	527.705078	17.391706	-0.046181	1.887209
266.843891	522.632095	17.396711	-0.046077	1.882825
266.222514	517.601312	17.401715	-0.045959	1.878457
265.600832	512.633403	17.406720	-0.045841	1.874132
264.989419	507.689719	17.411725	-0.045724	1.869820
264.622984	502.720203	17.416730	-0.045653	1.865508
264.205999	497.771629	17.421735	-0.045573	1.861197
263.551646	492.838424	17.426739	-0.045449	1.856857
263.028278	487.957063	17.431744	-0.045349	1.852570
262.317522	483.126492	17.436749	-0.045215	1.848291
262.013493	478.250102	17.441754	-0.045155	1.844018
261.513382	473.389716	17.446759	-0.045059	1.839721
261.106933	468.516449	17.451763	-0.044981	1.835417
260.634069	463.686609	17.456768	-0.044890	1.831131
259.963208	458.882329	17.461773	-0.044763	1.826829
259.367749	454.113813	17.466778	-0.044650	1.822560
258.795848	449.392922	17.471783	-0.044541	1.818325
258.426898	444.646108	17.476787	-0.044470	1.814086
258.084982	439.871015	17.481792	-0.044404	1.809816
257.185707	435.185773	17.486797	-0.044235	1.805537
256.688591	430.547216	17.491802	-0.044140	1.801346
255.987993	425.965135	17.496807	-0.044007	1.797166
255.655636	421.346343	17.501811	-0.043943	1.792996
255.341265	416.703878	17.506816	-0.043881	1.788798
254.695785	412.090085	17.511821	-0.043759	1.784568
254.156039	407.516480	17.516826	-0.043656	1.780380
253.619752	402.953209	17.521831	-0.043554	1.776191
253.001797	398.418039	17.526835	-0.043437	1.772006
252.562388	393.864985	17.531840	-0.043353	1.767820
251.953298	389.380044	17.536845	-0.043238	1.763662
251.358152	384.936008	17.541850	-0.043125	1.759533
250.911246	380.479799	17.546855	-0.043039	1.755405
250.442694	376.037789	17.551859	-0.042950	1.751276
250.040384	371.600632	17.556864	-0.042872	1.747153
249.166590	367.248252	17.561869	-0.042708	1.743027
248.679787	362.899989	17.566874	-0.042615	1.738953
248.162303	358.574383	17.571879	-0.042517	1.734885
247.511541	354.301568	17.576883	-0.042394	1.730837
247.154566	349.984371	17.581888	-0.042325	1.726782
246.553515	345.722050	17.586893	-0.042211	1.722732
245.920491	341.495326	17.591898	-0.042091	1.718701
245.397619	337.303013	17.596903	-0.041992	1.714708
244.760364	333.130378	17.601907	-0.041872	1.710708
244.398674	328.932307	17.606912	-0.041802	1.706716
243.845350	324.776220	17.611917	-0.041697	1.702725
243.279978	320.645691	17.616922	-0.041590	1.698746
242.777878	316.539831	17.621927	-0.041494	1.694791
242.318366	312.388506	17.626931	-0.041407	1.690791
241.871418	308.259840	17.631936	-0.041321	1.686804
241.109626	304.232526	17.636941	-0.041178	1.682856
240.659283	300.161135	17.641946	-0.041092	1.678904
240.064497	296.158244	17.646951	-0.040980	1.674986
239.445007	292.183858	17.651955	-0.040863	1.671082
238.937176	288.211183	17.656960	-0.040766	1.667188
238.375283	284.259922	17.661965	-0.040660	1.663297
238.101503	280.269581	17.666970	-0.040606	1.659405
237.433285	276.350652	17.671975	-0.040480	1.655510
236.733251	272.479459	17.676979	-0.040349	1.651647
236.342859	268.587813	17.681984	-0.040274	1.647804
235.862990	264.694249	17.686989	-0.040182	1.643936
235.316830	260.824103	17.691994	-0.040079	1.640071
234.792192	257.000812	17.696999	-0.039980	1.636246
234.019833	253.218573	17.702003	-0.039834	1.632413
233.615811	249.428797	17.707008	-0.039757	1.628623
232.880710	245.710674	17.712013	-0.039619	1.624840
232.331636	242.000560	17.717018	-0.039515	1.621087
232.043206	238.260490	17.722023	-0.039459	1.617338
231.333417	234.562491	17.727027	-0.039326	1.613553
230.638724	230.923903	17.732032	-0.039195	1.609821
230.025301	227.309119	17.737037	-0.039079	1.606117
229.453157	223.729778	17.742042	-0.038971	1.602447
229.184844	220.115055	17.747047	-0.038919	1.598782
228.366123	216.582843	17.752051	-0.038766	1.595102
227.971270	213.040199	17.757056	-0.038690	1.591472
227.317237	209.521622	17.762061	-0.038567	1.587815
226.880007	206.013531	17.767066	-0.038484	1.584196
226.251321	202.534966	17.772071	-0.038366	1.580567
225.707666	199.065019	17.777075	-0.038263	1.576953
225.211939	195.656399	17.782080	-0.038169	1.573400
224.381255	192.263434	17.787085	-0.038014	1.569800
223.883733	188.897668	17.792090	-0.037920	1.566274
223.132519	185.606293	17.797095	-0.037779	1.562775
222.497032	182.349002	17.802099	-0.037659	1.559321
222.154599	179.052317	17.807104	-0.037594	1.555870
221.294621	175.857039	17.812109	-0.037433	1.552427
220.901843	172.638681	17.817114	-0.037358	1.549032
220.242154	169.451135	17.822119	-0.037234	1.545616
219.455362	166.337432	17.827123	-0.037087	1.542248
218.912525	163.265847	17.832128	-0.036984	1.538957
218.470020	160.145495	17.837133	-0.036901	1.535626
217.885598	157.068552	17.842138	-0.036791	1.532309
217.186836	154.040229	17.847143	-0.036660	1.529015
216.670028	151.025361	17.852147	-0.036562	1.525760
215.958714	148.059576	17.857152	-0.036429	1.522516
215.427732	145.105803	17.862157	-0.036329	1.519309
214.772379	142.202720	17.867162	-0.036206	1.516127
214.100889	139.342730	17.872167	-0.036080	1.512981
213.438795	136.510222	17.877171	-0.035956	1.509859
212.929017	133.677696	17.882176	-0.035860	1.506758
212.161468	130.919735	17.887181	-0.035716	1.503684
211.537774	128.206420	17.892186	-0.035599	1.500676
210.999903	125.461399	17.897191	-0.035498	1.497644
210.346903	122.793224	17.902195	-0.035376	1.494668
209.858608	120.104174	17.907200	-0.035284	1.491692
208.816054	117.548848	17.912205	-0.035090	1.488756
208.158277	115.031985	17.917210	-0.034967	1.485924
207.309409	112.579674	17.922215	-0.034808	1.483122
206.957408	110.098295	17.927219	-0.034741	1.480372
206.190471	107.662636	17.932224	-0.034598	1.477593
205.248433	105.374700	17.937229	-0.034423	1.474936
204.695691	103.027477	17.942234	-0.034319	1.472281
203.983153	100.772812	17.947239	-0.034186	1.469693
203.244453	98.547171	17.952243	-0.034048	1.467128
202.767974	96.343321	17.957248	-0.033959	1.464629
202.004672	94.161743	17.962253	-0.033817	1.462098
201.389981	92.028075	17.967258	-0.033702	1.459643
200.587574	89.940297	17.972263	-0.033552	1.457199
199.746714	87.930826	17.977267	-0.033396	1.454831
199.160622	85.916500	17.982272	-0.033286	1.452500
198.180703	84.032569	17.987277	-0.033104	1.450237
197.256840	82.221469	17.992282	-0.032932	1.448061
196.008474	80.613619	17.997287	-0.032701	1.446047
194.839948	79.074033	18.002291	-0.032484	1.444121
193.844481	77.640425	18.007296	-0.032300	1.442343
193.080754	76.276403	18.012301	-0.032158	1.440682
192.719023	74.819688	18.017306	-0.032090	1.438992
191.914009	73.444580	18.022311	-0.031940	1.437307
191.453051	72.094254	18.027315	-0.031854	1.435713
189.963102	70.937630	18.032320	-0.031579	1.434141
188.379389	70.000844	18.037325	-0.031286	1.432796
187.942646	69.011794	18.042330	-0.031205	1.431606
187.687270	67.952126	18.047335	-0.031157	1.430370
187.243438	66.860426	18.052339	-0.031074	1.429061
186.922185	65.764315	18.057344	-0.031014	1.427769
186.393377	64.718693	18.062349	-0.030915	1.426494
185.241781	63.771519	18.067354	-0.030702	1.425211
183.370467	63.153391	18.072359	-0.030357	1.424161
182.400005	62.572308	18.077363	-0.030177	1.423323
182.206780	61.859395	18.082368	-0.030141	1.422482
181.747014	61.199702	18.087373	-0.030056	1.421651
181.568772	60.443985	18.092378	-0.030022	1.420764
181.438912	59.614367	18.097383	-0.029997	1.419801
181.005211	58.789830	18.102387	-0.029916	1.418787
180.490108	57.963446	18.107392	-0.029821	1.417754
179.828992	57.226148	18.112397	-0.029698	1.416793
179.490802	56.427234	18.117402	-0.029635	1.415824
178.915939	55.642278	18.122407	-0.029528	1.414824
178.471980	54.842361	18.127411	-0.029446	1.413832
177.849011	54.064821	18.132416	-0.029330	1.412830
177.635504	53.231815	18.137421	-0.029290	1.411843
177.105935	52.437159	18.142426	-0.029191	1.410838
176.857432	51.566834	18.147431	-0.029145	1.409800
175.862968	50.795101	18.152435	-0.028961	1.408731
174.876045	50.177307	18.157440	-0.028778	1.407838
174.390337	49.503517	18.162445	-0.028688	1.406976
173.886212	48.851482	18.167450	-0.028594	1.406136
173.445490	48.165078	18.172455	-0.028513	1.405267
173.048743	47.452661	18.177459	-0.028439	1.404377
172.682088	46.719460	18.182464	-0.028370	1.403468
171.851102	46.081314	18.187469	-0.028217	1.402578
171.707072	45.360214	18.192474	-0.028189	1.401725
171.474711	44.593626	18.197479	-0.028146	1.400802
170.974721	43.803049	18.202483	-0.028053	1.399799
170.551352	43.036854	18.207488	-0.027974	1.398839
169.795736	42.313278	18.212493	-0.027834	1.397862
169.552811	41.568532	18.217498	-0.027788	1.396960
169.438142	40.719546	18.222503	-0.027766	1.395961
169.072419	39.843874	18.227507	-0.027698	1.394883
168.958208	38.907328	18.232512	-0.027676	1.393783
168.207423	38.013561	18.237517	-0.027537	1.392607
167.256290	37.296018	18.242522	-0.027361	1.391596
166.354800	36.596911	18.247527	-0.027194	1.390614
165.489669	35.961250	18.252531	-0.027034	1.389712
165.266981	35.248453	18.257536	-0.026992	1.388845
164.885317	34.509932	18.262541	-0.026921	1.387916
164.658695	33.752789	18.267546	-0.026879	1.386996
164.140538	33.010531	18.272551	-0.026782	1.386036
163.568609	32.252987	18.277555	-0.026676	1.385046
163.288252	31.470619	18.282560	-0.026624	1.384084
162.695853	30.697983	18.287565	-0.026514	1.383072
162.530054	29.865310	18.292570	-0.026482	1.382072
161.403197	29.221306	18.297575	-0.026274	1.381104
160.175524	28.695128	18.302579	-0.026047	1.380251
159.820047	28.080044	18.307584	-0.025981	1.379466
159.672325	27.395292	18.312589	-0.025953	1.378639
159.363136	26.684943	18.317594	-0.025895	1.377751
158.951962	26.015411	18.322599	-0.025819	1.376890
158.699116	25.233960	18.327603	-0.025771	1.375928
158.144133	24.496039	18.332608	-0.025668	1.374958
157.016598	23.919722	18.337613	-0.025460	1.374063
156.386468	23.323258	18.342618	-0.025343	1.373241
156.356027	22.630448	18.347623	-0.025337	1.372425
155.953587	21.943721	18.352627	-0.025262	1.371541
155.710292	21.183798	18.357632	-0.025216	1.370603
155.510475	20.377296	18.362637	-0.025179	1.369618
155.011002	19.601496	18.367642	-0.025086	1.368610
153.925529	18.937647	18.372647	-0.024885	1.367616
153.175927	18.369501	18.377651	-0.024746	1.366800
152.974045	17.681666	18.382656	-0.024709	1.365952
152.524754	16.966148	18.387661	-0.024625	1.365021
152.300944	16.211614	18.392666	-0.024583	1.364088
151.668257	15.492978	18.397671	-0.024466	1.363116
150.769955	14.910017	18.402675	-0.024299	1.362251
150.477162	14.239560	18.407680	-0.024245	1.361402
150.020789	13.545541	18.412685	-0.024160	1.360492
149.670167	12.835290	18.417690	-0.024095	1.359583
149.144214	12.147981	18.422695	-0.023997	1.358666
148.546212	11.464910	18.427699	-0.023886	1.357739
148.072154	10.836288	18.432704	-0.023798	1.356900
146.717827	10.358362	18.437709	-0.023548	1.356064
146.132055	9.847639	18.442714	-0.023439	1.355342
145.852951	9.270802	18.447719	-0.023387	1.354602
145.480913	8.702878	18.452723	-0.023318	1.353854
145.083310	8.100691	18.457728	-0.023244	1.353059
144.591841	7.549573	18.462733	-0.023153	1.352306
144.430862	6.876606	18.467738	-0.023122	1.351474
143.873047	6.247512	18.472743	-0.023019	1.350614
143.039101	5.724912	18.477747	-0.022865	1.349825
142.520809	5.128096	18.482752	-0.022769	1.349010
141.209830	4.766620	18.487757	-0.022526	1.348316
140.693518	4.357449	18.492762	-0.022431	1.347725
140.548450	3.893719	18.497767	-0.022403	1.347142
140.002848	3.417699	18.502771	-0.022302	1.346465
139.749537	2.904291	18.507776	-0.022255	1.345801
138.779927	2.489049	18.512781	-0.022076	1.345109
138.361946	2.057330	18.517786	-0.021998	1.344509
137.761818	1.640003	18.522791	-0.021887	1.343889
137.655467	1.135918	18.527795	-0.021867	1.343265
137.092007	0.662143	18.532800	-0.021762	1.342584
136.146323	0.340192	18.537805	-0.021588	1.342007
135.465955	-0.040801	18.542810	-0.021462	1.341413
134.945491	-0.373631	18.547815	-0.021365	1.340909
134.608617	-0.771032	18.552819	-0.021303	1.340365
134.440221	-1.226120	18.557824	-0.021271	1.339785
133.714139	-1.613232	18.562829	-0.021137	1.339173
133.171862	-2.015398	18.567834	-0.021036	1.338580
131.554232	-2.116857	18.572839	-0.020738	1.338130
129.534176	-2.053217	18.577843	-0.020366	1.337797
129.435138	-2.045951	18.582848	-0.020347	1.337785
129.875696	-2.197293	18.587853	-0.020428	1.337692
126.848504	-1.865429	18.592858	-0.019870	1.337476
120.861341	-0.039689	18.597863	-0.018768	1.338454
126.599785	-0.533823	18.602867	-0.019825	1.339024
127.810493	-0.730853	18.607872	-0.020047	1.339032
128.471623	-1.193085	18.612877	-0.020168	1.338611
127.977847	-1.524124	18.617882	-0.020077	1.338114
125.976032	-1.535027	18.622887	-0.019708	1.337694
123.879987	-1.132213	18.627891	-0.019322	1.337752
124.993860	-1.440426	18.632896	-0.019526	1.337608
121.379248	-0.698577	18.637901	-0.018861	1.337765
125.136444	-1.336430	18.642906	-0.019552	1.337761
122.238190	-1.086372	18.647911	-0.019018	1.337473
123.419810	-1.143246	18.652915	-0.019235	1.337644
121.358413	-1.119874	18.657920	-0.018855	1.337253
120.973962	-0.816864	18.662925	-0.018784	1.337539
123.327880	-1.459972	18.667930	-0.019217	1.337244
118.012000	-0.821710	18.672935	-0.018238	1.336931
121.003539	-0.950744	18.677939	-0.018789	1.337383
118.361414	-0.884836	18.682944	-0.018302	1.336926
120.557571	-1.055233	18.687949	-0.018706	1.337166
119.273066	-1.414151	18.692954	-0.018469	1.336474
114.818111	-0.273918	18.697959	-0.017649	1.336940
122.727486	-1.900013	18.702963	-0.019104	1.336591
111.118727	-0.148143	18.707968	-0.016967	1.336339
120.982143	-1.390635	18.712973	-0.018782	1.336848
113.237146	-0.683150	18.717978	-0.017356	1.336125
117.177985	-1.008311	18.722983	-0.018081	1.336534
114.228768	-0.853736	18.727987	-0.017538	1.336121
115.876071	-1.091640	18.732992	-0.017841	1.336169
110.951769	-0.250216	18.737997	-0.016934	1.336180
118.241397	-1.537850	18.743002	-0.018276	1.336112
108.045802	-0.076097	18.748007	-0.016398	1.335798
118.797977	-1.746694	18.753011	-0.018377	1.335973
106.398067	-0.160803	18.758016	-0.016094	1.335361
115.995201	-1.312968	18.763021	-0.017861	1.335925
107.899834	-0.381603	18.768026	-0.016370	1.335400
112.445022	-1.052027	18.773031	-0.017206	1.335517
109.075983	-0.428431	18.778035	-0.016586	1.335582
112.034041	-1.428384	18.783040	-0.017130	1.334979
106.591182	-0.149488	18.788045	-0.016128	1.335411
111.082031	-1.337040	18.793050	-0.016954	1.334895
106.537130	-0.325500	18.798055	-0.016117	1.335188
108.271363	-0.945703	18.803059	-0.016436	1.334794
108.299193	-0.859296	18.808064	-0.016441	1.334903
103.957477	-0.201179	18.813069	-0.015641	1.334812
110.110411	-1.336610	18.818074	-0.016773	1.334696
102.033261	-0.135029	18.823079	-0.015286	1.334499
108.063303	-1.060851	18.828083	-0.016396	1.334611
103.640862	-0.501549	18.833088	-0.015581	1.334384
104.031562	-0.573630	18.838093	-0.015653	1.334377
105.916547	-1.011734	18.843098	-0.015999	1.334232
99.853669	-0.155179	18.848103	-0.014883	1.334029
106.256021	-1.124115	18.853107	-0.016061	1.334165
100.183584	-0.338538	18.858112	-0.014943	1.333875
102.441797	-0.704118	18.863117	-0.015358	1.333894
102.032256	-0.747191	18.868122	-0.015283	1.333758
99.581578	-0.507286	18.873127	-0.014831	1.333548
101.725829	-0.733432	18.878131	-0.015225	1.333712
99.483425	-0.567952	18.883136	-0.014812	1.333454
99.638555	-0.608772	18.888141	-0.014840	1.333436
100.291781	-0.882091	18.893146	-0.014960	1.333239
96.055871	-0.396945	18.898151	-0.014180	1.332961
100.234052	-0.849425	18.903155	-0.014949	1.333266
96.437616	-0.599893	18.908160	-0.014250	1.332793
96.588155	-0.606281	18.913165	-0.014277	1.332816
97.472939	-0.690101	18.918170	-0.014440	1.332895
94.518744	-0.483650	18.923175	-0.013895	1.332541
96.914597	-0.703169	18.928179	-0.014336	1.332764
94.759376	-0.675575	18.933184	-0.013939	1.332358
94.633666	-0.585535	18.938189	-0.013915	1.332441
94.273335	-0.689360	18.943194	-0.013849	1.332242
92.868689	-0.444548	18.948199	-0.013590	1.332250
93.365430	-0.538179	18.953203	-0.013681	1.332238
93.589434	-0.810838	18.958208	-0.013722	1.331954
90.723186	-0.366179	18.963213	-0.013194	1.331906
92.883877	-0.780177	18.968218	-0.013591	1.331847
90.483971	-0.575051	18.973223	-0.013149	1.331604
90.087477	-0.511493	18.978227	-0.013076	1.331600
90.704607	-0.612092	18.983232	-0.013189	1.331604
88.979049	-0.547330	18.988237	-0.012871	1.331330
90.888840	-0.726629	18.993242	-0.013222	1.331503
87.254408	-0.563975	18.998247	-0.012552	1.330957
88.746109	-0.575532	19.003251	-0.012827	1.331247
86.907846	-0.485369	19.008256	-0.012488	1.330980
87.153062	-0.526468	19.013261	-0.012533	1.330980
88.375023	-0.787919	19.018266	-0.012757	1.330914
84.550846	-0.494440	19.023271	-0.012053	1.330487
86.775116	-0.576134	19.028275	-0.012462	1.330842
84.991044	-0.662632	19.033280	-0.012133	1.330373
84.043079	-0.526886	19.038285	-0.011958	1.330343
85.223795	-0.567914	19.043290	-0.012176	1.330534
82.921507	-0.567530	19.048295	-0.011751	1.330064
84.052844	-0.558927	19.053299	-0.011959	1.330305
82.611216	-0.632699	19.058304	-0.011693	1.329921
82.314063	-0.544475	19.063309	-0.011638	1.329966
81.945922	-0.545920	19.068314	-0.011570	1.329889
81.315741	-0.742818	19.073319	-0.011454	1.329522
80.074061	-0.229851	19.078323	-0.011225	1.329888
81.620829	-0.892940	19.083328	-0.011509	1.329402
78.856894	-0.430513	19.088333	-0.011000	1.329396
79.083440	-0.464527	19.093338	-0.011041	1.329400
79.703332	-0.731567	19.098343	-0.011155	1.329204
77.402586	-0.256672	19.103347	-0.010731	1.329307
79.616199	-0.931456	19.108352	-0.011138	1.328943
75.523795	-0.214007	19.113357	-0.010385	1.328974
78.272298	-0.739515	19.118362	-0.010890	1.328900
76.317343	-0.507483	19.123367	-0.010530	1.328780
74.522336	-0.298351	19.128371	-0.010199	1.328666
77.987046	-0.940704	19.133376	-0.010837	1.328597
72.070398	-0.186703	19.138381	-0.009747	1.328298
76.775002	-0.780969	19.143386	-0.010613	1.328542
73.016831	-0.465344	19.148391	-0.009921	1.328154
73.213640	-0.506779	19.153395	-0.009956	1.328144
73.757531	-0.618184	19.158400	-0.010056	1.328120
70.859297	-0.326495	19.163405	-0.009522	1.327879
74.121680	-0.742540	19.168410	-0.010123	1.328043
70.469857	-0.539557	19.173415	-0.009450	1.327541
71.098186	-0.470219	19.178419	-0.009565	1.327753
70.308477	-0.522449	19.183424	-0.009419	1.327528
69.629989	-0.409163	19.188429	-0.009294	1.327526
70.163264	-0.504080	19.193434	-0.009392	1.327520
69.770405	-0.627440	19.198439	-0.009319	1.327289
68.396229	-0.559307	19.203443	-0.009066	1.327090
67.778649	-0.470547	19.208448	-0.008952	1.327070
67.655805	-0.646898	19.213453	-0.008929	1.326831
67.125610	-0.366358	19.218458	-0.008831	1.327062
66.648496	-0.711511	19.223463	-0.008743	1.326546
66.006494	-0.351265	19.228467	-0.008624	1.326850
65.644053	-0.622092	19.233472	-0.008557	1.326447
65.709251	-0.610240	19.238477	-0.008569	1.326475
63.014158	-0.176664	19.243482	-0.008072	1.326447
66.324650	-0.903921	19.248487	-0.008681	1.326244
61.656291	-0.133114	19.253491	-0.007822	1.326221
64.827093	-0.767366	19.258496	-0.008405	1.326102
62.708543	-0.571529	19.263501	-0.008014	1.325904
60.255298	-0.191105	19.268506	-0.007563	1.325862
64.131331	-0.928678	19.273511	-0.008276	1.325762
58.331412	0.025661	19.278515	-0.007208	1.325730
63.720896	-0.971631	19.283520	-0.008199	1.325625
58.459532	-0.232028	19.288525	-0.007230	1.325442
59.507665	-0.464007	19.293530	-0.007423	1.325376
60.737640	-0.727258	19.298535	-0.007649	1.325308
56.855907	-0.198251	19.303539	-0.006934	1.325153
60.578606	-0.806512	19.308544	-0.007619	1.325179
55.222577	-0.132867	19.313549	-0.006633	1.324896
58.688341	-0.621583	19.318554	-0.007270	1.325014
57.143115	-0.553121	19.323559	-0.006986	1.324780
55.507341	-0.280369	19.328563	-0.006684	1.324775
56.796612	-0.574392	19.333568	-0.006921	1.324682
54.583909	-0.396934	19.338573	-0.006513	1.324443
54.731171	-0.416611	19.343578	-0.006540	1.324449
55.147903	-0.556528	19.348583	-0.006616	1.324364
52.959496	-0.380351	19.353587	-0.006213	1.324128
54.366545	-0.613021	19.358592	-0.006472	1.324134
51.522667	-0.321862	19.363597	-0.005948	1.323903
53.573835	-0.567942	19.368602	-0.006325	1.324025
51.865660	-0.465941	19.373607	-0.006010	1.323798
50.581541	-0.448732	19.378611	-0.005774	1.323554
51.588794	-0.417883	19.383616	-0.005959	1.323798
49.818712	-0.527662	19.388621	-0.005632	1.323300
50.371195	-0.338705	19.393626	-0.005734	1.323643
49.242019	-0.502045	19.398631	-0.005525	1.323212
49.232101	-0.520489	19.403635	-0.005523	1.323187
48.519814	-0.399947	19.408640	-0.005392	1.323187
47.943425	-0.542528	19.413645	-0.005285	1.322895
47.450775	-0.383427	19.418650	-0.005194	1.322987
46.993959	-0.575962	19.423655	-0.005110	1.322658
46.115291	-0.303122	19.428659	-0.004948	1.322809
45.784998	-0.438764	19.433664	-0.004887	1.322575
46.198475	-0.517995	19.438669	-0.004962	1.322564
44.903927	-0.328367	19.443674	-0.004724	1.322527
45.617126	-0.713058	19.448679	-0.004855	1.322206
42.716640	-0.344777	19.453683	-0.004320	1.322056
44.427512	-0.459054	19.458688	-0.004635	1.322269
42.371755	-0.446700	19.463693	-0.004256	1.321861
42.613835	-0.384606	19.468698	-0.004300	1.321986
42.520934	-0.543357	19.473703	-0.004283	1.321773
41.133378	-0.385320	19.478707	-0.004027	1.321679
41.364213	-0.427234	19.483712	-0.004069	1.321675
40.920112	-0.563229	19.488717	-0.003987	1.321418
38.994083	-0.150180	19.493722	-0.003632	1.321524
41.023121	-0.642244	19.498727	-0.004005	1.321342
38.469564	-0.454322	19.503731	-0.003535	1.321044
38.490029	-0.450515	19.508736	-0.003538	1.321053
38.465646	-0.446164	19.513741	-0.003533	1.321053
37.976322	-0.415022	19.518746	-0.003443	1.320989
37.326171	-0.509995	19.523751	-0.003323	1.320739
36.267383	-0.339105	19.528755	-0.003128	1.320729
36.084190	-0.300513	19.533760	-0.003093	1.320738
36.539770	-0.608630	19.538765	-0.003177	1.320456
34.691068	-0.334204	19.543770	-0.002836	1.320409
34.940784	-0.537386	19.548775	-0.002882	1.320212
33.098635	-0.279158	19.553779	-0.002542	1.320146
34.950534	-0.449984	19.558784	-0.002883	1.320320
33.169755	-0.536139	19.563789	-0.002555	1.319847
32.188000	-0.216214	19.568794	-0.002374	1.320034
33.423441	-0.665085	19.573799	-0.002601	1.319741
31.012904	-0.476265	19.578803	-0.002156	1.319474
30.662557	-0.164328	19.583808	-0.002092	1.319781
32.207400	-0.769352	19.588813	-0.002376	1.319362
29.199999	-0.211603	19.593818	-0.001822	1.319421
30.536420	-0.562386	19.598823	-0.002067	1.319269
29.659015	-0.521233	19.603827	-0.001905	1.319137
27.518272	-0.171062	19.608832	-0.001511	1.319122
29.809654	-0.658076	19.613837	-0.001932	1.319001
26.653573	-0.237833	19.618842	-0.001351	1.318861
27.411891	-0.367696	19.623847	-0.001490	1.318859
27.768954	-0.543641	19.628851	-0.001556	1.318718
25.454032	-0.280058	19.633856	-0.001129	1.318561
26.950451	-0.633502	19.638861	-0.001404	1.318438
23.989150	-0.154491	19.643866	-0.000859	1.318411
26.451051	-0.608855	19.648871	-0.001312	1.318364
24.161049	-0.335186	19.653875	-0.000890	1.318225
23.422085	-0.451532	19.658880	-0.000753	1.317930
24.119897	-0.479411	19.663885	-0.000881	1.318039
21.818344	-0.184955	19.668890	-0.000457	1.317923
24.048963	-0.685333	19.673895	-0.000868	1.317773
20.501433	-0.215809	19.678899	-0.000214	1.317612
21.502665	-0.380233	19.683904	-0.000398	1.317618
22.517744	-0.637380	19.688909	-0.000585	1.317513
19.241299	-0.199718	19.693914	0.000019	1.317370
20.816020	-0.460855	19.698919	-0.000271	1.317376
19.589734	-0.519219	19.703923	-0.000044	1.317051
18.022895	-0.111793	19.708928	0.000244	1.317224
20.409009	-0.776093	19.713933	-0.000195	1.316906
16.493248	-0.174371	19.718938	0.000527	1.316830
18.495880	-0.527317	19.723943	0.000158	1.316813
17.057349	-0.368552	19.728947	0.000424	1.316709
15.625632	-0.343979	19.733952	0.000688	1.316442
17.652958	-0.549554	19.738957	0.000315	1.316610
13.534672	-0.174262	19.743962	0.001073	1.316216
16.480758	-0.544115	19.748967	0.000531	1.316373
13.776809	-0.315668	19.753971	0.001029	1.316092
14.144423	-0.369141	19.758976	0.000962	1.316103
14.230537	-0.401167	19.763981	0.000946	1.316081
12.257860	-0.309795	19.768986	0.001310	1.315784
13.977033	-0.429618	19.773991	0.000994	1.315993
11.709173	-0.463843	19.778995	0.001412	1.315481
12.103984	-0.376871	19.784000	0.001339	1.315669
10.771900	-0.386350	19.789005	0.001585	1.315381
11.242568	-0.504650	19.794010	0.001499	1.315333
8.665029	-0.056352	19.799015	0.001974	1.315347
11.548038	-0.747096	19.804019	0.001443	1.315099
7.697933	-0.093171	19.809024	0.002152	1.315101
9.210786	-0.475514	19.814029	0.001874	1.314946
8.667790	-0.371738	19.819034	0.001975	1.314960
7.509397	-0.258315	19.824039	0.002188	1.314859
8.536594	-0.746402	19.829043	0.002000	1.314473
4.174697	0.166495	19.834048	0.002803	1.314686
7.936406	-0.660299	19.839053	0.002111	1.314454
5.692184	-0.263192	19.844058	0.002524	1.314474
4.419829	-0.249459	19.849063	0.002759	1.314227
6.179985	-0.599489	19.854067	0.002435	1.314163
2.684195	-0.070265	19.859072	0.003079	1.314085
5.210303	-0.552562	19.864077	0.002614	1.314018
2.988491	-0.268564	19.869082	0.003024	1.313905
2.800428	-0.434097	19.874087	0.003059	1.313662
2.334593	-0.412710	19.879091	0.003145	1.313591
1.141115	-0.206845	19.884096	0.003365	1.313596
2.526102	-0.519804	19.889101	0.003110	1.313499
0.511541	-0.365919	19.894106	0.003482	1.313269
0.194743	-0.303255	19.899111	0.003540	1.313280
