Thu May 21 10:07:20 2026

Number of Points = 3563
Depth (nm)	Load (µN)	Time (s)	Depth (V)	Load (V)
2.060845	2.652777	0.000000	0.001242	1.034749

2.231851	2.708935	0.005005	0.001212	1.034910
2.200766	2.716137	0.010010	0.001218	1.034900
2.464963	2.504993	0.015014	0.001172	1.034759
2.055397	2.553015	0.020019	0.001246	1.034605
2.218037	2.485485	0.025024	0.001218	1.034599
2.382493	2.429295	0.030029	0.001190	1.034608
2.073399	2.349229	0.035034	0.001246	1.034338
2.294026	2.225729	0.040038	0.001207	1.034289
2.163507	2.128942	0.045043	0.001232	1.034091
1.884815	2.155633	0.050048	0.001282	1.033977
1.912657	1.980440	0.055053	0.001278	1.033759
1.581657	2.043155	0.060058	0.001339	1.033665
1.583495	1.919932	0.065062	0.001339	1.033501
1.635443	1.842874	0.070067	0.001331	1.033424
1.320301	1.735972	0.075072	0.001388	1.033116
1.467390	1.629430	0.080077	0.001363	1.033050
0.704637	1.728183	0.085082	0.001500	1.032777
0.840828	1.678143	0.090086	0.001477	1.032780
0.661312	1.577159	0.095091	0.001510	1.032550
0.544660	1.546561	0.100096	0.001532	1.032446
0.538976	1.501910	0.105101	0.001533	1.032382
0.168354	1.478436	0.110106	0.001601	1.032154
0.393067	1.384739	0.115110	0.001561	1.032145
-0.040038	1.322034	0.120115	0.001640	1.031833
-0.323197	1.425321	0.125120	0.001691	1.031817
-0.115648	1.310318	0.130125	0.001655	1.031772
-0.516206	1.280820	0.135130	0.001728	1.031520
-0.619355	1.323358	0.140134	0.001747	1.031519
-0.687815	1.322147	0.145139	0.001760	1.031479
-1.079446	1.270196	0.150144	0.001831	1.031202
-0.850519	1.184060	0.155149	0.001791	1.031206
-0.940732	1.204148	0.160154	0.001808	1.031183
-1.141390	1.076055	0.165158	0.001845	1.030906
-1.155145	1.089168	0.170163	0.001849	1.030913
-1.648273	1.145232	0.175168	0.001938	1.030725
-1.549072	0.997876	0.180173	0.001921	1.030580
-1.667891	1.039562	0.185178	0.001943	1.030570
-1.670159	0.934516	0.190182	0.001945	1.030427
-1.627620	0.796589	0.195187	0.001938	1.030265
-2.031030	0.863597	0.200192	0.002011	1.030139
-2.043796	0.730721	0.205197	0.002014	1.029954
-2.292098	0.821855	0.210202	0.002060	1.029941
-2.415943	0.699590	0.215206	0.002083	1.029712
-2.221039	0.577749	0.220211	0.002049	1.029651
-2.731157	0.618134	0.225216	0.002141	1.029433
-2.695743	0.527269	0.230221	0.002135	1.029329
-2.803979	0.558836	0.235226	0.002156	1.029311
-3.193735	0.487103	0.240230	0.002226	1.029008
-3.093592	0.454433	0.245235	0.002209	1.029015
-3.057247	0.333862	0.250240	0.002204	1.028872
-3.105229	0.232634	0.255245	0.002213	1.028710
-3.452512	0.255090	0.260250	0.002276	1.028554
-4.021874	0.410776	0.265254	0.002379	1.028457
-3.708873	0.290564	0.270259	0.002324	1.028461
-4.049763	0.372514	0.275264	0.002386	1.028387
-4.225277	0.256483	0.280269	0.002418	1.028138
-4.498945	0.354865	0.285274	0.002468	1.028121
-4.277243	0.276254	0.290278	0.002430	1.028131
-4.464142	0.246397	0.295283	0.002464	1.027990
-5.269160	0.437964	0.300288	0.002609	1.027817
-4.859890	0.283015	0.305293	0.002537	1.027825
-4.763286	0.237405	0.310298	0.002520	1.027813
-4.958633	0.306272	0.315302	0.002556	1.027798
-5.227430	0.190497	0.320307	0.002605	1.027500
-5.337167	0.233313	0.325312	0.002626	1.027496
-5.346989	0.246256	0.330317	0.002628	1.027506
-5.617727	0.200581	0.335322	0.002678	1.027300
-5.712272	0.158879	0.340326	0.002696	1.027192
-5.469545	0.066032	0.345331	0.002653	1.027194
-6.168539	0.144957	0.350336	0.002779	1.026927
-6.010682	0.040781	0.355341	0.002752	1.026870
-5.975458	0.021308	0.360346	0.002746	1.026860
-6.174165	0.027197	0.365350	0.002783	1.026760
-6.260450	-0.091035	0.370355	0.002799	1.026555
-6.748305	0.105352	0.375360	0.002887	1.026555
-6.575563	0.029269	0.380365	0.002857	1.026543
-6.738823	-0.137145	0.385370	0.002888	1.026234
-6.909001	-0.061496	0.390374	0.002919	1.026241
-6.720136	-0.195395	0.395379	0.002886	1.026161
-7.444500	-0.064654	0.400384	0.003017	1.025949
-7.587169	-0.000094	0.405389	0.003043	1.025956
-7.578550	-0.013192	0.410394	0.003042	1.025940
-8.197672	0.235375	0.415398	0.003154	1.025940
-7.592307	-0.006112	0.420403	0.003047	1.025937
-7.789508	-0.082982	0.425408	0.003083	1.025728
-8.068069	-0.049101	0.430413	0.003134	1.025623
-8.185841	-0.003837	0.435418	0.003156	1.025618
-8.735930	0.215612	0.440422	0.003255	1.025616
-8.571366	0.156402	0.445427	0.003227	1.025621
-8.374233	0.077960	0.450432	0.003192	1.025619
-8.803968	0.065209	0.455437	0.003270	1.025372
-8.909273	0.062227	0.460442	0.003290	1.025310
-9.349451	0.239964	0.465446	0.003369	1.025310
-9.306073	0.227847	0.470451	0.003363	1.025314
-9.594127	0.341321	0.475456	0.003415	1.025309
-9.171879	0.177983	0.480461	0.003340	1.025313
-8.903163	0.064161	0.485466	0.003293	1.025302
-9.728960	0.161759	0.490470	0.003442	1.024992
-9.426307	0.046822	0.495475	0.003389	1.024997
-9.759054	0.175769	0.500480	0.003449	1.024989
-10.037648	0.296303	0.505485	0.003500	1.024999
-9.969542	0.087708	0.510490	0.003489	1.024755
-10.136731	0.100142	0.515494	0.003520	1.024681
-9.954434	0.041031	0.520499	0.003488	1.024696
-10.508486	0.079339	0.525504	0.003588	1.024451
-10.341845	0.027880	0.530509	0.003559	1.024468
-10.765033	0.117966	0.535514	0.003636	1.024361
-10.901258	0.174480	0.540518	0.003661	1.024361
-10.781946	0.106664	0.545523	0.003641	1.024332
-11.525050	0.283489	0.550528	0.003774	1.024170
-10.954441	0.000335	0.555533	0.003673	1.024094
-11.077325	0.026067	0.560538	0.003696	1.024060
-11.799184	0.312576	0.565542	0.003826	1.024055
-11.232461	0.036093	0.570547	0.003726	1.023986
-11.862299	0.106416	0.575552	0.003839	1.023743
-11.746299	0.069913	0.580557	0.003820	1.023753
-11.551018	-0.011262	0.585562	0.003786	1.023746
-12.221670	0.160194	0.590566	0.003906	1.023616
-12.222499	0.083835	0.595571	0.003908	1.023511
-12.368930	0.142541	0.600576	0.003935	1.023509
-12.015910	0.013143	0.605581	0.003872	1.023521
-12.363472	-0.067927	0.610586	0.003936	1.023227
-12.872238	0.100582	0.615590	0.004027	1.023178
-12.992832	0.150218	0.620595	0.004050	1.023177
-13.122522	0.199370	0.625600	0.004074	1.023171
-12.899720	0.123434	0.630605	0.004035	1.023186
-12.966412	-0.052615	0.635610	0.004048	1.022914
-13.637283	0.185326	0.640614	0.004169	1.022871
-13.828641	0.266713	0.645619	0.004204	1.022875
-13.588759	0.168924	0.650624	0.004162	1.022870
-13.299401	0.057450	0.655629	0.004111	1.022872
-13.868797	0.073882	0.660634	0.004214	1.022590
-14.325757	0.227100	0.665638	0.004297	1.022548
-14.133089	0.157773	0.670643	0.004263	1.022556
-13.996510	0.102598	0.675648	0.004240	1.022552
-14.187692	0.181977	0.680653	0.004275	1.022553
-14.312422	0.020644	0.685658	0.004298	1.022270
-14.675750	0.142513	0.690662	0.004364	1.022236
-14.707759	0.160572	0.695667	0.004371	1.022241
-14.433403	-0.044107	0.700672	0.004323	1.022111
-15.453841	0.298042	0.705677	0.004506	1.022022
-15.164130	0.096940	0.710682	0.004455	1.021906
-15.446816	0.214581	0.715686	0.004507	1.021910
-15.301156	0.167167	0.720691	0.004481	1.021921
-15.181536	0.112832	0.725696	0.004461	1.021909
-15.622733	0.125449	0.730701	0.004541	1.021689
-15.355782	-0.048189	0.735706	0.004494	1.021597
-16.182898	0.284337	0.740710	0.004643	1.021598
-15.687784	0.088432	0.745715	0.004555	1.021597
-16.263161	0.137271	0.750720	0.004659	1.021354
-16.707672	0.473466	0.755725	0.004740	1.021563
-16.563642	0.270877	0.760730	0.004715	1.021367
-16.593445	0.225137	0.765734	0.004721	1.021287
-16.393935	0.147968	0.770739	0.004686	1.021288
-16.638558	0.246439	0.775744	0.004731	1.021286
-17.006867	0.395892	0.780749	0.004798	1.021287
-16.579899	0.154171	0.785754	0.004722	1.021189
-17.345958	0.318721	0.790758	0.004860	1.020999
-16.747646	0.078714	0.795763	0.004754	1.020994
-17.200554	0.071374	0.800768	0.004836	1.020741
-18.044855	0.355743	0.805773	0.004988	1.020668
-17.838296	0.277869	0.810778	0.004952	1.020672
-18.123477	0.386722	0.815782	0.005004	1.020662
-17.491088	0.135932	0.820787	0.004892	1.020662
-17.502361	0.114483	0.825792	0.004895	1.020624
-18.429668	0.420665	0.830797	0.005062	1.020537
-17.882694	0.068381	0.835802	0.004965	1.020355
-18.431272	0.287351	0.840806	0.005064	1.020353
-18.386330	0.276290	0.845811	0.005057	1.020359
-18.262725	0.029492	0.850816	0.005035	1.020093
-18.885469	0.243265	0.855821	0.005148	1.020044
-18.741107	0.181240	0.860826	0.005123	1.020036
-19.187485	0.359735	0.865830	0.005204	1.020033
-18.918698	0.222073	0.870835	0.005156	1.019990
-19.129996	0.108426	0.875840	0.005195	1.019724
-19.829919	0.393985	0.880845	0.005321	1.019729
-19.158269	0.125941	0.885850	0.005202	1.019726
-19.492278	0.120180	0.890854	0.005263	1.019538
-19.691820	0.232519	0.895859	0.005299	1.019579
-19.573716	0.053907	0.900864	0.005279	1.019401
-19.834229	0.145035	0.905869	0.005327	1.019381
-19.919059	-0.031167	0.910874	0.005343	1.019098
-20.227989	0.096599	0.915878	0.005399	1.019102
-20.505141	0.216018	0.920883	0.005450	1.019111
-19.964912	-0.091918	0.925888	0.005354	1.018985
-21.501729	0.453117	0.930893	0.005630	1.018891
-20.417477	0.025197	0.935898	0.005437	1.018894
-20.576649	0.017768	0.940902	0.005466	1.018797
-21.460259	0.367609	0.945907	0.005625	1.018791
-20.884568	0.114854	0.950912	0.005523	1.018757
-21.716993	0.474161	0.955917	0.005673	1.018791
-21.187855	0.235416	0.960922	0.005579	1.018751
-21.154396	0.064374	0.965926	0.005574	1.018538
-21.067815	-0.030489	0.970931	0.005560	1.018454
-21.689647	0.029027	0.975936	0.005672	1.018200
-22.590918	0.397090	0.980941	0.005834	1.018209
-21.861105	0.102787	0.985946	0.005704	1.018202
-21.622555	0.003893	0.990950	0.005662	1.018194
-22.922468	0.374372	0.995955	0.005896	1.017993
-22.249885	0.077120	1.000960	0.005777	1.017952

-22.372785	0.156313	1.010957	0.005800	1.017987
-22.598185	0.320286	1.020954	0.005843	1.018080
-22.337341	0.245389	1.030950	0.005798	1.018114
-22.466370	0.313688	1.040947	0.005823	1.018130
-22.112784	0.225962	1.050944	0.005761	1.018196
-22.082638	0.219462	1.060941	0.005758	1.018198
-22.097474	0.237581	1.070938	0.005762	1.018209
-22.058615	0.216017	1.080934	0.005757	1.018195
-22.018040	0.207522	1.090931	0.005752	1.018200
-21.777241	0.113119	1.100928	0.005710	1.018197
-21.692410	0.083456	1.110925	0.005697	1.018197
-21.943608	0.188089	1.120922	0.005744	1.018197
-21.929834	0.189175	1.130918	0.005743	1.018201
-21.817587	0.228933	1.140915	0.005725	1.018308
-21.681338	0.156341	1.150912	0.005703	1.018278
-21.438714	0.252566	1.160909	0.005661	1.018530
-21.307159	0.204907	1.170906	0.005639	1.018531
-21.792735	0.350357	1.180902	0.005728	1.018461
-21.581324	0.322005	1.190899	0.005692	1.018530
-20.949841	0.075250	1.200896	0.005581	1.018532
-21.333385	0.227061	1.210893	0.005651	1.018525
-21.413912	0.349550	1.220890	0.005668	1.018640
-21.071749	0.162366	1.230886	0.005608	1.018567
-21.025571	0.185361	1.240883	0.005602	1.018616
-20.792112	0.132178	1.250880	0.005562	1.018664
-20.826201	0.208632	1.260877	0.005570	1.018743
-21.179737	0.275101	1.270874	0.005635	1.018638
-20.741315	0.220022	1.280870	0.005558	1.018792
-20.576228	0.153364	1.290867	0.005531	1.018786
-20.693888	0.205130	1.300864	0.005554	1.018786
-20.962132	0.314453	1.310861	0.005603	1.018784
-20.637494	0.279074	1.320858	0.005547	1.018904
-20.411742	0.121861	1.330854	0.005509	1.018809
-20.357650	0.169469	1.340851	0.005501	1.018896
-20.129069	0.124218	1.350848	0.005462	1.018952
-20.402133	0.234701	1.360845	0.005512	1.018948
-20.428274	0.228579	1.370842	0.005519	1.018921
-20.162218	0.185950	1.380838	0.005473	1.019000
-19.775745	0.074375	1.390835	0.005406	1.019051
-20.447073	0.363307	1.400832	0.005528	1.019074
-19.905180	0.167823	1.410829	0.005433	1.019096
-19.794798	0.123282	1.420826	0.005415	1.019090
-19.842530	0.149434	1.430822	0.005425	1.019094
-19.893629	0.178629	1.440819	0.005436	1.019100
-19.806085	0.145953	1.450816	0.005422	1.019098
-19.901896	0.349641	1.460813	0.005441	1.019313
-19.477094	0.094888	1.470810	0.005367	1.019194
-19.435246	0.141079	1.480806	0.005362	1.019272
-19.339668	0.076723	1.490803	0.005346	1.019231
-19.589688	0.283767	1.500800	0.005393	1.019369
-19.390499	0.164012	1.510797	0.005359	1.019310
-19.471083	0.270713	1.520794	0.005375	1.019404
-19.341135	0.219420	1.530790	0.005354	1.019399
-19.092465	0.160319	1.540787	0.005311	1.019447
-19.179672	0.271840	1.550784	0.005329	1.019544
-19.291790	0.313775	1.560781	0.005351	1.019535
-18.838656	0.174166	1.570778	0.005272	1.019584
-18.710304	0.149943	1.580774	0.005250	1.019614
-18.724587	0.128935	1.590771	0.005255	1.019573
-19.066288	0.351721	1.600768	0.005318	1.019683
-18.757223	0.265665	1.610765	0.005264	1.019727
-18.423664	0.132149	1.620762	0.005207	1.019721
-18.464758	0.093875	1.630758	0.005216	1.019643
-18.683998	0.244484	1.640755	0.005257	1.019722
-18.558369	0.200248	1.650752	0.005236	1.019724
-18.219022	0.066181	1.660749	0.005177	1.019720
-18.298629	0.104523	1.670746	0.005193	1.019723
-18.335538	0.123605	1.680742	0.005202	1.019724
-18.160074	0.053626	1.690739	0.005172	1.019718
-18.223944	0.084518	1.700736	0.005186	1.019720
-18.296302	0.121082	1.710733	0.005200	1.019725
-17.982294	0.002341	1.720730	0.005146	1.019728
-17.972660	0.076892	1.730726	0.005146	1.019827
-18.117617	0.250057	1.740723	0.005174	1.019975
-17.833177	0.094333	1.750720	0.005125	1.019913
-18.013381	0.260225	1.760717	0.005159	1.020033
-17.724995	0.152177	1.770714	0.005109	1.020037
-17.603428	0.110383	1.780710	0.005089	1.020040
-17.911135	0.238958	1.790707	0.005146	1.020043
-17.450170	0.183332	1.800704	0.005066	1.020208
-17.409816	0.043169	1.810701	0.005060	1.020037
-17.376589	0.109797	1.820698	0.005056	1.020138
-17.155755	0.035969	1.830694	0.005019	1.020152
-17.499814	0.225726	1.840691	0.005082	1.020216
-17.074457	0.102801	1.850688	0.005008	1.020273
-17.118586	0.042423	1.860685	0.005017	1.020164
-17.205438	0.114093	1.870682	0.005035	1.020208
-16.840703	0.081452	1.880678	0.004971	1.020352
-17.136523	0.124932	1.890675	0.005026	1.020248
-17.210806	0.240916	1.900672	0.005041	1.020357
-16.853762	0.098560	1.910669	0.004979	1.020352
-16.938412	0.174518	1.920666	0.004996	1.020403
-16.618344	0.164294	1.930662	0.004941	1.020554
-16.752532	0.192849	1.940659	0.004967	1.020515
-16.664607	0.277708	1.950656	0.004953	1.020669
-16.572333	0.204655	1.960653	0.004938	1.020615
-16.598966	0.257715	1.970650	0.004945	1.020666
-16.441527	0.197155	1.980646	0.004919	1.020664
-16.324685	0.157190	1.990643	0.004899	1.020667
-16.350302	0.171473	2.000640	0.004906	1.020667
-16.089101	0.063537	2.010637	0.004861	1.020657
-15.792923	-0.040985	2.020634	0.004810	1.020669
-16.417840	0.208729	2.030630	0.004924	1.020664
-16.127912	0.169660	2.040627	0.004874	1.020761
-16.009077	0.198908	2.050624	0.004854	1.020857
-15.841658	0.242471	2.060621	0.004826	1.020999
-15.837194	0.244637	2.070618	0.004827	1.020999
-15.790738	0.231109	2.080614	0.004821	1.021000
-15.706440	0.202073	2.090611	0.004807	1.021000
-15.849886	0.264709	2.100608	0.004835	1.021002
-15.688189	0.205327	2.110605	0.004808	1.021004
-15.667261	0.194293	2.120602	0.004806	1.020994
-15.416992	0.210927	2.130598	0.004763	1.021144
-15.495251	0.243039	2.140595	0.004779	1.021140
-15.420981	0.267021	2.150592	0.004767	1.021206
-14.931076	0.063273	2.160589	0.004682	1.021189
-15.321227	0.176712	2.170586	0.004753	1.021127
-15.414833	0.332414	2.180582	0.004772	1.021279
-15.066809	0.205576	2.190579	0.004711	1.021290
-15.057194	0.199346	2.200576	0.004712	1.021281
-15.071314	0.209219	2.210573	0.004716	1.021281
-14.907695	0.231211	2.220570	0.004688	1.021392
-15.055174	0.322406	2.230566	0.004717	1.021430
-14.882014	0.336141	2.240563	0.004688	1.021534
-14.588461	0.276666	2.250560	0.004637	1.021606
-14.491200	0.157485	2.260557	0.004621	1.021493
-14.516597	0.246965	2.270554	0.004628	1.021593
-14.757304	0.282683	2.280550	0.004673	1.021508
-14.311030	0.183194	2.290547	0.004595	1.021607
-14.394279	0.217764	2.300544	0.004611	1.021603
-14.343187	0.201036	2.310541	0.004604	1.021602
-14.551042	0.291712	2.320538	0.004643	1.021607
-14.529843	0.312338	2.330534	0.004641	1.021640
-13.985070	0.206228	2.340531	0.004546	1.021783
-14.051160	0.133515	2.350528	0.004559	1.021645
-14.023498	0.241608	2.360525	0.004556	1.021798
-14.008915	0.325445	2.370522	0.004555	1.021912
-13.813591	0.130174	2.380518	0.004522	1.021751
-13.829342	0.208660	2.390515	0.004527	1.021841
-13.612583	0.085610	2.400512	0.004490	1.021787
-13.596296	0.142213	2.410509	0.004489	1.021866
-14.218291	0.361372	2.420506	0.004602	1.021822
-13.618815	0.189460	2.430502	0.004497	1.021905
-13.415604	0.115461	2.440499	0.004462	1.021909
-13.674100	0.223224	2.450496	0.004510	1.021910
-13.319398	0.247843	2.460493	0.004449	1.022126
-13.401221	0.195000	2.470490	0.004465	1.022006
-13.533527	0.341383	2.480486	0.004491	1.022125
-13.043300	0.233875	2.490483	0.004405	1.022237
-12.823134	0.110157	2.500480	0.004367	1.022184
-13.350186	0.323338	2.510477	0.004463	1.022182
-13.247415	0.328248	2.520474	0.004447	1.022238
-12.710717	0.115704	2.530470	0.004353	1.022234
-12.951940	0.215929	2.540467	0.004398	1.022234
-12.841808	0.176708	2.550464	0.004380	1.022235
-13.128165	0.294760	2.560461	0.004433	1.022235
-12.860844	0.288225	2.570458	0.004387	1.022362
-12.477196	0.146898	2.580454	0.004320	1.022372
-12.585993	0.251785	2.590451	0.004342	1.022449
-12.256441	0.148202	2.600448	0.004284	1.022480
-12.806663	0.358513	2.610445	0.004385	1.022462
-12.576298	0.280152	2.620442	0.004345	1.022475
-12.101969	0.147509	2.630438	0.004262	1.022545
-12.201955	0.192453	2.640435	0.004282	1.022546
-12.430669	0.284983	2.650432	0.004325	1.022542
-12.398640	0.337998	2.660429	0.004321	1.022624
-11.922345	0.106575	2.670426	0.004238	1.022564
-11.935243	0.172926	2.680422	0.004242	1.022639
-11.850039	0.167814	2.690419	0.004228	1.022672
-12.030690	0.309316	2.700416	0.004262	1.022759
-11.905400	0.154753	2.710413	0.004242	1.022615
-11.593717	0.003863	2.720410	0.004188	1.022574
-11.700573	0.122685	2.730406	0.004209	1.022670
-11.522887	0.087800	2.740403	0.004179	1.022712
-11.832716	0.244786	2.750400	0.004236	1.022751
-11.585502	0.199222	2.760397	0.004194	1.022816
-11.219692	-0.044054	2.770394	0.004130	1.022681
-11.455325	0.196058	2.780390	0.004174	1.022870
-11.392769	0.173699	2.790387	0.004165	1.022868
-11.157836	0.078879	2.800384	0.004125	1.022861
-11.282044	0.055455	2.810381	0.004149	1.022758
-11.067420	0.047589	2.820378	0.004112	1.022856
-11.126397	0.079528	2.830374	0.004125	1.022862
-10.757870	-0.062111	2.840371	0.004061	1.022864
-11.243637	0.082849	2.850368	0.004149	1.022793
-11.027942	0.052624	2.860365	0.004113	1.022862
-10.776572	-0.045401	2.870362	0.004070	1.022859
-10.673148	-0.003670	2.880358	0.004053	1.022964
-10.907815	0.143987	2.890355	0.004097	1.023031
-10.807492	0.121914	2.900352	0.004081	1.023049
-10.626159	0.151703	2.910349	0.004050	1.023179
-10.409171	0.066746	2.920346	0.004013	1.023176
-10.508983	0.112915	2.930342	0.004033	1.023179
-10.719314	0.201873	2.940339	0.004072	1.023180
-10.491375	0.147608	2.950336	0.004033	1.023223
-10.204374	0.048078	2.960333	0.003984	1.023238
-10.280313	0.198919	2.970330	0.003999	1.023392
-9.703484	0.007091	2.980326	0.003898	1.023438
-10.408576	0.120599	2.990323	0.004026	1.023209
-9.948377	0.081241	3.000320	0.003945	1.023395
-9.752783	-0.063960	3.010317	0.003912	1.023301
-10.065395	0.070912	3.020314	0.003970	1.023309
-9.579106	-0.012671	3.030310	0.003885	1.023450
-9.962925	0.107945	3.040307	0.003955	1.023401
-9.698900	0.041236	3.050304	0.003910	1.023447
-9.922678	0.181336	3.060301	0.003952	1.023509
-9.603320	0.059137	3.070298	0.003897	1.023510
-9.586161	0.075422	3.080294	0.003895	1.023536
-9.748781	0.197134	3.090291	0.003926	1.023606
-9.315725	0.075726	3.100288	0.003851	1.023668
-9.196874	0.047451	3.110285	0.003831	1.023688
-9.236685	0.111065	3.120282	0.003840	1.023746
-9.496728	0.215788	3.130278	0.003889	1.023742
-9.236087	0.118128	3.140275	0.003844	1.023745
-9.037633	0.044096	3.150272	0.003810	1.023746
-8.954612	0.012809	3.160269	0.003797	1.023743
-8.900750	-0.006553	3.170266	0.003789	1.023741
-9.207059	0.162356	3.180262	0.003846	1.023797
-8.826234	0.124957	3.190259	0.003780	1.023944
-8.772691	0.116907	3.200256	0.003772	1.023956
-8.540575	0.063537	3.210253	0.003732	1.024003
-8.567342	0.003568	3.220250	0.003739	1.023903
-8.943465	0.212046	3.230246	0.003808	1.023975
-8.282202	0.010942	3.240243	0.003692	1.024053
-8.232568	-0.111293	3.250240	0.003685	1.023912
-8.370813	0.003778	3.260237	0.003711	1.023986
-8.603537	0.130277	3.270234	0.003755	1.024025
-8.401710	0.073918	3.280230	0.003721	1.024052
-8.349842	0.060649	3.290227	0.003713	1.024056
-8.178933	0.083099	3.300224	0.003684	1.024171
-8.207900	0.110021	3.310221	0.003691	1.024186
-7.928248	0.130748	3.320218	0.003643	1.024356
-8.110991	0.208581	3.330214	0.003678	1.024357
-7.951657	0.151097	3.340211	0.003651	1.024359
-7.861167	0.120835	3.350208	0.003637	1.024362
-7.943317	0.155013	3.360205	0.003653	1.024358
-7.791591	0.279742	3.370202	0.003628	1.024598
-7.623497	0.053131	3.380198	0.003600	1.024381
-7.570379	0.145327	3.390195	0.003592	1.024526
-7.340439	-0.008409	3.400192	0.003553	1.024438
-7.729358	0.188293	3.410189	0.003624	1.024488
-7.542848	0.264590	3.420186	0.003593	1.024683
-7.561292	0.274124	3.430182	0.003598	1.024680
-7.502208	0.336752	3.440179	0.003589	1.024789
-7.114191	0.330486	3.450176	0.003522	1.024980
-7.012694	0.294363	3.460173	0.003505	1.024981
-7.305169	0.416018	3.470170	0.003559	1.024982
-7.099666	0.339710	3.480166	0.003525	1.024984
-7.102811	0.343672	3.490163	0.003527	1.024982
-6.883614	0.258720	3.500160	0.003490	1.024980
-6.893968	0.357142	3.510157	0.003493	1.025099
-6.863800	0.377169	3.520154	0.003490	1.025136
-6.703710	0.367249	3.530150	0.003463	1.025202
-6.569743	0.330436	3.540147	0.003441	1.025219
-6.458159	0.300017	3.550144	0.003423	1.025232
-6.433469	0.252381	3.560141	0.003420	1.025177
-6.921809	0.514399	3.570138	0.003509	1.025260
-6.672940	0.445320	3.580134	0.003467	1.025295
-6.431332	0.524823	3.590131	0.003425	1.025522
-6.057528	0.439771	3.600128	0.003360	1.025602
-6.261150	0.494498	3.610125	0.003398	1.025561
-6.157789	0.494782	3.620122	0.003382	1.025611
-6.249327	0.538124	3.630118	0.003400	1.025614
-6.143435	0.502372	3.640115	0.003383	1.025618
-6.001607	0.444563	3.650112	0.003359	1.025610
-6.037930	0.527863	3.660109	0.003368	1.025696
-5.879080	0.592487	3.670106	0.003341	1.025860
-5.835001	0.644445	3.680102	0.003335	1.025947
-5.568470	0.542328	3.690099	0.003289	1.025947
-5.339891	0.406860	3.700096	0.003250	1.025883
-5.822103	0.548678	3.710093	0.003338	1.025811
-5.540135	0.541740	3.720090	0.003290	1.025945
-5.394200	0.487425	3.730086	0.003266	1.025945
-5.414329	0.499810	3.740083	0.003271	1.025945
-5.334431	0.468999	3.750080	0.003259	1.025941
-5.360070	0.486001	3.760077	0.003265	1.025944
-5.584699	0.596815	3.770074	0.003307	1.025967
-5.081789	0.540601	3.780070	0.003219	1.026153
-5.003833	0.567857	3.790067	0.003207	1.026225
-5.190816	0.652686	3.800064	0.003242	1.026233
-5.154293	0.643068	3.810061	0.003237	1.026234
-4.928016	0.554528	3.820058	0.003199	1.026231
-4.945340	0.568745	3.830054	0.003204	1.026235
-4.798258	0.517217	3.840051	0.003179	1.026239
-4.833337	0.744889	3.850048	0.003187	1.026516
-4.689960	0.716444	3.860045	0.003164	1.026549
-4.738674	0.736392	3.870042	0.003174	1.026544
-4.472950	0.636725	3.880038	0.003128	1.026547
-4.607201	0.695862	3.890035	0.003154	1.026549
-4.475443	0.740230	3.900032	0.003133	1.026672
-4.421369	0.816417	3.910029	0.003125	1.026796
-4.248785	0.800125	3.920026	0.003096	1.026860
-4.386701	0.859306	3.930022	0.003122	1.026860
-4.226926	0.797348	3.940019	0.003096	1.026857
-4.337726	0.886042	3.950016	0.003117	1.026910
-4.056816	0.903147	3.960013	0.003069	1.027076
-3.914220	0.932848	3.970010	0.003045	1.027185
-3.800927	0.893678	3.980006	0.003027	1.027187
-3.917705	0.942185	3.990003	0.003049	1.027184
-3.940894	0.959393	4.000000	0.003055	1.027189
-3.794951	0.901769	4.009997	0.003031	1.027185
-3.852478	0.929304	4.019994	0.003043	1.027185
-3.663817	1.078286	4.029990	0.003011	1.027477
-3.563578	1.054190	4.039987	0.002995	1.027492
-3.507155	1.037819	4.049984	0.002987	1.027495
-3.409664	1.000108	4.059981	0.002971	1.027491
-3.392590	0.995529	4.069978	0.002970	1.027488
-3.481651	1.038948	4.079974	0.002988	1.027493
-3.357524	1.167048	4.089971	0.002968	1.027723
-2.940605	1.071687	4.099968	0.002895	1.027811
-3.132648	0.984510	4.109965	0.002931	1.027589
-2.999296	1.101917	4.119962	0.002909	1.027809
-3.005618	1.105663	4.129958	0.002912	1.027805
-2.926021	1.080347	4.139955	0.002900	1.027809
-3.009921	1.113435	4.149952	0.002917	1.027803
-2.852834	1.057808	4.159949	0.002890	1.027806
-2.842218	1.084350	4.169946	0.002890	1.027842
-2.637144	1.211385	4.179942	0.002855	1.028112
-2.937979	1.342331	4.189939	0.002911	1.028121
-2.836552	1.340884	4.199936	0.002895	1.028167
-2.514315	1.431377	4.209933	0.002839	1.028451
-2.458119	1.412970	4.219930	0.002831	1.028451
-2.642101	1.490340	4.229926	0.002866	1.028451
-2.533020	1.500698	4.239923	0.002848	1.028517
-2.326969	1.562354	4.249920	0.002813	1.028701
-2.345082	1.571982	4.259917	0.002818	1.028699
-2.439422	1.767175	4.269914	0.002837	1.028902
-2.229129	1.771099	4.279910	0.002801	1.029012
-2.118811	1.733537	4.289907	0.002783	1.029015
-1.901993	1.649661	4.299904	0.002746	1.029013
-1.834729	1.638675	4.309901	0.002736	1.029029
-1.765179	1.793955	4.319898	0.002725	1.029265
-1.751357	1.832929	4.329894	0.002725	1.029318
-1.590299	1.770460	4.339891	0.002698	1.029315
-1.603870	1.785141	4.349888	0.002702	1.029322
-1.704314	1.827362	4.359885	0.002722	1.029320
-1.508489	1.750614	4.369882	0.002689	1.029316
-1.495734	1.750241	4.379878	0.002688	1.029317
-1.518699	1.884981	4.389875	0.002694	1.029477
-1.184490	1.881165	4.399872	0.002636	1.029642
-1.208914	1.897985	4.409869	0.002642	1.029646
-1.249971	1.913504	4.419866	0.002652	1.029640
-1.102644	1.859648	4.429862	0.002627	1.029641
-1.071365	1.852895	4.439859	0.002623	1.029643
-1.025863	1.836326	4.449856	0.002617	1.029640
-0.788387	1.745102	4.459853	0.002576	1.029639
-0.869667	1.778851	4.469850	0.002593	1.029635
-0.970392	1.896259	4.479846	0.002613	1.029732
-0.652334	1.930364	4.489843	0.002558	1.029938
-0.577674	1.908327	4.499840	0.002546	1.029943
-0.748933	1.975229	4.509837	0.002579	1.029936
-0.704695	1.970475	4.519834	0.002572	1.029948
-0.753987	2.008050	4.529830	0.002583	1.029966
-0.523000	2.146697	4.539827	0.002544	1.030265
-0.246269	2.035438	4.549824	0.002496	1.030258
-0.328633	2.077733	4.559821	0.002513	1.030265
-0.386075	2.095338	4.569818	0.002525	1.030253
-0.423422	2.175491	4.579814	0.002533	1.030333
-0.284076	2.308508	4.589811	0.002510	1.030577
-0.125216	2.246263	4.599808	0.002484	1.030573
-0.220818	2.317720	4.609805	0.002502	1.030611
-0.051882	2.477046	4.619802	0.002474	1.030905
0.000000	2.458464	4.629798	0.002467	1.030902

-0.044865	2.534661	4.634803	0.002476	1.030976
0.463197	2.499832	4.639808	0.002386	1.031195
0.598285	2.618196	4.644813	0.002362	1.031419
0.846148	2.720605	4.649818	0.002319	1.031681
1.075669	2.891427	4.654822	0.002279	1.032024
1.082398	3.181048	4.659827	0.002278	1.032406
1.715576	3.287629	4.664832	0.002166	1.032876
2.059797	3.472315	4.669837	0.002105	1.033297
2.597085	3.578267	4.674842	0.002010	1.033715
2.881626	3.790760	4.679846	0.001960	1.034141
2.930711	4.180508	4.684851	0.001952	1.034676
3.547641	4.360922	4.689856	0.001843	1.035233
4.109185	4.554911	4.694861	0.001743	1.035778
4.590219	4.769320	4.699866	0.001658	1.036308
4.919704	5.069486	4.704870	0.001600	1.036871
5.350449	5.333223	4.709875	0.001524	1.037439
5.680579	5.662114	4.714880	0.001466	1.038040
6.061085	5.962250	4.719885	0.001398	1.038628
6.555827	6.234367	4.724890	0.001311	1.039239
6.942332	6.578878	4.729894	0.001243	1.039888
7.161951	7.007793	4.734899	0.001204	1.040560
7.833974	7.278215	4.739904	0.001085	1.041260
8.206395	7.661891	4.744909	0.001019	1.041952
8.519551	8.079667	4.749914	0.000964	1.042656
9.052762	8.419234	4.754918	0.000869	1.043373
9.277916	8.853703	4.759923	0.000830	1.044052
9.879245	9.216699	4.764928	0.000723	1.044834
10.177359	9.684945	4.769933	0.000671	1.045594
10.479816	10.176357	4.774938	0.000618	1.046386
10.976277	10.626614	4.779942	0.000530	1.047225
11.221097	11.177241	4.784947	0.000487	1.048063
11.786387	11.584146	4.789952	0.000386	1.048879
12.276003	12.061506	4.794957	0.000300	1.049747
12.655853	12.588716	4.799962	0.000233	1.050622
13.094220	13.094519	4.804966	0.000155	1.051499
13.331235	13.707831	4.809971	0.000113	1.052411
13.868736	14.224462	4.814976	0.000018	1.053351
14.474530	14.670347	4.819981	-0.000089	1.054234
14.943735	15.175410	4.824986	-0.000172	1.055123
15.153004	15.837377	4.829990	-0.000209	1.056080
15.325207	16.540475	4.834995	-0.000239	1.057069
15.987556	17.080595	4.840000	-0.000357	1.058099
16.645815	17.556887	4.845005	-0.000474	1.059044
16.963915	18.189894	4.850010	-0.000530	1.060016
17.437789	18.798156	4.855014	-0.000614	1.061034
17.618014	19.521799	4.860019	-0.000645	1.062049
18.000948	20.210272	4.865024	-0.000713	1.063122
18.742943	20.722050	4.870029	-0.000844	1.064150
19.299939	21.296901	4.875034	-0.000943	1.065164
19.697138	21.943308	4.880038	-0.001014	1.066187
20.044977	22.641850	4.885043	-0.001075	1.067250
20.530552	23.287703	4.890048	-0.001161	1.068315
20.949570	23.941055	4.895053	-0.001235	1.069355
21.323784	24.664899	4.900058	-0.001301	1.070460
22.059533	25.228780	4.905062	-0.001432	1.071544
22.540722	25.879638	4.910067	-0.001517	1.072609
23.006702	26.483174	4.915072	-0.001600	1.073605
23.654483	27.068652	4.920077	-0.001715	1.074668
24.230922	27.649873	4.925082	-0.001817	1.075690
25.004089	28.136285	4.930086	-0.001954	1.076690
25.519856	28.682463	4.935091	-0.002046	1.077634
25.847071	29.304393	4.940096	-0.002104	1.078579
26.431421	29.850750	4.945101	-0.002207	1.079557
26.925681	30.413057	4.950106	-0.002295	1.080509
27.340736	31.045031	4.955110	-0.002368	1.081508
27.807135	31.644144	4.960115	-0.002451	1.082490
28.292455	32.211926	4.965120	-0.002537	1.083442
28.784343	32.777967	4.970125	-0.002624	1.084394
29.351098	33.346540	4.975130	-0.002725	1.085385
29.728961	33.981429	4.980134	-0.002791	1.086364
30.127826	34.618809	4.985139	-0.002862	1.087356
30.550986	35.265782	4.990144	-0.002937	1.088372
31.283254	35.771519	4.995149	-0.003067	1.089363
31.993086	36.253214	5.000154	-0.003193	1.090312
32.369648	36.866480	5.005158	-0.003259	1.091260
32.678323	37.526117	5.010163	-0.003314	1.092230
33.125019	38.145095	5.015168	-0.003393	1.093218
33.942370	38.593995	5.020173	-0.003538	1.094176
34.552849	39.103683	5.025178	-0.003647	1.095107
35.083777	39.624047	5.030182	-0.003741	1.096011
35.443192	40.223043	5.035187	-0.003804	1.096927
35.611222	40.937360	5.040192	-0.003833	1.097891
36.030602	41.559160	5.045197	-0.003908	1.098864
36.543890	42.180257	5.050202	-0.003999	1.099880
37.171159	42.737978	5.055206	-0.004110	1.100873
37.636356	43.345341	5.060211	-0.004192	1.101848
38.130521	43.946029	5.065216	-0.004280	1.102827
38.588770	44.527009	5.070221	-0.004361	1.103764
39.130786	45.118356	5.075226	-0.004457	1.104753
39.428799	45.823285	5.080230	-0.004510	1.105762
40.048223	46.389442	5.085235	-0.004620	1.106756
40.673140	46.943279	5.090240	-0.004731	1.107738
41.080515	47.546670	5.095245	-0.004803	1.108673
41.938574	47.976338	5.100250	-0.004955	1.109613
42.492877	48.517394	5.105254	-0.005054	1.110542
43.133135	48.977935	5.110259	-0.005167	1.111413
43.500269	49.558542	5.115264	-0.005232	1.112298
43.962196	50.079688	5.120269	-0.005314	1.113155
44.676992	50.495835	5.125274	-0.005441	1.114006
45.041819	51.076207	5.130278	-0.005505	1.114887
45.485000	51.608662	5.135283	-0.005584	1.115747
45.997680	52.144313	5.140288	-0.005675	1.116643
46.559650	52.653869	5.145293	-0.005774	1.117531
47.194406	53.081241	5.150298	-0.005887	1.118354
47.517613	53.664239	5.155302	-0.005944	1.119214
47.943645	54.209284	5.160307	-0.006019	1.120078
48.358167	54.784598	5.165312	-0.006093	1.120972
49.086493	55.225931	5.170317	-0.006222	1.121854
49.939034	55.596472	5.175322	-0.006374	1.122709
50.383461	55.991099	5.180326	-0.006452	1.123397
50.815172	56.504764	5.185331	-0.006529	1.124222
51.384206	56.924522	5.190336	-0.006630	1.124998
51.728099	57.461231	5.195341	-0.006690	1.125808
52.100440	57.994398	5.200346	-0.006756	1.126626
52.518709	58.543876	5.205350	-0.006830	1.127485
52.915933	59.061910	5.210355	-0.006900	1.128296
53.423662	59.600407	5.215360	-0.006990	1.129184
53.873637	60.150206	5.220365	-0.007070	1.130056
54.292241	60.692740	5.225370	-0.007144	1.130905
54.537576	61.388141	5.230374	-0.007187	1.131853
54.904279	62.015211	5.235379	-0.007252	1.132777
55.493769	62.556283	5.240384	-0.007356	1.133703
55.935134	63.175440	5.245389	-0.007434	1.134651
56.092900	63.937441	5.250394	-0.007462	1.135634
56.607427	64.589278	5.255398	-0.007553	1.136654
56.974844	65.304842	5.260403	-0.007618	1.137680
57.579278	65.911000	5.265408	-0.007725	1.138686
57.872314	66.666224	5.270413	-0.007777	1.139722
58.444268	67.325985	5.275418	-0.007878	1.140775
58.989967	67.997592	5.280422	-0.007975	1.141829
59.504054	68.645179	5.285427	-0.008066	1.142838
60.217218	69.196891	5.290432	-0.008193	1.143826
60.664027	69.867750	5.295437	-0.008272	1.144829
61.051429	70.550866	5.300442	-0.008341	1.145818
61.652277	71.168616	5.305446	-0.008447	1.146829
62.078941	71.819371	5.310451	-0.008523	1.147797
62.582720	72.444618	5.315456	-0.008612	1.148769
62.984210	73.140628	5.320461	-0.008683	1.149777
63.503651	73.787861	5.325466	-0.008775	1.150781
63.920206	74.497578	5.330470	-0.008849	1.151810
64.361018	75.171291	5.335475	-0.008927	1.152806
64.882194	75.824451	5.340480	-0.009019	1.153816
65.180102	76.605734	5.345485	-0.009072	1.154870
65.626661	77.313310	5.350490	-0.009151	1.155907
65.832402	78.204846	5.355494	-0.009187	1.157046
66.254107	78.957139	5.360499	-0.009261	1.158122
66.826642	79.702540	5.365504	-0.009363	1.159258
66.989963	80.644577	5.370509	-0.009391	1.160433
67.456230	81.484642	5.375514	-0.009474	1.161629
67.789006	82.357203	5.380518	-0.009533	1.162799
68.054677	83.287636	5.385523	-0.009579	1.164005
68.639813	84.153859	5.390528	-0.009683	1.165282
68.970041	85.120879	5.395533	-0.009741	1.166557
69.380781	86.044192	5.400538	-0.009814	1.167817
69.781629	86.999783	5.405542	-0.009885	1.169109
70.147344	88.009588	5.410547	-0.009950	1.170445
70.639055	88.990853	5.415552	-0.010037	1.171806
71.149984	89.903813	5.420557	-0.010127	1.173094
71.333261	91.010254	5.425562	-0.010159	1.174454
71.929935	91.980296	5.430566	-0.010265	1.175845
72.216553	93.072857	5.435571	-0.010316	1.177233
72.453852	94.205160	5.440576	-0.010358	1.178643
72.834351	95.358698	5.445581	-0.010425	1.180141
73.475105	96.394858	5.450586	-0.010539	1.181621
73.901604	97.456010	5.455590	-0.010614	1.183030
74.179089	98.633636	5.460595	-0.010663	1.184503
74.815137	99.709467	5.465600	-0.010776	1.186020
74.996239	100.951887	5.470605	-0.010808	1.187520
75.419522	102.123549	5.475610	-0.010883	1.189047
75.946953	103.286643	5.480614	-0.010976	1.190608
76.165166	104.575061	5.485619	-0.011015	1.192171
76.730611	105.729794	5.490624	-0.011115	1.193737
77.127930	106.984573	5.495629	-0.011185	1.195338
77.621616	108.220026	5.500634	-0.011273	1.196958
77.877474	109.531433	5.505638	-0.011318	1.198556
78.136303	110.908473	5.510643	-0.011363	1.200227
78.663713	112.212650	5.515648	-0.011457	1.201933
79.036591	113.526921	5.520653	-0.011523	1.203579
79.456870	114.895349	5.525658	-0.011597	1.205305
79.830212	116.301016	5.530662	-0.011663	1.207050
79.954861	117.810728	5.535667	-0.011685	1.208798
80.545286	119.207438	5.540672	-0.011790	1.210624
81.064360	120.593549	5.545677	-0.011882	1.212403
81.439821	122.044298	5.550682	-0.011948	1.214189
81.838550	123.543577	5.555686	-0.012019	1.216036
82.128895	125.076378	5.560691	-0.012070	1.217870
82.748216	126.524330	5.565696	-0.012180	1.219752
83.292991	127.980837	5.570701	-0.012277	1.221607
83.565565	129.508356	5.575706	-0.012325	1.223419
83.876380	131.112685	5.580710	-0.012380	1.225330
84.147053	132.750766	5.585715	-0.012428	1.227258
84.732306	134.282473	5.590720	-0.012532	1.229203
85.166688	135.884298	5.595725	-0.012609	1.231156
85.525901	137.487208	5.600730	-0.012672	1.233074
86.049595	139.100361	5.605734	-0.012765	1.235072
86.515437	140.704096	5.610739	-0.012848	1.237031
86.825684	142.395343	5.615744	-0.012902	1.239016
87.224874	144.102490	5.620749	-0.012973	1.241053
87.707849	145.716512	5.625754	-0.013059	1.243021
88.285225	147.369848	5.630758	-0.013161	1.245070
88.583010	149.105963	5.635763	-0.013214	1.247085
89.033204	150.804255	5.640768	-0.013294	1.249121
89.300053	152.647141	5.645773	-0.013341	1.251233
89.761456	154.370753	5.650778	-0.013423	1.253294
90.276209	156.136038	5.655782	-0.013514	1.255420
90.665002	157.924178	5.660787	-0.013583	1.257513
91.195720	159.688640	5.665792	-0.013677	1.259638
91.826400	161.410984	5.670797	-0.013789	1.261756
92.172866	163.194357	5.675802	-0.013851	1.263816
92.583038	165.036951	5.680806	-0.013923	1.265962
92.997407	166.833670	5.685811	-0.013997	1.268058
93.564635	168.635956	5.690816	-0.014098	1.270220
94.170766	170.372669	5.695821	-0.014205	1.272325
94.528330	172.223289	5.700826	-0.014269	1.274444
94.933725	174.092509	5.705830	-0.014340	1.276599
95.316821	175.966907	5.710835	-0.014408	1.278746
95.760028	177.864575	5.715840	-0.014487	1.280939
96.126049	179.741343	5.720845	-0.014552	1.283075
96.693879	181.617980	5.725850	-0.014653	1.285290
97.217834	183.482433	5.730854	-0.014746	1.287471
97.766426	185.347430	5.735859	-0.014843	1.289658
98.441798	187.122182	5.740864	-0.014963	1.291800
98.744495	189.053395	5.745869	-0.015017	1.293948
99.165081	190.980391	5.750874	-0.015091	1.296137
99.726239	192.841624	5.755878	-0.015191	1.298311
100.160404	194.773255	5.760883	-0.015268	1.300502
100.710818	196.654514	5.765888	-0.015366	1.302685
101.516306	198.425089	5.770893	-0.015509	1.304854
102.005405	200.250151	5.775898	-0.015596	1.306946
102.733449	201.975376	5.780902	-0.015725	1.309029
103.254509	203.763554	5.785907	-0.015818	1.311089
103.648868	205.585045	5.790912	-0.015888	1.313130
104.166392	207.417505	5.795917	-0.015980	1.315228
104.461858	209.317673	5.800922	-0.016032	1.317302
105.098734	211.113138	5.805926	-0.016145	1.319404
105.629037	212.919544	5.810931	-0.016239	1.321470
106.037341	214.767994	5.815936	-0.016312	1.323528
106.384729	216.704502	5.820941	-0.016373	1.325647
107.007172	218.489277	5.825946	-0.016484	1.327719
107.617083	220.308916	5.830950	-0.016592	1.329817
107.969790	222.193713	5.835955	-0.016655	1.331876
108.467785	224.055446	5.840960	-0.016743	1.333966
108.925570	225.956999	5.845965	-0.016824	1.336078
109.343659	227.854039	5.850970	-0.016898	1.338165
109.891740	229.757891	5.855974	-0.016996	1.340308
110.223422	231.666599	5.860979	-0.017054	1.342366
110.772110	233.578886	5.865984	-0.017152	1.344511
111.232872	235.502122	5.870989	-0.017234	1.346628
111.818504	237.368095	5.875994	-0.017338	1.348734
112.304280	239.303618	5.880998	-0.017424	1.350867
112.665677	241.238642	5.886003	-0.017488	1.352947
113.186021	243.192459	5.891008	-0.017580	1.355105
113.653641	245.124006	5.896013	-0.017663	1.357217
114.132564	247.084518	5.901018	-0.017748	1.359359
114.706276	248.995640	5.906022	-0.017850	1.361485
115.010055	250.997222	5.911027	-0.017904	1.363592
115.527373	252.987667	5.916032	-0.017996	1.365769
116.093384	254.906660	5.921037	-0.018096	1.367889
116.394651	256.981467	5.926042	-0.018150	1.370058
116.989956	258.923933	5.931046	-0.018255	1.372207
117.513277	260.899475	5.936051	-0.018348	1.374357
118.148015	262.823131	5.941056	-0.018461	1.376495
118.497195	264.849456	5.946061	-0.018523	1.378621
118.974484	266.864319	5.951066	-0.018608	1.380782
119.467323	268.847600	5.956070	-0.018695	1.382915
119.883988	270.899189	5.961075	-0.018769	1.385081
120.567462	272.795738	5.966080	-0.018891	1.387195
121.031141	274.816675	5.971085	-0.018973	1.389343
121.312956	276.888794	5.976090	-0.019023	1.391468
121.775038	278.940972	5.981094	-0.019105	1.393639
122.283270	280.981044	5.986099	-0.019195	1.395812
122.826454	283.004870	5.991104	-0.019292	1.397980
123.302375	285.066416	5.996109	-0.019376	1.400155
123.814093	287.052899	6.001114	-0.019467	1.402268
124.090521	289.234982	6.006118	-0.019516	1.404477
124.453621	291.365441	6.011123	-0.019580	1.406666
124.975821	293.471559	6.016128	-0.019673	1.408888
125.550944	295.568995	6.021133	-0.019775	1.411117
126.085904	297.637167	6.026138	-0.019870	1.413301
126.619766	299.743912	6.031142	-0.019965	1.415517
126.957185	301.890868	6.036147	-0.020025	1.417694
127.434813	304.054503	6.041152	-0.020109	1.419937
128.030415	306.108513	6.046157	-0.020215	1.422115
128.256300	308.365689	6.051162	-0.020255	1.424346
128.751063	310.532316	6.056166	-0.020343	1.426587
129.174136	312.747962	6.061171	-0.020418	1.428845
129.777727	314.899463	6.066176	-0.020525	1.431105
130.355841	317.027252	6.071181	-0.020628	1.433329
130.850522	319.193945	6.076186	-0.020716	1.435556
131.028528	321.501099	6.081190	-0.020747	1.437796
131.522423	323.737581	6.086195	-0.020835	1.440081
132.096406	325.905374	6.091200	-0.020937	1.442327
132.413412	328.251690	6.096205	-0.020993	1.444644
132.892805	330.484867	6.101210	-0.021078	1.446910
133.513760	332.719822	6.106214	-0.021189	1.449225
133.922035	334.974440	6.111219	-0.021261	1.451478
134.437640	337.251507	6.116224	-0.021353	1.453787
134.829292	339.571287	6.121229	-0.021422	1.456088
135.458718	341.799560	6.126234	-0.021534	1.458385
135.887905	344.123239	6.131238	-0.021610	1.460695
136.369671	346.422851	6.136243	-0.021696	1.462998
136.993338	348.660221	6.141248	-0.021807	1.465291
137.352891	350.970520	6.146253	-0.021870	1.467553
137.790314	353.310902	6.151258	-0.021948	1.469867
138.128342	355.658848	6.156262	-0.022008	1.472149
138.678851	358.008036	6.161267	-0.022106	1.474504
139.170453	360.316908	6.166272	-0.022193	1.476797
139.806118	362.630620	6.171277	-0.022306	1.479142
140.311706	364.893889	6.176282	-0.022396	1.481392
141.103923	367.072421	6.181286	-0.022537	1.483662
141.549155	369.340079	6.186291	-0.022616	1.485887
141.868442	371.709956	6.191296	-0.022672	1.488157
142.517703	373.948911	6.196301	-0.022788	1.490421
143.130937	376.142767	6.201306	-0.022897	1.492628
143.819073	378.332379	6.206310	-0.023020	1.494854
144.274294	380.557544	6.211315	-0.023100	1.497027
144.784715	382.800227	6.216320	-0.023191	1.499232
145.403034	384.915891	6.221325	-0.023301	1.501357
145.818451	387.172655	6.226330	-0.023375	1.503535
146.324919	389.396060	6.231334	-0.023465	1.505712
146.768598	391.632098	6.236339	-0.023543	1.507875
147.348991	393.833897	6.241344	-0.023647	1.510051
147.783409	396.066450	6.246349	-0.023724	1.512202
148.166212	398.368048	6.251354	-0.023791	1.514393
148.499911	400.706966	6.256358	-0.023850	1.516597
149.031914	402.996225	6.261363	-0.023945	1.518822
149.424900	405.289470	6.266368	-0.024015	1.520999
149.813645	407.691139	6.271373	-0.024084	1.523269
150.176580	410.078882	6.276378	-0.024148	1.525513
150.591498	412.521909	6.281382	-0.024222	1.527821
151.084189	414.911793	6.286387	-0.024309	1.530105
151.414134	417.383492	6.291392	-0.024367	1.532403
152.015508	419.800312	6.296397	-0.024474	1.534741
152.299027	422.310006	6.301402	-0.024525	1.537049
152.967449	424.735269	6.306406	-0.024644	1.539410
153.375717	427.174669	6.311411	-0.024716	1.541692
153.911496	429.630527	6.316416	-0.024811	1.544028
154.184868	432.165688	6.321421	-0.024859	1.546340
154.676198	434.688305	6.326426	-0.024947	1.548713
155.205513	437.166109	6.331430	-0.025041	1.551055
155.597597	439.726381	6.336435	-0.025110	1.553419
156.179249	442.222870	6.341440	-0.025214	1.555788
156.677277	444.740657	6.346445	-0.025302	1.558143
157.089939	447.271514	6.351450	-0.025376	1.560478
157.659119	449.785561	6.356454	-0.025477	1.562847
158.176652	452.287345	6.361459	-0.025569	1.565184
158.571338	454.868728	6.366464	-0.025639	1.567546
159.059976	457.420140	6.371469	-0.025726	1.569909
159.495306	459.995796	6.376474	-0.025803	1.572272
160.186150	462.484716	6.381478	-0.025926	1.574642
160.415481	465.127068	6.386483	-0.025966	1.576987
160.920261	467.754522	6.391488	-0.026056	1.579407
161.476744	470.275945	6.396493	-0.026155	1.581749
162.014540	472.848705	6.401498	-0.026251	1.584125
162.380475	475.478151	6.406502	-0.026315	1.586490
162.798185	478.129894	6.411507	-0.026390	1.588887
163.443540	480.662676	6.416512	-0.026504	1.591254
163.852869	483.329887	6.421517	-0.026577	1.593654
164.166584	486.015290	6.426522	-0.026633	1.596035
164.581948	488.757312	6.431526	-0.026706	1.598493
165.189470	491.340225	6.436531	-0.026814	1.600876
165.784960	493.993241	6.441536	-0.026920	1.603310
166.264798	496.612908	6.446541	-0.027006	1.605675
166.625417	499.347247	6.451546	-0.027070	1.608094
167.116443	502.012304	6.456550	-0.027157	1.610493
167.491566	504.787153	6.461555	-0.027223	1.612944
168.183834	507.404453	6.466560	-0.027347	1.615361
168.464477	510.224255	6.471565	-0.027396	1.617811
168.786315	513.030611	6.476570	-0.027453	1.620259
169.192455	515.881398	6.481574	-0.027525	1.622768
169.751369	518.629540	6.486579	-0.027625	1.625237
170.235803	521.440584	6.491584	-0.027711	1.627730
170.821999	524.166934	6.496589	-0.027815	1.630181
171.235463	526.973676	6.501594	-0.027889	1.632640
171.649619	529.824276	6.506598	-0.027962	1.635132
171.982253	532.749591	6.511603	-0.028021	1.637656
172.572527	535.530086	6.516608	-0.028126	1.640139
173.032757	538.407837	6.521613	-0.028208	1.642656
173.394246	541.322788	6.526618	-0.028272	1.645169
173.890438	544.222232	6.531622	-0.028360	1.647708
174.178374	547.198727	6.536627	-0.028411	1.650240
174.828766	550.101755	6.541632	-0.028527	1.652822
175.227612	553.050675	6.546637	-0.028598	1.655359
175.643727	556.062405	6.551642	-0.028672	1.657949
176.332491	558.913378	6.556646	-0.028794	1.660489
176.681652	561.910322	6.561651	-0.028856	1.663037
177.181998	564.854667	6.566656	-0.028945	1.665586
177.467851	567.945452	6.571661	-0.028996	1.668183
177.845819	570.999178	6.576666	-0.029063	1.670775
178.397340	574.045589	6.581670	-0.029161	1.673410
178.817528	577.121484	6.586675	-0.029236	1.676024
179.484818	580.111623	6.591680	-0.029354	1.678642
179.838510	583.179823	6.596685	-0.029417	1.681221
180.396425	586.206379	6.601690	-0.029516	1.683826
180.857113	589.285793	6.606694	-0.029598	1.686439
181.293558	592.391887	6.611699	-0.029676	1.689063
181.728036	595.502909	6.616704	-0.029753	1.691685
182.206826	598.625172	6.621709	-0.029838	1.694326
182.673338	601.761278	6.626714	-0.029921	1.696969
183.541759	604.705641	6.631718	-0.030076	1.699579
183.865350	607.811654	6.636723	-0.030133	1.702147
184.421273	610.840965	6.641728	-0.030232	1.704721
184.894655	613.957647	6.646733	-0.030316	1.707335
185.209649	617.095454	6.651738	-0.030372	1.709914
185.820735	620.175768	6.656742	-0.030481	1.712533
186.167013	623.337955	6.661747	-0.030542	1.715133
186.721562	626.480073	6.666752	-0.030641	1.717776
187.132042	629.616210	6.671757	-0.030714	1.720366
187.597573	632.788014	6.676762	-0.030797	1.722997
188.119375	635.951076	6.681766	-0.030890	1.725634
188.503082	639.161536	6.686771	-0.030958	1.728263
189.020956	642.346100	6.691776	-0.031050	1.730907
189.420891	645.607540	6.696781	-0.031121	1.733573
189.931579	648.832822	6.701786	-0.031212	1.736238
190.667351	651.934611	6.706790	-0.031343	1.738871
190.831124	655.273538	6.711795	-0.031372	1.741514
191.354105	658.503373	6.716800	-0.031465	1.744175
191.998674	661.700619	6.721805	-0.031579	1.746842
192.397341	664.943497	6.726810	-0.031650	1.749468
193.078787	668.121136	6.731814	-0.031772	1.752123
193.408144	671.385240	6.736819	-0.031830	1.754737
193.922673	674.654247	6.741824	-0.031922	1.757405
194.425308	677.852712	6.746829	-0.032011	1.760011
194.950903	681.127868	6.751834	-0.032105	1.762679
195.576174	684.296678	6.756838	-0.032216	1.765290
195.870938	687.627059	6.761843	-0.032268	1.767925
196.405640	690.861483	6.766848	-0.032363	1.770552
196.835280	694.203892	6.771853	-0.032440	1.773228
197.221227	697.526074	6.776858	-0.032508	1.775871
197.872595	700.826194	6.781862	-0.032624	1.778570
198.332371	704.138694	6.786867	-0.032706	1.781219
198.585018	707.553327	6.791872	-0.032751	1.783882
199.093323	710.930069	6.796877	-0.032841	1.786585
199.409089	714.347486	6.801882	-0.032897	1.789260
199.906461	717.801117	6.806886	-0.032986	1.792011
200.467910	721.154689	6.811891	-0.033085	1.794700
200.997280	724.566539	6.816896	-0.033180	1.797419
201.572355	727.890560	6.821901	-0.033282	1.800082
201.994988	731.329593	6.826906	-0.033357	1.802783
202.477842	734.762486	6.831910	-0.033443	1.805493
202.939147	738.189452	6.836915	-0.033525	1.808188
203.566244	741.534306	6.841920	-0.033637	1.810864
204.047849	744.960050	6.846925	-0.033722	1.813556
204.500785	748.382609	6.851930	-0.033803	1.816233
205.034765	751.773942	6.856934	-0.033898	1.818906
205.396393	755.287692	6.861939	-0.033962	1.821618
206.006251	758.662340	6.866944	-0.034071	1.824291
206.617769	762.060936	6.871949	-0.034180	1.826979
207.061414	765.435652	6.876954	-0.034259	1.829599
207.376233	768.979342	6.881958	-0.034314	1.832303
207.869747	772.452367	6.886963	-0.034402	1.835001
208.361322	775.949198	6.891968	-0.034490	1.837712
208.792548	779.441036	6.896973	-0.034566	1.840399
209.226501	782.970864	6.901978	-0.034644	1.843110
209.886185	786.445106	6.906982	-0.034761	1.845839
210.356711	789.903049	6.911987	-0.034845	1.848499
210.660911	793.523851	6.916992	-0.034899	1.851229
211.191986	797.070664	6.921997	-0.034993	1.853963
211.740163	800.609778	6.927002	-0.035091	1.856693
212.240248	804.102267	6.932006	-0.035180	1.859371
212.678137	807.695861	6.937011	-0.035258	1.862101
213.195721	811.215653	6.942016	-0.035350	1.864796
213.719917	814.794029	6.947021	-0.035443	1.867531
213.948803	818.442217	6.952026	-0.035484	1.870232
214.551072	822.063255	6.957030	-0.035591	1.873011
215.197444	825.586210	6.962035	-0.035706	1.875727
215.551146	829.185013	6.967040	-0.035769	1.878414
216.104635	832.808777	6.972045	-0.035867	1.881170
216.647170	836.344083	6.977050	-0.035964	1.883855
217.199126	839.938326	6.982054	-0.036062	1.886580
217.592381	843.551511	6.987059	-0.036132	1.889273
218.122188	847.176344	6.992064	-0.036226	1.892007
218.618540	850.762746	6.997069	-0.036315	1.894700
218.990645	854.441696	7.002074	-0.036381	1.897422
219.595527	858.012012	7.007078	-0.036489	1.900125
219.881363	861.748129	7.012083	-0.036539	1.902857
220.316844	865.452647	7.017088	-0.036617	1.905602
220.892932	869.121377	7.022093	-0.036719	1.908356
221.512394	872.759649	7.027098	-0.036830	1.911095
221.962018	876.453746	7.032102	-0.036910	1.913825
222.506225	880.114118	7.037107	-0.037007	1.916552
222.884475	883.778200	7.042112	-0.037074	1.919234
223.411949	887.503219	7.047117	-0.037168	1.921994
223.778734	891.245443	7.052122	-0.037233	1.924720
224.376445	894.951014	7.057126	-0.037339	1.927477
224.977846	898.605437	7.062131	-0.037446	1.930196
225.462908	902.311339	7.067136	-0.037533	1.932916
225.952540	906.052601	7.072141	-0.037620	1.935657
226.271619	909.741746	7.077146	-0.037677	1.938314
226.840408	913.477430	7.082150	-0.037778	1.941065
227.286505	917.206020	7.087155	-0.037857	1.943775
227.676355	921.028644	7.092160	-0.037927	1.946532
228.201742	924.795356	7.097165	-0.038020	1.949282
228.719438	928.564329	7.102170	-0.038112	1.952027
229.187592	932.371527	7.107174	-0.038196	1.954781
229.708027	936.143371	7.112179	-0.038288	1.957521
230.192320	939.935303	7.117184	-0.038374	1.960262
230.742696	943.701117	7.122189	-0.038472	1.962997
231.199794	947.509296	7.127194	-0.038554	1.965734
231.560828	951.364273	7.132198	-0.038618	1.968475
232.199157	955.160531	7.137203	-0.038732	1.971242
232.651278	958.988670	7.142208	-0.038812	1.973980
233.181320	962.823897	7.147213	-0.038906	1.976739
233.569472	966.677198	7.152218	-0.038975	1.979469
233.956713	970.584275	7.157222	-0.039044	1.982233
234.673181	974.367202	7.162227	-0.039172	1.984992
235.043393	978.237930	7.167232	-0.039238	1.987718
235.377268	982.233085	7.172237	-0.039297	1.990516
235.773019	986.176006	7.177242	-0.039368	1.993291
236.207451	990.190030	7.182246	-0.039445	1.996119
236.802866	994.079347	7.187251	-0.039551	1.998900
237.219844	998.079206	7.192256	-0.039625	2.001706
237.720077	1002.080783	7.197261	-0.039714	2.004531
238.086177	1006.100113	7.202266	-0.039779	2.007329
238.758846	1010.072807	7.207270	-0.039899	2.010170
239.304860	1014.014397	7.212275	-0.039996	2.012953
240.003038	1017.924700	7.217280	-0.040121	2.015750
240.557619	1021.780161	7.222285	-0.040220	2.018470
240.995831	1025.710678	7.227290	-0.040298	2.021208
241.483707	1029.642834	7.232294	-0.040384	2.023955
242.002785	1033.560866	7.237299	-0.040477	2.026697
242.711203	1037.372158	7.242304	-0.040603	2.029411
243.248692	1041.221626	7.247309	-0.040699	2.032104
243.737877	1045.095936	7.252314	-0.040786	2.034799
244.289610	1048.909858	7.257318	-0.040884	2.037465
245.007207	1052.656660	7.262323	-0.041012	2.040123
245.566937	1056.382533	7.267328	-0.041112	2.042726
246.251768	1060.118326	7.272333	-0.041234	2.045363
246.763396	1063.773242	7.277338	-0.041325	2.047900
247.318605	1067.510167	7.282342	-0.041424	2.050499
247.641500	1071.299287	7.287347	-0.041481	2.053072
248.308485	1074.997740	7.292352	-0.041600	2.055666
248.869288	1078.649854	7.297357	-0.041700	2.058200
249.494673	1082.278823	7.302362	-0.041811	2.060732
249.938297	1085.976235	7.307366	-0.041890	2.063261
250.552458	1089.611900	7.312371	-0.042000	2.065788
251.168650	1093.149614	7.317376	-0.042109	2.068249
251.792181	1096.739440	7.322381	-0.042221	2.070742
252.399477	1100.248969	7.327386	-0.042329	2.073176
252.988930	1103.794779	7.332390	-0.042434	2.075626
253.348148	1107.323061	7.337395	-0.042497	2.078007
253.948195	1110.866206	7.342400	-0.042604	2.080452
254.537692	1114.347512	7.347405	-0.042709	2.082852
255.017068	1117.900193	7.352410	-0.042795	2.085269
255.586729	1121.362612	7.357414	-0.042896	2.087646
256.005463	1124.938502	7.362419	-0.042970	2.090057
256.769351	1128.324418	7.367424	-0.043107	2.092426
257.580951	1131.658011	7.372429	-0.043251	2.094769
258.386614	1134.862539	7.377434	-0.043395	2.097025
259.019657	1138.088902	7.382438	-0.043508	2.099252
259.786650	1141.168290	7.387443	-0.043644	2.101413
260.451960	1144.221234	7.392448	-0.043763	2.103531
261.182196	1147.226861	7.397453	-0.043893	2.105632
261.870579	1150.096406	7.402458	-0.044016	2.107634
262.613404	1152.976474	7.407462	-0.044148	2.109653
263.110175	1155.867255	7.412467	-0.044236	2.111620
263.710937	1158.719670	7.417472	-0.044343	2.113584
264.409520	1161.506914	7.422477	-0.044467	2.115527
264.893537	1164.233030	7.427482	-0.044554	2.117380
265.234336	1167.139236	7.432486	-0.044614	2.119312
265.703440	1169.999480	7.437491	-0.044697	2.121243
266.367257	1172.790535	7.442496	-0.044815	2.123174
266.773666	1175.704851	7.447501	-0.044888	2.125121
267.221588	1178.500779	7.452506	-0.044967	2.127000
267.763721	1181.344649	7.457510	-0.045064	2.128931
267.983685	1184.338586	7.462515	-0.045102	2.130879
268.406819	1187.316265	7.467520	-0.045178	2.132863
268.920407	1190.292735	7.472525	-0.045269	2.134866
269.339289	1193.189545	7.477530	-0.045343	2.136794
269.682270	1196.289161	7.482534	-0.045404	2.138830
270.036442	1199.392732	7.487539	-0.045467	2.140870
270.338171	1202.550188	7.492544	-0.045520	2.142930
270.910531	1205.702044	7.497549	-0.045622	2.145046
271.212477	1208.840587	7.502554	-0.045676	2.147090
271.893361	1211.945066	7.507558	-0.045797	2.149198
272.293840	1215.112734	7.512563	-0.045868	2.151278
272.660706	1218.329376	7.517568	-0.045933	2.153380
273.118620	1221.556014	7.522573	-0.046015	2.155507
273.568422	1224.723956	7.527578	-0.046095	2.157593
273.996579	1228.023226	7.532582	-0.046171	2.159754
274.382175	1231.281170	7.537587	-0.046239	2.161877
274.896844	1234.564182	7.542592	-0.046331	2.164043
275.469690	1237.800606	7.547597	-0.046433	2.166192
275.737778	1241.165140	7.552602	-0.046480	2.168348
276.221319	1244.531665	7.557606	-0.046566	2.170553
276.660853	1247.898165	7.562611	-0.046644	2.172745
277.238677	1251.229412	7.567616	-0.046747	2.174945
277.662344	1254.554147	7.572621	-0.046822	2.177103
278.075904	1257.983861	7.577626	-0.046896	2.179322
278.635393	1261.293457	7.582630	-0.046996	2.181497
279.128726	1264.695262	7.587635	-0.047083	2.183712
279.702572	1267.983099	7.592640	-0.047185	2.185873
280.289710	1271.289605	7.597645	-0.047290	2.188046
280.684635	1274.660445	7.602650	-0.047360	2.190212
281.085748	1278.070838	7.607654	-0.047431	2.192403
281.612869	1281.462092	7.612659	-0.047525	2.194608
282.306768	1284.669792	7.617664	-0.047649	2.196735
282.689483	1288.071800	7.622669	-0.047717	2.198910
283.184341	1291.397433	7.627674	-0.047805	2.201061
283.731529	1294.751006	7.632678	-0.047902	2.203238
284.255240	1298.068568	7.637683	-0.047995	2.205386
284.872522	1301.315113	7.642688	-0.048105	2.207509
285.285763	1304.693803	7.647693	-0.048179	2.209666
285.840491	1307.949908	7.652698	-0.048277	2.211777
286.353052	1311.303905	7.657702	-0.048369	2.213936
286.979509	1314.491223	7.662707	-0.048480	2.216017
287.488729	1317.749263	7.667712	-0.048571	2.218112
287.950426	1321.044667	7.672717	-0.048653	2.220218
288.369026	1324.323177	7.677722	-0.048727	2.222302
288.908660	1327.641854	7.682726	-0.048823	2.224436
289.464928	1330.839486	7.687731	-0.048922	2.226497
289.983376	1334.118831	7.692736	-0.049015	2.228598
290.539101	1337.352086	7.697741	-0.049113	2.230677
290.919885	1340.668131	7.702746	-0.049181	2.232765
291.462825	1343.937698	7.707750	-0.049278	2.234859
292.048695	1347.108302	7.712755	-0.049382	2.236901
292.597751	1350.365148	7.717760	-0.049480	2.238985
293.054461	1353.578576	7.722765	-0.049561	2.241020
293.511804	1356.861066	7.727770	-0.049642	2.243095
293.950466	1360.148426	7.732774	-0.049720	2.245168
294.567170	1363.324360	7.737779	-0.049830	2.247210
294.975402	1366.653455	7.742784	-0.049902	2.249296
295.426011	1369.934758	7.747789	-0.049983	2.251361
295.871489	1373.263121	7.752794	-0.050062	2.253452
296.257615	1376.620543	7.757798	-0.050130	2.255545
296.749894	1379.968808	7.762803	-0.050218	2.257653
297.423932	1383.232193	7.767808	-0.050338	2.259748
298.013759	1386.438492	7.772813	-0.050443	2.261789
298.447309	1389.744528	7.777818	-0.050520	2.263854
298.903853	1393.000627	7.782822	-0.050601	2.265892
299.180031	1396.414804	7.787827	-0.050650	2.267983
299.609481	1399.813665	7.792832	-0.050726	2.270096
300.187094	1403.174501	7.797837	-0.050829	2.272216
300.681355	1406.533486	7.802842	-0.050917	2.274316
301.198466	1409.814594	7.807846	-0.051009	2.276372
301.646841	1413.249033	7.812851	-0.051089	2.278502
302.124882	1416.605192	7.817856	-0.051174	2.280590
302.708879	1419.959268	7.822861	-0.051278	2.282698
303.025921	1423.384652	7.827866	-0.051334	2.284789
303.596553	1426.784428	7.832870	-0.051436	2.286917
303.934705	1430.278207	7.837875	-0.051496	2.289049
304.446897	1433.692782	7.842880	-0.051587	2.291169
304.957899	1437.170102	7.847885	-0.051678	2.293324
305.483883	1440.550463	7.852890	-0.051771	2.295423
306.010491	1443.974085	7.857894	-0.051865	2.297545
306.494570	1447.390183	7.862899	-0.051951	2.299652
306.930031	1450.849336	7.867904	-0.052029	2.301772
307.454877	1454.336883	7.872909	-0.052122	2.303926
307.680219	1457.847646	7.877914	-0.052162	2.306027
308.362318	1461.320025	7.882918	-0.052283	2.308201
308.653334	1464.882795	7.887923	-0.052335	2.310343
309.120348	1468.448852	7.892928	-0.052418	2.312522
309.625874	1471.997907	7.897933	-0.052508	2.314697
309.940264	1475.590078	7.902938	-0.052564	2.316855
310.477248	1479.225613	7.907942	-0.052659	2.319083
310.825173	1482.899038	7.912947	-0.052721	2.321291
311.414337	1486.545026	7.917952	-0.052826	2.323532
311.858097	1490.144759	7.922957	-0.052905	2.325713
312.238829	1493.886105	7.927962	-0.052973	2.327961
312.647548	1497.609583	7.932966	-0.053045	2.330202
313.034271	1501.401460	7.937971	-0.053114	2.332476
313.531954	1505.169689	7.942976	-0.053203	2.334757
314.083522	1508.889197	7.947981	-0.053301	2.337019
314.642482	1512.603170	7.952986	-0.053401	2.339277
315.229963	1516.277974	7.957990	-0.053505	2.341516
315.692050	1520.027770	7.962995	-0.053587	2.343770
316.304902	1523.605823	7.968000	-0.053697	2.345954
316.797079	1527.332830	7.973005	-0.053784	2.348197
317.213829	1530.996133	7.978010	-0.053858	2.350385
317.783730	1534.700829	7.983014	-0.053960	2.352627
318.273370	1538.352640	7.988019	-0.054047	2.354820
318.624127	1542.107385	7.993024	-0.054109	2.357041
319.137585	1545.854353	7.998029	-0.054201	2.359289
319.635177	1549.559212	8.003034	-0.054289	2.361507
320.194590	1553.288555	8.008038	-0.054389	2.363750
320.659392	1556.977937	8.013043	-0.054471	2.365948
321.135368	1560.751662	8.018048	-0.054556	2.368195
321.779388	1564.401435	8.023053	-0.054671	2.370404
322.154517	1568.161285	8.028058	-0.054738	2.372618
322.572224	1571.899400	8.033062	-0.054812	2.374826
323.217467	1575.594012	8.038067	-0.054927	2.377053
323.841918	1579.232963	8.043072	-0.055038	2.379243
324.437842	1582.844187	8.048077	-0.055144	2.381409
324.695796	1586.623394	8.053082	-0.055190	2.383600
325.497333	1590.153244	8.058086	-0.055333	2.385758
326.146688	1593.700006	8.063091	-0.055449	2.387892
326.806142	1597.153147	8.068096	-0.055566	2.389974
327.326558	1600.697864	8.073101	-0.055659	2.392078
327.710407	1604.193396	8.078106	-0.055727	2.394124
328.395537	1607.619821	8.083110	-0.055849	2.396190
328.686521	1611.227971	8.088115	-0.055900	2.398278
328.976058	1614.840198	8.093120	-0.055952	2.400365
329.423176	1618.551490	8.098125	-0.056031	2.402538
330.025044	1622.083023	8.103130	-0.056139	2.404639
330.415410	1625.772622	8.108134	-0.056208	2.406785
330.951151	1629.392306	8.113139	-0.056303	2.408918
331.359637	1633.059510	8.118144	-0.056376	2.411051
332.014304	1636.730264	8.123149	-0.056493	2.413232
332.390894	1640.350139	8.128154	-0.056559	2.415328
332.777454	1644.101868	8.133158	-0.056628	2.417498
333.325011	1647.747626	8.138163	-0.056726	2.419639
333.752622	1651.475263	8.143168	-0.056802	2.421799
334.179461	1655.215414	8.148173	-0.056878	2.423964
334.557684	1658.957914	8.153178	-0.056945	2.426119
335.185949	1662.680319	8.158182	-0.057057	2.428311
335.607133	1666.435722	8.163187	-0.057132	2.430477
336.125167	1670.189759	8.168192	-0.057224	2.432660
336.645405	1673.872508	8.173197	-0.057317	2.434802
337.202093	1677.599100	8.178202	-0.057416	2.436974
337.523636	1681.410722	8.183206	-0.057473	2.439144
338.140964	1685.137048	8.188211	-0.057583	2.441323
338.489216	1688.927646	8.193216	-0.057645	2.443483
339.075800	1692.675803	8.198221	-0.057749	2.445665
339.511258	1696.489264	8.203226	-0.057827	2.447850
339.829646	1700.368100	8.208230	-0.057883	2.450047
340.334833	1704.245242	8.213235	-0.057973	2.452278
340.845076	1708.028036	8.218240	-0.058064	2.454455
341.630416	1711.754003	8.223245	-0.058204	2.456653
341.982876	1715.569355	8.228250	-0.058266	2.458814
342.174850	1719.539803	8.233254	-0.058300	2.461026
342.729584	1723.409716	8.238259	-0.058399	2.463252
343.128473	1727.311008	8.243264	-0.058470	2.465462
343.663003	1731.258185	8.248269	-0.058565	2.467722
344.118637	1735.152001	8.253274	-0.058646	2.469936
344.721970	1739.084206	8.258278	-0.058754	2.472197
345.337663	1742.847467	8.263283	-0.058864	2.474366
345.709759	1746.773476	8.268288	-0.058930	2.476575
346.308719	1750.642055	8.273293	-0.059036	2.478794
346.892290	1754.450040	8.278298	-0.059140	2.480976
347.267901	1758.378125	8.283302	-0.059207	2.483180
347.775166	1762.208037	8.288307	-0.059298	2.485355
348.196694	1766.173861	8.293312	-0.059373	2.487585
348.850172	1769.984433	8.298317	-0.059489	2.489773
349.326852	1773.882264	8.303322	-0.059574	2.491972
349.937870	1777.665233	8.308326	-0.059683	2.494134
350.492880	1781.452496	8.313331	-0.059782	2.496285
350.979010	1785.249404	8.318336	-0.059868	2.498426
351.484409	1789.057477	8.323341	-0.059958	2.500575
351.835230	1792.955250	8.328346	-0.060020	2.502740
352.309928	1796.762650	8.333350	-0.060105	2.504879
352.851876	1800.631386	8.338355	-0.060201	2.507062
353.386268	1804.425348	8.343360	-0.060297	2.509201
354.017127	1808.258874	8.348365	-0.060409	2.511378
354.406841	1812.060847	8.353370	-0.060478	2.513490
354.724566	1815.951894	8.358374	-0.060535	2.515635
355.224579	1819.898518	8.363379	-0.060624	2.517842
355.776673	1823.721924	8.368384	-0.060722	2.519991
356.324093	1827.640775	8.373389	-0.060819	2.522188
356.856819	1831.401539	8.378394	-0.060914	2.524296
357.308724	1835.323496	8.383398	-0.060995	2.526473
357.811241	1839.198731	8.388403	-0.061084	2.528633
358.248712	1843.097774	8.393408	-0.061162	2.530791
358.912295	1846.923161	8.398413	-0.061280	2.532950
359.517942	1850.627158	8.403418	-0.061388	2.535033
360.097164	1854.414602	8.408422	-0.061491	2.537152
360.534408	1858.170096	8.413427	-0.061569	2.539227
360.674091	1862.172375	8.418432	-0.061594	2.541375
361.317145	1865.994785	8.423437	-0.061708	2.543520
361.874944	1869.809979	8.428442	-0.061808	2.545643
362.277399	1873.718881	8.433446	-0.061879	2.547785
362.774809	1877.604726	8.438451	-0.061968	2.549931
363.326544	1881.475316	8.443456	-0.062066	2.552077
363.781778	1885.276765	8.448461	-0.062147	2.554167
364.241042	1889.204206	8.453466	-0.062229	2.556322
364.837350	1893.043856	8.458470	-0.062335	2.558454
365.426081	1896.880159	8.463475	-0.062440	2.560582
365.832012	1900.731445	8.468480	-0.062512	2.562681
366.225847	1904.606957	8.473485	-0.062582	2.564790
366.513360	1908.654822	8.478490	-0.062633	2.566967
366.917140	1912.695613	8.483494	-0.062705	2.569161
367.511119	1916.708925	8.488499	-0.062811	2.571373
368.168015	1920.660438	8.493504	-0.062928	2.573562
368.529847	1924.682160	8.498509	-0.062992	2.575732
368.934919	1928.707855	8.503514	-0.063064	2.577910
369.401771	1932.700603	8.508518	-0.063147	2.580080
369.902154	1936.741762	8.513523	-0.063236	2.582280
370.354046	1940.722410	8.518528	-0.063317	2.584437
370.794426	1944.828103	8.523533	-0.063395	2.586656
371.267254	1948.853016	8.528538	-0.063479	2.588837
371.641277	1953.024126	8.533542	-0.063546	2.591073
372.111099	1957.138244	8.538547	-0.063630	2.593296
372.634265	1961.232697	8.543552	-0.063723	2.595516
373.174969	1965.358809	8.548557	-0.063819	2.597754
373.578652	1969.461218	8.553562	-0.063891	2.599952
374.240584	1973.542085	8.558567	-0.064009	2.602184
374.629509	1977.653436	8.563571	-0.064078	2.604381
375.085613	1981.809675	8.568576	-0.064159	2.606611
375.581025	1985.941195	8.573581	-0.064248	2.608834
375.960787	1990.172729	8.578586	-0.064315	2.611085
376.400134	1994.351929	8.583591	-0.064393	2.613319
376.971780	1998.562227	8.588595	-0.064495	2.615590
377.564842	2002.677407	8.593600	-0.064601	2.617813
378.002494	2006.862274	8.598605	-0.064679	2.620043
378.575040	2010.994293	8.603610	-0.064781	2.622268
379.217477	2015.036770	8.608615	-0.064895	2.624458
379.801213	2019.114293	8.613619	-0.064999	2.626653
380.232998	2023.151421	8.618624	-0.065076	2.628798
380.608180	2027.342514	8.623629	-0.065143	2.631011
381.146773	2031.406730	8.628634	-0.065239	2.633185
381.702957	2035.503583	8.633639	-0.065338	2.635378
382.284624	2039.576934	8.638643	-0.065442	2.637561
382.775705	2043.623567	8.643648	-0.065529	2.639713
383.273243	2047.716505	8.648653	-0.065618	2.641887
383.631287	2051.813000	8.653658	-0.065681	2.644037
384.114064	2055.998270	8.658663	-0.065767	2.646253
384.812778	2059.999810	8.663667	-0.065892	2.648411
385.191674	2064.143994	8.668672	-0.065959	2.650583
385.795813	2068.210684	8.673677	-0.066067	2.652754
386.223341	2072.291363	8.678682	-0.066143	2.654899
386.644155	2076.419751	8.683687	-0.066218	2.657066
387.167915	2080.484652	8.688691	-0.066311	2.659216
387.768176	2084.560564	8.693696	-0.066418	2.661384
388.277446	2088.602393	8.698701	-0.066509	2.663516
388.783922	2092.664116	8.703706	-0.066599	2.665657
389.221233	2096.752625	8.708711	-0.066677	2.667797
389.774956	2100.820499	8.713715	-0.066775	2.669945
390.182292	2104.923266	8.718720	-0.066848	2.672084
390.774775	2108.969303	8.723725	-0.066953	2.674224
391.256162	2113.077066	8.728730	-0.067039	2.676375
391.846887	2117.025190	8.733735	-0.067144	2.678462
392.330596	2121.125450	8.738739	-0.067231	2.680605
392.827987	2125.115654	8.743744	-0.067319	2.682694
393.306461	2129.216559	8.748749	-0.067404	2.684834
393.689965	2133.321921	8.753754	-0.067473	2.686957
394.333989	2137.317250	8.758759	-0.067587	2.689069
394.923369	2141.355432	8.763763	-0.067692	2.691191
395.511636	2145.231978	8.768768	-0.067797	2.693231
395.954554	2149.294878	8.773773	-0.067876	2.695336
396.414454	2153.286516	8.778778	-0.067958	2.697408
396.779378	2157.330384	8.783783	-0.068023	2.699487
397.230472	2161.476938	8.788787	-0.068103	2.701631
397.749865	2165.471231	8.793792	-0.068196	2.703709
398.296728	2169.562284	8.798797	-0.068293	2.705838
398.678981	2173.622968	8.803802	-0.068361	2.707923
399.078453	2177.819915	8.808807	-0.068432	2.710076
399.812867	2181.810380	8.813811	-0.068563	2.712182
400.295764	2185.823303	8.818816	-0.068649	2.714255
400.766906	2189.921024	8.823821	-0.068733	2.716366
400.950616	2194.128351	8.828826	-0.068765	2.718481
401.535435	2198.294173	8.833831	-0.068869	2.720641
402.077909	2202.385290	8.838835	-0.068966	2.722756
402.457037	2206.587027	8.843840	-0.069034	2.724896
403.089977	2210.758371	8.848845	-0.069146	2.727063
403.326557	2215.001422	8.853850	-0.069188	2.729196
404.012958	2219.183129	8.858855	-0.069311	2.731373
404.409587	2223.429058	8.863859	-0.069381	2.733531
404.858675	2227.675796	8.868864	-0.069461	2.735696
405.570315	2231.753716	8.873869	-0.069588	2.737821
405.893348	2236.008120	8.878874	-0.069646	2.739965
406.520493	2240.122565	8.883879	-0.069757	2.742091
406.846877	2244.341420	8.888883	-0.069815	2.744215
407.337650	2248.594128	8.893888	-0.069903	2.746381
407.652216	2252.908088	8.898893	-0.069959	2.748547
408.080550	2257.277963	8.903898	-0.070035	2.750757
408.442776	2261.593046	8.908903	-0.070099	2.752927
408.997375	2266.006421	8.913907	-0.070198	2.755176
409.358102	2270.398383	8.918912	-0.070262	2.757380
409.924343	2274.813526	8.923917	-0.070363	2.759628
410.458738	2279.149239	8.928922	-0.070459	2.761830
410.869775	2283.573041	8.933927	-0.070532	2.764053
411.381134	2288.020304	8.938931	-0.070623	2.766301
411.794972	2292.455861	8.943936	-0.070696	2.768526
412.466279	2296.854402	8.948941	-0.070816	2.770774
413.084233	2301.088479	8.953946	-0.070926	2.772932
413.529737	2305.508442	8.958951	-0.071006	2.775149
414.242135	2309.711837	8.963955	-0.071133	2.777303
414.733466	2313.985656	8.968960	-0.071220	2.779454
415.399579	2318.170664	8.973965	-0.071339	2.781588
415.887186	2322.349500	8.978970	-0.071426	2.783689
416.616175	2326.455490	8.983975	-0.071556	2.785792
417.181746	2330.541541	8.988979	-0.071657	2.787857
417.816438	2334.546559	8.993984	-0.071770	2.789893
418.330670	2338.551647	8.998989	-0.071861	2.791908
419.007560	2342.452781	9.003994	-0.071982	2.793897
419.341301	2346.561660	9.008999	-0.072041	2.795929
419.939829	2350.464402	9.014003	-0.072148	2.797904
420.422924	2354.468421	9.019008	-0.072234	2.799907
421.010029	2358.406447	9.024013	-0.072339	2.801894
421.444183	2362.370097	9.029018	-0.072416	2.803867
421.957599	2366.372356	9.034023	-0.072507	2.805870
422.391854	2370.346536	9.039027	-0.072585	2.807845
422.895052	2374.377928	9.044032	-0.072674	2.809857
423.497195	2378.296073	9.049037	-0.072781	2.811829
424.009233	2382.202028	9.054042	-0.072873	2.813780
424.467393	2386.225177	9.059047	-0.072954	2.815776
424.914498	2390.150514	9.064051	-0.073034	2.817723
425.313835	2394.189118	9.069056	-0.073105	2.819714
425.750693	2398.223956	9.074061	-0.073182	2.821709
426.082672	2402.318250	9.079066	-0.073241	2.823713
426.515313	2406.495011	9.084071	-0.073318	2.825771
426.890878	2410.683791	9.089075	-0.073385	2.827825
427.433428	2414.860761	9.094080	-0.073482	2.829898
427.916205	2419.006674	9.099085	-0.073568	2.831945
428.263672	2423.255387	9.104090	-0.073630	2.834018
428.848147	2427.445831	9.109095	-0.073734	2.836099
429.255520	2431.690786	9.114099	-0.073806	2.838176
429.529189	2436.079679	9.119104	-0.073855	2.840299
429.891447	2440.426949	9.124109	-0.073919	2.842415
430.494882	2444.797352	9.129114	-0.074027	2.844578
431.116403	2449.077411	9.134119	-0.074138	2.846699
431.473276	2453.483119	9.139123	-0.074201	2.848837
432.024875	2457.781099	9.144128	-0.074299	2.850953
432.499124	2462.113187	9.149133	-0.074384	2.853071
432.921745	2466.503846	9.154138	-0.074459	2.855206
433.349116	2470.887769	9.159143	-0.074535	2.857338
433.864047	2475.334648	9.164147	-0.074627	2.859512
434.145317	2479.772031	9.169152	-0.074677	2.861642
434.555854	2484.326268	9.174157	-0.074750	2.863846
435.015275	2488.885083	9.179162	-0.074832	2.866058
435.338192	2493.538069	9.184167	-0.074889	2.868292
435.887961	2498.153340	9.189171	-0.074987	2.870541
436.302885	2502.711729	9.194176	-0.075061	2.872741
436.985033	2507.281597	9.199181	-0.075183	2.874986
437.292219	2511.894278	9.204186	-0.075238	2.877191
437.803020	2516.553998	9.209191	-0.075329	2.879448
438.111793	2521.275950	9.214195	-0.075383	2.881700
438.569435	2526.000075	9.219200	-0.075465	2.883975
439.038867	2530.748993	9.224205	-0.075549	2.886262
439.463881	2535.577112	9.229210	-0.075624	2.888576
439.909813	2540.398290	9.234215	-0.075704	2.890889
440.326290	2545.230715	9.239219	-0.075778	2.893201
440.511002	2550.227367	9.244224	-0.075811	2.895551
441.027371	2555.190636	9.249229	-0.075903	2.897935
441.597294	2560.110069	9.254234	-0.076005	2.900305
442.091425	2564.980973	9.259239	-0.076093	2.902638
442.331473	2570.113496	9.264243	-0.076135	2.905052
442.885516	2575.047760	9.269248	-0.076234	2.907420
443.458413	2580.082029	9.274253	-0.076336	2.909836
444.028309	2584.960890	9.279258	-0.076438	2.912177
444.551618	2589.942710	9.284263	-0.076531	2.914556
445.104747	2594.821426	9.289267	-0.076630	2.916891
445.532369	2599.819325	9.294272	-0.076706	2.919259
446.014686	2604.739532	9.299277	-0.076792	2.921598
446.182333	2609.925469	9.304282	-0.076822	2.924010
446.844151	2614.947932	9.309287	-0.076940	2.926419
447.404266	2619.974032	9.314291	-0.077040	2.928813
447.874569	2624.956820	9.319296	-0.077124	2.931171
448.402115	2630.001105	9.324301	-0.077218	2.933564
448.502382	2635.197200	9.329306	-0.077235	2.935959
449.163028	2640.296733	9.334311	-0.077353	2.938394
449.776924	2645.343309	9.339315	-0.077463	2.940795
450.333382	2650.372390	9.344320	-0.077562	2.943177
450.704661	2655.504877	9.349325	-0.077628	2.945577
451.048946	2660.676697	9.354330	-0.077690	2.947988
451.682737	2665.773394	9.359335	-0.077803	2.950407
452.182795	2670.862703	9.364339	-0.077892	2.952801
452.678547	2675.988697	9.369344	-0.077980	2.955208
453.178535	2681.099182	9.374349	-0.078069	2.957607
453.535909	2686.308699	9.379354	-0.078133	2.960028
454.053086	2691.441586	9.384359	-0.078225	2.962435
454.512359	2696.679985	9.389363	-0.078307	2.964880
455.169747	2701.760301	9.394368	-0.078425	2.967281
455.743451	2706.887896	9.399373	-0.078527	2.969689
456.035011	2712.009643	9.404378	-0.078579	2.972049
456.388527	2717.316128	9.409383	-0.078642	2.974501
456.981954	2722.468483	9.414387	-0.078748	2.976917
457.419161	2727.717004	9.419392	-0.078826	2.979351
457.968306	2732.872190	9.424397	-0.078924	2.981757
458.338025	2738.208093	9.429402	-0.078990	2.984216
458.943926	2743.378504	9.434407	-0.079098	2.986634
459.355869	2748.689507	9.439411	-0.079171	2.989084
459.922445	2753.795075	9.444416	-0.079272	2.991463
460.430706	2759.123028	9.449421	-0.079363	2.993931
460.781231	2764.339861	9.454426	-0.079425	2.996324
461.303211	2769.662020	9.459431	-0.079518	2.998787
461.879489	2774.890126	9.464435	-0.079621	3.001214
462.118463	2780.270601	9.469440	-0.079664	3.003658
462.621882	2785.622446	9.474445	-0.079754	3.006125
463.086013	2791.049149	9.479450	-0.079836	3.008618
463.665363	2796.328789	9.484455	-0.079940	3.011061
464.235147	2801.679842	9.489459	-0.080041	3.013531
464.556185	2807.031731	9.494464	-0.080099	3.015964
465.190756	2812.417085	9.499469	-0.080212	3.018456
465.721891	2817.671342	9.504474	-0.080307	3.020871
466.108892	2823.089647	9.509479	-0.080376	3.023337
466.750894	2828.376355	9.514483	-0.080490	3.025779
467.294276	2833.701361	9.519488	-0.080587	3.028222
468.031579	2838.783069	9.524493	-0.080719	3.030584
468.334238	2844.097939	9.529498	-0.080773	3.032983
468.870908	2849.352636	9.534503	-0.080868	3.035388
469.470655	2854.589744	9.539507	-0.080975	3.037792
469.840202	2859.819667	9.544512	-0.081041	3.040158
470.301477	2865.158868	9.549517	-0.081124	3.042584
470.736222	2870.458180	9.554522	-0.081201	3.044986
471.120980	2875.848995	9.559527	-0.081270	3.047419
471.815616	2881.197778	9.564531	-0.081394	3.049876
472.898819	2886.193400	9.569536	-0.081587	3.052232
473.892845	2890.981959	9.574541	-0.081765	3.054482
474.588766	2895.662902	9.579546	-0.081889	3.056639
475.266902	2900.317027	9.584551	-0.082010	3.058781
475.908654	2904.792453	9.589555	-0.082124	3.060838
476.376132	2909.411145	9.594560	-0.082208	3.062932
477.131252	2913.891190	9.599565	-0.082342	3.065004
477.514018	2918.388126	9.604570	-0.082410	3.067029
478.146586	2922.894669	9.609575	-0.082523	3.069092
478.587525	2927.293435	9.614579	-0.082602	3.071079
479.172186	2931.762765	9.619584	-0.082706	3.073117
479.931444	2936.057861	9.624589	-0.082841	3.075101
480.410767	2940.385472	9.629594	-0.082927	3.077059
480.813594	2944.581348	9.634599	-0.082999	3.078947

481.573520	2948.349853	9.639603	-0.083134	3.080699
481.918127	2952.087946	9.644608	-0.083195	3.082377
482.351941	2955.640908	9.649613	-0.083272	3.083986
482.862830	2958.851146	9.654618	-0.083363	3.085456
483.221369	2961.967584	9.659623	-0.083427	3.086862
483.833255	2964.859213	9.664627	-0.083536	3.088206
484.145059	2967.548739	9.669632	-0.083591	3.089420
484.521030	2969.989539	9.674637	-0.083658	3.090533
484.786504	2972.452733	9.679642	-0.083704	3.091641
485.196070	2974.655344	9.684647	-0.083777	3.092655
485.628488	2976.775170	9.689651	-0.083854	3.093636
485.999705	2978.607102	9.694656	-0.083920	3.094483
486.201805	2980.302316	9.699661	-0.083955	3.095246
486.556576	2981.985254	9.704666	-0.084018	3.096026
486.798384	2983.551963	9.709671	-0.084060	3.096739
487.104968	2984.934730	9.714675	-0.084114	3.097381
487.432689	2986.113742	9.719680	-0.084172	3.097938
487.780159	2987.281576	9.724685	-0.084234	3.098492
487.933469	2988.253952	9.729690	-0.084260	3.098934
488.156800	2989.182944	9.734695	-0.084299	3.099368
488.436253	2989.906656	9.739699	-0.084349	3.099720
488.573849	2990.579104	9.744704	-0.084372	3.100030
488.851665	2991.186825	9.749709	-0.084421	3.100332
488.959278	2991.730067	9.754714	-0.084440	3.100581
489.144684	2992.150924	9.759719	-0.084472	3.100789
489.462964	2992.639820	9.764723	-0.084528	3.101045
489.407525	2992.797060	9.769728	-0.084517	3.101104
489.527279	2993.290407	9.774733	-0.084538	3.101334
489.859075	2993.399552	9.779738	-0.084596	3.101427
489.894360	2993.386933	9.784743	-0.084601	3.101426
490.133687	2993.316980	9.789747	-0.084643	3.101428
490.363441	2993.211925	9.794752	-0.084684	3.101414
490.599765	2993.147268	9.799757	-0.084725	3.101419
490.549074	2993.181909	9.804762	-0.084715	3.101426
490.412517	2993.187381	9.809767	-0.084690	3.101408
490.488225	2992.723509	9.814771	-0.084702	3.101217
490.637464	2992.422529	9.819776	-0.084728	3.101107
490.757810	2992.380959	9.824781	-0.084748	3.101105
490.963059	2991.994134	9.829786	-0.084784	3.100966
491.025439	2991.561290	9.834791	-0.084794	3.100786
491.290450	2991.063656	9.839795	-0.084841	3.100607
491.309790	2990.614515	9.844800	-0.084843	3.100414
491.326779	2990.017029	9.849805	-0.084845	3.100157
491.471248	2989.441032	9.854810	-0.084870	3.099927
491.473946	2988.849701	9.859815	-0.084870	3.099670
491.674247	2988.285254	9.864819	-0.084904	3.099453
491.718530	2987.648148	9.869824	-0.084911	3.099182
491.752693	2986.900587	9.874829	-0.084916	3.098862
491.863026	2986.128458	9.879834	-0.084935	3.098542
491.837431	2985.367980	9.884839	-0.084930	3.098208
491.936227	2984.561579	9.889843	-0.084946	3.097872
492.149774	2983.654783	9.894848	-0.084983	3.097508
492.225634	2982.779677	9.899853	-0.084996	3.097138
492.320478	2981.738043	9.904858	-0.085012	3.096699
492.327325	2980.789068	9.909863	-0.085012	3.096287
492.248710	2979.934071	9.914867	-0.084997	3.095905
492.320850	2978.840476	9.919872	-0.085009	3.095439
492.358826	2977.903388	9.924877	-0.085015	3.095037
492.474858	2976.898000	9.929882	-0.085034	3.094616
492.319826	2975.990564	9.934887	-0.085005	3.094200
492.408361	2975.042509	9.939891	-0.085020	3.093800
492.561066	2973.840156	9.944896	-0.085047	3.093299
492.524403	2972.843057	9.949901	-0.085039	3.092860
492.554498	2971.713811	9.954906	-0.085043	3.092373
492.621622	2970.697773	9.959911	-0.085054	3.091940
492.589915	2969.554391	9.964915	-0.085047	3.091438
492.650727	2968.480356	9.969920	-0.085057	3.090979
492.661403	2967.279793	9.974925	-0.085058	3.090458
492.631560	2966.277827	9.979930	-0.085052	3.090017
492.613871	2965.169396	9.984935	-0.085047	3.089532
492.491767	2964.313213	9.989939	-0.085025	3.089142
492.727732	2963.008778	9.994944	-0.085066	3.088607
492.814088	2961.862113	9.999949	-0.085080	3.088120
492.901502	2960.645675	10.004954	-0.085095	3.087602
492.828109	2959.379685	10.009959	-0.085080	3.087040
492.850071	2958.222893	10.014963	-0.085083	3.086539
492.750114	2957.123026	10.019968	-0.085064	3.086046
492.794774	2955.829460	10.024973	-0.085071	3.085488
492.811658	2954.681347	10.029978	-0.085073	3.084990
492.896319	2953.542261	10.034983	-0.085087	3.084505
492.874250	2952.301787	10.039987	-0.085082	3.083961
492.666353	2951.233592	10.044992	-0.085044	3.083465
492.737300	2950.052933	10.049997	-0.085056	3.082960
492.799452	2948.855972	10.055002	-0.085066	3.082447
492.840827	2947.737568	10.060007	-0.085072	3.081964
493.001473	2946.409487	10.065011	-0.085100	3.081407
492.973568	2945.093407	10.070016	-0.085094	3.080829
492.750369	2943.994860	10.075021	-0.085053	3.080317
492.715804	2942.883254	10.080026	-0.085045	3.079827
492.777634	2941.795646	10.085031	-0.085055	3.079360
492.729905	2940.714422	10.090035	-0.085046	3.078881
492.859695	2939.414068	10.095040	-0.085068	3.078331
492.762951	2938.242551	10.100045	-0.085049	3.077806
492.707535	2937.197995	10.105050	-0.085039	3.077341
492.707005	2935.958453	10.110055	-0.085037	3.076799
492.836141	2934.851462	10.115059	-0.085059	3.076333
492.849929	2933.646987	10.120064	-0.085061	3.075809
492.950158	2932.312444	10.125069	-0.085078	3.075239
492.799587	2931.225375	10.130074	-0.085050	3.074742
492.696338	2930.194569	10.135079	-0.085030	3.074276
492.767591	2928.965804	10.140083	-0.085042	3.073749
492.569675	2927.973963	10.145088	-0.085005	3.073286
492.745471	2926.698766	10.150093	-0.085036	3.072753
492.740494	2925.618881	10.155098	-0.085034	3.072279
492.913097	2924.387939	10.160103	-0.085064	3.071765
492.714453	2923.187910	10.165107	-0.085027	3.071211
492.580005	2922.205602	10.170112	-0.085002	3.070762
492.717956	2921.008615	10.175117	-0.085025	3.070257
492.828227	2919.897142	10.180122	-0.085044	3.069785
492.772461	2918.884745	10.185127	-0.085033	3.069334
492.718927	2917.645703	10.190131	-0.085022	3.068783
492.707314	2916.580788	10.195136	-0.085019	3.068314
492.705417	2915.386689	10.200141	-0.085018	3.067790
492.689106	2914.295137	10.205146	-0.085014	3.067309
492.629050	2913.218699	10.210151	-0.085002	3.066828
492.588936	2912.088207	10.215155	-0.084994	3.066327
492.477610	2911.103615	10.220160	-0.084973	3.065879
492.410100	2910.080703	10.225165	-0.084960	3.065420
492.472646	2909.061937	10.230170	-0.084970	3.064982
492.543809	2908.118846	10.235175	-0.084982	3.064578
492.795196	2906.867293	10.240179	-0.085025	3.064064
492.471034	2905.843798	10.245184	-0.084966	3.063568
492.447977	2904.845657	10.250189	-0.084961	3.063127
492.423434	2903.907222	10.255194	-0.084956	3.062711
492.418838	2902.828635	10.260199	-0.084954	3.062236
492.496176	2901.866564	10.265203	-0.084967	3.061824
492.687250	2900.657718	10.270208	-0.085000	3.061321
492.747895	2899.587541	10.275213	-0.085010	3.060859
492.666861	2898.410030	10.280218	-0.084994	3.060330
492.613633	2897.394336	10.285223	-0.084983	3.059875
492.580695	2896.412718	10.290227	-0.084976	3.059439
492.627375	2895.272381	10.295232	-0.084984	3.058944
492.845288	2894.126918	10.300237	-0.085022	3.058471
492.632350	2892.975554	10.305242	-0.084983	3.057934
492.322545	2892.085469	10.310247	-0.084926	3.057498
492.252011	2891.215633	10.315251	-0.084912	3.057105
492.287201	2890.168694	10.320256	-0.084918	3.056649
492.369856	2889.245649	10.325261	-0.084931	3.056255
492.314728	2888.295887	10.330266	-0.084920	3.055829
492.252511	2887.308100	10.335271	-0.084908	3.055385
492.190022	2886.474609	10.340275	-0.084896	3.055009
492.212092	2885.706660	10.345280	-0.084899	3.054673
492.130047	2884.766181	10.350285	-0.084883	3.054247
492.134274	2883.897786	10.355290	-0.084883	3.053865
492.224860	2883.019800	10.360295	-0.084898	3.053491
492.083075	2882.194958	10.365299	-0.084872	3.053107
491.967383	2881.372367	10.370304	-0.084850	3.052728
491.972336	2880.558790	10.375309	-0.084850	3.052370
491.925941	2879.831556	10.380314	-0.084841	3.052042
491.969555	2878.981445	10.385319	-0.084847	3.051673
491.929552	2878.237408	10.390323	-0.084839	3.051339
492.141141	2877.361782	10.395328	-0.084876	3.050983
492.086980	2876.549512	10.400333	-0.084865	3.050617
492.046013	2875.702562	10.405338	-0.084857	3.050237
492.025472	2874.851186	10.410343	-0.084852	3.049859
492.044972	2874.093865	10.415347	-0.084855	3.049527
492.000126	2873.256995	10.420352	-0.084846	3.049151
492.056389	2872.448888	10.425357	-0.084855	3.048803
491.984398	2871.674210	10.430362	-0.084841	3.048450
492.055038	2870.816260	10.435367	-0.084852	3.048081
492.135315	2869.861776	10.440371	-0.084866	3.047672
492.134885	2869.025808	10.445376	-0.084865	3.047302
492.249122	2868.129866	10.450381	-0.084884	3.046923
492.143482	2867.281000	10.455386	-0.084864	3.046533
492.231314	2866.246650	10.460391	-0.084879	3.046088
491.903509	2865.556892	10.465395	-0.084819	3.045736
491.810458	2864.835909	10.470400	-0.084801	3.045404
491.993190	2864.052591	10.475405	-0.084833	3.045084
492.261966	2863.200924	10.480410	-0.084880	3.044746
491.842550	2862.470701	10.485415	-0.084804	3.044363
491.938834	2861.708769	10.490419	-0.084820	3.044040
491.883058	2860.906729	10.495424	-0.084809	3.043677
491.837476	2860.185620	10.500429	-0.084800	3.043351
491.872790	2859.390799	10.505434	-0.084805	3.043005
491.775791	2858.700786	10.510439	-0.084787	3.042685
491.776440	2858.036233	10.515443	-0.084786	3.042391
491.780830	2857.325985	10.520448	-0.084786	3.042078
491.658308	2856.678465	10.525453	-0.084763	3.041773
491.725383	2856.004434	10.530458	-0.084774	3.041484
491.636015	2855.320076	10.535463	-0.084757	3.041168
491.783974	2854.626820	10.540467	-0.084782	3.040883
491.810891	2853.869999	10.545472	-0.084786	3.040551
491.845623	2853.165106	10.550477	-0.084791	3.040244
491.777292	2852.459336	10.555482	-0.084778	3.039922
491.618666	2851.971746	10.560487	-0.084749	3.039683
491.743716	2851.248846	10.565491	-0.084770	3.039380
491.787438	2850.516565	10.570496	-0.084777	3.039062
491.731089	2849.831886	10.575501	-0.084766	3.038751
491.620908	2849.198763	10.580506	-0.084745	3.038454
491.756120	2848.487638	10.585511	-0.084768	3.038158
491.598048	2847.832885	10.590515	-0.084739	3.037845
491.647152	2847.201561	10.595520	-0.084747	3.037572
491.718930	2846.548764	10.600525	-0.084759	3.037293
491.741123	2845.918581	10.605530	-0.084762	3.037017
491.632880	2845.204066	10.610535	-0.084741	3.036685
491.552228	2844.648552	10.615539	-0.084726	3.036426
491.638124	2843.964565	10.620544	-0.084740	3.036135
491.598566	2843.363979	10.625549	-0.084732	3.035863
491.517397	2842.729790	10.630554	-0.084717	3.035570
491.529256	2842.098404	10.635559	-0.084718	3.035292
491.681495	2841.484655	10.640563	-0.084744	3.035041
491.613808	2840.910415	10.645568	-0.084731	3.034776
491.484547	2840.385981	10.650573	-0.084707	3.034525
491.342726	2839.924228	10.655578	-0.084680	3.034299
491.508069	2839.326821	10.660583	-0.084709	3.034058
491.579699	2838.612048	10.665587	-0.084721	3.033751
491.466643	2838.074760	10.670592	-0.084700	3.033496
491.451912	2837.490564	10.675597	-0.084696	3.033234
491.409644	2837.022558	10.680602	-0.084687	3.033020
491.600495	2836.365578	10.685607	-0.084720	3.032756
491.734775	2835.660202	10.690611	-0.084743	3.032462
491.605860	2835.069868	10.695616	-0.084719	3.032181
491.589281	2834.399167	10.700621	-0.084715	3.031881
491.307911	2833.865175	10.705626	-0.084664	3.031603
491.249369	2833.508425	10.710631	-0.084653	3.031435
491.480776	2832.950475	10.715635	-0.084693	3.031221
491.505706	2832.266412	10.720640	-0.084697	3.030920
491.453584	2831.696363	10.725645	-0.084686	3.030659
491.450257	2831.180821	10.730650	-0.084685	3.030430
491.378917	2830.682645	10.735655	-0.084671	3.030198
491.433748	2830.207299	10.740659	-0.084680	3.029994
491.360473	2829.707721	10.745664	-0.084666	3.029761
491.482130	2829.157068	10.750669	-0.084686	3.029534
491.526376	2828.573355	10.755674	-0.084693	3.029281
491.390434	2828.088077	10.760679	-0.084668	3.029045
491.318305	2827.548174	10.765683	-0.084654	3.028794
491.364772	2826.946280	10.770688	-0.084661	3.028533
491.534946	2826.419356	10.775693	-0.084691	3.028324
491.407806	2825.902521	10.780698	-0.084667	3.028075
491.272832	2825.437554	10.785703	-0.084642	3.027848
491.254317	2824.845154	10.790707	-0.084638	3.027582
491.059852	2824.610098	10.795712	-0.084602	3.027449
491.016513	2824.151827	10.800717	-0.084593	3.027238
491.138802	2823.828589	10.805722	-0.084614	3.027112
491.131629	2823.353606	10.810727	-0.084612	3.026899
491.207677	2822.793738	10.815731	-0.084624	3.026661
491.002822	2822.716210	10.820736	-0.084587	3.026596
491.121955	2821.955224	10.825741	-0.084607	3.026275
491.249514	2821.658473	10.830746	-0.084629	3.026161
491.201465	2821.268749	10.835751	-0.084619	3.025980
491.280702	2820.633465	10.840755	-0.084633	3.025709
491.082777	2820.393420	10.845760	-0.084596	3.025573
491.169952	2819.868103	10.850765	-0.084611	3.025351
491.250610	2819.461650	10.855770	-0.084624	3.025182
491.518199	2818.863954	10.860775	-0.084671	3.024955
491.508861	2818.406187	10.865779	-0.084668	3.024749
491.358932	2817.765373	10.870784	-0.084641	3.024442
491.657103	2817.144422	10.875789	-0.084693	3.024209
491.674666	2816.466440	10.880794	-0.084695	3.023909
491.590382	2815.840857	10.885799	-0.084679	3.023618
491.426164	2815.280867	10.890803	-0.084649	3.023345
491.272727	2814.938698	10.895808	-0.084620	3.023170
491.438496	2814.199054	10.900813	-0.084649	3.022864
491.348813	2813.730704	10.905818	-0.084632	3.022642
491.438451	2813.191703	10.910823	-0.084647	3.022415
491.405821	2812.743363	10.915827	-0.084640	3.022210
491.145914	2812.202389	10.920832	-0.084593	3.021931
491.146797	2811.866029	10.925837	-0.084592	3.021781
491.368519	2811.394131	10.930842	-0.084630	3.021603
491.361612	2810.695966	10.935847	-0.084628	3.021291
491.320262	2810.279443	10.940851	-0.084620	3.021099
491.297133	2809.852764	10.945856	-0.084615	3.020905
491.159580	2809.370956	10.950861	-0.084589	3.020670
491.243937	2808.899289	10.955866	-0.084603	3.020471
491.186336	2808.599807	10.960871	-0.084592	3.020329
491.524720	2807.868076	10.965875	-0.084651	3.020052
491.164237	2807.509313	10.970880	-0.084586	3.019839
491.294039	2807.204613	10.975885	-0.084608	3.019722
491.220433	2806.710481	10.980890	-0.084594	3.019490
491.261617	2806.098078	10.985895	-0.084601	3.019223
491.320667	2805.710683	10.990899	-0.084610	3.019059
491.162212	2805.290782	10.995904	-0.084581	3.018848
491.200721	2804.722874	11.000909	-0.084587	3.018600
490.993701	2804.621986	11.005914	-0.084549	3.018524
491.049485	2803.914515	11.010919	-0.084558	3.018217
491.080584	2803.765042	11.015923	-0.084562	3.018154
491.107502	2803.199660	11.020928	-0.084566	3.017905
491.213904	2802.824949	11.025933	-0.084584	3.017753
491.266163	2802.439255	11.030938	-0.084593	3.017589
491.271986	2801.784132	11.035943	-0.084593	3.017297
491.181558	2801.445982	11.040947	-0.084575	3.017132
491.128588	2801.113097	11.045952	-0.084565	3.016976
491.156077	2800.474138	11.050957	-0.084569	3.016694
491.227211	2800.195240	11.055962	-0.084581	3.016580
491.161112	2799.688688	11.060967	-0.084568	3.016344
491.230934	2799.180357	11.065971	-0.084579	3.016127
491.075911	2799.000207	11.070976	-0.084551	3.016023
491.051672	2798.328657	11.075981	-0.084545	3.015720
491.180961	2798.131676	11.080986	-0.084567	3.015650
491.028943	2797.632452	11.085991	-0.084539	3.015405
491.043631	2797.322427	11.090995	-0.084541	3.015268
490.988781	2796.988282	11.096000	-0.084530	3.015110
490.923002	2796.726401	11.101005	-0.084517	3.014983
491.063480	2796.398977	11.106010	-0.084542	3.014857
490.966723	2796.024687	11.111015	-0.084523	3.014675
491.076826	2795.660320	11.116019	-0.084542	3.014528
491.095987	2795.154187	11.121024	-0.084545	3.014305
491.018057	2794.955907	11.126029	-0.084530	3.014204
491.057840	2794.359018	11.131034	-0.084536	3.013943
490.947476	2794.260353	11.136039	-0.084515	3.013882
491.071981	2793.653238	11.141043	-0.084536	3.013629
491.044113	2793.530323	11.146048	-0.084530	3.013570
491.131045	2792.767540	11.151053	-0.084545	3.013241
491.045941	2792.652220	11.156058	-0.084529	3.013177
491.069541	2792.114750	11.161063	-0.084532	3.012940
491.088841	2791.799961	11.166067	-0.084534	3.012802
491.165178	2791.371960	11.171072	-0.084547	3.012621
491.162640	2790.859264	11.176077	-0.084546	3.012391
491.254946	2790.560471	11.181082	-0.084561	3.012271
491.116391	2789.992382	11.186087	-0.084535	3.011996
491.137835	2789.613297	11.191091	-0.084538	3.011830
490.954911	2789.366390	11.196096	-0.084505	3.011692
490.832880	2788.951156	11.201101	-0.084482	3.011488
490.993954	2788.648766	11.206106	-0.084510	3.011376
490.970943	2788.325634	11.211111	-0.084505	3.011228
490.931271	2788.005188	11.216115	-0.084497	3.011078
490.919474	2787.747676	11.221120	-0.084493	3.010961
490.889553	2787.286933	11.226125	-0.084487	3.010750
491.014017	2787.088264	11.231130	-0.084508	3.010679
491.037438	2786.534502	11.236135	-0.084512	3.010434
491.082999	2786.251922	11.241139	-0.084519	3.010314
490.990224	2785.876965	11.246144	-0.084501	3.010133
490.811357	2785.755520	11.251149	-0.084468	3.010051
491.038964	2785.328580	11.256154	-0.084508	3.009893
490.824750	2785.260020	11.261159	-0.084469	3.009831
490.904946	2784.657004	11.266163	-0.084482	3.009572
490.884120	2784.639664	11.271168	-0.084478	3.009561
490.829259	2784.048873	11.276173	-0.084467	3.009288
490.917632	2783.954426	11.281178	-0.084482	3.009258
490.861285	2783.618003	11.286183	-0.084471	3.009099
490.597274	2783.329509	11.291187	-0.084422	3.008931
490.677526	2783.307654	11.296192	-0.084436	3.008932
490.596015	2783.238929	11.301197	-0.084420	3.008889
490.472499	2782.686905	11.306202	-0.084397	3.008623
490.568333	2782.645950	11.311207	-0.084413	3.008618
490.595259	2782.654188	11.316211	-0.084417	3.008625
490.693497	2782.452346	11.321216	-0.084434	3.008549
490.614988	2781.911475	11.326221	-0.084419	3.008295
490.661067	2781.902936	11.331226	-0.084426	3.008297
490.733317	2781.861337	11.336231	-0.084438	3.008288
490.975195	2781.223692	11.341235	-0.084480	3.008038
490.911610	2781.138628	11.346240	-0.084468	3.007990
490.861814	2780.633863	11.351245	-0.084458	3.007757
490.902113	2780.430126	11.356250	-0.084464	3.007671
490.812082	2780.185331	11.361255	-0.084447	3.007548
490.854997	2779.788565	11.366259	-0.084454	3.007376
490.914013	2779.760399	11.371264	-0.084464	3.007371
490.855588	2779.081090	11.376269	-0.084452	3.007058
490.968327	2779.040171	11.381274	-0.084472	3.007056
491.073991	2778.394377	11.386279	-0.084489	3.006782
490.937608	2778.345151	11.391283	-0.084464	3.006739
490.849513	2777.750489	11.396288	-0.084447	3.006460
490.746863	2777.692291	11.401293	-0.084428	3.006418
490.495400	2777.785672	11.406298	-0.084382	3.006422
490.690850	2777.297032	11.411303	-0.084416	3.006232
490.671175	2777.037649	11.416307	-0.084412	3.006112
490.593856	2777.057761	11.421312	-0.084397	3.006109
490.465283	2777.107983	11.426317	-0.084373	3.006112
490.557285	2776.465475	11.431322	-0.084388	3.005837
490.507703	2776.356342	11.436327	-0.084379	3.005780
490.456355	2776.395165	11.441331	-0.084368	3.005790
490.567353	2776.348527	11.446336	-0.084387	3.005784
490.448217	2776.394253	11.451341	-0.084365	3.005786
490.609221	2775.762665	11.456346	-0.084393	3.005527
490.541193	2775.674971	11.461351	-0.084380	3.005477
490.636907	2775.689225	11.466355	-0.084396	3.005497
490.614776	2775.666767	11.471360	-0.084391	3.005483
490.675331	2774.959296	11.476365	-0.084401	3.005175
490.796656	2774.922532	11.481370	-0.084422	3.005175
490.780265	2774.840931	11.486375	-0.084418	3.005135
490.563680	2774.421499	11.491379	-0.084378	3.004915
490.576898	2774.420252	11.496384	-0.084380	3.004916
490.714319	2774.369121	11.501389	-0.084403	3.004913
490.622091	2773.991956	11.506394	-0.084386	3.004730
490.568578	2773.657253	11.511399	-0.084375	3.004571
490.493878	2773.712821	11.516403	-0.084361	3.004584
490.601358	2773.667337	11.521408	-0.084379	3.004579
490.531461	2773.600542	11.526413	-0.084366	3.004538
490.714218	2772.937604	11.531418	-0.084398	3.004268
490.710183	2772.928064	11.536423	-0.084396	3.004262
490.630856	2772.972584	11.541427	-0.084381	3.004270
490.557948	2772.416744	11.546432	-0.084367	3.004010
490.646555	2772.221798	11.551437	-0.084382	3.003935
490.661490	2772.261170	11.556442	-0.084383	3.003954
490.612765	2772.135088	11.561447	-0.084374	3.003889
490.671548	2771.544422	11.566451	-0.084383	3.003633
490.588020	2771.592416	11.571456	-0.084367	3.003642
490.596388	2771.586481	11.576461	-0.084368	3.003639
490.752844	2771.102647	11.581466	-0.084395	3.003445
490.718912	2770.800746	11.586471	-0.084388	3.003304
490.675476	2770.832074	11.591475	-0.084379	3.003311
490.799279	2770.449737	11.596480	-0.084400	3.003158
490.767767	2770.117064	11.601485	-0.084394	3.003003
490.699581	2770.138383	11.606490	-0.084381	3.003002
490.718726	2769.655108	11.611495	-0.084383	3.002788
490.732155	2769.469583	11.616499	-0.084385	3.002706
490.858859	2769.383589	11.621504	-0.084406	3.002686
490.798476	2768.773709	11.626509	-0.084394	3.002403
490.827296	2768.763844	11.631514	-0.084399	3.002402
490.858164	2768.400291	11.636519	-0.084403	3.002243
490.647205	2768.083459	11.641523	-0.084365	3.002070
490.586361	2768.093300	11.646528	-0.084353	3.002064
490.373321	2768.179678	11.651533	-0.084314	3.002071
490.526053	2767.912134	11.656538	-0.084340	3.001973
490.535839	2767.439077	11.661543	-0.084341	3.001762
490.623898	2767.404856	11.666547	-0.084356	3.001759
490.612108	2767.410432	11.671552	-0.084353	3.001759
490.740137	2766.988512	11.676557	-0.084375	3.001588
490.784686	2766.672867	11.681562	-0.084382	3.001452
490.798650	2766.657423	11.686567	-0.084383	3.001447
490.757444	2766.114035	11.691571	-0.084375	3.001197
490.491121	2766.050563	11.696576	-0.084326	3.001128
490.645026	2766.018404	11.701581	-0.084353	3.001136
490.677702	2765.836415	11.706586	-0.084358	3.001058
490.600004	2765.305797	11.711591	-0.084343	3.000809
490.753581	2765.273741	11.716595	-0.084369	3.000816
490.763868	2765.214882	11.721600	-0.084370	3.000791
490.799388	2764.553659	11.726605	-0.084376	3.000499
490.551690	2764.643075	11.731610	-0.084330	3.000502
490.803302	2764.551591	11.736615	-0.084374	3.000497
490.961292	2763.824368	11.741619	-0.084402	3.000194
490.948960	2763.825941	11.746624	-0.084399	3.000192
490.899342	2763.340625	11.751629	-0.084389	2.999967
490.867026	2763.339707	11.756634	-0.084382	2.999961
490.779356	2762.916436	11.761639	-0.084365	2.999758
490.843135	2762.589769	11.766643	-0.084376	2.999620
490.802979	2762.570521	11.771648	-0.084368	2.999605
490.869766	2761.879757	11.776653	-0.084379	2.999304
490.943934	2761.863341	11.781658	-0.084391	2.999307
490.801264	2761.330029	11.786663	-0.084364	2.999046
490.733307	2761.219581	11.791667	-0.084351	2.998986
490.728189	2761.236206	11.796672	-0.084349	2.998992
490.734325	2760.563436	11.801677	-0.084350	2.998691
490.782805	2760.513656	11.806682	-0.084357	2.998675
490.837002	2760.319153	11.811687	-0.084366	2.998595
490.953639	2759.734143	11.816691	-0.084386	2.998349
490.871799	2759.747434	11.821696	-0.084370	2.998342
490.957166	2759.038994	11.826701	-0.084385	2.998037
490.856305	2759.075961	11.831706	-0.084366	2.998038
490.959164	2758.425225	11.836711	-0.084383	2.997760
491.104074	2758.271289	11.841715	-0.084408	2.997712
490.819234	2757.785065	11.846720	-0.084356	2.997451
490.760086	2757.749109	11.851725	-0.084345	2.997426
490.791237	2757.564348	11.856730	-0.084349	2.997347
490.825972	2756.973074	11.861735	-0.084354	2.997086
490.765293	2757.019809	11.866739	-0.084343	2.997097
490.721795	2756.634686	11.871744	-0.084334	2.996917
490.814747	2756.308454	11.876749	-0.084350	2.996784
490.792749	2756.329927	11.881754	-0.084345	2.996790
490.763050	2755.668048	11.886759	-0.084338	2.996488
490.871773	2755.599166	11.891763	-0.084357	2.996472
490.836251	2755.347969	11.896768	-0.084350	2.996354
490.962519	2754.871583	11.901773	-0.084371	2.996158
490.877165	2754.840101	11.906778	-0.084355	2.996130
490.812435	2754.208693	11.911783	-0.084342	2.995837
490.885304	2754.217049	11.916787	-0.084355	2.995851
490.948075	2753.615445	11.921792	-0.084365	2.995589
490.976054	2753.483343	11.926797	-0.084369	2.995533
490.926653	2753.038426	11.931802	-0.084359	2.995326
490.889583	2752.817770	11.936807	-0.084351	2.995221
490.837305	2752.587512	11.941811	-0.084341	2.995109
490.766547	2752.311149	11.946816	-0.084327	2.994974
490.831037	2752.291629	11.951821	-0.084338	2.994974
490.730843	2751.726429	11.956826	-0.084319	2.994705
490.752630	2751.597096	11.961831	-0.084322	2.994649
490.672061	2751.623922	11.966835	-0.084307	2.994648
490.803903	2750.974772	11.971840	-0.084329	2.994376
490.665698	2750.918982	11.976845	-0.084304	2.994330
490.661303	2750.954833	11.981850	-0.084302	2.994344
490.599665	2750.386120	11.986855	-0.084290	2.994079
490.466953	2750.311838	11.991859	-0.084265	2.994026
490.425446	2750.314679	11.996864	-0.084257	2.994020
490.557241	2750.238914	12.001869	-0.084280	2.994005
490.473275	2750.287732	12.006874	-0.084264	2.994013
490.559814	2749.853972	12.011879	-0.084278	2.993831
490.715621	2749.519172	12.016883	-0.084305	2.993703
490.717067	2749.508573	12.021888	-0.084304	2.993697
490.747943	2749.248990	12.026893	-0.084309	2.993585
490.689744	2748.791282	12.031898	-0.084298	2.993370
490.598142	2748.844004	12.036903	-0.084280	2.993379
490.640945	2748.840661	12.041907	-0.084287	2.993383
490.658882	2748.136058	12.046912	-0.084289	2.993069
490.692445	2748.128104	12.051917	-0.084294	2.993070
490.573292	2748.159293	12.056922	-0.084272	2.993065
490.566473	2747.802984	12.061927	-0.084270	2.992903
490.568664	2747.468070	12.066931	-0.084269	2.992753
490.595969	2747.479560	12.071936	-0.084273	2.992761
490.647924	2747.450251	12.076941	-0.084282	2.992755
490.686183	2747.045067	12.081946	-0.084287	2.992578
490.551969	2746.818371	12.086951	-0.084262	2.992455
490.527484	2746.848300	12.091955	-0.084257	2.992465
490.521049	2746.838215	12.096960	-0.084255	2.992458
490.676824	2746.470866	12.101965	-0.084282	2.992316
490.632103	2746.078457	12.106970	-0.084273	2.992132
490.639164	2746.070187	12.111975	-0.084273	2.992129
490.734995	2745.995147	12.116979	-0.084290	2.992108
490.743295	2745.346850	12.121984	-0.084290	2.991818
490.654750	2745.394392	12.126989	-0.084273	2.991825
490.719688	2745.359420	12.131994	-0.084284	2.991818
490.485210	2744.713964	12.136999	-0.084241	2.991493
490.548591	2744.722604	12.142003	-0.084251	2.991505
490.467182	2744.742076	12.147008	-0.084236	2.991501
490.552190	2744.702582	12.152013	-0.084250	2.991495
490.601836	2744.506513	12.157018	-0.084258	2.991414
490.568633	2744.018690	12.162023	-0.084251	2.991189
490.670941	2744.000607	12.167027	-0.084269	2.991195
490.495693	2744.044725	12.172032	-0.084236	2.991189
490.443231	2744.078299	12.177037	-0.084226	2.991195
490.612445	2743.403627	12.182042	-0.084255	2.990916
490.571526	2743.305522	12.187047	-0.084247	2.990865
490.811308	2743.247725	12.192051	-0.084289	2.990874
490.611103	2743.070726	12.197056	-0.084252	2.990764
490.692927	2742.595167	12.202061	-0.084266	2.990562
490.735146	2742.608680	12.207066	-0.084272	2.990574
490.681733	2742.441739	12.212071	-0.084262	2.990490
490.823491	2741.882555	12.217075	-0.084286	2.990259
490.867746	2741.868990	12.222080	-0.084293	2.990259
490.838160	2741.473967	12.227085	-0.084287	2.990076
490.771575	2741.389212	12.232090	-0.084274	2.990027
490.576565	2741.425265	12.237095	-0.084238	2.990014
490.714631	2740.843757	12.242099	-0.084262	2.989772
490.702739	2740.683340	12.247104	-0.084259	2.989697
490.508762	2740.724617	12.252109	-0.084223	2.989687
490.728503	2740.433729	12.257114	-0.084262	2.989588
490.793316	2739.954914	12.262119	-0.084272	2.989381
490.694082	2740.002502	12.267123	-0.084254	2.989387
490.563292	2739.871545	12.272128	-0.084229	2.989308
490.692073	2739.270992	12.277133	-0.084251	2.989057
490.741194	2739.278742	12.282138	-0.084259	2.989067
490.672372	2739.273249	12.287143	-0.084246	2.989053
490.683590	2738.584375	12.292147	-0.084247	2.988744
490.686325	2738.602540	12.297152	-0.084247	2.988752
490.571722	2738.637829	12.302157	-0.084225	2.988750
490.614088	2738.324177	12.307162	-0.084232	2.988615
490.591742	2737.908249	12.312167	-0.084227	2.988424
490.558561	2737.935467	12.317171	-0.084220	2.988430
490.527529	2737.930728	12.322176	-0.084213	2.988423
490.356952	2738.001819	12.327181	-0.084182	2.988429
490.617989	2737.455068	12.332186	-0.084228	2.988221
490.523085	2737.238766	12.337191	-0.084210	2.988109
490.692106	2737.229920	12.342195	-0.084239	2.988129
490.595106	2737.242750	12.347200	-0.084221	2.988120
490.456063	2736.825071	12.352205	-0.084195	2.987910
490.568836	2736.540376	12.357210	-0.084214	2.987798
490.451012	2736.581593	12.362215	-0.084192	2.987799
490.467830	2736.618719	12.367219	-0.084194	2.987817
490.498908	2736.576860	12.372224	-0.084199	2.987802
490.449855	2736.180957	12.377229	-0.084189	2.987616
490.563762	2735.912573	12.382234	-0.084209	2.987511
490.369035	2735.972882	12.387239	-0.084173	2.987509
490.525283	2735.942544	12.392243	-0.084200	2.987518
490.436536	2735.966546	12.397248	-0.084183	2.987515
490.459277	2735.955899	12.402253	-0.084186	2.987512
490.647425	2735.497156	12.407258	-0.084219	2.987333
490.551956	2735.192271	12.412263	-0.084201	2.987181
490.493200	2735.218888	12.417267	-0.084189	2.987184
490.501781	2735.221236	12.422272	-0.084190	2.987185
490.550188	2734.962665	12.427277	-0.084198	2.987075
490.708603	2734.445755	12.432282	-0.084225	2.986866
490.553745	2734.497099	12.437287	-0.084196	2.986865
490.570228	2734.506560	12.442291	-0.084198	2.986871
490.422408	2734.553502	12.447296	-0.084171	2.986869
490.440050	2733.879674	12.452301	-0.084173	2.986568
490.511420	2733.848145	12.457306	-0.084185	2.986564
490.539385	2733.814264	12.462311	-0.084189	2.986552
490.534812	2733.832743	12.467315	-0.084187	2.986559
490.500066	2733.836182	12.472320	-0.084180	2.986554
490.516358	2733.182992	12.477325	-0.084182	2.986262
490.558885	2733.145702	12.482330	-0.084189	2.986251
490.574023	2733.127846	12.487335	-0.084191	2.986244
490.540369	2733.168398	12.492339	-0.084184	2.986257
490.542085	2732.927369	12.497344	-0.084183	2.986148
490.529585	2732.429457	12.502349	-0.084180	2.985921
490.604480	2732.426601	12.507354	-0.084192	2.985930
490.559891	2732.430512	12.512359	-0.084183	2.985925
490.409411	2732.497767	12.517363	-0.084156	2.985932
490.520589	2731.959827	12.522368	-0.084174	2.985705
490.335983	2731.819101	12.527373	-0.084140	2.985614
490.545622	2731.781545	12.532378	-0.084177	2.985627
490.506686	2731.772495	12.537383	-0.084169	2.985617
490.464593	2731.793623	12.542387	-0.084161	2.985619
490.479634	2731.641909	12.547392	-0.084162	2.985552
490.410277	2731.115669	12.552397	-0.084149	2.985305
490.548584	2731.086357	12.557402	-0.084173	2.985311
490.658871	2731.042001	12.562407	-0.084192	2.985307
490.563844	2731.079882	12.567411	-0.084174	2.985309
490.498597	2730.758342	12.572416	-0.084161	2.985154
490.578894	2730.476243	12.577421	-0.084175	2.985038
490.557627	2730.506461	12.582426	-0.084170	2.985048
490.561263	2730.521533	12.587431	-0.084170	2.985054
490.462726	2730.548087	12.592435	-0.084151	2.985051
490.541855	2729.871045	12.597440	-0.084164	2.984757
490.510221	2729.792323	12.602445	-0.084158	2.984716
490.434249	2729.835022	12.607450	-0.084143	2.984723
490.437660	2729.821732	12.612455	-0.084143	2.984717
490.482948	2729.813365	12.617459	-0.084150	2.984719
490.480867	2729.464832	12.622464	-0.084149	2.984561
490.331498	2729.153082	12.627469	-0.084121	2.984398
490.401455	2729.153918	12.632474	-0.084132	2.984408
490.418532	2729.131964	12.637479	-0.084135	2.984400
490.529887	2729.121234	12.642483	-0.084154	2.984411
490.643500	2729.077860	12.647488	-0.084173	2.984407
490.446400	2728.555114	12.652493	-0.084137	2.984142
490.483460	2728.421177	12.657498	-0.084142	2.984086
490.483481	2728.419409	12.662503	-0.084141	2.984085
490.454940	2728.440924	12.667507	-0.084135	2.984089
490.437965	2728.453079	12.672512	-0.084131	2.984092
490.449440	2728.449616	12.677517	-0.084133	2.984091
490.494110	2727.999770	12.682522	-0.084140	2.983894
490.659106	2727.702333	12.687527	-0.084168	2.983784
490.700506	2727.677911	12.692531	-0.084175	2.983778
490.763139	2727.428787	12.697536	-0.084185	2.983675
490.750213	2726.955699	12.702541	-0.084182	2.983459
490.922836	2726.902573	12.707546	-0.084212	2.983460
490.719113	2726.454297	12.712551	-0.084174	2.983227
490.839061	2726.241078	12.717555	-0.084195	2.983148
490.812374	2726.145527	12.722560	-0.084189	2.983100
490.799009	2725.557619	12.727565	-0.084186	2.982833
490.815030	2725.565133	12.732570	-0.084187	2.982838
490.772494	2725.206595	12.737575	-0.084179	2.982669
490.953906	2724.867103	12.742579	-0.084210	2.982542
490.876398	2724.728038	12.747584	-0.084196	2.982468
490.927119	2724.126054	12.752589	-0.084204	2.982203
490.756699	2724.205438	12.757594	-0.084172	2.982213
490.788989	2723.602654	12.762599	-0.084177	2.981945
490.873654	2723.468348	12.767603	-0.084191	2.981897
490.822337	2723.306828	12.772608	-0.084181	2.981815
490.694107	2722.829111	12.777613	-0.084157	2.981580
490.634986	2722.871099	12.782618	-0.084146	2.981590
490.617851	2722.761372	12.787623	-0.084142	2.981537
490.573094	2722.186904	12.792627	-0.084133	2.981271
490.653992	2722.177171	12.797632	-0.084146	2.981277
490.652925	2722.172301	12.802637	-0.084145	2.981274
490.892224	2721.637197	12.807642	-0.084187	2.981068
490.737190	2721.433744	12.812647	-0.084158	2.980952
490.735677	2721.442876	12.817651	-0.084157	2.980956
490.799778	2720.811148	12.822656	-0.084167	2.980680
490.895656	2720.707815	12.827661	-0.084184	2.980646
490.772584	2720.534721	12.832666	-0.084161	2.980549
490.775224	2720.063237	12.837671	-0.084160	2.980336
490.672940	2720.107685	12.842675	-0.084141	2.980341
490.665249	2719.945032	12.847680	-0.084139	2.980265
490.798337	2719.541359	12.852685	-0.084162	2.980102
490.756165	2719.558361	12.857690	-0.084153	2.980103
490.701670	2719.145957	12.862695	-0.084142	2.979908
490.599720	2718.868327	12.867699	-0.084123	2.979767
490.630132	2718.844076	12.872704	-0.084128	2.979760
490.758883	2718.675219	12.877709	-0.084150	2.979702
490.874467	2718.076609	12.882714	-0.084169	2.979449
490.856383	2718.075974	12.887719	-0.084165	2.979445
490.616770	2717.600131	12.892723	-0.084121	2.979194
490.666638	2717.436552	12.897728	-0.084129	2.979127
490.670826	2717.443107	12.902733	-0.084129	2.979130
490.677031	2717.216408	12.907738	-0.084129	2.979027
490.626492	2716.761329	12.912743	-0.084119	2.978814
490.598466	2716.785433	12.917747	-0.084113	2.978820
490.629326	2716.783188	12.922752	-0.084118	2.978823
490.568893	2716.284344	12.927757	-0.084106	2.978588
490.688303	2716.061860	12.932762	-0.084127	2.978504
490.812946	2715.998218	12.937767	-0.084148	2.978494
490.811046	2715.547936	12.942771	-0.084147	2.978289
490.970331	2715.268713	12.947776	-0.084174	2.978186
490.833227	2715.041624	12.952781	-0.084149	2.978063
490.807573	2714.637995	12.957786	-0.084143	2.977876
490.509992	2714.746894	12.962791	-0.084089	2.977880
490.631420	2714.641413	12.967795	-0.084110	2.977850
490.557945	2714.076474	12.972800	-0.084096	2.977583
490.517402	2714.065961	12.977805	-0.084087	2.977572
490.644128	2714.063211	12.982810	-0.084109	2.977588
490.482036	2714.088657	12.987815	-0.084079	2.977575
490.509835	2713.589285	12.992819	-0.084083	2.977353
490.454389	2713.406588	12.997824	-0.084072	2.977262
490.579086	2713.343623	13.002829	-0.084094	2.977251
490.459989	2713.410922	13.007834	-0.084072	2.977263
490.459727	2713.387120	13.012839	-0.084071	2.977251
490.549696	2712.960670	13.017843	-0.084086	2.977071
490.581194	2712.669058	13.022848	-0.084090	2.976944
490.504372	2712.679518	13.027853	-0.084076	2.976936
490.402899	2712.733391	13.032858	-0.084057	2.976945
490.459345	2712.716470	13.037863	-0.084066	2.976945
490.485397	2712.375483	13.042867	-0.084069	2.976794
490.457324	2712.001194	13.047872	-0.084063	2.976620
490.307728	2712.051583	13.052877	-0.084036	2.976620
490.493157	2712.012149	13.057882	-0.084068	2.976629
490.642373	2711.939017	13.062887	-0.084094	2.976617
490.712580	2711.776456	13.067891	-0.084105	2.976554
490.499502	2711.332549	13.072896	-0.084066	2.976321
490.410679	2711.349050	13.077901	-0.084049	2.976314
490.497104	2711.351279	13.082906	-0.084064	2.976327
490.524540	2711.332174	13.087911	-0.084068	2.976322
490.544982	2711.215790	13.092915	-0.084071	2.976272
490.504682	2710.622936	13.097920	-0.084062	2.975997
490.476675	2710.621441	13.102925	-0.084057	2.975992
490.558067	2710.605964	13.107930	-0.084070	2.975996
490.469536	2710.634820	13.112935	-0.084053	2.975995
490.488369	2710.635151	13.117939	-0.084056	2.975997
490.490680	2709.973665	13.122944	-0.084055	2.975698
490.462101	2709.970287	13.127949	-0.084049	2.975692
490.439426	2709.985703	13.132954	-0.084044	2.975694
490.404484	2709.996871	13.137959	-0.084037	2.975693
490.517164	2709.961383	13.142963	-0.084056	2.975693
490.784463	2709.545047	13.147968	-0.084103	2.975545
490.676963	2709.211659	13.152973	-0.084083	2.975377
490.638021	2709.249728	13.157978	-0.084075	2.975388
490.476934	2709.279032	13.162983	-0.084045	2.975376
490.664045	2708.706691	13.167987	-0.084078	2.975145
490.635549	2708.661810	13.172992	-0.084072	2.975120
490.432913	2708.724883	13.177997	-0.084035	2.975117
490.516808	2708.718943	13.183002	-0.084049	2.975126
490.658209	2708.163806	13.188007	-0.084073	2.974896
490.763086	2707.901398	13.193011	-0.084091	2.974792
490.760273	2707.899196	13.198016	-0.084089	2.974790
490.687385	2707.392051	13.203021	-0.084075	2.974549
490.753504	2707.228168	13.208026	-0.084086	2.974484
490.803560	2707.185012	13.213031	-0.084094	2.974471
490.638627	2706.633678	13.218035	-0.084064	2.974197
490.568542	2706.562466	13.223040	-0.084050	2.974154
490.539192	2706.569718	13.228045	-0.084044	2.974152
490.546248	2706.569097	13.233050	-0.084044	2.974152
490.555268	2706.021898	13.238055	-0.084045	2.973905
490.628539	2705.884014	13.243059	-0.084057	2.973853
490.580252	2705.912722	13.248064	-0.084048	2.973858
490.585123	2705.916968	13.253069	-0.084048	2.973860
490.573871	2705.387572	13.258074	-0.084045	2.973618
490.571384	2705.191801	13.263079	-0.084043	2.973529
490.686439	2705.153444	13.268083	-0.084063	2.973528
490.664343	2705.120302	13.273088	-0.084058	2.973509
490.694666	2704.481899	13.278093	-0.084062	2.973224
490.595217	2704.526811	13.283098	-0.084044	2.973229
490.552134	2704.522021	13.288103	-0.084035	2.973219
490.626513	2704.202795	13.293107	-0.084047	2.973085
490.416265	2703.884320	13.298112	-0.084009	2.972909
490.392552	2703.900767	13.303117	-0.084004	2.972912
490.477957	2703.880489	13.308122	-0.084018	2.972915
490.458240	2703.875583	13.313127	-0.084014	2.972909
490.455043	2703.876276	13.318131	-0.084012	2.972908
490.394108	2703.743373	13.323136	-0.084000	2.972838
490.377291	2703.258827	13.328141	-0.083996	2.972616
490.462997	2703.234994	13.333146	-0.084011	2.972617
490.695033	2703.142112	13.338151	-0.084051	2.972609
490.713240	2703.142643	13.343155	-0.084054	2.972611
490.648006	2702.567760	13.348160	-0.084041	2.972341
490.625722	2702.453893	13.353165	-0.084036	2.972285
490.451926	2702.526124	13.358170	-0.084004	2.972291
490.435412	2702.503589	13.363175	-0.084000	2.972278
490.481043	2702.395611	13.368179	-0.084007	2.972235
490.444196	2701.816266	13.373184	-0.084000	2.971967
490.566709	2701.756793	13.378189	-0.084021	2.971958
490.730993	2701.737388	13.383194	-0.084049	2.971973
490.681619	2701.682895	13.388199	-0.084039	2.971940
490.698574	2701.055454	13.393203	-0.084041	2.971658
490.673935	2701.071516	13.398208	-0.084036	2.971661
490.704451	2701.054169	13.403213	-0.084041	2.971657
490.753615	2700.377484	13.408218	-0.084048	2.971357
490.775728	2700.328392	13.413223	-0.084051	2.971338
490.758606	2700.201125	13.418227	-0.084047	2.971277
490.809469	2699.628895	13.423232	-0.084055	2.971025
490.859061	2699.625268	13.428237	-0.084063	2.971030
490.738166	2699.223032	13.433242	-0.084041	2.970829
490.700615	2698.989331	13.438247	-0.084033	2.970717
490.686726	2698.994939	13.443251	-0.084030	2.970717
490.632067	2698.699946	13.448256	-0.084019	2.970574
490.627530	2698.316629	13.453261	-0.084017	2.970399
490.569515	2698.374775	13.458266	-0.084006	2.970416
490.557190	2698.366753	13.463271	-0.084003	2.970410
490.719000	2697.946444	13.468275	-0.084031	2.970243
490.769351	2697.755528	13.473280	-0.084039	2.970164
490.605552	2697.803072	13.478285	-0.084009	2.970160
490.628704	2697.438265	13.483290	-0.084012	2.969998
490.678259	2697.059234	13.488295	-0.084020	2.969833
490.736737	2697.060944	13.493299	-0.084029	2.969842
490.798699	2696.758566	13.498304	-0.084039	2.969713
490.549248	2696.430755	13.503309	-0.083994	2.969527
490.488926	2696.435836	13.508314	-0.083982	2.969519
490.336547	2696.489964	13.513319	-0.083954	2.969520
490.396213	2696.469199	13.518323	-0.083964	2.969519
490.446003	2696.455837	13.523328	-0.083972	2.969520
490.400871	2696.028118	13.528333	-0.083962	2.969319
490.503904	2695.752235	13.533338	-0.083980	2.969208
490.449966	2695.751070	13.538343	-0.083969	2.969199
490.706853	2695.681004	13.543347	-0.084014	2.969205
490.540099	2695.744024	13.548352	-0.083984	2.969208
490.565835	2695.114948	13.553357	-0.083987	2.968926
490.582950	2695.039257	13.558362	-0.083989	2.968894
490.454699	2695.057823	13.563367	-0.083966	2.968882
490.519318	2695.049907	13.568371	-0.083976	2.968887
490.503487	2694.985794	13.573376	-0.083972	2.968855
490.530891	2694.312095	13.578381	-0.083976	2.968554
490.498021	2694.361915	13.583386	-0.083969	2.968571
490.470329	2694.376915	13.588391	-0.083964	2.968572
490.598970	2694.327146	13.593395	-0.083986	2.968568
490.605642	2693.979703	13.598400	-0.083986	2.968411
490.411604	2693.717233	13.603405	-0.083950	2.968263
490.465206	2693.710883	13.608410	-0.083959	2.968267
490.569443	2693.663661	13.613415	-0.083977	2.968261
490.466967	2693.708894	13.618419	-0.083957	2.968265
490.346172	2693.748455	13.623424	-0.083935	2.968264
490.486977	2693.187065	13.628429	-0.083959	2.968030
490.524014	2692.968264	13.633434	-0.083965	2.967936
490.356425	2693.017777	13.638439	-0.083934	2.967932
490.511465	2692.998589	13.643443	-0.083961	2.967946
490.523617	2693.001110	13.648448	-0.083962	2.967948
490.482813	2692.894932	13.653453	-0.083954	2.967893
490.624764	2692.333224	13.658458	-0.083978	2.967660
490.623706	2692.315286	13.663463	-0.083977	2.967651
490.654207	2692.320017	13.668467	-0.083981	2.967656
490.513395	2691.975230	13.673472	-0.083955	2.967479
490.500839	2691.634961	13.678477	-0.083952	2.967322
490.725220	2691.571469	13.683482	-0.083991	2.967326
490.584276	2691.610802	13.688487	-0.083965	2.967322
490.941761	2691.051714	13.693491	-0.084028	2.967121
490.822360	2690.853660	13.698496	-0.084006	2.967013
490.696964	2690.767212	13.703501	-0.083982	2.966954
490.700861	2690.215448	13.708506	-0.083982	2.966704
490.647312	2690.203150	13.713511	-0.083972	2.966690
490.693094	2690.189726	13.718515	-0.083979	2.966690
490.655198	2689.669060	13.723520	-0.083971	2.966448
490.766639	2689.496765	13.728525	-0.083990	2.966385
490.876683	2689.370424	13.733530	-0.084009	2.966344
490.831195	2688.750327	13.738535	-0.084000	2.966055
490.706535	2688.819440	13.743539	-0.083976	2.966067
490.724884	2688.616599	13.748544	-0.083979	2.965977
490.458793	2688.223192	13.753549	-0.083930	2.965759
490.626919	2688.167939	13.758554	-0.083959	2.965758
490.399950	2688.247446	13.763559	-0.083918	2.965759
490.363624	2688.250141	13.768563	-0.083910	2.965754
490.362097	2688.239952	13.773568	-0.083909	2.965749
490.201674	2688.294701	13.778573	-0.083880	2.965749
490.370510	2688.043508	13.783578	-0.083909	2.965659
490.415317	2687.552881	13.788583	-0.083916	2.965443
490.413095	2687.563595	13.793587	-0.083915	2.965447
490.406151	2687.580004	13.798592	-0.083912	2.965452
490.266443	2687.605858	13.803597	-0.083886	2.965442
490.301657	2687.615908	13.808602	-0.083892	2.965451
490.458292	2687.538957	13.813607	-0.083919	2.965439
490.610953	2687.491571	13.818611	-0.083945	2.965440
490.472874	2686.982213	13.823616	-0.083920	2.965188
490.649195	2686.904954	13.828621	-0.083950	2.965178
490.652742	2686.930295	13.833626	-0.083950	2.965189
490.685405	2686.806835	13.838631	-0.083955	2.965138
490.597312	2686.208671	13.843635	-0.083938	2.964853
490.640850	2686.207008	13.848640	-0.083945	2.964858
490.600771	2686.194415	13.853645	-0.083937	2.964845
490.588978	2685.932047	13.858650	-0.083934	2.964724
490.535765	2685.519443	13.863655	-0.083923	2.964528
490.585111	2685.517235	13.868659	-0.083931	2.964534
490.551348	2685.519090	13.873664	-0.083924	2.964529
490.374292	2685.575216	13.878669	-0.083892	2.964527
490.552252	2685.143367	13.883674	-0.083922	2.964357
490.380762	2684.882887	13.888679	-0.083891	2.964212
490.186609	2684.940539	13.893683	-0.083855	2.964209
490.270296	2684.919396	13.898688	-0.083869	2.964211
490.263991	2684.919748	13.903693	-0.083867	2.964209
490.355464	2684.916004	13.908698	-0.083883	2.964220
490.419715	2684.888202	13.913703	-0.083893	2.964217
490.385478	2684.905368	13.918707	-0.083886	2.964219
490.400985	2684.906083	13.923712	-0.083888	2.964220
490.182485	2684.962144	13.928717	-0.083848	2.964212
490.362546	2684.917396	13.933722	-0.083879	2.964218
490.376844	2684.541084	13.938727	-0.083881	2.964049
490.356387	2684.232071	13.943731	-0.083876	2.963905
490.445796	2684.215920	13.948736	-0.083891	2.963910
490.452050	2684.192148	13.953741	-0.083891	2.963900
490.444337	2684.216382	13.958746	-0.083889	2.963909
490.286226	2684.241458	13.963751	-0.083860	2.963896
490.328054	2684.228647	13.968755	-0.083867	2.963895
490.483159	2684.194902	13.973760	-0.083893	2.963903
490.349928	2683.653257	13.978765	-0.083869	2.963636
490.283195	2683.546202	13.983770	-0.083856	2.963577
490.315734	2683.561253	13.988775	-0.083861	2.963588
490.178610	2683.595921	13.993779	-0.083835	2.963582
490.377037	2683.567125	13.998784	-0.083870	2.963598
490.356983	2683.537595	14.003789	-0.083865	2.963581
490.411975	2683.532825	14.008794	-0.083874	2.963586
490.388623	2683.540882	14.013799	-0.083869	2.963586
490.158848	2683.617898	14.018803	-0.083827	2.963585
490.408734	2683.537653	14.023808	-0.083871	2.963586
490.419547	2683.505489	14.028813	-0.083872	2.963572
490.429380	2683.043289	14.033818	-0.083872	2.963363
490.540841	2682.802949	14.038823	-0.083891	2.963270
490.565254	2682.817930	14.043827	-0.083895	2.963280
490.570504	2682.825478	14.048832	-0.083895	2.963283
490.541444	2682.807883	14.053837	-0.083889	2.963270
490.436856	2682.170147	14.058842	-0.083869	2.962964
490.450988	2682.149284	14.063847	-0.083871	2.962956
490.284070	2682.212402	14.068851	-0.083840	2.962959
490.348818	2682.214728	14.073856	-0.083851	2.962969
490.225916	2682.226798	14.078861	-0.083828	2.962955
490.344849	2682.217397	14.083866	-0.083848	2.962968
490.449002	2682.172955	14.088871	-0.083866	2.962963
490.463076	2682.156931	14.093875	-0.083867	2.962957
490.470503	2681.780297	14.098880	-0.083868	2.962786
490.513073	2681.487057	14.103885	-0.083874	2.962659
490.456609	2681.511576	14.108890	-0.083863	2.962661
490.477895	2681.514507	14.113895	-0.083866	2.962665
490.327825	2681.581003	14.118899	-0.083838	2.962672
490.510054	2681.516242	14.123904	-0.083870	2.962669
490.353872	2681.160723	14.128909	-0.083841	2.962483
490.341020	2680.854184	14.133914	-0.083838	2.962342
490.388448	2680.825752	14.138919	-0.083845	2.962335
490.564079	2680.760417	14.143923	-0.083876	2.962331
490.562827	2680.786634	14.148928	-0.083875	2.962342
490.633140	2680.745813	14.153933	-0.083886	2.962333
490.520367	2680.154363	14.158938	-0.083865	2.962047
490.504402	2680.126255	14.163943	-0.083861	2.962031
490.533983	2680.120934	14.168947	-0.083866	2.962032
490.664164	2680.091281	14.173952	-0.083888	2.962038
490.753252	2679.521203	14.178957	-0.083903	2.961792
490.531132	2679.413341	14.183962	-0.083862	2.961709
490.640511	2679.380243	14.188967	-0.083881	2.961709
490.695244	2679.200753	14.193971	-0.083890	2.961635
490.578418	2678.750480	14.198976	-0.083868	2.961413
490.725917	2678.677245	14.203981	-0.083894	2.961401
490.685549	2678.687495	14.208986	-0.083885	2.961399
490.679545	2678.062989	14.213991	-0.083883	2.961114
490.420255	2678.080998	14.218995	-0.083836	2.961082
490.703584	2677.979335	14.224000	-0.083886	2.961078
490.543258	2678.012764	14.229005	-0.083856	2.961068
490.595997	2677.409483	14.234010	-0.083865	2.960801
490.654877	2677.302967	14.239015	-0.083874	2.960761
490.710962	2677.295065	14.244019	-0.083883	2.960765
490.535675	2677.200676	14.249024	-0.083851	2.960695
490.517081	2676.682293	14.254029	-0.083847	2.960456
490.609324	2676.669304	14.259034	-0.083862	2.960464
490.762975	2676.609168	14.264039	-0.083889	2.960459
490.561310	2676.337119	14.269043	-0.083852	2.960304
490.563547	2676.169571	14.274048	-0.083851	2.960228
490.461614	2676.178876	14.279053	-0.083832	2.960216
490.490116	2676.195918	14.284058	-0.083836	2.960227
490.576877	2676.145535	14.289063	-0.083851	2.960216
490.748852	2675.459634	14.294067	-0.083881	2.959930
490.694199	2675.390025	14.299072	-0.083870	2.959890
490.345904	2675.499431	14.304077	-0.083807	2.959886
490.403714	2675.480637	14.309082	-0.083816	2.959885
490.519423	2675.287254	14.314087	-0.083836	2.959814
490.493107	2674.738577	14.319091	-0.083830	2.959560
490.615157	2674.716402	14.324096	-0.083851	2.959568
490.554745	2674.733981	14.329101	-0.083839	2.959566
490.444540	2674.796921	14.334106	-0.083819	2.959577
490.518659	2674.304441	14.339111	-0.083831	2.959364
490.709726	2674.000880	14.344115	-0.083864	2.959254
490.783243	2673.979637	14.349120	-0.083876	2.959255
490.599510	2673.836569	14.354125	-0.083843	2.959161
490.587823	2673.384927	14.359130	-0.083839	2.958954
490.425389	2673.429400	14.364135	-0.083809	2.958949
490.340885	2673.469394	14.369139	-0.083793	2.958954
490.403878	2673.447507	14.374144	-0.083804	2.958952
490.362966	2673.457260	14.379149	-0.083796	2.958950
490.325238	2673.474897	14.384154	-0.083788	2.958951
490.432307	2673.315357	14.389159	-0.083806	2.958894
490.391350	2672.726332	14.394163	-0.083798	2.958620
490.343515	2672.771375	14.399168	-0.083788	2.958632
490.169306	2672.812189	14.404173	-0.083756	2.958624
490.532777	2672.699783	14.409178	-0.083820	2.958627
490.567009	2672.670916	14.414183	-0.083825	2.958618
490.577988	2672.674494	14.419187	-0.083826	2.958620
490.554704	2672.195843	14.424192	-0.083821	2.958399
490.589045	2671.971724	14.429197	-0.083827	2.958301
490.635839	2671.993692	14.434202	-0.083834	2.958318
490.769192	2671.795230	14.439207	-0.083857	2.958247
490.678579	2671.291502	14.444211	-0.083840	2.958004
490.572645	2671.329656	14.449216	-0.083820	2.958004
490.376089	2671.392997	14.454221	-0.083784	2.958003
490.381430	2671.388130	14.459226	-0.083784	2.958000
490.447514	2671.312296	14.464231	-0.083795	2.957975
490.384787	2670.740978	14.469235	-0.083782	2.957705
490.411959	2670.749502	14.474240	-0.083786	2.957713
490.511663	2670.709962	14.479245	-0.083803	2.957709
490.368480	2670.754950	14.484250	-0.083777	2.957707
490.478743	2670.706417	14.489255	-0.083796	2.957701
490.432729	2670.719926	14.494259	-0.083786	2.957699
490.481177	2670.364743	14.499264	-0.083794	2.957544
490.686004	2669.918638	14.504269	-0.083830	2.957372
490.578088	2669.943708	14.509274	-0.083810	2.957366
490.567061	2669.951820	14.514279	-0.083807	2.957367
490.523251	2669.660886	14.519283	-0.083798	2.957228
490.562228	2669.280720	14.524288	-0.083804	2.957060
490.526863	2669.272155	14.529293	-0.083797	2.957050
490.501216	2669.287855	14.534298	-0.083791	2.957053
490.700858	2669.158887	14.539303	-0.083826	2.957023
490.567216	2668.581697	14.544307	-0.083801	2.956740
490.555954	2668.612558	14.549312	-0.083798	2.956752
490.473766	2668.616751	14.554317	-0.083782	2.956740
490.601765	2668.588451	14.559322	-0.083804	2.956746
490.595525	2668.143627	14.564327	-0.083802	2.956542
490.616444	2667.892486	14.569331	-0.083805	2.956430
490.744874	2667.871596	14.574336	-0.083827	2.956439
490.823957	2667.455579	14.579341	-0.083840	2.956261
490.721050	2667.181581	14.584346	-0.083821	2.956121
490.643405	2667.199388	14.589351	-0.083806	2.956116
490.642698	2666.874396	14.594355	-0.083805	2.955968
490.544442	2666.578288	14.599360	-0.083786	2.955818
490.547973	2666.549987	14.604365	-0.083786	2.955804
490.489761	2666.578531	14.609370	-0.083775	2.955808
490.630916	2666.451775	14.614375	-0.083799	2.955771
490.663774	2665.854060	14.619379	-0.083804	2.955503
490.728618	2665.835673	14.624384	-0.083815	2.955504
490.620773	2665.838764	14.629389	-0.083794	2.955488
490.770588	2665.338332	14.634394	-0.083820	2.955282
490.623919	2665.299351	14.639399	-0.083793	2.955242

490.604327	2664.960798	14.644403	-0.083789	2.955084
490.636610	2664.327709	14.649408	-0.083793	2.954800
490.663560	2663.483636	14.654413	-0.083797	2.954420
490.461714	2662.534253	14.659418	-0.083760	2.953957
490.533418	2661.325608	14.664423	-0.083772	2.953417
490.408435	2659.985426	14.669427	-0.083748	2.952788
490.351002	2658.473634	14.674432	-0.083737	2.952090
490.272668	2656.709922	14.679437	-0.083722	2.951275
490.144077	2654.955142	14.684442	-0.083698	2.950455
490.012984	2652.996787	14.689447	-0.083673	2.949543
490.075372	2650.722807	14.694451	-0.083683	2.948515
489.868346	2648.332115	14.699456	-0.083645	2.947394
489.813373	2645.759156	14.704461	-0.083634	2.946211
489.868206	2643.021496	14.709466	-0.083642	2.944970
489.766258	2640.051781	14.714471	-0.083623	2.943599
489.570754	2636.938841	14.719475	-0.083586	2.942147
489.345872	2633.803771	14.724480	-0.083545	2.940680
489.194014	2630.504051	14.729485	-0.083516	2.939148
489.068995	2626.995844	14.734490	-0.083492	2.937524
489.058494	2623.290600	14.739495	-0.083489	2.935826
488.955924	2619.458574	14.744499	-0.083469	2.934055
488.941969	2615.390295	14.749504	-0.083466	2.932189
488.628634	2611.325425	14.754509	-0.083408	2.930277
488.530770	2607.001178	14.759514	-0.083389	2.928277
488.379889	2602.578586	14.764519	-0.083361	2.926223
488.401018	2597.937512	14.769523	-0.083363	2.924094
488.179633	2593.156513	14.774528	-0.083322	2.921861
488.306253	2588.165028	14.779533	-0.083343	2.919584
488.268866	2582.904640	14.784538	-0.083335	2.917155
488.148679	2577.596339	14.789543	-0.083311	2.914689
487.747167	2572.165812	14.794547	-0.083238	2.912122
487.735960	2566.666228	14.799552	-0.083234	2.909581
487.430326	2560.946183	14.804557	-0.083178	2.906890
487.230208	2555.230803	14.809562	-0.083141	2.904215
487.032010	2549.304450	14.814567	-0.083103	2.901440
486.816900	2543.310742	14.819571	-0.083063	2.898629
486.569119	2537.249131	14.824576	-0.083017	2.895778
486.234037	2531.101855	14.829581	-0.082956	2.892871
485.965764	2524.827167	14.834586	-0.082906	2.889913
485.778894	2518.455371	14.839591	-0.082871	2.886918
485.524398	2511.974933	14.844595	-0.082824	2.883860
485.380538	2505.390186	14.849600	-0.082796	2.880766
485.020057	2498.720082	14.854605	-0.082730	2.877596
485.110403	2491.834284	14.859610	-0.082744	2.874392
485.045394	2484.784767	14.864615	-0.082731	2.871083
484.826906	2477.618386	14.869619	-0.082690	2.867692
484.532985	2470.395479	14.874624	-0.082635	2.864258
484.140919	2463.156608	14.879629	-0.082563	2.860797
483.915589	2455.792409	14.884634	-0.082521	2.857299
483.784859	2448.290884	14.889639	-0.082496	2.853747
483.486072	2440.736836	14.894643	-0.082441	2.850139
483.105352	2433.140821	14.899648	-0.082371	2.846494
482.862591	2425.399390	14.904653	-0.082325	2.842797
482.612296	2417.631188	14.909658	-0.082279	2.839082
482.325219	2409.784987	14.914663	-0.082225	2.835319
482.107318	2401.819530	14.919667	-0.082185	2.831505
481.942136	2393.754563	14.924672	-0.082153	2.827647
481.658996	2385.582505	14.929677	-0.082100	2.823714
481.389464	2377.367035	14.934682	-0.082050	2.819757
481.120953	2369.057017	14.939687	-0.082000	2.815749
480.851755	2360.637808	14.944691	-0.081950	2.811683
480.383904	2352.287854	14.949696	-0.081864	2.807612
480.063056	2343.801621	14.954701	-0.081805	2.803494
479.662620	2335.354477	14.959706	-0.081731	2.799376
479.358176	2326.805742	14.964711	-0.081675	2.795218
478.943823	2318.296939	14.969715	-0.081599	2.791055
478.879936	2309.566925	14.974720	-0.081585	2.786836
478.287134	2300.931717	14.979725	-0.081477	2.782570
478.271919	2292.080944	14.984730	-0.081473	2.778289
477.890292	2283.211304	14.989735	-0.081402	2.773931
477.680857	2274.251648	14.994739	-0.081363	2.769550
477.363317	2265.209605	14.999744	-0.081304	2.765105
476.962473	2256.175542	15.004749	-0.081230	2.760643
476.636885	2247.100708	15.009754	-0.081170	2.756166
476.156441	2238.043309	15.014759	-0.081082	2.751664
475.860943	2228.906753	15.019763	-0.081027	2.747148
475.629522	2219.689074	15.024768	-0.080983	2.742594
475.289086	2210.401482	15.029773	-0.080920	2.737980
474.927070	2201.093464	15.034778	-0.080853	2.733345
474.632559	2191.636513	15.039783	-0.080799	2.728640
474.328062	2182.190103	15.044787	-0.080742	2.723930
474.165967	2172.636343	15.049792	-0.080711	2.719183
473.664575	2163.124461	15.054797	-0.080619	2.714391
473.345581	2153.587395	15.059802	-0.080560	2.709609
472.939983	2143.983554	15.064807	-0.080485	2.704770
472.491725	2134.403216	15.069811	-0.080403	2.699927
472.156936	2124.799612	15.074816	-0.080341	2.695083
471.941455	2115.090693	15.079821	-0.080300	2.690198
471.625624	2105.281419	15.084826	-0.080242	2.685236
471.156920	2095.578806	15.089831	-0.080156	2.680292
470.880450	2085.706489	15.094835	-0.080104	2.675287
470.581570	2075.870601	15.099840	-0.080048	2.670288
470.189753	2065.977250	15.104845	-0.079976	2.665233
470.040421	2055.952529	15.109850	-0.079947	2.660145
469.752641	2045.878515	15.114855	-0.079893	2.654998
469.281839	2035.823112	15.119859	-0.079807	2.649818
468.991166	2025.674819	15.124864	-0.079753	2.644612
468.491061	2015.608724	15.129869	-0.079661	2.639400
468.266411	2005.443336	15.134874	-0.079619	2.634177
467.820991	1995.274590	15.139879	-0.079537	2.628902
467.469298	1985.046979	15.144883	-0.079472	2.623603
467.115976	1974.848904	15.149888	-0.079406	2.618308
466.532465	1964.704632	15.154893	-0.079300	2.612988
466.092277	1954.541782	15.159898	-0.079219	2.607674
465.797754	1944.322812	15.164903	-0.079164	2.602346
465.376705	1934.084197	15.169907	-0.079086	2.596974
465.188447	1923.772488	15.174912	-0.079050	2.591595
464.707139	1913.458018	15.179917	-0.078962	2.586150
464.225326	1903.202275	15.184922	-0.078874	2.580724
463.794043	1892.937249	15.189927	-0.078794	2.575291
463.399135	1882.513698	15.194931	-0.078721	2.569770
463.173377	1872.098739	15.199936	-0.078679	2.564272
462.794882	1861.676724	15.204941	-0.078609	2.558731
462.300208	1851.331229	15.209946	-0.078518	2.553196
461.822439	1841.024129	15.214951	-0.078431	2.547673
461.449889	1830.599717	15.219955	-0.078362	2.542095
461.236260	1820.153092	15.224960	-0.078321	2.536523
460.738076	1809.757761	15.229965	-0.078230	2.530912
460.539655	1799.202619	15.234970	-0.078192	2.525260
460.122131	1788.718966	15.239975	-0.078115	2.519592
459.757106	1778.139653	15.244979	-0.078048	2.513870
459.184218	1767.737388	15.249984	-0.077943	2.508190
458.623760	1757.341076	15.254989	-0.077840	2.502503
458.275198	1746.847020	15.259994	-0.077776	2.496790
457.893009	1736.404625	15.264999	-0.077705	2.491086
457.400435	1725.940559	15.270003	-0.077615	2.485335
457.059846	1715.469992	15.275008	-0.077552	2.479597
456.594282	1705.021547	15.280013	-0.077466	2.473833
456.198172	1694.561395	15.285018	-0.077393	2.468063
455.904002	1684.034314	15.290023	-0.077338	2.462262
455.562759	1673.485247	15.295027	-0.077275	2.456427
454.937871	1663.088603	15.300032	-0.077161	2.450605
454.503416	1652.603248	15.305037	-0.077081	2.444759
454.044768	1642.167996	15.310042	-0.076997	2.438920
453.757163	1631.688120	15.315047	-0.076943	2.433077
453.206879	1621.246779	15.320051	-0.076842	2.427189
452.919099	1610.783733	15.325056	-0.076788	2.421327
452.398941	1600.306772	15.330061	-0.076693	2.415396
452.051747	1589.767362	15.335066	-0.076629	2.409450
451.838538	1579.188705	15.340071	-0.076588	2.403494
451.274254	1568.686625	15.345075	-0.076485	2.397496
450.783025	1558.288152	15.350080	-0.076395	2.391556
450.301019	1547.840880	15.355085	-0.076307	2.385575
449.893135	1537.374291	15.360090	-0.076231	2.379583
449.583408	1526.907685	15.365095	-0.076174	2.373595
449.035856	1516.458136	15.370099	-0.076074	2.367554
448.599155	1506.065001	15.375104	-0.075993	2.361552
448.114357	1495.671867	15.380109	-0.075904	2.355524
447.766979	1485.239960	15.385114	-0.075840	2.349487
447.464175	1474.777683	15.390119	-0.075783	2.343426
446.932336	1464.356423	15.395123	-0.075686	2.337326
446.570039	1453.968583	15.400128	-0.075619	2.331264
446.001126	1443.576148	15.405133	-0.075515	2.325140
445.460450	1433.236143	15.410138	-0.075416	2.319036
445.042927	1422.945950	15.415143	-0.075339	2.312971
444.637630	1412.600466	15.420147	-0.075264	2.306860
444.274323	1402.254956	15.425152	-0.075197	2.300741
443.755426	1391.963920	15.430157	-0.075102	2.294605
443.377455	1381.649062	15.435162	-0.075032	2.288469
443.043347	1371.306247	15.440167	-0.074970	2.282308
442.455074	1361.032436	15.445171	-0.074863	2.276118
441.907150	1350.841261	15.450176	-0.074763	2.269967
441.330454	1340.699427	15.455181	-0.074657	2.263823
441.014065	1330.479608	15.460186	-0.074598	2.257672
440.558365	1320.274700	15.465191	-0.074515	2.251483
440.081816	1310.094093	15.470195	-0.074427	2.245287
439.629711	1299.971300	15.475200	-0.074344	2.239113
439.231149	1289.820255	15.480205	-0.074271	2.232917
438.759278	1279.695467	15.485210	-0.074184	2.226703
438.345297	1269.564332	15.490215	-0.074108	2.220481
437.826342	1259.512049	15.495219	-0.074013	2.214266
437.430141	1249.415987	15.500224	-0.073940	2.208034
436.939240	1239.366734	15.505229	-0.073850	2.201791
436.564690	1229.307204	15.510234	-0.073780	2.195550
436.141425	1219.273548	15.515239	-0.073703	2.189296
435.832430	1209.163255	15.520243	-0.073645	2.183003
435.454876	1199.071304	15.525248	-0.073575	2.176688
434.855285	1189.072205	15.530253	-0.073466	2.170361
434.453359	1179.014322	15.535258	-0.073392	2.164023
434.127443	1168.966845	15.540263	-0.073331	2.157691
433.509632	1159.016115	15.545267	-0.073219	2.151334
432.920959	1149.157428	15.550272	-0.073111	2.145022
432.352564	1139.310260	15.555277	-0.073007	2.138703
431.875530	1129.510622	15.560282	-0.072920	2.132417
431.507416	1119.644238	15.565287	-0.072852	2.126095
430.943582	1109.862892	15.570291	-0.072749	2.119762
430.469133	1100.149760	15.575296	-0.072662	2.113474
430.003342	1090.414641	15.580301	-0.072576	2.107156
429.511875	1080.707439	15.585306	-0.072486	2.100830
428.989747	1071.019669	15.590311	-0.072391	2.094490
428.433251	1061.389013	15.595315	-0.072289	2.088160
427.867711	1051.864677	15.600320	-0.072186	2.081876
427.325908	1042.357066	15.605325	-0.072087	2.075590
426.787154	1032.893543	15.610330	-0.071988	2.069314
426.323037	1023.454853	15.615335	-0.071903	2.063053
425.916400	1013.973138	15.620339	-0.071828	2.056759
425.469499	1004.557636	15.625344	-0.071746	2.050478
425.112829	995.089778	15.630349	-0.071680	2.044166
424.590796	985.696343	15.635354	-0.071585	2.037843
424.195924	976.310093	15.640359	-0.071512	2.031536
423.581718	966.975736	15.645363	-0.071400	2.025190
423.001402	957.760129	15.650368	-0.071294	2.018911
422.515421	948.510469	15.655373	-0.071205	2.012613
422.076675	939.248004	15.660378	-0.071124	2.006298
421.458975	930.112938	15.665383	-0.071012	2.000004
421.053015	920.948473	15.670387	-0.070937	1.993724
420.560375	911.825572	15.675392	-0.070847	1.987429
419.857335	902.843539	15.680397	-0.070719	1.981157
419.412505	893.819967	15.685402	-0.070637	1.974902
418.867702	884.858019	15.690407	-0.070538	1.968644
418.191905	875.986483	15.695411	-0.070415	1.962394
417.703949	867.145171	15.700416	-0.070326	1.956193
417.171098	858.324353	15.705421	-0.070228	1.949975
416.519773	849.627613	15.710426	-0.070110	1.943792
416.007424	840.966305	15.715431	-0.070016	1.937650
415.404424	832.332316	15.720435	-0.069906	1.931483
414.814502	823.752286	15.725440	-0.069798	1.925338
414.288756	815.221407	15.730445	-0.069702	1.919224
413.677707	806.751463	15.735450	-0.069591	1.913111
413.104950	798.305529	15.740455	-0.069487	1.907005
412.734663	789.828980	15.745459	-0.069418	1.900912
412.126539	781.503096	15.750464	-0.069308	1.894842
411.488665	773.183183	15.755469	-0.069192	1.888749
410.919989	764.904978	15.760474	-0.069088	1.882684
410.334013	756.725253	15.765479	-0.068981	1.876666
409.624331	748.623673	15.770483	-0.068852	1.870651
409.238754	740.487887	15.775488	-0.068781	1.864680
408.715580	732.373593	15.780493	-0.068686	1.858667
408.035888	724.391678	15.785498	-0.068562	1.852688
407.525331	716.403262	15.790503	-0.068469	1.846732
407.079865	708.404403	15.795507	-0.068387	1.840766
406.413803	700.584338	15.800512	-0.068266	1.834851
405.627895	692.819567	15.805517	-0.068124	1.828924
405.183739	685.013449	15.810522	-0.068042	1.823042
404.563321	677.347184	15.815527	-0.067929	1.817195
403.883107	669.721445	15.820531	-0.067806	1.811343
403.242751	662.181212	15.825536	-0.067689	1.805546
402.800234	654.605063	15.830541	-0.067608	1.799760
402.286112	647.074269	15.835546	-0.067515	1.793969
401.582801	639.647909	15.840551	-0.067387	1.788183
400.844529	632.347768	15.845555	-0.067253	1.782463
400.353207	624.964070	15.850560	-0.067163	1.776733
399.755837	617.676072	15.855565	-0.067054	1.771027
399.337610	610.377232	15.860570	-0.066978	1.765345
398.695664	603.199330	15.865575	-0.066861	1.759672
397.979420	596.097238	15.870579	-0.066731	1.754018
397.513311	588.960284	15.875584	-0.066646	1.748391
396.775276	581.983616	15.880589	-0.066512	1.742790
396.167502	575.028529	15.885594	-0.066402	1.737226
395.710330	568.055019	15.890599	-0.066318	1.731674
395.134835	561.143528	15.895603	-0.066213	1.726117
394.513097	554.310913	15.900608	-0.066100	1.720590
393.876782	547.541547	15.905613	-0.065985	1.715091
393.509960	540.697366	15.910618	-0.065917	1.709595
393.113852	533.856910	15.915623	-0.065845	1.704077
392.522358	527.093101	15.920627	-0.065737	1.698541
392.081918	520.328751	15.925632	-0.065656	1.693033
391.570769	513.574844	15.930637	-0.065563	1.687493
390.874594	506.978327	15.935642	-0.065437	1.682005
390.192822	500.448817	15.940647	-0.065313	1.676556
389.466671	493.983568	15.945651	-0.065181	1.671128
389.013312	487.484040	15.950656	-0.065099	1.665738
388.548331	480.993557	15.955661	-0.065014	1.660335
387.966605	474.571445	15.960666	-0.064908	1.654933
387.223271	468.270335	15.965671	-0.064773	1.649562
386.529241	462.036144	15.970675	-0.064647	1.644243
385.831642	455.876769	15.975680	-0.064521	1.638967
385.321370	449.700879	15.980685	-0.064428	1.633719
384.889611	443.504816	15.985690	-0.064349	1.628463
384.219016	437.446136	15.990695	-0.064227	1.623228
383.597810	431.372869	15.995699	-0.064114	1.617979
382.978020	425.378933	16.000704	-0.064002	1.612779
382.383594	419.415781	16.005709	-0.063894	1.607596
381.930418	413.433151	16.010714	-0.063811	1.602426
381.482068	407.489918	16.015719	-0.063729	1.597274
380.900935	401.582873	16.020723	-0.063624	1.592093
380.377168	395.717735	16.025728	-0.063528	1.586948
379.546139	390.012440	16.030733	-0.063378	1.581822
378.853254	384.363054	16.035738	-0.063252	1.576773
378.609454	378.533272	16.040743	-0.063207	1.571701
378.195484	372.748663	16.045747	-0.063131	1.566595
377.601075	367.072813	16.050752	-0.063023	1.561506
376.763292	361.551220	16.055757	-0.062872	1.556452
376.117420	356.008905	16.060762	-0.062755	1.551428
375.639630	350.484236	16.065767	-0.062668	1.546459
375.330358	344.859567	16.070771	-0.062611	1.541444
374.885750	339.295023	16.075776	-0.062529	1.536420
374.095065	333.876841	16.080781	-0.062386	1.531389
373.403191	328.536086	16.085786	-0.062261	1.526444
372.990095	323.099248	16.090791	-0.062185	1.521493
372.365774	317.776149	16.095795	-0.062072	1.516555
371.875283	312.438311	16.100800	-0.061983	1.511633
371.091546	307.260125	16.105805	-0.061841	1.506736
370.548103	302.041455	16.110810	-0.061742	1.501870
369.847821	296.948737	16.115815	-0.061615	1.497047
369.367311	291.765452	16.120819	-0.061528	1.492203
368.658028	286.755781	16.125824	-0.061399	1.487420
368.122214	281.701334	16.130829	-0.061302	1.482643
367.622423	276.679226	16.135834	-0.061211	1.477892
367.248515	271.583229	16.140839	-0.061142	1.473102
366.525314	266.668641	16.145843	-0.061012	1.468339
365.895995	261.786063	16.150848	-0.060897	1.463623
365.225994	256.904379	16.155853	-0.060776	1.458878
364.622459	252.072461	16.160858	-0.060667	1.454188
364.044655	247.291645	16.165863	-0.060562	1.449539
363.428834	242.562566	16.170867	-0.060450	1.444909
362.856720	237.871533	16.175872	-0.060346	1.440316
362.182623	233.231890	16.180877	-0.060224	1.435719
361.730227	228.549963	16.185882	-0.060141	1.431149
361.038512	223.994675	16.190887	-0.060016	1.426595
360.537282	219.393445	16.195891	-0.059925	1.422054
359.875095	214.917406	16.200896	-0.059805	1.417557
359.183473	210.462448	16.205901	-0.059680	1.413055
358.507714	206.093803	16.210906	-0.059558	1.408627
357.873494	201.745904	16.215911	-0.059443	1.404220
357.324998	197.398016	16.220915	-0.059343	1.399832
356.756984	193.082344	16.225920	-0.059240	1.395453
356.092601	188.861543	16.230925	-0.059120	1.391116
355.608922	184.581918	16.235930	-0.059032	1.386777
354.772131	180.486676	16.240935	-0.058880	1.382469
354.330387	176.284624	16.245939	-0.058800	1.378194
353.574976	172.239512	16.250944	-0.058663	1.373939
352.891960	168.228012	16.255949	-0.058540	1.369732
352.260842	164.240129	16.260954	-0.058425	1.365556
351.449072	160.390614	16.265959	-0.058279	1.361433
350.813864	156.519420	16.270963	-0.058164	1.357345
350.250249	152.658856	16.275968	-0.058061	1.353282
349.695114	148.835279	16.280973	-0.057961	1.349248
348.956058	145.109387	16.285978	-0.057827	1.345227
347.971857	141.574378	16.290983	-0.057650	1.341289
347.498051	137.875223	16.295987	-0.057563	1.337376
346.624228	134.371481	16.300992	-0.057406	1.333490
345.675303	131.039336	16.305997	-0.057235	1.329737
345.254167	127.508017	16.311002	-0.057158	1.325981
344.386474	124.205501	16.316007	-0.057001	1.322269
343.893916	120.807475	16.321011	-0.056912	1.318599
343.066086	117.583181	16.326016	-0.056762	1.314962
342.130686	114.484112	16.331021	-0.056594	1.311400
341.620390	111.263814	16.336026	-0.056501	1.307876
340.335603	108.440788	16.341031	-0.056270	1.304438
339.957290	105.314579	16.346035	-0.056201	1.301046
339.092196	102.390089	16.351040	-0.056045	1.297655
337.858018	99.756710	16.356045	-0.055823	1.294408
337.408836	96.909838	16.361050	-0.055741	1.291251
336.505077	94.259839	16.366055	-0.055578	1.288106
335.862650	91.587201	16.371059	-0.055462	1.285037
335.464997	88.823969	16.376064	-0.055390	1.281967
334.468415	86.343717	16.381069	-0.055210	1.278939
334.092008	83.650020	16.386074	-0.055142	1.275936
332.588715	81.485441	16.391079	-0.054871	1.273017
332.101208	79.052217	16.396083	-0.054783	1.270230
331.745637	76.546738	16.401088	-0.054718	1.267416
331.072341	74.152218	16.406093	-0.054596	1.264580
330.467398	71.799164	16.411098	-0.054487	1.261810
329.650606	69.555459	16.416103	-0.054340	1.259062
329.177154	67.219424	16.421107	-0.054254	1.256355
328.156320	65.108421	16.426112	-0.054070	1.253651
327.328848	63.086185	16.431117	-0.053921	1.251119
327.145156	60.743080	16.436122	-0.053887	1.248510
326.789997	58.504523	16.441127	-0.053822	1.245935
326.361468	56.223897	16.446131	-0.053744	1.243277
325.261154	54.269180	16.451136	-0.053546	1.240681
323.834126	52.608005	16.456141	-0.053289	1.238257
323.780439	50.457787	16.461146	-0.053279	1.235887
323.657099	48.250955	16.466151	-0.053255	1.233420
323.295612	46.132881	16.471155	-0.053190	1.230943
322.404785	44.173196	16.476160	-0.053029	1.228405
321.054966	42.601570	16.481165	-0.052786	1.226089
320.723534	40.628496	16.486170	-0.052726	1.223769
320.421885	38.680751	16.491175	-0.052671	1.221486
320.003154	36.698509	16.496179	-0.052595	1.219109
319.246766	34.868505	16.501184	-0.052458	1.216749
317.824247	33.425624	16.506189	-0.052203	1.214521
317.515882	31.647715	16.511194	-0.052146	1.212407
317.039922	29.895264	16.516199	-0.052060	1.210243
316.345963	28.234710	16.521203	-0.051935	1.208081
315.459615	26.731910	16.526208	-0.051775	1.206007
314.304716	25.398340	16.531213	-0.051567	1.204001
313.582014	24.015965	16.536218	-0.051437	1.202127
312.351916	22.916047	16.541223	-0.051216	1.200343
311.806512	21.590093	16.546227	-0.051117	1.198606
310.835052	20.498909	16.551232	-0.050942	1.196942
309.834927	19.496186	16.556237	-0.050762	1.195362
308.917866	18.516382	16.561242	-0.050597	1.193843
307.983463	17.693465	16.566247	-0.050429	1.192492
307.016804	16.910543	16.571251	-0.050255	1.191170
306.134051	16.191150	16.576256	-0.050096	1.189957
305.655232	15.329675	16.581261	-0.050009	1.188762
304.821657	14.663877	16.586266	-0.049859	1.187628
304.331886	13.907787	16.591271	-0.049770	1.186546
303.497026	13.246621	16.596275	-0.049620	1.185415
302.509894	12.768864	16.601280	-0.049443	1.184424
302.210092	12.040508	16.606285	-0.049388	1.183456
301.247011	11.598431	16.611290	-0.049215	1.182514
300.760743	11.056635	16.616295	-0.049127	1.181674
300.330957	10.416630	16.621299	-0.049049	1.180746
299.848754	9.832474	16.626304	-0.048961	1.179857
299.417499	9.187517	16.631309	-0.048883	1.178921
298.660349	8.678481	16.636314	-0.048747	1.177992
298.272081	8.128096	16.641319	-0.048676	1.177183
297.915873	7.465542	16.646323	-0.048612	1.176259
297.465438	6.838897	16.651328	-0.048530	1.175332
296.682909	6.361211	16.656333	-0.048389	1.174425
295.799490	5.970582	16.661338	-0.048230	1.173571
295.200581	5.554873	16.666343	-0.048122	1.172818
294.720555	5.132649	16.671347	-0.048035	1.172110
294.315581	4.607958	16.676352	-0.047962	1.171319
294.013166	4.029129	16.681357	-0.047906	1.170511
293.471138	3.527280	16.686362	-0.047809	1.169682
292.790209	3.117249	16.691367	-0.047686	1.168895
292.149794	2.672680	16.696371	-0.047570	1.168086
291.533503	2.352949	16.701376	-0.047459	1.167431
291.180539	1.848938	16.706381	-0.047395	1.166684
290.364394	1.523402	16.711386	-0.047248	1.165931
289.543265	1.306710	16.716391	-0.047100	1.165301
288.730436	1.112359	16.721395	-0.046954	1.164700
288.135373	0.889509	16.726400	-0.046846	1.164166
287.749432	0.558491	16.731405	-0.046776	1.163602
287.016894	0.374688	16.736410	-0.046644	1.163050
286.263675	0.325988	16.741415	-0.046508	1.162644
285.593802	0.208602	16.746419	-0.046388	1.162197
285.145573	0.013177	16.751424	-0.046307	1.161761
285.004963	-0.289328	16.756429	-0.046280	1.161342
284.674914	-0.654199	16.761434	-0.046220	1.160764
283.848586	-0.746762	16.766439	-0.046072	1.160273
283.325073	-0.919684	16.771443	-0.045977	1.159828
282.506863	-0.963499	16.776448	-0.045830	1.159397
282.080722	-1.142603	16.781453	-0.045752	1.158989
281.664492	-1.342177	16.786458	-0.045677	1.158562
280.926589	-1.359606	16.791463	-0.045544	1.158198
280.410215	-1.486782	16.796467	-0.045451	1.157809
279.723264	-1.473538	16.801472	-0.045327	1.157504
279.179443	-1.535454	16.806477	-0.045229	1.157178
278.850308	-1.707220	16.811482	-0.045169	1.156823
278.127869	-1.673453	16.816487	-0.045039	1.156526
277.406911	-1.631110	16.821491	-0.044909	1.156239
274.650037	-0.746414	16.826496	-0.044415	1.155994
273.815488	0.017806	16.831501	-0.044265	1.156498
275.351320	-0.696303	16.836506	-0.044538	1.156373
273.894349	-0.188021	16.841511	-0.044277	1.156290
274.375583	-0.341983	16.846515	-0.044362	1.156330
274.549395	-0.593408	16.851520	-0.044392	1.156114
272.568953	0.061277	16.856525	-0.044037	1.155960
273.468750	-0.334437	16.861530	-0.044197	1.155912
271.869148	0.081357	16.866535	-0.043910	1.155655
272.592367	-0.229690	16.871539	-0.044038	1.155624
271.869130	-0.183602	16.876544	-0.043908	1.155340
270.795602	0.104015	16.881549	-0.043715	1.155177
270.944067	-0.064427	16.886554	-0.043741	1.155046
269.394823	0.276309	16.891559	-0.043463	1.154724
269.769976	0.125822	16.896563	-0.043529	1.154720
270.022624	-0.179653	16.901568	-0.043573	1.154477
268.524851	0.112638	16.906573	-0.043304	1.154122
268.430793	0.089486	16.911578	-0.043286	1.154049
267.169587	0.369017	16.916583	-0.043060	1.153788
267.340968	0.279484	16.921587	-0.043090	1.153761
266.677551	0.287520	16.926592	-0.042970	1.153460
266.474966	0.257309	16.931597	-0.042933	1.153328
266.563881	-0.026383	16.936602	-0.042948	1.153035
265.294775	0.301399	16.941607	-0.042720	1.152827
264.484198	0.435243	16.946611	-0.042574	1.152605
264.860625	0.140824	16.951616	-0.042640	1.152432
263.809332	0.430122	16.956621	-0.042451	1.152280
263.666045	0.213281	16.961626	-0.042425	1.151957
262.876998	0.302497	16.966631	-0.042283	1.151693
262.770052	0.247875	16.971635	-0.042263	1.151576
262.165374	0.224262	16.976640	-0.042153	1.151265
260.840306	0.531279	16.981645	-0.041916	1.151007
261.718344	0.059050	16.986650	-0.042072	1.150858
260.556050	0.292201	16.991655	-0.041863	1.150589
259.945583	0.359314	16.996659	-0.041753	1.150381
260.407936	-0.127533	17.001664	-0.041834	1.150022
258.521964	0.400773	17.006669	-0.041496	1.149762
258.548990	0.286121	17.011674	-0.041500	1.149637
257.950059	0.368016	17.016679	-0.041392	1.149452
257.576340	0.280281	17.021683	-0.041324	1.149172
257.662776	0.053070	17.026688	-0.041339	1.148943
256.382626	0.421570	17.031693	-0.041109	1.148777
256.290051	0.227581	17.036698	-0.041091	1.148503
255.694621	0.215680	17.041703	-0.040984	1.148209
255.329463	0.188417	17.046707	-0.040918	1.148004
255.036803	0.123631	17.051712	-0.040864	1.147789
253.747066	0.515070	17.056717	-0.040633	1.147646
253.823520	0.212569	17.061722	-0.040645	1.147323
253.277231	0.228510	17.066727	-0.040547	1.147084
252.881789	0.247489	17.071731	-0.040475	1.146919
252.319515	0.196341	17.076736	-0.040373	1.146594
251.007942	0.524902	17.081741	-0.040138	1.146366
251.501039	0.249367	17.086746	-0.040225	1.146269
250.584274	0.424247	17.091751	-0.040060	1.146044
249.931947	0.442519	17.096755	-0.039943	1.145758
250.331078	0.140168	17.101760	-0.040013	1.145586
249.203202	0.400535	17.106765	-0.039810	1.145363
248.642945	0.428027	17.111770	-0.039709	1.145131
248.417058	0.286890	17.116775	-0.039668	1.144856
248.018051	0.295360	17.121779	-0.039596	1.144677
247.697966	0.146534	17.126784	-0.039537	1.144349
246.674466	0.382938	17.131789	-0.039353	1.144146
246.184458	0.334722	17.136794	-0.039265	1.143857
246.012038	0.214598	17.141799	-0.039233	1.143632
245.389300	0.341081	17.146803	-0.039121	1.143487
245.067381	0.242345	17.151808	-0.039062	1.143217
244.435798	0.248506	17.156813	-0.038948	1.142926
243.913676	0.270714	17.161818	-0.038854	1.142705
243.349508	0.353968	17.166823	-0.038752	1.142536
242.683753	0.429381	17.171827	-0.038632	1.142311
242.878719	0.125601	17.176832	-0.038666	1.142040
241.779917	0.295700	17.181837	-0.038468	1.141723
241.951663	0.074079	17.186842	-0.038498	1.141539
240.974928	0.207501	17.191847	-0.038323	1.141236
239.444713	0.648313	17.196851	-0.038048	1.141037
240.369243	0.171139	17.201856	-0.038212	1.140904
239.775793	0.213707	17.206861	-0.038105	1.140673
238.998404	0.301416	17.211866	-0.037965	1.140409
238.851407	0.067495	17.216871	-0.037938	1.140060
237.326553	0.445528	17.221875	-0.037664	1.139789
237.464419	0.402642	17.226880	-0.037688	1.139800
236.720366	0.445551	17.231885	-0.037554	1.139499
237.223266	0.111521	17.236890	-0.037643	1.139337
236.422605	0.140498	17.241895	-0.037499	1.138992
235.311865	0.361976	17.246899	-0.037299	1.138729
234.875431	0.376868	17.251904	-0.037220	1.138539
234.534013	0.302583	17.256909	-0.037158	1.138287
234.290685	0.245157	17.261914	-0.037114	1.138102
233.554134	0.379775	17.266919	-0.036981	1.137913
233.028388	0.380241	17.271923	-0.036886	1.137663
233.105618	0.136468	17.276928	-0.036899	1.137407
231.932172	0.390533	17.281933	-0.036688	1.137153
231.591885	0.393330	17.286938	-0.036626	1.136994
231.327853	0.252575	17.291943	-0.036578	1.136699
230.302045	0.397856	17.296947	-0.036394	1.136386
230.623699	0.175371	17.301952	-0.036450	1.136270
229.501008	0.429884	17.306957	-0.036248	1.136041
229.287072	0.275776	17.311962	-0.036209	1.135754
229.019170	0.152249	17.316967	-0.036160	1.135478
228.268905	0.265540	17.321971	-0.036025	1.135256
227.778642	0.250249	17.326976	-0.035937	1.135003
226.851955	0.460014	17.331981	-0.035770	1.134813
226.619028	0.326097	17.336986	-0.035727	1.134541
226.513672	0.181762	17.341991	-0.035707	1.134316
225.336351	0.537353	17.346995	-0.035496	1.134181
224.907955	0.481578	17.352000	-0.035418	1.133910
225.105695	0.265991	17.357005	-0.035453	1.133743
224.501247	0.303510	17.362010	-0.035344	1.133500
223.847351	0.361677	17.367015	-0.035226	1.133257
223.014451	0.425458	17.372019	-0.035076	1.132936
223.439408	0.135995	17.377024	-0.035151	1.132790
222.192083	0.469682	17.382029	-0.034927	1.132595
221.844297	0.416976	17.387034	-0.034864	1.132365
221.859280	0.055222	17.392039	-0.034865	1.131937
220.628353	0.374260	17.397043	-0.034644	1.131732
220.544771	0.225833	17.402048	-0.034628	1.131513
219.833818	0.289088	17.407053	-0.034500	1.131249
219.431935	0.316841	17.412058	-0.034428	1.131089
218.861336	0.297224	17.417063	-0.034325	1.130792
218.482399	0.244166	17.422067	-0.034256	1.130546
218.531956	0.057008	17.427072	-0.034264	1.130344
216.768215	0.626758	17.432077	-0.033947	1.130186
216.310334	0.527627	17.437082	-0.033864	1.129847
216.892507	0.177607	17.442087	-0.033968	1.129702
215.516581	0.592726	17.447091	-0.033721	1.129543
215.965160	0.190894	17.452096	-0.033800	1.129272
215.177763	0.241200	17.457101	-0.033658	1.128956
214.231203	0.464165	17.462106	-0.033488	1.128770
213.799991	0.497898	17.467111	-0.033410	1.128603
213.289904	0.446216	17.472115	-0.033318	1.128296
213.992941	0.006664	17.477120	-0.033442	1.128101
212.370056	0.360202	17.482125	-0.033151	1.127751
211.937832	0.360321	17.487130	-0.033073	1.127542
211.752442	0.286261	17.492135	-0.033039	1.127363
210.327483	0.616690	17.497139	-0.032783	1.127078
211.297356	0.099498	17.502144	-0.032955	1.126917
210.507648	0.140030	17.507149	-0.032813	1.126587
209.593782	0.263328	17.512154	-0.032649	1.126297
209.299632	0.125803	17.517159	-0.032595	1.125989
208.153207	0.436957	17.522163	-0.032389	1.125814
208.056778	0.296018	17.527168	-0.032371	1.125596
207.485817	0.404746	17.532173	-0.032268	1.125452
206.858208	0.459242	17.537178	-0.032155	1.125215
207.475444	0.012890	17.542183	-0.032264	1.124971
205.321540	0.546560	17.547187	-0.031878	1.124582
206.172269	0.156131	17.552192	-0.032029	1.124516
205.417473	0.200001	17.557197	-0.031893	1.124206
204.331714	0.413832	17.562202	-0.031698	1.123942
204.880067	0.019164	17.567207	-0.031795	1.123726
203.340747	0.399849	17.572211	-0.031519	1.123447
203.234346	0.326193	17.577216	-0.031499	1.123305
202.693337	0.298798	17.582221	-0.031401	1.123010
202.676649	0.154279	17.587226	-0.031397	1.122826
202.447460	-0.041655	17.592231	-0.031355	1.122478
200.796560	0.331590	17.597235	-0.031059	1.122135
201.095569	0.110418	17.602240	-0.031112	1.122009
200.082441	0.331505	17.607245	-0.030930	1.121788
199.381259	0.380090	17.612250	-0.030803	1.121508
200.091935	-0.066410	17.617255	-0.030929	1.121308
198.441965	0.341927	17.622259	-0.030633	1.121007
198.407357	0.206298	17.627264	-0.030626	1.120825
197.695010	0.274662	17.632269	-0.030498	1.120563
196.852725	0.406042	17.637274	-0.030346	1.120316
197.668492	-0.072641	17.642279	-0.030491	1.120126
195.928481	0.445909	17.647283	-0.030179	1.119915
195.657105	0.318611	17.652288	-0.030130	1.119629
196.114335	-0.054893	17.657293	-0.030210	1.119394
194.745104	0.221262	17.662298	-0.029965	1.119069
194.575065	0.126903	17.667303	-0.029933	1.118870
193.353338	0.448448	17.672307	-0.029714	1.118670
193.741073	0.086578	17.677312	-0.029782	1.118416
193.180208	0.067593	17.682317	-0.029681	1.118121
192.290173	0.267634	17.687322	-0.029521	1.117933
192.446681	0.020207	17.692327	-0.029548	1.117706
190.456167	0.614215	17.697331	-0.029191	1.117466
191.094869	0.234757	17.702336	-0.029304	1.117311
190.625105	0.227280	17.707341	-0.029219	1.117073
188.918763	0.711175	17.712346	-0.028913	1.116836
190.419070	-0.005436	17.717351	-0.029180	1.116687
188.877597	0.335047	17.722355	-0.028904	1.116356
188.234612	0.464703	17.727360	-0.028788	1.116201
188.093058	0.285032	17.732365	-0.028761	1.115912
186.989847	0.617378	17.737370	-0.028563	1.115781
187.455181	0.255030	17.742375	-0.028645	1.115564
186.437969	0.429719	17.747379	-0.028463	1.115283
186.198756	0.296881	17.752384	-0.028419	1.115004
186.431375	-0.024100	17.757389	-0.028459	1.114724
184.011761	0.613951	17.762394	-0.028026	1.114329
185.154069	0.127101	17.767399	-0.028229	1.114286
184.315970	0.199232	17.772403	-0.028078	1.113967
183.350077	0.366251	17.777408	-0.027905	1.113701
183.776514	0.007483	17.782413	-0.027980	1.113469
181.905851	0.477323	17.787418	-0.027644	1.113134
182.930959	-0.011488	17.792423	-0.027827	1.113032
181.792974	0.161212	17.797427	-0.027622	1.112690
181.080457	0.297675	17.802432	-0.027494	1.112509
180.973404	0.102960	17.807437	-0.027474	1.112218
179.320622	0.496897	17.812442	-0.027177	1.111896
180.373905	0.013314	17.817447	-0.027365	1.111814
179.230677	0.236704	17.822451	-0.027159	1.111531
178.131372	0.443297	17.827456	-0.026962	1.111248
179.222791	-0.143872	17.832461	-0.027156	1.111058
176.923828	0.455243	17.837466	-0.026744	1.110673
177.580027	0.145374	17.842471	-0.026860	1.110611
176.954016	0.118303	17.847475	-0.026747	1.110272
175.960948	0.292664	17.852480	-0.026569	1.110001
177.001068	-0.316583	17.857485	-0.026754	1.109759
174.401588	0.390006	17.862490	-0.026288	1.109359
174.855905	0.185763	17.867495	-0.026368	1.109328
174.485515	0.094652	17.872499	-0.026301	1.109034
173.090709	0.409067	17.877504	-0.026051	1.108739
174.314484	-0.189015	17.882509	-0.026268	1.108600
172.252526	0.318144	17.887514	-0.025899	1.108216
172.272189	0.242887	17.892519	-0.025901	1.108132
172.307346	0.052648	17.897523	-0.025907	1.107914
170.865077	0.348091	17.902528	-0.025648	1.107572
171.641470	-0.088766	17.907533	-0.025786	1.107412
169.796214	0.341007	17.912538	-0.025455	1.107039
169.629834	0.307387	17.917543	-0.025424	1.106914
169.809249	0.054942	17.922547	-0.025455	1.106690
168.922933	0.219861	17.927552	-0.025296	1.106459
168.762139	0.085244	17.932557	-0.025266	1.106213
167.737613	0.209871	17.937562	-0.025082	1.105865
167.295408	0.212216	17.942567	-0.025002	1.105650
167.342803	0.017597	17.947571	-0.025009	1.105432
166.088321	0.292794	17.952576	-0.024784	1.105156
166.603127	-0.068276	17.957581	-0.024875	1.104962
165.178429	0.278098	17.962586	-0.024619	1.104690
164.363994	0.373038	17.967591	-0.024473	1.104407
165.110960	-0.033072	17.972595	-0.024605	1.104271
163.381699	0.513952	17.977600	-0.024295	1.104097
163.583710	0.195185	17.982605	-0.024330	1.103801
163.106424	0.181557	17.987610	-0.024244	1.103550
162.738161	0.206562	17.992615	-0.024177	1.103398
162.541118	-0.008034	17.997619	-0.024141	1.103036
161.217289	0.321094	18.002624	-0.023903	1.102792
161.379591	0.093817	18.007629	-0.023931	1.102589
160.210820	0.300384	18.012634	-0.023721	1.102270
159.910497	0.353366	18.017639	-0.023667	1.102186
160.281720	-0.053420	18.022643	-0.023732	1.101865
159.077669	0.140573	18.027648	-0.023516	1.101512
158.657219	0.155854	18.032653	-0.023440	1.101323
158.022831	0.166335	18.037658	-0.023325	1.101024
157.521448	0.222925	18.042663	-0.023234	1.100846
157.523375	0.051625	18.047667	-0.023234	1.100633
156.052000	0.452906	18.052672	-0.022970	1.100405
156.763642	-0.029332	18.057677	-0.023096	1.100157
155.673728	0.092372	18.062682	-0.022900	1.099771
154.731718	0.330466	18.067687	-0.022731	1.099600
154.950347	0.090736	18.072691	-0.022769	1.099410
153.492333	0.452128	18.077696	-0.022507	1.099138
153.880556	0.191480	18.082701	-0.022576	1.099005
153.385111	0.179091	18.087706	-0.022486	1.098744
152.288314	0.424553	18.092711	-0.022289	1.098507
152.417340	0.175727	18.097715	-0.022311	1.098261
151.598845	0.374198	18.102720	-0.022164	1.098102
151.861120	0.103357	18.107725	-0.022210	1.097894
150.978614	0.055341	18.112730	-0.022051	1.097399
149.866283	0.416867	18.117735	-0.021851	1.097297
150.200004	0.084194	18.122739	-0.021910	1.097047
149.043289	0.274836	18.127744	-0.021702	1.096712
149.159886	0.116192	18.132749	-0.021722	1.096571
148.744589	-0.022842	18.137754	-0.021647	1.096193
147.611615	0.265430	18.142759	-0.021443	1.095990
147.804929	-0.074441	18.147763	-0.021477	1.095662
146.511199	0.247409	18.152768	-0.021244	1.095422
146.283803	0.188666	18.157773	-0.021203	1.095235
146.331066	-0.071578	18.162778	-0.021210	1.094934
144.953209	0.345481	18.167783	-0.020963	1.094769
145.018165	0.079828	18.172787	-0.020973	1.094470
144.429639	0.089959	18.177792	-0.020867	1.094190
143.871866	0.181952	18.182797	-0.020767	1.094027
143.475167	0.126452	18.187802	-0.020695	1.093760
142.560505	0.314645	18.192807	-0.020530	1.093541
143.020958	-0.076334	18.197811	-0.020611	1.093280
141.804882	0.175737	18.202816	-0.020393	1.092991
141.325943	0.304607	18.207821	-0.020306	1.092912
141.159911	0.047133	18.212826	-0.020276	1.092509
140.033230	0.361818	18.217831	-0.020073	1.092341
140.084139	0.172387	18.222835	-0.020081	1.092128
139.644794	0.108904	18.227840	-0.020002	1.091830
138.959483	0.252305	18.232845	-0.019878	1.091667
138.784228	0.024600	18.237850	-0.019846	1.091296
137.447725	0.376387	18.242855	-0.019606	1.091070
137.804614	0.142607	18.247859	-0.019669	1.090953
136.722528	0.377480	18.252864	-0.019474	1.090708
136.014465	0.470106	18.257869	-0.019347	1.090471
137.506088	-0.344397	18.262874	-0.019613	1.090193
134.781375	0.441742	18.267879	-0.019124	1.089821
135.197699	0.194603	18.272883	-0.019198	1.089717
135.081548	-0.041165	18.277888	-0.019176	1.089364
133.531433	0.443806	18.282893	-0.018898	1.089198
133.713348	0.154950	18.287898	-0.018930	1.088926
133.357942	0.101681	18.292903	-0.018865	1.088681
132.792665	0.171966	18.297907	-0.018763	1.088486
132.154967	0.140040	18.302912	-0.018648	1.088128
131.680309	0.219744	18.307917	-0.018562	1.087990
131.366599	0.098089	18.312922	-0.018505	1.087680
130.245156	0.311545	18.317927	-0.018304	1.087388
130.405151	0.146351	18.322931	-0.018331	1.087259
129.930333	0.123682	18.327936	-0.018245	1.086992
128.713245	0.410513	18.332941	-0.018027	1.086744
128.993238	0.088230	18.337946	-0.018076	1.086478
128.225574	0.207769	18.342951	-0.017938	1.086244
127.802562	0.212495	18.347955	-0.017861	1.086037
127.501667	0.011955	18.352960	-0.017806	1.085635
126.656488	0.225612	18.357965	-0.017654	1.085480
126.258530	0.138956	18.362970	-0.017582	1.085171
125.665321	0.168007	18.367975	-0.017475	1.084910
125.591205	0.070801	18.372979	-0.017461	1.084749
125.056215	-0.005885	18.377984	-0.017364	1.084385
124.323454	0.041194	18.382989	-0.017232	1.084077
123.853272	0.074593	18.387994	-0.017147	1.083882
123.128636	0.151012	18.392999	-0.017016	1.083615
122.958180	0.030593	18.398003	-0.016985	1.083377
122.845593	-0.087292	18.403008	-0.016964	1.083171
121.729717	0.149010	18.408013	-0.016763	1.082908
121.389965	0.100424	18.413018	-0.016702	1.082676
120.645509	0.202444	18.418023	-0.016568	1.082430
120.041644	0.234203	18.423027	-0.016459	1.082166
120.531817	-0.118440	18.428032	-0.016545	1.081966
119.311842	0.134443	18.433037	-0.016326	1.081673
118.611557	0.250789	18.438042	-0.016200	1.081467
117.858583	0.325823	18.443047	-0.016064	1.081183
118.241313	0.087321	18.448051	-0.016132	1.081072
118.044443	-0.106733	18.453056	-0.016096	1.080728
116.769489	0.147558	18.458061	-0.015867	1.080408
116.149291	0.239665	18.463066	-0.015755	1.080211
116.111755	0.061355	18.468071	-0.015747	1.079966
115.568701	0.120546	18.473075	-0.015649	1.079767
115.179575	0.055462	18.478080	-0.015579	1.079488
114.501953	0.071100	18.483085	-0.015456	1.079166
113.572290	0.281553	18.488090	-0.015289	1.078963
113.234315	0.250635	18.493095	-0.015228	1.078753
113.034911	0.238570	18.498099	-0.015191	1.078636
112.403927	0.270021	18.503104	-0.015077	1.078357
112.108511	0.214206	18.508109	-0.015024	1.078136
112.259424	-0.059032	18.513114	-0.015050	1.077866
110.946018	0.161224	18.518119	-0.014814	1.077483
110.325521	0.281154	18.523123	-0.014702	1.077320
110.159225	0.166526	18.528128	-0.014671	1.077090
109.209798	0.332895	18.533133	-0.014500	1.076821
109.647794	-0.024174	18.538138	-0.014578	1.076589
108.954890	0.000968	18.543143	-0.014453	1.076270
107.922517	0.250316	18.548147	-0.014267	1.076064
107.592823	0.156842	18.553152	-0.014207	1.075779
106.767451	0.329242	18.558157	-0.014059	1.075579
107.008116	0.042051	18.563162	-0.014101	1.075335
106.173760	0.116688	18.568167	-0.013951	1.075008
105.318153	0.363047	18.573171	-0.013797	1.074887
104.833953	0.343505	18.578176	-0.013709	1.074617
104.676215	0.244019	18.583181	-0.013680	1.074409
104.851251	0.001642	18.588186	-0.013710	1.074189
103.782450	0.105420	18.593191	-0.013518	1.073780
103.244755	0.143360	18.598195	-0.013421	1.073555
102.905856	0.106622	18.603200	-0.013360	1.073336
102.040511	0.300531	18.608205	-0.013204	1.073143
102.015218	0.073379	18.613210	-0.013198	1.072840
101.860815	-0.107573	18.618215	-0.013170	1.072531
100.469088	0.157167	18.623219	-0.012920	1.072163
100.463298	0.034564	18.628224	-0.012918	1.072003
100.009493	0.009473	18.633229	-0.012836	1.071740
99.128630	0.160495	18.638234	-0.012677	1.071485
98.514857	0.207869	18.643239	-0.012567	1.071233
98.701891	-0.032218	18.648243	-0.012599	1.071020
98.088841	-0.033897	18.653248	-0.012488	1.070707
97.030562	0.151121	18.658253	-0.012298	1.070405
96.753708	0.157062	18.663258	-0.012248	1.070270
96.177957	0.164989	18.668263	-0.012144	1.069987
95.902288	0.098976	18.673267	-0.012094	1.069762
95.831729	-0.055032	18.678272	-0.012080	1.069528
94.533945	0.250218	18.683277	-0.011847	1.069257
94.449471	0.101228	18.688282	-0.011831	1.069023
93.845237	0.115244	18.693287	-0.011722	1.068733
93.083769	0.253571	18.698291	-0.011585	1.068521
93.365380	0.006888	18.703296	-0.011634	1.068348
92.386031	0.217810	18.708301	-0.011458	1.068118
91.938205	0.176789	18.713306	-0.011377	1.067837
92.084137	-0.175128	18.718311	-0.011402	1.067461
90.598787	0.218219	18.723315	-0.011135	1.067207
90.459878	0.091271	18.728320	-0.011110	1.066973
90.231726	0.012224	18.733325	-0.011068	1.066754
89.194074	0.278819	18.738330	-0.010881	1.066565
88.949296	0.146161	18.743335	-0.010837	1.066270
88.781598	0.010300	18.748339	-0.010806	1.066009
88.516239	-0.085836	18.753344	-0.010757	1.065750
86.832538	0.276900	18.758349	-0.010455	1.065356
87.050001	0.140422	18.763354	-0.010493	1.065289
86.158634	0.285553	18.768359	-0.010333	1.065020
85.874956	0.262458	18.773363	-0.010281	1.064844
86.205895	-0.062918	18.778368	-0.010339	1.064594
84.747365	0.338889	18.783373	-0.010077	1.064364
84.481792	0.217656	18.788378	-0.010029	1.064072
84.691439	-0.054882	18.793383	-0.010066	1.063828
83.427000	0.160062	18.798387	-0.009838	1.063458
83.770467	-0.111513	18.803392	-0.009899	1.063283
82.649212	0.062308	18.808397	-0.009697	1.062932
81.993514	0.197521	18.813402	-0.009579	1.062769
81.767483	0.091897	18.818407	-0.009538	1.062517
81.013871	0.186351	18.823411	-0.009402	1.062251
81.171171	-0.124567	18.828416	-0.009429	1.061932
79.954235	0.114427	18.833421	-0.009211	1.061615
79.531331	0.131312	18.838426	-0.009134	1.061419
79.466653	-0.020404	18.843431	-0.009122	1.061189
78.357947	0.265946	18.848435	-0.008922	1.060988
78.757127	-0.145181	18.853440	-0.008993	1.060663
77.653893	0.061139	18.858445	-0.008794	1.060362
76.935848	0.147634	18.863450	-0.008665	1.060105
77.089704	-0.068187	18.868455	-0.008692	1.059904
75.510722	0.433439	18.873459	-0.008408	1.059739
76.033072	0.028535	18.878464	-0.008501	1.059484
75.737238	-0.084765	18.883469	-0.008447	1.059185
74.559439	0.140356	18.888474	-0.008235	1.058870
74.507728	-0.017530	18.893479	-0.008225	1.058638
73.144581	0.408454	18.898483	-0.007980	1.058486
73.148570	0.250613	18.903488	-0.007980	1.058283
73.128013	0.079333	18.908493	-0.007975	1.058050
72.364122	0.227709	18.913498	-0.007838	1.057848
72.016345	0.039825	18.918503	-0.007775	1.057426
70.938323	0.349823	18.923507	-0.007581	1.057270
70.888889	0.216000	18.928512	-0.007571	1.057071
70.176774	0.277805	18.933517	-0.007443	1.056783
69.548676	0.398568	18.938522	-0.007330	1.056614
70.005993	-0.001113	18.943527	-0.007410	1.056332
68.174815	0.478422	18.948531	-0.007082	1.056009
68.983967	0.068306	18.953536	-0.007226	1.055893
67.989663	0.195610	18.958541	-0.007047	1.055545
66.349596	0.722498	18.963546	-0.006753	1.055380
67.687796	0.041412	18.968551	-0.006991	1.055187
66.163510	0.376968	18.973555	-0.006717	1.054835
66.057262	0.309147	18.978560	-0.006698	1.054690
66.061678	0.008470	18.983565	-0.006697	1.054303
64.784042	0.354592	18.988570	-0.006468	1.054091
64.720397	0.159604	18.993575	-0.006456	1.053804
63.938057	0.240700	18.998579	-0.006315	1.053505
63.785370	0.159730	19.003584	-0.006286	1.053319
63.158191	0.165581	19.008589	-0.006173	1.053002
62.007664	0.458535	19.013594	-0.005967	1.052786
62.345253	0.181114	19.018599	-0.006026	1.052599
61.680306	0.198444	19.023603	-0.005906	1.052277
61.458355	0.042844	19.028608	-0.005865	1.051960
61.039262	-0.067885	19.033613	-0.005790	1.051599
59.452967	0.379877	19.038618	-0.005505	1.051358
59.868442	0.055915	19.043623	-0.005578	1.051151
58.855919	0.313274	19.048627	-0.005396	1.050960
58.206171	0.415401	19.053632	-0.005279	1.050755
58.688544	0.002073	19.058637	-0.005364	1.050466
56.930550	0.435229	19.063642	-0.005049	1.050118
57.857474	-0.025473	19.068647	-0.005214	1.049997
56.510393	0.206594	19.073651	-0.004972	1.049601
55.954702	0.343332	19.078656	-0.004872	1.049489
56.019798	0.072989	19.083661	-0.004882	1.049170
54.649071	0.378057	19.088666	-0.004636	1.048855
55.332091	-0.012267	19.093671	-0.004757	1.048699
53.919883	0.320962	19.098675	-0.004504	1.048400
53.659730	0.339351	19.103680	-0.004456	1.048287
54.119181	-0.178167	19.108685	-0.004538	1.047851
52.269388	0.408082	19.113690	-0.004206	1.047653
52.246390	0.178044	19.118695	-0.004201	1.047340
51.960404	0.093123	19.123699	-0.004149	1.047079
51.112106	0.238615	19.128704	-0.003996	1.046827
51.275710	-0.002473	19.133709	-0.004024	1.046596
49.788597	0.393499	19.138714	-0.003757	1.046338
49.841265	0.178422	19.143719	-0.003766	1.046084
49.222473	0.209176	19.148723	-0.003654	1.045801
48.629400	0.311715	19.153728	-0.003547	1.045624
48.749392	0.051026	19.158733	-0.003568	1.045345
47.332364	0.458218	19.163738	-0.003313	1.045138
47.546129	0.145496	19.168743	-0.003351	1.044840
47.479696	-0.117344	19.173747	-0.003338	1.044461
46.041942	0.252901	19.178752	-0.003080	1.044195
46.204082	0.013337	19.183757	-0.003108	1.043964
45.036832	0.247656	19.188762	-0.002898	1.043661
45.576883	-0.088077	19.193767	-0.002994	1.043502
44.375749	0.100750	19.198771	-0.002778	1.043122
43.819869	0.190839	19.203776	-0.002677	1.042948
44.089585	-0.159387	19.208781	-0.002725	1.042629
42.036642	0.469082	19.213786	-0.002357	1.042380
42.412807	0.188865	19.218791	-0.002423	1.042207
42.653497	-0.113331	19.223795	-0.002465	1.041936
41.032901	0.237532	19.228800	-0.002174	1.041548
41.991976	-0.341674	19.233805	-0.002345	1.041289
40.047842	0.202642	19.238810	-0.001996	1.040985
39.410671	0.347090	19.243815	-0.001881	1.040840
39.561763	0.087522	19.248819	-0.001907	1.040577
38.659784	0.333075	19.253824	-0.001745	1.040425
38.809769	0.076363	19.258829	-0.001771	1.040166
37.389537	0.421264	19.263834	-0.001516	1.039874
37.621995	0.241892	19.268839	-0.001556	1.039758
37.305808	0.137006	19.273843	-0.001499	1.039454
35.767054	0.591366	19.278848	-0.001223	1.039243
36.838833	-0.032396	19.283853	-0.001414	1.038984
35.264318	0.321778	19.288858	-0.001131	1.038623
35.101708	0.296520	19.293863	-0.001101	1.038503
35.374635	-0.056896	19.298867	-0.001149	1.038180
33.317339	0.474696	19.303872	-0.000780	1.037800
34.034003	0.115254	19.308877	-0.000907	1.037701
32.972523	0.317238	19.313882	-0.000716	1.037408
32.616592	0.234243	19.318887	-0.000652	1.037111
32.999760	-0.142764	19.323891	-0.000719	1.036815
30.578554	0.563340	19.328896	-0.000285	1.036473
31.539678	0.135592	19.333901	-0.000456	1.036411
30.954411	0.085321	19.338906	-0.000351	1.036037
30.074400	0.299038	19.343911	-0.000192	1.035854
30.374468	-0.134452	19.348915	-0.000245	1.035440
28.246101	0.552030	19.353920	0.000137	1.035225
28.826842	0.241289	19.358925	0.000034	1.035118
28.443896	0.111107	19.363930	0.000103	1.034744
27.434456	0.404321	19.368935	0.000285	1.034598
27.818278	-0.038755	19.373939	0.000217	1.034214
26.201218	0.421448	19.378944	0.000507	1.033969
26.319172	0.277242	19.383949	0.000487	1.033839
25.986201	0.195967	19.388954	0.000547	1.033555
24.785468	0.575931	19.393959	0.000763	1.033422
25.300332	0.108784	19.398963	0.000672	1.033075
24.122882	0.351018	19.403968	0.000884	1.032773
23.676852	0.340267	19.408973	0.000964	1.032523
23.617469	0.176595	19.413978	0.000976	1.032273
22.313532	0.594842	19.418983	0.001210	1.032137
22.709012	0.173434	19.423987	0.001140	1.031787
21.846671	0.311331	19.428992	0.001295	1.031513
21.247067	0.318353	19.433997	0.001404	1.031204
21.606548	-0.005740	19.439002	0.001340	1.030963
20.035440	0.330890	19.444007	0.001622	1.030579
20.251011	0.129686	19.449011	0.001585	1.030424
19.006655	0.375370	19.454016	0.001808	1.030091
18.729369	0.389617	19.459021	0.001859	1.029961
18.618066	0.210240	19.464026	0.001880	1.029663
17.957565	0.245137	19.469031	0.001999	1.029359
18.270546	-0.076042	19.474035	0.001944	1.029097
16.186005	0.454472	19.479040	0.002317	1.028697
16.111884	0.482607	19.484045	0.002332	1.028692
16.503522	0.100486	19.489050	0.002263	1.028391
15.430531	0.327582	19.494055	0.002455	1.028123
15.585822	0.013453	19.499059	0.002429	1.027787
14.747112	0.036800	19.504064	0.002580	1.027372
13.695431	0.311252	19.509069	0.002769	1.027178
13.931856	0.010062	19.514074	0.002727	1.026901
13.031495	0.134926	19.519079	0.002889	1.026589
13.129821	-0.081068	19.524083	0.002873	1.026352
11.426916	0.303908	19.529088	0.003178	1.025960
11.363460	0.301763	19.534093	0.003190	1.025920
11.443845	0.001699	19.539098	0.003177	1.025563
10.361374	0.231567	19.544103	0.003372	1.025292
10.679146	-0.082898	19.549107	0.003316	1.025041
9.816513	-0.019970	19.554112	0.003471	1.024665
8.636234	0.218408	19.559117	0.003683	1.024354
8.983713	-0.048570	19.564122	0.003622	1.024181
7.558936	0.400396	19.569127	0.003878	1.024020
7.643315	0.150753	19.574131	0.003863	1.023730
7.415551	0.085438	19.579136	0.003905	1.023520
6.749819	0.137857	19.584141	0.004025	1.023234
6.811075	-0.109559	19.589146	0.004015	1.022935
4.925202	0.350535	19.594151	0.004353	1.022544
5.297346	0.136761	19.599155	0.004288	1.022455
5.066614	-0.006330	19.604160	0.004330	1.022139
3.714949	0.356513	19.609165	0.004573	1.021902
4.238064	-0.070547	19.614170	0.004480	1.021609
3.008557	0.175541	19.619175	0.004701	1.021281
2.837886	0.118460	19.624179	0.004732	1.021111
2.575439	-0.036674	19.629184	0.004780	1.020763
1.401242	0.314075	19.634189	0.004991	1.020603
1.381308	0.133745	19.639194	0.004996	1.020350
