Thu Oct 30 13:50:23 2025

Number of Points = 3594
Depth (nm)	Load (µN)	Time (s)	Depth (V)	Load (V)
-0.589556	2.242458	0.000000	0.002212	1.321961

0.263948	2.121084	0.005005	0.002055	1.321989
0.407115	2.093958	0.010010	0.002029	1.321985
-0.155106	2.184461	0.015014	0.002133	1.321980
-0.099075	2.182607	0.020019	0.002123	1.321989
-0.082829	2.182237	0.025024	0.002120	1.321991
0.071130	2.088179	0.030029	0.002092	1.321908
-0.176358	1.948774	0.035034	0.002137	1.321687
-0.060451	1.919740	0.040038	0.002116	1.321675
-0.218825	1.841889	0.045043	0.002146	1.321547
-0.310465	1.697843	0.050048	0.002163	1.321352
0.318184	1.501865	0.055053	0.002047	1.321242
0.045029	1.300107	0.060058	0.002098	1.320939
-0.957657	1.285565	0.065062	0.002283	1.320714
-0.665322	1.246182	0.070067	0.002229	1.320726
-0.913392	1.065880	0.075072	0.002275	1.320454
-0.847387	1.022569	0.080077	0.002263	1.320414
-1.041491	0.852086	0.085082	0.002299	1.320165
-0.884430	0.764421	0.090086	0.002270	1.320090
-0.842158	0.533869	0.095091	0.002263	1.319817
-1.363770	0.402140	0.100096	0.002359	1.319548
-1.353734	0.342229	0.105101	0.002357	1.319476
-1.562717	0.128823	0.110106	0.002396	1.319172
-2.059237	0.206280	0.115110	0.002488	1.319164
-1.294243	-0.134066	0.120115	0.002347	1.318905
-1.076300	-0.410689	0.125120	0.002307	1.318611
-2.212147	-0.509771	0.130125	0.002517	1.318254
-4.932946	0.025157	0.135130	0.003018	1.318346
-3.270949	-0.099035	0.140134	0.002712	1.318538
-2.491492	-0.223104	0.145139	0.002569	1.318547
-3.187498	-0.112036	0.150144	0.002697	1.318539
-4.069354	0.044730	0.155149	0.002859	1.318548
-3.028100	-0.131826	0.160154	0.002668	1.318547
-2.784595	-0.423848	0.165158	0.002623	1.318240
-4.518214	-0.142741	0.170163	0.002943	1.318225
-4.681638	-0.092925	0.175168	0.002973	1.318252
-3.846453	-0.055791	0.180173	0.002819	1.318470
-4.178657	-0.204005	0.185178	0.002881	1.318220
-3.327295	-0.349669	0.190182	0.002724	1.318218
-4.748187	-0.322481	0.195187	0.002986	1.317956
-5.970159	0.097364	0.200192	0.003211	1.318217
-4.718020	0.111458	0.205197	0.002980	1.318494
-3.700054	-0.278689	0.210202	0.002793	1.318227
-3.853757	-0.459532	0.215206	0.002822	1.317973
-5.994820	-0.140281	0.220211	0.003216	1.317920
-5.520801	-0.109592	0.225216	0.003129	1.318056
-4.695814	-0.359020	0.230221	0.002977	1.317921
-6.191078	-0.104446	0.235226	0.003253	1.317923
-5.157557	-0.287413	0.240230	0.003063	1.317913
-5.526342	-0.210646	0.245235	0.003131	1.317930
-5.553303	-0.212890	0.250240	0.003136	1.317922
-6.051023	-0.350595	0.255245	0.003228	1.317650
-6.872231	-0.016144	0.260250	0.003379	1.317889
-5.200728	-0.382590	0.265254	0.003071	1.317786
-7.041900	-0.214456	0.270259	0.003411	1.317611
-6.412775	-0.074182	0.275264	0.003295	1.317913
-6.043407	-0.378564	0.280269	0.003227	1.317616
-7.361083	-0.159871	0.285274	0.003470	1.317611
-6.495236	-0.314488	0.290278	0.003311	1.317601
-7.025353	-0.216427	0.295283	0.003408	1.317611
-7.045476	-0.216704	0.300288	0.003412	1.317606
-6.924865	-0.235495	0.305293	0.003390	1.317608
-7.469259	-0.146099	0.310298	0.003490	1.317605
-6.421206	-0.452504	0.315302	0.003298	1.317446
-8.206484	-0.209102	0.320307	0.003627	1.317374
-8.237853	-0.210660	0.325312	0.003633	1.317366
-7.417025	-0.351046	0.330317	0.003482	1.317364
-8.737391	-0.124378	0.335322	0.003725	1.317368
-7.504353	-0.230822	0.340326	0.003498	1.317492
-8.091312	-0.239656	0.345331	0.003606	1.317360
-8.133921	-0.228109	0.350336	0.003614	1.317365
-7.872212	-0.448810	0.355341	0.003566	1.317148
-10.750786	0.101201	0.360346	0.004096	1.317226
-6.476423	-0.537838	0.365350	0.003310	1.317328
-10.328063	-0.076172	0.370355	0.004019	1.317096
-8.812263	-0.117408	0.375360	0.003740	1.317359
-7.082532	-0.650523	0.380365	0.003422	1.317064
-11.880279	0.068882	0.385370	0.004305	1.316951
-8.389245	-0.231876	0.390374	0.003662	1.317306
-9.557864	-0.253201	0.395379	0.003878	1.317037
-10.469809	0.067345	0.400384	0.004046	1.317241
-7.415140	-0.679688	0.405389	0.003484	1.316958
-12.538642	0.241441	0.410394	0.004427	1.317025
-8.224615	-0.360484	0.415398	0.003633	1.317182
-10.064813	-0.386827	0.420403	0.003972	1.316767
-11.924711	0.170112	0.425408	0.004314	1.317065
-8.319151	-0.551756	0.430413	0.003651	1.316927
-12.558559	0.161571	0.435418	0.004432	1.316922
-9.525850	-0.264483	0.440422	0.003873	1.317029
-9.833592	-0.411486	0.445427	0.003930	1.316784
-12.469885	0.114606	0.450432	0.004416	1.316883
-8.911216	-0.612882	0.455437	0.003761	1.316728
-13.381329	0.186879	0.460442	0.004584	1.316782
-9.260640	-0.458505	0.465446	0.003825	1.316845
-12.017932	-0.211190	0.470451	0.004333	1.316576
-12.078236	-0.080542	0.475456	0.004344	1.316724
-10.816822	-0.300982	0.480461	0.004112	1.316715
-12.172283	-0.259415	0.485466	0.004362	1.316484
-11.564812	-0.172804	0.490470	0.004250	1.316716
-12.730102	-0.188968	0.495475	0.004465	1.316455
-12.298828	0.044444	0.500480	0.004386	1.316830
-11.041273	-0.441863	0.505485	0.004155	1.316494
-13.627222	0.015210	0.510490	0.004631	1.316518
-11.415178	-0.244556	0.515494	0.004224	1.316659
-12.939837	-0.191981	0.520499	0.004505	1.316407
-13.528776	0.083336	0.525504	0.004613	1.316622
-10.939943	-0.548377	0.530509	0.004137	1.316384
-15.487543	0.149573	0.535514	0.004974	1.316296
-11.612740	-0.237675	0.540518	0.004261	1.316625
-13.613393	-0.204767	0.545523	0.004629	1.316250
-14.018095	-0.012662	0.550528	0.004704	1.316402
-12.375840	-0.297136	0.555533	0.004402	1.316393
-15.047697	-0.003106	0.560538	0.004894	1.316200
-13.049070	-0.019066	0.565542	0.004526	1.316595
-12.732299	-0.435890	0.570547	0.004468	1.316149
-15.678419	0.116324	0.575552	0.005011	1.316215
-13.626581	-0.078736	0.580557	0.004633	1.316401
-14.382604	-0.183129	0.585562	0.004772	1.316116
-13.757885	-0.116167	0.590566	0.004657	1.316327
-14.159664	-0.419076	0.595571	0.004732	1.315872
-16.582924	0.332899	0.600576	0.005178	1.316292
-13.381462	-0.295863	0.605581	0.004589	1.316185
-15.605198	0.008577	0.610586	0.004998	1.316096
-14.603476	-0.162485	0.615590	0.004814	1.316094
-14.088125	-0.358816	0.620595	0.004719	1.315960
-17.533045	0.238023	0.625600	0.005354	1.315977
-12.907410	-0.408918	0.630605	0.004502	1.316143
-17.558481	0.171141	0.635610	0.005359	1.315890
-13.485548	-0.455466	0.640614	0.004609	1.315966
-16.290663	-0.127822	0.645619	0.005126	1.315785
-17.537923	0.147867	0.650624	0.005355	1.315865
-13.879690	-0.363648	0.655629	0.004682	1.315996
-18.117010	0.055634	0.660634	0.005462	1.315631
-15.057002	-0.135824	0.665638	0.004899	1.316031
-16.219291	-0.263348	0.670643	0.005113	1.315633
-17.496963	0.067257	0.675648	0.005349	1.315773
-16.360348	-0.124910	0.680653	0.005139	1.315773
-16.471224	-0.102647	0.685658	0.005160	1.315777
-16.644562	-0.080691	0.690662	0.005192	1.315768
-16.557191	-0.324232	0.695667	0.005176	1.315487
-18.558390	0.136430	0.700672	0.005545	1.315637
-15.941388	-0.299582	0.705677	0.005063	1.315645
-18.665784	0.054829	0.710682	0.005565	1.315514
-17.090607	-0.008299	0.715686	0.005275	1.315764
-17.107396	-0.245279	0.720691	0.005278	1.315469
-18.344235	-0.042739	0.725696	0.005506	1.315461
-17.746405	-0.140475	0.730701	0.005396	1.315465
-18.638128	0.016848	0.735706	0.005561	1.315472
-18.294312	0.096952	0.740710	0.005497	1.315642
-16.620729	-0.412759	0.745715	0.005190	1.315364
-20.121830	0.189103	0.750720	0.005834	1.315375
-17.193932	-0.311522	0.755725	0.005295	1.315369
-19.741611	0.122656	0.760730	0.005765	1.315372
-18.190392	-0.070118	0.765734	0.005479	1.315458
-17.665622	-0.353333	0.770739	0.005383	1.315219
-20.501804	0.085173	0.775744	0.005905	1.315168
-18.334169	-0.184431	0.780749	0.005506	1.315287
-20.165039	0.024105	0.785754	0.005843	1.315162
-19.278285	0.029621	0.790758	0.005680	1.315353
-18.425009	-0.341863	0.795763	0.005523	1.315074
-21.320399	0.178082	0.800768	0.006057	1.315111
-19.287834	-0.094165	0.805773	0.005683	1.315199
-19.491811	-0.090404	0.810778	0.005720	1.315161
-20.402668	0.054910	0.815782	0.005888	1.315150
-18.813520	-0.322399	0.820787	0.005596	1.315016
-22.158500	0.193549	0.825792	0.006212	1.314955
-19.149229	-0.191315	0.830797	0.005658	1.315107
-20.541845	-0.157133	0.835802	0.005914	1.314860
-21.690443	0.077824	0.840806	0.006126	1.314910
-19.656813	-0.128483	0.845811	0.005752	1.315079
-21.722420	0.041333	0.850816	0.006132	1.314858
-20.682772	-0.132163	0.855821	0.005941	1.314860
-21.041996	-0.064653	0.860826	0.006007	1.314869
-21.545970	0.013240	0.865830	0.006100	1.314859
-20.937412	-0.083969	0.870835	0.005988	1.314866
-21.715322	0.041595	0.875840	0.006132	1.314859
-21.000462	-0.235887	0.880845	0.006000	1.314666
-23.202321	0.161864	0.885850	0.006406	1.314697
-21.382241	-0.014898	0.890854	0.006071	1.314858
-20.999689	-0.262083	0.895859	0.006001	1.314634
-23.644837	0.144098	0.900864	0.006488	1.314583
-21.095278	-0.222069	0.905869	0.006019	1.314663
-23.317125	0.051918	0.910874	0.006428	1.314537
-23.135682	0.022445	0.915878	0.006395	1.314539
-20.910300	-0.221500	0.920883	0.005985	1.314701
-24.754542	0.145445	0.925888	0.006693	1.314353
-21.251861	-0.161219	0.930893	0.006048	1.314704
-24.470494	0.098056	0.935898	0.006641	1.314353
-22.463753	-0.097186	0.940902	0.006272	1.314530
-22.344541	-0.152775	0.945907	0.006250	1.314487
-24.521610	-0.001574	0.950912	0.006651	1.314220
-22.954506	-0.046455	0.955917	0.006362	1.314490
-24.744129	0.085997	0.960922	0.006692	1.314281
-22.741564	-0.135665	0.965926	0.006324	1.314424
-23.768998	-0.125981	0.970931	0.006513	1.314222
-24.130094	-0.155731	0.975936	0.006580	1.314111
-24.712697	0.081621	0.980941	0.006687	1.314281
-24.027265	-0.084728	0.985946	0.006561	1.314219
-24.181458	-0.057678	0.990950	0.006590	1.314220
-24.222436	-0.055875	0.995955	0.006597	1.314214
-24.682059	-0.092698	1.000960	0.006682	1.314072

-24.737741	-0.040729	1.010957	0.006693	1.314124
-24.357747	-0.096468	1.020954	0.006623	1.314135
-24.600366	0.018974	1.030950	0.006668	1.314226
-24.367456	-0.019320	1.040947	0.006625	1.314227
-24.302264	-0.031531	1.050944	0.006614	1.314225
-24.254788	-0.043097	1.060941	0.006605	1.314220
-24.106711	-0.067676	1.070938	0.006578	1.314220
-24.172380	0.021525	1.080934	0.006591	1.314316
-23.699688	-0.133491	1.090931	0.006504	1.314224
-24.730572	0.072074	1.100928	0.006694	1.314262
-23.853978	-0.008293	1.110925	0.006533	1.314345
-23.634097	-0.086978	1.120922	0.006493	1.314293
-23.751851	0.013518	1.130918	0.006515	1.314392
-23.385749	-0.094163	1.140915	0.006448	1.314335
-23.499607	-0.077865	1.150912	0.006469	1.314331
-24.124327	-0.007507	1.160909	0.006584	1.314288
-23.746934	0.015586	1.170906	0.006515	1.314394
-23.255361	-0.097871	1.180902	0.006425	1.314357
-23.391890	0.075175	1.190899	0.006450	1.314541
-23.162259	-0.070781	1.200896	0.006408	1.314409
-23.620807	-0.115888	1.210893	0.006493	1.314257
-23.587722	0.109142	1.220890	0.006487	1.314541
-22.346774	-0.109145	1.230886	0.006259	1.314530
-23.537126	-0.022525	1.240883	0.006478	1.314389
-23.240065	0.043159	1.250880	0.006424	1.314531
-23.004511	0.008616	1.260877	0.006381	1.314537
-22.553842	-0.068865	1.270874	0.006298	1.314535
-23.093772	0.024974	1.280870	0.006398	1.314538
-22.709526	-0.040698	1.290867	0.006328	1.314537
-22.821779	-0.024737	1.300864	0.006349	1.314533
-23.029812	0.090411	1.310861	0.006387	1.314630
-22.340103	-0.099235	1.320858	0.006260	1.314540
-22.328191	-0.014742	1.330854	0.006258	1.314646
-22.183898	-0.057376	1.340851	0.006232	1.314624
-22.904860	-0.008139	1.350848	0.006365	1.314534
-22.369943	0.012365	1.360845	0.006267	1.314670
-22.164389	-0.037897	1.370842	0.006230	1.314651
-22.253120	0.020572	1.380838	0.006246	1.314704
-21.956100	-0.097691	1.390835	0.006192	1.314620
-22.363113	0.032869	1.400832	0.006267	1.314695
-21.586122	-0.083975	1.410829	0.006124	1.314713
-21.868045	-0.093050	1.420826	0.006177	1.314643
-22.661574	0.169034	1.430822	0.006323	1.314800
-21.446318	-0.119058	1.440819	0.006099	1.314698
-21.803490	0.024699	1.450816	0.006165	1.314800
-21.935574	0.015712	1.460813	0.006190	1.314761
-21.361579	-0.149406	1.470810	0.006085	1.314677
-21.777508	0.061848	1.480806	0.006162	1.314850
-21.446494	-0.072730	1.490803	0.006101	1.314753
-21.707908	-0.014557	1.500800	0.006149	1.314770
-21.001521	-0.148076	1.510797	0.006020	1.314752
-21.576375	-0.010997	1.520794	0.006126	1.314801
-21.417953	0.008151	1.530790	0.006097	1.314857
-21.135725	-0.036065	1.540787	0.006045	1.314861
-21.313645	-0.036156	1.550784	0.006078	1.314823
-21.050671	-0.050593	1.560781	0.006030	1.314860
-21.057893	-0.050872	1.570778	0.006032	1.314858
-21.028335	-0.054956	1.580774	0.006027	1.314859
-20.680666	-0.028824	1.590771	0.005963	1.314963
-21.405468	0.027270	1.600768	0.006097	1.314881
-20.616059	-0.025835	1.610765	0.005952	1.314979
-20.495293	-0.067547	1.620762	0.005930	1.314953
-20.713321	-0.021609	1.630758	0.005970	1.314963
-20.375087	-0.072944	1.640755	0.005908	1.314970
-20.701101	-0.015229	1.650752	0.005969	1.314973
-20.605358	-0.094562	1.660749	0.005951	1.314895
-20.294313	-0.003834	1.670746	0.005894	1.315071
-20.126149	-0.084354	1.680742	0.005864	1.315007
-20.435535	0.002801	1.690739	0.005921	1.315049
-20.623233	0.042463	1.700736	0.005956	1.315058
-19.993478	-0.093297	1.710733	0.005840	1.315022
-20.101158	-0.003490	1.720730	0.005860	1.315110
-19.951175	0.013028	1.730726	0.005833	1.315161
-20.283494	-0.013630	1.740723	0.005894	1.315059
-19.939105	0.014027	1.750720	0.005831	1.315164
-19.273530	-0.187341	1.760717	0.005709	1.315054
-19.914795	0.032360	1.770714	0.005827	1.315191
-19.988902	0.022017	1.780710	0.005841	1.315162
-19.598271	-0.046069	1.790707	0.005770	1.315159
-19.752469	-0.020152	1.800704	0.005798	1.315159
-19.127333	-0.104235	1.810701	0.005684	1.315185
-19.796411	-0.011778	1.820698	0.005807	1.315159
-19.242331	-0.009274	1.830694	0.005705	1.315277
-19.593798	-0.030285	1.840691	0.005770	1.315178
-19.696645	0.041789	1.850688	0.005790	1.315245
-18.600021	-0.122742	1.860685	0.005588	1.315270
-18.875548	-0.055370	1.870682	0.005639	1.315295
-19.418879	0.034903	1.880678	0.005739	1.315293
-19.304384	0.002518	1.890675	0.005719	1.315277
-18.979288	-0.113208	1.900672	0.005659	1.315202
-18.505878	-0.078155	1.910669	0.005572	1.315343
-18.678383	-0.043670	1.920666	0.005604	1.315349
-19.556188	0.047374	1.930662	0.005766	1.315278
-19.053300	0.037230	1.940659	0.005674	1.315370
-18.059108	-0.187220	1.950656	0.005491	1.315300
-18.298378	-0.062665	1.960653	0.005535	1.315403
-18.729720	0.009237	1.970650	0.005615	1.315402
-18.493270	0.022977	1.980646	0.005572	1.315467
-19.109443	0.034126	1.990643	0.005686	1.315353
-18.084036	-0.082910	2.000640	0.005497	1.315422
-17.520440	-0.154540	2.010637	0.005394	1.315450
-18.277959	0.007087	2.020634	0.005533	1.315491
-18.729707	0.042157	2.030630	0.005617	1.315440
-18.082043	-0.040701	2.040627	0.005498	1.315472
-17.642404	-0.121337	2.050624	0.005417	1.315464
-17.866010	-0.081200	2.060621	0.005459	1.315467
-18.333936	-0.005402	2.070618	0.005545	1.315462
-18.223793	0.045934	2.080614	0.005525	1.315548
-17.769239	-0.002794	2.090611	0.005442	1.315582
-16.961476	-0.173571	2.100608	0.005294	1.315540
-17.444966	-0.044990	2.110605	0.005383	1.315597
-17.983158	0.055102	2.120602	0.005482	1.315608
-18.100272	0.063162	2.130598	0.005504	1.315593
-17.680246	-0.005120	2.140595	0.005427	1.315596
-16.555585	-0.115376	2.150592	0.005220	1.315694
-16.902608	-0.098156	2.160589	0.005284	1.315643
-18.400601	0.164658	2.170586	0.005561	1.315654
-17.400865	-0.012240	2.180582	0.005377	1.315644
-17.014298	-0.083008	2.190579	0.005306	1.315637
-16.265040	-0.127283	2.200576	0.005168	1.315738
-16.886468	-0.023616	2.210573	0.005283	1.315736
-17.663392	0.042702	2.220570	0.005426	1.315656
-17.341517	0.015209	2.230566	0.005367	1.315688
-16.567872	-0.078064	2.240563	0.005225	1.315734
-16.321497	-0.089601	2.250560	0.005180	1.315771
-16.598516	-0.017515	2.260557	0.005231	1.315801
-17.162255	0.052142	2.270554	0.005336	1.315770
-16.753035	-0.048491	2.280550	0.005261	1.315731
-16.335356	-0.078627	2.290547	0.005184	1.315780
-15.621163	-0.153755	2.300544	0.005053	1.315836
-16.533338	-0.039235	2.310541	0.005221	1.315787
-17.596698	0.204490	2.320538	0.005417	1.315865
-15.672413	-0.136290	2.330534	0.005063	1.315846
-16.305122	-0.087116	2.340531	0.005180	1.315774
-15.666889	-0.034869	2.350528	0.005063	1.315971
-16.399030	0.061228	2.360525	0.005198	1.315936
-16.536200	0.014553	2.370522	0.005223	1.315850
-16.011948	-0.088860	2.380518	0.005127	1.315832
-15.340652	-0.113820	2.390515	0.005004	1.315940
-15.371575	-0.149755	2.400512	0.005010	1.315889
-16.591525	0.144714	2.410509	0.005235	1.315997
-15.876443	-0.042161	2.420506	0.005103	1.315916
-15.863977	-0.091417	2.430502	0.005101	1.315857
-14.548100	-0.163891	2.440499	0.004859	1.316041
-15.258045	-0.140629	2.450496	0.004990	1.315922
-16.114184	0.119942	2.460493	0.005148	1.316064
-16.291574	0.028750	2.470490	0.005181	1.315915
-14.848069	-0.142917	2.480486	0.004916	1.316003
-14.880535	-0.057622	2.490483	0.004922	1.316101
-15.022419	-0.044934	2.500480	0.004948	1.316087
-15.779624	0.062337	2.510477	0.005088	1.316061
-15.462360	-0.029371	2.520474	0.005030	1.316014
-14.390271	-0.165910	2.530470	0.004833	1.316069
-14.927280	-0.006229	2.540467	0.004932	1.316153
-14.791007	-0.072487	2.550464	0.004907	1.316099
-15.452917	0.080938	2.560461	0.005029	1.316150
-14.870707	-0.119763	2.570458	0.004923	1.316024
-14.409686	-0.109143	2.580454	0.004838	1.316132
-14.142092	-0.074014	2.590451	0.004789	1.316231
-14.739709	-0.078937	2.600448	0.004899	1.316100
-15.082947	0.105092	2.610445	0.004963	1.316255
-14.378708	-0.195847	2.620442	0.004834	1.316031
-14.331956	-0.028685	2.630438	0.004825	1.316246
-13.525833	-0.140862	2.640435	0.004677	1.316275
-14.881075	-0.053565	2.650432	0.004927	1.316100
-14.716502	0.078329	2.660429	0.004897	1.316296
-14.003965	-0.110421	2.670426	0.004766	1.316212
-13.506440	-0.145634	2.680422	0.004675	1.316272
-13.906152	-0.071448	2.690419	0.004749	1.316279
-14.207018	-0.003344	2.700416	0.004804	1.316300
-14.673208	0.006751	2.710413	0.004890	1.316216
-13.431903	-0.181830	2.720410	0.004662	1.316241
-13.117815	-0.104051	2.730406	0.004605	1.316402
-14.028886	0.014966	2.740403	0.004773	1.316358
-14.115027	0.006951	2.750400	0.004789	1.316330
-13.843480	-0.050540	2.760397	0.004739	1.316316
-12.519128	-0.349835	2.770394	0.004496	1.316223
-13.911188	0.024838	2.780390	0.004752	1.316393
-13.240085	-0.072523	2.790387	0.004629	1.316413
-14.016995	0.039153	2.800384	0.004772	1.316388
-13.403459	-0.084457	2.810381	0.004660	1.316364
-12.661942	-0.207484	2.820378	0.004523	1.316366
-12.845191	-0.076791	2.830374	0.004557	1.316488
-13.216249	-0.076812	2.840371	0.004626	1.316411
-13.490470	0.044492	2.850368	0.004677	1.316502
-13.142127	-0.181517	2.860365	0.004613	1.316297
-12.536580	-0.155954	2.870362	0.004502	1.316454
-12.192337	-0.096564	2.880358	0.004439	1.316598
-13.018664	-0.061188	2.890355	0.004591	1.316469
-13.262583	-0.018892	2.900352	0.004636	1.316470
-12.256600	-0.217727	2.910349	0.004452	1.316435
-12.046377	-0.213766	2.920346	0.004413	1.316483
-12.981468	-0.008462	2.930342	0.004586	1.316540
-12.685379	0.039586	2.940339	0.004531	1.316660
-12.701060	-0.107237	2.950336	0.004535	1.316477
-12.393870	-0.132795	2.960333	0.004478	1.316509
-11.493481	-0.216760	2.970330	0.004313	1.316592
-12.225766	-0.096076	2.980326	0.004448	1.316588
-12.658327	-0.018692	2.990323	0.004528	1.316593
-12.469238	-0.085489	3.000320	0.004493	1.316550
-11.628361	-0.256402	3.010317	0.004339	1.316514
-11.685511	-0.134599	3.020314	0.004350	1.316651
-11.861544	-0.088623	3.030310	0.004382	1.316671
-12.195843	-0.012505	3.040307	0.004444	1.316695
-11.851566	-0.195941	3.050304	0.004381	1.316541
-11.504691	-0.103158	3.060301	0.004318	1.316726
-11.469043	-0.104957	3.070298	0.004311	1.316731
-12.077858	-0.042424	3.080294	0.004424	1.316681
-11.560434	-0.068492	3.090291	0.004329	1.316756
-11.609116	-0.183694	3.100288	0.004338	1.316604
-11.212825	-0.144557	3.110285	0.004265	1.316734
-10.552905	-0.196439	3.120282	0.004144	1.316807
-11.613239	-0.027926	3.130278	0.004340	1.316794
-11.787666	-0.048414	3.140275	0.004372	1.316732
-10.935154	-0.135989	3.150272	0.004215	1.316801
-10.883079	-0.200135	3.160269	0.004206	1.316733
-10.661531	-0.160296	3.170266	0.004166	1.316827
-11.556679	-0.002325	3.180262	0.004331	1.316835
-10.955736	-0.187709	3.190259	0.004220	1.316732
-10.409075	-0.265927	3.200256	0.004120	1.316749
-10.432150	-0.213197	3.210253	0.004125	1.316809
-11.199195	-0.150985	3.220250	0.004266	1.316725
-11.036264	-0.069951	3.230246	0.004236	1.316858
-10.616390	-0.130993	3.240243	0.004159	1.316870
-10.372485	-0.217008	3.250240	0.004115	1.316815
-10.180188	-0.153356	3.260237	0.004080	1.316932
-10.224340	-0.153001	3.270234	0.004088	1.316923
-11.054242	0.042744	3.280230	0.004241	1.316991
-9.852068	-0.229416	3.290227	0.004020	1.316906
-10.510173	-0.201499	3.300224	0.004142	1.316804
-10.363970	-0.034471	3.310221	0.004115	1.317038
-9.308292	-0.224954	3.320218	0.003921	1.317023
-10.765695	-0.000831	3.330214	0.004190	1.316996
-9.290753	-0.298157	3.340211	0.003918	1.316937
-10.064174	-0.157842	3.350208	0.004061	1.316948
-9.787772	-0.058821	3.360205	0.004010	1.317126
-9.986025	-0.182350	3.370202	0.004047	1.316933
-9.677126	-0.146054	3.380198	0.003991	1.317042
-9.591251	-0.158448	3.390195	0.003975	1.317044
-9.325010	-0.204149	3.400192	0.003926	1.317043
-9.800921	-0.124471	3.410189	0.004014	1.317041
-9.764330	-0.051484	3.420186	0.004008	1.317138
-9.116848	-0.238513	3.430182	0.003889	1.317043
-9.301061	-0.207527	3.440179	0.003923	1.317042
-9.568071	-0.150941	3.450176	0.003973	1.317056
-8.818715	-0.155660	3.460173	0.003835	1.317205
-9.507133	-0.104351	3.470170	0.003962	1.317125
-8.919949	-0.201394	3.480166	0.003854	1.317127
-9.088543	-0.244234	3.490163	0.003886	1.317040
-8.697202	-0.125376	3.500160	0.003814	1.317266
-8.796192	-0.142009	3.510157	0.003832	1.317225
-8.842542	-0.166969	3.520154	0.003841	1.317184
-9.449408	-0.062916	3.530150	0.003953	1.317186
-8.494218	-0.237870	3.540147	0.003778	1.317169
-8.035680	-0.221568	3.550144	0.003694	1.317284
-8.876977	-0.101774	3.560141	0.003849	1.317256
-8.665196	-0.092564	3.570138	0.003810	1.317311
-8.873305	-0.169585	3.580134	0.003849	1.317173
-8.180651	-0.183123	3.590131	0.003721	1.317299
-7.715721	-0.235651	3.600128	0.003636	1.317331
-8.680482	-0.138831	3.610125	0.003814	1.317249
-7.910124	-0.211841	3.620122	0.003673	1.317319
-8.557258	-0.172112	3.630118	0.003792	1.317233
-7.759464	-0.191758	3.640115	0.003645	1.317374
-7.909356	-0.176457	3.650112	0.003673	1.317362
-8.211981	-0.195244	3.660109	0.003729	1.317276
-7.877092	-0.177146	3.670106	0.003668	1.317367
-7.870929	-0.169941	3.680102	0.003667	1.317377
-7.438804	-0.246561	3.690099	0.003588	1.317372
-7.942582	-0.158540	3.700096	0.003681	1.317375
-8.020881	-0.149290	3.710093	0.003696	1.317370
-7.806909	-0.035323	3.720090	0.003656	1.317554
-7.217271	-0.240641	3.730086	0.003548	1.317424
-7.558400	-0.223026	3.740083	0.003611	1.317374
-7.466708	-0.056310	3.750080	0.003595	1.317597
-7.231973	-0.174714	3.760077	0.003552	1.317500
-7.651443	-0.083483	3.770074	0.003629	1.317525
-6.789406	-0.252437	3.780070	0.003471	1.317496
-7.333931	-0.071078	3.790067	0.003572	1.317605
-7.039876	-0.212901	3.800064	0.003518	1.317492
-7.150612	-0.092337	3.810061	0.003538	1.317617
-6.439799	-0.240181	3.820058	0.003408	1.317582
-7.494252	-0.090090	3.830054	0.003602	1.317547
-6.452748	-0.203769	3.840051	0.003411	1.317624
-7.592134	0.042292	3.850048	0.003621	1.317689
-5.931755	-0.239792	3.860045	0.003315	1.317687
-6.473677	-0.204874	3.870042	0.003416	1.317617
-6.636911	-0.178394	3.880038	0.003446	1.317615
-6.983408	-0.119904	3.890035	0.003510	1.317615
-6.562598	0.012493	3.900032	0.003433	1.317864
-6.236536	-0.236907	3.910029	0.003373	1.317625
-7.250594	0.092851	3.920026	0.003560	1.317819
-5.124844	-0.154088	3.930022	0.003169	1.317957
-6.584684	-0.055284	3.940019	0.003438	1.317775
-5.732811	-0.266708	3.950016	0.003282	1.317692
-6.592110	-0.079740	3.960013	0.003440	1.317743
-5.621125	-0.189897	3.970010	0.003262	1.317809
-6.165179	-0.160365	3.980006	0.003362	1.317732
-5.555495	-0.166256	3.990003	0.003250	1.317850
-5.937609	-0.165066	4.000000	0.003321	1.317772
-5.839256	-0.138694	4.009997	0.003303	1.317825
-6.048496	-0.175151	4.019994	0.003342	1.317736
-5.693397	-0.083468	4.029990	0.003277	1.317922
-5.306023	-0.144291	4.039987	0.003206	1.317927
-5.577446	-0.224762	4.049984	0.003256	1.317772
-6.001936	0.033190	4.059981	0.003334	1.318000
-4.871358	-0.169183	4.069978	0.003127	1.317986
-5.154246	-0.170686	4.079974	0.003179	1.317925
-5.460459	-0.116906	4.089971	0.003236	1.317927
-5.042127	-0.192083	4.099968	0.003159	1.317921
-5.214964	-0.164045	4.109965	0.003191	1.317920
-5.473780	-0.019744	4.119962	0.003239	1.318042
-4.316511	-0.291493	4.129958	0.003026	1.317949
-5.231313	-0.153235	4.139955	0.003195	1.317928
-4.790813	-0.228908	4.149952	0.003114	1.317927
-5.538682	0.040758	4.159949	0.003252	1.318102
-4.220201	-0.242308	4.169946	0.003010	1.318028
-5.278716	0.012284	4.179942	0.003205	1.318120
-3.813389	-0.252049	4.189939	0.002935	1.318099
-5.478089	-0.007594	4.199936	0.003242	1.318054
-4.006961	-0.110001	4.209933	0.002972	1.318233
-4.610000	-0.211160	4.219930	0.003083	1.317983
-4.250248	-0.069900	4.229926	0.003017	1.318231
-4.559413	-0.105561	4.239923	0.003074	1.318123
-4.617372	-0.006371	4.249920	0.003085	1.318232
-4.067533	-0.101168	4.259917	0.002984	1.318229
-4.652013	0.095416	4.269914	0.003092	1.318349
-3.186709	-0.076466	4.279910	0.002823	1.318441
-3.909737	-0.121588	4.289907	0.002956	1.318236
-3.984901	-0.114468	4.299904	0.002970	1.318229
-4.083867	-0.090565	4.309901	0.002989	1.318237
-3.677269	-0.158845	4.319898	0.002914	1.318237
-4.436637	0.063738	4.329894	0.003054	1.318352
-3.157824	-0.062510	4.339891	0.002819	1.318462
-3.816876	-0.136888	4.349888	0.002941	1.318234
-4.367237	0.259433	4.359885	0.003042	1.318605
-2.716854	-0.089464	4.369882	0.002739	1.318520
-3.834560	0.085318	4.379878	0.002945	1.318502
-2.931847	-0.141685	4.389875	0.002779	1.318410
-4.271418	0.200961	4.399872	0.003026	1.318552
-2.877634	0.166013	4.409869	0.002769	1.318798
-2.901831	-0.032734	4.419866	0.002774	1.318549
-3.330970	0.042339	4.429862	0.002854	1.318552
-3.331999	0.049046	4.439859	0.002854	1.318559
-2.816142	0.064391	4.449856	0.002759	1.318685
-3.155581	0.018563	4.459853	0.002822	1.318558
-2.738352	0.168839	4.469850	0.002746	1.318828
-2.469560	-0.098977	4.479846	0.002697	1.318555
-3.399838	0.125723	4.489843	0.002868	1.318638
-2.430820	0.106576	4.499840	0.002690	1.318814
-3.260207	0.258192	4.509837	0.002843	1.318828
-2.480196	0.156521	4.519834	0.002700	1.318865
-2.226434	0.109045	4.529830	0.002653	1.318859
-2.772944	0.201535	4.539827	0.002754	1.318858
-2.401857	0.308663	4.549824	0.002686	1.319066
-2.466618	0.162747	4.559821	0.002698	1.318874
-2.582013	0.431796	4.569818	0.002720	1.319179
-2.150614	0.358564	4.579814	0.002641	1.319178
-1.920332	0.321058	4.589811	0.002598	1.319180
-2.262655	0.379662	4.599808	0.002662	1.319180
-2.038753	0.348917	4.609805	0.002621	1.319188
-2.558439	0.575727	4.619802	0.002717	1.319358
-1.415192	0.378569	4.629798	0.002507	1.319353
-2.433196	0.563156	4.639795	0.002694	1.319368
-1.293741	0.470271	4.649792	0.002485	1.319490
-2.134278	0.549444	4.659789	0.002640	1.319412
-1.700110	0.535766	4.669786	0.002560	1.319485
-1.800275	0.569007	4.679782	0.002579	1.319505
-2.002183	0.858233	4.689779	0.002616	1.319817
-1.347518	0.748217	4.699776	0.002496	1.319817
-1.786990	0.925374	4.709773	0.002577	1.319943
-1.346117	0.993319	4.719770	0.002496	1.320117
-1.164723	0.961528	4.729766	0.002463	1.320115
-1.271394	0.975177	4.739763	0.002483	1.320109
-1.402775	0.998498	4.749760	0.002508	1.320110
-1.524730	1.137907	4.759757	0.002530	1.320255
-0.846480	1.095152	4.769754	0.002406	1.320343
-0.927968	1.053555	4.779750	0.002421	1.320275
-1.305831	1.240266	4.789747	0.002491	1.320425
-0.775834	1.148841	4.799744	0.002393	1.320422
-0.864943	1.158753	4.809741	0.002410	1.320415
-0.646197	1.129658	4.819738	0.002370	1.320425
-0.897833	1.211009	4.829734	0.002417	1.320472
-0.555318	1.368060	4.839731	0.002354	1.320734
-0.361867	1.288404	4.849728	0.002319	1.320677
-1.189259	1.438904	4.859725	0.002471	1.320689
-0.609458	1.578957	4.869722	0.002365	1.320980
-0.878590	1.689938	4.879718	0.002414	1.321060
-0.565304	1.874857	4.889715	0.002357	1.321350
-0.196345	1.827669	4.899712	0.002289	1.321368
-0.377525	1.854034	4.909709	0.002323	1.321363
-0.432883	1.934526	4.919706	0.002333	1.321449
0.113709	2.035821	4.929702	0.002233	1.321686
0.000000	2.056039	4.939699	0.002254	1.321686

-0.637046	2.195223	4.944704	0.002372	1.321725
-0.608492	2.504818	4.949709	0.002366	1.322109
0.322735	2.628575	4.954714	0.002195	1.322452
0.958539	2.657732	4.959718	0.002078	1.322619
0.226399	3.106470	4.964723	0.002213	1.323015
0.214384	3.567419	4.969728	0.002215	1.323575
0.333542	4.068477	4.974733	0.002193	1.324211
1.393500	4.443414	4.979738	0.001997	1.324886
1.922226	4.796169	4.984742	0.001900	1.325424
1.891049	5.308699	4.989747	0.001905	1.326042
1.690649	5.935983	4.994752	0.001942	1.326764
2.076333	6.533495	4.999757	0.001871	1.327570
3.434860	6.915154	5.004762	0.001620	1.328313
3.478689	7.462194	5.009766	0.001612	1.328987
3.336501	8.159133	5.014771	0.001638	1.329804
3.964258	8.762222	5.019776	0.001522	1.330665
4.183736	9.459123	5.024781	0.001481	1.331555
5.294090	9.965015	5.029786	0.001277	1.332395
5.131742	10.627725	5.034790	0.001306	1.333165
5.761696	11.286662	5.039795	0.001190	1.334091
5.869443	12.013451	5.044800	0.001170	1.334992
6.317074	12.759327	5.049805	0.001087	1.335985
7.550140	13.297731	5.054810	0.000860	1.336887
7.330551	14.006336	5.059814	0.000900	1.337698
7.964150	14.701319	5.064819	0.000783	1.338665
8.393692	15.381595	5.069824	0.000703	1.339572
8.728397	16.145271	5.074829	0.000641	1.340560
9.973584	16.692561	5.079834	0.000412	1.341472
9.808328	17.418720	5.084838	0.000442	1.342312
10.527017	18.066237	5.089843	0.000309	1.343236
10.360696	18.882129	5.094848	0.000339	1.344183
11.166884	19.619917	5.099853	0.000191	1.345231
12.420498	20.177418	5.104858	-0.000040	1.346154
12.284646	20.904205	5.109862	-0.000016	1.346997
12.832238	21.582824	5.114867	-0.000117	1.347921
12.732201	22.397489	5.119872	-0.000099	1.348876
13.680507	23.131065	5.124877	-0.000274	1.349945
14.611521	23.725782	5.129882	-0.000446	1.350843
14.410171	24.564762	5.134886	-0.000409	1.351804
15.344873	25.181910	5.139891	-0.000581	1.352729
15.010188	26.068174	5.144896	-0.000520	1.353719
16.048891	26.805052	5.149901	-0.000712	1.354806
18.435250	27.102683	5.154906	-0.001151	1.355639
19.014498	27.473510	5.159910	-0.001258	1.356196
19.596066	27.877477	5.164915	-0.001365	1.356793
20.052177	28.226407	5.169920	-0.001450	1.357299
20.358858	28.651747	5.174925	-0.001506	1.357866
21.149893	28.987596	5.179930	-0.001652	1.358424
20.932630	29.553737	5.184934	-0.001612	1.359053
21.791360	29.985790	5.189939	-0.001770	1.359737
22.007138	30.470603	5.194944	-0.001810	1.360355
22.796642	30.879355	5.199949	-0.001956	1.360998
23.589558	31.229206	5.204954	-0.002102	1.361571
23.527463	31.737143	5.209958	-0.002091	1.362160
24.550833	32.073557	5.214963	-0.002279	1.362763
25.194282	32.409674	5.219968	-0.002398	1.363289
25.609765	32.777212	5.224973	-0.002475	1.363806
25.857424	33.218556	5.229978	-0.002520	1.364378
26.004817	33.697837	5.234982	-0.002548	1.364974
26.987373	34.059815	5.239987	-0.002729	1.365597
26.917781	34.575536	5.244992	-0.002716	1.366192
27.379252	35.102749	5.249997	-0.002801	1.366906
28.383198	35.399890	5.255002	-0.002986	1.367456
28.245512	35.960448	5.260006	-0.002961	1.368090
29.152413	36.376152	5.265011	-0.003128	1.368760
29.200534	36.905714	5.270016	-0.003137	1.369394
29.319274	37.491503	5.275021	-0.003159	1.370107
30.537390	37.927762	5.280026	-0.003384	1.370862
30.569660	38.492275	5.285030	-0.003390	1.371533
31.714637	38.853540	5.290035	-0.003601	1.372184
31.650539	39.385551	5.295040	-0.003589	1.372796
31.887157	39.954397	5.300045	-0.003633	1.373512
33.052651	40.378074	5.305050	-0.003848	1.374239
32.912807	40.948611	5.310054	-0.003823	1.374881
33.791700	41.437481	5.315059	-0.003985	1.375628
33.888653	41.997674	5.320064	-0.004003	1.376304
34.144616	42.608695	5.325069	-0.004050	1.377070
34.972613	43.101050	5.330074	-0.004203	1.377810
35.076955	43.720544	5.335078	-0.004222	1.378556
36.079629	44.226838	5.340083	-0.004407	1.379345
36.223897	44.790421	5.345088	-0.004434	1.380032
36.403069	45.475205	5.350093	-0.004467	1.380868
37.688557	45.928110	5.355098	-0.004704	1.381649
37.991722	46.398082	5.360102	-0.004760	1.382257
38.876805	46.847235	5.365107	-0.004923	1.382954
39.619473	47.235891	5.370112	-0.005060	1.383553
39.712552	47.730235	5.375117	-0.005078	1.384147
40.301287	48.219962	5.380122	-0.005186	1.384833
40.571441	48.730636	5.385126	-0.005236	1.385481
41.247321	49.212764	5.390131	-0.005361	1.386174
42.004971	49.602720	5.395136	-0.005500	1.386776
41.751139	50.169663	5.400141	-0.005454	1.387385
42.609826	50.641577	5.405146	-0.005612	1.388101
42.755536	51.192764	5.410150	-0.005639	1.388770
43.549856	51.707588	5.415155	-0.005786	1.389523
43.999590	52.195186	5.420160	-0.005869	1.390176
44.093874	52.804735	5.425165	-0.005886	1.390901
44.791344	53.354491	5.430170	-0.006015	1.391674
45.133108	53.893977	5.435174	-0.006078	1.392366
45.779214	54.419923	5.440179	-0.006197	1.393101
46.507821	54.912424	5.445184	-0.006332	1.393812
46.520198	55.526454	5.450189	-0.006334	1.394525
47.505910	55.999989	5.455194	-0.006516	1.395264
47.913579	56.494360	5.460198	-0.006591	1.395914
48.739844	56.964496	5.465203	-0.006744	1.396617
49.564359	57.285849	5.470208	-0.006896	1.397147
49.803475	57.727173	5.475213	-0.006940	1.397703
50.623538	58.104052	5.480218	-0.007091	1.398296
50.753422	58.547448	5.485222	-0.007115	1.398833
51.266057	58.998373	5.490227	-0.007210	1.399452
51.566769	59.484118	5.495232	-0.007265	1.400069
51.911203	60.005478	5.500237	-0.007329	1.400736
52.554837	60.500446	5.505242	-0.007448	1.401430
52.891714	60.943738	5.510246	-0.007510	1.402005
52.921438	61.558296	5.515251	-0.007515	1.402717
53.645644	62.093896	5.520256	-0.007649	1.403472
53.698051	62.727056	5.525261	-0.007659	1.404210
54.332491	63.347633	5.530266	-0.007776	1.405044
54.432734	64.019360	5.535270	-0.007795	1.405834
54.917591	64.679474	5.540275	-0.007884	1.406684
55.712586	65.251200	5.545280	-0.008031	1.407492
56.115520	65.858882	5.550285	-0.008106	1.408266
56.810255	66.479594	5.555290	-0.008234	1.409109
57.598472	66.960809	5.560294	-0.008379	1.409811
58.433005	67.454527	5.565299	-0.008533	1.410535
59.352250	67.834158	5.570304	-0.008702	1.411145
59.907037	68.218748	5.575309	-0.008805	1.411690
60.318104	68.600114	5.580314	-0.008881	1.412204
60.665871	69.018637	5.585318	-0.008945	1.412748
61.137307	69.482318	5.590323	-0.009032	1.413368
61.501529	69.944344	5.595328	-0.009099	1.413964
61.917804	70.421166	5.600333	-0.009176	1.414587
62.580134	70.867206	5.605338	-0.009298	1.415222
62.919890	71.328284	5.610342	-0.009361	1.415811
63.177625	71.887080	5.615347	-0.009408	1.416497
63.802906	72.310752	5.620352	-0.009524	1.417098
64.268093	72.800280	5.625357	-0.009610	1.417743
64.958968	73.241619	5.630362	-0.009737	1.418376
65.079819	73.783090	5.635366	-0.009759	1.419015
65.777807	74.263894	5.640371	-0.009888	1.419693
66.365629	74.727263	5.645376	-0.009997	1.420331
66.583101	75.245670	5.650381	-0.010037	1.420961
67.459618	75.704646	5.655386	-0.010198	1.421647
67.551974	76.181720	5.660390	-0.010216	1.422206
68.108337	76.694642	5.665395	-0.010318	1.422892
68.524972	77.239359	5.670400	-0.010395	1.423588
69.151709	77.719073	5.675405	-0.010511	1.424250
69.933538	78.163636	5.680410	-0.010655	1.424901
70.014493	78.682553	5.685414	-0.010670	1.425503
70.667810	79.193447	5.690419	-0.010791	1.426204
70.919467	79.723291	5.695424	-0.010837	1.426851
71.353411	80.216310	5.700429	-0.010917	1.427489
72.070728	80.738159	5.705434	-0.011050	1.428214
72.813753	81.165031	5.710438	-0.011187	1.428836
73.502958	81.602257	5.715443	-0.011314	1.429459
74.279957	81.948510	5.720448	-0.011457	1.429995
74.760477	82.298910	5.725453	-0.011545	1.430480
74.816411	82.807110	5.730458	-0.011556	1.431064
75.376506	83.238673	5.735462	-0.011659	1.431655
75.756751	83.692456	5.740467	-0.011729	1.432237
76.515626	84.073939	5.745472	-0.011869	1.432809
76.582234	84.587328	5.750477	-0.011882	1.433399
76.874469	85.121025	5.755482	-0.011936	1.434054
77.384439	85.634344	5.760486	-0.012030	1.434726
77.478104	86.291254	5.765491	-0.012047	1.435481
78.294641	86.796433	5.770496	-0.012198	1.436202
78.378823	87.377857	5.775501	-0.012214	1.436870
78.457306	88.083147	5.780506	-0.012228	1.437675
79.225593	88.717888	5.785510	-0.012370	1.438530
79.345103	89.435018	5.790515	-0.012393	1.439356
79.917345	90.090150	5.795520	-0.012498	1.440196
80.203761	90.874216	5.800525	-0.012551	1.441127
80.461577	91.598669	5.805530	-0.012599	1.441985
81.163579	92.318525	5.810534	-0.012729	1.442920
81.319570	93.143010	5.815539	-0.012758	1.443870
82.002273	93.875613	5.820544	-0.012884	1.444815
82.146640	94.744193	5.825549	-0.012911	1.445810
82.398018	95.586167	5.830554	-0.012958	1.446795
82.846756	96.436652	5.835558	-0.013041	1.447825
83.154491	97.384417	5.840563	-0.013098	1.448937
83.997469	98.176221	5.845568	-0.013254	1.449974
84.323838	99.078276	5.850573	-0.013314	1.451037
84.651065	99.969933	5.855578	-0.013375	1.452087
85.517818	100.780290	5.860582	-0.013535	1.453146
86.190912	101.595328	5.865587	-0.013659	1.454174
86.979160	102.321408	5.870592	-0.013805	1.455124
87.367094	103.106702	5.875597	-0.013877	1.456065
87.944853	103.854038	5.880602	-0.013983	1.456998
88.879484	104.489145	5.885606	-0.014156	1.457873
89.408884	105.166366	5.890611	-0.014254	1.458719
89.698004	105.868072	5.895616	-0.014307	1.459547
89.946802	106.613276	5.900621	-0.014353	1.460415
90.393250	107.400366	5.905626	-0.014436	1.461365
90.783882	108.132739	5.910630	-0.014508	1.462244
91.272404	108.923717	5.915635	-0.014599	1.463205
91.571271	109.760596	5.920640	-0.014654	1.464181
92.025208	110.555110	5.925645	-0.014738	1.465138
92.544909	111.401184	5.930650	-0.014834	1.466164
92.955983	112.173204	5.935654	-0.014910	1.467087
93.545973	112.975593	5.940659	-0.015019	1.468076
94.030165	113.807446	5.945664	-0.015109	1.469077
94.520744	114.628909	5.950669	-0.015200	1.470067
94.951125	115.469414	5.955674	-0.015279	1.471066
95.355531	116.264113	5.960678	-0.015354	1.472010
95.667455	117.160215	5.965683	-0.015412	1.473047
95.987545	118.105904	5.970688	-0.015471	1.474140
96.628995	118.951650	5.975693	-0.015590	1.475180
97.119230	119.858253	5.980698	-0.015681	1.476259
97.571707	120.687011	5.985702	-0.015764	1.477245
98.114051	121.571917	5.990707	-0.015865	1.478308
98.473605	122.503238	5.995712	-0.015932	1.479388
99.263620	123.309034	6.000717	-0.016077	1.480408
99.787245	124.163326	6.005722	-0.016174	1.481432
100.215566	125.007831	6.010726	-0.016254	1.482427
100.649215	125.876945	6.015731	-0.016334	1.483450
100.980846	126.796303	6.020736	-0.016395	1.484508
101.630034	127.655466	6.025741	-0.016515	1.485557
102.261997	128.484497	6.030746	-0.016632	1.486569
102.335998	129.390334	6.035750	-0.016646	1.487564
102.827294	130.331686	6.040755	-0.016737	1.488671
103.453442	131.224318	6.045760	-0.016853	1.489749
103.676722	132.194768	6.050765	-0.016895	1.490838
104.916182	132.954671	6.055770	-0.017123	1.491881
105.728276	133.673343	6.060774	-0.017273	1.492803
106.402859	134.373546	6.065779	-0.017398	1.493679
107.333822	135.014227	6.070784	-0.017569	1.494536
108.171257	135.539055	6.075789	-0.017724	1.495251
109.167076	136.020146	6.080794	-0.017908	1.495947
109.655449	136.427606	6.085798	-0.017998	1.496472
110.080581	136.909553	6.090803	-0.018076	1.497067
110.404914	137.439343	6.095808	-0.018136	1.497695
110.575475	138.049019	6.100813	-0.018168	1.498380
111.274691	138.577067	6.105818	-0.018297	1.499072
111.785089	139.122617	6.110822	-0.018391	1.499749
112.293253	139.652116	6.115827	-0.018485	1.500408
112.833066	140.172000	6.120832	-0.018584	1.501062
113.337822	140.658390	6.125837	-0.018677	1.501674
114.127729	141.125168	6.130842	-0.018823	1.502314
114.714081	141.566072	6.135846	-0.018931	1.502891
115.050686	142.048407	6.140851	-0.018993	1.503467
115.463499	142.546467	6.145856	-0.019070	1.504074
115.790114	143.076973	6.150861	-0.019130	1.504700
116.259089	143.619902	6.155866	-0.019217	1.505364
116.690101	144.151597	6.160870	-0.019296	1.506009
116.839166	144.723660	6.165875	-0.019324	1.506647
116.890580	145.468884	6.170880	-0.019334	1.507452
117.363105	146.134003	6.175885	-0.019421	1.508246
118.045881	146.810950	6.180890	-0.019547	1.509090
118.006579	147.580476	6.185894	-0.019540	1.509904
118.418363	148.359380	6.190899	-0.019616	1.510807
119.000894	149.101771	6.195904	-0.019724	1.511701
119.433343	149.843116	6.200909	-0.019804	1.512566
119.949221	150.623361	6.205914	-0.019899	1.513488
120.040935	151.493231	6.210918	-0.019917	1.514429
120.771848	152.265450	6.215923	-0.020052	1.515379
121.082846	153.105479	6.220928	-0.020109	1.516326
121.462144	153.900965	6.225933	-0.020180	1.517237
122.101340	154.745689	6.230938	-0.020298	1.518245
122.190357	155.658885	6.235942	-0.020315	1.519229
122.839558	156.531387	6.240947	-0.020435	1.520267
123.349247	157.411271	6.245952	-0.020529	1.521288
123.573358	158.293266	6.250957	-0.020571	1.522261
124.167986	159.202349	6.255962	-0.020681	1.523326
124.334583	160.205171	6.260966	-0.020712	1.524415
124.937898	161.110443	6.265971	-0.020823	1.525476
125.506454	162.026766	6.270976	-0.020929	1.526542
125.781299	162.985206	6.275981	-0.020980	1.527600
126.401836	163.958556	6.280986	-0.021094	1.528734
127.249294	164.819653	6.285990	-0.021251	1.529788
128.057626	165.613296	6.290995	-0.021400	1.530763
129.339018	166.225418	6.296000	-0.021636	1.531629
130.664152	166.672632	6.301005	-0.021881	1.532329
131.392215	167.124484	6.306010	-0.022015	1.532930
132.275268	167.479949	6.311014	-0.022178	1.533456
132.786820	167.857932	6.316019	-0.022272	1.533942
133.180345	168.256137	6.321024	-0.022345	1.534428
133.634495	168.697172	6.326029	-0.022428	1.534969
133.972250	169.142860	6.331034	-0.022491	1.535495
134.182163	169.606239	6.336038	-0.022530	1.536017
134.823796	170.021979	6.341043	-0.022648	1.536563
135.281958	170.511242	6.346048	-0.022732	1.537155
135.648180	171.005756	6.351053	-0.022800	1.537736
135.935951	171.573527	6.356058	-0.022853	1.538380
135.913586	172.206869	6.361062	-0.022849	1.539038
136.536497	172.804264	6.366067	-0.022964	1.539770
136.926317	173.469109	6.371072	-0.023037	1.540533
137.117937	174.101396	6.376077	-0.023072	1.541226
137.501443	174.821362	6.381082	-0.023143	1.542044
137.519947	175.660992	6.386086	-0.023147	1.542923
138.204487	176.383577	6.391091	-0.023273	1.543795
138.955374	177.122535	6.396096	-0.023412	1.544694
139.052765	177.893102	6.401101	-0.023430	1.545513
139.856109	178.574195	6.406106	-0.023578	1.546360
139.922481	179.424995	6.411110	-0.023591	1.547257
140.676238	180.150040	6.416115	-0.023730	1.548141
141.244293	180.924948	6.421120	-0.023835	1.549043
141.186284	181.773104	6.426125	-0.023825	1.549914
142.208669	182.498304	6.431130	-0.024014	1.550842
142.982418	183.172020	6.436134	-0.024156	1.551673
143.546739	183.827974	6.441139	-0.024261	1.552450
144.799772	184.364651	6.446144	-0.024492	1.553220
145.040431	184.906051	6.451149	-0.024536	1.553822
146.079830	185.375188	6.456154	-0.024728	1.554485
146.645716	185.866890	6.461158	-0.024832	1.555090
146.848529	186.342085	6.466163	-0.024870	1.555616
147.504896	186.781019	6.471168	-0.024991	1.556182
147.554064	187.376361	6.476173	-0.025000	1.556806
148.469318	187.821635	6.481178	-0.025169	1.557422
149.090589	188.303131	6.486182	-0.025283	1.558025
149.185988	188.845053	6.491187	-0.025301	1.558601
149.923383	189.338764	6.496192	-0.025437	1.559236
150.009218	189.945028	6.501197	-0.025453	1.559876
150.300550	190.557411	6.506202	-0.025507	1.560557
150.744729	191.147081	6.511206	-0.025589	1.561240
150.965433	191.822264	6.516211	-0.025630	1.561973
151.594228	192.466626	6.521216	-0.025746	1.562744
151.750205	193.194699	6.526221	-0.025775	1.563519
152.126440	193.929735	6.531226	-0.025845	1.564339
152.505713	194.737869	6.536230	-0.025915	1.565235
152.785155	195.483786	6.541235	-0.025967	1.566049
153.430492	196.227151	6.546240	-0.026086	1.566921
153.583130	197.093306	6.551245	-0.026115	1.567836
153.681228	198.022197	6.556250	-0.026133	1.568806
154.381719	198.898270	6.561254	-0.026263	1.569822
154.666698	199.818411	6.566259	-0.026316	1.570813
155.194974	200.712490	6.571264	-0.026413	1.571818
155.826211	201.589097	6.576269	-0.026530	1.572821
155.977437	202.542855	6.581274	-0.026558	1.573822
156.618313	203.471717	6.586278	-0.026677	1.574879
157.127314	204.360732	6.591283	-0.026771	1.575872
157.516314	205.270529	6.596288	-0.026843	1.576866
158.288619	206.137510	6.601293	-0.026986	1.577880
158.645296	207.066141	6.606298	-0.027052	1.578886
159.234337	207.960065	6.611302	-0.027161	1.579895
159.738204	208.822152	6.616307	-0.027254	1.580857
160.108685	209.734018	6.621312	-0.027323	1.581847
160.472036	210.662570	6.626317	-0.027390	1.582852
161.026625	211.618950	6.631322	-0.027493	1.583916
161.428331	212.560069	6.636326	-0.027567	1.584939
162.093619	213.404814	6.641331	-0.027690	1.585907
162.532333	214.346562	6.646336	-0.027772	1.586935
163.127428	215.239795	6.651341	-0.027882	1.587939
163.646505	216.151375	6.656346	-0.027978	1.588949
164.258362	217.018954	6.661350	-0.028091	1.589928
164.850833	217.827364	6.666355	-0.028200	1.590844
165.089427	218.754801	6.671360	-0.028245	1.591821
165.526293	219.668765	6.676365	-0.028326	1.592817
166.043283	220.586326	6.681370	-0.028421	1.593829
166.361506	221.555959	6.686374	-0.028480	1.594860
166.994641	222.394373	6.691379	-0.028597	1.595810
167.469720	223.312375	6.696384	-0.028685	1.596814
167.988665	224.242291	6.701389	-0.028781	1.597836
168.766152	225.100643	6.706394	-0.028925	1.598828
169.566639	225.896122	6.711398	-0.029073	1.599760
170.512498	226.559222	6.716403	-0.029247	1.600582
171.482123	227.118987	6.721408	-0.029426	1.601304
172.375217	227.632869	6.726413	-0.029591	1.601967
173.510463	228.037479	6.731418	-0.029800	1.602559
174.559257	228.281953	6.736422	-0.029993	1.602977
175.312888	228.481316	6.741427	-0.030132	1.603300
176.032409	228.677464	6.746432	-0.030265	1.603615
176.773374	228.804656	6.751437	-0.030401	1.603864
177.237731	228.919527	6.756442	-0.030487	1.604055
178.308636	229.038473	6.761446	-0.030684	1.604350
178.809142	228.960207	6.766451	-0.030776	1.604353
179.503208	228.849207	6.771456	-0.030903	1.604356
179.725864	229.021573	6.776461	-0.030944	1.604565
180.213292	229.053358	6.781466	-0.031034	1.604676
180.793830	228.952514	6.786470	-0.031141	1.604670
180.892548	229.209823	6.791475	-0.031159	1.604944
181.287007	229.249517	6.796480	-0.031231	1.605049
181.622050	229.464369	6.801485	-0.031293	1.605319
181.903838	229.619107	6.806490	-0.031345	1.605520
182.132637	229.828816	6.811494	-0.031387	1.605767
182.543290	230.091446	6.816499	-0.031463	1.606097
182.658843	230.443695	6.821504	-0.031484	1.606469
182.954522	230.835987	6.826509	-0.031539	1.606910
183.368238	231.223778	6.831514	-0.031615	1.607365
183.549602	231.720673	6.836518	-0.031649	1.607892
183.941710	232.178314	6.841523	-0.031721	1.608414
184.354219	232.700257	6.846528	-0.031797	1.609003
184.897350	233.160159	6.851533	-0.031897	1.609551
185.189679	233.712174	6.856538	-0.031951	1.610150
185.641038	234.208271	6.861542	-0.032035	1.610719
186.253728	234.689959	6.866547	-0.032148	1.611300
186.908268	235.188347	6.871552	-0.032268	1.611904
187.373377	235.649367	6.876557	-0.032354	1.612439
187.789813	236.135745	6.881562	-0.032431	1.612992
188.526066	236.563525	6.886566	-0.032567	1.613538
189.025072	237.036039	6.891571	-0.032659	1.614090
189.478482	237.487834	6.896576	-0.032743	1.614614
189.825180	237.961777	6.901581	-0.032807	1.615142
190.403554	238.397456	6.906586	-0.032913	1.615670
190.968927	238.854738	6.911590	-0.033018	1.616217
191.486023	239.237399	6.916595	-0.033113	1.616681
192.387313	239.625157	6.921600	-0.033279	1.617213
192.797440	239.964665	6.926605	-0.033355	1.617617
193.388405	240.352517	6.931610	-0.033464	1.618098
194.218106	240.615944	6.936614	-0.033617	1.618495
194.810701	240.836143	6.941619	-0.033726	1.618809
195.311757	241.112369	6.946624	-0.033818	1.619165
195.999976	241.334249	6.951629	-0.033945	1.619496
196.822472	241.471719	6.956634	-0.034096	1.619766
197.780025	241.447090	6.961638	-0.034272	1.619896
198.233553	241.613382	6.966643	-0.034356	1.620135
198.674598	241.644902	6.971648	-0.034437	1.620237
199.045397	241.747037	6.976653	-0.034505	1.620399
199.436037	241.784440	6.981658	-0.034577	1.620499
199.830171	242.022834	6.986662	-0.034650	1.620799
200.018831	242.178034	6.991667	-0.034684	1.620983
200.213761	242.465232	6.996672	-0.034720	1.621300
200.716620	242.707463	7.001677	-0.034813	1.621621
200.968796	243.019469	7.006682	-0.034859	1.621971
201.024211	243.459565	7.011686	-0.034870	1.622416
201.317146	243.867669	7.016691	-0.034924	1.622868
201.322840	244.460019	7.021696	-0.034925	1.623455
201.627784	245.053931	7.026701	-0.034982	1.624092
201.995379	245.661234	7.031706	-0.035050	1.624753
202.169209	246.313978	7.036710	-0.035082	1.625426
202.375479	247.004190	7.041715	-0.035120	1.626142
202.494900	247.839036	7.046720	-0.035143	1.626987
203.126153	248.618257	7.051725	-0.035259	1.627858
203.259593	249.465179	7.056730	-0.035284	1.628716
203.355880	250.433957	7.061734	-0.035302	1.629687
204.051088	251.272826	7.066739	-0.035431	1.630626
204.344879	252.187322	7.071744	-0.035485	1.631574
204.708035	253.166859	7.076749	-0.035553	1.632597
205.012116	254.162552	7.081754	-0.035609	1.633626
205.391763	255.199942	7.086758	-0.035680	1.634708
206.126644	256.090193	7.091763	-0.035816	1.635700
206.980603	256.977440	7.096768	-0.035973	1.636709
207.684574	257.824730	7.101773	-0.036103	1.637653
208.682638	258.541535	7.106778	-0.036288	1.638516
209.034375	259.347613	7.111782	-0.036353	1.639362
209.721628	260.041112	7.116787	-0.036480	1.640152
210.393245	260.707770	7.121792	-0.036604	1.640912
210.632319	261.463503	7.126797	-0.036648	1.641690
211.237198	262.186280	7.131802	-0.036760	1.642494
211.603668	262.945539	7.136806	-0.036828	1.643295
212.111655	263.684274	7.141811	-0.036921	1.644098
212.459298	264.491350	7.146816	-0.036986	1.644942
212.776434	265.245989	7.151821	-0.037045	1.645730
213.287601	266.058544	7.156826	-0.037139	1.646604
213.661656	266.922359	7.161830	-0.037208	1.647507
214.085303	267.759426	7.166835	-0.037287	1.648390
214.865711	268.563688	7.171840	-0.037431	1.649298
215.180697	269.375526	7.176845	-0.037489	1.650138
215.679417	270.184261	7.181850	-0.037582	1.651005
216.188045	271.014653	7.186854	-0.037676	1.651893
216.693684	271.829027	7.191859	-0.037769	1.652765
217.218643	272.658261	7.196864	-0.037866	1.653654
217.773909	273.458340	7.201869	-0.037969	1.654519
218.254586	274.210086	7.206874	-0.038058	1.655325
218.692419	275.012477	7.211878	-0.038139	1.656173
219.328310	275.809252	7.216883	-0.038256	1.657046
219.539987	276.658150	7.221888	-0.038296	1.657902
219.926314	277.526534	7.226893	-0.038367	1.658804
220.240795	278.435308	7.231898	-0.038426	1.659734
220.768758	279.294351	7.236902	-0.038523	1.660648
221.292002	280.192465	7.241907	-0.038620	1.661599
221.779507	281.079198	7.246912	-0.038710	1.662533
222.171771	281.986949	7.251917	-0.038783	1.663472
222.772403	282.902053	7.256922	-0.038894	1.664450
223.108575	283.784307	7.261926	-0.038957	1.665354
223.649010	284.677505	7.266931	-0.039057	1.666300
224.224545	285.567699	7.271936	-0.039163	1.667248
224.675741	286.473282	7.276941	-0.039247	1.668191
225.039107	287.416044	7.281946	-0.039314	1.669156
225.651294	288.313730	7.286950	-0.039427	1.670115
226.037427	289.214390	7.291955	-0.039499	1.671041
226.496260	290.180482	7.296960	-0.039584	1.672042
226.761520	291.160368	7.301965	-0.039633	1.673024
227.484010	292.091049	7.306970	-0.039767	1.674030
227.866157	293.028688	7.311974	-0.039838	1.674989
228.369512	293.956410	7.316979	-0.039931	1.675957
229.471130	294.779092	7.321984	-0.040134	1.676916
230.228385	295.529533	7.326989	-0.040274	1.677753
230.751523	296.286205	7.331994	-0.040371	1.678558
231.554872	297.017857	7.336998	-0.040519	1.679383
232.216497	297.623709	7.342003	-0.040641	1.680064
232.621224	298.274537	7.347008	-0.040716	1.680749
233.234325	298.953054	7.352013	-0.040829	1.681492
233.996920	299.546303	7.357018	-0.040970	1.682177
234.221437	300.192076	7.362022	-0.041011	1.682828
234.839475	300.830248	7.367027	-0.041125	1.683533
235.424567	301.468676	7.372032	-0.041233	1.684232
235.888430	302.052711	7.377037	-0.041319	1.684861
236.320861	302.650766	7.382042	-0.041399	1.685497
236.503792	303.372974	7.387046	-0.041433	1.686214
237.394845	303.965302	7.392051	-0.041597	1.686915
238.266144	304.479338	7.397056	-0.041758	1.687538
238.928866	304.959283	7.402061	-0.041880	1.688097
239.735227	305.369955	7.407066	-0.042029	1.688612
240.406968	305.775157	7.412070	-0.042153	1.689100
241.038373	306.133193	7.417075	-0.042269	1.689538
241.461112	306.448556	7.422080	-0.042347	1.689902
241.772518	306.897792	7.427085	-0.042405	1.690377
242.281550	307.269406	7.432090	-0.042499	1.690808
242.663303	307.730733	7.437094	-0.042569	1.691305
243.258404	308.087397	7.442099	-0.042679	1.691735
243.583719	308.594487	7.447104	-0.042739	1.692266
243.753756	309.081769	7.452109	-0.042770	1.692754
244.158476	309.622952	7.457114	-0.042845	1.693330
244.401822	310.227777	7.462118	-0.042890	1.693941
244.783574	310.845731	7.467123	-0.042961	1.694585
245.196618	311.421837	7.472128	-0.043037	1.695194
245.332580	312.122187	7.477133	-0.043062	1.695878
245.783560	312.828529	7.482138	-0.043146	1.696616
246.158630	313.589539	7.487142	-0.043215	1.697393
246.433765	314.340334	7.492147	-0.043266	1.698146
246.691925	315.209802	7.497152	-0.043314	1.699007
246.928821	316.078548	7.502157	-0.043358	1.699864
247.748906	316.862595	7.507162	-0.043510	1.700730
247.998713	317.735169	7.512166	-0.043556	1.701592
248.348073	318.636001	7.517171	-0.043621	1.702495
248.799497	319.544734	7.522176	-0.043704	1.703421
249.125315	320.512205	7.527181	-0.043765	1.704382
249.539844	321.422209	7.532186	-0.043842	1.705302
249.809234	322.424972	7.537190	-0.043892	1.706287
250.413337	323.406093	7.542195	-0.044004	1.707302
250.737764	324.466826	7.547200	-0.044064	1.708349
251.344555	325.451690	7.552205	-0.044176	1.709366
252.036058	326.371714	7.557210	-0.044304	1.710335
252.659775	327.288804	7.562214	-0.044419	1.711290
253.593498	328.109792	7.567219	-0.044592	1.712201
254.483819	328.833264	7.572224	-0.044756	1.713014
255.203014	329.540428	7.577229	-0.044889	1.713786
256.193479	330.104487	7.582234	-0.045072	1.714463
256.630868	330.634048	7.587238	-0.045152	1.715025
257.307581	331.178651	7.592243	-0.045277	1.715637
258.028546	331.678846	7.597248	-0.045410	1.716214
258.473757	332.228161	7.602253	-0.045492	1.716794
259.325070	332.654074	7.607258	-0.045649	1.717321
260.006999	333.020778	7.612262	-0.045775	1.717766
260.845377	333.324026	7.617267	-0.045929	1.718176
261.642058	333.600859	7.622272	-0.046076	1.718554
262.331799	333.811623	7.627277	-0.046203	1.718854
263.073340	334.000413	7.632282	-0.046340	1.719142
263.352067	334.196538	7.637286	-0.046391	1.719367
263.797127	334.364765	7.642291	-0.046473	1.719591
264.221313	334.578854	7.647296	-0.046551	1.719854
264.654430	334.828512	7.652301	-0.046631	1.720152
265.178490	335.040686	7.657306	-0.046728	1.720429
265.353290	335.373171	7.662310	-0.046760	1.720765
265.450658	335.778757	7.667315	-0.046778	1.721158
266.034901	336.120687	7.672320	-0.046886	1.721565
266.053084	336.660421	7.677325	-0.046889	1.722071
266.529587	337.116052	7.682330	-0.046977	1.722567
266.525406	337.703930	7.687334	-0.046976	1.723114
266.843219	338.346629	7.692339	-0.047035	1.723760
267.133512	339.020177	7.697344	-0.047089	1.724431
267.115776	339.740517	7.702349	-0.047086	1.725099
267.709765	340.527903	7.707354	-0.047196	1.725920
267.922228	341.349356	7.712358	-0.047235	1.726716
268.091605	342.237089	7.717363	-0.047267	1.727566
268.655711	343.116800	7.722368	-0.047371	1.728468
268.688045	344.092066	7.727373	-0.047378	1.729378
269.031320	345.080478	7.732378	-0.047441	1.730346
269.161997	346.178884	7.737382	-0.047466	1.731385
269.467888	347.298170	7.742387	-0.047523	1.732468
269.936871	348.459098	7.747392	-0.047610	1.733613
270.093687	349.631517	7.752397	-0.047640	1.734721
270.512380	350.829339	7.757402	-0.047717	1.735892
270.944663	352.070445	7.762406	-0.047798	1.737103
271.070120	353.399753	7.767411	-0.047821	1.738350
271.723577	354.658859	7.772416	-0.047942	1.739609
272.063311	355.949678	7.777421	-0.048006	1.740850
272.445807	357.301867	7.782426	-0.048077	1.742153
272.523275	358.750665	7.787430	-0.048092	1.743499
272.955592	360.175607	7.792435	-0.048172	1.744874
273.431647	361.611044	7.797440	-0.048261	1.746264
273.870495	363.075771	7.802445	-0.048343	1.747675
274.584127	364.474102	7.807450	-0.048475	1.749064
275.019130	365.880865	7.812454	-0.048556	1.750418
275.352889	367.347088	7.817459	-0.048618	1.751811
276.162248	368.770101	7.822464	-0.048768	1.753233
276.876829	370.050583	7.827469	-0.048900	1.754510
277.355054	371.367733	7.832474	-0.048989	1.755784
277.813675	372.731265	7.837478	-0.049074	1.757097
278.296959	374.107343	7.842483	-0.049164	1.758425
278.897412	375.414298	7.847488	-0.049275	1.759705
279.406042	376.738022	7.852493	-0.049370	1.760986
279.973177	378.052931	7.857498	-0.049475	1.762267
280.121844	379.468212	7.862502	-0.049503	1.763577
280.505081	380.835750	7.867507	-0.049574	1.764877
281.296368	382.209578	7.872512	-0.049721	1.766240
281.583277	383.594724	7.877517	-0.049774	1.767540
282.142859	384.993120	7.882522	-0.049878	1.768891
282.446764	386.409420	7.887526	-0.049935	1.770219
282.835349	387.859147	7.892531	-0.050007	1.771589
283.646324	389.229703	7.897536	-0.050158	1.772948
283.893040	390.694460	7.902541	-0.050204	1.774309
284.577595	392.070137	7.907546	-0.050331	1.775651
284.884337	393.507952	7.912550	-0.050388	1.776995
285.298434	394.992227	7.917555	-0.050465	1.778394
285.973538	396.359439	7.922560	-0.050590	1.779725
286.516291	397.746302	7.927565	-0.050691	1.781053
286.976711	399.169789	7.932570	-0.050776	1.782401
287.265786	400.630597	7.937574	-0.050831	1.783757
287.612059	402.100471	7.942579	-0.050895	1.785129
288.313786	403.532457	7.947584	-0.051025	1.786516
288.635345	405.011291	7.952589	-0.051085	1.787890
288.991250	406.527623	7.957594	-0.051152	1.789301
289.491760	408.034039	7.962598	-0.051245	1.790723
289.858507	409.592155	7.967603	-0.051313	1.792171
290.471505	411.138931	7.972608	-0.051427	1.793643
290.748324	412.628145	7.977613	-0.051479	1.795014
291.237082	414.192298	7.982618	-0.051570	1.796481
291.608586	415.834893	7.987622	-0.051639	1.798000
292.556961	417.285347	7.992627	-0.051814	1.799429
293.311333	418.710523	7.997632	-0.051954	1.800806
293.783405	420.134117	8.002637	-0.052042	1.802141
294.425841	421.572481	8.007642	-0.052161	1.803512
295.023432	422.902251	8.012646	-0.052272	1.804779
295.413661	424.321520	8.017651	-0.052344	1.806095
295.980931	425.717467	8.022656	-0.052450	1.807415
296.558763	427.077492	8.027661	-0.052557	1.808703
296.945403	428.471054	8.032666	-0.052629	1.809994
297.378324	429.904499	8.037670	-0.052709	1.811325
297.871463	431.302187	8.042675	-0.052801	1.812631
298.607428	432.661208	8.047680	-0.052937	1.813937
298.901315	434.012702	8.052685	-0.052992	1.815173
299.245830	435.485262	8.057690	-0.053056	1.816523
299.732509	436.927063	8.062694	-0.053147	1.817864
300.196311	438.345147	8.067699	-0.053233	1.819180
300.721469	439.801731	8.072704	-0.053331	1.820537
300.951990	441.300162	8.077709	-0.053374	1.821889
301.421170	442.806816	8.082714	-0.053461	1.823281
301.824543	444.283059	8.087718	-0.053536	1.824636
302.047900	445.903931	8.092723	-0.053578	1.826091
302.779038	447.435963	8.097728	-0.053714	1.827538
302.952951	449.056847	8.102733	-0.053747	1.828985
303.585919	450.617973	8.107738	-0.053864	1.830441
304.037592	452.214322	8.112742	-0.053948	1.831902
304.276635	453.885094	8.117747	-0.053993	1.833398
304.688241	455.495886	8.122752	-0.054070	1.834864
305.096576	457.177536	8.127757	-0.054146	1.836390
305.403719	458.955889	8.132762	-0.054204	1.837985
305.724371	460.689148	8.137766	-0.054264	1.839541
306.176747	462.489481	8.142771	-0.054348	1.841173
306.662220	464.291662	8.147776	-0.054439	1.842809
306.724155	466.137845	8.152781	-0.054451	1.844424
307.247423	468.042884	8.157786	-0.054549	1.846152
307.732517	469.936615	8.162790	-0.054639	1.847863
308.208770	471.814169	8.167795	-0.054728	1.849557
308.549603	473.747522	8.172800	-0.054792	1.851280
308.780557	475.755620	8.177805	-0.054836	1.853050
309.277135	477.704142	8.182810	-0.054928	1.854804
309.768887	479.713380	8.187814	-0.055020	1.856608
310.140259	481.727382	8.192819	-0.055089	1.858398
310.700157	483.720415	8.197824	-0.055194	1.860193
311.129489	485.759445	8.202829	-0.055274	1.862009
311.441322	487.819612	8.207834	-0.055333	1.863825
311.982056	489.861632	8.212838	-0.055433	1.865654
312.429049	491.916541	8.217843	-0.055517	1.867481
312.772293	494.028092	8.222848	-0.055581	1.869340
313.260996	496.142267	8.227853	-0.055673	1.871218
313.684331	498.288835	8.232858	-0.055752	1.873114
314.264361	500.354668	8.237862	-0.055860	1.874961
314.639521	502.487014	8.242867	-0.055930	1.876834
315.013716	504.652636	8.247872	-0.056001	1.878734
315.122973	506.900763	8.252877	-0.056022	1.880667
315.755416	509.166221	8.257882	-0.056140	1.882682
316.051991	511.390862	8.262886	-0.056196	1.884616
316.589884	513.687610	8.267891	-0.056296	1.886641
317.117087	515.944898	8.272896	-0.056395	1.888629
317.363351	518.249297	8.277901	-0.056441	1.890618
317.835752	520.613038	8.282906	-0.056530	1.892685
318.397566	522.885634	8.287910	-0.056635	1.894684
318.833483	525.239386	8.292915	-0.056716	1.896733
319.388915	527.549185	8.297920	-0.056820	1.898758
319.667329	529.913094	8.302925	-0.056873	1.900791
320.137492	532.317582	8.307930	-0.056961	1.902880
320.675855	534.638897	8.312934	-0.057061	1.904906
321.061303	537.035181	8.317939	-0.057134	1.906973
321.623458	539.427365	8.322944	-0.057239	1.909058
322.176390	541.799577	8.327949	-0.057342	1.911122
322.654984	544.171775	8.332954	-0.057431	1.913174
323.091910	546.539733	8.337958	-0.057513	1.915215
323.522517	548.956485	8.342963	-0.057594	1.917293
324.062141	551.339911	8.347968	-0.057695	1.919356
324.517192	553.764116	8.352973	-0.057780	1.921439
324.893828	556.188325	8.357978	-0.057851	1.923510
325.464436	558.609009	8.362982	-0.057957	1.925601
325.985879	561.055529	8.367987	-0.058055	1.927705
326.460202	563.489475	8.372992	-0.058144	1.929790
326.838884	565.956121	8.377997	-0.058215	1.931887
327.390784	568.313115	8.383002	-0.058318	1.933914
327.727614	570.834354	8.388006	-0.058382	1.936047
328.038540	573.334571	8.393011	-0.058440	1.938156
328.730491	575.807633	8.398016	-0.058569	1.940290
329.071320	578.351234	8.403021	-0.058634	1.942434
329.470702	580.865170	8.408026	-0.058709	1.944559
330.170532	583.393676	8.413030	-0.058839	1.946733
330.520784	585.894102	8.418035	-0.058905	1.948836
331.025116	588.468003	8.423040	-0.059000	1.951016
331.345278	591.029385	8.428045	-0.059060	1.953161
331.822188	593.599249	8.433050	-0.059149	1.955330
332.288426	596.205966	8.438054	-0.059237	1.957525
332.737312	598.791911	8.443059	-0.059321	1.959699
333.051867	601.484949	8.448064	-0.059381	1.961941
333.576035	604.095726	8.453069	-0.059479	1.964139
333.907599	606.809084	8.458074	-0.059541	1.966395
334.557177	609.475486	8.463078	-0.059663	1.968649
334.775111	612.209027	8.468083	-0.059705	1.970901
335.378353	614.902318	8.473088	-0.059817	1.973167
335.889700	617.573657	8.478093	-0.059913	1.975400
336.476688	620.287510	8.483098	-0.060023	1.977675
337.038291	622.931469	8.488102	-0.060128	1.979887
337.412211	625.619682	8.493107	-0.060198	1.982109
337.980384	628.292442	8.498112	-0.060305	1.984340
338.565812	630.976159	8.503117	-0.060414	1.986580
339.173333	633.583755	8.508122	-0.060527	1.988759
339.692754	636.240922	8.513126	-0.060625	1.990964
340.282153	638.813348	8.518131	-0.060735	1.993107
340.957430	641.394908	8.523136	-0.060861	1.995265
341.737776	643.876721	8.528141	-0.061006	1.997355
342.231132	646.357426	8.533146	-0.061098	1.999405
342.869096	648.856956	8.538150	-0.061217	2.001487
343.494467	651.226571	8.543155	-0.061334	2.003461
344.169599	653.663099	8.548160	-0.061460	2.005492
344.666612	656.039135	8.553165	-0.061553	2.007451
345.213893	658.406764	8.558170	-0.061655	2.009408
345.804000	660.802779	8.563175	-0.061765	2.011390
346.144087	663.145973	8.568179	-0.061829	2.013298
346.614488	665.543501	8.573184	-0.061917	2.015263
346.917959	668.025096	8.578189	-0.061975	2.017273
347.266589	670.490125	8.583194	-0.062040	2.019273
347.801818	673.014120	8.588199	-0.062140	2.021340
348.170324	675.468061	8.593203	-0.062210	2.023329
348.734294	678.005030	8.598208	-0.062315	2.025406
349.104641	680.536694	8.603213	-0.062385	2.027453
349.460709	683.106607	8.608218	-0.062452	2.029527
349.879383	685.713788	8.613223	-0.062531	2.031635
350.510600	688.218973	8.618227	-0.062648	2.033687
350.828551	690.843373	8.623232	-0.062708	2.035792
351.185084	693.461302	8.628237	-0.062776	2.037895
351.567463	696.138885	8.633242	-0.062848	2.040045
352.130382	698.814695	8.638247	-0.062953	2.042213
352.703135	701.428681	8.643251	-0.063060	2.044332
353.325357	704.087421	8.648256	-0.063176	2.046490
353.690643	706.679192	8.653261	-0.063245	2.048562
354.130288	709.383592	8.658266	-0.063328	2.050728
354.543348	712.035238	8.663271	-0.063405	2.052849
355.232353	714.651084	8.668275	-0.063534	2.054971
355.801979	717.280396	8.673280	-0.063640	2.057088
356.101602	719.942660	8.678285	-0.063697	2.059197
356.459066	722.670815	8.683290	-0.063765	2.061361
356.881910	725.348768	8.688295	-0.063844	2.063491
357.445580	728.073782	8.693299	-0.063950	2.065673
358.261539	730.713314	8.698304	-0.064102	2.067816
358.886589	733.321508	8.703309	-0.064218	2.069909
359.528716	735.879051	8.708314	-0.064338	2.071963
360.286046	738.331892	8.713319	-0.064479	2.073948
360.870813	740.814487	8.718323	-0.064588	2.075934
361.630046	743.201466	8.723328	-0.064729	2.077864
362.276641	745.575524	8.728333	-0.064850	2.079770
362.676120	747.972969	8.733338	-0.064925	2.081662
363.205224	750.335989	8.738343	-0.065024	2.083542
363.767382	752.720031	8.743347	-0.065129	2.085440
364.306710	755.075066	8.748352	-0.065230	2.087311
364.532265	757.497983	8.753357	-0.065273	2.089196
364.954489	759.993402	8.758362	-0.065352	2.091158
365.470001	762.432285	8.763367	-0.065448	2.093085
365.801392	764.904258	8.768371	-0.065511	2.095015
366.311558	767.416525	8.773376	-0.065606	2.096994
366.675124	769.911330	8.778381	-0.065675	2.098941
367.148282	772.456460	8.783386	-0.065763	2.100937
367.166512	775.085359	8.788391	-0.065768	2.102943
367.791295	777.701470	8.793395	-0.065885	2.105007
368.146604	780.380496	8.798400	-0.065952	2.107085
368.571858	783.058490	8.803405	-0.066032	2.109169
369.198599	785.712350	8.808410	-0.066149	2.111255
369.444273	788.390423	8.813415	-0.066196	2.113315
369.799524	791.144940	8.818419	-0.066263	2.115442
370.143445	793.935398	8.823424	-0.066328	2.117593
370.593596	796.746252	8.828429	-0.066412	2.119770
371.028991	799.580536	8.833434	-0.066494	2.121960
371.304452	802.475676	8.838439	-0.066547	2.124176
371.500854	805.439681	8.843443	-0.066585	2.126432
371.995123	808.414589	8.848448	-0.066678	2.128728
372.581704	811.369013	8.853453	-0.066788	2.131016
372.936315	814.325456	8.858458	-0.066855	2.133277
373.505237	817.308317	8.863463	-0.066961	2.135580
373.932930	820.282634	8.868467	-0.067042	2.137858
374.277787	823.352761	8.873472	-0.067107	2.140195
374.694864	826.370628	8.878477	-0.067186	2.142499
375.277813	829.422604	8.883482	-0.067295	2.144845
375.801069	832.460044	8.888487	-0.067393	2.147171
376.235736	835.513570	8.893491	-0.067475	2.149496
376.748442	838.546476	8.898496	-0.067572	2.151812
377.434598	841.515703	8.903501	-0.067700	2.154097
377.678508	844.614105	8.908506	-0.067747	2.156427
378.438151	847.614011	8.913511	-0.067888	2.158738
379.052697	850.576061	8.918515	-0.068003	2.161002
379.545314	853.531352	8.923520	-0.068096	2.163246
380.052695	856.527748	8.928525	-0.068191	2.165519
380.721790	859.439289	8.933530	-0.068316	2.167745
381.619957	862.292774	8.938535	-0.068483	2.169951
382.245288	865.037659	8.943539	-0.068600	2.172045
383.132225	867.720517	8.948544	-0.068765	2.174120
383.604746	870.407242	8.953549	-0.068854	2.176149
384.122300	873.068022	8.958554	-0.068951	2.178163
384.654882	875.784838	8.963559	-0.069050	2.180218
385.310262	878.339100	8.968563	-0.069173	2.182165
385.871740	880.988332	8.973568	-0.069278	2.184169
386.184386	883.644744	8.978573	-0.069337	2.186150
386.659101	886.280624	8.983578	-0.069426	2.188132
387.209262	888.991706	8.988583	-0.069529	2.190175
387.619954	891.579365	8.993587	-0.069606	2.192110
388.184424	894.280689	8.998592	-0.069712	2.194144
388.608451	896.938708	9.003597	-0.069791	2.196129
389.141878	899.619225	9.008602	-0.069891	2.198140
389.532383	902.357625	9.013607	-0.069965	2.200176
389.936053	905.020713	9.018611	-0.070041	2.202157
390.430816	907.782607	9.023616	-0.070133	2.204217
390.724344	910.572066	9.028621	-0.070189	2.206274
391.268512	913.352293	9.033626	-0.070291	2.208349
391.691309	916.177154	9.038631	-0.070371	2.210442
392.068021	918.973657	9.043635	-0.070442	2.212507
392.426118	921.850972	9.048640	-0.070509	2.214626
392.836322	924.746563	9.053645	-0.070587	2.216763
393.011070	927.723102	9.058650	-0.070621	2.218930
393.625921	930.673782	9.063655	-0.070736	2.221124
394.105040	933.634141	9.068659	-0.070826	2.223307
394.533964	936.634672	9.073664	-0.070907	2.225513
394.854482	939.660799	9.078669	-0.070968	2.227722
395.209970	942.742479	9.083674	-0.071035	2.229974
395.808369	945.732393	9.088679	-0.071147	2.232183
396.245421	948.829799	9.093683	-0.071229	2.234449
396.609383	951.926838	9.098688	-0.071298	2.236705
397.170851	955.031890	9.103693	-0.071404	2.238986
397.638718	958.124966	9.108698	-0.071492	2.241246
398.060522	961.235723	9.113703	-0.071571	2.243511
398.462001	964.402218	9.118707	-0.071647	2.245811
398.932728	967.562346	9.123712	-0.071736	2.248112
399.381998	970.768493	9.128717	-0.071820	2.250441
399.770818	973.942369	9.133722	-0.071894	2.252738
400.672780	977.075802	9.138727	-0.072062	2.255057
401.200957	980.114525	9.143731	-0.072161	2.257268
401.738776	983.234500	9.148736	-0.072262	2.259536
402.149406	986.270300	9.153741	-0.072340	2.261728
402.721757	989.368498	9.158746	-0.072447	2.263979
403.478688	992.408465	9.163751	-0.072588	2.266206
404.134291	995.360712	9.168755	-0.072711	2.268358
404.595399	998.351673	9.173760	-0.072797	2.270515
405.219948	1001.234184	9.178765	-0.072914	2.272610
405.834585	1004.163114	9.183770	-0.073029	2.274735
406.291975	1007.060390	9.188775	-0.073115	2.276820
406.817073	1009.989900	9.193779	-0.073214	2.278933
407.457099	1012.854342	9.198784	-0.073333	2.281009
407.814499	1015.756524	9.203789	-0.073401	2.283081
408.144162	1018.750386	9.208794	-0.073464	2.285213
408.599158	1021.702778	9.213799	-0.073549	2.287326
409.182590	1024.663885	9.218803	-0.073658	2.289456
409.580886	1027.608804	9.223808	-0.073734	2.291555
409.940996	1030.642165	9.228813	-0.073802	2.293709
410.304817	1033.674576	9.233818	-0.073871	2.295861
410.590739	1036.799918	9.238823	-0.073925	2.298067
411.090470	1039.928697	9.243827	-0.074019	2.300296
411.691321	1043.010713	9.248832	-0.074132	2.302500
411.985448	1046.167103	9.253837	-0.074188	2.304722
412.415910	1049.330248	9.258842	-0.074269	2.306961
412.733699	1052.601885	9.263847	-0.074329	2.309262
412.981953	1055.826303	9.268851	-0.074377	2.311520
413.279644	1059.223268	9.273856	-0.074434	2.313901
413.873573	1062.531012	9.278861	-0.074545	2.316247
414.238411	1065.916812	9.283866	-0.074615	2.318621
414.706703	1069.306853	9.288871	-0.074703	2.321007
414.906417	1072.753386	9.293875	-0.074742	2.323402
415.374074	1076.232436	9.298880	-0.074830	2.325843
415.917325	1079.737755	9.303885	-0.074932	2.328308
416.321392	1083.232935	9.308890	-0.075009	2.330749
416.759839	1086.756076	9.313895	-0.075092	2.333210
417.150861	1090.278059	9.318899	-0.075166	2.335663
417.596267	1093.862627	9.323904	-0.075250	2.338161
417.992164	1097.457839	9.328909	-0.075326	2.340660
418.637669	1101.014240	9.333914	-0.075447	2.343153
418.978764	1104.634427	9.338919	-0.075512	2.345658
419.428960	1108.271997	9.343923	-0.075597	2.348182
419.764397	1111.911994	9.348928	-0.075661	2.350694
420.206241	1115.604070	9.353933	-0.075745	2.353249
420.737979	1119.270852	9.358938	-0.075845	2.355793
421.201771	1122.994532	9.363943	-0.075932	2.358366
421.599445	1126.685840	9.368947	-0.076008	2.360907
422.258981	1130.399305	9.373952	-0.076132	2.363487
423.009809	1134.022025	9.378957	-0.076272	2.366011
423.437790	1137.673095	9.383962	-0.076353	2.368520
423.845738	1141.312993	9.388967	-0.076431	2.371017
424.678259	1144.885514	9.393971	-0.076586	2.373507
425.178229	1148.437692	9.398976	-0.076681	2.375948
425.899562	1151.984112	9.403981	-0.076816	2.378404
426.601154	1155.377889	9.408986	-0.076947	2.380754
427.085021	1158.848826	9.413991	-0.077038	2.383131
427.882063	1162.218446	9.418995	-0.077187	2.385469
428.516536	1165.556055	9.424000	-0.077306	2.387766
429.021337	1168.837638	9.429005	-0.077401	2.390012
429.794965	1172.037501	9.434010	-0.077545	2.392227
430.354471	1175.299039	9.439015	-0.077650	2.394460
430.831671	1178.493398	9.444019	-0.077740	2.396639
431.204228	1181.786651	9.449024	-0.077811	2.398871
431.442729	1185.057837	9.454029	-0.077857	2.401074
432.098437	1188.403948	9.459034	-0.077980	2.403365
432.693930	1191.666442	9.464039	-0.078091	2.405591
433.106076	1194.967997	9.469043	-0.078169	2.407825
433.618984	1198.293252	9.474048	-0.078266	2.410081
434.084736	1201.600906	9.479053	-0.078354	2.412319
434.632799	1204.885496	9.484058	-0.078457	2.414548
434.946933	1208.194354	9.489063	-0.078516	2.416768
435.538911	1211.566179	9.494067	-0.078628	2.419054
435.793178	1214.901687	9.499072	-0.078676	2.421283
436.306158	1218.318243	9.504077	-0.078773	2.423587
436.713094	1221.729263	9.509082	-0.078850	2.425875
437.262941	1225.145008	9.514087	-0.078953	2.428177
437.745612	1228.475908	9.519091	-0.079044	2.430415
438.168860	1231.931635	9.524096	-0.079124	2.432728
438.725764	1235.328920	9.529101	-0.079229	2.435012
439.207709	1238.752242	9.534106	-0.079320	2.437304
439.656102	1242.204360	9.539111	-0.079405	2.439610
440.111130	1245.630579	9.544115	-0.079491	2.441897
440.824744	1249.076487	9.549120	-0.079624	2.444219
441.243127	1252.456109	9.554125	-0.079703	2.446467
441.866255	1255.848429	9.559130	-0.079820	2.448741
442.399818	1259.166947	9.564135	-0.079920	2.450957
442.859703	1262.567672	9.569139	-0.080007	2.453217
443.399483	1265.909886	9.574144	-0.080109	2.455444
443.903736	1269.285690	9.579149	-0.080204	2.457688
444.370188	1272.627278	9.584154	-0.080292	2.459904
444.792085	1276.031356	9.589159	-0.080371	2.462154
445.435310	1279.395176	9.594163	-0.080492	2.464397
446.043390	1282.729837	9.599168	-0.080606	2.466615
446.220691	1286.141636	9.604173	-0.080641	2.468842
446.794302	1289.472958	9.609178	-0.080748	2.471051
447.311978	1292.916867	9.614183	-0.080846	2.473325
447.614602	1296.341677	9.619187	-0.080904	2.475566
448.217145	1299.773537	9.624192	-0.081017	2.477836
448.538685	1303.203597	9.629197	-0.081078	2.480078
449.212731	1306.665256	9.634202	-0.081204	2.482369
449.188221	1310.243865	9.639207	-0.081202	2.484671
450.149391	1313.736137	9.644211	-0.081381	2.487004
450.685460	1317.168400	9.649216	-0.081482	2.489258
451.021249	1320.627883	9.654221	-0.081546	2.491509
451.410672	1324.160061	9.659226	-0.081620	2.493810
451.852270	1327.683489	9.664231	-0.081704	2.496107
452.492670	1331.208295	9.669235	-0.081824	2.498421
453.204404	1334.602393	9.674240	-0.081957	2.500655
453.544651	1338.111351	9.679245	-0.082022	2.502928
453.931900	1341.584551	9.684250	-0.082095	2.505180
454.363801	1345.161282	9.689255	-0.082177	2.507500
454.995567	1348.619442	9.694259	-0.082295	2.509760
455.612328	1352.074387	9.699264	-0.082411	2.512015
455.986198	1355.586328	9.704269	-0.082482	2.514282
456.482149	1359.062309	9.709274	-0.082576	2.516535
456.643214	1362.690108	9.714279	-0.082608	2.518853
457.244557	1366.258043	9.719283	-0.082720	2.521169
457.986994	1369.805279	9.724288	-0.082859	2.523482
458.514472	1373.285260	9.729293	-0.082959	2.525732
458.723039	1376.893158	9.734298	-0.082999	2.528033
459.090373	1380.447942	9.739303	-0.083069	2.530312
459.635446	1384.095806	9.744307	-0.083172	2.532663
460.226759	1387.654473	9.749312	-0.083283	2.534960
460.545726	1391.330785	9.754317	-0.083344	2.537305
460.990564	1394.940969	9.759322	-0.083428	2.539617
461.495881	1398.642314	9.764327	-0.083523	2.541990
461.910289	1402.319747	9.769331	-0.083602	2.544337
462.544613	1405.981214	9.774336	-0.083721	2.546692
462.889703	1409.654800	9.779341	-0.083787	2.549026
463.448562	1413.313270	9.784346	-0.083892	2.551368
464.020950	1416.995102	9.789351	-0.084000	2.553722
464.306041	1420.680386	9.794355	-0.084055	2.556053
465.008217	1424.400497	9.799360	-0.084186	2.558438
465.336009	1428.052939	9.804365	-0.084249	2.560747
465.905863	1431.806847	9.809370	-0.084356	2.563138
466.257922	1435.531034	9.814375	-0.084423	2.565490
466.661026	1439.348315	9.819379	-0.084500	2.567901
467.299120	1443.156080	9.824384	-0.084620	2.570325
467.734255	1446.902584	9.829389	-0.084702	2.572690
468.407863	1450.583714	9.834394	-0.084829	2.575033
468.804655	1454.344082	9.839399	-0.084904	2.577400
469.232174	1458.043125	9.844403	-0.084985	2.579729
469.757816	1461.837695	9.849408	-0.085084	2.582123
470.322568	1465.536731	9.854413	-0.085191	2.584459
470.671503	1469.305471	9.859418	-0.085257	2.586818
471.040677	1473.087143	9.864423	-0.085327	2.589185
471.605299	1476.911928	9.869427	-0.085434	2.591592
472.023142	1480.710172	9.874432	-0.085513	2.593968
472.594148	1484.542239	9.879437	-0.085621	2.596376
473.053280	1488.332516	9.884442	-0.085708	2.598746
473.501924	1492.152448	9.889447	-0.085793	2.601132
473.892124	1496.038592	9.894451	-0.085867	2.603551
474.572021	1499.857246	9.899456	-0.085994	2.605950
475.019795	1503.683964	9.904461	-0.086079	2.608333
475.516613	1507.511006	9.909466	-0.086173	2.610718
475.961345	1511.358928	9.914471	-0.086257	2.613109
476.554486	1515.147324	9.919475	-0.086369	2.615474
477.015278	1519.006756	9.924480	-0.086456	2.617869
477.453227	1522.825840	9.929485	-0.086539	2.620236
477.867957	1526.710034	9.934490	-0.086618	2.622637
478.358421	1530.581317	9.939495	-0.086711	2.625035
478.882333	1534.370431	9.944499	-0.086810	2.627384

479.434005	1537.846240	9.949504	-0.086913	2.629542
479.745767	1541.285530	9.954509	-0.086973	2.631657
480.229401	1544.591411	9.959514	-0.087064	2.633703
480.618165	1547.751273	9.964519	-0.087138	2.635651
481.066526	1550.789121	9.969523	-0.087222	2.637529
481.507158	1553.588174	9.974528	-0.087305	2.639260
482.040178	1556.323383	9.979533	-0.087405	2.640958
482.412834	1558.905611	9.984538	-0.087475	2.642550
482.779190	1561.308728	9.989543	-0.087544	2.644033
482.871117	1563.745569	9.994547	-0.087562	2.645512
483.360160	1566.024683	9.999552	-0.087654	2.646928
483.698047	1568.182751	10.004557	-0.087717	2.648258
483.971313	1570.178207	10.009562	-0.087769	2.649483
484.128054	1572.188636	10.014567	-0.087799	2.650708
484.455426	1574.087081	10.019571	-0.087860	2.651879
484.754498	1575.885997	10.024576	-0.087916	2.652986
485.028125	1577.542347	10.029581	-0.087967	2.654006
485.186163	1579.174324	10.034586	-0.087998	2.655001
485.407908	1580.764705	10.039591	-0.088039	2.655975
485.591298	1582.267885	10.044595	-0.088074	2.656894
485.902421	1583.702648	10.049600	-0.088132	2.657782
486.167069	1584.950875	10.054605	-0.088181	2.658553
486.380358	1586.179313	10.059610	-0.088221	2.659308
486.427913	1587.423961	10.064615	-0.088231	2.660060
486.623164	1588.601463	10.069619	-0.088267	2.660783
486.886582	1589.689619	10.074624	-0.088316	2.661457
486.994557	1590.730107	10.079629	-0.088337	2.662090
487.327581	1591.682100	10.084634	-0.088399	2.662688
487.606513	1592.474485	10.089639	-0.088450	2.663186
487.722481	1593.249168	10.094643	-0.088472	2.663659
487.875241	1593.969646	10.099648	-0.088501	2.664104
487.903104	1594.720928	10.104653	-0.088506	2.664556
488.015905	1595.403238	10.109658	-0.088527	2.664974
488.350801	1596.008201	10.114663	-0.088589	2.665364
488.486080	1596.536163	10.119667	-0.088614	2.665691
488.537398	1597.067028	10.124672	-0.088624	2.666013
488.540723	1597.569955	10.129677	-0.088625	2.666315
488.799396	1598.028040	10.134682	-0.088672	2.666610
489.090660	1598.303111	10.139687	-0.088726	2.666798
489.214156	1598.674517	10.144691	-0.088749	2.667030
489.286265	1598.885491	10.149696	-0.088762	2.667162
489.414993	1599.185894	10.154701	-0.088786	2.667352
489.557524	1599.165490	10.159706	-0.088812	2.667351
489.707321	1599.483967	10.164711	-0.088840	2.667554
489.581801	1599.698846	10.169715	-0.088817	2.667672
489.721085	1599.683046	10.174720	-0.088842	2.667674
489.812331	1599.666334	10.179725	-0.088859	2.667671
490.008250	1599.646133	10.184730	-0.088895	2.667675
490.120724	1599.632854	10.189735	-0.088915	2.667676
489.999896	1599.631304	10.194739	-0.088893	2.667665
490.283573	1599.627585	10.199744	-0.088945	2.667685
490.374693	1599.586911	10.204749	-0.088961	2.667668
490.246267	1599.592104	10.209754	-0.088938	2.667661
490.568219	1599.564010	10.214759	-0.088997	2.667670
490.366849	1599.081622	10.219763	-0.088959	2.667365
490.583046	1599.048818	10.224768	-0.088999	2.667362
490.722333	1599.002264	10.229773	-0.089024	2.667345
490.578171	1598.518586	10.234778	-0.088997	2.667044
490.862220	1598.469983	10.239783	-0.089049	2.667037
490.843204	1598.078636	10.244787	-0.089046	2.666801
490.940819	1597.939656	10.249792	-0.089063	2.666726
490.877785	1597.445307	10.254797	-0.089051	2.666425
491.010088	1597.277763	10.259802	-0.089075	2.666335
491.036014	1596.863870	10.264807	-0.089080	2.666089
490.961911	1596.547711	10.269811	-0.089066	2.665893
491.031196	1596.347423	10.274816	-0.089078	2.665779
491.038702	1595.855850	10.279821	-0.089079	2.665485
491.103400	1595.575470	10.284826	-0.089091	2.665322
491.136565	1595.255553	10.289831	-0.089096	2.665132
491.044774	1594.775226	10.294835	-0.089079	2.664837
490.965655	1594.498944	10.299840	-0.089064	2.664665
491.123500	1594.253634	10.304845	-0.089093	2.664530
491.091254	1593.755085	10.309850	-0.089086	2.664229
491.237178	1593.421853	10.314855	-0.089113	2.664041
491.240704	1593.021702	10.319859	-0.089113	2.663801
491.268820	1592.662035	10.324864	-0.089118	2.663587
491.372053	1592.135744	10.329869	-0.089136	2.663280
491.208932	1591.784947	10.334874	-0.089106	2.663056
491.393850	1591.388897	10.339879	-0.089140	2.662833
491.272820	1590.968564	10.344883	-0.089117	2.662571
491.388046	1590.539715	10.349888	-0.089138	2.662323
491.169948	1590.129271	10.354893	-0.089097	2.662059
491.373803	1589.636165	10.359898	-0.089134	2.661780
491.412896	1589.183766	10.364903	-0.089141	2.661511
491.421698	1588.700083	10.369907	-0.089142	2.661221
491.403151	1588.266374	10.374912	-0.089138	2.660960
491.397477	1587.787318	10.379917	-0.089137	2.660671
491.463921	1587.343939	10.384922	-0.089149	2.660410
491.438965	1586.880546	10.389927	-0.089144	2.660130
491.394388	1586.438529	10.394931	-0.089135	2.659861
491.438079	1585.914637	10.399936	-0.089142	2.659550
491.410976	1585.444408	10.404941	-0.089137	2.659265
491.470709	1584.966816	10.409946	-0.089148	2.658983
491.570148	1584.479825	10.414951	-0.089165	2.658698
491.529323	1583.965861	10.419955	-0.089157	2.658386
491.578572	1583.546956	10.424960	-0.089166	2.658138
491.552927	1583.024327	10.429965	-0.089161	2.657822
491.602941	1582.494792	10.434970	-0.089169	2.657507
491.680703	1581.966811	10.439975	-0.089183	2.657196
491.644364	1581.413085	10.444979	-0.089176	2.656860
491.599228	1580.860604	10.449984	-0.089167	2.656524
491.694261	1580.331547	10.454989	-0.089184	2.656213
491.517875	1579.794110	10.459994	-0.089151	2.655876
491.682168	1579.315100	10.464999	-0.089181	2.655601
491.589215	1578.729829	10.470003	-0.089163	2.655241
491.616967	1578.219850	10.475008	-0.089168	2.654937
491.595610	1577.682760	10.480013	-0.089164	2.654612
491.500516	1577.177879	10.485018	-0.089146	2.654300
491.538686	1576.672394	10.490023	-0.089152	2.653999
491.497971	1576.187345	10.495027	-0.089144	2.653703
491.488570	1575.713727	10.500032	-0.089142	2.653417
491.603993	1575.274311	10.505037	-0.089163	2.653162
491.439871	1574.758713	10.510042	-0.089132	2.652838
491.720294	1574.241383	10.515047	-0.089183	2.652549
491.595381	1573.677142	10.520051	-0.089160	2.652199
491.580092	1573.191105	10.525056	-0.089156	2.651905
491.419678	1572.675274	10.530061	-0.089126	2.651581
491.537471	1572.180393	10.535066	-0.089148	2.651293
491.619636	1571.665452	10.540071	-0.089162	2.650989
491.514910	1571.173453	10.545075	-0.089142	2.650684
491.540174	1570.692640	10.550080	-0.089147	2.650396
491.640187	1570.133537	10.555085	-0.089165	2.650067
491.656713	1569.607917	10.560090	-0.089167	2.649751
491.628840	1569.071204	10.565095	-0.089161	2.649425
491.510179	1568.550829	10.570099	-0.089139	2.649102
491.604786	1568.052236	10.575104	-0.089156	2.648809
491.648025	1567.536233	10.580109	-0.089164	2.648501
491.508635	1567.065911	10.585114	-0.089137	2.648206
491.617479	1566.570234	10.590119	-0.089157	2.647916
491.557668	1566.033510	10.595123	-0.089145	2.647587
491.613921	1565.507208	10.600128	-0.089155	2.647274
491.539501	1565.012400	10.605133	-0.089141	2.646969
491.479920	1564.485412	10.610138	-0.089130	2.646646
491.552431	1563.989440	10.615143	-0.089143	2.646352
491.608763	1563.470606	10.620147	-0.089152	2.646044
491.489578	1562.978403	10.625152	-0.089130	2.645737
491.444454	1562.526501	10.630157	-0.089121	2.645460
491.398177	1562.071184	10.635162	-0.089112	2.645181
491.502353	1561.592176	10.640167	-0.089131	2.644900
491.460456	1561.082108	10.645171	-0.089123	2.644589
491.507275	1560.601831	10.650176	-0.089131	2.644302
491.665493	1560.043927	10.655181	-0.089160	2.643978
491.511621	1559.565035	10.660186	-0.089131	2.643676
491.578293	1559.072449	10.665191	-0.089143	2.643384
491.630251	1558.606934	10.670195	-0.089152	2.643106
491.494012	1558.084538	10.675200	-0.089126	2.642779
491.324756	1557.656996	10.680205	-0.089094	2.642507
491.444907	1557.154368	10.685210	-0.089116	2.642213
491.554480	1556.676955	10.690215	-0.089136	2.641933
491.481465	1556.144536	10.695219	-0.089122	2.641605
491.407154	1555.693651	10.700224	-0.089108	2.641326
491.388562	1555.257549	10.705229	-0.089104	2.641061
491.398275	1554.800671	10.710234	-0.089105	2.640785
491.629167	1554.300809	10.715239	-0.089147	2.640502
491.400011	1553.812555	10.720243	-0.089105	2.640187
491.527789	1553.339501	10.725248	-0.089128	2.639911
491.424834	1552.870830	10.730253	-0.089108	2.639619
491.477010	1552.388399	10.735258	-0.089117	2.639332
491.352968	1551.951283	10.740263	-0.089094	2.639057
491.303526	1551.462456	10.745267	-0.089084	2.638757
491.292093	1551.083571	10.750272	-0.089082	2.638526
491.334881	1550.738700	10.755277	-0.089089	2.638321
491.265924	1550.375575	10.760282	-0.089076	2.638095
491.218430	1549.979196	10.765287	-0.089067	2.637851
491.270066	1549.485042	10.770291	-0.089076	2.637556
491.282668	1549.094349	10.775296	-0.089078	2.637321
491.370385	1548.656263	10.780301	-0.089094	2.637062
491.430357	1548.201068	10.785306	-0.089104	2.636791
491.536677	1547.700292	10.790311	-0.089124	2.636496
491.367740	1547.272270	10.795315	-0.089092	2.636223
491.233965	1546.905774	10.800320	-0.089067	2.635990
491.280749	1546.390723	10.805325	-0.089075	2.635682
491.384488	1545.974953	10.810330	-0.089094	2.635438
491.266027	1545.591847	10.815335	-0.089072	2.635196
491.305976	1545.137076	10.820339	-0.089078	2.634923
491.300100	1544.744357	10.825344	-0.089077	2.634685
491.288793	1544.300408	10.830349	-0.089074	2.634415
491.051162	1543.871677	10.835354	-0.089030	2.634135
491.134571	1543.601952	10.840359	-0.089045	2.633978
491.147295	1543.281250	10.845363	-0.089047	2.633785
491.245697	1542.787744	10.850368	-0.089065	2.633493
491.252136	1542.491614	10.855373	-0.089066	2.633314
491.103344	1542.162561	10.860378	-0.089038	2.633102
491.110847	1541.820285	10.865383	-0.089039	2.632895
491.184063	1541.334433	10.870387	-0.089052	2.632606
491.215620	1540.990279	10.875392	-0.089057	2.632400
491.332467	1540.552666	10.880397	-0.089079	2.632144
491.275108	1540.189902	10.885402	-0.089068	2.631919
491.162551	1539.725300	10.890407	-0.089046	2.631627
491.092139	1539.339425	10.895411	-0.089033	2.631387
491.162777	1539.071420	10.900416	-0.089046	2.631230
491.096762	1538.715091	10.905421	-0.089033	2.631008
490.983601	1538.301121	10.910426	-0.089012	2.630748
491.093655	1538.090085	10.915431	-0.089032	2.630629
491.040579	1537.699466	10.920435	-0.089022	2.630387
491.011490	1537.295897	10.925440	-0.089016	2.630139
491.162805	1537.025145	10.930445	-0.089043	2.629987
491.001677	1536.665063	10.935450	-0.089013	2.629755
491.097047	1536.294208	10.940455	-0.089031	2.629538
491.195333	1535.937119	10.945459	-0.089048	2.629329
491.141535	1535.615381	10.950464	-0.089038	2.629129
491.057699	1535.117392	10.955469	-0.089022	2.628819
491.011837	1534.842681	10.960474	-0.089013	2.628648
490.912028	1534.635330	10.965479	-0.088995	2.628514
491.007077	1534.309880	10.970483	-0.089012	2.628324
491.065144	1534.076983	10.975488	-0.089022	2.628187
490.823593	1533.707951	10.980493	-0.088977	2.627943
490.755158	1533.584513	10.985498	-0.088964	2.627862
490.797501	1533.186121	10.990503	-0.088972	2.627623
490.956666	1532.986680	10.995507	-0.089001	2.627515
490.889103	1532.648284	11.000512	-0.088988	2.627304
490.838383	1532.384402	11.005517	-0.088978	2.627139
490.905430	1532.143212	11.010522	-0.088990	2.626998
490.958429	1531.772002	11.015527	-0.089000	2.626776
491.100790	1531.501987	11.020531	-0.089026	2.626623
491.089458	1531.094566	11.025536	-0.089023	2.626375
491.056666	1530.749341	11.030541	-0.089017	2.626162
490.987158	1530.540700	11.035546	-0.089004	2.626029
490.967781	1530.116753	11.040551	-0.089000	2.625770
491.049980	1529.844912	11.045555	-0.089014	2.625611
490.991796	1529.550145	11.050560	-0.089003	2.625427
491.003328	1529.088028	11.055565	-0.089005	2.625146
490.947727	1528.900687	11.060570	-0.088995	2.625028
490.921955	1528.547263	11.065575	-0.088989	2.624810
490.894067	1528.341862	11.070579	-0.088984	2.624683
490.940581	1528.036203	11.075584	-0.088992	2.624501
490.897502	1527.664410	11.080589	-0.088984	2.624271
490.842798	1527.522654	11.085594	-0.088974	2.624180
490.889290	1527.089639	11.090599	-0.088982	2.623920
490.850407	1527.011661	11.095603	-0.088974	2.623869
490.754761	1526.528090	11.100608	-0.088956	2.623567
490.860301	1526.513494	11.105613	-0.088975	2.623567
490.811145	1526.092931	11.110618	-0.088966	2.623306
490.889286	1526.023324	11.115623	-0.088980	2.623270
490.699033	1525.542601	11.120627	-0.088945	2.622962
490.684602	1525.559005	11.125632	-0.088942	2.622971
490.759414	1525.130576	11.130637	-0.088955	2.622716
490.670944	1525.025998	11.135642	-0.088939	2.622645
490.851192	1524.721795	11.140647	-0.088972	2.622474
490.777493	1524.485083	11.145651	-0.088958	2.622324
490.799633	1524.227037	11.150656	-0.088961	2.622168
490.822340	1523.988142	11.155661	-0.088965	2.622024
490.819583	1523.716055	11.160666	-0.088964	2.621858
490.788054	1523.461945	11.165671	-0.088958	2.621701
490.808813	1523.160346	11.170675	-0.088962	2.621519
490.849200	1522.939364	11.175680	-0.088969	2.621387
490.785383	1522.738818	11.180685	-0.088957	2.621260
490.748027	1522.455334	11.185690	-0.088950	2.621084
490.744408	1522.261821	11.190695	-0.088949	2.620965
490.810619	1521.943177	11.195699	-0.088961	2.620777
490.880732	1521.748211	11.200704	-0.088973	2.620663
490.776862	1521.417163	11.205709	-0.088954	2.620453
490.829765	1521.221208	11.210714	-0.088963	2.620338
490.881611	1520.905850	11.215719	-0.088972	2.620150
491.001231	1520.596748	11.220723	-0.088994	2.619971
490.968083	1520.380671	11.225728	-0.088988	2.619836
490.805548	1519.910210	11.230733	-0.088957	2.619536
490.836142	1519.880608	11.235738	-0.088963	2.619520
490.993253	1519.365889	11.240743	-0.088991	2.619219
490.780785	1519.277662	11.245747	-0.088952	2.619148
490.768223	1518.873625	11.250752	-0.088949	2.618900
490.750174	1518.849812	11.255757	-0.088946	2.618884
490.975029	1518.334786	11.260762	-0.088987	2.618589
490.863047	1518.243803	11.265767	-0.088966	2.618524
490.788778	1517.959200	11.270771	-0.088952	2.618344
490.828604	1517.791503	11.275776	-0.088959	2.618245
490.769906	1517.417865	11.280781	-0.088948	2.618012
490.798552	1517.251439	11.285786	-0.088953	2.617913
490.866326	1516.895597	11.290791	-0.088965	2.617701
490.730591	1516.826268	11.295795	-0.088939	2.617647
490.817701	1516.380141	11.300800	-0.088955	2.617382
490.507212	1516.405714	11.305805	-0.088898	2.617372
490.763861	1515.990490	11.310810	-0.088945	2.617140
490.697088	1515.891180	11.315815	-0.088932	2.617074
490.712503	1515.588014	11.320819	-0.088935	2.616890
490.557225	1515.369738	11.325824	-0.088906	2.616744
490.674522	1515.355579	11.330829	-0.088927	2.616744
490.585542	1514.903673	11.335834	-0.088910	2.616461
490.524785	1514.870048	11.340839	-0.088899	2.616436
490.597306	1514.861665	11.345843	-0.088912	2.616436
490.480700	1514.373920	11.350848	-0.088890	2.616129
490.669678	1514.324793	11.355853	-0.088925	2.616114
490.572333	1514.317575	11.360858	-0.088907	2.616102
490.642838	1513.849404	11.365863	-0.088919	2.615822
490.721015	1513.829012	11.370867	-0.088933	2.615816
490.668537	1513.508562	11.375872	-0.088923	2.615615
490.657084	1513.328266	11.380877	-0.088921	2.615504
490.624526	1513.244093	11.385882	-0.088915	2.615450
490.569068	1512.823675	11.390887	-0.088904	2.615189
490.686253	1512.811057	11.395891	-0.088926	2.615191
490.624269	1512.631215	11.400896	-0.088914	2.615075
490.563412	1512.298704	11.405901	-0.088902	2.614867
490.531642	1512.305654	11.410906	-0.088896	2.614869
490.473640	1512.152890	11.415911	-0.088885	2.614771
490.438297	1511.824645	11.420915	-0.088878	2.614567
490.629612	1511.803562	11.425920	-0.088914	2.614570
490.649013	1511.615349	11.430925	-0.088917	2.614456
490.541696	1511.285608	11.435930	-0.088897	2.614246
490.561424	1511.287913	11.440935	-0.088900	2.614249
490.781487	1510.987871	11.445939	-0.088940	2.614084
490.726921	1510.762672	11.450944	-0.088930	2.613941
490.669327	1510.629321	11.455949	-0.088919	2.613855
490.617129	1510.260054	11.460954	-0.088909	2.613625
490.556661	1510.278789	11.465959	-0.088898	2.613631
490.638760	1510.094444	11.470963	-0.088913	2.613525
490.502954	1509.866719	11.475968	-0.088887	2.613375
490.605855	1509.864444	11.480973	-0.088906	2.613382
490.690738	1509.448930	11.485978	-0.088921	2.613135
490.526687	1509.329216	11.490983	-0.088891	2.613048
490.669511	1509.285811	11.495987	-0.088917	2.613033
490.583207	1508.811496	11.500992	-0.088901	2.612736
490.711793	1508.780224	11.505997	-0.088924	2.612727
490.607153	1508.516722	11.511002	-0.088905	2.612558
490.689539	1508.281613	11.516007	-0.088920	2.612421
490.690185	1508.273214	11.521011	-0.088920	2.612415
490.601382	1507.786592	11.526016	-0.088903	2.612110
490.685304	1507.774106	11.531021	-0.088918	2.612110
490.736120	1507.450656	11.536026	-0.088927	2.611916
490.499166	1507.277821	11.541031	-0.088883	2.611790
490.534204	1507.249729	11.546035	-0.088889	2.611776
490.502332	1506.987743	11.551040	-0.088883	2.611613
490.332450	1506.795169	11.556045	-0.088852	2.611481
490.609763	1506.749189	11.561050	-0.088902	2.611476
490.429717	1506.777931	11.566055	-0.088869	2.611479
490.390815	1506.304149	11.571059	-0.088862	2.611185
490.521047	1506.257094	11.576064	-0.088885	2.611167
490.565117	1506.235952	11.581069	-0.088893	2.611158
490.581523	1505.981801	11.586074	-0.088896	2.611004
490.379997	1505.795591	11.591079	-0.088859	2.610873
490.412043	1505.774798	11.596083	-0.088864	2.610863
490.544706	1505.773843	11.601088	-0.088889	2.610873
490.476293	1505.302625	11.606093	-0.088876	2.610579
490.641931	1505.203864	11.611098	-0.088906	2.610532
490.410202	1505.244177	11.616103	-0.088863	2.610538
490.460653	1504.904133	11.621107	-0.088872	2.610334
490.587750	1504.711119	11.626112	-0.088895	2.610226
490.582631	1504.715492	11.631117	-0.088894	2.610228
490.674775	1504.372664	11.636122	-0.088911	2.610026
490.550462	1504.189634	11.641127	-0.088887	2.609904
490.489719	1504.196670	11.646131	-0.088876	2.609903
490.385078	1503.948270	11.651136	-0.088857	2.609742
490.454519	1503.689390	11.656141	-0.088869	2.609589
490.430454	1503.703969	11.661146	-0.088864	2.609596
490.470371	1503.718580	11.666151	-0.088872	2.609608
490.396855	1503.430826	11.671155	-0.088858	2.609426
490.515765	1503.172181	11.676160	-0.088879	2.609277
490.508667	1503.181664	11.681165	-0.088878	2.609282
490.530094	1503.123563	11.686170	-0.088882	2.609249
490.559890	1502.679153	11.691175	-0.088887	2.608979
490.494222	1502.671052	11.696179	-0.088874	2.608968
490.476310	1502.683014	11.701184	-0.088871	2.608974
490.481529	1502.298043	11.706189	-0.088872	2.608739
490.646457	1502.146153	11.711194	-0.088902	2.608659
490.529097	1502.181736	11.716199	-0.088880	2.608671
490.571994	1501.850848	11.721203	-0.088887	2.608472
490.549191	1501.764076	11.726208	-0.088883	2.608417
490.478316	1501.760506	11.731213	-0.088870	2.608409
490.452454	1501.476905	11.736218	-0.088865	2.608233
490.577623	1501.230771	11.741223	-0.088887	2.608092
490.545643	1501.221951	11.746227	-0.088881	2.608084
490.565783	1500.945423	11.751232	-0.088885	2.607917
490.424019	1500.724920	11.756237	-0.088858	2.607770
490.421424	1500.719522	11.761242	-0.088858	2.607766
490.410143	1500.728546	11.766247	-0.088856	2.607771
490.410959	1500.434789	11.771251	-0.088855	2.607591
490.536296	1500.200915	11.776256	-0.088878	2.607458
490.352976	1500.226806	11.781261	-0.088844	2.607458
490.341488	1500.205033	11.786266	-0.088842	2.607444
490.307200	1500.175129	11.791271	-0.088835	2.607423
490.358426	1499.691963	11.796275	-0.088844	2.607131
490.387957	1499.707954	11.801280	-0.088850	2.607143
490.429700	1499.700899	11.806285	-0.088857	2.607142
490.480813	1499.694871	11.811290	-0.088866	2.607142
490.407942	1499.211453	11.816295	-0.088853	2.606840
490.240638	1499.187047	11.821299	-0.088822	2.606811
490.329043	1499.194828	11.826304	-0.088838	2.606823
490.400648	1499.175843	11.831309	-0.088851	2.606817
490.088941	1499.216280	11.836314	-0.088793	2.606816
490.263386	1499.202505	11.841319	-0.088825	2.606822
490.328427	1498.944493	11.846323	-0.088837	2.606669
490.293933	1498.690266	11.851328	-0.088830	2.606511
490.340249	1498.678009	11.856333	-0.088839	2.606507
490.283598	1498.666420	11.861338	-0.088828	2.606495
490.416742	1498.679103	11.866343	-0.088852	2.606514
490.398776	1498.513059	11.871347	-0.088849	2.606411
490.308363	1498.180855	11.876352	-0.088832	2.606199
490.396435	1498.163465	11.881357	-0.088848	2.606196
490.313752	1498.173730	11.886362	-0.088832	2.606195
490.547663	1498.149113	11.891367	-0.088875	2.606199
490.442717	1497.674283	11.896371	-0.088856	2.605900
490.368518	1497.682130	11.901376	-0.088842	2.605898
490.365319	1497.682419	11.906381	-0.088841	2.605898
490.485667	1497.659395	11.911386	-0.088863	2.605894
490.419606	1497.181916	11.916391	-0.088850	2.605596
490.425546	1497.144567	11.921395	-0.088851	2.605573
490.444274	1497.160222	11.926400	-0.088855	2.605584
490.342381	1497.165957	11.931405	-0.088836	2.605579
490.606312	1496.713688	11.936410	-0.088884	2.605324
490.593067	1496.620136	11.941415	-0.088881	2.605265
490.569408	1496.609954	11.946419	-0.088877	2.605257
490.666377	1496.102416	11.951424	-0.088894	2.604953
490.604189	1496.098716	11.956429	-0.088882	2.604946
490.607875	1495.906433	11.961434	-0.088883	2.604828
490.597175	1495.603876	11.966439	-0.088880	2.604642
490.486634	1495.613839	11.971443	-0.088860	2.604639
490.347570	1495.646235	11.976448	-0.088834	2.604647
490.417591	1495.120827	11.981453	-0.088847	2.604330
490.501704	1495.084379	11.986458	-0.088862	2.604315
490.507903	1495.093322	11.991463	-0.088863	2.604321
490.471240	1494.971930	11.996467	-0.088856	2.604243
490.499287	1494.587115	12.001472	-0.088861	2.604009
490.408545	1494.600003	12.006477	-0.088844	2.604010
490.457421	1494.582822	12.011482	-0.088853	2.604003
490.537684	1494.215149	12.016487	-0.088867	2.603784
490.515796	1494.064822	12.021491	-0.088863	2.603690
490.522907	1494.085087	12.026496	-0.088864	2.603703
490.429921	1493.969560	12.031501	-0.088847	2.603624
490.464232	1493.655209	12.036506	-0.088853	2.603434
490.402139	1493.669567	12.041511	-0.088841	2.603438
490.464454	1493.671173	12.046515	-0.088852	2.603444
490.549732	1493.352749	12.051520	-0.088868	2.603255
490.328591	1493.141905	12.056525	-0.088827	2.603108
490.393304	1493.139625	12.061530	-0.088838	2.603111
490.497878	1493.128395	12.066535	-0.088858	2.603113
490.439099	1492.718356	12.071539	-0.088846	2.602857
490.321950	1492.635386	12.076544	-0.088824	2.602796
490.341627	1492.637414	12.081549	-0.088828	2.602799
490.421537	1492.621125	12.086554	-0.088843	2.602795
490.597378	1492.379275	12.091559	-0.088875	2.602661
490.312990	1492.125681	12.096563	-0.088822	2.602482
490.490740	1492.106077	12.101568	-0.088854	2.602485
490.273713	1492.137828	12.106573	-0.088814	2.602486
490.454625	1492.033634	12.111578	-0.088847	2.602437
490.562128	1491.602232	12.116583	-0.088867	2.602181
490.424453	1491.601388	12.121587	-0.088841	2.602169
490.525300	1491.580996	12.126592	-0.088860	2.602165
490.388466	1491.285135	12.131597	-0.088834	2.601972
490.354195	1491.087275	12.136602	-0.088828	2.601847
490.426728	1491.075288	12.141607	-0.088841	2.601846
490.479179	1491.065509	12.146611	-0.088850	2.601844
490.510976	1490.743065	12.151616	-0.088856	2.601649
490.452052	1490.566612	12.156621	-0.088845	2.601535
490.465843	1490.555708	12.161626	-0.088847	2.601530
490.529258	1490.516232	12.166631	-0.088859	2.601511
490.424135	1490.061132	12.171635	-0.088839	2.601222
490.561535	1490.053584	12.176640	-0.088864	2.601229
490.317030	1490.097193	12.181645	-0.088819	2.601235
490.392345	1490.003249	12.186650	-0.088832	2.601184
490.345308	1489.612520	12.191655	-0.088823	2.600940
490.310019	1489.610799	12.196659	-0.088817	2.600936
490.308471	1489.608834	12.201664	-0.088816	2.600935
490.272054	1489.611586	12.206669	-0.088809	2.600933
490.232484	1489.622134	12.211674	-0.088802	2.600936
490.214436	1489.627991	12.216679	-0.088798	2.600938
490.209106	1489.275363	12.221683	-0.088797	2.600721
490.483103	1489.045293	12.226688	-0.088847	2.600602
490.225060	1489.082861	12.231693	-0.088800	2.600604
490.379570	1489.059780	12.236698	-0.088828	2.600603
490.294640	1489.076465	12.241703	-0.088812	2.600606
490.221327	1489.088275	12.246707	-0.088798	2.600607
490.426836	1488.666259	12.251712	-0.088836	2.600365
490.327273	1488.568058	12.256717	-0.088817	2.600296
490.301548	1488.558186	12.261722	-0.088812	2.600288
490.284180	1488.580972	12.266727	-0.088809	2.600300
490.252000	1488.569179	12.271731	-0.088803	2.600290
490.375873	1488.463357	12.276736	-0.088826	2.600235
490.374184	1488.040220	12.281741	-0.088825	2.599975
490.173849	1488.069983	12.286746	-0.088788	2.599977
490.313915	1488.057237	12.291751	-0.088813	2.599980
490.273300	1488.064115	12.296755	-0.088806	2.599981
490.483877	1488.032937	12.301760	-0.088844	2.599979
490.345662	1487.633905	12.306765	-0.088819	2.599723
490.306717	1487.558517	12.311770	-0.088811	2.599673
490.485115	1487.535501	12.316775	-0.088844	2.599674
490.493729	1487.520477	12.321779	-0.088845	2.599665
490.582470	1487.151733	12.326784	-0.088861	2.599446
490.416951	1487.013232	12.331789	-0.088831	2.599347
490.394298	1487.002950	12.336794	-0.088826	2.599339
490.335400	1487.027287	12.341799	-0.088815	2.599349
490.335318	1486.777520	12.346803	-0.088815	2.599195
490.397049	1486.527018	12.351808	-0.088826	2.599046
490.249575	1486.541251	12.356813	-0.088799	2.599042
490.353940	1486.514540	12.361818	-0.088818	2.599035
490.252786	1486.550944	12.366823	-0.088799	2.599049
490.108181	1486.562758	12.371827	-0.088772	2.599044
490.171221	1486.554083	12.376832	-0.088784	2.599044
490.283088	1486.265323	12.381837	-0.088804	2.598875
490.171434	1486.022834	12.386842	-0.088783	2.598717
490.292342	1486.020797	12.391847	-0.088805	2.598726
490.140054	1486.048380	12.396851	-0.088777	2.598730
490.069870	1486.059262	12.401856	-0.088764	2.598731
490.248815	1486.016362	12.406861	-0.088797	2.598719
490.412379	1486.009058	12.411866	-0.088827	2.598728
490.340707	1486.006178	12.416871	-0.088813	2.598720
490.204064	1485.627199	12.421875	-0.088788	2.598476
490.231476	1485.613445	12.426880	-0.088793	2.598470
490.265828	1485.629217	12.431885	-0.088799	2.598482
490.201977	1485.631372	12.436890	-0.088787	2.598478
490.209173	1485.627971	12.441895	-0.088788	2.598476
490.096673	1485.637728	12.446899	-0.088767	2.598473
490.220110	1485.624684	12.451904	-0.088790	2.598475
490.082824	1485.648713	12.456909	-0.088764	2.598478
490.185674	1485.616115	12.461914	-0.088783	2.598467
490.294030	1485.494931	12.466919	-0.088803	2.598401
490.032191	1485.096908	12.471923	-0.088754	2.598135
490.113351	1485.086540	12.476928	-0.088769	2.598135
490.193657	1485.093294	12.481933	-0.088784	2.598146
490.323303	1485.076615	12.486938	-0.088807	2.598146
490.236395	1485.098393	12.491943	-0.088791	2.598152
490.070079	1485.109093	12.496947	-0.088760	2.598145
490.183555	1485.111864	12.501952	-0.088781	2.598156
490.177142	1485.107514	12.506957	-0.088780	2.598153
490.134927	1485.087449	12.511962	-0.088772	2.598137
490.291571	1485.089961	12.516967	-0.088801	2.598151
490.104454	1485.111345	12.521971	-0.088766	2.598149
490.224076	1484.935089	12.526976	-0.088788	2.598050
490.318754	1484.564998	12.531981	-0.088805	2.597831
490.249935	1484.564276	12.536986	-0.088792	2.597824
490.405151	1484.551240	12.541991	-0.088820	2.597829
490.207203	1484.564956	12.546995	-0.088784	2.597821
490.396728	1484.555651	12.552000	-0.088818	2.597831
490.317474	1484.361925	12.557005	-0.088804	2.597705
490.376665	1484.036529	12.562010	-0.088814	2.597510
490.520195	1484.017967	12.567015	-0.088840	2.597510
490.414482	1484.040515	12.572019	-0.088821	2.597515
490.218079	1484.066461	12.577024	-0.088784	2.597515
490.230226	1483.699498	12.582029	-0.088786	2.597290
490.163164	1483.562529	12.587034	-0.088774	2.597200
490.529694	1483.524931	12.592039	-0.088841	2.597208
490.348416	1483.542741	12.597043	-0.088808	2.597203
490.367510	1483.544581	12.602048	-0.088811	2.597206
490.198317	1483.545022	12.607053	-0.088780	2.597192
490.327450	1483.003938	12.612058	-0.088803	2.596870
490.482802	1482.997218	12.617063	-0.088831	2.596879
490.324226	1483.020837	12.622067	-0.088802	2.596880
490.247586	1483.029806	12.627072	-0.088788	2.596879
490.306522	1483.028533	12.632077	-0.088798	2.596883
490.235090	1482.705706	12.637082	-0.088785	2.596678
490.425981	1482.506182	12.642087	-0.088820	2.596572
490.238763	1482.526324	12.647091	-0.088785	2.596568
490.278560	1482.515211	12.652096	-0.088792	2.596565
490.573280	1482.489358	12.657101	-0.088846	2.596573
490.371428	1482.112447	12.662106	-0.088809	2.596324
490.328198	1482.020755	12.667111	-0.088801	2.596264
490.475225	1481.987000	12.672115	-0.088828	2.596256
490.393517	1482.006297	12.677120	-0.088812	2.596261
490.427375	1481.848615	12.682125	-0.088818	2.596166
490.043758	1481.557265	12.687130	-0.088747	2.595955
490.371364	1481.518324	12.692135	-0.088808	2.595958
490.434225	1481.500536	12.697139	-0.088819	2.595953
490.140499	1481.548554	12.702144	-0.088765	2.595958
490.223558	1481.540458	12.707149	-0.088780	2.595959
490.173444	1481.537468	12.712154	-0.088770	2.595953
490.270280	1481.542469	12.717159	-0.088788	2.595964
490.185352	1481.142719	12.722163	-0.088772	2.595711
490.119785	1481.032014	12.727168	-0.088760	2.595638
490.356189	1480.991730	12.732173	-0.088803	2.595632
490.255890	1480.996048	12.737178	-0.088785	2.595627
490.244323	1481.011167	12.742183	-0.088782	2.595635
490.212068	1481.005506	12.747187	-0.088776	2.595629
490.169642	1481.014916	12.752192	-0.088768	2.595631
490.182894	1481.021348	12.757197	-0.088771	2.595636
490.069362	1481.023400	12.762202	-0.088749	2.595628
490.222219	1480.929261	12.767207	-0.088777	2.595582
490.266907	1480.497051	12.772211	-0.088785	2.595320
490.202079	1480.520654	12.777216	-0.088773	2.595329
490.207193	1480.507141	12.782221	-0.088774	2.595321
490.256550	1480.503609	12.787226	-0.088783	2.595323
490.291226	1480.502573	12.792231	-0.088789	2.595325
490.324727	1480.489778	12.797235	-0.088795	2.595320
490.251413	1480.501852	12.802240	-0.088781	2.595321
490.171797	1480.379884	12.807245	-0.088767	2.595239
490.223592	1479.989615	12.812250	-0.088776	2.595003
490.303808	1479.991788	12.817255	-0.088790	2.595011
490.251999	1480.003484	12.822259	-0.088781	2.595014
490.197180	1480.012799	12.827264	-0.088770	2.595015
490.330836	1479.985674	12.832269	-0.088795	2.595010
490.154475	1480.005880	12.837274	-0.088762	2.595007
490.321022	1479.979115	12.842279	-0.088793	2.595005
490.299029	1479.486826	12.847283	-0.088788	2.594700
490.080364	1479.532287	12.852288	-0.088748	2.594709
490.246818	1479.501984	12.857293	-0.088778	2.594704
490.119705	1479.509942	12.862298	-0.088755	2.594699
490.182614	1479.508374	12.867303	-0.088766	2.594703
490.161595	1479.500687	12.872307	-0.088762	2.594696
490.324455	1479.482786	12.877312	-0.088792	2.594699
490.290928	1479.506961	12.882317	-0.088786	2.594711
490.246470	1479.254529	12.887322	-0.088777	2.594552
490.200501	1478.995219	12.892327	-0.088768	2.594388
490.238492	1478.985621	12.897331	-0.088775	2.594385
490.355761	1478.979219	12.902336	-0.088797	2.594391
490.463875	1478.955808	12.907341	-0.088816	2.594385
490.534499	1478.825442	12.912346	-0.088829	2.594311
490.508834	1478.471655	12.917351	-0.088824	2.594091
490.438353	1478.461805	12.922355	-0.088811	2.594079
490.340605	1478.478459	12.927360	-0.088793	2.594081
490.445645	1478.351553	12.932365	-0.088812	2.594011
490.363716	1477.957539	12.937370	-0.088796	2.593762
490.189397	1477.999018	12.942375	-0.088764	2.593773
490.281961	1477.969605	12.947379	-0.088781	2.593762
490.267116	1477.982880	12.952384	-0.088778	2.593769
490.245565	1477.975776	12.957389	-0.088774	2.593763
490.289681	1477.971683	12.962394	-0.088782	2.593764
490.432412	1477.597935	12.967399	-0.088808	2.593546
490.453659	1477.530806	12.972403	-0.088812	2.593506
490.341665	1477.561809	12.977408	-0.088791	2.593516
490.355024	1477.567966	12.982413	-0.088793	2.593521
490.361204	1477.299921	12.987418	-0.088794	2.593356
490.300817	1477.028755	12.992423	-0.088782	2.593184
490.487999	1476.993105	12.997427	-0.088817	2.593177
490.198731	1477.038512	13.002432	-0.088763	2.593181
490.400546	1477.013799	13.007437	-0.088800	2.593183
490.388817	1476.792045	13.012442	-0.088798	2.593045
490.202058	1476.534753	13.017447	-0.088763	2.592871
490.222632	1476.537396	13.022451	-0.088767	2.592874
490.437683	1476.499233	13.027456	-0.088806	2.592868
490.355273	1476.522171	13.032461	-0.088791	2.592876
490.271146	1476.521782	13.037466	-0.088775	2.592868
490.300004	1476.206654	13.042471	-0.088780	2.592676
490.210403	1476.018046	13.047475	-0.088763	2.592553
490.045083	1476.031708	13.052480	-0.088733	2.592547
490.142425	1476.013556	13.057485	-0.088751	2.592544
490.016019	1476.046258	13.062490	-0.088727	2.592553
490.213224	1476.007221	13.067495	-0.088763	2.592546
490.036205	1476.033614	13.072499	-0.088731	2.592547
490.145585	1476.026494	13.077504	-0.088751	2.592552
490.324009	1476.011027	13.082509	-0.088783	2.592557
490.174355	1476.012686	13.087514	-0.088756	2.592546
490.206123	1476.025462	13.092519	-0.088761	2.592556
490.204595	1476.017676	13.097523	-0.088761	2.592551
490.144145	1476.031557	13.102528	-0.088750	2.592555
490.273374	1475.671451	13.107533	-0.088773	2.592343
490.254944	1475.502092	13.112538	-0.088769	2.592237
490.194251	1475.524870	13.117543	-0.088758	2.592246
490.029297	1475.524555	13.122547	-0.088727	2.592232
490.112737	1475.528550	13.127552	-0.088743	2.592242
490.304071	1475.501958	13.132557	-0.088778	2.592241
490.245183	1475.493846	13.137562	-0.088767	2.592231
490.106455	1475.521127	13.142567	-0.088741	2.592236
490.180367	1475.508685	13.147571	-0.088755	2.592235
490.075490	1475.519472	13.152576	-0.088735	2.592233
490.153883	1475.513007	13.157581	-0.088749	2.592235
490.143244	1475.520387	13.162586	-0.088747	2.592239
490.100400	1475.038043	13.167591	-0.088739	2.591938
490.178678	1475.004242	13.172595	-0.088753	2.591923
490.258256	1474.992044	13.177600	-0.088768	2.591922
490.305416	1474.980949	13.182605	-0.088776	2.591919
490.221453	1474.978773	13.187610	-0.088761	2.591911
490.201018	1475.000396	13.192615	-0.088757	2.591923
490.263133	1474.983728	13.197619	-0.088768	2.591917
490.308081	1474.983823	13.202624	-0.088776	2.591921
490.288534	1474.771342	13.207629	-0.088772	2.591788
490.185823	1474.486339	13.212634	-0.088753	2.591604
490.260233	1474.497629	13.217639	-0.088766	2.591617
490.223850	1474.491028	13.222643	-0.088760	2.591610
490.251761	1474.501029	13.227648	-0.088765	2.591618
490.291786	1474.500271	13.232653	-0.088772	2.591621
490.327346	1474.474291	13.237658	-0.088778	2.591608
490.287567	1474.187104	13.242663	-0.088771	2.591428
490.426767	1473.956932	13.247667	-0.088796	2.591297
490.368214	1473.958656	13.252672	-0.088785	2.591293
490.383553	1473.973904	13.257677	-0.088788	2.591304
490.345829	1473.972044	13.262682	-0.088780	2.591300
490.319022	1473.537571	13.267687	-0.088775	2.591029
490.213352	1473.503159	13.272691	-0.088755	2.590999
490.428292	1473.481458	13.277696	-0.088795	2.591004
490.303070	1473.493999	13.282701	-0.088772	2.591001
490.245849	1473.493519	13.287706	-0.088761	2.590996
490.373344	1473.352552	13.292711	-0.088784	2.590920
490.505470	1472.937588	13.297715	-0.088808	2.590675
490.387116	1472.955021	13.302720	-0.088786	2.590675
490.359171	1472.958417	13.307725	-0.088781	2.590675
490.208637	1472.984265	13.312730	-0.088753	2.590678
490.224441	1472.928574	13.317735	-0.088756	2.590645
490.211416	1472.476146	13.322739	-0.088753	2.590365
490.161655	1472.478201	13.327744	-0.088744	2.590362
490.211112	1472.476159	13.332749	-0.088753	2.590365
490.220274	1472.470979	13.337754	-0.088754	2.590362
490.209216	1472.477147	13.342759	-0.088752	2.590365
490.498329	1472.434242	13.347763	-0.088805	2.590363
490.305901	1472.355684	13.352768	-0.088769	2.590298
490.343284	1471.937219	13.357773	-0.088776	2.590043
490.028393	1471.964364	13.362778	-0.088718	2.590034
490.181867	1471.964658	13.367783	-0.088746	2.590047
490.148329	1471.962235	13.372787	-0.088739	2.590042
490.201904	1471.964188	13.377792	-0.088749	2.590048
490.136085	1471.968676	13.382797	-0.088737	2.590045
490.067335	1471.978115	13.387802	-0.088724	2.590045
490.050474	1471.992662	13.392807	-0.088721	2.590052
490.208167	1471.953413	13.397811	-0.088750	2.590041
490.194395	1471.962985	13.402816	-0.088747	2.590046
490.238652	1471.963672	13.407821	-0.088755	2.590050
490.139517	1471.968378	13.412826	-0.088737	2.590045
490.223518	1471.859670	13.417831	-0.088752	2.589985
490.161987	1471.463785	13.422835	-0.088740	2.589735
490.200823	1471.454833	13.427840	-0.088747	2.589733
490.197090	1471.471392	13.432845	-0.088746	2.589743
490.169777	1471.475716	13.437850	-0.088741	2.589743
490.254471	1471.469904	13.442855	-0.088757	2.589746
490.260618	1471.463362	13.447859	-0.088757	2.589743
490.208904	1471.478335	13.452864	-0.088748	2.589748
490.191617	1471.478516	13.457869	-0.088744	2.589746
490.329987	1471.228598	13.462874	-0.088770	2.589604
490.312895	1470.936539	13.467879	-0.088766	2.589422
490.283442	1470.932046	13.472883	-0.088761	2.589417
490.257900	1470.930058	13.477888	-0.088756	2.589413
490.272847	1470.936491	13.482893	-0.088758	2.589418
490.347525	1470.932036	13.487898	-0.088772	2.589422
490.291593	1470.748482	13.492903	-0.088761	2.589304
490.266768	1470.441317	13.497907	-0.088756	2.589112
490.152725	1470.452858	13.502912	-0.088735	2.589109
490.140359	1470.454649	13.507917	-0.088733	2.589109
490.261567	1470.427688	13.512922	-0.088755	2.589103
490.372747	1470.435732	13.517927	-0.088775	2.589117
490.311564	1470.432511	13.522931	-0.088764	2.589110
490.239206	1470.414112	13.527936	-0.088750	2.589092
490.073546	1470.300110	13.532941	-0.088720	2.589008
490.103010	1469.963357	13.537946	-0.088725	2.588803
490.070262	1469.977019	13.542951	-0.088719	2.588808
490.191980	1469.955807	13.547955	-0.088741	2.588805
490.168595	1469.958082	13.552960	-0.088736	2.588805
490.092675	1469.973050	13.557965	-0.088722	2.588808
490.077415	1469.954493	13.562970	-0.088719	2.588795
490.175322	1469.956241	13.567975	-0.088737	2.588804
490.259641	1469.951486	13.572979	-0.088753	2.588808
490.086971	1469.976297	13.577984	-0.088721	2.588809
490.179860	1469.959503	13.582989	-0.088738	2.588806
490.108347	1469.971597	13.587994	-0.088724	2.588808
490.166642	1469.971639	13.592999	-0.088735	2.588812
490.222485	1469.946468	13.598003	-0.088745	2.588801
490.312747	1469.789910	13.603008	-0.088761	2.588712
489.961670	1469.597404	13.608013	-0.088696	2.588564
490.068397	1469.873881	13.613018	-0.088716	2.588744
490.196774	1469.574318	13.618023	-0.088739	2.588569
490.108929	1469.562074	13.623027	-0.088723	2.588554
490.268940	1469.555897	13.628032	-0.088752	2.588564
490.198497	1469.564811	13.633037	-0.088739	2.588563
490.033371	1469.583288	13.638042	-0.088709	2.588561
490.177387	1469.577258	13.643047	-0.088735	2.588569
490.214357	1469.556673	13.648051	-0.088742	2.588560
490.245831	1469.562630	13.653056	-0.088747	2.588566
490.246851	1469.553246	13.658061	-0.088747	2.588560
490.200059	1469.554398	13.663066	-0.088739	2.588557
490.379101	1469.157444	13.668071	-0.088771	2.588327
490.323185	1468.999258	13.673075	-0.088761	2.588224
490.199410	1469.036654	13.678080	-0.088738	2.588237
490.036406	1469.054087	13.683085	-0.088707	2.588234
490.124615	1469.042732	13.688090	-0.088724	2.588234
490.101392	1469.058893	13.693095	-0.088719	2.588242
490.096725	1469.055087	13.698099	-0.088718	2.588239
490.126002	1469.038329	13.703104	-0.088723	2.588231
490.268556	1469.026172	13.708109	-0.088749	2.588236
490.186640	1469.029564	13.713114	-0.088734	2.588231
490.313478	1468.909289	13.718119	-0.088757	2.588167
490.241763	1468.517350	13.723123	-0.088744	2.587919
490.270278	1468.506512	13.728128	-0.088749	2.587915
490.241670	1468.517587	13.733133	-0.088743	2.587919
490.024056	1468.535862	13.738138	-0.088703	2.587912
490.102837	1468.539186	13.743143	-0.088718	2.587921
490.075174	1468.537997	13.748147	-0.088712	2.587918
490.094836	1468.544037	13.753152	-0.088716	2.587923
490.075457	1468.536919	13.758157	-0.088712	2.587917
490.035743	1468.528516	13.763162	-0.088705	2.587908
490.185244	1468.528815	13.768167	-0.088732	2.587921
490.190259	1468.527994	13.773171	-0.088733	2.587921
490.178773	1468.520563	13.778176	-0.088730	2.587915
490.303097	1468.511131	13.783181	-0.088753	2.587920
490.227823	1468.107326	13.788186	-0.088739	2.587664
490.049875	1468.022886	13.793191	-0.088706	2.587597
490.037743	1468.018325	13.798195	-0.088704	2.587593
490.044091	1468.029963	13.803200	-0.088705	2.587601
490.213978	1468.002209	13.808205	-0.088736	2.587598
490.147714	1467.997665	13.813210	-0.088723	2.587589
490.201157	1468.006955	13.818215	-0.088733	2.587599
490.011429	1468.032572	13.823219	-0.088698	2.587599
490.085338	1468.020881	13.828224	-0.088711	2.587598
490.153941	1468.011933	13.833229	-0.088724	2.587598
490.157932	1468.001391	13.838234	-0.088724	2.587592
490.050840	1468.039047	13.843239	-0.088705	2.587606
490.028041	1468.040232	13.848243	-0.088700	2.587605
490.152861	1468.025675	13.853248	-0.088723	2.587606
490.181663	1468.008478	13.858253	-0.088728	2.587598
490.177638	1468.002817	13.863258	-0.088727	2.587594
490.259222	1468.007528	13.868263	-0.088742	2.587604
489.894428	1468.052107	13.873267	-0.088675	2.587601
490.010477	1468.031409	13.878272	-0.088696	2.587598
490.108606	1468.030335	13.883277	-0.088714	2.587605
490.127926	1468.013667	13.888282	-0.088717	2.587596
490.158347	1467.943414	13.893287	-0.088723	2.587555
490.001191	1468.014159	13.898291	-0.088694	2.587586
490.163490	1467.767496	13.903296	-0.088723	2.587447
490.313454	1467.504319	13.908301	-0.088751	2.587297
490.303713	1467.497665	13.913306	-0.088749	2.587292
490.462033	1467.490438	13.918311	-0.088778	2.587301
490.462953	1467.479303	13.923315	-0.088778	2.587294
490.339093	1467.154485	13.928320	-0.088754	2.587083
490.250235	1466.995293	13.933325	-0.088738	2.586977
490.352623	1466.973416	13.938330	-0.088757	2.586972
490.422516	1466.959236	13.943335	-0.088769	2.586969
490.169972	1466.984539	13.948339	-0.088723	2.586964
490.225182	1466.988529	13.953344	-0.088733	2.586971
490.103978	1467.003076	13.958349	-0.088710	2.586969
490.233546	1466.845070	13.963354	-0.088734	2.586883
490.270203	1466.481581	13.968359	-0.088740	2.586661
490.123423	1466.494548	13.973363	-0.088713	2.586657
490.289988	1466.477350	13.978368	-0.088743	2.586660
490.327888	1466.478381	13.983373	-0.088750	2.586664
490.210990	1466.488807	13.988378	-0.088729	2.586660
490.189536	1466.498909	13.993383	-0.088725	2.586665
490.242140	1466.475957	13.998387	-0.088734	2.586655
490.212146	1466.177649	14.003392	-0.088728	2.586468
490.255305	1465.981369	14.008397	-0.088736	2.586350
490.206550	1465.983301	14.013402	-0.088727	2.586347
490.312565	1465.969269	14.018407	-0.088746	2.586347
490.346848	1465.959672	14.023411	-0.088752	2.586344
490.324126	1465.968935	14.028416	-0.088748	2.586348
490.352739	1465.856254	14.033421	-0.088753	2.586281
490.346978	1465.475868	14.038426	-0.088751	2.586045
490.307835	1465.485844	14.043431	-0.088744	2.586048
490.291406	1465.482882	14.048435	-0.088741	2.586045
490.234581	1465.490459	14.053440	-0.088730	2.586045
490.440082	1465.471506	14.058445	-0.088768	2.586050
490.307554	1465.067191	14.063450	-0.088743	2.585789
490.219191	1464.962337	14.068455	-0.088727	2.585717
490.226572	1464.966499	14.073459	-0.088728	2.585720
490.301051	1464.958517	14.078464	-0.088741	2.585721
490.176887	1464.971199	14.083469	-0.088718	2.585718
489.986727	1464.984508	14.088474	-0.088683	2.585711
490.116146	1464.972347	14.093479	-0.088707	2.585714
490.234656	1464.959395	14.098483	-0.088729	2.585716
490.280839	1464.954751	14.103488	-0.088737	2.585717
490.226379	1464.818770	14.108493	-0.088727	2.585628
489.967560	1464.791894	14.113498	-0.088679	2.585590
490.235605	1464.641671	14.118503	-0.088728	2.585519
490.199654	1464.469340	14.123507	-0.088721	2.585410
490.197836	1464.468689	14.128512	-0.088721	2.585409
490.045719	1464.492747	14.133517	-0.088692	2.585411
489.941865	1464.498884	14.138522	-0.088673	2.585406
490.169468	1464.475658	14.143527	-0.088715	2.585411
490.102628	1464.469694	14.148531	-0.088702	2.585401
490.257862	1464.436596	14.153536	-0.088731	2.585394
490.196422	1464.460967	14.158541	-0.088719	2.585404
490.257582	1464.444689	14.163546	-0.088731	2.585399
490.268827	1464.464492	14.168551	-0.088732	2.585412
490.127973	1464.478938	14.173555	-0.088706	2.585409
490.235541	1464.177752	14.178560	-0.088726	2.585232
490.289110	1463.943777	14.183565	-0.088735	2.585092
490.105234	1463.962301	14.188570	-0.088701	2.585088
490.235085	1463.962454	14.193575	-0.088725	2.585098
490.228571	1463.956884	14.198579	-0.088724	2.585094
490.372784	1463.925031	14.203584	-0.088750	2.585087
490.367860	1463.933894	14.208589	-0.088749	2.585092
490.158866	1463.762623	14.213594	-0.088710	2.584968
490.380191	1463.435423	14.218599	-0.088751	2.584785
490.150549	1463.469763	14.223603	-0.088708	2.584786
490.208579	1463.470073	14.228608	-0.088719	2.584791
490.241052	1463.463249	14.233613	-0.088725	2.584790
490.314500	1463.447070	14.238618	-0.088738	2.584786
490.323303	1463.453562	14.243623	-0.088740	2.584791
490.260274	1463.388498	14.248627	-0.088728	2.584745
490.354957	1462.928031	14.253632	-0.088745	2.584468
490.325173	1462.927392	14.258637	-0.088739	2.584465
490.187416	1462.949756	14.263642	-0.088714	2.584468
490.075869	1462.959721	14.268647	-0.088693	2.584464
490.342460	1462.920078	14.273651	-0.088742	2.584462
490.264891	1462.937295	14.278656	-0.088727	2.584466
490.316285	1462.778167	14.283661	-0.088737	2.584372
490.276753	1462.436736	14.288666	-0.088729	2.584157
490.349581	1462.430993	14.293671	-0.088742	2.584160
490.198900	1462.453599	14.298675	-0.088714	2.584161
490.172344	1462.453785	14.303680	-0.088709	2.584159
490.256514	1462.446248	14.308685	-0.088725	2.584161
490.179459	1462.452791	14.313690	-0.088710	2.584159
490.182454	1462.454011	14.318695	-0.088711	2.584160
490.196329	1462.448956	14.323699	-0.088713	2.584158
490.211459	1461.943610	14.328704	-0.088715	2.583847
490.040153	1461.972049	14.333709	-0.088684	2.583850
490.099763	1461.960023	14.338714	-0.088694	2.583847
490.219105	1461.951491	14.343719	-0.088716	2.583852
490.110385	1461.955775	14.348723	-0.088696	2.583845
490.156477	1461.946847	14.353728	-0.088704	2.583844
490.278902	1461.935373	14.358733	-0.088727	2.583847
490.314335	1461.930165	14.363738	-0.088733	2.583846
490.372953	1461.928876	14.368743	-0.088744	2.583850
490.348198	1461.646847	14.373747	-0.088739	2.583674
490.386823	1461.503887	14.378752	-0.088746	2.583589
490.323747	1461.511562	14.383757	-0.088734	2.583588
490.326001	1461.497738	14.388762	-0.088734	2.583580
490.320189	1461.518076	14.393767	-0.088733	2.583592
490.263108	1461.404282	14.398771	-0.088722	2.583516
490.078861	1461.006666	14.403776	-0.088688	2.583255
490.224012	1460.994118	14.408781	-0.088715	2.583259
490.192391	1461.003829	14.413786	-0.088709	2.583263
490.090904	1461.029344	14.418791	-0.088690	2.583270
490.041220	1461.024599	14.423795	-0.088680	2.583263
490.151537	1461.006942	14.428800	-0.088701	2.583261
490.327176	1460.970313	14.433805	-0.088733	2.583253
490.288429	1460.973167	14.438810	-0.088726	2.583251
490.299987	1460.994171	14.443815	-0.088728	2.583265
490.298736	1460.789773	14.448819	-0.088727	2.583139
490.181082	1460.492186	14.453824	-0.088705	2.582945
490.242863	1460.480116	14.458829	-0.088716	2.582942
490.123555	1460.497707	14.463834	-0.088694	2.582943
490.129729	1460.498747	14.468839	-0.088695	2.582944
490.276529	1460.469317	14.473843	-0.088722	2.582938
490.128684	1460.498609	14.478848	-0.088695	2.582944
490.156521	1460.499480	14.483853	-0.088700	2.582947
490.156754	1460.488205	14.488858	-0.088699	2.582940
490.161935	1460.500231	14.493863	-0.088700	2.582947
490.133376	1460.497664	14.498867	-0.088695	2.582943
490.202849	1460.497167	14.503872	-0.088707	2.582949
490.226350	1460.095129	14.508877	-0.088711	2.582702
489.934376	1460.023148	14.513882	-0.088657	2.582633
490.015115	1460.012033	14.518887	-0.088672	2.582633
489.926530	1460.222013	14.523891	-0.088656	2.582755
490.047689	1460.506200	14.528896	-0.088678	2.582941
490.245452	1460.236170	14.533901	-0.088714	2.582791
490.078064	1459.982984	14.538906	-0.088683	2.582620
490.076424	1459.991899	14.543911	-0.088683	2.582625
490.154469	1459.978879	14.548915	-0.088697	2.582623
490.086608	1459.991496	14.553920	-0.088684	2.582626
490.227600	1459.986827	14.558925	-0.088710	2.582634
490.107661	1459.988355	14.563930	-0.088688	2.582625
490.172543	1459.997816	14.568935	-0.088700	2.582636
490.278933	1459.967570	14.573939	-0.088719	2.582627
490.245980	1459.979479	14.578944	-0.088713	2.582631
490.351587	1459.960948	14.583949	-0.088732	2.582628
490.292887	1459.691995	14.588954	-0.088721	2.582457
490.185448	1459.485445	14.593959	-0.088701	2.582320
490.165637	1459.480429	14.598963	-0.088697	2.582315
490.359703	1459.460216	14.603968	-0.088733	2.582319
490.362754	1459.460418	14.608973	-0.088733	2.582319
490.144246	1459.491748	14.613978	-0.088693	2.582320
490.188070	1459.495238	14.618983	-0.088701	2.582326
490.189490	1459.492382	14.623987	-0.088701	2.582324
490.238162	1459.205588	14.628992	-0.088709	2.582151
490.391683	1458.940127	14.633997	-0.088737	2.582000
490.148145	1458.965024	14.639002	-0.088692	2.581994
490.122940	1458.972600	14.644007	-0.088687	2.581997
490.260509	1458.962082	14.649011	-0.088713	2.582002
490.124544	1458.986986	14.654016	-0.088687	2.582006
490.147584	1458.981443	14.659021	-0.088692	2.582004
490.068882	1458.989481	14.664026	-0.088677	2.582003
490.132843	1458.975096	14.669031	-0.088689	2.581999
490.149531	1458.968651	14.674035	-0.088691	2.581996
490.153611	1458.977543	14.679040	-0.088692	2.582002
490.195231	1458.975276	14.684045	-0.088700	2.582004
490.013983	1458.657724	14.689050	-0.088666	2.581792
490.172019	1458.730185	14.694055	-0.088695	2.581850
490.110483	1458.484154	14.699059	-0.088683	2.581693
490.117731	1458.466129	14.704064	-0.088684	2.581682
490.232163	1458.453206	14.709069	-0.088705	2.581684
490.212280	1458.453752	14.714074	-0.088701	2.581682
490.128881	1458.471761	14.719079	-0.088686	2.581686
490.150377	1458.468447	14.724083	-0.088690	2.581686
490.117190	1458.471558	14.729088	-0.088684	2.581685
490.268473	1458.462452	14.734093	-0.088711	2.581692
490.024623	1458.485630	14.739098	-0.088666	2.581686
490.174038	1458.495443	14.744103	-0.088694	2.581705
490.112071	1458.489099	14.749107	-0.088682	2.581695
490.112204	1458.476078	14.754112	-0.088682	2.581687
490.160088	1458.484562	14.759117	-0.088691	2.581696
490.251072	1458.259172	14.764122	-0.088707	2.581565
490.217461	1457.965236	14.769127	-0.088700	2.581380
490.124750	1457.980477	14.774131	-0.088683	2.581381
490.082585	1457.991115	14.779136	-0.088675	2.581384
490.086819	1457.986616	14.784141	-0.088676	2.581382
489.964890	1457.996498	14.789146	-0.088653	2.581378
490.074287	1457.999642	14.794151	-0.088673	2.581389
490.059533	1457.987386	14.799155	-0.088670	2.581380
489.939078	1458.014974	14.804160	-0.088648	2.581387
490.097658	1457.994280	14.809165	-0.088677	2.581387
489.952791	1458.005264	14.814170	-0.088650	2.581382
490.067628	1457.982952	14.819175	-0.088671	2.581377
490.092429	1457.973640	14.824179	-0.088676	2.581374
490.072726	1457.982989	14.829184	-0.088672	2.581378
490.154045	1457.972801	14.834189	-0.088687	2.581378
490.020104	1457.994656	14.839194	-0.088662	2.581380
490.211600	1457.981845	14.844199	-0.088697	2.581388
490.198605	1457.966827	14.849203	-0.088695	2.581378
490.013224	1457.991390	14.854208	-0.088660	2.581378
490.237365	1457.973636	14.859213	-0.088701	2.581385
490.093708	1457.986976	14.864218	-0.088675	2.581381
490.177890	1457.991027	14.869223	-0.088690	2.581391
490.338223	1457.968834	14.874227	-0.088719	2.581391
490.189481	1457.833817	14.879232	-0.088692	2.581294
490.247293	1457.493943	14.884237	-0.088702	2.581089
490.117019	1457.512275	14.889242	-0.088678	2.581089
490.148050	1457.523550	14.894247	-0.088684	2.581099
490.264104	1457.486447	14.899251	-0.088705	2.581085
490.103319	1457.505649	14.904256	-0.088675	2.581084
490.354442	1457.481448	14.909261	-0.088721	2.581090
490.131157	1457.485950	14.914266	-0.088680	2.581074
490.189513	1457.498805	14.919271	-0.088690	2.581087
490.221210	1457.486538	14.924275	-0.088696	2.581082
490.133187	1457.479455	14.929280	-0.088680	2.581070
490.232768	1457.026766	14.934285	-0.088698	2.580798
490.363313	1456.921380	14.939290	-0.088721	2.580743
490.303170	1456.953373	14.944295	-0.088710	2.580758
490.337786	1456.939701	14.949299	-0.088716	2.580752

490.222040	1456.641398	14.954304	-0.088695	2.580558
490.298988	1456.297502	14.959309	-0.088709	2.580351
490.278757	1455.726874	14.964314	-0.088704	2.579996
490.247097	1455.093612	14.969319	-0.088698	2.579601
490.211686	1454.205198	14.974323	-0.088691	2.579048
490.202764	1453.270546	14.979328	-0.088688	2.578468
490.174280	1452.117892	14.984333	-0.088682	2.577751
489.913552	1450.858448	14.989338	-0.088633	2.576948
490.085897	1449.428206	14.994343	-0.088664	2.576076
489.988447	1447.831385	14.999347	-0.088645	2.575077
489.657622	1446.236808	15.004352	-0.088582	2.574060
489.719275	1444.448400	15.009357	-0.088592	2.572954
489.610165	1442.511661	15.014362	-0.088571	2.571742
489.467089	1440.490326	15.019367	-0.088543	2.570474
489.448657	1438.256477	15.024371	-0.088538	2.569083
489.243239	1435.938224	15.029376	-0.088499	2.567624
489.456628	1433.424768	15.034381	-0.088536	2.566077
489.192866	1430.788031	15.039386	-0.088486	2.564412
489.013178	1428.161104	15.044391	-0.088451	2.562760
489.055409	1425.283394	15.049395	-0.088456	2.560968
489.000649	1422.290190	15.054400	-0.088444	2.559095
488.776055	1419.229987	15.059405	-0.088401	2.557165
488.669268	1416.017976	15.064410	-0.088379	2.555148
488.564948	1412.722884	15.069415	-0.088357	2.553077
488.368434	1409.289108	15.074419	-0.088319	2.550911
488.095448	1405.852351	15.079424	-0.088266	2.548734
488.037113	1402.257056	15.084429	-0.088253	2.546474
487.922971	1398.508335	15.089434	-0.088229	2.544110
487.788984	1394.665539	15.094439	-0.088202	2.541684
487.617372	1390.724208	15.099443	-0.088167	2.539190
487.393461	1386.714691	15.104448	-0.088123	2.536646
487.231490	1382.624494	15.109453	-0.088091	2.534055
487.016793	1378.363038	15.114458	-0.088048	2.531347
487.033822	1374.056498	15.119463	-0.088048	2.528629
486.891110	1369.585864	15.124467	-0.088019	2.525790
486.615602	1365.043984	15.129472	-0.087965	2.522891
486.498961	1360.406462	15.134477	-0.087940	2.519941
486.463236	1355.624552	15.139482	-0.087930	2.516904
486.005029	1350.850855	15.144487	-0.087843	2.513831
485.937477	1345.904262	15.149491	-0.087827	2.510679
485.684617	1340.967033	15.154496	-0.087777	2.507512
485.409271	1335.919379	15.159501	-0.087723	2.504269
485.200713	1330.753057	15.164506	-0.087681	2.500952
485.018115	1325.584944	15.169511	-0.087644	2.497631
484.896109	1320.238463	15.174515	-0.087617	2.494197
484.635741	1314.822526	15.179520	-0.087566	2.490702
484.439291	1309.379894	15.184525	-0.087526	2.487190
484.091634	1303.830471	15.189530	-0.087458	2.483591
484.089363	1298.178105	15.194535	-0.087454	2.479951
483.737783	1292.451427	15.199539	-0.087385	2.476226
483.386003	1286.721475	15.204544	-0.087316	2.472494
483.064355	1280.993226	15.209549	-0.087253	2.468760
483.006279	1275.067159	15.214554	-0.087238	2.464916
482.626138	1269.121419	15.219559	-0.087164	2.461023
482.246823	1263.196427	15.224563	-0.087090	2.457138
482.157618	1257.102973	15.229568	-0.087070	2.453164
481.757800	1251.045827	15.234573	-0.086992	2.449178
481.619344	1244.861204	15.239578	-0.086962	2.445126
481.211081	1238.647126	15.244583	-0.086883	2.441024
481.129013	1232.349435	15.249587	-0.086864	2.436890
480.947008	1225.945389	15.254592	-0.086826	2.432669
480.636765	1219.543598	15.259597	-0.086764	2.428431
480.293058	1213.034976	15.264602	-0.086696	2.424112
479.867535	1206.551588	15.269607	-0.086614	2.419794
479.711307	1200.018523	15.274611	-0.086580	2.415461
479.425029	1193.372026	15.279616	-0.086523	2.411032
479.217278	1186.642603	15.284621	-0.086480	2.406548
478.987734	1179.830387	15.289626	-0.086433	2.401998
478.638608	1173.059198	15.294631	-0.086364	2.397455
478.478799	1166.178509	15.299635	-0.086330	2.392849
478.059944	1159.310487	15.304640	-0.086249	2.388217
477.820310	1152.357370	15.309645	-0.086200	2.383536
477.696986	1145.300839	15.314650	-0.086172	2.378788
477.328718	1138.238268	15.319655	-0.086100	2.374003
476.938757	1131.169414	15.324659	-0.086023	2.369201
476.540554	1124.050017	15.329664	-0.085945	2.364355
476.252347	1116.919771	15.334669	-0.085887	2.359502
475.984034	1109.706068	15.339674	-0.085833	2.354584
475.675757	1102.485330	15.344679	-0.085771	2.349647
475.193154	1095.254404	15.349683	-0.085677	2.344676
474.981051	1087.977769	15.354688	-0.085633	2.339690
474.555140	1080.696958	15.359693	-0.085550	2.334668
474.274658	1073.345788	15.364698	-0.085493	2.329602
473.913410	1065.993150	15.369703	-0.085422	2.324516
473.586611	1058.589776	15.374707	-0.085356	2.319387
473.281476	1051.156217	15.379712	-0.085295	2.314228
472.771607	1043.788474	15.384717	-0.085196	2.309082
472.631921	1036.270149	15.389722	-0.085165	2.303858
472.394091	1028.736965	15.394727	-0.085116	2.298601
471.966454	1021.197462	15.399731	-0.085033	2.293309
471.542156	1013.642522	15.404736	-0.084949	2.287993
471.048871	1006.109660	15.409741	-0.084853	2.282674
470.734036	998.559519	15.414746	-0.084790	2.277348
470.611148	990.920217	15.419751	-0.084762	2.271967
470.240051	983.269410	15.424755	-0.084689	2.266539
469.971171	975.531677	15.429760	-0.084634	2.261048
469.404003	967.878865	15.434765	-0.084524	2.255572
469.148051	960.154530	15.439770	-0.084472	2.250064
468.646839	952.423480	15.444775	-0.084375	2.244512
468.250332	944.724477	15.449779	-0.084296	2.238980
467.935425	936.971464	15.454784	-0.084233	2.233404
467.457596	929.292913	15.459789	-0.084140	2.227851
467.087817	921.525225	15.464794	-0.084066	2.222231
466.695955	913.801037	15.469799	-0.083989	2.216625
466.279409	906.062296	15.474803	-0.083907	2.210992
465.933581	898.291740	15.479808	-0.083838	2.205329
465.628561	890.499023	15.484813	-0.083777	2.199640
465.215456	882.701787	15.489818	-0.083695	2.193920
465.001318	874.881290	15.494823	-0.083651	2.188191
464.475361	867.049148	15.499827	-0.083548	2.182403
464.144401	859.223350	15.504832	-0.083482	2.176627
463.758805	851.375822	15.509837	-0.083406	2.170812
463.417762	843.496004	15.514842	-0.083338	2.164964
463.067170	835.590651	15.519847	-0.083268	2.159079
462.521921	827.747131	15.524851	-0.083162	2.153202
462.161089	819.891504	15.529856	-0.083090	2.147321
461.630917	812.082818	15.534861	-0.082987	2.141439
461.376724	804.214302	15.539866	-0.082935	2.135527
460.919328	796.353150	15.544871	-0.082846	2.129582
460.388419	788.513511	15.549875	-0.082742	2.123627
460.053094	780.678983	15.554880	-0.082675	2.117682
459.634054	772.852503	15.559885	-0.082593	2.111717
459.205730	765.000699	15.564890	-0.082509	2.105714
458.849961	757.173334	15.569895	-0.082438	2.099721
458.190414	749.388752	15.574899	-0.082311	2.093708
457.748377	741.572679	15.579904	-0.082224	2.087679
457.346228	733.792146	15.584909	-0.082145	2.081664
456.853104	726.035829	15.589914	-0.082049	2.075639
456.237588	718.373101	15.594919	-0.081930	2.069655
455.885549	710.672966	15.599923	-0.081860	2.063656
455.435234	702.957804	15.604928	-0.081772	2.057615
455.063475	695.284686	15.609933	-0.081699	2.051599
454.675006	687.574586	15.614938	-0.081622	2.045534
454.141531	679.890066	15.619943	-0.081518	2.039454
453.631266	672.261824	15.624947	-0.081419	2.033402
453.208395	664.626263	15.629952	-0.081336	2.027337
452.867654	656.980945	15.634957	-0.081268	2.021256
452.277488	649.353667	15.639962	-0.081154	2.015140
451.770351	641.813707	15.644967	-0.081056	2.009085
451.225190	634.257725	15.649971	-0.080950	2.002994
451.007844	626.668632	15.654976	-0.080905	1.996899
450.368045	619.161135	15.659981	-0.080782	1.990798
449.770825	611.685091	15.664986	-0.080667	1.984709
449.418270	604.211462	15.669991	-0.080597	1.978633
448.926509	596.748858	15.674995	-0.080501	1.972530
448.431185	589.312565	15.680000	-0.080405	1.966429
448.051095	581.881676	15.685005	-0.080330	1.960327
447.413132	574.490711	15.690010	-0.080208	1.954207
446.981615	567.133170	15.695015	-0.080123	1.948121
446.459345	559.812084	15.700019	-0.080022	1.942034
445.771399	552.542556	15.705024	-0.079890	1.935949
445.412808	545.335917	15.710029	-0.079819	1.929939
444.811315	538.070413	15.715034	-0.079704	1.923830
444.493045	530.814955	15.720039	-0.079640	1.917747
443.786106	523.665999	15.725043	-0.079505	1.911682
443.154732	516.558579	15.730048	-0.079384	1.905643
442.642617	509.479049	15.735053	-0.079285	1.899624
442.138653	502.423460	15.740058	-0.079187	1.893606
441.575440	495.399588	15.745063	-0.079079	1.887589
441.005568	488.430974	15.750067	-0.078969	1.881598
440.364507	481.522512	15.755072	-0.078846	1.875629
439.974120	474.610250	15.760077	-0.078770	1.869672
439.531080	467.684571	15.765082	-0.078683	1.863677
439.052910	460.807153	15.770087	-0.078591	1.857699
438.327843	454.011017	15.775091	-0.078452	1.851739
437.969632	447.158173	15.780096	-0.078382	1.845760
437.365519	440.404683	15.785101	-0.078266	1.839814
436.694708	433.692250	15.790106	-0.078138	1.833875
436.206135	427.014251	15.795111	-0.078043	1.827972
435.647215	420.368254	15.800115	-0.077936	1.822069
435.155250	413.750431	15.805120	-0.077841	1.816180
434.466323	407.209349	15.810125	-0.077709	1.810312
433.745368	400.708281	15.815130	-0.077572	1.804456
433.422953	394.206930	15.820135	-0.077508	1.798636
432.771614	387.797184	15.825139	-0.077384	1.792833
432.250035	381.374068	15.830144	-0.077283	1.787017
431.457604	375.073272	15.835149	-0.077133	1.781253
430.723825	368.819100	15.840154	-0.076994	1.775521
430.141643	362.577011	15.845159	-0.076882	1.769803
429.664251	356.380257	15.850163	-0.076790	1.764122
428.964102	350.253488	15.855168	-0.076657	1.758454
428.496147	344.158223	15.860173	-0.076567	1.752830
427.685539	338.134832	15.865178	-0.076413	1.747204
427.127688	332.169591	15.870183	-0.076306	1.741650
426.311482	326.290457	15.875187	-0.076152	1.736119
425.715615	320.432926	15.880192	-0.076038	1.730623
425.056804	314.648127	15.885197	-0.075913	1.725168
424.351887	308.929771	15.890202	-0.075779	1.719750
423.750166	303.243603	15.895207	-0.075665	1.714360
423.047855	297.618945	15.900211	-0.075531	1.708995
422.582871	292.020064	15.905216	-0.075442	1.703674
421.761355	286.500971	15.910221	-0.075287	1.698357
421.061836	281.051728	15.915226	-0.075154	1.693107
420.537145	275.612873	15.920231	-0.075054	1.687878
419.672677	270.293586	15.925235	-0.074891	1.682694
419.062607	265.002832	15.930240	-0.074775	1.677560
418.431834	259.754717	15.935245	-0.074655	1.672447
417.830880	254.551587	15.940250	-0.074541	1.667367
417.076934	249.422919	15.945255	-0.074398	1.662319
416.545831	244.311861	15.950259	-0.074297	1.657307
415.806530	239.272166	15.955264	-0.074157	1.652316
414.964009	234.318946	15.960269	-0.073999	1.647378
414.137263	229.472130	15.965274	-0.073843	1.642531
413.267160	224.701046	15.970279	-0.073680	1.637737
412.552596	220.009968	15.975283	-0.073545	1.633031
411.837725	215.338163	15.980288	-0.073410	1.628331
411.124962	210.751058	15.985293	-0.073275	1.623701
410.262857	206.269576	15.990298	-0.073114	1.619137
409.676652	201.780039	15.995303	-0.073002	1.614598
409.047210	197.324839	16.000307	-0.072883	1.610072
407.968973	193.030700	16.005312	-0.072682	1.605621
407.273801	188.790835	16.010317	-0.072551	1.601275
406.550165	184.616609	16.015322	-0.072415	1.596977
405.830609	180.493764	16.020327	-0.072279	1.592720
405.215577	176.394378	16.025331	-0.072163	1.588493
404.418191	172.382168	16.030336	-0.072014	1.584312
403.793950	168.392087	16.035341	-0.071896	1.580171
402.673968	164.568026	16.040346	-0.071687	1.576105
402.143889	160.729749	16.045351	-0.071586	1.572112
401.318492	156.990048	16.050355	-0.071432	1.568161
400.518959	153.320195	16.055360	-0.071282	1.564275
399.972010	149.645334	16.060365	-0.071179	1.560416
399.024683	146.092412	16.065370	-0.071002	1.556606
398.288180	142.615316	16.070375	-0.070864	1.552900
396.866233	139.321004	16.075379	-0.070599	1.549258
395.025587	136.325614	16.080384	-0.070258	1.545845
393.447183	133.565390	16.085389	-0.069965	1.542713
392.390371	130.882860	16.090394	-0.069769	1.539745
391.469566	128.269835	16.095399	-0.069597	1.536866
390.989947	125.653962	16.100403	-0.069507	1.534056
389.983951	123.151223	16.105408	-0.069320	1.531267
389.296054	120.666386	16.110413	-0.069192	1.528547
388.370774	118.290855	16.115418	-0.069019	1.525896
387.685440	115.956521	16.120423	-0.068892	1.523324
387.010100	113.678838	16.125427	-0.068765	1.520810
386.142016	111.438783	16.130432	-0.068604	1.518298
385.790609	109.191852	16.135437	-0.068538	1.515864
385.151456	106.977920	16.140442	-0.068418	1.513412
383.903449	104.938703	16.145447	-0.068187	1.511033
383.241613	102.914132	16.150451	-0.068063	1.508769
382.501017	100.926698	16.155456	-0.067926	1.506527
382.112457	98.939201	16.160461	-0.067853	1.504344
381.674871	96.908956	16.165466	-0.067770	1.502103
380.882064	94.977084	16.170471	-0.067623	1.499902
379.959767	93.116894	16.175475	-0.067452	1.497750
379.502223	91.276853	16.180480	-0.067366	1.495700
379.139853	89.379024	16.185485	-0.067298	1.493601
378.755271	87.441873	16.190490	-0.067226	1.491454
377.926303	85.617574	16.195495	-0.067072	1.489345
377.296041	83.806509	16.200499	-0.066954	1.487283
376.435431	82.099741	16.205504	-0.066794	1.485290
376.003634	80.347375	16.210509	-0.066714	1.483321
375.211417	78.666065	16.215514	-0.066566	1.481362
374.250298	77.079967	16.220519	-0.066388	1.479473
373.566490	75.521119	16.225523	-0.066261	1.477660
373.317129	73.933084	16.230528	-0.066214	1.475893
372.974121	72.286733	16.235533	-0.066150	1.474042
372.535314	70.628907	16.240538	-0.066067	1.472160
371.744808	69.076878	16.245543	-0.065921	1.470327
371.118973	67.531977	16.250547	-0.065804	1.468529
370.792591	65.946515	16.255552	-0.065743	1.466738
370.528023	64.315693	16.260557	-0.065693	1.464908
370.209112	62.633156	16.265562	-0.065633	1.463008
369.773383	60.980722	16.270567	-0.065551	1.461118
368.908492	59.404925	16.275571	-0.065391	1.459231
368.274805	57.856414	16.280576	-0.065273	1.457413
367.717074	56.306871	16.285581	-0.065169	1.455607
367.168415	54.753080	16.290586	-0.065067	1.453794
366.339330	53.303374	16.295591	-0.064913	1.452043
365.982610	51.796478	16.300595	-0.064846	1.450314
365.492946	50.304866	16.305600	-0.064755	1.448574
365.038575	48.815357	16.310605	-0.064670	1.446842
364.227614	47.392517	16.315610	-0.064520	1.445115
363.581305	45.989428	16.320615	-0.064399	1.443439
362.730772	44.680042	16.325619	-0.064242	1.441827
362.243995	43.358967	16.330624	-0.064151	1.440267
362.145034	41.925723	16.335629	-0.064132	1.438653
361.673961	40.508157	16.340634	-0.064044	1.436986
361.077393	39.155515	16.345639	-0.063933	1.435365
360.129666	37.854059	16.350643	-0.063757	1.433735
359.079432	36.669356	16.355648	-0.063563	1.432214
358.017848	35.652084	16.360653	-0.063367	1.430876
357.680501	34.505483	16.365658	-0.063304	1.429528
357.510870	33.284044	16.370663	-0.063271	1.428126
357.292964	32.069538	16.375667	-0.063230	1.426722
357.098891	30.773583	16.380672	-0.063194	1.425229
356.835932	29.434097	16.385677	-0.063144	1.423672
356.292976	28.123109	16.390682	-0.063043	1.422093
356.023524	26.777556	16.395687	-0.062992	1.420525
355.406385	25.467750	16.400691	-0.062878	1.418930
354.934351	24.133935	16.405696	-0.062790	1.417333
354.243997	22.888155	16.410701	-0.062662	1.415793
353.839666	21.573067	16.415706	-0.062586	1.414226
353.215637	20.286921	16.420711	-0.062470	1.412649
352.783380	19.034740	16.425715	-0.062390	1.411146
352.373955	17.714967	16.430720	-0.062313	1.409568
351.798749	16.424374	16.435725	-0.062206	1.407990
351.491743	15.116370	16.440730	-0.062149	1.406441
350.826129	13.846923	16.445735	-0.062025	1.404866
350.198919	12.598735	16.450739	-0.061909	1.403322
349.136603	11.489638	16.455744	-0.061712	1.401851
348.448199	10.410021	16.460749	-0.061584	1.400484
348.234292	9.217795	16.465754	-0.061544	1.399077
347.882806	8.018149	16.470759	-0.061478	1.397634
347.226620	6.912071	16.475763	-0.061357	1.396239
346.773737	5.733240	16.480768	-0.061272	1.394797
346.241117	4.583341	16.485773	-0.061173	1.393372
345.540765	3.490100	16.490778	-0.061043	1.391979
344.771058	2.440201	16.495783	-0.060901	1.390620
344.273410	1.382941	16.500787	-0.060808	1.389304
343.463109	0.384084	16.505792	-0.060658	1.387994
342.477208	-0.475781	16.510797	-0.060476	1.386809
338.423460	-0.629588	16.515802	-0.059729	1.385845
312.207276	5.084073	16.520807	-0.054903	1.387367
308.810163	10.399128	16.525811	-0.054281	1.392843
326.525977	10.863183	16.530816	-0.057544	1.396791
335.002626	9.925913	16.535821	-0.059105	1.397345
332.809844	10.316141	16.540826	-0.058701	1.397371
334.353440	10.111816	16.545831	-0.058985	1.397433
334.103682	9.957365	16.550835	-0.058939	1.397208
334.603917	9.609701	16.555840	-0.059031	1.396905
334.126640	9.308269	16.560845	-0.058943	1.396467
334.572233	8.740071	16.565850	-0.059024	1.395900
333.336466	8.460066	16.570855	-0.058796	1.395340
333.378116	7.966478	16.575859	-0.058803	1.394781
332.574468	7.589778	16.580864	-0.058655	1.394193
332.098903	7.201873	16.585869	-0.058567	1.393655
331.339022	6.872528	16.590874	-0.058427	1.393129
329.876850	6.756802	16.595879	-0.058157	1.392713
329.792948	6.485253	16.600883	-0.058141	1.392384
329.003761	6.308832	16.605888	-0.057996	1.392029
328.159190	6.276176	16.610893	-0.057840	1.391828
328.125791	5.997030	16.615898	-0.057833	1.391499
326.550663	5.987262	16.620903	-0.057543	1.391184
325.730931	6.125645	16.625907	-0.057392	1.391184
326.435216	5.874739	16.630912	-0.057521	1.391031
325.773450	5.724540	16.635917	-0.057399	1.390730
325.353391	5.574886	16.640922	-0.057322	1.390476
324.331400	5.530534	16.645927	-0.057133	1.390227
324.238012	5.408860	16.650931	-0.057116	1.390068
323.974626	5.162307	16.655936	-0.057067	1.389733
322.425090	5.313260	16.660941	-0.056781	1.389607
322.518258	5.173759	16.665946	-0.056798	1.389464
321.703543	5.182728	16.670951	-0.056648	1.389316
321.886621	5.027771	16.675955	-0.056682	1.389173
322.156524	4.631437	16.680960	-0.056731	1.388767
319.930027	4.673326	16.685965	-0.056321	1.388384
318.965946	4.809207	16.690970	-0.056143	1.388354
318.472091	4.998105	16.695975	-0.056052	1.388476
319.757019	4.677895	16.700979	-0.056288	1.388355
319.740498	4.314688	16.705984	-0.056285	1.387932
315.952033	4.857838	16.710989	-0.055587	1.387826
316.998663	4.873695	16.715994	-0.055780	1.388047
316.375368	4.800214	16.720999	-0.055665	1.387841
316.698350	4.646782	16.726003	-0.055724	1.387726
318.201817	4.110234	16.731008	-0.056001	1.387397
315.517200	4.209809	16.736013	-0.055506	1.386991
315.596618	4.064225	16.741018	-0.055520	1.386838
314.213146	4.032213	16.746023	-0.055265	1.386532
314.943383	3.855753	16.751027	-0.055400	1.386470
315.370138	3.319722	16.756032	-0.055478	1.385932
309.653106	4.163098	16.761037	-0.054425	1.385798
311.117752	4.405766	16.766042	-0.054695	1.386363
313.372340	3.798111	16.771047	-0.055110	1.386097
310.214700	4.161402	16.776051	-0.054528	1.385905
312.681191	3.668608	16.781056	-0.054982	1.385813
310.179638	3.689604	16.786061	-0.054521	1.385351
309.145253	4.046347	16.791066	-0.054330	1.385563
311.329439	3.389549	16.796071	-0.054732	1.385227
308.783568	3.592553	16.801075	-0.054263	1.384967
310.134239	3.127443	16.806080	-0.054512	1.384691
307.727001	3.242381	16.811085	-0.054068	1.384356
307.236247	3.319070	16.816090	-0.053978	1.384349
309.286479	2.641334	16.821095	-0.054355	1.383962
305.626865	3.039847	16.826099	-0.053681	1.383712
305.854575	2.994103	16.831104	-0.053722	1.383703
305.167774	2.891147	16.836109	-0.053596	1.383450
304.448495	3.102707	16.841114	-0.053463	1.383555
305.763210	2.695271	16.846119	-0.053705	1.383338
305.353017	2.452307	16.851123	-0.053629	1.382976
305.153110	2.131632	16.856128	-0.053592	1.382565
300.920552	2.601357	16.861133	-0.052812	1.382286
301.625494	2.856685	16.866138	-0.052942	1.382719
304.525207	2.084360	16.871143	-0.053476	1.382388
300.858645	2.381563	16.876147	-0.052800	1.382018
301.925484	2.225911	16.881152	-0.052997	1.382045
300.676846	2.094293	16.886157	-0.052766	1.381649
298.761041	2.538432	16.891162	-0.052414	1.381791
300.397171	2.169738	16.896167	-0.052715	1.381682
299.068195	2.295355	16.901171	-0.052470	1.381568
300.849252	1.655489	16.906176	-0.052797	1.381172
297.301449	1.845980	16.911181	-0.052144	1.380701
295.857399	2.433731	16.916186	-0.051878	1.381102
300.219180	1.436682	16.921191	-0.052681	1.380794
294.468368	2.039152	16.926195	-0.051622	1.380373
294.421970	2.479371	16.931200	-0.051613	1.380875
297.653248	1.788293	16.936205	-0.052208	1.380702
295.686390	1.770252	16.941210	-0.051845	1.380297
295.583821	1.564616	16.946215	-0.051826	1.380038
293.832710	1.608127	16.951219	-0.051503	1.379746
294.245069	1.477575	16.956224	-0.051579	1.379675
293.460871	1.432236	16.961229	-0.051435	1.379469
292.312975	1.552903	16.966234	-0.051223	1.379385
293.576647	1.185263	16.971239	-0.051455	1.379204
289.222614	1.847718	16.976243	-0.050654	1.379124
291.583875	1.678140	16.981248	-0.051088	1.379388
293.558817	0.881234	16.986253	-0.051451	1.378846
289.033727	1.307241	16.991258	-0.050618	1.378457
289.116646	1.546604	16.996263	-0.050633	1.378752
288.970221	1.563953	17.001267	-0.050606	1.378743
290.520354	1.011526	17.006272	-0.050891	1.378403
288.892177	0.869122	17.011277	-0.050591	1.377919
286.413058	1.357371	17.016282	-0.050135	1.378002
289.801720	0.630238	17.021287	-0.050758	1.377818
285.731743	0.928481	17.026291	-0.050009	1.377369
285.735239	1.175469	17.031296	-0.050009	1.377657
288.751645	0.296130	17.036301	-0.050564	1.377223
283.513947	0.925396	17.041306	-0.049600	1.376931
283.083347	1.221619	17.046311	-0.049520	1.377192
284.231891	1.027009	17.051315	-0.049732	1.377190
285.705708	0.702910	17.056320	-0.050003	1.377100
285.079882	0.307107	17.061325	-0.049887	1.376516
280.446969	1.033504	17.066330	-0.049034	1.376456
282.989238	0.730509	17.071335	-0.049502	1.376600
281.402391	0.776689	17.076339	-0.049209	1.376343
281.654900	0.913647	17.081344	-0.049256	1.376552
284.777351	-0.146094	17.086349	-0.049830	1.375927
279.820262	0.186582	17.091354	-0.048917	1.375344
278.405305	0.614168	17.096359	-0.048657	1.375565
279.382593	0.543662	17.101363	-0.048836	1.375675
280.430232	0.068497	17.106368	-0.049029	1.375325
279.191847	-0.101233	17.111373	-0.048801	1.374884
274.949565	0.718982	17.116378	-0.048020	1.375010
277.916469	0.472684	17.121383	-0.048566	1.375304
275.540112	0.668864	17.126387	-0.048128	1.375067
275.659943	0.946528	17.131392	-0.048150	1.375414
280.633131	-0.302658	17.136397	-0.049065	1.374931
275.162221	-0.058471	17.141402	-0.048057	1.374142
273.008244	0.530123	17.146407	-0.047661	1.374407
274.017338	0.511629	17.151411	-0.047847	1.374583
275.099451	0.186729	17.156416	-0.048046	1.374416
275.283052	-0.218760	17.161421	-0.048079	1.373978
270.550503	0.502542	17.166426	-0.047208	1.373892
273.125195	0.241943	17.171431	-0.047682	1.374093
271.892455	0.204718	17.176435	-0.047454	1.373807
271.333794	0.423867	17.181440	-0.047351	1.373953
275.968382	-0.865047	17.186445	-0.048204	1.373357
269.811196	-0.509082	17.191450	-0.047070	1.372563
266.287950	0.555601	17.196455	-0.046422	1.373116
270.515479	0.066697	17.201459	-0.047200	1.373374
270.345658	-0.254403	17.206464	-0.047168	1.372965
268.805985	-0.255029	17.211469	-0.046884	1.372662
265.983808	0.292547	17.216474	-0.046365	1.372748
268.857764	-0.111445	17.221479	-0.046894	1.372840
269.862424	-0.758349	17.226483	-0.047078	1.372280
265.753866	-0.342776	17.231488	-0.046321	1.371959
267.808217	-0.727577	17.236493	-0.046700	1.371912
266.397260	-0.916646	17.241498	-0.046439	1.371413
262.462273	-0.152746	17.246503	-0.045715	1.371533
264.656158	-0.194844	17.251507	-0.046119	1.371915
266.149741	-0.803975	17.256512	-0.046393	1.371496
263.484407	-0.720252	17.261517	-0.045902	1.371069
261.138481	-0.131026	17.266522	-0.045470	1.371297
265.566371	-0.922426	17.271527	-0.046285	1.371242
262.865542	-1.074076	17.276531	-0.045788	1.370532
258.171852	-0.028528	17.281536	-0.044924	1.370833
262.861105	-0.568298	17.286541	-0.045787	1.371124
261.705947	-0.914081	17.291546	-0.045574	1.370491
258.804477	-0.358115	17.296551	-0.045039	1.370571
260.048528	-0.496043	17.301555	-0.045268	1.370654
260.352548	-0.812754	17.306560	-0.045324	1.370343
259.618557	-0.953486	17.311565	-0.045189	1.370033
256.608178	-0.505714	17.316570	-0.044634	1.369965
260.093463	-1.088021	17.321575	-0.045276	1.369968
257.486364	-1.078375	17.326579	-0.044795	1.369466
251.630009	0.194809	17.331584	-0.043717	1.369804
257.331651	-0.294360	17.336589	-0.044767	1.370354
258.845744	-1.107564	17.341594	-0.045045	1.369699
253.511217	-0.409139	17.346599	-0.044063	1.369466
254.551730	-0.349088	17.351603	-0.044254	1.369742
256.043674	-0.892150	17.356608	-0.044529	1.369399
254.449874	-0.901311	17.361613	-0.044235	1.369074
251.754174	-0.515773	17.366618	-0.043739	1.368994
254.468761	-0.913787	17.371623	-0.044238	1.369062
253.430784	-1.168723	17.376627	-0.044047	1.368558
248.014351	-0.145038	17.381632	-0.043049	1.368691
251.480981	-0.367914	17.386637	-0.043688	1.369113
252.529990	-0.826144	17.391642	-0.043880	1.368782
248.958893	-0.334386	17.396647	-0.043223	1.368655
251.197960	-0.674318	17.401651	-0.043635	1.368697
251.294982	-1.055546	17.406656	-0.043652	1.368269
249.483523	-1.095351	17.411661	-0.043319	1.367864
246.042162	-0.468822	17.416666	-0.042685	1.367921
248.490153	-0.660471	17.421671	-0.043136	1.368179
249.060454	-1.198990	17.426675	-0.043240	1.367659
244.573461	-0.465107	17.431680	-0.042414	1.367634
244.454373	-0.033718	17.436685	-0.042392	1.368117
247.692217	-0.612855	17.441690	-0.042988	1.368076
246.083902	-0.703074	17.446695	-0.042691	1.367653
244.603710	-0.540596	17.451699	-0.042419	1.367551
245.994878	-0.835997	17.456704	-0.042675	1.367479
245.059793	-1.033504	17.461709	-0.042502	1.367062
240.729399	-0.286569	17.466714	-0.041705	1.367084
241.818687	-0.094540	17.471719	-0.041905	1.367524
246.068755	-1.070542	17.476723	-0.042688	1.367217
241.926754	-0.834622	17.481728	-0.041925	1.366676
240.448027	-0.392238	17.486733	-0.041652	1.366903
243.569400	-1.194189	17.491738	-0.042227	1.366577
240.498216	-1.043134	17.496743	-0.041661	1.366148
237.085393	-0.242821	17.501747	-0.041033	1.366414
240.315760	-0.574344	17.506752	-0.041627	1.366662
241.434910	-1.174070	17.511757	-0.041833	1.366178
236.750375	-0.508870	17.516762	-0.040970	1.366034
236.265514	-0.135203	17.521767	-0.040881	1.366378
240.096434	-0.913151	17.526771	-0.041586	1.366220
237.957871	-0.952345	17.531776	-0.041192	1.365751
235.469966	-0.555211	17.536781	-0.040734	1.365726
237.168601	-0.877062	17.541786	-0.041046	1.365683
236.813062	-1.170003	17.546791	-0.040980	1.365268
233.714797	-0.706403	17.551795	-0.040410	1.365200
234.101053	-0.601848	17.556800	-0.040481	1.365399
235.623282	-0.981841	17.561805	-0.040761	1.365253
232.897575	-0.666291	17.566810	-0.040259	1.365085
232.781606	-0.641875	17.571815	-0.040237	1.365090
233.845031	-0.987782	17.576819	-0.040433	1.364894
231.549575	-0.616193	17.581824	-0.040010	1.364876
229.577468	-0.261195	17.586829	-0.039647	1.364904
231.455122	-0.422089	17.591834	-0.039993	1.365086
233.898467	-1.138076	17.596839	-0.040442	1.364727
229.031520	-0.610500	17.601843	-0.039546	1.364384
228.593398	-0.447746	17.606848	-0.039465	1.364489
230.631355	-0.665093	17.611853	-0.039840	1.364636
228.244837	-0.664622	17.616858	-0.039400	1.364164
228.703489	-0.746922	17.621863	-0.039485	1.364157
228.806169	-0.858261	17.626867	-0.039503	1.364046
226.884135	-0.706150	17.631872	-0.039149	1.363845
225.838299	-0.528518	17.636877	-0.038957	1.363846
226.556744	-0.647097	17.641882	-0.039089	1.363849
227.334544	-0.901767	17.646887	-0.039232	1.363703
224.862151	-0.699136	17.651891	-0.038776	1.363451
223.686150	-0.439347	17.656896	-0.038560	1.363524
225.412623	-0.736489	17.661901	-0.038877	1.363516
224.080278	-0.765295	17.666906	-0.038632	1.363218
223.942454	-0.801949	17.671911	-0.038606	1.363147
222.584367	-0.786232	17.676915	-0.038356	1.362896
222.451971	-0.770705	17.681920	-0.038331	1.362888
221.828201	-0.659021	17.686925	-0.038216	1.362896
221.950453	-0.755553	17.691930	-0.038239	1.362806
221.656254	-0.931567	17.696935	-0.038184	1.362540
218.969017	-0.620557	17.701939	-0.037689	1.362373
219.906940	-0.595203	17.706944	-0.037862	1.362589
220.622956	-0.808801	17.711949	-0.037993	1.362479
218.560819	-0.687603	17.716954	-0.037614	1.362213
219.499225	-0.908959	17.721959	-0.037786	1.362138
217.179617	-0.608012	17.726963	-0.037359	1.362032
217.325875	-0.630229	17.731968	-0.037386	1.362035
217.018402	-0.637088	17.736973	-0.037329	1.361965
216.382722	-0.479086	17.741978	-0.037212	1.362026
217.879464	-1.049335	17.746983	-0.037487	1.361650
213.944735	-0.565707	17.751987	-0.036762	1.361439
215.266270	-0.572394	17.756992	-0.037006	1.361693
215.528896	-0.881395	17.761997	-0.037054	1.361380
213.055297	-0.645384	17.767002	-0.036598	1.361168
214.944894	-0.857948	17.772007	-0.036946	1.361292
212.446340	-0.727275	17.777011	-0.036485	1.360949
212.120953	-0.574860	17.782016	-0.036425	1.361065
213.268354	-0.887107	17.787021	-0.036636	1.360924
210.447314	-0.554493	17.792026	-0.036117	1.360756
211.518202	-0.731631	17.797031	-0.036314	1.360759
211.335919	-0.848133	17.802035	-0.036280	1.360585
209.008926	-0.473759	17.807040	-0.035851	1.360565
211.142416	-0.968532	17.812045	-0.036244	1.360404
207.839389	-0.487238	17.817050	-0.035636	1.360316
209.573661	-0.799257	17.822055	-0.035955	1.360292
207.995747	-0.670163	17.827059	-0.035664	1.360130
207.231931	-0.549420	17.832064	-0.035523	1.360121
208.345757	-0.859509	17.837069	-0.035728	1.359976
205.619461	-0.542142	17.842074	-0.035226	1.359808
206.594410	-0.710552	17.847079	-0.035405	1.359803
206.237182	-0.793664	17.852083	-0.035339	1.359634
204.318948	-0.414626	17.857088	-0.034986	1.359700
206.185361	-0.895410	17.862093	-0.035329	1.359503
203.147785	-0.496018	17.867098	-0.034770	1.359370
204.722256	-0.765852	17.872103	-0.035060	1.359364
203.142824	-0.649165	17.877107	-0.034769	1.359188
202.051345	-0.471677	17.882112	-0.034568	1.359180
203.796057	-0.896700	17.887117	-0.034889	1.359025
201.130301	-0.575507	17.892122	-0.034398	1.358874
201.985570	-0.776291	17.897127	-0.034555	1.358806
200.748127	-0.771938	17.902131	-0.034327	1.358565
199.188247	-0.516392	17.907136	-0.034039	1.358556
199.958414	-0.642971	17.912141	-0.034181	1.358560
199.187542	-0.511511	17.917146	-0.034039	1.358562
200.398613	-0.825443	17.922151	-0.034262	1.358431
198.305193	-0.835939	17.927155	-0.033876	1.358001
196.617784	-0.368286	17.932160	-0.033565	1.358219
198.560333	-0.814667	17.937165	-0.033923	1.358077
196.211038	-0.550935	17.942170	-0.033490	1.357921
196.829883	-0.655350	17.947175	-0.033604	1.357921
196.736280	-0.846511	17.952179	-0.033586	1.357675
194.487194	-0.511692	17.957184	-0.033172	1.357623
195.055403	-0.597310	17.962189	-0.033276	1.357635
194.589887	-0.661652	17.967194	-0.033190	1.357466
193.689601	-0.450682	17.972199	-0.033025	1.357536
194.554545	-0.880316	17.977203	-0.033184	1.357199
191.671944	-0.331857	17.982208	-0.032653	1.357274
193.908471	-0.776291	17.987213	-0.033064	1.357194
191.735483	-0.708565	17.992218	-0.032664	1.356840
190.775938	-0.340527	17.997223	-0.032487	1.357085
191.950817	-0.746246	18.002227	-0.032703	1.356838
190.264291	-0.541083	18.007232	-0.032393	1.356745
191.092230	-0.790264	18.012237	-0.032545	1.356614
187.951967	-0.401966	18.017242	-0.031966	1.356448
189.873989	-0.543038	18.022247	-0.032320	1.356664
188.649217	-0.709537	18.027251	-0.032094	1.356222
187.770076	-0.394096	18.032256	-0.031932	1.356420
189.047086	-0.929832	18.037261	-0.032167	1.356040
185.684550	-0.503618	18.042266	-0.031548	1.355874
185.955691	-0.344632	18.047271	-0.031598	1.356116
187.098885	-0.591038	18.052275	-0.031808	1.356052
185.924957	-0.604331	18.057280	-0.031592	1.355802
185.494651	-0.702515	18.062285	-0.031512	1.355599
183.533520	-0.440341	18.067290	-0.031151	1.355518
184.803051	-0.475160	18.072295	-0.031385	1.355730
184.290304	-0.792520	18.077299	-0.031290	1.355251
182.092380	-0.345389	18.082304	-0.030885	1.355342
183.240227	-0.574675	18.087309	-0.031096	1.355299
182.631968	-0.575755	18.092314	-0.030984	1.355176
180.788343	-0.492415	18.097319	-0.030644	1.354907
182.153191	-0.566138	18.102323	-0.030896	1.355092
180.377589	-0.464652	18.107328	-0.030568	1.354857
180.821947	-0.678810	18.112333	-0.030650	1.354692
179.061146	-0.483926	18.117338	-0.030326	1.354571
179.090525	-0.491888	18.122343	-0.030331	1.354567
179.865029	-0.732036	18.127347	-0.030473	1.354436
176.780577	-0.298602	18.132352	-0.029905	1.354334
179.961396	-0.815928	18.137357	-0.030491	1.354356
176.095106	-0.505319	18.142362	-0.029778	1.353951
177.055772	-0.478286	18.147367	-0.029955	1.354175
176.109616	-0.526663	18.152371	-0.029781	1.353928
175.825984	-0.479813	18.157376	-0.029728	1.353927
176.472842	-0.734931	18.162381	-0.029847	1.353753
173.916471	-0.435774	18.167386	-0.029376	1.353597
174.074083	-0.456004	18.172391	-0.029405	1.353604
175.240655	-0.771162	18.177395	-0.029620	1.353463
171.842466	-0.335575	18.182400	-0.028994	1.353300
173.928550	-0.547559	18.187405	-0.029378	1.353466
172.513087	-0.683748	18.192410	-0.029117	1.353020
170.929649	-0.301424	18.197415	-0.028825	1.353158
172.636444	-0.690854	18.202419	-0.029139	1.353036
170.068014	-0.485748	18.207424	-0.028666	1.352766
171.167894	-0.542094	18.212429	-0.028869	1.352919
169.282743	-0.428673	18.217434	-0.028521	1.352676
169.763993	-0.509847	18.222439	-0.028610	1.352675
170.239581	-0.744642	18.227443	-0.028697	1.352491
166.793389	-0.304464	18.232448	-0.028063	1.352324
168.124646	-0.490365	18.237453	-0.028307	1.352370
168.704691	-0.686834	18.242458	-0.028414	1.352252
166.389777	-0.417346	18.247463	-0.027988	1.352109
167.035992	-0.584807	18.252467	-0.028106	1.352039
165.253577	-0.481295	18.257472	-0.027778	1.351804
166.648796	-0.583314	18.262477	-0.028035	1.351962
164.003322	-0.458315	18.267482	-0.027547	1.351581
165.327152	-0.551620	18.272487	-0.027791	1.351735
163.886957	-0.539773	18.277491	-0.027526	1.351460
163.451399	-0.468627	18.282496	-0.027445	1.351457
163.631050	-0.516314	18.287501	-0.027478	1.351436
162.370738	-0.556325	18.292506	-0.027246	1.351136
162.277084	-0.532677	18.297511	-0.027228	1.351145
162.011079	-0.590472	18.302515	-0.027179	1.351022
159.551036	-0.283119	18.307520	-0.026726	1.350895
163.008412	-0.844157	18.312525	-0.027363	1.350920
158.332244	-0.326966	18.317530	-0.026501	1.350597
160.773107	-0.655086	18.322535	-0.026951	1.350696
159.350655	-0.572650	18.327539	-0.026688	1.350509
157.363020	-0.460447	18.332544	-0.026322	1.350243
158.504638	-0.398414	18.337549	-0.026532	1.350546
158.191719	-0.616014	18.342554	-0.026475	1.350224
157.711071	-0.647909	18.347559	-0.026386	1.350089
155.352944	-0.283755	18.352563	-0.025952	1.350050
157.301636	-0.648311	18.357568	-0.026310	1.350006
155.543408	-0.450807	18.362573	-0.025986	1.349888
155.263476	-0.606013	18.367578	-0.025934	1.349647
154.496120	-0.379991	18.372583	-0.025793	1.349762
154.968457	-0.598306	18.377587	-0.025880	1.349596
154.060244	-0.711729	18.382592	-0.025712	1.349278
152.154267	-0.235136	18.387597	-0.025361	1.349464
153.344573	-0.596235	18.392602	-0.025580	1.349272
152.517527	-0.478602	18.397607	-0.025428	1.349246
151.178925	-0.498226	18.402611	-0.025181	1.348953
151.458652	-0.545349	18.407616	-0.025232	1.348953
151.351064	-0.524335	18.412621	-0.025212	1.348956
149.899991	-0.533050	18.417626	-0.024945	1.348654
150.118521	-0.417887	18.422631	-0.024985	1.348835
149.759228	-0.679315	18.427635	-0.024919	1.348451
148.513714	-0.394641	18.432640	-0.024689	1.348540
148.181909	-0.514717	18.437645	-0.024628	1.348330
148.300898	-0.539204	18.442650	-0.024650	1.348324
147.518463	-0.448011	18.447655	-0.024505	1.348276
146.498392	-0.499778	18.452659	-0.024317	1.348008
146.321625	-0.476910	18.457664	-0.024285	1.348000
146.309086	-0.460410	18.462669	-0.024282	1.348017
145.740440	-0.612240	18.467674	-0.024177	1.347721
144.350485	-0.389501	18.472679	-0.023921	1.347707
145.409742	-0.621046	18.477683	-0.024116	1.347643
143.578729	-0.524659	18.482688	-0.023779	1.347390
143.215982	-0.452284	18.487693	-0.023712	1.347403
143.432579	-0.500795	18.492698	-0.023751	1.347389
142.691366	-0.580695	18.497703	-0.023615	1.347144
141.966538	-0.457880	18.502707	-0.023481	1.347144
141.642036	-0.513021	18.507712	-0.023421	1.347013
140.668761	-0.509215	18.512717	-0.023242	1.346821
140.515121	-0.488666	18.517722	-0.023213	1.346815
139.591250	-0.329298	18.522727	-0.023043	1.346819
140.379359	-0.556122	18.527731	-0.023188	1.346706
138.977334	-0.487318	18.532736	-0.022930	1.346506
139.159833	-0.568846	18.537741	-0.022963	1.346445
137.083541	-0.417676	18.542746	-0.022580	1.346207
138.377490	-0.516202	18.547751	-0.022819	1.346350
136.912634	-0.406470	18.552755	-0.022549	1.346186
137.037830	-0.634262	18.557760	-0.022571	1.345938
135.948951	-0.498867	18.562765	-0.022371	1.345880
135.199171	-0.441497	18.567770	-0.022233	1.345798
135.661191	-0.499272	18.572775	-0.022317	1.345822
134.738747	-0.565416	18.577779	-0.022147	1.345556
134.387719	-0.619581	18.582784	-0.022082	1.345420
132.558035	-0.275424	18.587789	-0.021746	1.345463
133.975618	-0.629914	18.592794	-0.022006	1.345325
132.406677	-0.436119	18.597799	-0.021717	1.345240
132.098785	-0.374039	18.602803	-0.021660	1.345252
132.278225	-0.607553	18.607808	-0.021693	1.345008
131.214669	-0.486667	18.612813	-0.021497	1.344938
130.466573	-0.569246	18.617818	-0.021359	1.344688
129.813066	-0.261330	18.622823	-0.021239	1.344925
130.126127	-0.529041	18.627827	-0.021296	1.344667
129.352452	-0.430541	18.632832	-0.021154	1.344629
128.869423	-0.539110	18.637837	-0.021064	1.344401
127.847942	-0.451855	18.642842	-0.020876	1.344299
127.915761	-0.465494	18.647847	-0.020888	1.344296
127.455938	-0.390572	18.652851	-0.020804	1.344293
126.393552	-0.464068	18.657856	-0.020608	1.343990
126.650267	-0.498480	18.662861	-0.020655	1.344001
125.970501	-0.387387	18.667866	-0.020530	1.343996
125.455125	-0.539101	18.672871	-0.020434	1.343710
125.056617	-0.490398	18.677875	-0.020361	1.343688
124.024248	-0.431711	18.682880	-0.020171	1.343549
124.549550	-0.497218	18.687885	-0.020267	1.343577
122.793046	-0.374495	18.692890	-0.019944	1.343369
123.457351	-0.568768	18.697895	-0.020066	1.343270
122.013193	-0.504252	18.702899	-0.019800	1.343055
121.194396	-0.371523	18.707904	-0.019649	1.343049
121.879279	-0.480482	18.712909	-0.019775	1.343056
121.325746	-0.514820	18.717914	-0.019672	1.342903
119.069537	-0.174731	18.722919	-0.019257	1.342854
122.473392	-0.812157	18.727923	-0.019883	1.342778
117.809918	-0.288248	18.732928	-0.019025	1.342463
119.364120	-0.468344	18.737933	-0.019311	1.342561
118.162319	-0.373798	18.742938	-0.019089	1.342431
118.349228	-0.429371	18.747943	-0.019123	1.342402
118.203764	-0.579525	18.752947	-0.019096	1.342193
116.780883	-0.352849	18.757952	-0.018834	1.342177
115.950764	-0.398306	18.762957	-0.018681	1.341954
117.243832	-0.695146	18.767962	-0.018919	1.341859
113.683414	-0.160528	18.772967	-0.018263	1.341780
115.967565	-0.531008	18.777971	-0.018684	1.341797
114.009232	-0.418514	18.782976	-0.018323	1.341536
114.236262	-0.275309	18.787981	-0.018365	1.341753
114.333639	-0.648676	18.792986	-0.018382	1.341325
112.601524	-0.280398	18.797991	-0.018063	1.341416
112.636789	-0.446322	18.802995	-0.018069	1.341224
112.547614	-0.468310	18.808000	-0.018053	1.341179
111.502864	-0.508062	18.813005	-0.017860	1.340919
111.353678	-0.490687	18.818010	-0.017833	1.340910
110.489190	-0.355925	18.823015	-0.017673	1.340896
110.047588	-0.535397	18.828019	-0.017592	1.340591
109.107053	-0.379618	18.833024	-0.017418	1.340588
108.890161	-0.339392	18.838029	-0.017378	1.340592
109.277108	-0.506338	18.843034	-0.017449	1.340469
107.468042	-0.210954	18.848039	-0.017116	1.340458
109.554103	-0.773281	18.853043	-0.017500	1.340204
105.415416	-0.192722	18.858048	-0.016738	1.340063
108.032246	-0.562284	18.863053	-0.017219	1.340149
105.646854	-0.307423	18.868058	-0.016780	1.339972
105.242626	-0.247540	18.873063	-0.016705	1.339961
106.958328	-0.637649	18.878067	-0.017021	1.339840
103.515349	-0.441169	18.883072	-0.016387	1.339378
104.117171	-0.298452	18.888077	-0.016498	1.339671
103.573356	-0.425373	18.893082	-0.016397	1.339408
102.536425	-0.197514	18.898087	-0.016206	1.339472
104.927620	-0.703744	18.903091	-0.016646	1.339348
101.000059	-0.306652	18.908096	-0.015923	1.339028
101.580239	-0.405678	18.913101	-0.016029	1.339027
101.807888	-0.441735	18.918106	-0.016071	1.339029
100.641187	-0.247771	18.923111	-0.015856	1.339026
100.897173	-0.540218	18.928115	-0.015903	1.338726
99.937410	-0.438083	18.933120	-0.015726	1.338653
98.187094	-0.186502	18.938125	-0.015404	1.338601
100.874198	-0.777363	18.943130	-0.015898	1.338435
96.405231	-0.150746	18.948135	-0.015075	1.338282
98.740202	-0.485664	18.953139	-0.015505	1.338352
96.581176	-0.323117	18.958144	-0.015107	1.338109
97.592941	-0.318288	18.963149	-0.015294	1.338321
96.986967	-0.600080	18.968154	-0.015182	1.337858
94.995568	-0.323448	18.973159	-0.014815	1.337786
95.147902	-0.259859	18.978163	-0.014843	1.337894
95.764818	-0.577336	18.983168	-0.014956	1.337636
93.550890	-0.109097	18.988173	-0.014548	1.337750
95.290431	-0.636289	18.993178	-0.014868	1.337469
93.339974	-0.329809	18.998183	-0.014509	1.337441
92.680761	-0.390132	19.003187	-0.014387	1.337234
92.895191	-0.432258	19.008192	-0.014427	1.337227
91.727708	-0.225296	19.013197	-0.014212	1.337239
92.172674	-0.562076	19.018202	-0.014293	1.336923
90.413520	-0.286676	19.023207	-0.013969	1.336897
90.998519	-0.402009	19.028211	-0.014077	1.336877
89.983260	-0.559182	19.033216	-0.013890	1.336481
88.402807	-0.056000	19.038221	-0.013599	1.336766
90.200653	-0.600503	19.043226	-0.013929	1.336475
88.030098	-0.409537	19.048231	-0.013529	1.336263
88.137613	-0.418998	19.053235	-0.013549	1.336273
87.675117	-0.357640	19.058240	-0.013464	1.336253
87.135005	-0.330802	19.063245	-0.013364	1.336175
87.151054	-0.511017	19.068250	-0.013367	1.335961
85.466045	-0.397100	19.073255	-0.013056	1.335755
85.487576	-0.226345	19.078259	-0.013060	1.335966
85.640700	-0.506683	19.083264	-0.013088	1.335658
84.123580	-0.270702	19.088269	-0.012809	1.335634
84.672853	-0.396816	19.093274	-0.012910	1.335593
83.524494	-0.423178	19.098279	-0.012698	1.335327
83.284320	-0.390911	19.103283	-0.012654	1.335317
82.188623	-0.421060	19.108288	-0.012452	1.335057
81.752671	-0.127950	19.113293	-0.012371	1.335322
82.914869	-0.573595	19.118298	-0.012585	1.335021
80.295009	-0.347943	19.123303	-0.012102	1.334759
80.827485	-0.221362	19.128307	-0.012200	1.335021
80.673328	-0.512574	19.133312	-0.012172	1.334637
79.149711	-0.188867	19.138317	-0.011891	1.334718
80.357833	-0.496071	19.143322	-0.012113	1.334593
78.097778	-0.438396	19.148327	-0.011697	1.334201
78.073011	-0.208118	19.153331	-0.011692	1.334474
77.919300	-0.468641	19.158336	-0.011664	1.334128
76.828921	-0.142563	19.163341	-0.011463	1.334299
77.894944	-0.563451	19.168346	-0.011659	1.334008
76.282786	-0.497835	19.173351	-0.011362	1.333758
74.770260	-0.231937	19.178355	-0.011083	1.333771
75.926837	-0.439089	19.183360	-0.011296	1.333756
75.081034	-0.421693	19.188365	-0.011140	1.333605
73.518874	-0.180208	19.193370	-0.010852	1.333578
74.773616	-0.592673	19.198375	-0.011083	1.333335
72.659336	-0.157809	19.203379	-0.010694	1.333429
73.567667	-0.522167	19.208384	-0.010860	1.333174
72.159501	-0.317626	19.213389	-0.010601	1.333133
72.109293	-0.352956	19.218394	-0.010592	1.333080
70.811339	-0.336439	19.223399	-0.010352	1.332835
71.087447	-0.229805	19.228403	-0.010403	1.333020
70.380292	-0.466980	19.233408	-0.010273	1.332589
69.170678	-0.066160	19.238413	-0.010050	1.332826
70.635521	-0.493274	19.243418	-0.010319	1.332609
68.674134	-0.382919	19.248423	-0.009958	1.332341
67.688125	-0.079671	19.253427	-0.009776	1.332507
69.153674	-0.567543	19.258432	-0.010046	1.332215
66.066491	-0.008700	19.263437	-0.009477	1.332261
67.932013	-0.335102	19.268442	-0.009821	1.332247
66.998808	-0.580733	19.273447	-0.009648	1.331758
64.227061	0.206313	19.278451	-0.009138	1.332145
67.798437	-0.721190	19.283456	-0.009795	1.331752
64.417069	-0.271860	19.288461	-0.009173	1.331604
64.308663	-0.259025	19.293466	-0.009153	1.331597
64.403975	-0.478153	19.298471	-0.009170	1.331351
62.012344	0.078168	19.303475	-0.008729	1.331536
64.810656	-0.652911	19.308480	-0.009244	1.331222
61.613734	-0.152627	19.313485	-0.008656	1.331174
62.823329	-0.369921	19.318490	-0.008878	1.331158
61.195870	-0.240000	19.323495	-0.008578	1.330983
60.815597	-0.171338	19.328499	-0.008508	1.330988
62.115368	-0.581171	19.333504	-0.008747	1.330757
58.312389	-0.179851	19.338509	-0.008047	1.330465
59.974273	-0.302122	19.343514	-0.008353	1.330657
59.303389	-0.292242	19.348519	-0.008229	1.330531
57.585337	-0.061494	19.353523	-0.007912	1.330459
61.022832	-0.775443	19.358528	-0.008545	1.330297
55.232650	-0.011601	19.363533	-0.007479	1.330038
58.660660	-0.489267	19.368538	-0.008110	1.330160
55.853025	-0.192212	19.373543	-0.007593	1.329945
56.444839	-0.316397	19.378547	-0.007701	1.329916
56.518026	-0.480286	19.383552	-0.007715	1.329732
54.038795	-0.295723	19.388557	-0.007258	1.329448
55.085227	-0.234836	19.393562	-0.007451	1.329736
54.325736	-0.375484	19.398567	-0.007310	1.329409
53.552334	-0.242100	19.403571	-0.007168	1.329412
54.512553	-0.565883	19.408576	-0.007344	1.329216
51.035414	-0.134412	19.413581	-0.006704	1.329027
53.271921	-0.352166	19.418586	-0.007116	1.329221
51.879547	-0.466820	19.423591	-0.006859	1.328796
50.157695	-0.161998	19.428595	-0.006542	1.328813
51.770937	-0.446912	19.433600	-0.006839	1.328798
49.593025	-0.274890	19.438605	-0.006437	1.328560
49.860658	-0.134107	19.443610	-0.006487	1.328785
50.248716	-0.598092	19.448615	-0.006558	1.328301
47.548011	-0.027745	19.453619	-0.006060	1.328440
49.590341	-0.495613	19.458624	-0.006436	1.328291
47.354051	-0.230034	19.463629	-0.006024	1.328154
47.278445	-0.224000	19.468634	-0.006010	1.328146
47.937226	-0.538155	19.473639	-0.006131	1.327899
44.972124	-0.075744	19.478643	-0.005585	1.327852
46.573245	-0.355676	19.483648	-0.005880	1.327841
45.388749	-0.391580	19.488653	-0.005661	1.327554
44.437564	-0.097314	19.493658	-0.005486	1.327716
45.700624	-0.602343	19.498663	-0.005718	1.327361
42.612956	-0.025690	19.503667	-0.005150	1.327428
44.620726	-0.456641	19.508672	-0.005519	1.327316
42.707922	-0.410489	19.513677	-0.005167	1.326979
41.371583	0.013238	19.518682	-0.004921	1.327220
43.886709	-0.708761	19.523687	-0.005383	1.326859
39.960307	-0.037981	19.528691	-0.004661	1.326868
42.454245	-0.568428	19.533696	-0.005119	1.326735
40.317747	-0.411571	19.538701	-0.004726	1.326486
37.883546	0.118420	19.543706	-0.004278	1.326631
41.788652	-0.657975	19.548711	-0.004996	1.326488
37.635238	-0.084320	19.553715	-0.004231	1.326333
39.539139	-0.448155	19.558720	-0.004582	1.326281
38.180905	-0.429987	19.563725	-0.004331	1.326024
36.571175	-0.040011	19.568730	-0.004035	1.326167
38.325984	-0.613592	19.573735	-0.004358	1.325830
34.611733	0.056046	19.578739	-0.003674	1.325881
38.147139	-0.553149	19.583744	-0.004325	1.325866
34.966718	-0.404245	19.588749	-0.003739	1.325393
33.578082	0.056492	19.593754	-0.003483	1.325668
36.210459	-0.508188	19.598759	-0.003967	1.325522
33.442178	-0.148304	19.603763	-0.003458	1.325391
34.593338	-0.467329	19.608768	-0.003669	1.325239
32.527719	-0.246823	19.613773	-0.003289	1.325082
32.066480	-0.172983	19.618778	-0.003204	1.325077
33.455993	-0.507454	19.623783	-0.003459	1.324956
30.107528	-0.045422	19.628787	-0.002843	1.324829
32.866452	-0.440888	19.633792	-0.003350	1.324915
29.853121	-0.322077	19.638797	-0.002795	1.324439
29.991002	-0.092970	19.643802	-0.002821	1.324747
30.709286	-0.549344	19.648807	-0.002952	1.324338
27.315821	0.055321	19.653811	-0.002328	1.324376
30.534415	-0.517915	19.658816	-0.002920	1.324340
28.437863	-0.400969	19.663821	-0.002534	1.324051
25.774634	0.037479	19.668826	-0.002043	1.324037
29.764991	-0.689422	19.673831	-0.002778	1.323972
23.826887	0.218041	19.678835	-0.001684	1.323855
28.738994	-0.568208	19.683840	-0.002588	1.323908
25.900577	-0.405352	19.688845	-0.002066	1.323522
23.620160	-0.020554	19.693850	-0.001646	1.323521
26.130910	-0.476188	19.698855	-0.002108	1.323483
23.381826	-0.246455	19.703859	-0.001601	1.323196
25.258772	-0.404427	19.708864	-0.001947	1.323390
22.963815	-0.413200	19.713869	-0.001524	1.322906
21.660648	-0.013515	19.718874	-0.001284	1.323125
24.033136	-0.530815	19.723879	-0.001720	1.322983
20.474666	-0.209062	19.728883	-0.001065	1.322641
22.183793	-0.326169	19.733888	-0.001380	1.322851
20.906455	-0.327865	19.738893	-0.001144	1.322585
19.973133	-0.175680	19.743898	-0.000972	1.322578
21.124512	-0.456202	19.748903	-0.001184	1.322473
17.951468	-0.180702	19.753907	-0.000600	1.322155
19.832337	-0.366692	19.758912	-0.000946	1.322315
18.078420	-0.329913	19.763917	-0.000623	1.321998
16.681007	0.022746	19.768922	-0.000365	1.322140
20.174338	-0.675375	19.773927	-0.001008	1.322009
15.168923	-0.088697	19.778931	-0.000086	1.321692
16.336837	-0.294716	19.783936	-0.000301	1.321681
16.844172	-0.388762	19.788941	-0.000394	1.321671
13.684154	-0.001711	19.793946	0.000188	1.321491
17.640824	-0.628054	19.798951	-0.000541	1.321543
12.624103	-0.090092	19.803955	0.000383	1.321164
15.112811	-0.396094	19.808960	-0.000075	1.321304
13.465708	-0.317143	19.813965	0.000229	1.321060
11.696361	-0.016645	19.818970	0.000555	1.321061
13.759977	-0.381549	19.823975	0.000175	1.321041
11.723552	-0.284685	19.828979	0.000550	1.320739
11.623674	-0.278515	19.833984	0.000569	1.320726
11.996008	-0.491729	19.838989	0.000500	1.320542
8.222071	0.133417	19.843994	0.001195	1.320526
12.422180	-0.528188	19.848999	0.000422	1.320585
8.314579	-0.150708	19.854003	0.001179	1.320197
10.074502	-0.334353	19.859008	0.000855	1.320336
8.831289	-0.459842	19.864013	0.001084	1.319926
5.966686	0.124048	19.869018	0.001611	1.320047
9.432658	-0.438649	19.874023	0.000973	1.320076
7.031107	-0.244919	19.879027	0.001416	1.319816
6.287644	-0.116028	19.884032	0.001553	1.319819
7.831812	-0.606209	19.889037	0.001269	1.319539
3.280432	0.023930	19.894042	0.002107	1.319368
6.880004	-0.407381	19.899047	0.001444	1.319585
4.067474	-0.263678	19.904051	0.001963	1.319179
3.776457	-0.222497	19.909056	0.002016	1.319169
4.799201	-0.415167	19.914061	0.001828	1.319144
1.901511	-0.132047	19.919066	0.002362	1.318891
4.231747	-0.384172	19.924071	0.001933	1.319065
0.968284	-0.180235	19.929075	0.002534	1.318638
1.877720	-0.156927	19.934080	0.002367	1.318855
2.479663	-0.463925	19.939085	0.002256	1.318604
-0.415137	-0.212453	19.944090	0.002789	1.318312
0.809941	-0.220010	19.949095	0.002564	1.318556
