Fri Mar 06 11:02:59 2026

Number of Points = 3588
Depth (nm)	Load (µN)	Time (s)	Depth (V)	Load (V)
0.868705	2.212813	0.000000	0.000896	1.051249

1.049316	2.075402	0.005005	0.000864	1.051165
0.848670	1.988570	0.010010	0.000900	1.050951
0.730034	2.041266	0.015014	0.000921	1.050958
0.648382	2.067338	0.020019	0.000936	1.050950
0.692252	2.049799	0.025024	0.000928	1.050950
0.872520	1.987666	0.030029	0.000895	1.050963
0.730941	1.805239	0.035034	0.000921	1.050656
0.795130	1.783080	0.040038	0.000909	1.050661
0.721093	1.585215	0.045043	0.000922	1.050369
0.475402	1.652370	0.050048	0.000966	1.050330
0.561496	1.390937	0.055053	0.000951	1.050038
0.166339	1.451495	0.060058	0.001022	1.049914
0.194632	1.274218	0.065062	0.001016	1.049700
0.213072	1.185753	0.070067	0.001013	1.049596
0.066853	1.087965	0.075072	0.001039	1.049396
0.250779	0.814208	0.080077	0.001006	1.049138
-0.148961	0.784530	0.085082	0.001078	1.048895
-0.526596	0.833683	0.090086	0.001145	1.048765
-0.386545	0.586538	0.095091	0.001120	1.048519
-0.897849	0.741116	0.100096	0.001212	1.048456
-0.422635	0.399181	0.105101	0.001127	1.048259
-0.938910	0.428034	0.110106	0.001219	1.048032
-1.240317	0.429983	0.115110	0.001273	1.047880
-1.241507	0.309175	0.120115	0.001273	1.047724
-1.594580	0.325962	0.125120	0.001336	1.047565
-1.361370	0.183171	0.130125	0.001294	1.047501
-2.019034	0.240437	0.135130	0.001412	1.047238
-1.811948	0.170070	0.140134	0.001375	1.047253
-1.658807	-0.100594	0.145139	0.001348	1.046983
-1.970624	-0.043643	0.150144	0.001403	1.046897
-1.900041	-0.294159	0.155149	0.001391	1.046610
-2.405549	-0.212163	0.160154	0.001481	1.046456
-3.079334	-0.061739	0.165158	0.001602	1.046305
-2.764937	-0.190551	0.170163	0.001545	1.046300
-2.875642	-0.141932	0.175168	0.001565	1.046306
-2.983578	-0.291465	0.180173	0.001584	1.046058
-3.420150	-0.174948	0.185178	0.001662	1.045984
-3.555194	-0.116404	0.190182	0.001687	1.045990
-3.379025	-0.185136	0.195187	0.001655	1.045992
-4.116250	-0.012372	0.200192	0.001787	1.045837
-3.762376	-0.222389	0.205197	0.001723	1.045748
-3.869424	-0.223725	0.210202	0.001743	1.045691
-3.937236	-0.196287	0.215206	0.001755	1.045692
-4.004566	-0.330239	0.220211	0.001767	1.045484
-4.345750	-0.290934	0.225216	0.001828	1.045360
-4.182806	-0.353379	0.230221	0.001799	1.045363
-4.527981	-0.308545	0.235226	0.001860	1.045244
-4.889708	-0.310959	0.240230	0.001925	1.045055
-4.696531	-0.391419	0.245235	0.001890	1.045050
-5.001621	-0.274581	0.250240	0.001945	1.045045
-4.721037	-0.441911	0.255245	0.001895	1.044973
-5.428987	-0.353822	0.260250	0.002021	1.044723
-5.406962	-0.355546	0.265254	0.002017	1.044732
-5.408503	-0.357739	0.270259	0.002017	1.044729
-5.649586	-0.257305	0.275264	0.002061	1.044734
-5.602066	-0.415541	0.280269	0.002052	1.044555
-6.329346	-0.227638	0.285274	0.002182	1.044424
-6.184902	-0.226800	0.290278	0.002156	1.044499
-5.632026	-0.504266	0.295283	0.002057	1.044425
-6.278090	-0.244191	0.300288	0.002173	1.044429
-6.030598	-0.462877	0.305293	0.002129	1.044274
-6.880471	-0.256527	0.310298	0.002281	1.044103
-6.886550	-0.248823	0.315302	0.002282	1.044110
-6.563571	-0.386671	0.320307	0.002224	1.044098
-7.319601	-0.083679	0.325312	0.002359	1.044101
-6.902528	-0.246351	0.330317	0.002284	1.044106
-7.026389	-0.362499	0.335322	0.002306	1.043892
-7.494825	-0.144552	0.340326	0.002390	1.043933
-7.325335	-0.322000	0.345331	0.002360	1.043791
-8.023789	-0.041373	0.350336	0.002485	1.043794
-7.723696	-0.163896	0.355341	0.002431	1.043790
-7.307643	-0.329002	0.360346	0.002357	1.043791
-8.057497	-0.213129	0.365350	0.002491	1.043555
-8.080652	-0.260963	0.370355	0.002495	1.043481
-8.625104	-0.040711	0.375360	0.002592	1.043486
-8.079965	-0.258637	0.380365	0.002495	1.043485
-8.516145	-0.089616	0.385370	0.002573	1.043479
-8.978967	0.108289	0.390374	0.002655	1.043497
-8.618322	-0.040926	0.395379	0.002591	1.043490
-9.021529	0.119740	0.400384	0.002663	1.043490
-8.395955	-0.181116	0.405389	0.002551	1.043423
-8.489899	-0.268880	0.410394	0.002568	1.043261
-9.006065	-0.161942	0.415398	0.002660	1.043134
-9.659636	-0.064232	0.420403	0.002777	1.042924
-9.984742	0.172882	0.425408	0.002835	1.043064
-9.262756	-0.115243	0.430413	0.002706	1.043063
-9.712609	-0.039858	0.435418	0.002786	1.042929
-9.829043	0.003435	0.440422	0.002807	1.042925
-9.214068	-0.304458	0.445427	0.002697	1.042843
-10.089951	-0.134987	0.450432	0.002854	1.042611
-10.271642	-0.057946	0.455437	0.002886	1.042618
-10.431750	0.000437	0.460442	0.002915	1.042611
-10.542489	0.047613	0.465446	0.002934	1.042615
-10.275958	-0.083439	0.470451	0.002887	1.042583
-11.301846	0.166936	0.475456	0.003070	1.042378
-10.049598	-0.318842	0.480461	0.002846	1.042395
-10.668017	-0.148759	0.485466	0.002957	1.042296
-11.226934	0.077860	0.490470	0.003057	1.042302
-11.303453	-0.099719	0.495475	0.003070	1.042033
-11.549822	0.083315	0.500480	0.003114	1.042143
-11.783331	0.124701	0.505485	0.003156	1.042076
-11.070621	-0.228128	0.510490	0.003029	1.041987
-11.752083	0.045937	0.515494	0.003150	1.041990
-11.856802	0.081982	0.520499	0.003169	1.041983
-12.078985	-0.003530	0.525504	0.003209	1.041758
-11.768216	-0.037184	0.530509	0.003153	1.041875
-12.841718	0.220343	0.535514	0.003345	1.041655
-12.711402	0.173452	0.540518	0.003322	1.041662
-12.152585	-0.049755	0.545523	0.003222	1.041661
-12.174531	-0.038399	0.550528	0.003226	1.041664
-12.350121	-0.119516	0.555533	0.003257	1.041469
-12.741085	-0.055527	0.560538	0.003327	1.041350
-13.034170	0.068553	0.565542	0.003379	1.041360
-12.405229	-0.247646	0.570547	0.003267	1.041274
-13.255947	-0.090769	0.575552	0.003419	1.041039
-13.277009	-0.076275	0.580557	0.003423	1.041047
-13.466373	-0.007920	0.585562	0.003457	1.041038
-13.659138	0.074067	0.590566	0.003491	1.041045
-13.382245	-0.215320	0.595571	0.003441	1.040813
-13.908420	-0.063999	0.600576	0.003536	1.040737
-14.393356	0.135112	0.605581	0.003622	1.040745
-14.113635	0.022493	0.610586	0.003572	1.040744
-14.007495	-0.017431	0.615590	0.003553	1.040747
-13.945920	-0.169635	0.620595	0.003542	1.040581
-14.964141	0.112632	0.625600	0.003724	1.040422
-14.706644	0.066963	0.630605	0.003678	1.040496
-15.102190	0.155369	0.635610	0.003749	1.040406
-15.031176	0.131108	0.640614	0.003736	1.040412
-14.396425	-0.123897	0.645619	0.003623	1.040409
-14.983483	0.115800	0.650624	0.003727	1.040417
-15.195484	0.032712	0.655629	0.003765	1.040199
-15.277529	-0.012294	0.660634	0.003780	1.040099
-15.730762	0.177990	0.665638	0.003861	1.040112
-15.367942	0.022734	0.670643	0.003796	1.040098
-15.724693	0.167161	0.675648	0.003860	1.040101
-15.718076	0.107498	0.680653	0.003859	1.040027
-16.225462	0.116317	0.685658	0.003949	1.039777
-16.461546	0.213740	0.690662	0.003992	1.039781
-15.666346	-0.109400	0.695667	0.003849	1.039773
-16.009566	0.010347	0.700672	0.003911	1.039751
-16.569932	0.174149	0.705677	0.004011	1.039674
-16.762995	0.097052	0.710682	0.004045	1.039474
-16.704762	0.078834	0.715686	0.004035	1.039481
-16.892169	0.146307	0.720691	0.004068	1.039472
-16.747026	0.093377	0.725696	0.004042	1.039478
-16.594100	-0.118697	0.730701	0.004015	1.039282
-17.145827	0.002590	0.735706	0.004114	1.039154
-17.871667	0.295490	0.740710	0.004243	1.039159
-17.245564	0.041151	0.745715	0.004131	1.039153
-17.196814	-0.101180	0.750720	0.004123	1.038993
-17.777220	0.023326	0.755725	0.004226	1.038855
-18.111154	0.153692	0.760730	0.004286	1.038852
-18.222134	0.200420	0.765734	0.004306	1.038855
-17.886013	0.057537	0.770739	0.004246	1.038844
-18.246115	0.203184	0.775744	0.004310	1.038847
-18.060575	0.054061	0.780749	0.004277	1.038749
-18.841421	0.201285	0.785754	0.004417	1.038536
-19.054750	0.291814	0.790758	0.004455	1.038544
-18.468761	0.050615	0.795763	0.004350	1.038534
-18.812360	0.185252	0.800768	0.004411	1.038531
-18.738372	0.163158	0.805773	0.004398	1.038541
-18.554795	-0.083304	0.810778	0.004365	1.038315
-19.033520	0.085013	0.815782	0.004451	1.038286
-19.051615	-0.004558	0.820787	0.004454	1.038161
-19.850534	0.151465	0.825792	0.004597	1.037950
-19.247728	-0.086230	0.830797	0.004489	1.037953
-18.897336	-0.307808	0.835802	0.004426	1.037846
-20.396273	0.133693	0.840806	0.004694	1.037645
-20.055375	-0.002452	0.845811	0.004633	1.037644
-19.943839	-0.048377	0.850816	0.004613	1.037642
-20.267517	0.072340	0.855821	0.004671	1.037632
-19.874166	-0.136685	0.860826	0.004601	1.037564
-20.959682	0.105285	0.865830	0.004795	1.037316
-20.688758	-0.002168	0.870835	0.004746	1.037317
-21.062673	0.147005	0.875840	0.004813	1.037318
-20.608791	-0.033276	0.880845	0.004732	1.037318
-19.890710	-0.409324	0.885850	0.004604	1.037201
-21.113163	-0.063377	0.890854	0.004822	1.037018
-21.204884	-0.035706	0.895859	0.004839	1.037007
-21.311841	0.013436	0.900864	0.004858	1.037015
-21.372311	-0.057045	0.905869	0.004869	1.036892
-21.614325	-0.125361	0.910874	0.004912	1.036678
-22.073443	0.059532	0.915878	0.004994	1.036681
-21.796899	-0.047465	0.920883	0.004944	1.036685
-21.918439	0.004784	0.925888	0.004966	1.036690
-21.706116	-0.169465	0.930893	0.004928	1.036573
-22.357390	-0.064146	0.935898	0.005045	1.036373
-23.173894	0.264934	0.940902	0.005191	1.036378
-22.527326	0.106548	0.945907	0.005075	1.036507
-22.784018	0.109256	0.950912	0.005121	1.036378
-22.471535	-0.012410	0.955917	0.005065	1.036381
-22.269119	-0.168432	0.960922	0.005029	1.036283
-23.497777	0.156185	0.965926	0.005248	1.036069
-23.004090	-0.045224	0.970931	0.005160	1.036063
-23.349602	0.086423	0.975936	0.005222	1.036055
-23.341402	0.092233	0.980941	0.005220	1.036067
-22.737255	-0.244709	0.985946	0.005112	1.035942
-24.136137	0.182340	0.990950	0.005362	1.035772
-23.637686	-0.022284	0.995955	0.005273	1.035765
-23.715712	0.010589	1.000960	0.005287	1.035767

-23.869755	-0.034777	1.010957	0.005315	1.035628
-23.680619	-0.002414	1.020954	0.005281	1.035769
-23.650300	-0.016039	1.030950	0.005275	1.035767
-23.805851	-0.040306	1.040947	0.005303	1.035655
-24.280582	0.236739	1.050944	0.005388	1.035770
-23.786244	0.161227	1.060941	0.005299	1.035928
-23.374705	0.027079	1.070938	0.005225	1.035967
-23.517652	0.147785	1.080934	0.005251	1.036050
-23.511581	0.124206	1.090931	0.005250	1.036023
-23.505889	0.156482	1.100928	0.005249	1.036068
-23.301501	0.075062	1.110925	0.005212	1.036068
-23.455919	0.130242	1.120922	0.005240	1.036061
-23.248441	0.255926	1.130918	0.005202	1.036332
-23.083195	0.163819	1.140915	0.005173	1.036298
-23.261296	0.220748	1.150912	0.005205	1.036280
-22.750986	0.087181	1.160909	0.005113	1.036371
-22.947223	0.164823	1.170906	0.005148	1.036371
-23.156257	0.251999	1.180902	0.005185	1.036376
-22.935762	0.164528	1.190899	0.005146	1.036377
-23.031535	0.246145	1.200896	0.005163	1.036434
-22.339353	0.091844	1.210893	0.005039	1.036592
-22.493663	0.082366	1.220890	0.005067	1.036500
-22.708381	0.223935	1.230886	0.005105	1.036573
-22.529315	0.234312	1.240883	0.005073	1.036679
-22.317554	0.014073	1.250880	0.005035	1.036503
-22.330408	0.098324	1.260877	0.005037	1.036606
-22.270588	0.134572	1.270874	0.005026	1.036684
-22.525972	0.236178	1.280870	0.005072	1.036685
-22.045062	0.046304	1.290867	0.004986	1.036687
-22.221384	0.115358	1.300864	0.005017	1.036686
-22.000247	0.021813	1.310861	0.004978	1.036679
-21.830957	-0.049773	1.320858	0.004947	1.036673
-22.069974	0.054378	1.330854	0.004990	1.036685
-22.057986	0.059930	1.340851	0.004988	1.036699
-21.977631	0.135176	1.350848	0.004973	1.036839
-21.196146	-0.134199	1.360845	0.004833	1.036893
-21.716596	-0.007851	1.370842	0.004926	1.036788
-22.130205	0.228989	1.380838	0.005000	1.036883
-21.798020	0.192845	1.390835	0.004941	1.037008
-21.371595	0.024544	1.400832	0.004864	1.037010
-21.230826	0.041980	1.410829	0.004839	1.037106
-21.420682	0.111377	1.420826	0.004873	1.037098
-21.649253	0.232680	1.430822	0.004914	1.037138
-21.220536	0.091921	1.440819	0.004837	1.037177
-20.967673	-0.005549	1.450816	0.004792	1.037181
-20.987729	0.094111	1.460813	0.004795	1.037301
-21.516950	0.259392	1.470810	0.004890	1.037242
-21.293029	0.272324	1.480806	0.004850	1.037375
-20.856277	0.070916	1.490803	0.004772	1.037340
-20.736542	0.095129	1.500800	0.004750	1.037433
-20.730161	0.149578	1.510797	0.004749	1.037508
-21.004984	0.315847	1.520794	0.004798	1.037582
-20.740108	0.179308	1.530790	0.004750	1.037542
-20.665919	0.222987	1.540787	0.004737	1.037637
-20.163306	0.021422	1.550784	0.004647	1.037636
-20.646325	0.220422	1.560781	0.004733	1.037645
-20.781177	0.265336	1.570778	0.004757	1.037633
-20.580652	0.251826	1.580774	0.004722	1.037720
-20.012199	0.008918	1.590771	0.004620	1.037698
-20.102893	0.088389	1.600768	0.004636	1.037755
-20.439186	0.286047	1.610765	0.004696	1.037838
-20.295736	0.308246	1.620762	0.004670	1.037942
-19.810082	0.117519	1.630758	0.004583	1.037945
-19.844205	-0.025256	1.640755	0.004589	1.037742
-19.820016	0.123525	1.650752	0.004585	1.037948
-19.768563	0.098784	1.660749	0.004576	1.037943
-20.088996	0.117127	1.670746	0.004633	1.037801
-20.028713	0.198921	1.680742	0.004622	1.037939
-19.242781	-0.105564	1.690739	0.004481	1.037950
-19.810400	0.118579	1.700736	0.004583	1.037948
-19.572986	0.022218	1.710733	0.004540	1.037946
-19.869932	0.268454	1.720730	0.004593	1.038113
-19.276228	0.046257	1.730726	0.004487	1.038131
-18.873542	-0.210401	1.740723	0.004415	1.038006
-19.517310	0.156890	1.750720	0.004530	1.038151
-19.362026	0.134082	1.760717	0.004502	1.038202
-19.193672	0.037210	1.770714	0.004472	1.038163
-19.263819	0.156958	1.780710	0.004484	1.038283
-19.101998	0.091890	1.790707	0.004455	1.038282
-19.218608	0.271675	1.800704	0.004476	1.038456
-18.928108	0.160978	1.810701	0.004424	1.038463
-19.072619	0.182260	1.820698	0.004450	1.038416
-18.828683	0.177133	1.830694	0.004406	1.038535
-18.422776	0.022966	1.840691	0.004333	1.038545
-18.785399	0.164302	1.850688	0.004398	1.038542
-18.905928	0.211080	1.860685	0.004420	1.038540
-18.710514	0.125067	1.870682	0.004385	1.038530
-18.261633	-0.004367	1.880678	0.004304	1.038594
-18.246449	0.004383	1.890675	0.004301	1.038614
-18.513505	0.118140	1.900672	0.004349	1.038623
-18.733607	0.306876	1.910669	0.004388	1.038755
-18.032543	0.107504	1.920666	0.004263	1.038859
-18.303471	0.214264	1.930662	0.004311	1.038858
-18.183112	0.159928	1.940659	0.004290	1.038850
-18.364381	0.354880	1.950656	0.004322	1.039009
-17.871223	0.268899	1.960653	0.004234	1.039153
-18.118981	0.192565	1.970650	0.004278	1.038926
-17.901346	0.282883	1.980646	0.004239	1.039156
-17.763113	0.223356	1.990643	0.004214	1.039150
-18.133008	0.395370	2.000640	0.004280	1.039183
-17.642979	0.311557	2.010637	0.004193	1.039328
-17.703544	0.262278	2.020634	0.004203	1.039232
-17.430150	0.226676	2.030630	0.004154	1.039328
-17.109731	0.147216	2.040627	0.004097	1.039390
-17.691941	0.266035	2.050624	0.004201	1.039244
-17.531734	0.328006	2.060621	0.004172	1.039408
-17.234017	0.267454	2.070618	0.004119	1.039483
-16.934992	0.154158	2.080614	0.004065	1.039491
-17.362765	0.324605	2.090611	0.004142	1.039491
-17.248491	0.275757	2.100608	0.004121	1.039487
-17.105748	0.219308	2.110605	0.004096	1.039488
-16.907061	0.136321	2.120602	0.004060	1.039483
-17.073765	0.205505	2.130598	0.004090	1.039487
-16.810922	0.252415	2.140595	0.004043	1.039684
-16.809074	0.229237	2.150592	0.004042	1.039655
-16.901971	0.275484	2.160589	0.004059	1.039667
-16.756496	0.309067	2.170586	0.004033	1.039786
-16.298511	0.121491	2.180582	0.003951	1.039780
-16.884331	0.359836	2.190579	0.004055	1.039787
-16.423486	0.179789	2.200576	0.003973	1.039791
-16.698940	0.288586	2.210573	0.004022	1.039790
-16.396779	0.184035	2.220570	0.003968	1.039811
-16.077611	0.143263	2.230566	0.003911	1.039923
-16.744261	0.480479	2.240563	0.004030	1.040017
-15.968105	0.240440	2.250560	0.003891	1.040106
-15.819756	0.163700	2.260557	0.003864	1.040084
-16.167259	0.322363	2.270554	0.003926	1.040110
-16.000549	0.255655	2.280550	0.003897	1.040110
-16.093319	0.291500	2.290547	0.003913	1.040109
-15.998467	0.250020	2.300544	0.003896	1.040104
-15.817915	0.179007	2.310541	0.003864	1.040106
-15.789264	0.318562	2.320538	0.003858	1.040302
-15.463388	0.181280	2.330534	0.003800	1.040292
-15.993477	0.392563	2.340531	0.003895	1.040293
-15.502069	0.291233	2.350528	0.003807	1.040415
-15.415814	0.255764	2.360525	0.003791	1.040414
-15.714850	0.374364	2.370522	0.003845	1.040414
-15.325024	0.220844	2.380518	0.003775	1.040416
-15.327640	0.361084	2.390515	0.003775	1.040597
-15.158530	0.219335	2.400512	0.003745	1.040501
-15.055539	0.113604	2.410509	0.003726	1.040417
-15.204469	0.170293	2.420506	0.003753	1.040414
-14.962987	0.211757	2.430502	0.003710	1.040592
-14.906297	0.205764	2.440499	0.003700	1.040614
-14.932179	0.224805	2.450496	0.003704	1.040626
-15.054706	0.272913	2.460493	0.003726	1.040625
-14.697267	0.227347	2.470490	0.003662	1.040751
-14.656465	0.208522	2.480486	0.003655	1.040748
-15.048919	0.367614	2.490483	0.003725	1.040752
-14.732742	0.242686	2.500480	0.003668	1.040753
-14.485524	0.141649	2.510477	0.003624	1.040750
-14.566303	0.383488	2.520474	0.003638	1.041022
-14.284975	0.199698	2.530470	0.003588	1.040929
-14.456444	0.296026	2.540467	0.003618	1.040966
-14.058390	0.200523	2.550464	0.003547	1.041048
-14.250779	0.146636	2.560461	0.003581	1.040879
-14.365592	0.324966	2.570458	0.003602	1.041051
-13.924387	0.143410	2.580454	0.003523	1.041043
-14.066845	0.201739	2.590451	0.003548	1.041046
-14.127173	0.224971	2.600448	0.003559	1.041045
-13.955142	0.161451	2.610445	0.003528	1.041051
-14.072027	0.201044	2.620442	0.003549	1.041043
-13.735997	0.181523	2.630438	0.003489	1.041191
-13.641090	0.144962	2.640435	0.003472	1.041193
-14.014980	0.356034	2.650432	0.003538	1.041274
-13.299261	0.130691	2.660429	0.003410	1.041351
-13.509592	0.220553	2.670426	0.003448	1.041359
-13.557481	0.236302	2.680422	0.003456	1.041355
-13.473977	0.201265	2.690419	0.003441	1.041353
-13.377083	0.163492	2.700416	0.003424	1.041354
-13.333218	0.144593	2.710413	0.003416	1.041353
-13.338159	0.152412	2.720410	0.003417	1.041361
-13.303482	0.236040	2.730406	0.003410	1.041487
-13.109517	0.238801	2.740403	0.003376	1.041591
-13.060087	0.097524	2.750400	0.003367	1.041434
-13.059224	0.277407	2.760397	0.003367	1.041667
-12.808926	0.176594	2.770394	0.003322	1.041666
-13.133427	0.302305	2.780390	0.003380	1.041662
-13.105850	0.361228	2.790387	0.003375	1.041753
-12.754362	0.278101	2.800384	0.003312	1.041827
-12.413728	0.155630	2.810381	0.003251	1.041844
-12.561460	0.158099	2.820378	0.003277	1.041771
-12.613519	0.272728	2.830374	0.003286	1.041893
-12.619131	0.270925	2.840371	0.003287	1.041888
-12.304920	0.150226	2.850368	0.003231	1.041894
-12.241054	0.197257	2.860365	0.003219	1.041988
-12.241316	0.199961	2.870362	0.003219	1.041991
-12.618986	0.348940	2.880358	0.003287	1.041990
-12.224883	0.185288	2.890355	0.003216	1.041981
-12.300535	0.243691	2.900352	0.003230	1.042018
-11.930873	0.311243	2.910349	0.003163	1.042296
-11.632500	0.138322	2.920346	0.003110	1.042227
-12.451535	0.405753	2.930342	0.003256	1.042151
-11.977025	0.329686	2.940339	0.003171	1.042297
-11.406360	0.105483	2.950336	0.003069	1.042301
-11.511945	0.149137	2.960333	0.003088	1.042304
-11.791058	0.257564	2.970330	0.003138	1.042300
-11.745992	0.239575	2.980326	0.003130	1.042301
-11.639424	0.196747	2.990323	0.003111	1.042300
-11.448678	0.121446	3.000320	0.003077	1.042301
-11.524147	0.201449	3.010317	0.003090	1.042366
-11.500729	0.349709	3.020314	0.003086	1.042570
-11.142042	0.013251	3.030310	0.003021	1.042320
-11.600318	0.319162	3.040307	0.003103	1.042480
-10.860549	0.130995	3.050304	0.002971	1.042618
-10.755779	0.043615	3.060301	0.002952	1.042559
-11.049606	0.101766	3.070298	0.003005	1.042483
-11.519332	0.288221	3.080294	0.003089	1.042483
-11.206843	0.271603	3.090291	0.003033	1.042622
-10.610929	0.115589	3.100288	0.002926	1.042728
-10.537672	0.015936	3.110285	0.002913	1.042637
-11.041686	0.314066	3.120282	0.003003	1.042763
-10.899357	0.290393	3.130278	0.002977	1.042806
-10.701566	0.304059	3.140275	0.002942	1.042926
-10.257797	0.130968	3.150272	0.002862	1.042931
-10.285248	0.139604	3.160269	0.002867	1.042928
-10.846339	0.368330	3.170266	0.002967	1.042935
-10.338477	0.161823	3.180262	0.002876	1.042930
-9.981357	0.019954	3.190259	0.002813	1.042930
-10.412397	0.194874	3.200256	0.002890	1.042935
-10.018553	0.112842	3.210253	0.002819	1.043032
-10.687309	0.415994	3.220250	0.002939	1.043080
-9.894236	0.153239	3.230246	0.002797	1.043148
-9.932876	0.162884	3.240243	0.002803	1.043141
-9.628750	0.111196	3.250240	0.002749	1.043231
-9.940282	0.227323	3.260237	0.002805	1.043221
-9.924332	0.168801	3.270234	0.002802	1.043154
-9.920660	0.250510	3.280230	0.002801	1.043262
-9.714048	0.163221	3.290227	0.002764	1.043256
-9.608072	0.149744	3.300224	0.002745	1.043293
-9.675127	0.279545	3.310221	0.002757	1.043427
-9.805758	0.327003	3.320218	0.002780	1.043421
-9.212312	0.137610	3.330214	0.002674	1.043482
-9.311183	0.176416	3.340211	0.002691	1.043481
-8.991333	0.049866	3.350208	0.002634	1.043482
-9.349109	0.194118	3.360205	0.002698	1.043485
-8.985627	-0.041800	3.370202	0.002633	1.043367
-9.339264	0.151850	3.380198	0.002696	1.043436
-8.993235	0.051612	3.390195	0.002634	1.043485
-8.904770	0.014540	3.400192	0.002618	1.043482
-9.152645	0.117233	3.410189	0.002662	1.043488
-9.100683	0.132024	3.420186	0.002653	1.043534
-8.680904	0.039117	3.430182	0.002578	1.043630
-8.625292	0.119958	3.440179	0.002568	1.043763
-8.594641	0.134538	3.450176	0.002562	1.043798
-9.165825	0.319113	3.460173	0.002664	1.043743
-8.853322	0.298646	3.470170	0.002608	1.043878
-8.084003	-0.009420	3.480166	0.002471	1.043876
-8.445400	0.152468	3.490163	0.002535	1.043899
-8.155635	0.087030	3.500160	0.002483	1.043964
-8.462718	0.137916	3.510157	0.002538	1.043872
-8.264540	0.093932	3.520154	0.002503	1.043917
-8.147088	0.068596	3.530150	0.002482	1.043945
-8.292368	0.246094	3.540147	0.002508	1.044100
-8.185892	0.207055	3.550144	0.002488	1.044105
-8.316628	0.361976	3.560141	0.002512	1.044238
-8.044865	0.315631	3.570138	0.002463	1.044318
-7.334141	0.037176	3.580134	0.002336	1.044324
-7.963187	0.339978	3.590131	0.002448	1.044392
-7.682400	0.229522	3.600128	0.002398	1.044394
-7.821042	0.241222	3.610125	0.002423	1.044338
-7.672290	0.252479	3.620122	0.002396	1.044429
-7.119561	0.029277	3.630118	0.002297	1.044425
-7.986103	0.382322	3.640115	0.002452	1.044436
-7.431681	0.239964	3.650112	0.002353	1.044537
-7.471051	0.241061	3.660109	0.002360	1.044519
-7.008745	0.017314	3.670106	0.002277	1.044468
-7.166415	0.131887	3.680102	0.002305	1.044535
-7.144600	0.128292	3.690099	0.002301	1.044542
-7.222880	0.258514	3.700096	0.002315	1.044670
-7.111194	0.130916	3.710093	0.002295	1.044563
-7.090437	0.254032	3.720090	0.002291	1.044733
-7.002875	0.220224	3.730086	0.002275	1.044734
-6.993590	0.217503	3.740083	0.002274	1.044736
-6.906206	0.257867	3.750080	0.002258	1.044833
-6.786141	0.298666	3.760077	0.002236	1.044948
-6.474556	0.196409	3.770074	0.002181	1.044976
-6.389937	0.192694	3.780070	0.002165	1.045015
-6.685453	0.211006	3.790067	0.002218	1.044887
-6.611646	0.268946	3.800064	0.002205	1.045000
-6.668852	0.329288	3.810061	0.002215	1.045049
-6.223877	0.156167	3.820058	0.002135	1.045054
-6.227825	0.154538	3.830054	0.002136	1.045050
-6.489208	0.265085	3.840051	0.002183	1.045059
-6.223624	0.338718	3.850048	0.002135	1.045290
-5.945335	0.142478	3.860045	0.002085	1.045180
-6.002513	0.271024	3.870042	0.002095	1.045317
-6.022749	0.318483	3.880038	0.002099	1.045368
-5.912082	0.271186	3.890035	0.002079	1.045364
-5.961152	0.291201	3.900032	0.002088	1.045365
-5.636478	0.158750	3.910029	0.002029	1.045361
-5.455406	0.032598	3.920026	0.001997	1.045291
-5.793682	0.222706	3.930022	0.002057	1.045363
-5.801979	0.227466	3.940019	0.002059	1.045365
-5.853807	0.272487	3.950016	0.002068	1.045397
-5.341019	0.067061	3.960013	0.001976	1.045396
-5.510966	0.264534	3.970010	0.002007	1.045563
-5.299798	0.274478	3.980006	0.001969	1.045685
-5.226535	0.249753	3.990003	0.001955	1.045691
-5.111018	0.141253	4.000000	0.001935	1.045610
-5.178339	0.145525	4.009997	0.001947	1.045582
-5.372626	0.310020	4.019994	0.001981	1.045694
-5.024321	0.165502	4.029990	0.001919	1.045687
-5.181237	0.232425	4.039987	0.001947	1.045693
-5.079786	0.348350	4.049984	0.001929	1.045895
-4.668478	0.218613	4.059981	0.001855	1.045939
-4.709824	0.192013	4.069978	0.001862	1.045884
-4.806490	0.283653	4.079974	0.001880	1.045952
-4.972462	0.370835	4.089971	0.001909	1.045980
-4.830623	0.313375	4.099968	0.001884	1.045979
-4.585157	0.268344	4.109965	0.001840	1.046047
-4.586894	0.459004	4.119962	0.001840	1.046292
-4.513743	0.427299	4.129958	0.001827	1.046289
-4.583188	0.462025	4.139955	0.001839	1.046299
-4.498389	0.517109	4.149952	0.001824	1.046413
-4.272533	0.581709	4.159949	0.001783	1.046613
-4.296908	0.587596	4.169946	0.001788	1.046608
-4.241847	0.562785	4.179942	0.001778	1.046605
-4.317065	0.738659	4.189939	0.001791	1.046793
-3.849907	0.664571	4.199936	0.001707	1.046937
-3.753987	0.532032	4.209933	0.001690	1.046816
-3.798057	0.533207	4.219930	0.001698	1.046795
-3.645283	0.393575	4.229926	0.001671	1.046694
-3.813433	0.527275	4.239923	0.001701	1.046780
-3.597401	0.565592	4.249920	0.001662	1.046940
-3.524476	0.391348	4.259917	0.001649	1.046753
-3.465436	0.388835	4.269914	0.001638	1.046781
-3.421098	0.482491	4.279910	0.001630	1.046924
-3.685550	0.578562	4.289907	0.001677	1.046913
-3.256127	0.419473	4.299904	0.001600	1.046928
-3.485297	0.516722	4.309901	0.001641	1.046936
-3.481956	0.563594	4.319898	0.001641	1.046999
-3.236611	0.651640	4.329894	0.001597	1.047238
-3.113784	0.605082	4.339891	0.001575	1.047241
-3.169290	0.627051	4.349888	0.001585	1.047241
-3.237358	0.653715	4.359885	0.001597	1.047241
-3.084728	0.824609	4.369882	0.001569	1.047540
-3.102765	0.851323	4.379878	0.001572	1.047565
-3.105576	0.897700	4.389875	0.001573	1.047624
-2.881905	1.001584	4.399872	0.001533	1.047872
-2.777614	0.962403	4.409869	0.001514	1.047876
-2.741431	0.944313	4.419866	0.001507	1.047871
-2.631535	1.021170	4.429862	0.001488	1.048027
-2.541696	1.092854	4.439859	0.001471	1.048165
-2.275288	1.020435	4.449856	0.001424	1.048209
-2.512709	1.113199	4.459853	0.001466	1.048207
-2.789411	1.243624	4.469850	0.001516	1.048233
-2.305575	1.227728	4.479846	0.001429	1.048461
-2.059798	1.120483	4.489843	0.001385	1.048449
-2.114499	1.143830	4.499840	0.001395	1.048451
-2.222884	1.191571	4.509837	0.001414	1.048457
-2.084755	1.130917	4.519834	0.001389	1.048450
-2.056256	1.123957	4.529830	0.001384	1.048456
-2.028499	1.354951	4.539827	0.001379	1.048768
-2.046206	1.359269	4.549824	0.001382	1.048764
-1.920599	1.381697	4.559821	0.001359	1.048858
-1.812987	1.505869	4.569818	0.001340	1.049073
-1.758733	1.483502	4.579814	0.001330	1.049072
-1.735446	1.476250	4.589811	0.001326	1.049075
-1.622351	1.557203	4.599808	0.001306	1.049237
-1.467484	1.620648	4.609805	0.001278	1.049398
-1.477253	1.619679	4.619802	0.001280	1.049392
-1.533735	1.641973	4.629798	0.001290	1.049392
-1.387862	1.738492	4.639795	0.001263	1.049591
-1.280556	1.787043	4.649792	0.001244	1.049709
-1.186539	1.750925	4.659789	0.001227	1.049711
-1.113315	1.718276	4.669786	0.001214	1.049706
-1.180710	1.784484	4.679782	0.001226	1.049757
-0.974475	1.909457	4.689779	0.001189	1.050023
-0.897791	1.879140	4.699776	0.001175	1.050024
-0.997225	1.918217	4.709773	0.001193	1.050024
-0.795958	1.842170	4.719770	0.001157	1.050029
-0.721263	1.839156	4.729766	0.001143	1.050063
-0.551555	1.775299	4.739763	0.001113	1.050068
-0.480136	1.926295	4.749760	0.001100	1.050299
-0.498443	1.958947	4.759757	0.001103	1.050332
-0.391838	1.914538	4.769754	0.001084	1.050330
-0.212679	1.846012	4.779750	0.001052	1.050333
-0.320360	1.882347	4.789747	0.001071	1.050325
-0.375005	1.908836	4.799744	0.001081	1.050332
-0.345824	1.897113	4.809741	0.001076	1.050332
-0.227947	1.853999	4.819738	0.001054	1.050337
-0.112441	1.995656	4.829734	0.001034	1.050578
-0.139223	2.074214	4.839731	0.001038	1.050665
-0.093553	2.053559	4.849728	0.001030	1.050662
-0.030917	2.082740	4.859725	0.001019	1.050732
0.121671	2.196756	4.869722	0.000991	1.050957
0.000000	2.240690	4.879718	0.001013	1.050951

0.176160	2.185054	4.884723	0.000982	1.050970
0.311552	2.365458	4.889728	0.000957	1.051271
0.539413	2.458002	4.894733	0.000916	1.051506
0.412088	2.775760	4.899738	0.000939	1.051849
1.011189	2.879872	4.904742	0.000832	1.052288
1.001755	3.207619	4.909747	0.000834	1.052704
1.267122	3.505984	4.914752	0.000786	1.053222
1.658102	3.713821	4.919757	0.000716	1.053687
1.693337	4.166299	4.924762	0.000710	1.054285
2.304114	4.422232	4.929766	0.000600	1.054923
2.456136	4.883582	4.934771	0.000573	1.055590
2.784102	5.290934	4.939776	0.000514	1.056278
3.352986	5.627292	4.944781	0.000412	1.056996
3.314147	6.250622	4.949786	0.000419	1.057772
4.019414	6.545077	4.954790	0.000293	1.058506
4.312287	7.056010	4.959795	0.000240	1.059305
4.366804	7.691756	4.964800	0.000230	1.060142
5.176163	8.052631	4.969805	0.000086	1.061011
5.267964	8.695081	4.974810	0.000069	1.061874
5.781120	9.213478	4.979814	-0.000023	1.062792
6.178628	9.745638	4.984819	-0.000094	1.063668
6.441013	10.359929	4.989824	-0.000141	1.064579
6.946933	10.931906	4.994829	-0.000232	1.065559
7.188046	11.613202	4.999834	-0.000275	1.066543
7.518151	12.294373	5.004838	-0.000334	1.067570
7.996674	12.892255	5.009843	-0.000420	1.068566
8.166011	13.682573	5.014848	-0.000450	1.069648
8.661602	14.360214	5.019853	-0.000539	1.070751
9.061533	15.101408	5.024858	-0.000611	1.071885
9.294486	15.909551	5.029862	-0.000653	1.073018
9.852497	16.574212	5.034867	-0.000753	1.074132
10.140944	17.410369	5.039872	-0.000804	1.075326
10.623251	18.182969	5.044877	-0.000891	1.076535
11.025302	18.987811	5.049882	-0.000963	1.077743
11.206859	19.883529	5.054886	-0.000995	1.078954
11.653073	20.753017	5.059891	-0.001075	1.080263
11.877278	21.706096	5.064896	-0.001116	1.081563
12.259720	22.635120	5.069901	-0.001184	1.082911
13.023850	23.373846	5.074906	-0.001321	1.084209
13.383814	24.298412	5.079910	-0.001386	1.085536
13.949500	25.153052	5.084915	-0.001487	1.086877
14.191602	26.110780	5.089920	-0.001531	1.088184
14.760718	26.968885	5.094925	-0.001633	1.089528
15.215625	27.904058	5.099930	-0.001714	1.090908
15.411725	28.945748	5.104934	-0.001749	1.092292
15.872044	29.890188	5.109939	-0.001832	1.093683
16.380138	30.832522	5.114944	-0.001923	1.095094
16.815032	31.825587	5.119949	-0.002001	1.096529
17.402198	32.752213	5.124954	-0.002106	1.097955
17.532653	33.850740	5.129958	-0.002130	1.099367
18.003855	34.892932	5.134963	-0.002214	1.100874
18.413094	35.956320	5.139968	-0.002287	1.102375
19.069875	36.869925	5.144973	-0.002405	1.103811
19.500696	37.911896	5.149978	-0.002482	1.105293
20.003177	38.926516	5.154982	-0.002572	1.106773
20.574003	39.912220	5.159987	-0.002675	1.108250
20.925953	40.961471	5.164992	-0.002738	1.109696
21.324306	42.049058	5.169997	-0.002809	1.111209
21.696763	43.151598	5.175002	-0.002876	1.112726
22.192978	44.183388	5.180006	-0.002965	1.114214
22.701103	45.266879	5.185011	-0.003056	1.115768
23.148251	46.349537	5.190016	-0.003136	1.117291
23.666944	47.399751	5.195021	-0.003229	1.118806
24.238453	48.447230	5.200026	-0.003332	1.120341
24.789052	49.490303	5.205030	-0.003430	1.121858
25.347143	50.480012	5.210035	-0.003530	1.123313
25.876762	51.506236	5.215040	-0.003625	1.124796
26.632535	52.429708	5.220045	-0.003761	1.126262
27.097269	53.431833	5.225050	-0.003844	1.127682
27.544640	54.439549	5.230054	-0.003924	1.129098
28.209798	55.383366	5.235059	-0.004043	1.130539
28.578051	56.439900	5.240064	-0.004109	1.131973
29.053311	57.419250	5.245069	-0.004195	1.133363
29.742888	58.340259	5.250074	-0.004318	1.134783
30.170832	59.358209	5.255078	-0.004395	1.136194
30.640137	60.359963	5.260083	-0.004479	1.137602
31.103140	61.364920	5.265088	-0.004562	1.139010
31.583125	62.377588	5.270093	-0.004648	1.140433
32.102962	63.386383	5.275098	-0.004741	1.141869
32.419056	64.456162	5.280102	-0.004798	1.143279
33.064151	65.437272	5.285107	-0.004914	1.144737
33.695356	66.370563	5.290112	-0.005027	1.146130
34.146766	67.378625	5.295117	-0.005108	1.147525
34.768037	68.292396	5.300122	-0.005219	1.148887
35.249145	69.278433	5.305126	-0.005305	1.150267
35.651401	70.301982	5.310131	-0.005377	1.151653
36.012173	71.343595	5.315136	-0.005442	1.153039
36.265210	72.448662	5.320141	-0.005487	1.154447
36.742708	73.519266	5.325146	-0.005573	1.155918
37.163165	74.632696	5.330150	-0.005648	1.157410
37.545579	75.743533	5.335155	-0.005717	1.158879
38.060761	76.833167	5.340160	-0.005809	1.160383
38.576578	77.922108	5.345165	-0.005902	1.161884
39.319199	78.849916	5.350170	-0.006035	1.163301
39.911579	79.858834	5.355174	-0.006141	1.164741
40.488106	80.855815	5.360179	-0.006244	1.166158
40.990803	81.865195	5.365184	-0.006334	1.167554
41.332718	82.919386	5.370189	-0.006396	1.168927
41.722454	84.047289	5.375194	-0.006466	1.170405
42.110919	85.160717	5.380198	-0.006535	1.171863
42.504234	86.254403	5.385203	-0.006606	1.173300
43.012922	87.356482	5.390208	-0.006697	1.174796
43.400418	88.524019	5.395213	-0.006767	1.176311
43.938628	89.615790	5.400218	-0.006863	1.177805
44.347312	90.760844	5.405222	-0.006936	1.179299
44.717686	91.956901	5.410227	-0.007003	1.180833
45.195417	93.113067	5.415232	-0.007088	1.182367
45.770763	94.200231	5.420237	-0.007192	1.183865
46.159858	95.396506	5.425242	-0.007261	1.185401
46.482294	96.637657	5.430246	-0.007319	1.186957
46.933246	97.837574	5.435251	-0.007400	1.188521
47.397482	99.064135	5.440256	-0.007483	1.190119
47.987481	100.227713	5.445261	-0.007589	1.191700
48.413378	101.414105	5.450266	-0.007665	1.193231
48.942821	102.605663	5.455270	-0.007760	1.194812
49.409193	103.846595	5.460275	-0.007844	1.196419
50.046829	104.952154	5.465280	-0.007958	1.197947
50.499269	106.154049	5.470285	-0.008039	1.199499
50.908136	107.407232	5.475290	-0.008113	1.201088
51.406997	108.569346	5.480294	-0.008202	1.202612
51.983382	109.734841	5.485299	-0.008305	1.204172
52.606694	110.872774	5.490304	-0.008417	1.205720
53.149774	112.023558	5.495309	-0.008515	1.207245
53.657569	113.174135	5.500314	-0.008606	1.208753
53.951584	114.429895	5.505318	-0.008658	1.210281
54.461955	115.645372	5.510323	-0.008750	1.211858
54.900945	116.828902	5.515328	-0.008829	1.213366
55.468026	118.013098	5.520333	-0.008930	1.214929
55.896105	119.258256	5.525338	-0.009007	1.216496
56.630742	120.314627	5.530342	-0.009139	1.217987
57.009989	121.573059	5.535347	-0.009207	1.219544
57.430983	122.790691	5.540352	-0.009282	1.221072
57.740489	124.066495	5.545357	-0.009338	1.222614
58.096423	125.373289	5.550362	-0.009402	1.224208
58.549410	126.649920	5.555366	-0.009483	1.225809
58.973228	127.954129	5.560371	-0.009559	1.227425
59.321124	129.311651	5.565376	-0.009621	1.229065
59.887240	130.599542	5.570381	-0.009723	1.230720
60.287934	131.920847	5.575386	-0.009795	1.232339
60.589931	133.308236	5.580390	-0.009849	1.233985
61.077867	134.706656	5.585395	-0.009936	1.235721
61.450632	136.094510	5.590400	-0.010003	1.237394
61.940473	137.497719	5.595405	-0.010091	1.239131
62.334979	138.920046	5.600410	-0.010162	1.240845
62.726815	140.339015	5.605414	-0.010232	1.242552
63.105866	141.831738	5.610419	-0.010300	1.244332
63.535554	143.310084	5.615424	-0.010378	1.246115
63.939411	144.773162	5.620429	-0.010450	1.247867
64.143961	146.411680	5.625434	-0.010487	1.249722
64.492730	148.017039	5.630438	-0.010549	1.251600
65.057074	149.528675	5.635443	-0.010651	1.253465
65.388532	151.168891	5.640448	-0.010710	1.255367
65.730265	152.814407	5.645453	-0.010772	1.257276
66.214920	154.439192	5.650458	-0.010859	1.259220
66.651681	156.086394	5.655462	-0.010937	1.261165
67.174356	157.666290	5.660467	-0.011031	1.263071
67.591247	159.331709	5.665472	-0.011106	1.265021
68.028618	161.002653	5.670477	-0.011184	1.266982
68.506214	162.653401	5.675482	-0.011270	1.268936
68.846376	164.400881	5.680486	-0.011331	1.270931
69.124295	166.161211	5.685491	-0.011381	1.272912
69.506210	167.965449	5.690496	-0.011449	1.274979
69.763301	169.828601	5.695501	-0.011496	1.277052
70.087138	171.722698	5.700506	-0.011554	1.279183
70.534062	173.574146	5.705510	-0.011634	1.281316
70.886004	175.467291	5.710515	-0.011697	1.283450
71.194124	177.446161	5.715520	-0.011753	1.285653
71.548451	179.407759	5.720525	-0.011816	1.287852
72.009314	181.396184	5.725530	-0.011899	1.290120
72.402209	183.366487	5.730534	-0.011970	1.292336
72.864498	185.373772	5.735539	-0.012053	1.294616
73.311142	187.381035	5.740544	-0.012133	1.296885
73.924005	189.332288	5.745549	-0.012243	1.299160
74.300347	191.394727	5.750554	-0.012311	1.301449
74.828956	193.386257	5.755558	-0.012405	1.303723
75.266729	195.418752	5.760563	-0.012484	1.305999
75.665464	197.450210	5.765568	-0.012556	1.308254
76.226133	199.478558	5.770573	-0.012656	1.310566
76.796975	201.435672	5.775578	-0.012759	1.312806
77.324073	203.443669	5.780582	-0.012853	1.315077
77.727871	205.498003	5.785587	-0.012926	1.317341
78.196305	207.538426	5.790592	-0.013010	1.319613
78.929985	209.455892	5.795597	-0.013141	1.321862
79.638008	211.354559	5.800602	-0.013268	1.324077
80.526318	213.128599	5.805606	-0.013428	1.326234
81.154930	214.938476	5.810611	-0.013540	1.328321
81.640395	216.807636	5.815616	-0.013627	1.330407
82.301807	218.560676	5.820621	-0.013746	1.332443
82.838594	220.399374	5.825626	-0.013842	1.334512
83.245315	222.250942	5.830630	-0.013915	1.336540
83.852768	224.061782	5.835635	-0.014024	1.338603
84.105294	226.019190	5.840640	-0.014070	1.340670
84.600089	227.862264	5.845645	-0.014159	1.342714
85.399434	229.641386	5.850650	-0.014302	1.344811
86.019935	231.371115	5.855654	-0.014413	1.346785
86.873595	233.011650	5.860659	-0.014566	1.348758
87.551909	234.670824	5.865664	-0.014688	1.350678
88.165751	236.274602	5.870669	-0.014798	1.352515
88.684064	237.950644	5.875674	-0.014891	1.354384
89.107660	239.658817	5.880678	-0.014967	1.356246
89.697475	241.308554	5.885683	-0.015073	1.358112
90.067756	243.051008	5.890688	-0.015139	1.359982
90.564991	244.710317	5.895693	-0.015228	1.361816
90.919769	246.485233	5.900698	-0.015292	1.363707
91.311297	248.267476	5.905702	-0.015362	1.365616
91.739804	250.038809	5.910707	-0.015439	1.367527
92.068721	251.891333	5.915712	-0.015498	1.369476
92.666232	253.648311	5.920717	-0.015606	1.371432
93.117974	255.453021	5.925722	-0.015687	1.373375
93.364157	257.357761	5.930726	-0.015731	1.375336
93.802550	259.244618	5.935731	-0.015810	1.377349
94.138239	261.179267	5.940736	-0.015870	1.379367
94.486378	263.149111	5.945741	-0.015933	1.381421
94.834124	265.134791	5.950746	-0.015995	1.383487
95.237410	267.141200	5.955750	-0.016067	1.385591
95.888382	269.044478	5.960755	-0.016184	1.387686
96.432659	270.973859	5.965760	-0.016282	1.389762
96.868924	272.920073	5.970765	-0.016360	1.391811
97.277186	274.926273	5.975770	-0.016434	1.393904
97.745849	276.922251	5.980774	-0.016518	1.396007
98.208137	278.910432	5.985779	-0.016601	1.398097
98.639578	280.941535	5.990784	-0.016678	1.400213
99.392619	282.797633	5.995789	-0.016813	1.402279
100.008225	284.723578	6.000794	-0.016924	1.404356
100.679570	286.542845	6.005798	-0.017044	1.406350
101.304458	288.412960	6.010803	-0.017156	1.408372
101.812919	290.278387	6.015808	-0.017247	1.410343
102.242395	292.156068	6.020813	-0.017324	1.412293
102.966477	293.966965	6.025818	-0.017454	1.414287
103.387935	295.837985	6.030822	-0.017530	1.416223
104.044807	297.629038	6.035827	-0.017648	1.418167
104.426786	299.535436	6.040832	-0.017716	1.420116
104.861033	301.394497	6.045837	-0.017794	1.422037
105.377448	303.270598	6.050842	-0.017887	1.424002
105.957239	305.071870	6.055846	-0.017991	1.425917
106.354231	306.983825	6.060851	-0.018062	1.427866
106.791690	308.898818	6.065856	-0.018141	1.429831
107.284420	310.752543	6.070861	-0.018229	1.431755
107.654939	312.718966	6.075866	-0.018296	1.433738
108.212862	314.628944	6.080870	-0.018396	1.435733
108.722733	316.524777	6.085875	-0.018487	1.437695
109.179820	318.464419	6.090880	-0.018569	1.439676
109.708937	320.314979	6.095885	-0.018664	1.441597
110.005190	322.323155	6.100890	-0.018718	1.443578
110.628814	324.246434	6.105894	-0.018829	1.445596
111.207796	326.123161	6.110899	-0.018933	1.447551
111.625969	328.091339	6.115904	-0.019008	1.449531
111.848455	330.126550	6.120909	-0.019049	1.451500
112.366685	332.116031	6.125914	-0.019142	1.453530
112.929418	334.087799	6.130918	-0.019243	1.455556
113.680036	335.949135	6.135923	-0.019377	1.457545
114.091822	337.944727	6.140928	-0.019451	1.459534
114.544355	339.924091	6.145933	-0.019532	1.461520
115.114438	341.854859	6.150938	-0.019635	1.463500
115.531690	343.813755	6.155942	-0.019710	1.465449
116.270105	345.667385	6.160947	-0.019842	1.467413
116.826654	347.563340	6.165952	-0.019942	1.469349
117.412502	349.388644	6.170957	-0.020047	1.471227
117.853545	351.306303	6.175962	-0.020126	1.473137
118.429325	353.180443	6.180966	-0.020229	1.475051
118.964130	355.028025	6.185971	-0.020325	1.476925
119.553553	356.868927	6.190976	-0.020431	1.478809
120.276895	358.607351	6.195981	-0.020561	1.480645
120.799624	360.391732	6.200986	-0.020654	1.482450
121.105215	362.283248	6.205990	-0.020709	1.484273
121.584485	364.121673	6.210995	-0.020795	1.486107
122.173717	365.923312	6.216000	-0.020901	1.487944
122.662216	367.783144	6.221005	-0.020989	1.489796
123.093723	369.612968	6.226010	-0.021066	1.491598
123.576942	371.477893	6.231014	-0.021153	1.493448
124.022787	373.371164	6.236019	-0.021233	1.495308
124.366819	375.306309	6.241024	-0.021295	1.497168
124.993886	377.142636	6.246029	-0.021407	1.499035
125.466319	379.010666	6.251034	-0.021492	1.500875
125.936171	380.904578	6.256038	-0.021576	1.502735
126.430608	382.811845	6.261043	-0.021665	1.504612
127.107063	384.574950	6.266048	-0.021786	1.506422
127.710628	386.408492	6.271053	-0.021895	1.508267
128.228567	388.219933	6.276058	-0.021988	1.510060
128.671154	390.035600	6.281062	-0.022067	1.511829
129.200660	391.875870	6.286067	-0.022162	1.513648
129.605468	393.733294	6.291072	-0.022235	1.515437
130.008615	395.644839	6.296077	-0.022307	1.517271
130.422218	397.597192	6.301082	-0.022381	1.519143
130.853779	399.447821	6.306086	-0.022459	1.520928
131.421401	401.349522	6.311091	-0.022561	1.522803
131.713699	403.359075	6.316096	-0.022613	1.524677
132.203882	405.285228	6.321101	-0.022701	1.526542
132.595312	407.303617	6.326106	-0.022772	1.528453
132.952649	409.319642	6.331110	-0.022836	1.530348
133.483424	411.313519	6.336115	-0.022931	1.532279
134.014827	413.308561	6.341120	-0.023027	1.534209
134.522712	415.265240	6.346125	-0.023118	1.536096
134.810859	417.380510	6.351130	-0.023170	1.538044
135.159301	419.483220	6.356134	-0.023232	1.540000
135.716641	421.504592	6.361139	-0.023332	1.541952
136.293505	423.545337	6.366144	-0.023436	1.543925
136.669219	425.617864	6.371149	-0.023503	1.545855
137.263420	427.664052	6.376154	-0.023610	1.547834
137.858098	429.651156	6.381158	-0.023716	1.549759
138.613296	431.551245	6.386163	-0.023852	1.551660
139.063437	433.559318	6.391168	-0.023933	1.553549
139.534357	435.544571	6.396173	-0.024017	1.555424
140.202034	437.461322	6.401178	-0.024137	1.557303
140.645673	439.448140	6.406182	-0.024217	1.559165
141.246997	441.328423	6.411187	-0.024324	1.560986
141.673715	443.319711	6.416192	-0.024401	1.562842
142.301692	445.218612	6.421197	-0.024514	1.564684
142.543779	447.268245	6.426202	-0.024557	1.566524
143.144787	449.228934	6.431206	-0.024665	1.568405
143.610727	451.180551	6.436211	-0.024749	1.570231
144.017610	453.190292	6.441216	-0.024822	1.572086
144.484512	455.227757	6.446221	-0.024906	1.573981
144.830192	457.301998	6.451226	-0.024968	1.575866
145.302854	459.388461	6.456230	-0.025053	1.577801
145.912265	461.381842	6.461235	-0.025162	1.579698
146.347657	463.406572	6.466240	-0.025240	1.581563
146.664643	465.555237	6.471245	-0.025297	1.583493
147.204858	467.600203	6.476250	-0.025394	1.585405
147.663725	469.683849	6.481254	-0.025477	1.587320
148.252634	471.751991	6.486259	-0.025582	1.589263
148.586959	473.864207	6.491264	-0.025642	1.591158
149.012763	476.011831	6.496269	-0.025719	1.593110
149.133192	478.330489	6.501274	-0.025741	1.595105
149.572112	480.574745	6.506278	-0.025820	1.597137
150.011092	482.847912	6.511283	-0.025898	1.599192
150.569754	485.007820	6.516288	-0.025999	1.601187
151.264978	487.165935	6.521293	-0.026123	1.603222
151.683720	489.371556	6.526298	-0.026199	1.605206
152.166267	491.573558	6.531302	-0.026285	1.607204
152.663280	493.812643	6.536307	-0.026375	1.609236
153.165967	495.988510	6.541312	-0.026465	1.611214
153.645669	498.242480	6.546317	-0.026551	1.613247
154.073103	500.457194	6.551322	-0.026628	1.615228
154.415780	502.809377	6.556326	-0.026689	1.617294
154.853747	505.129337	6.561331	-0.026768	1.619361
155.379094	507.380784	6.566336	-0.026862	1.621396
155.813386	509.709894	6.571341	-0.026940	1.623464
156.320198	511.973465	6.576346	-0.027031	1.625498
156.925611	514.244506	6.581350	-0.027140	1.627567
157.380092	516.537889	6.586355	-0.027222	1.629604
157.845218	518.814985	6.591360	-0.027305	1.631629
158.283506	521.161629	6.596365	-0.027384	1.633699
158.875737	523.411867	6.601370	-0.027490	1.635736
159.439924	525.683429	6.606374	-0.027591	1.637779
159.942392	527.919544	6.611379	-0.027682	1.639772
160.497008	530.172061	6.616384	-0.027781	1.641791
161.197162	532.337002	6.621389	-0.027907	1.643782
161.858902	534.457763	6.626394	-0.028026	1.645722
162.441341	536.615211	6.631398	-0.028130	1.647665
162.950939	538.753996	6.636403	-0.028222	1.649568
163.631302	540.816359	6.641408	-0.028344	1.651460
164.167155	542.919297	6.646413	-0.028440	1.653337
164.634755	545.031428	6.651418	-0.028524	1.655199
165.134325	547.160904	6.656422	-0.028613	1.657082
165.769962	549.218095	6.661427	-0.028727	1.658947
166.335048	551.236839	6.666432	-0.028829	1.660757
166.796236	553.336245	6.671437	-0.028912	1.662597
167.455303	555.322349	6.676442	-0.029030	1.664406
167.851268	557.406324	6.681446	-0.029101	1.666210
168.373517	559.506491	6.686451	-0.029195	1.668064
168.862508	561.500372	6.691456	-0.029282	1.669820
169.507402	563.499543	6.696461	-0.029398	1.671626
169.922956	565.584569	6.701466	-0.029473	1.673429
170.385301	567.609623	6.706470	-0.029556	1.675196
171.008141	569.640418	6.711475	-0.029667	1.677015
171.496883	571.659242	6.716480	-0.029755	1.678782
172.102443	573.583513	6.721485	-0.029864	1.680506
172.506161	575.673899	6.726490	-0.029936	1.682300
173.049647	577.660935	6.731494	-0.030034	1.684052
173.395139	579.751156	6.736499	-0.030096	1.685825
173.902051	581.811749	6.741504	-0.030187	1.687620
174.281926	583.900903	6.746509	-0.030255	1.689398
174.749198	586.014511	6.751514	-0.030339	1.691220
175.092833	588.186463	6.756518	-0.030401	1.693049
175.664192	590.280187	6.761523	-0.030503	1.694883
176.354805	592.305571	6.766528	-0.030627	1.696696
176.684270	594.447119	6.771533	-0.030687	1.698491
177.147116	596.552495	6.776538	-0.030770	1.700295
177.619643	598.695813	6.781542	-0.030855	1.702130
178.180793	600.787126	6.786547	-0.030955	1.703949
178.858189	602.783356	6.791552	-0.031077	1.705726
179.021410	605.008281	6.796557	-0.031106	1.707526
179.660834	607.089370	6.801562	-0.031221	1.709355
180.298249	609.138398	6.806566	-0.031335	1.711155
180.813890	611.232308	6.811571	-0.031428	1.712952
181.438259	613.202803	6.816576	-0.031540	1.714684
181.996803	615.237755	6.821581	-0.031640	1.716444
182.540335	617.258232	6.826586	-0.031738	1.718186
183.103899	619.191867	6.831590	-0.031839	1.719865
183.592714	621.222522	6.836595	-0.031926	1.721596
183.941795	623.288209	6.841600	-0.031989	1.723311
184.409039	625.344239	6.846605	-0.032073	1.725051
185.070230	627.334616	6.851610	-0.032192	1.726796
185.758861	629.250010	6.856614	-0.032315	1.728489
186.341456	631.146818	6.861619	-0.032420	1.730135
186.898004	633.054602	6.866624	-0.032520	1.731780
187.200560	635.093861	6.871629	-0.032574	1.733450
187.498983	637.156158	6.876634	-0.032628	1.735135
187.929498	639.234177	6.881638	-0.032705	1.736870
188.523838	641.236869	6.886643	-0.032812	1.738592
189.032933	643.236813	6.891648	-0.032903	1.740286
189.552112	645.244227	6.896653	-0.032996	1.741987
190.136691	647.227185	6.901658	-0.033101	1.743687
190.423189	649.284395	6.906662	-0.033153	1.745354
190.865938	651.373911	6.911667	-0.033232	1.747091
191.394257	653.391972	6.916672	-0.033327	1.748796
191.835972	655.478703	6.921677	-0.033406	1.750527
192.481876	657.494483	6.926682	-0.033522	1.752261
192.935698	659.522485	6.931686	-0.033604	1.753946
193.375978	661.594520	6.936691	-0.033683	1.755660
194.106899	663.567913	6.941696	-0.033814	1.757381
194.561309	665.515596	6.946701	-0.033895	1.759001
194.818313	667.659261	6.951706	-0.033942	1.760711
195.413055	669.710436	6.956710	-0.034048	1.762447
195.825384	671.768295	6.961715	-0.034122	1.764133
196.335166	673.839603	6.966720	-0.034214	1.765857
196.855571	675.925385	6.971725	-0.034307	1.767592
197.321344	677.959315	6.976730	-0.034391	1.769271
197.773134	680.065745	6.981734	-0.034472	1.770999
198.112054	682.235146	6.986739	-0.034533	1.772740
198.666375	684.324207	6.991744	-0.034632	1.774481
199.090974	686.478974	6.996749	-0.034709	1.776233
199.411663	688.712219	7.001754	-0.034766	1.778012
199.834918	690.917917	7.006758	-0.034842	1.779798
200.297107	693.163488	7.011763	-0.034925	1.781624
200.797274	695.356794	7.016768	-0.035015	1.783419
201.298270	697.534189	7.021773	-0.035105	1.785200
201.757387	699.787192	7.026778	-0.035188	1.787025
201.988336	702.089761	7.031782	-0.035229	1.788820
202.338374	704.463780	7.036787	-0.035292	1.790700
202.929695	706.766714	7.041792	-0.035398	1.792594
203.234569	709.137125	7.046797	-0.035453	1.794455
203.800466	711.476817	7.051802	-0.035555	1.796365
204.471901	713.693475	7.056806	-0.035675	1.798211
204.786702	716.059700	7.061811	-0.035732	1.800065
205.329619	718.393010	7.066816	-0.035829	1.801958
205.778138	720.711878	7.071821	-0.035910	1.803811
206.388925	723.019078	7.076826	-0.036020	1.805699
206.674743	725.443363	7.081830	-0.036071	1.807581
206.986714	727.861075	7.086835	-0.036127	1.809464
207.540997	730.277574	7.091840	-0.036227	1.811411
207.903839	732.743318	7.096845	-0.036292	1.813339
208.293803	735.241109	7.101850	-0.036362	1.815296
208.689237	737.772280	7.106854	-0.036433	1.817278
209.157444	740.263313	7.111859	-0.036517	1.819248
209.550726	742.829614	7.116864	-0.036588	1.821250
210.183959	745.283423	7.121869	-0.036702	1.823234
210.548962	747.857332	7.126874	-0.036767	1.825229
211.032668	750.409255	7.131878	-0.036854	1.827240
211.421899	752.978815	7.136883	-0.036924	1.829234
212.103479	755.464399	7.141888	-0.037047	1.831246
212.488075	758.053083	7.146893	-0.037116	1.833249
212.951045	760.644725	7.151898	-0.037199	1.835273
213.528493	763.175204	7.156902	-0.037303	1.837282
213.992605	765.692429	7.161907	-0.037386	1.839248
214.553255	768.225270	7.166912	-0.037487	1.841250
214.944162	770.816086	7.171917	-0.037557	1.843245
215.346466	773.446401	7.176922	-0.037629	1.845270
215.758526	776.103437	7.181926	-0.037703	1.847314
216.246271	778.688493	7.186931	-0.037791	1.849325
216.723657	781.349854	7.191936	-0.037877	1.851386
217.333287	783.926116	7.196941	-0.037986	1.853419
217.703164	786.605860	7.201946	-0.038053	1.855459
218.219022	789.247256	7.206950	-0.038145	1.857510
218.717266	791.850468	7.211955	-0.038235	1.859525
219.109566	794.574325	7.216960	-0.038305	1.861596
219.706112	797.144693	7.221965	-0.038413	1.863610
220.093076	799.857025	7.226970	-0.038482	1.865667
220.699983	802.487326	7.231974	-0.038591	1.867723
221.446109	804.980927	7.236979	-0.038725	1.869715
221.936619	807.589045	7.241984	-0.038813	1.871718
222.288952	810.208956	7.246989	-0.038876	1.873691
222.875919	812.831212	7.251994	-0.038982	1.875726
223.287966	815.448254	7.256998	-0.039056	1.877708
223.791211	818.034492	7.262003	-0.039146	1.879690
224.374650	820.652955	7.267008	-0.039251	1.881715
224.848656	823.195316	7.272013	-0.039336	1.883654
225.407403	825.818210	7.277018	-0.039437	1.885671
225.893567	828.403363	7.282022	-0.039524	1.887640
226.225875	831.059269	7.287027	-0.039584	1.889616
226.683842	833.747378	7.292032	-0.039666	1.891646
227.451129	836.237226	7.297037	-0.039804	1.893615
227.728204	838.980357	7.302042	-0.039854	1.895631
228.361652	841.535207	7.307046	-0.039967	1.897607
228.873011	844.099232	7.312051	-0.040059	1.899555
229.330679	846.765896	7.317056	-0.040141	1.901559
229.759809	849.361934	7.322061	-0.040219	1.903503
230.334397	851.984866	7.327066	-0.040322	1.905503
230.830948	854.610998	7.332070	-0.040411	1.907482
231.459866	857.133049	7.337075	-0.040524	1.909420
231.819773	859.818681	7.342080	-0.040589	1.911401
232.199430	862.453377	7.347085	-0.040657	1.913350
232.508509	865.222751	7.352090	-0.040713	1.915372
232.994833	867.930053	7.357094	-0.040800	1.917395
233.332980	870.697884	7.362099	-0.040861	1.919419
233.920567	873.447338	7.367104	-0.040966	1.921493
234.462929	876.105537	7.372109	-0.041064	1.923490
234.798918	878.955689	7.377114	-0.041124	1.925565
235.422647	881.645088	7.382118	-0.041236	1.927600
235.993676	884.327713	7.387123	-0.041339	1.929615
236.341245	887.150610	7.392128	-0.041401	1.931666
236.700309	889.951480	7.397133	-0.041466	1.933704
237.045366	892.856450	7.402138	-0.041528	1.935808
237.647270	895.563840	7.407142	-0.041636	1.937839
238.103315	898.408046	7.412147	-0.041718	1.939924
238.550255	901.249017	7.417152	-0.041799	1.942003
239.018835	904.104434	7.422157	-0.041883	1.944096
239.487776	906.987282	7.427162	-0.041967	1.946205
240.041611	909.772040	7.432166	-0.042067	1.948265
240.739247	912.553649	7.437171	-0.042192	1.950359
241.390717	915.266321	7.442176	-0.042309	1.952390
241.728124	918.076674	7.447181	-0.042369	1.954407
242.115351	920.958973	7.452186	-0.042439	1.956483
242.553598	923.754204	7.457190	-0.042518	1.958511
243.021862	926.632191	7.462195	-0.042602	1.960600
243.588520	929.443983	7.467200	-0.042704	1.962667
244.016151	932.330459	7.472205	-0.042781	1.964748
244.370869	935.262240	7.477210	-0.042845	1.966838
245.020179	938.061601	7.482214	-0.042961	1.968911
245.556637	940.935607	7.487219	-0.043058	1.971004
245.746153	943.903420	7.492224	-0.043092	1.973071
246.367471	946.804449	7.497229	-0.043203	1.975199
246.672201	949.789371	7.502234	-0.043258	1.977302
247.261389	952.706461	7.507238	-0.043364	1.979428
247.779785	955.636716	7.512243	-0.043457	1.981543
248.222011	958.590146	7.517248	-0.043537	1.983652
248.623702	961.609167	7.522253	-0.043609	1.985793
249.040058	964.594063	7.527258	-0.043684	1.987912
249.568954	967.599187	7.532262	-0.043779	1.990071
250.123189	970.551394	7.537267	-0.043879	1.992199
250.511394	973.594217	7.542272	-0.043949	1.994343
251.027005	976.607663	7.547277	-0.044041	1.996497
251.600873	979.558606	7.552282	-0.044144	1.998621
252.017161	982.601958	7.557286	-0.044219	2.000766
252.609724	985.527022	7.562291	-0.044326	2.002873
252.992535	988.602336	7.567296	-0.044395	2.005026
253.311871	991.715208	7.572301	-0.044452	2.007186
253.930765	994.728788	7.577306	-0.044563	2.009351
254.322661	997.835922	7.582310	-0.044634	2.011521
254.917367	1000.854159	7.587315	-0.044741	2.013679
255.357254	1003.954654	7.592320	-0.044820	2.015851
255.864352	1006.978415	7.597325	-0.044911	2.017986
256.474528	1010.019942	7.602330	-0.045020	2.020156
256.959907	1013.026281	7.607334	-0.045108	2.022270
257.655715	1016.005301	7.612339	-0.045233	2.024415
258.089653	1018.996978	7.617344	-0.045311	2.026502
258.765563	1021.889016	7.622349	-0.045432	2.028580
259.195849	1024.917760	7.627354	-0.045509	2.030686
259.579922	1027.903779	7.632358	-0.045579	2.032751
260.038219	1030.958465	7.637363	-0.045661	2.034876
260.545928	1033.925769	7.642368	-0.045752	2.036954
260.898961	1037.005745	7.647373	-0.045816	2.039066
261.169049	1040.206009	7.652378	-0.045865	2.041235
261.699599	1043.301506	7.657382	-0.045960	2.043396
262.408282	1046.350761	7.662387	-0.046087	2.045567
262.674192	1049.481977	7.667392	-0.046135	2.047683
263.452893	1052.493439	7.672397	-0.046275	2.049842
263.851639	1055.590161	7.677402	-0.046347	2.051962
264.361007	1058.681305	7.682406	-0.046438	2.054104
264.849470	1061.759720	7.687411	-0.046526	2.056230
265.448365	1064.754133	7.692416	-0.046634	2.058325
265.881235	1067.869500	7.697421	-0.046711	2.060457
266.474700	1070.868619	7.702426	-0.046818	2.062550
266.794363	1074.021033	7.707430	-0.046876	2.064674
267.560562	1076.974822	7.712435	-0.047013	2.066774
268.124596	1079.951318	7.717440	-0.047114	2.068839
268.573269	1083.005154	7.722445	-0.047195	2.070924
269.110709	1085.995588	7.727450	-0.047292	2.072986
269.518968	1089.056645	7.732454	-0.047365	2.075062
269.890678	1092.098150	7.737459	-0.047432	2.077114
270.447943	1095.162478	7.742464	-0.047532	2.079223
270.991332	1098.185875	7.747469	-0.047630	2.081300
271.460737	1101.263563	7.752474	-0.047714	2.083393
271.788361	1104.418094	7.757478	-0.047773	2.085499
272.370548	1107.442056	7.762483	-0.047878	2.087579
272.767046	1110.595017	7.767488	-0.047949	2.089696
273.371170	1113.636853	7.772493	-0.048058	2.091789
273.765625	1116.826135	7.777498	-0.048129	2.093924
274.132880	1120.038152	7.782502	-0.048195	2.096065
274.570772	1123.224049	7.787507	-0.048274	2.098204
274.872895	1126.505103	7.792512	-0.048328	2.100370
275.359838	1129.730203	7.797517	-0.048416	2.102541
275.880453	1132.997045	7.802522	-0.048509	2.104744
276.236151	1136.242210	7.807526	-0.048573	2.106893
276.817348	1139.513067	7.812531	-0.048678	2.109108
277.198825	1142.818620	7.817536	-0.048747	2.111297
277.621944	1146.153411	7.822541	-0.048823	2.113511
278.308738	1149.389140	7.827546	-0.048946	2.115721
278.758185	1152.621365	7.832550	-0.049027	2.117872
279.367251	1155.887545	7.837555	-0.049136	2.120079
279.501223	1159.288445	7.842560	-0.049161	2.122259
280.085066	1162.634604	7.847565	-0.049266	2.124506
280.688467	1165.890525	7.852570	-0.049374	2.126698
281.109192	1169.257410	7.857574	-0.049450	2.128915
281.879256	1172.453057	7.862579	-0.049588	2.131103
282.405478	1175.694889	7.867584	-0.049683	2.133262
283.059665	1178.848965	7.872589	-0.049800	2.135392
283.702611	1181.935951	7.877594	-0.049916	2.137476
284.186173	1185.121433	7.882598	-0.050002	2.139583
284.749794	1188.220426	7.887603	-0.050104	2.141652
285.238515	1191.359812	7.892608	-0.050192	2.143727
285.881104	1194.411540	7.897613	-0.050307	2.145780
286.633391	1197.374413	7.902618	-0.050442	2.147801
286.969989	1200.483970	7.907622	-0.050503	2.149817
287.469058	1203.524268	7.912627	-0.050592	2.151824
288.083778	1206.580651	7.917632	-0.050703	2.153866
288.615540	1209.541417	7.922637	-0.050798	2.155828
289.223860	1212.509389	7.927642	-0.050908	2.157810
289.846410	1215.441229	7.932646	-0.051019	2.159770
290.478382	1218.274881	7.937651	-0.051133	2.161671
290.786573	1221.300452	7.942656	-0.051188	2.163615
291.310084	1224.247130	7.947661	-0.051282	2.165557
291.870905	1227.178564	7.952666	-0.051383	2.167496
292.369898	1230.132638	7.957670	-0.051473	2.169433
292.975499	1233.011545	7.962675	-0.051582	2.171347
293.560080	1235.887260	7.967680	-0.051687	2.173252
294.092150	1238.759295	7.972685	-0.051782	2.175141
294.697687	1241.535036	7.977690	-0.051891	2.176985
295.103306	1244.433899	7.982694	-0.051964	2.178859
295.706748	1247.241864	7.987699	-0.052072	2.180720
296.147076	1250.063778	7.992704	-0.052151	2.182551
296.550179	1253.013545	7.997709	-0.052224	2.184451
297.101710	1255.816555	8.002714	-0.052323	2.186292
297.470804	1258.739506	8.007718	-0.052389	2.188165
298.052716	1261.611506	8.012723	-0.052494	2.190052
298.517570	1264.490224	8.017728	-0.052578	2.191915
299.057289	1267.381219	8.022733	-0.052674	2.193801
299.582574	1270.208039	8.027738	-0.052769	2.195643
299.921124	1273.139094	8.032742	-0.052830	2.197505
300.570524	1276.002466	8.037747	-0.052946	2.199393
300.966915	1278.880926	8.042752	-0.053018	2.201233
301.552367	1281.759594	8.047757	-0.053123	2.203114
302.103332	1284.630893	8.052762	-0.053222	2.204980
302.602596	1287.432074	8.057766	-0.053312	2.206791
302.968792	1290.404255	8.062771	-0.053378	2.208675
303.453715	1293.283015	8.067776	-0.053465	2.210526
304.020744	1296.148821	8.072781	-0.053567	2.212387
304.487236	1299.103292	8.077786	-0.053650	2.214277
305.039950	1301.891585	8.082790	-0.053750	2.216084
305.585825	1304.790866	8.087795	-0.053848	2.217955
306.012992	1307.677892	8.092800	-0.053925	2.219791
306.509037	1310.520026	8.097805	-0.054014	2.221613
307.047485	1313.434366	8.102810	-0.054110	2.223487
307.605854	1316.246153	8.107814	-0.054211	2.225302
307.976487	1319.151279	8.112819	-0.054277	2.227130
308.566950	1322.037085	8.117824	-0.054383	2.228993
309.225715	1324.767205	8.122829	-0.054502	2.230776
309.745295	1327.602713	8.127834	-0.054595	2.232590
310.221940	1330.426855	8.132838	-0.054681	2.234387
310.815494	1333.104595	8.137843	-0.054787	2.236120
311.287176	1335.928634	8.142848	-0.054872	2.237913
311.875158	1338.697966	8.147853	-0.054978	2.239696
312.453499	1341.413149	8.152858	-0.055082	2.241444
312.961841	1344.137420	8.157862	-0.055173	2.243181
313.526379	1346.862038	8.162867	-0.055274	2.244928
313.940892	1349.558865	8.167872	-0.055349	2.246625
314.399254	1352.325421	8.172877	-0.055431	2.248372
314.887165	1355.103068	8.177882	-0.055519	2.250131
315.331437	1357.860255	8.182886	-0.055599	2.251866
315.924669	1360.648242	8.187891	-0.055705	2.253651
316.357502	1363.387967	8.192896	-0.055783	2.255371
316.820829	1366.151331	8.197901	-0.055866	2.257110
317.505913	1368.868917	8.202906	-0.055989	2.258868
317.878107	1371.569419	8.207910	-0.056056	2.260547
318.478375	1374.315678	8.212915	-0.056164	2.262301
318.801091	1377.119216	8.217920	-0.056222	2.264029
319.312371	1379.815610	8.222925	-0.056314	2.265732
319.957092	1382.547598	8.227930	-0.056430	2.267483
320.351251	1385.342057	8.232934	-0.056501	2.269216
321.010882	1387.964578	8.237939	-0.056619	2.270903
321.365094	1390.761818	8.242944	-0.056683	2.272626
321.810438	1393.547089	8.247949	-0.056763	2.274361
322.215900	1396.280288	8.252954	-0.056836	2.276055
322.580489	1399.172757	8.257958	-0.056901	2.277833
323.166652	1401.969592	8.262963	-0.057007	2.279600
323.668822	1404.748514	8.267968	-0.057097	2.281337
323.937532	1407.696778	8.272973	-0.057145	2.283123
324.066106	1410.747937	8.277978	-0.057169	2.284939
324.516885	1413.753231	8.282982	-0.057250	2.286794
325.157882	1416.741651	8.287987	-0.057365	2.288677
325.545383	1419.738158	8.292992	-0.057435	2.290511
326.074354	1422.752717	8.297997	-0.057530	2.292383
326.574772	1425.775418	8.303002	-0.057620	2.294252
326.931061	1428.799271	8.308006	-0.057684	2.296090
327.520087	1431.830061	8.313011	-0.057790	2.297980
328.069123	1434.809842	8.318016	-0.057888	2.299830
328.458318	1437.839415	8.323021	-0.057958	2.301673
328.742864	1441.030288	8.328026	-0.058010	2.303588
329.173964	1444.103631	8.333030	-0.058087	2.305463
329.681920	1447.264057	8.338035	-0.058179	2.307402
330.208192	1450.393343	8.343040	-0.058273	2.309326
330.746882	1453.468469	8.348045	-0.058370	2.311220
331.045976	1456.715300	8.353050	-0.058424	2.313161
331.626984	1459.787330	8.358054	-0.058528	2.315059
331.967695	1463.019274	8.363059	-0.058590	2.316997
332.490608	1466.236448	8.368064	-0.058684	2.318963
332.883335	1469.440669	8.373069	-0.058754	2.320893
333.487010	1472.655960	8.378074	-0.058863	2.322870
334.088102	1475.782737	8.383078	-0.058971	2.324795
334.442853	1479.018685	8.388083	-0.059035	2.326730
334.913322	1482.251416	8.393088	-0.059119	2.328686
335.287823	1485.512426	8.398093	-0.059187	2.330636
335.830567	1488.793474	8.403098	-0.059284	2.332631
336.050351	1492.147799	8.408102	-0.059324	2.334600
336.539195	1495.500506	8.413107	-0.059412	2.336621
337.035823	1498.834476	8.418112	-0.059501	2.338631
337.471929	1502.195897	8.423117	-0.059580	2.340643
338.005145	1505.572751	8.428122	-0.059676	2.342681
338.351702	1508.983873	8.433126	-0.059738	2.344700
338.957518	1512.334879	8.438131	-0.059847	2.346735
339.460863	1515.733865	8.443136	-0.059938	2.348775
339.754072	1519.167393	8.448141	-0.059990	2.350790
340.275743	1522.639745	8.453146	-0.060084	2.352871
340.694642	1526.042454	8.458150	-0.060160	2.354890
341.258460	1529.483798	8.463155	-0.060261	2.356959
341.821771	1532.908260	8.468160	-0.060362	2.359017
342.285894	1536.326146	8.473165	-0.060446	2.361048
342.858267	1539.777021	8.478170	-0.060549	2.363119
343.283902	1543.138859	8.483174	-0.060625	2.365107
343.713534	1546.634587	8.488179	-0.060703	2.367170
344.223294	1550.100364	8.493184	-0.060794	2.369231
344.683238	1553.566381	8.498189	-0.060877	2.371280
345.325796	1557.012760	8.503194	-0.060992	2.373353
345.735278	1560.392639	8.508198	-0.061066	2.375339
346.400395	1563.785631	8.513203	-0.061186	2.377383
346.878544	1567.186680	8.518208	-0.061272	2.379392
347.434573	1570.537599	8.523213	-0.061372	2.381386
348.073012	1573.869270	8.528218	-0.061486	2.383385
348.401687	1577.235834	8.533222	-0.061546	2.385339
349.099180	1580.534537	8.538227	-0.061671	2.387327
349.517112	1583.916030	8.543232	-0.061746	2.389305
349.957725	1587.265966	8.548237	-0.061825	2.391267
350.704486	1590.566098	8.553242	-0.061959	2.393261
351.196996	1593.746542	8.558247	-0.062048	2.395136
351.926061	1596.968607	8.563251	-0.062179	2.397079
352.534694	1600.112584	8.568256	-0.062288	2.398953
353.038910	1603.240826	8.573261	-0.062379	2.400797
353.617336	1606.418013	8.578266	-0.062483	2.402681
354.137337	1609.470775	8.583271	-0.062576	2.404482
354.843484	1612.520212	8.588275	-0.062703	2.406317
355.210592	1615.670133	8.593280	-0.062769	2.408140
355.697699	1618.738212	8.598285	-0.062857	2.409939
356.365391	1621.801731	8.603290	-0.062976	2.411770
356.987845	1624.793457	8.608295	-0.063088	2.413551
357.498006	1627.803138	8.613299	-0.063180	2.415318
358.115553	1630.715760	8.618304	-0.063291	2.417051
358.476056	1633.757752	8.623309	-0.063356	2.418805
359.043537	1636.717909	8.628314	-0.063458	2.420552
359.526506	1639.699849	8.633319	-0.063544	2.422293
360.060923	1642.646998	8.638323	-0.063641	2.424024
360.464758	1645.641190	8.643328	-0.063713	2.425755
360.896212	1648.676093	8.648333	-0.063791	2.427511
361.481895	1651.691233	8.653338	-0.063896	2.429286
361.769766	1654.766011	8.658343	-0.063948	2.431034
362.762416	1657.629565	8.663347	-0.064126	2.432802
363.191762	1660.444055	8.668352	-0.064203	2.434432
363.868836	1663.308543	8.673357	-0.064325	2.436136
364.468122	1666.133601	8.678362	-0.064432	2.437802
364.843737	1668.932641	8.683367	-0.064500	2.439410
365.558665	1671.707206	8.688371	-0.064628	2.441069
366.014275	1674.549973	8.693376	-0.064710	2.442714
366.486734	1677.276188	8.698381	-0.064795	2.444297
367.019032	1680.095184	8.703386	-0.064891	2.445941
367.548504	1682.900706	8.708391	-0.064986	2.447576
368.111084	1685.616593	8.713395	-0.065087	2.449168
368.474217	1688.447318	8.718400	-0.065152	2.450783
368.849388	1691.334498	8.723405	-0.065220	2.452430
369.505431	1694.057576	8.728410	-0.065337	2.454040
370.015741	1696.814481	8.733415	-0.065429	2.455639
370.324545	1699.706238	8.738419	-0.065485	2.457273
370.899971	1702.495051	8.743424	-0.065588	2.458900
371.298943	1705.346840	8.748429	-0.065660	2.460526
371.645277	1708.337605	8.753434	-0.065722	2.462217
372.190482	1711.141277	8.758439	-0.065820	2.463843
372.496622	1714.136670	8.763443	-0.065875	2.465527
372.756960	1717.243652	8.768448	-0.065922	2.467261
373.206402	1720.289664	8.773453	-0.066003	2.468996
373.615468	1723.445067	8.778458	-0.066077	2.470782
374.200211	1726.518144	8.783463	-0.066182	2.472556
374.488465	1729.591442	8.788467	-0.066234	2.474272
374.902222	1732.783676	8.793472	-0.066308	2.476075
375.185341	1736.065330	8.798477	-0.066359	2.477900
375.690415	1739.290771	8.803482	-0.066450	2.479735
376.206111	1742.534506	8.808487	-0.066543	2.481581
376.909865	1745.653176	8.813491	-0.066669	2.483393
377.176706	1748.934834	8.818496	-0.066717	2.485209
377.604819	1752.223179	8.823501	-0.066794	2.487058
378.157123	1755.481396	8.828506	-0.066894	2.488913
378.546596	1758.776633	8.833511	-0.066964	2.490756
378.833363	1762.221337	8.838515	-0.067016	2.492658
379.483108	1765.449963	8.843520	-0.067132	2.494511
380.014354	1768.758603	8.848525	-0.067228	2.496383
380.550278	1772.045274	8.853530	-0.067324	2.498243
380.557130	1775.573146	8.858535	-0.067326	2.500131
381.111711	1779.044763	8.863539	-0.067426	2.502090
381.618067	1782.425685	8.868544	-0.067517	2.503990
382.098170	1785.880322	8.873549	-0.067603	2.505924
382.587771	1789.359123	8.878554	-0.067691	2.507870
383.074044	1792.800684	8.883559	-0.067779	2.509794
383.707539	1796.224185	8.888563	-0.067892	2.511735
384.335864	1799.514748	8.893568	-0.068005	2.513602
384.817875	1802.851474	8.898573	-0.068092	2.515465
385.312405	1806.300289	8.903578	-0.068181	2.517389
385.924551	1809.527915	8.908583	-0.068291	2.519215
386.547052	1812.842273	8.913587	-0.068403	2.521088
387.306928	1815.986520	8.918592	-0.068539	2.522895
387.891910	1819.069594	8.923597	-0.068644	2.524636
388.422426	1822.252212	8.928602	-0.068739	2.526418
388.995527	1825.323831	8.933607	-0.068842	2.528148
389.635931	1828.380538	8.938611	-0.068957	2.529882
390.197438	1831.422433	8.943616	-0.069058	2.531591
390.890506	1834.342672	8.948621	-0.069183	2.533260
391.534882	1837.178427	8.953626	-0.069298	2.534874
392.269150	1839.980198	8.958631	-0.069430	2.536485
392.967382	1842.691023	8.963635	-0.069555	2.538041
393.584994	1845.354095	8.968640	-0.069666	2.539556
394.133666	1848.035834	8.973645	-0.069765	2.541067
394.743548	1850.680250	8.978650	-0.069874	2.542569
395.335145	1853.193124	8.983655	-0.069981	2.543998
395.921161	1855.772289	8.988659	-0.070086	2.545459
396.538448	1858.277402	8.993664	-0.070197	2.546886
397.231987	1860.679925	8.998669	-0.070321	2.548273
397.697168	1863.170776	9.003674	-0.070405	2.549664
398.193955	1865.616095	9.008679	-0.070494	2.551035
398.508999	1868.200862	9.013683	-0.070550	2.552446
399.079238	1870.569646	9.018688	-0.070653	2.553789
399.603308	1873.068128	9.023693	-0.070747	2.555191
400.019328	1875.598792	9.028698	-0.070822	2.556590
400.506414	1878.113482	9.033703	-0.070909	2.557992
401.074511	1880.544485	9.038707	-0.071011	2.559365
401.432548	1883.136616	9.043712	-0.071076	2.560782
401.797321	1885.765083	9.048717	-0.071141	2.562219
402.290149	1888.257285	9.053722	-0.071230	2.563608
402.595336	1890.977891	9.058727	-0.071285	2.565080
403.158604	1893.608598	9.063731	-0.071386	2.566552
403.466973	1896.341353	9.068736	-0.071441	2.568030
403.770250	1899.143602	9.073741	-0.071496	2.569542
404.280480	1901.937191	9.078746	-0.071588	2.571086
404.830428	1904.743232	9.083751	-0.071687	2.572643
405.081639	1907.644996	9.088755	-0.071732	2.574194
405.598154	1910.496473	9.093760	-0.071825	2.575766
406.138285	1913.304061	9.098765	-0.071922	2.577319
406.381899	1916.191743	9.103770	-0.071966	2.578859
406.911791	1919.096461	9.108775	-0.072061	2.580458
407.259330	1922.119358	9.113779	-0.072124	2.582085
407.786966	1924.975433	9.118784	-0.072218	2.583657
408.342897	1927.881354	9.123789	-0.072318	2.585258
408.831653	1930.853313	9.128794	-0.072406	2.586881
409.077489	1933.838374	9.133799	-0.072450	2.588466
409.496935	1936.928508	9.138803	-0.072526	2.590135
409.827913	1940.082248	9.143808	-0.072586	2.591820
410.133723	1943.198369	9.148813	-0.072641	2.593480
410.518861	1946.455102	9.153818	-0.072710	2.595225
410.913718	1949.770614	9.158823	-0.072781	2.597001
411.261697	1953.021521	9.163827	-0.072844	2.598734
411.671794	1956.418324	9.168832	-0.072918	2.600552
412.065496	1959.825459	9.173837	-0.072989	2.602372
412.527769	1963.199019	9.178842	-0.073072	2.604184
412.845581	1966.698321	9.183847	-0.073129	2.606035
413.439287	1970.132587	9.188851	-0.073236	2.607899
413.927413	1973.576358	9.193856	-0.073324	2.609749
414.412510	1977.062585	9.198861	-0.073411	2.611618
414.941782	1980.425733	9.203866	-0.073506	2.613430
415.366246	1983.903629	9.208871	-0.073582	2.615282
415.869546	1987.366517	9.213875	-0.073673	2.617138
416.388334	1990.787871	9.218880	-0.073766	2.618975
416.842578	1994.257330	9.223885	-0.073848	2.620823
417.225124	1997.788421	9.228890	-0.073917	2.622689
417.700059	2001.263121	9.233895	-0.074002	2.624541
418.097888	2004.852629	9.238899	-0.074074	2.626437
418.677968	2008.354008	9.243904	-0.074178	2.628318
419.104186	2011.936215	9.248909	-0.074255	2.630212
419.670865	2015.457869	9.253914	-0.074357	2.632098
420.105287	2018.966131	9.258919	-0.074435	2.633953
420.542754	2022.564120	9.263923	-0.074514	2.635853
421.161808	2026.089012	9.268928	-0.074625	2.637746
421.768462	2029.527466	9.273933	-0.074734	2.639591
422.342364	2033.014398	9.278938	-0.074837	2.641454
422.816872	2036.397836	9.283943	-0.074923	2.643246
423.204075	2039.936447	9.288947	-0.074992	2.645101
423.802242	2043.425515	9.293952	-0.075100	2.646965
424.356983	2046.824110	9.298957	-0.075200	2.648775
424.860138	2050.298082	9.303962	-0.075290	2.650612
425.322275	2053.749033	9.308967	-0.075373	2.652430
425.701105	2057.252783	9.313971	-0.075441	2.654259
426.199666	2060.785819	9.318976	-0.075531	2.656121
426.664418	2064.239272	9.323981	-0.075615	2.657937
427.239668	2067.747033	9.328986	-0.075718	2.659797
427.682607	2071.279092	9.333991	-0.075798	2.661646
428.306219	2074.642413	9.338995	-0.075910	2.663439
428.886524	2078.096596	9.344000	-0.076014	2.665270
429.293362	2081.551553	9.349005	-0.076087	2.667069
429.879961	2084.973188	9.354010	-0.076193	2.668882
430.372512	2088.405154	9.359015	-0.076281	2.670682
431.008695	2091.726853	9.364019	-0.076396	2.672451
431.423485	2095.118451	9.369024	-0.076470	2.674216
432.010138	2098.501990	9.374029	-0.076576	2.676004
432.473116	2101.841305	9.379034	-0.076659	2.677749
432.880500	2105.296561	9.384039	-0.076732	2.679540
433.541989	2108.651971	9.389043	-0.076851	2.681324
434.047217	2111.893112	9.394048	-0.076942	2.683023
434.316651	2115.403339	9.399053	-0.076991	2.684814
434.969019	2118.780519	9.404058	-0.077108	2.686603
435.397595	2122.149053	9.409063	-0.077185	2.688349
436.045014	2125.505818	9.414067	-0.077301	2.690125
436.348130	2128.965913	9.419072	-0.077356	2.691893
436.792651	2132.341215	9.424077	-0.077436	2.693641
437.305603	2135.804028	9.429082	-0.077528	2.695443
437.917514	2139.173252	9.434087	-0.077638	2.697214
438.428831	2142.555791	9.439091	-0.077730	2.698974
438.797316	2145.998148	9.444096	-0.077797	2.700738
439.250328	2149.396471	9.449101	-0.077878	2.702493
439.931894	2152.777706	9.454106	-0.078001	2.704277
440.389199	2156.159787	9.459111	-0.078083	2.706022
440.918265	2159.544560	9.464115	-0.078178	2.707780
441.265444	2163.001741	9.469120	-0.078241	2.709542
441.840915	2166.389522	9.474125	-0.078344	2.711306
442.428203	2169.721786	9.479130	-0.078449	2.713044
442.798068	2173.177814	9.484135	-0.078516	2.714806
443.326970	2176.563225	9.489139	-0.078611	2.716558
443.759672	2179.997006	9.494144	-0.078689	2.718316
444.255191	2183.434792	9.499149	-0.078778	2.720086
444.896678	2186.814083	9.504154	-0.078893	2.721851
445.343185	2190.196902	9.509159	-0.078974	2.723583
445.838436	2193.588488	9.514163	-0.079063	2.725327
446.402349	2196.971309	9.519168	-0.079164	2.727076
446.737151	2200.427072	9.524173	-0.079225	2.728822
447.366391	2203.812988	9.529178	-0.079338	2.730582
447.948679	2207.199968	9.534183	-0.079442	2.732333
448.400134	2210.563252	9.539187	-0.079524	2.734050
448.665524	2214.086476	9.544192	-0.079571	2.735813
449.217511	2217.446008	9.549197	-0.079671	2.737542
449.809353	2220.855929	9.554202	-0.079777	2.739301
450.242222	2224.323924	9.559207	-0.079855	2.741061
450.819399	2227.610168	9.564211	-0.079959	2.742756
451.187199	2231.095234	9.569216	-0.080025	2.744511
451.753275	2234.505446	9.574221	-0.080127	2.746262
452.352536	2237.832916	9.579226	-0.080234	2.747976
452.739034	2241.327142	9.584231	-0.080304	2.749736
453.262599	2244.702193	9.589235	-0.080398	2.751459
453.645535	2248.104452	9.594240	-0.080467	2.753171
454.345849	2251.463186	9.599245	-0.080593	2.754913
454.914277	2254.823633	9.604250	-0.080695	2.756633
455.324056	2258.167583	9.609255	-0.080769	2.758318
455.844063	2261.523089	9.614259	-0.080862	2.760025
456.223600	2264.952102	9.619264	-0.080931	2.761744
456.663388	2268.350820	9.624269	-0.081010	2.763457
457.166848	2271.857200	9.629274	-0.081100	2.765231
457.664111	2275.257401	9.634279	-0.081190	2.766952
458.220595	2278.658124	9.639283	-0.081290	2.768682
458.809451	2282.049653	9.644288	-0.081396	2.770411
459.338395	2285.335236	9.649293	-0.081491	2.772079
459.814012	2288.692853	9.654298	-0.081576	2.773771
460.398745	2292.053044	9.659303	-0.081681	2.775481
460.981221	2295.286961	9.664307	-0.081786	2.777129
461.373994	2298.659580	9.669312	-0.081857	2.778812
461.915252	2301.960444	9.674317	-0.081954	2.780484
462.379113	2305.207449	9.679322	-0.082037	2.782116
462.703375	2308.685809	9.684327	-0.082096	2.783836
463.447499	2311.974687	9.689331	-0.082230	2.785531
464.163801	2315.123201	9.694336	-0.082358	2.787153
464.576011	2318.383646	9.699341	-0.082432	2.788780
465.005893	2321.715975	9.704346	-0.082510	2.790442
465.499538	2324.870934	9.709351	-0.082598	2.792029
466.174640	2328.061198	9.714355	-0.082720	2.793661
466.946378	2331.164273	9.719360	-0.082858	2.795266
467.678561	2334.062711	9.724365	-0.082990	2.796766
468.271961	2337.037598	9.729370	-0.083096	2.798279
468.937975	2339.889717	9.734375	-0.083216	2.799744
469.459862	2342.740658	9.739379	-0.083309	2.801185
470.193474	2345.466611	9.744384	-0.083441	2.802600
470.903488	2348.094430	9.749389	-0.083568	2.803963
471.524684	2350.780383	9.754394	-0.083680	2.805339
472.198090	2353.276937	9.759399	-0.083801	2.806633
472.758384	2355.791632	9.764403	-0.083901	2.807917
473.390637	2358.261879	9.769408	-0.084015	2.809190
473.990520	2360.701484	9.774413	-0.084123	2.810444
474.676678	2362.976606	9.779418	-0.084246	2.811632
475.347118	2365.191620	9.784423	-0.084366	2.812789
475.914003	2367.484477	9.789427	-0.084468	2.813965
476.397402	2369.694952	9.794432	-0.084554	2.815089
476.870214	2371.919198	9.799437	-0.084639	2.816217
477.381170	2374.181847	9.804442	-0.084731	2.817369
477.793197	2376.457466	9.809447	-0.084805	2.818512
478.422162	2378.638598	9.814451	-0.084918	2.819643
478.991361	2380.897506	9.819456	-0.085020	2.820801
479.384950	2383.025808	9.824461	-0.085091	2.821869
479.705998	2385.329903	9.829466	-0.085149	2.823008
479.894723	2387.831888	9.834471	-0.085183	2.824219
480.443144	2390.248125	9.839475	-0.085281	2.825446
480.873245	2392.645447	9.844480	-0.085359	2.826645
481.308406	2395.135573	9.849485	-0.085437	2.827888
481.874430	2397.567404	9.854490	-0.085538	2.829123
482.319703	2400.024785	9.859495	-0.085618	2.830351
482.901468	2402.328490	9.864499	-0.085723	2.831527
483.298702	2404.780333	9.869504	-0.085794	2.832744
483.503170	2407.384459	9.874509	-0.085831	2.834002
484.111499	2409.909775	9.879514	-0.085940	2.835285
484.540172	2412.165450	9.884519	-0.086017	2.836412

484.935625	2414.435181	9.889523	-0.086088	2.837541
485.366193	2416.476876	9.894528	-0.086166	2.838568
485.944948	2418.250019	9.899533	-0.086270	2.839491
486.428585	2419.810072	9.904538	-0.086356	2.840299
486.723120	2421.271893	9.909543	-0.086409	2.841031
487.030721	2422.532157	9.914547	-0.086464	2.841670
487.370357	2423.755471	9.919552	-0.086525	2.842297
487.539814	2424.881244	9.924557	-0.086556	2.842852
487.853800	2425.978511	9.929562	-0.086612	2.843415
488.247161	2426.718655	9.934567	-0.086683	2.843823
488.554172	2427.419712	9.939571	-0.086738	2.844200
488.630826	2428.140845	9.944576	-0.086752	2.844550
489.018806	2428.701287	9.949581	-0.086821	2.844873
489.288018	2429.102081	9.954586	-0.086869	2.845103
489.478455	2429.235259	9.959591	-0.086904	2.845195
489.942374	2429.750654	9.964595	-0.086987	2.845509
490.156066	2429.693547	9.969600	-0.087025	2.845515
490.364054	2429.606349	9.974605	-0.087062	2.845507
490.680449	2429.521103	9.979610	-0.087119	2.845516
490.901561	2428.991069	9.984615	-0.087158	2.845302
491.128941	2428.700188	9.989619	-0.087199	2.845202
491.254531	2428.222604	9.994624	-0.087221	2.844997
491.434695	2427.840835	9.999629	-0.087254	2.844847
491.632384	2427.197432	10.004634	-0.087289	2.844576
491.941155	2426.474517	10.009639	-0.087344	2.844285
491.940484	2425.793257	10.014643	-0.087344	2.843966
492.174186	2424.961557	10.019648	-0.087386	2.843612
492.286030	2424.100541	10.024653	-0.087406	2.843226
492.427537	2423.243086	10.029658	-0.087431	2.842846
492.531690	2422.307618	10.034663	-0.087450	2.842424
492.531289	2421.240653	10.039667	-0.087449	2.841923
492.591258	2420.402687	10.044672	-0.087460	2.841540
492.746990	2419.322712	10.049677	-0.087488	2.841057
492.898096	2418.385482	10.054682	-0.087515	2.840641
492.789131	2417.228245	10.059687	-0.087495	2.840081
492.843446	2416.209123	10.064691	-0.087505	2.839611
493.099914	2415.029149	10.069696	-0.087551	2.839097
493.038260	2413.824910	10.074701	-0.087539	2.838522
493.431757	2412.502694	10.079706	-0.087610	2.837963
493.404485	2411.182500	10.084711	-0.087605	2.837338
493.444648	2409.891977	10.089715	-0.087612	2.836738
493.472381	2408.597889	10.094720	-0.087617	2.836135
493.437282	2407.319677	10.099725	-0.087610	2.835528
493.503785	2405.950151	10.104730	-0.087622	2.834895
493.433043	2404.642552	10.109735	-0.087609	2.834269
493.639446	2403.234334	10.114739	-0.087646	2.833639
493.420484	2401.930906	10.119744	-0.087607	2.832991
493.607124	2400.556395	10.124749	-0.087640	2.832374
493.648558	2399.164205	10.129754	-0.087647	2.831725
493.454045	2397.911933	10.134759	-0.087612	2.831105
493.619877	2396.581670	10.139763	-0.087642	2.830505
493.545789	2395.222912	10.144768	-0.087628	2.829853
493.559262	2393.812108	10.149773	-0.087631	2.829191
493.851236	2392.310803	10.154778	-0.087683	2.828529
493.832680	2390.848401	10.159783	-0.087679	2.827837
493.942587	2389.327647	10.164787	-0.087699	2.827137
493.943867	2387.807057	10.169792	-0.087699	2.826420
493.764232	2386.411369	10.174797	-0.087667	2.825734
493.564317	2385.085005	10.179802	-0.087631	2.825077
493.771759	2383.596008	10.184807	-0.087668	2.824407
493.802879	2382.137043	10.189811	-0.087673	2.823723
493.730963	2380.714778	10.194816	-0.087660	2.823040
493.794713	2379.227119	10.199821	-0.087671	2.822348
493.887333	2377.707052	10.204826	-0.087688	2.821644
493.611931	2376.481270	10.209831	-0.087638	2.821022
493.684246	2375.065119	10.214835	-0.087651	2.820364
493.757180	2373.623326	10.219840	-0.087664	2.819694
494.087638	2371.988291	10.224845	-0.087723	2.818973
494.019567	2370.448372	10.229850	-0.087711	2.818234
493.934898	2368.938165	10.234855	-0.087695	2.817507
494.045440	2367.366481	10.239859	-0.087715	2.816780
494.026460	2365.887243	10.244864	-0.087712	2.816077
493.923943	2364.398690	10.249869	-0.087693	2.815356
493.990890	2362.862504	10.254874	-0.087705	2.814640
493.959526	2361.312745	10.259879	-0.087699	2.813901
494.050240	2359.788502	10.264883	-0.087715	2.813193
494.119695	2358.173583	10.269888	-0.087727	2.812439
493.912564	2356.640315	10.274893	-0.087690	2.811679
493.768279	2355.381438	10.279898	-0.087664	2.811059
493.641058	2353.973005	10.284903	-0.087641	2.810371
493.703498	2352.565370	10.289907	-0.087652	2.809713
493.572651	2351.195698	10.294912	-0.087629	2.809043
493.605785	2349.818905	10.299917	-0.087635	2.808395
493.518876	2348.470727	10.304922	-0.087619	2.807741
493.380157	2347.206603	10.309927	-0.087594	2.807119
493.395383	2345.938620	10.314931	-0.087597	2.806519
493.595450	2344.624198	10.319936	-0.087632	2.805926
493.367575	2343.355931	10.324941	-0.087591	2.805288
493.434961	2342.048988	10.329946	-0.087603	2.804677
493.453502	2340.719258	10.334951	-0.087607	2.804048
493.377586	2339.481177	10.339955	-0.087593	2.803448
493.436153	2338.151763	10.344960	-0.087603	2.802825
493.381258	2336.875046	10.349965	-0.087593	2.802209
493.388148	2335.597623	10.354970	-0.087594	2.801602
493.322788	2334.469302	10.359975	-0.087583	2.801055
493.352487	2333.170341	10.364979	-0.087588	2.800441
493.509805	2331.850575	10.369984	-0.087616	2.799838
493.288782	2330.608575	10.374989	-0.087576	2.799212
493.504138	2329.265992	10.379994	-0.087615	2.798607
493.327760	2328.047643	10.384999	-0.087583	2.797998
493.235091	2326.825134	10.390003	-0.087566	2.797401
493.238175	2325.608819	10.395008	-0.087567	2.796822
493.176730	2324.496888	10.400013	-0.087556	2.796282
493.262830	2323.254561	10.405018	-0.087571	2.795703
493.182305	2322.055865	10.410023	-0.087556	2.795119
493.149631	2320.896375	10.415027	-0.087550	2.794561
493.310786	2319.625711	10.420032	-0.087579	2.793980
493.091194	2318.520830	10.425037	-0.087540	2.793418
493.190906	2317.307878	10.430042	-0.087557	2.792855
492.999546	2316.148249	10.435047	-0.087523	2.792271
492.801399	2315.179466	10.440051	-0.087488	2.791777
492.920893	2314.218797	10.445056	-0.087509	2.791337
492.795919	2313.183355	10.450061	-0.087486	2.790823
492.763251	2312.249831	10.455066	-0.087480	2.790372
493.008473	2311.009624	10.460071	-0.087524	2.789818
492.853943	2309.974235	10.465075	-0.087497	2.789299
493.056250	2308.886662	10.470080	-0.087533	2.788812
493.018084	2307.706203	10.475085	-0.087526	2.788241
492.995349	2306.604383	10.480090	-0.087522	2.787711
493.101521	2305.433425	10.485095	-0.087540	2.787168
492.972893	2304.398882	10.490099	-0.087517	2.786652
492.966055	2303.335431	10.495104	-0.087516	2.786143
492.889367	2302.263644	10.500109	-0.087502	2.785617
492.886044	2301.241811	10.505114	-0.087501	2.785128
492.938732	2300.054625	10.510119	-0.087511	2.784568
492.957467	2298.994475	10.515123	-0.087514	2.784064
492.890526	2297.943061	10.520128	-0.087502	2.783549
492.811648	2296.884776	10.525133	-0.087488	2.783030
492.859949	2295.888273	10.530138	-0.087496	2.782560
492.911463	2294.740995	10.535143	-0.087505	2.782019
492.848247	2293.744500	10.540147	-0.087494	2.781531
492.814829	2292.868449	10.545152	-0.087488	2.781106
492.546220	2291.831856	10.550157	-0.087440	2.780566
492.627191	2290.983472	10.555162	-0.087454	2.780172
492.623115	2289.946973	10.560167	-0.087453	2.779675
492.770438	2288.960700	10.565171	-0.087480	2.779225
492.680654	2287.980020	10.570176	-0.087464	2.778741
492.607203	2287.036329	10.575181	-0.087450	2.778276
492.610101	2286.085372	10.580186	-0.087451	2.777820
492.665858	2285.110958	10.585191	-0.087461	2.777362
492.383677	2284.299015	10.590195	-0.087410	2.776926
492.361641	2283.444687	10.595200	-0.087406	2.776513
492.281221	2282.718683	10.600205	-0.087392	2.776151
492.461935	2281.863425	10.605210	-0.087424	2.775770
492.517514	2280.831277	10.610215	-0.087434	2.775283
492.333006	2280.087301	10.615219	-0.087401	2.774896
492.400065	2279.247846	10.620224	-0.087413	2.774503
492.352724	2278.318968	10.625229	-0.087404	2.774050
492.506499	2277.464901	10.630234	-0.087432	2.773664
492.398516	2276.617746	10.635239	-0.087412	2.773239
492.268680	2275.752103	10.640243	-0.087389	2.772802
492.344060	2274.944225	10.645248	-0.087402	2.772426
492.280088	2274.169021	10.650253	-0.087391	2.772043
492.162750	2273.443681	10.655258	-0.087370	2.771675
492.230988	2272.712511	10.660263	-0.087382	2.771335
492.273837	2271.869907	10.665267	-0.087390	2.770936
492.089093	2271.151327	10.670272	-0.087356	2.770561
492.001668	2270.461114	10.675277	-0.087341	2.770214
492.052096	2269.775227	10.680282	-0.087350	2.769893
492.049617	2269.028728	10.685287	-0.087349	2.769533
492.083323	2268.315553	10.690291	-0.087355	2.769195
492.062334	2267.602055	10.695296	-0.087351	2.768848
492.034203	2266.808059	10.700301	-0.087346	2.768461
492.126151	2266.091766	10.705306	-0.087363	2.768131
491.964865	2265.438065	10.710311	-0.087334	2.767791
492.136738	2264.671063	10.715315	-0.087365	2.767449
492.234498	2263.908991	10.720320	-0.087382	2.767098
491.873692	2263.238465	10.725325	-0.087317	2.766716
491.984247	2262.662760	10.730330	-0.087337	2.766457
491.954791	2261.970320	10.735335	-0.087332	2.766118
491.878458	2261.326131	10.740339	-0.087318	2.765796
492.001412	2260.642799	10.745344	-0.087340	2.765486
492.015388	2259.913970	10.750349	-0.087342	2.765137
491.966653	2259.185621	10.755354	-0.087334	2.764778
492.037890	2258.453240	10.760359	-0.087346	2.764437
491.935856	2257.833652	10.765363	-0.087328	2.764121
491.957560	2257.206791	10.770368	-0.087332	2.763822
491.914491	2256.485953	10.775373	-0.087324	2.763468
491.852086	2255.888203	10.780378	-0.087313	2.763169
491.935307	2255.174843	10.785383	-0.087328	2.762839
491.865535	2254.584892	10.790387	-0.087315	2.762543
491.691355	2254.043752	10.795392	-0.087284	2.762253
491.623168	2253.525202	10.800397	-0.087272	2.761992
491.568726	2252.926404	10.805402	-0.087262	2.761694
491.680488	2252.494818	10.810407	-0.087282	2.761504
491.744917	2251.906535	10.815411	-0.087294	2.761231
491.853278	2251.269239	10.820416	-0.087313	2.760941
491.698779	2250.658473	10.825421	-0.087285	2.760621
491.862137	2250.057732	10.830426	-0.087314	2.760357
491.879962	2249.361914	10.835431	-0.087318	2.760024
491.875223	2248.727425	10.840435	-0.087317	2.759717
491.783516	2248.156555	10.845440	-0.087300	2.759426
491.702596	2247.598918	10.850445	-0.087286	2.759144
491.648023	2247.108708	10.855450	-0.087276	2.758898
491.666191	2246.469348	10.860455	-0.087279	2.758592
491.542678	2245.918493	10.865459	-0.087257	2.758306
491.568587	2245.437495	10.870464	-0.087262	2.758077
491.529162	2244.963050	10.875469	-0.087255	2.757842
491.576041	2244.518336	10.880474	-0.087263	2.757634
491.538398	2243.913571	10.885479	-0.087256	2.757336
491.554959	2243.388107	10.890483	-0.087259	2.757085
491.504008	2242.942905	10.895488	-0.087250	2.756861
491.381328	2242.603905	10.900493	-0.087228	2.756677
491.539424	2242.119950	10.905498	-0.087256	2.756469
491.600260	2241.522923	10.910503	-0.087267	2.756190
491.486031	2241.030785	10.915507	-0.087247	2.755933
491.497329	2240.622881	10.920512	-0.087249	2.755738
491.428167	2240.174367	10.925517	-0.087236	2.755510
491.423930	2239.600765	10.930522	-0.087236	2.755232
491.545195	2239.148796	10.935527	-0.087257	2.755033
491.561977	2238.619173	10.940531	-0.087260	2.754779
491.517119	2238.194888	10.945536	-0.087252	2.754567
491.534731	2237.570253	10.950541	-0.087255	2.754267
491.467136	2237.142107	10.955546	-0.087243	2.754049
491.273998	2236.885315	10.960551	-0.087209	2.753893
491.254638	2236.337788	10.965555	-0.087205	2.753625
491.360197	2235.963568	10.970560	-0.087224	2.753461
491.315080	2235.675638	10.975565	-0.087216	2.753314
491.477367	2234.970264	10.980570	-0.087245	2.752999
491.417221	2234.572052	10.985575	-0.087234	2.752797
491.559047	2234.116721	10.990579	-0.087260	2.752599
491.643947	2233.575544	10.995584	-0.087275	2.752351
491.841074	2232.876680	11.000589	-0.087310	2.752045
491.657781	2232.345499	11.005594	-0.087277	2.751758
491.634097	2231.897805	11.010599	-0.087273	2.751537
491.679794	2231.349425	11.015603	-0.087281	2.751279
491.717880	2230.768226	11.020608	-0.087288	2.751004
491.659418	2230.224161	11.025613	-0.087277	2.750730
491.361631	2229.893582	11.030618	-0.087224	2.750521
491.500295	2229.280544	11.035623	-0.087249	2.750247
491.657888	2228.736526	11.040627	-0.087277	2.750009
491.659742	2228.187130	11.045632	-0.087277	2.749743
491.550525	2227.700374	11.050637	-0.087258	2.749489
491.535671	2227.259739	11.055642	-0.087255	2.749273
491.390485	2226.743367	11.060647	-0.087229	2.748999
491.496324	2226.282044	11.065651	-0.087248	2.748793
491.510317	2225.841444	11.070656	-0.087250	2.748581
491.585128	2225.300541	11.075661	-0.087264	2.748331
491.629276	2224.706317	11.080666	-0.087272	2.748050
491.598093	2224.143364	11.085671	-0.087266	2.747772
491.625619	2223.612133	11.090675	-0.087271	2.747519
491.538460	2223.164694	11.095680	-0.087255	2.747288
491.730572	2222.542620	11.100685	-0.087290	2.747017
491.672356	2222.037254	11.105690	-0.087279	2.746763
491.564520	2221.604004	11.110695	-0.087260	2.746535
491.465770	2221.044884	11.115699	-0.087242	2.746247
491.480304	2220.609648	11.120704	-0.087245	2.746038
491.560265	2220.113132	11.125709	-0.087259	2.745810
491.513678	2219.665804	11.130714	-0.087251	2.745586
491.427172	2219.066114	11.135719	-0.087235	2.745280
491.526634	2218.599142	11.140723	-0.087253	2.745070
491.624534	2218.105086	11.145728	-0.087270	2.744846
491.600234	2217.603475	11.150733	-0.087266	2.744598
491.546729	2217.067424	11.155738	-0.087256	2.744329
491.548368	2216.514737	11.160743	-0.087257	2.744061
491.503915	2216.056064	11.165747	-0.087249	2.743831
491.463371	2215.700846	11.170752	-0.087242	2.743652
491.401735	2215.174162	11.175757	-0.087230	2.743386
491.305227	2214.684364	11.180762	-0.087213	2.743132
491.338533	2214.385885	11.185767	-0.087219	2.742992
491.504556	2213.874301	11.190771	-0.087249	2.742771
491.365757	2213.346881	11.195776	-0.087224	2.742492
491.197529	2213.106262	11.200781	-0.087194	2.742347
491.296770	2212.644952	11.205786	-0.087212	2.742140
491.346036	2212.217249	11.210791	-0.087220	2.741940
491.275412	2211.986104	11.215795	-0.087208	2.741816
491.201560	2211.538400	11.220800	-0.087195	2.741586
491.058730	2211.395244	11.225805	-0.087169	2.741493
491.132490	2210.876548	11.230810	-0.087182	2.741253
491.129363	2210.664396	11.235815	-0.087182	2.741149
491.139870	2210.219123	11.240819	-0.087183	2.740934
491.123995	2209.989479	11.245824	-0.087181	2.740820
491.050754	2209.603361	11.250829	-0.087168	2.740620
491.232979	2209.237500	11.255834	-0.087200	2.740472
491.088112	2208.966122	11.260839	-0.087174	2.740317
491.149733	2208.572377	11.265843	-0.087185	2.740135
491.243153	2208.246838	11.270848	-0.087202	2.739992
491.227771	2207.702061	11.275853	-0.087199	2.739725
491.224355	2207.514506	11.280858	-0.087199	2.739633
491.209466	2206.967712	11.285863	-0.087196	2.739364
491.139057	2206.742518	11.290867	-0.087183	2.739243
490.934760	2206.457378	11.295872	-0.087147	2.739071
490.772487	2206.512781	11.300877	-0.087118	2.739071
490.731342	2206.237318	11.305882	-0.087110	2.738930
490.845775	2205.806671	11.310887	-0.087131	2.738740
491.013075	2205.728892	11.315891	-0.087161	2.738729
491.004618	2205.264124	11.320896	-0.087159	2.738502
490.944504	2205.133012	11.325901	-0.087149	2.738428
491.045674	2204.797976	11.330906	-0.087167	2.738282
491.153592	2204.404244	11.335911	-0.087186	2.738108
491.017081	2204.192533	11.340915	-0.087162	2.737982
490.923176	2203.879877	11.345920	-0.087145	2.737815
490.698676	2203.943500	11.350925	-0.087105	2.737809
490.743120	2203.548203	11.355930	-0.087113	2.737624
490.869639	2203.225200	11.360935	-0.087135	2.737487
490.975783	2203.184119	11.365939	-0.087154	2.737485
490.781935	2202.773255	11.370944	-0.087120	2.737253
490.830862	2202.596384	11.375949	-0.087128	2.737175
490.955111	2202.556234	11.380954	-0.087151	2.737176
490.844379	2201.975679	11.385959	-0.087131	2.736875
490.796489	2201.987306	11.390963	-0.087122	2.736872
490.719036	2202.008286	11.395968	-0.087108	2.736870
490.662507	2201.663274	11.400973	-0.087098	2.736693
490.776573	2201.447111	11.405978	-0.087119	2.736606
490.821670	2201.442686	11.410983	-0.087127	2.736611
490.939363	2201.108664	11.415987	-0.087148	2.736468
490.865058	2200.761384	11.420992	-0.087135	2.736287
490.910183	2200.717858	11.425997	-0.087143	2.736273
490.903031	2200.258196	11.431002	-0.087141	2.736048
490.808773	2200.138131	11.436007	-0.087125	2.735974
490.890808	2200.106477	11.441011	-0.087139	2.735972
490.743397	2199.573199	11.446016	-0.087113	2.735688
490.781190	2199.487951	11.451021	-0.087120	2.735653
490.909147	2199.447176	11.456026	-0.087143	2.735654
490.866140	2198.949133	11.461031	-0.087135	2.735404
491.060413	2198.745002	11.466035	-0.087170	2.735337
490.872708	2198.673231	11.471040	-0.087136	2.735271
490.789517	2198.166431	11.476045	-0.087121	2.735010
490.746408	2198.203991	11.481050	-0.087113	2.735021
490.906069	2197.976992	11.486055	-0.087142	2.734937
491.039654	2197.453315	11.491059	-0.087166	2.734704
491.089891	2197.429207	11.496064	-0.087175	2.734700
491.062136	2196.799390	11.501069	-0.087170	2.734389
491.206269	2196.632107	11.506074	-0.087196	2.734331
491.038833	2196.194319	11.511079	-0.087166	2.734090
490.972438	2196.233346	11.516083	-0.087154	2.734098
491.186049	2195.512439	11.521088	-0.087192	2.733782
491.035357	2195.538359	11.526093	-0.087165	2.733770
490.986034	2194.948704	11.531098	-0.087156	2.733474
490.898889	2194.949296	11.536103	-0.087141	2.733460
490.929856	2194.566192	11.541107	-0.087146	2.733278
490.908709	2194.312751	11.546112	-0.087143	2.733151
490.903162	2194.287029	11.551117	-0.087142	2.733138
490.891739	2193.696859	11.556122	-0.087140	2.732848
490.846211	2193.683383	11.561127	-0.087131	2.732834
491.275958	2193.236511	11.566131	-0.087208	2.732687
490.917173	2193.029501	11.571136	-0.087144	2.732527
490.821691	2192.942058	11.576141	-0.087127	2.732468
490.667914	2192.467375	11.581146	-0.087100	2.732212
490.697794	2192.468070	11.586151	-0.087105	2.732217
490.812835	2192.415642	11.591155	-0.087126	2.732210
490.830054	2192.119895	11.596160	-0.087129	2.732069
490.918884	2191.728280	11.601165	-0.087144	2.731892
491.001118	2191.724058	11.606170	-0.087159	2.731904
490.986523	2191.146743	11.611175	-0.087157	2.731620
491.003812	2191.138900	11.616179	-0.087160	2.731619
491.000716	2190.649867	11.621184	-0.087159	2.731380
490.842943	2190.509355	11.626189	-0.087131	2.731285
490.937962	2190.469457	11.631194	-0.087148	2.731282
491.339963	2189.695682	11.636199	-0.087220	2.730970
491.467473	2189.280244	11.641203	-0.087243	2.730789
491.445038	2188.918121	11.646208	-0.087239	2.730608
491.417832	2188.361969	11.651213	-0.087234	2.730332
491.322284	2187.901889	11.656218	-0.087217	2.730092
491.063747	2187.824346	11.661223	-0.087170	2.730011
490.785822	2187.319925	11.666227	-0.087121	2.729719
490.709031	2187.330494	11.671232	-0.087107	2.729711
490.668947	2187.330560	11.676237	-0.087100	2.729705
490.611885	2187.358745	11.681242	-0.087090	2.729709
490.510932	2186.751685	11.686247	-0.087072	2.729396
490.554617	2186.741301	11.691251	-0.087079	2.729398
490.427025	2186.797829	11.696256	-0.087057	2.729405
490.603497	2186.704155	11.701261	-0.087088	2.729388
490.563333	2186.741322	11.706266	-0.087081	2.729400
490.647231	2186.696235	11.711271	-0.087096	2.729392
490.590222	2186.337064	11.716275	-0.087086	2.729207
490.573731	2186.130376	11.721280	-0.087083	2.729103
490.551868	2186.121083	11.726285	-0.087079	2.729095
490.558667	2186.142355	11.731290	-0.087080	2.729107
490.645408	2186.086720	11.736295	-0.087096	2.729094
490.693470	2185.899096	11.741299	-0.087105	2.729010
490.587498	2185.451744	11.746304	-0.087086	2.728774
490.534056	2185.448668	11.751309	-0.087076	2.728764
490.444860	2185.497315	11.756314	-0.087060	2.728773
490.607639	2185.412112	11.761319	-0.087089	2.728758
490.427199	2185.478859	11.766323	-0.087057	2.728761
490.310239	2185.538180	11.771328	-0.087036	2.728771
490.477636	2185.477615	11.776333	-0.087066	2.728769
490.430722	2185.497253	11.781338	-0.087058	2.728771
490.526897	2185.285696	11.786343	-0.087075	2.728683
490.458392	2184.833392	11.791347	-0.087063	2.728451
490.438741	2184.857860	11.796352	-0.087059	2.728460
490.394342	2184.868340	11.801357	-0.087051	2.728458
490.608689	2184.809773	11.806362	-0.087090	2.728465
490.570079	2184.808070	11.811367	-0.087083	2.728457
490.436380	2184.864111	11.816371	-0.087059	2.728463
490.537014	2184.826780	11.821376	-0.087077	2.728461
490.534476	2184.631402	11.826381	-0.087077	2.728365
490.547765	2184.184052	11.831386	-0.087079	2.728149
490.371057	2184.216318	11.836391	-0.087047	2.728135
490.527862	2184.174028	11.841395	-0.087075	2.728141
490.633359	2184.122910	11.846400	-0.087094	2.728133
490.453526	2184.179234	11.851405	-0.087062	2.728131
490.398479	2184.210570	11.856410	-0.087052	2.728137
490.521314	2184.163806	11.861415	-0.087074	2.728135
490.499836	2183.915448	11.866419	-0.087071	2.728010
490.565435	2183.525830	11.871424	-0.087082	2.727830
490.404153	2183.566295	11.876429	-0.087054	2.727824
490.493703	2183.550601	11.881434	-0.087070	2.727831
490.568272	2183.511869	11.886439	-0.087083	2.727824
490.526038	2183.544616	11.891443	-0.087075	2.727833
490.535581	2183.541311	11.896448	-0.087077	2.727833
490.462388	2183.553236	11.901453	-0.087064	2.727827
490.739938	2183.026738	11.906458	-0.087114	2.727616
490.919871	2182.742185	11.911463	-0.087146	2.727506
490.734308	2182.804287	11.916467	-0.087113	2.727506
490.833270	2182.429627	11.921472	-0.087131	2.727339
490.795944	2182.150302	11.926477	-0.087124	2.727197
490.732487	2182.198534	11.931482	-0.087113	2.727210
490.737623	2182.102834	11.936487	-0.087113	2.727164
490.824844	2181.518250	11.941491	-0.087129	2.726893
490.927596	2181.493607	11.946496	-0.087147	2.726898
490.830429	2181.321436	11.951501	-0.087130	2.726797
490.820901	2180.984229	11.956506	-0.087128	2.726631
490.772313	2180.980171	11.961511	-0.087120	2.726621
490.663214	2181.027249	11.966515	-0.087100	2.726626
490.751845	2180.453789	11.971520	-0.087116	2.726360
490.789126	2180.320419	11.976525	-0.087123	2.726301
490.993989	2180.256728	11.981530	-0.087159	2.726304
490.758352	2179.714596	11.986535	-0.087117	2.726000
490.820997	2179.649899	11.991539	-0.087129	2.725979
490.839972	2179.648506	11.996544	-0.087132	2.725981
490.662017	2179.203099	12.001549	-0.087100	2.725734
490.801529	2179.015351	12.006554	-0.087125	2.725665
490.707492	2179.045842	12.011559	-0.087108	2.725665
490.822917	2178.833699	12.016563	-0.087129	2.725580
490.862343	2178.362627	12.021568	-0.087136	2.725356
490.778510	2178.384558	12.026573	-0.087121	2.725353
490.777986	2178.350195	12.031578	-0.087121	2.725336
490.709214	2177.733923	12.036583	-0.087109	2.725023
490.668518	2177.750820	12.041587	-0.087101	2.725025
490.822864	2177.716984	12.046592	-0.087129	2.725034
490.829984	2177.357130	12.051597	-0.087130	2.724859
490.846969	2177.082654	12.056602	-0.087133	2.724728
490.562414	2177.169375	12.061607	-0.087083	2.724723
490.337903	2177.249162	12.066611	-0.087042	2.724725
490.701446	2177.117036	12.071616	-0.087107	2.724721
490.704841	2176.547292	12.076621	-0.087108	2.724442
490.811458	2176.454961	12.081626	-0.087127	2.724415
490.863337	2176.422003	12.086631	-0.087136	2.724407
490.859534	2176.009150	12.091635	-0.087136	2.724205
490.859968	2175.852624	12.096640	-0.087136	2.724128
490.779965	2175.854765	12.101645	-0.087122	2.724116
490.837805	2175.408957	12.106650	-0.087132	2.723908
490.671661	2175.229772	12.111655	-0.087102	2.723792
490.674713	2175.228025	12.116659	-0.087103	2.723792
490.710547	2175.214537	12.121664	-0.087109	2.723792
490.733693	2174.707819	12.126669	-0.087113	2.723547
490.785978	2174.563746	12.131674	-0.087123	2.723486
490.679018	2174.592247	12.136679	-0.087104	2.723482
490.712324	2174.528590	12.141683	-0.087110	2.723456
490.674224	2173.954671	12.146688	-0.087103	2.723169
490.612540	2173.963374	12.151693	-0.087092	2.723163
490.667072	2173.957581	12.156698	-0.087102	2.723169
490.599563	2173.952314	12.161703	-0.087090	2.723156
490.696382	2173.599946	12.166707	-0.087107	2.722999
490.548451	2173.343259	12.171712	-0.087080	2.722849
490.466915	2173.355501	12.176717	-0.087066	2.722841
490.611653	2173.335728	12.181722	-0.087092	2.722856
490.619892	2173.324573	12.186727	-0.087093	2.722852
490.518279	2173.349992	12.191731	-0.087075	2.722847
490.605650	2172.940287	12.196736	-0.087091	2.722661
490.498879	2172.699663	12.201741	-0.087072	2.722526
490.615153	2172.678051	12.206746	-0.087093	2.722535
490.581491	2172.696393	12.211751	-0.087087	2.722538
490.562467	2172.681723	12.216755	-0.087083	2.722528
490.603908	2172.682273	12.221760	-0.087091	2.722535
490.637237	2172.118783	12.226765	-0.087097	2.722265
490.772650	2172.021193	12.231770	-0.087121	2.722239
490.777463	2171.995899	12.236775	-0.087122	2.722228
490.603469	2172.045845	12.241779	-0.087091	2.722223
490.668238	2171.518300	12.246784	-0.087102	2.721976
490.683720	2171.365091	12.251789	-0.087105	2.721903
490.814387	2171.348156	12.256794	-0.087128	2.721917
490.818489	2171.248526	12.261799	-0.087129	2.721869
490.728556	2170.870340	12.266803	-0.087113	2.721669
490.778240	2170.857893	12.271808	-0.087122	2.721671
490.694136	2170.876116	12.276813	-0.087107	2.721666
490.817184	2170.369714	12.281818	-0.087129	2.721438
490.762400	2170.180434	12.286823	-0.087119	2.721336
490.595212	2170.245930	12.291827	-0.087089	2.721341
490.732214	2170.216005	12.296832	-0.087114	2.721349
490.639243	2169.657949	12.301837	-0.087097	2.721060
490.643045	2169.598598	12.306842	-0.087098	2.721032
490.617242	2169.607266	12.311847	-0.087093	2.721032
490.690066	2169.569133	12.316851	-0.087106	2.721025
490.543133	2169.599729	12.321856	-0.087080	2.721016
490.573363	2168.945206	12.326861	-0.087086	2.720700
490.504348	2168.987633	12.331866	-0.087073	2.720709
490.594085	2168.937397	12.336871	-0.087089	2.720700
490.482907	2168.994111	12.341875	-0.087069	2.720709
490.521783	2168.996154	12.346880	-0.087076	2.720717
490.657992	2168.930809	12.351885	-0.087101	2.720707
490.712762	2168.352774	12.356890	-0.087111	2.720433
490.607330	2168.302420	12.361895	-0.087092	2.720391
490.594132	2168.299173	12.366899	-0.087089	2.720387
490.602512	2168.321742	12.371904	-0.087091	2.720400
490.538917	2168.333662	12.376909	-0.087080	2.720395
490.642745	2167.862013	12.381914	-0.087098	2.720181
490.531794	2167.671484	12.386919	-0.087078	2.720069
490.372130	2167.738896	12.391923	-0.087050	2.720076
490.529985	2167.677043	12.396928	-0.087078	2.720072
490.516353	2167.672670	12.401933	-0.087076	2.720068
490.544644	2167.684029	12.406938	-0.087081	2.720078
490.589324	2167.653524	12.411943	-0.087089	2.720070
490.420463	2167.225296	12.416947	-0.087059	2.719832
490.594169	2167.033866	12.421952	-0.087090	2.719768
490.477284	2167.063214	12.426957	-0.087069	2.719763
490.559680	2167.060691	12.431962	-0.087084	2.719775
490.776400	2166.963601	12.436967	-0.087122	2.719763
490.558000	2167.037544	12.441971	-0.087083	2.719763
490.608928	2166.573096	12.446976	-0.087093	2.719544
490.627879	2166.372350	12.451981	-0.087096	2.719449
490.714214	2166.351293	12.456986	-0.087111	2.719453
490.767832	2166.328588	12.461991	-0.087121	2.719451
490.665219	2165.990099	12.466995	-0.087103	2.719268
490.746049	2165.732102	12.472000	-0.087117	2.719155
490.602043	2165.789752	12.477005	-0.087091	2.719159
490.691332	2165.756229	12.482010	-0.087107	2.719158
490.730474	2165.534021	12.487015	-0.087114	2.719055
490.693806	2165.095556	12.492019	-0.087108	2.718834
490.783858	2165.063047	12.497024	-0.087124	2.718833
490.767127	2165.043174	12.502029	-0.087121	2.718821
490.714970	2164.608089	12.507034	-0.087112	2.718599
490.704719	2164.446594	12.512039	-0.087110	2.718518
490.726521	2164.458229	12.517043	-0.087114	2.718527
490.636032	2164.483734	12.522048	-0.087098	2.718525
490.647027	2163.963633	12.527053	-0.087100	2.718272
490.640565	2163.842251	12.532058	-0.087099	2.718211
490.556034	2163.847914	12.537063	-0.087083	2.718200
490.566772	2163.851202	12.542067	-0.087085	2.718203
490.714194	2163.813884	12.547072	-0.087112	2.718210
490.608702	2163.304688	12.552077	-0.087093	2.717942
490.441635	2163.274048	12.557082	-0.087063	2.717900
490.669684	2163.196026	12.562087	-0.087104	2.717899
490.450524	2163.265792	12.567091	-0.087065	2.717897
490.527160	2163.234009	12.572096	-0.087079	2.717894
490.644705	2163.188357	12.577101	-0.087100	2.717892
490.529944	2162.833207	12.582106	-0.087079	2.717698
490.578182	2162.548838	12.587111	-0.087088	2.717567
490.389290	2162.614711	12.592115	-0.087054	2.717568
490.612417	2162.556811	12.597120	-0.087094	2.717577
490.602384	2162.551227	12.602125	-0.087092	2.717572
490.620761	2162.546831	12.607130	-0.087095	2.717573
490.592013	2162.324212	12.612135	-0.087090	2.717459
490.560864	2161.946507	12.617139	-0.087085	2.717269
490.542656	2161.934151	12.622144	-0.087082	2.717260
490.453257	2161.960568	12.627149	-0.087066	2.717258
490.391276	2162.003779	12.632154	-0.087055	2.717269
490.624346	2161.919594	12.637159	-0.087096	2.717266
490.755310	2161.868117	12.642163	-0.087120	2.717263
490.787161	2161.234285	12.647168	-0.087125	2.716957
490.717077	2161.245247	12.652173	-0.087113	2.716951
490.635132	2161.296498	12.657178	-0.087098	2.716962
490.575149	2161.288764	12.662183	-0.087088	2.716949
490.585426	2160.859550	12.667187	-0.087089	2.716740
490.639969	2160.761453	12.672192	-0.087099	2.716701
490.471876	2160.796105	12.677197	-0.087069	2.716690
490.484125	2160.820507	12.682202	-0.087071	2.716704
490.397781	2160.845255	12.687207	-0.087056	2.716702
490.441424	2160.817021	12.692211	-0.087064	2.716695
490.489672	2160.830490	12.697216	-0.087072	2.716710
490.447091	2160.814314	12.702221	-0.087065	2.716695
490.451624	2160.333650	12.707226	-0.087066	2.716460
490.524299	2160.118086	12.712231	-0.087079	2.716366
490.509793	2160.114024	12.717235	-0.087076	2.716362
490.710228	2160.066342	12.722240	-0.087112	2.716372
490.791514	2160.013894	12.727245	-0.087127	2.716360
490.722285	2159.737678	12.732250	-0.087114	2.716213
490.792592	2159.399532	12.737255	-0.087127	2.716058
490.840914	2159.386888	12.742259	-0.087135	2.716060
490.865746	2159.119516	12.747264	-0.087140	2.715933
490.841325	2158.713035	12.752269	-0.087136	2.715730
490.649207	2158.790831	12.757274	-0.087101	2.715736
490.675884	2158.770897	12.762279	-0.087106	2.715730
490.608951	2158.332443	12.767283	-0.087094	2.715504
490.427408	2158.260389	12.772288	-0.087062	2.715439
490.513760	2158.215767	12.777293	-0.087077	2.715431
490.622849	2158.174881	12.782298	-0.087097	2.715429
490.655357	2158.159966	12.787303	-0.087103	2.715427
490.724041	2158.038030	12.792307	-0.087115	2.715379
490.531837	2157.537206	12.797312	-0.087080	2.715101
490.432073	2157.569694	12.802317	-0.087063	2.715100
490.407305	2157.581198	12.807322	-0.087058	2.715102
490.311252	2157.609885	12.812327	-0.087041	2.715100
490.285009	2157.623796	12.817331	-0.087036	2.715103
490.288602	2157.629497	12.822336	-0.087037	2.715106
490.360234	2157.579695	12.827341	-0.087050	2.715094
490.302084	2157.602521	12.832346	-0.087040	2.715095
490.394584	2157.577433	12.837351	-0.087056	2.715098
490.429274	2157.563049	12.842355	-0.087062	2.715097
490.440878	2157.574299	12.847360	-0.087065	2.715105
490.559142	2157.514404	12.852365	-0.087086	2.715095
490.544888	2157.540782	12.857370	-0.087083	2.715105
490.433202	2157.465406	12.862375	-0.087063	2.715050
490.375067	2157.078766	12.867379	-0.087053	2.714850
490.437601	2156.938591	12.872384	-0.087064	2.714792
490.273643	2156.985224	12.877389	-0.087035	2.714788
490.329222	2156.965027	12.882394	-0.087045	2.714787
490.090141	2157.059391	12.887399	-0.087002	2.714794
490.259967	2157.579662	12.892403	-0.087033	2.715077
490.333283	2157.617035	12.897408	-0.087046	2.715108
490.288549	2157.561553	12.902413	-0.087038	2.715073
490.265049	2157.629853	12.907418	-0.087034	2.715103
490.300455	2157.605689	12.912423	-0.087040	2.715097
490.277813	2157.617108	12.917427	-0.087036	2.715099
490.267389	2157.625019	12.922432	-0.087034	2.715101
490.366925	2157.598817	12.927437	-0.087052	2.715105
490.223407	2157.659497	12.932442	-0.087026	2.715111
490.200947	2157.645421	12.937447	-0.087022	2.715100
490.272995	2157.623454	12.942451	-0.087035	2.715101
490.382957	2157.582270	12.947456	-0.087055	2.715100
490.175527	2157.644279	12.952461	-0.087018	2.715095
490.171098	2157.657152	12.957466	-0.087017	2.715101
490.161822	2157.661494	12.962471	-0.087016	2.715102
490.132098	2157.663870	12.967475	-0.087010	2.715098
490.151392	2157.673783	12.972480	-0.087014	2.715106
490.313724	2157.604665	12.977485	-0.087043	2.715099
490.314796	2157.626481	12.982490	-0.087043	2.715110
490.340990	2157.595904	12.987495	-0.087048	2.715100
490.335873	2157.579125	12.992499	-0.087047	2.715090
490.275741	2157.629328	12.997504	-0.087036	2.715105
490.384890	2157.580155	13.002509	-0.087056	2.715099
490.341781	2157.618226	13.007514	-0.087048	2.715111
490.402337	2157.577267	13.012519	-0.087059	2.715101
490.237385	2157.642037	13.017523	-0.087029	2.715105
490.301091	2157.618449	13.022528	-0.087041	2.715104
490.411994	2157.557235	13.027533	-0.087061	2.715093
490.472956	2157.560011	13.032538	-0.087072	2.715104
490.418411	2157.575256	13.037543	-0.087062	2.715103
490.435867	2157.562902	13.042547	-0.087065	2.715100
490.487514	2157.472189	13.047552	-0.087074	2.715064
490.503670	2156.902040	13.052557	-0.087077	2.714786
490.495427	2156.911119	13.057562	-0.087076	2.714790
490.451897	2156.926443	13.062567	-0.087068	2.714790
490.396815	2156.929156	13.067571	-0.087058	2.714782
490.465740	2156.929864	13.072576	-0.087071	2.714794
490.374121	2156.932888	13.077581	-0.087054	2.714780
490.342414	2156.963912	13.082586	-0.087049	2.714790
490.378641	2156.934384	13.087591	-0.087055	2.714782
490.351360	2156.951827	13.092595	-0.087050	2.714786
490.425819	2156.915055	13.097600	-0.087064	2.714780
490.346497	2156.957777	13.102605	-0.087050	2.714788
490.366996	2156.959650	13.107610	-0.087053	2.714792
490.362037	2156.951721	13.112615	-0.087052	2.714788
490.511000	2156.894765	13.117619	-0.087079	2.714785
490.407456	2156.406594	13.122624	-0.087061	2.714528
490.467639	2156.274858	13.127629	-0.087071	2.714473
490.374029	2156.319248	13.132634	-0.087055	2.714479
490.393437	2156.322125	13.137639	-0.087058	2.714484
490.357504	2156.313260	13.142643	-0.087052	2.714474
490.442210	2156.283819	13.147648	-0.087067	2.714473
490.225062	2156.361211	13.152653	-0.087028	2.714475
490.350338	2156.333266	13.157658	-0.087051	2.714482
490.300376	2156.345051	13.162663	-0.087042	2.714480
490.356608	2156.325903	13.167667	-0.087052	2.714480
490.383931	2156.318468	13.172672	-0.087057	2.714481
490.349565	2156.330049	13.177677	-0.087051	2.714481
490.383976	2156.324660	13.182682	-0.087057	2.714484
490.356659	2156.314779	13.187687	-0.087052	2.714475
490.449268	2156.290922	13.192691	-0.087069	2.714478
490.361492	2156.335875	13.197696	-0.087053	2.714486
490.355992	2156.320502	13.202701	-0.087052	2.714477
490.278640	2156.353656	13.207706	-0.087038	2.714481
490.365963	2156.324598	13.212711	-0.087054	2.714481
490.401747	2156.304122	13.217715	-0.087060	2.714477
490.395898	2156.320652	13.222720	-0.087059	2.714484
490.406709	2156.297204	13.227725	-0.087061	2.714475
490.448679	2156.164655	13.232730	-0.087069	2.714416
490.429867	2155.691039	13.237735	-0.087065	2.714181
490.431986	2155.698509	13.242739	-0.087066	2.714185
490.476257	2155.706936	13.247744	-0.087074	2.714196
490.512325	2155.670473	13.252749	-0.087080	2.714184
490.462144	2155.682333	13.257754	-0.087071	2.714182
490.504036	2155.662328	13.262759	-0.087079	2.714179
490.755971	2155.582519	13.267763	-0.087124	2.714182
490.721525	2155.240727	13.272768	-0.087118	2.714008
490.815736	2154.875017	13.277773	-0.087135	2.713844
490.758763	2154.930495	13.282778	-0.087125	2.713862
490.768205	2154.759432	13.287783	-0.087126	2.713780
490.799516	2154.273371	13.292787	-0.087132	2.713546
490.744474	2154.297687	13.297792	-0.087122	2.713549
490.768864	2154.272816	13.302797	-0.087126	2.713541
490.894787	2153.632699	13.307802	-0.087149	2.713248
490.639059	2153.670451	13.312807	-0.087103	2.713224
490.571097	2153.688348	13.317811	-0.087091	2.713221
490.627814	2153.678564	13.322816	-0.087101	2.713226
490.602957	2153.271379	13.327821	-0.087097	2.713022
490.559739	2153.075031	13.332826	-0.087089	2.712918
490.524171	2153.089564	13.337831	-0.087083	2.712919
490.610248	2153.048850	13.342835	-0.087098	2.712914
490.715940	2153.030073	13.347840	-0.087117	2.712922
490.804116	2152.561716	13.352845	-0.087133	2.712707
490.731946	2152.358697	13.357850	-0.087120	2.712595
490.700252	2152.370645	13.362855	-0.087114	2.712595
490.720761	2152.358530	13.367859	-0.087118	2.712593
490.724000	2151.778662	13.372864	-0.087119	2.712308
490.547189	2151.803007	13.377869	-0.087087	2.712291
490.625890	2151.781946	13.382874	-0.087101	2.712294
490.621585	2151.773168	13.387879	-0.087100	2.712289
490.293167	2151.887699	13.392883	-0.087042	2.712290
490.460887	2151.833259	13.397888	-0.087072	2.712292
490.320818	2151.874356	13.402893	-0.087047	2.712288
490.439427	2151.710178	13.407898	-0.087068	2.712228
490.430402	2151.199970	13.412903	-0.087066	2.711975
490.447314	2151.185900	13.417907	-0.087069	2.711971
490.398810	2151.218160	13.422912	-0.087061	2.711979
490.430720	2151.200272	13.427917	-0.087067	2.711976
490.372412	2151.216806	13.432922	-0.087056	2.711974
490.484436	2151.188882	13.437927	-0.087076	2.711979
490.447230	2151.207782	13.442931	-0.087070	2.711982
490.451578	2151.223380	13.447936	-0.087070	2.711991
490.489768	2151.194469	13.452941	-0.087077	2.711983
490.500352	2151.183817	13.457946	-0.087079	2.711979
490.409145	2151.221675	13.462951	-0.087063	2.711983
490.371308	2151.051529	13.467955	-0.087056	2.711893
490.478369	2150.712830	13.472960	-0.087075	2.711744
490.438063	2150.719446	13.477965	-0.087068	2.711741
490.560118	2150.696372	13.482970	-0.087090	2.711750
490.497235	2150.703663	13.487975	-0.087079	2.711743
490.430211	2150.706644	13.492979	-0.087067	2.711733
490.515491	2150.713195	13.497984	-0.087082	2.711751
490.470935	2150.714267	13.502989	-0.087074	2.711744
490.525913	2150.696173	13.507994	-0.087084	2.711744
490.428461	2150.463081	13.512999	-0.087067	2.711614
490.314588	2150.085719	13.518003	-0.087046	2.711409
490.374449	2150.102160	13.523008	-0.087057	2.711427
490.445981	2150.039078	13.528013	-0.087070	2.711408
490.305408	2150.099404	13.533018	-0.087045	2.711414
490.301968	2150.101766	13.538023	-0.087044	2.711415
490.392554	2150.084922	13.543027	-0.087060	2.711422
490.434237	2150.051653	13.548032	-0.087068	2.711412
490.359352	2150.065560	13.553037	-0.087055	2.711407
490.574897	2150.010757	13.558042	-0.087093	2.711416
490.443163	2150.063004	13.563047	-0.087070	2.711420
490.197927	2150.148051	13.568051	-0.087026	2.711421
490.444907	2150.056547	13.573056	-0.087070	2.711417
490.273481	2150.099403	13.578061	-0.087039	2.711409
490.349442	2150.098317	13.583066	-0.087053	2.711422
490.179092	2150.162397	13.588071	-0.087023	2.711425
490.258613	2150.138513	13.593075	-0.087037	2.711426
490.493812	2150.051007	13.598080	-0.087079	2.711422
490.524587	2150.018899	13.603085	-0.087085	2.711412
490.443900	2150.064619	13.608090	-0.087070	2.711421
490.510959	2149.926222	13.613095	-0.087082	2.711364
490.435896	2149.416365	13.618099	-0.087069	2.711101
490.467414	2149.413848	13.623104	-0.087074	2.711105
490.597011	2149.367255	13.628109	-0.087098	2.711104
490.828066	2149.279248	13.633114	-0.087139	2.711099
490.837902	2149.167265	13.638119	-0.087141	2.711046
490.806586	2148.639447	13.643123	-0.087135	2.710781
490.909668	2148.611373	13.648128	-0.087154	2.710784
490.788510	2148.512752	13.653133	-0.087132	2.710716
490.730321	2148.046806	13.658138	-0.087122	2.710477
490.596362	2148.084577	13.663143	-0.087098	2.710473
490.520925	2148.108835	13.668147	-0.087084	2.710472
490.386465	2148.160106	13.673152	-0.087060	2.710475
490.424822	2148.126066	13.678157	-0.087067	2.710465
490.476300	2148.121850	13.683162	-0.087076	2.710471
490.211213	2148.208568	13.688167	-0.087029	2.710470
490.252000	2148.207345	13.693171	-0.087036	2.710476
490.203657	2148.243990	13.698176	-0.087028	2.710486
490.106790	2148.265998	13.703181	-0.087010	2.710481
490.096906	2148.281338	13.708186	-0.087009	2.710487
490.113230	2148.250333	13.713191	-0.087012	2.710474
490.318310	2148.188274	13.718195	-0.087048	2.710478
490.215821	2148.217904	13.723200	-0.087030	2.710476
490.194385	2148.220661	13.728205	-0.087026	2.710473
490.149153	2148.253710	13.733210	-0.087018	2.710482
490.140260	2148.255384	13.738215	-0.087017	2.710481
490.173803	2148.242020	13.743219	-0.087023	2.710481
490.338304	2148.191195	13.748224	-0.087052	2.710483
490.299754	2148.180717	13.753229	-0.087045	2.710471
490.398635	2148.155970	13.758234	-0.087063	2.710476
490.397768	2148.142859	13.763239	-0.087063	2.710469
490.397989	2148.135092	13.768243	-0.087063	2.710466
490.509350	2148.120075	13.773248	-0.087083	2.710477
490.525610	2148.102421	13.778253	-0.087086	2.710471
490.671180	2148.063733	13.783258	-0.087112	2.710476
490.583485	2148.071204	13.788263	-0.087096	2.710465
490.544744	2147.866558	13.793267	-0.087089	2.710358
490.685595	2147.401037	13.798272	-0.087115	2.710153
490.677318	2147.380288	13.803277	-0.087113	2.710141
490.626965	2147.405554	13.808282	-0.087104	2.710145
490.544270	2147.436084	13.813287	-0.087089	2.710146
490.587928	2147.152090	13.818291	-0.087097	2.710014
490.600174	2146.791828	13.823296	-0.087099	2.709839
490.690171	2146.759938	13.828301	-0.087116	2.709838
490.737568	2146.743141	13.833306	-0.087124	2.709838
490.621216	2146.790173	13.838311	-0.087103	2.709842
490.642837	2146.202750	13.843315	-0.087107	2.709556
490.762922	2146.112420	13.848320	-0.087129	2.709532
490.595816	2146.137973	13.853325	-0.087099	2.709517
490.407569	2146.217658	13.858330	-0.087065	2.709525
490.306932	2146.249838	13.863335	-0.087047	2.709524
490.310096	2146.244248	13.868339	-0.087048	2.709521
490.376347	2146.247067	13.873344	-0.087060	2.709534
490.259745	2146.261823	13.878349	-0.087039	2.709522
490.420643	2146.215383	13.883354	-0.087068	2.709526
490.346399	2146.250027	13.888359	-0.087054	2.709531
490.286015	2146.269813	13.893363	-0.087044	2.709530
490.368424	2146.249381	13.898368	-0.087058	2.709534
490.405248	2146.223481	13.903373	-0.087065	2.709527
490.404624	2145.786438	13.908378	-0.087065	2.709312
490.424424	2145.619753	13.913383	-0.087069	2.709234
490.396502	2145.619004	13.918387	-0.087064	2.709229
490.446563	2145.613357	13.923392	-0.087073	2.709234
490.322090	2145.653630	13.928397	-0.087050	2.709233
490.480371	2145.606806	13.933402	-0.087079	2.709237
490.365823	2145.648152	13.938407	-0.087058	2.709238
490.368553	2145.639537	13.943411	-0.087059	2.709234
490.403242	2145.625149	13.948416	-0.087065	2.709233
490.405589	2145.618567	13.953421	-0.087065	2.709230
490.551648	2145.580968	13.958426	-0.087092	2.709236
490.548536	2145.582584	13.963431	-0.087091	2.709236
490.497603	2145.500821	13.968435	-0.087082	2.709188
490.630154	2144.895548	13.973440	-0.087106	2.708912
490.728013	2144.848932	13.978445	-0.087123	2.708905
490.793362	2144.817157	13.983450	-0.087135	2.708901
490.600160	2144.885204	13.988455	-0.087100	2.708902
490.572118	2144.276147	13.993459	-0.087095	2.708598
490.558059	2144.258009	13.998464	-0.087093	2.708586
490.507007	2144.267653	14.003469	-0.087084	2.708583
490.364243	2144.342051	14.008474	-0.087058	2.708595
490.471588	2144.299826	14.013479	-0.087078	2.708593
490.648490	2144.215592	14.018483	-0.087109	2.708581
490.440768	2144.305698	14.023488	-0.087072	2.708590
490.557852	2144.061628	14.028493	-0.087093	2.708490
490.586414	2143.607864	14.033498	-0.087098	2.708271
490.686012	2143.570171	14.038503	-0.087116	2.708270
490.633428	2143.588582	14.043507	-0.087107	2.708270
490.735966	2143.557501	14.048512	-0.087125	2.708272
490.579632	2143.074587	14.053517	-0.087097	2.708008
490.730722	2142.940138	14.058522	-0.087124	2.707967
490.752156	2142.930883	14.063527	-0.087128	2.707966
490.567811	2142.967394	14.068531	-0.087095	2.707953
490.677601	2142.625648	14.073536	-0.087115	2.707803
490.527984	2142.363115	14.078541	-0.087088	2.707649
490.482003	2142.374213	14.083546	-0.087080	2.707647
490.616233	2142.331100	14.088551	-0.087104	2.707648
490.422330	2142.387983	14.093555	-0.087069	2.707644
490.437220	2142.379682	14.098560	-0.087072	2.707642
490.274466	2142.420281	14.103565	-0.087043	2.707635
490.410706	2142.388534	14.108570	-0.087067	2.707642
490.471797	2142.361376	14.113575	-0.087078	2.707639
490.517806	2142.223934	14.118579	-0.087086	2.707579
490.697486	2141.677796	14.123584	-0.087119	2.707340
490.632630	2141.698474	14.128589	-0.087107	2.707340
490.554524	2141.719213	14.133594	-0.087093	2.707337
490.622701	2141.695989	14.138599	-0.087105	2.707337
490.579196	2141.677083	14.143603	-0.087098	2.707320
490.450775	2141.125295	14.148608	-0.087075	2.707027
490.379219	2141.136205	14.153613	-0.087062	2.707021
490.391752	2141.145187	14.158618	-0.087064	2.707027
490.507377	2141.115360	14.163623	-0.087085	2.707032
490.424203	2141.130214	14.168627	-0.087070	2.707025
490.323511	2141.164330	14.173632	-0.087052	2.707025
490.373868	2141.125601	14.178637	-0.087061	2.707015
490.329886	2141.163917	14.183642	-0.087053	2.707026
490.189986	2141.196765	14.188647	-0.087028	2.707019
490.077563	2141.241204	14.193651	-0.087008	2.707022
490.253516	2141.188356	14.198656	-0.087040	2.707026
490.391421	2141.114194	14.203661	-0.087064	2.707012
490.439832	2141.129379	14.208666	-0.087073	2.707028
490.436222	2141.140039	14.213671	-0.087072	2.707033
490.385134	2141.124980	14.218675	-0.087063	2.707017
490.336516	2141.164235	14.223680	-0.087055	2.707028
490.257146	2141.198084	14.228685	-0.087041	2.707031
490.270944	2141.190788	14.233690	-0.087043	2.707030
490.327680	2141.154331	14.238695	-0.087053	2.707022
490.171992	2141.228042	14.243699	-0.087025	2.707032
490.364249	2141.177266	14.248704	-0.087060	2.707039
490.350792	2141.155134	14.253709	-0.087057	2.707026
490.241427	2141.192194	14.258714	-0.087038	2.707026
490.338241	2141.159880	14.263719	-0.087055	2.707026
490.316154	2141.157795	14.268723	-0.087051	2.707022
490.414693	2141.154056	14.273728	-0.087069	2.707036
490.520678	2141.105948	14.278733	-0.087088	2.707030
490.495478	2141.111260	14.283738	-0.087084	2.707029
490.500491	2141.113287	14.288743	-0.087085	2.707031
490.472097	2140.694949	14.293747	-0.087079	2.706820
490.563045	2140.550523	14.298752	-0.087096	2.706764
490.378626	2140.614338	14.303757	-0.087063	2.706765
490.325871	2140.642320	14.308762	-0.087053	2.706770
490.498128	2140.572975	14.313767	-0.087084	2.706764
490.405576	2140.585311	14.318771	-0.087068	2.706755
490.526092	2140.580445	14.323776	-0.087089	2.706773
490.433431	2140.592818	14.328781	-0.087073	2.706763
490.444978	2140.609106	14.333786	-0.087075	2.706773
490.323884	2140.652053	14.338791	-0.087053	2.706774
490.298474	2140.645392	14.343795	-0.087049	2.706767
490.654637	2140.461620	14.348800	-0.087112	2.706736
490.442007	2139.929053	14.353805	-0.087074	2.706438
490.455041	2139.923284	14.358810	-0.087077	2.706438
490.459895	2139.917758	14.363815	-0.087078	2.706436
490.401044	2139.930696	14.368819	-0.087067	2.706432
490.462236	2139.915545	14.373824	-0.087078	2.706435
490.411132	2139.922683	14.378829	-0.087069	2.706430
490.280917	2139.987110	14.383834	-0.087046	2.706440
490.239630	2139.991548	14.388839	-0.087039	2.706435
490.371421	2139.927704	14.393843	-0.087062	2.706426
490.409426	2139.928033	14.398848	-0.087069	2.706433
490.437579	2139.902552	14.403853	-0.087074	2.706425
490.357111	2139.947550	14.408858	-0.087060	2.706433
490.333437	2139.954247	14.413863	-0.087055	2.706433
490.526091	2139.880509	14.418867	-0.087090	2.706429
490.384532	2139.946886	14.423872	-0.087065	2.706438
490.507933	2139.560120	14.428877	-0.087087	2.706268
490.389287	2139.300568	14.433882	-0.087066	2.706120
490.368345	2139.299367	14.438887	-0.087062	2.706116
490.471383	2139.255427	14.443891	-0.087080	2.706112
490.563544	2139.248136	14.448896	-0.087097	2.706124
490.622076	2139.216143	14.453901	-0.087107	2.706118
490.600899	2139.238469	14.458906	-0.087104	2.706125
490.651655	2139.096310	14.463911	-0.087113	2.706064
490.614127	2138.562096	14.468915	-0.087106	2.705794
490.601620	2138.585913	14.473920	-0.087104	2.705804
490.558705	2138.579501	14.478925	-0.087096	2.705794
490.614494	2138.571252	14.483930	-0.087106	2.705799
490.569758	2138.595241	14.488935	-0.087098	2.705803
490.620330	2138.093254	14.493939	-0.087107	2.705565
490.594666	2137.982143	14.498944	-0.087103	2.705506
490.621194	2137.942012	14.503949	-0.087107	2.705490
490.588513	2137.960639	14.508954	-0.087102	2.705494
490.531124	2137.988926	14.513959	-0.087091	2.705498
490.474918	2137.961054	14.518963	-0.087081	2.705475
490.505349	2137.329758	14.523968	-0.087087	2.705169
490.480434	2137.318507	14.528973	-0.087082	2.705160
490.572106	2137.306934	14.533978	-0.087099	2.705169
490.594569	2137.308732	14.538983	-0.087103	2.705174
490.537526	2137.309660	14.543987	-0.087093	2.705165
490.535429	2137.340072	14.548992	-0.087092	2.705180
490.512811	2137.163327	14.553997	-0.087088	2.705089
490.319063	2136.764724	14.559002	-0.087054	2.704860
490.462736	2136.708247	14.564007	-0.087079	2.704856
490.519946	2136.695708	14.569011	-0.087090	2.704860
490.497249	2136.708410	14.574016	-0.087086	2.704862
490.395857	2136.728838	14.579021	-0.087068	2.704855
490.331003	2136.748258	14.584026	-0.087056	2.704854
490.438394	2136.717407	14.589031	-0.087075	2.704857
490.527742	2136.678115	14.594035	-0.087091	2.704852
490.344450	2136.767536	14.599040	-0.087059	2.704866
490.234604	2136.790836	14.604045	-0.087039	2.704859
490.337145	2136.755931	14.609050	-0.087057	2.704859
490.340672	2136.776829	14.614055	-0.087058	2.704870
490.444650	2136.715465	14.619059	-0.087077	2.704857
490.471313	2136.715202	14.624064	-0.087081	2.704862
490.456477	2136.326809	14.629069	-0.087079	2.704668
490.424134	2136.097032	14.634074	-0.087073	2.704549
490.412182	2136.106717	14.639079	-0.087071	2.704552
490.361401	2136.118824	14.644083	-0.087062	2.704549
490.410004	2136.092739	14.649088	-0.087071	2.704545
490.479281	2136.057731	14.654093	-0.087083	2.704539
490.497651	2136.064717	14.659098	-0.087086	2.704546
490.446324	2136.078910	14.664103	-0.087077	2.704544
490.277834	2136.134168	14.669107	-0.087047	2.704543
490.392585	2136.105881	14.674112	-0.087068	2.704548
490.379820	2136.108242	14.679117	-0.087065	2.704547
490.212637	2136.167490	14.684122	-0.087036	2.704549
490.440960	2136.086057	14.689127	-0.087076	2.704547
490.397102	2136.102780	14.694131	-0.087069	2.704548
490.338395	2136.142915	14.699136	-0.087058	2.704558
490.301149	2136.140924	14.704141	-0.087052	2.704551
490.480923	2136.082950	14.709146	-0.087084	2.704552
490.310526	2136.135688	14.714151	-0.087053	2.704550
490.226031	2136.168115	14.719155	-0.087038	2.704552
490.273207	2136.155182	14.724160	-0.087047	2.704553
490.373077	2136.119283	14.729165	-0.087065	2.704552
490.332834	2136.113243	14.734170	-0.087057	2.704542
490.261973	2136.143572	14.739175	-0.087045	2.704546
490.441602	2135.981774	14.744179	-0.087077	2.704496
490.310413	2135.567728	14.749184	-0.087053	2.704270
490.244221	2136.017637	14.754189	-0.087042	2.704481
490.343911	2135.926063	14.759194	-0.087060	2.704452
490.446181	2135.499851	14.764199	-0.087078	2.704259
490.464839	2135.484572	14.769203	-0.087081	2.704255
490.468369	2135.500396	14.774208	-0.087082	2.704263
490.444161	2135.490812	14.779213	-0.087078	2.704255
490.320500	2135.540977	14.784218	-0.087056	2.704259
490.380296	2135.493991	14.789223	-0.087066	2.704246
490.376306	2135.503504	14.794227	-0.087066	2.704250
490.321162	2135.517095	14.799232	-0.087056	2.704247
490.281015	2135.530024	14.804237	-0.087049	2.704247
490.352298	2135.510801	14.809242	-0.087061	2.704249
490.381534	2135.497628	14.814247	-0.087067	2.704248
490.357358	2135.519065	14.819251	-0.087062	2.704254
490.344311	2135.535455	14.824256	-0.087060	2.704260
490.444583	2135.470286	14.829261	-0.087078	2.704245
490.404205	2135.501660	14.834266	-0.087071	2.704254
490.317737	2135.548057	14.839271	-0.087055	2.704262
490.459292	2135.478363	14.844275	-0.087081	2.704252
490.388376	2135.510611	14.849280	-0.087068	2.704256
490.392590	2135.172830	14.854285	-0.087069	2.704090
490.432632	2134.834296	14.859290	-0.087076	2.703930
490.498301	2134.812545	14.864295	-0.087088	2.703930
490.476227	2134.791474	14.869299	-0.087084	2.703916
490.453020	2134.832210	14.874304	-0.087080	2.703932
490.510896	2134.802976	14.879309	-0.087090	2.703927
490.640762	2134.761316	14.884314	-0.087114	2.703929
490.515804	2134.715672	14.889319	-0.087091	2.703885

490.435613	2134.209062	14.894323	-0.087077	2.703622
490.519165	2133.879226	14.899328	-0.087092	2.703474
490.286707	2133.314913	14.904333	-0.087050	2.703156
490.343125	2132.563283	14.909338	-0.087060	2.702795
490.403515	2131.513587	14.914343	-0.087071	2.702287
490.222946	2130.517492	14.919347	-0.087039	2.701766
490.259802	2129.199746	14.924352	-0.087045	2.701122
490.373285	2127.555873	14.929357	-0.087065	2.700329
490.280259	2125.831569	14.934362	-0.087048	2.699462
490.247128	2123.923161	14.939367	-0.087042	2.698514
490.205905	2121.810977	14.944371	-0.087035	2.697464
490.201757	2119.630185	14.949376	-0.087034	2.696385
489.972930	2117.228772	14.954381	-0.086992	2.695159
489.998352	2114.639181	14.959386	-0.086997	2.693882
489.839435	2111.925002	14.964391	-0.086968	2.692512
489.755459	2109.113641	14.969395	-0.086953	2.691105
489.638091	2106.094058	14.974400	-0.086931	2.689589
489.509712	2102.912523	14.979405	-0.086908	2.687990
489.379726	2099.688807	14.984410	-0.086884	2.686369
489.171422	2096.247315	14.989415	-0.086847	2.684625
489.146892	2092.645619	14.994419	-0.086842	2.682832
488.914867	2089.048634	14.999424	-0.086800	2.681005
488.806111	2085.176894	15.004429	-0.086780	2.679060
488.686245	2081.208359	15.009434	-0.086758	2.677064
488.609074	2077.087951	15.014439	-0.086744	2.674999
488.455284	2072.814762	15.019443	-0.086716	2.672842
488.184336	2068.574460	15.024448	-0.086667	2.670680
487.971859	2064.084050	15.029453	-0.086628	2.668401
487.772429	2059.572523	15.034458	-0.086592	2.666112
487.565373	2054.893544	15.039463	-0.086555	2.663736
487.567048	2050.080811	15.044467	-0.086554	2.661326
487.437126	2045.052821	15.049472	-0.086530	2.658784
487.400100	2039.905875	15.054477	-0.086523	2.656196
487.300814	2034.581458	15.059482	-0.086505	2.653505
487.048805	2029.227266	15.064487	-0.086459	2.650770
487.316062	2023.462789	15.069491	-0.086506	2.647915
487.048184	2017.720177	15.074496	-0.086458	2.644976
486.939482	2011.824382	15.079501	-0.086437	2.641984
486.865705	2005.738282	15.084506	-0.086424	2.638898
486.528685	1999.678074	15.089511	-0.086363	2.635776
486.291893	1993.463884	15.094515	-0.086319	2.632590
486.115999	1987.191524	15.099520	-0.086287	2.629381
485.971906	1980.751523	15.104525	-0.086261	2.626088
485.837443	1974.185576	15.109530	-0.086236	2.622729
485.647218	1967.508702	15.114535	-0.086201	2.619299
485.366708	1960.803179	15.119539	-0.086150	2.615835
485.132515	1953.993245	15.124544	-0.086107	2.612320
484.976177	1947.049777	15.129549	-0.086079	2.608746
484.832603	1939.945624	15.134554	-0.086052	2.605088
484.509611	1932.852514	15.139559	-0.085993	2.601398
484.297485	1925.601626	15.144563	-0.085955	2.597641
484.100923	1918.316550	15.149568	-0.085918	2.593864
483.555221	1911.073673	15.154573	-0.085820	2.590042
483.444754	1903.648273	15.159578	-0.085799	2.586197
483.239407	1896.138018	15.164583	-0.085762	2.582285
482.844306	1888.604441	15.169587	-0.085690	2.578321
482.656503	1880.960117	15.174592	-0.085656	2.574332
482.342244	1873.156153	15.179597	-0.085598	2.570230
482.197739	1865.278172	15.184602	-0.085572	2.566114
481.799070	1857.466285	15.189607	-0.085499	2.561979
481.443902	1849.599285	15.194611	-0.085435	2.557817
481.388569	1841.548374	15.199616	-0.085424	2.553607
481.039395	1833.531061	15.204621	-0.085361	2.549354
480.644806	1825.421384	15.209626	-0.085289	2.545037
480.455249	1817.245038	15.214631	-0.085254	2.540714
480.174963	1808.973313	15.219635	-0.085203	2.536318
479.717926	1800.800557	15.224640	-0.085120	2.531934
479.384812	1792.509589	15.229645	-0.085060	2.527502
479.213883	1784.052913	15.234650	-0.085028	2.523005
478.880626	1775.655417	15.239655	-0.084967	2.518502
478.463888	1767.247378	15.244659	-0.084892	2.513969
478.174965	1758.772990	15.249664	-0.084839	2.509416
477.975471	1750.146096	15.254669	-0.084802	2.504790
477.646794	1741.515240	15.259674	-0.084742	2.500130
477.316521	1732.828642	15.264679	-0.084682	2.495430
476.995775	1724.085737	15.269683	-0.084624	2.490693
476.704934	1715.312369	15.274688	-0.084571	2.485937
476.331717	1706.508881	15.279693	-0.084503	2.481139
476.041233	1697.616121	15.284698	-0.084450	2.476300
475.774608	1688.758715	15.289703	-0.084401	2.471475
475.444448	1679.753827	15.294707	-0.084341	2.466548
475.033695	1670.820968	15.299712	-0.084266	2.461636
474.668519	1661.825093	15.304717	-0.084200	2.456687
474.553666	1652.720064	15.309722	-0.084178	2.451718
474.305634	1643.477748	15.314727	-0.084133	2.446637
473.880738	1634.337508	15.319731	-0.084056	2.441568
473.755200	1624.993414	15.324736	-0.084032	2.436435
473.213872	1615.785671	15.329741	-0.083934	2.431284
472.903876	1606.488576	15.334746	-0.083878	2.426119
472.640826	1597.121096	15.339751	-0.083829	2.420913
472.358418	1587.674319	15.344755	-0.083778	2.415647
471.972354	1578.215172	15.349760	-0.083708	2.410344
471.243962	1568.880189	15.354765	-0.083576	2.405030
470.832810	1559.582141	15.359770	-0.083501	2.399787
470.289656	1550.333752	15.364775	-0.083403	2.394534
469.978490	1540.993824	15.369779	-0.083346	2.389264
469.793104	1531.533130	15.374784	-0.083312	2.383940
469.319632	1522.143209	15.379789	-0.083226	2.378586
468.973842	1512.718516	15.384794	-0.083163	2.373226
468.750053	1503.197874	15.389799	-0.083122	2.367824
468.409757	1493.638668	15.394803	-0.083060	2.362365
468.000827	1484.126140	15.399808	-0.082986	2.356905
467.458743	1474.673706	15.404813	-0.082887	2.351440
467.163757	1465.122313	15.409818	-0.082834	2.345956
466.919536	1455.499083	15.414823	-0.082789	2.340428
466.465347	1445.905007	15.419827	-0.082706	2.334861
466.320382	1436.192543	15.424832	-0.082679	2.329276
465.822563	1426.527474	15.429837	-0.082589	2.323632
465.512202	1416.815924	15.434842	-0.082532	2.317986
465.142986	1407.127040	15.439847	-0.082465	2.312327
464.696405	1397.415570	15.444851	-0.082384	2.306625
464.297087	1387.725747	15.449856	-0.082311	2.300932
463.830540	1378.024925	15.454861	-0.082227	2.295203
463.512716	1368.301961	15.459866	-0.082169	2.289479
462.986163	1358.631956	15.464871	-0.082073	2.283727
462.700549	1348.857468	15.469875	-0.082021	2.277950
462.392545	1339.129224	15.474880	-0.081965	2.272180
461.844871	1329.405243	15.479885	-0.081865	2.266348
461.554891	1319.635084	15.484890	-0.081812	2.260527
461.318518	1309.784867	15.489895	-0.081769	2.254656
460.957401	1299.898791	15.494899	-0.081703	2.248721
460.686168	1289.990837	15.499904	-0.081653	2.242777
460.302097	1280.098453	15.504909	-0.081584	2.236802
459.843616	1270.249486	15.509914	-0.081500	2.230821
459.376314	1260.379476	15.514919	-0.081415	2.224809
459.019776	1250.497213	15.519923	-0.081350	2.218797
458.654126	1240.620148	15.524928	-0.081284	2.212770
458.196792	1230.729120	15.529933	-0.081201	2.206698
457.833915	1220.825768	15.534938	-0.081135	2.200622
457.272704	1211.042812	15.539943	-0.081033	2.194559
457.015322	1201.134810	15.544947	-0.080986	2.188470
456.478395	1191.365547	15.549952	-0.080889	2.182386
456.120958	1181.481594	15.554957	-0.080824	2.176255
455.654032	1171.658996	15.559962	-0.080739	2.170120
455.301272	1161.792876	15.564967	-0.080674	2.163966
454.986790	1151.892643	15.569971	-0.080617	2.157782
454.603473	1142.053640	15.574976	-0.080547	2.151603
453.998668	1132.264817	15.579981	-0.080438	2.145386
453.568841	1122.457109	15.584986	-0.080360	2.139179
453.252121	1112.637642	15.589991	-0.080302	2.132973
452.923121	1102.754665	15.594995	-0.080242	2.126706
452.449503	1092.950009	15.600000	-0.080156	2.120436
451.935330	1083.199550	15.605005	-0.080063	2.114172
451.386039	1073.486937	15.610010	-0.079963	2.107905
450.834523	1063.838525	15.615015	-0.079863	2.101660
450.497235	1054.070889	15.620019	-0.079802	2.095370
450.161866	1044.289357	15.625024	-0.079741	2.089052
449.653986	1034.623714	15.630029	-0.079649	2.082749
449.264172	1024.912857	15.635034	-0.079578	2.076425
448.827590	1015.251548	15.640039	-0.079498	2.070103
448.433135	1005.587754	15.645043	-0.079427	2.063770
448.102477	995.892198	15.650048	-0.079366	2.057412
447.460633	986.315456	15.655053	-0.079250	2.051036
446.921491	976.750962	15.660058	-0.079153	2.044673
446.485582	967.217335	15.665063	-0.079074	2.038336
446.134828	957.640490	15.670067	-0.079010	2.031970
445.853930	948.024283	15.675072	-0.078958	2.025576
445.268814	938.502745	15.680077	-0.078853	2.019150
444.798423	928.995863	15.685082	-0.078767	2.012740
444.484420	919.423810	15.690087	-0.078710	2.006306
443.934961	909.952668	15.695091	-0.078610	1.999859
443.493334	900.524923	15.700096	-0.078530	1.993447
442.913098	891.122004	15.705101	-0.078425	1.986997
442.511449	881.725906	15.710106	-0.078352	1.980575
442.141301	872.315027	15.715111	-0.078285	1.974129
441.785771	862.861900	15.720115	-0.078220	1.967638
441.384564	853.456597	15.725120	-0.078147	1.961146
440.770572	844.171206	15.730125	-0.078036	1.954660
440.192526	834.911979	15.735130	-0.077932	1.948179
439.788833	825.630165	15.740135	-0.077858	1.941705
439.228769	816.468594	15.745139	-0.077757	1.935253
438.853962	807.248575	15.750144	-0.077689	1.928786
438.308204	798.058726	15.755149	-0.077590	1.922274
437.853867	788.910196	15.760154	-0.077508	1.915792
437.423886	779.751425	15.765159	-0.077430	1.909287
436.767037	770.733033	15.770163	-0.077311	1.902799
436.535726	761.595792	15.775168	-0.077269	1.896316
435.973006	752.567236	15.780173	-0.077167	1.889801
435.619784	743.476784	15.785178	-0.077103	1.883274
435.212327	734.431946	15.790183	-0.077029	1.876743
434.718654	725.427337	15.795187	-0.076939	1.870195
434.231654	716.470658	15.800192	-0.076851	1.863659
433.675416	707.529876	15.805197	-0.076750	1.857093
433.036754	698.704998	15.810202	-0.076635	1.850565
432.738785	689.791689	15.815207	-0.076581	1.844042
432.185460	680.973436	15.820211	-0.076481	1.837495
431.613562	672.240774	15.825216	-0.076377	1.830982
431.229100	663.453279	15.830221	-0.076307	1.824457
430.670998	654.759934	15.835226	-0.076206	1.817930
430.204517	646.055493	15.840231	-0.076122	1.811396
429.652861	637.423414	15.845235	-0.076022	1.804868
429.338292	628.737285	15.850240	-0.075965	1.798342
428.585899	620.231942	15.855245	-0.075829	1.791804
428.102704	611.722236	15.860250	-0.075742	1.785315
427.770103	603.126977	15.865255	-0.075681	1.778781
427.342357	594.553880	15.870259	-0.075604	1.772211
426.780936	586.121733	15.875264	-0.075502	1.765686
426.196350	577.713639	15.880269	-0.075397	1.759148
425.724200	569.317083	15.885274	-0.075311	1.752626
425.313271	560.947716	15.890279	-0.075237	1.746119
424.655621	552.682782	15.895283	-0.075118	1.739595
424.087965	544.473138	15.900288	-0.075015	1.733115
423.692572	536.187300	15.905293	-0.074944	1.726603
423.160689	528.016070	15.910298	-0.074848	1.720115
422.694452	519.858817	15.915303	-0.074763	1.713632
422.259641	511.679358	15.920307	-0.074684	1.707116
421.728159	503.596532	15.925312	-0.074588	1.700622
421.260632	495.490232	15.930317	-0.074504	1.694104
420.740742	487.441632	15.935322	-0.074410	1.687591
420.057924	479.530028	15.940327	-0.074287	1.681111
419.489452	471.628794	15.945331	-0.074184	1.674649
418.965281	463.773522	15.950336	-0.074089	1.668213
418.574448	455.869774	15.955341	-0.074018	1.661753
417.902301	448.139058	15.960346	-0.073897	1.655321
417.412962	440.382555	15.965351	-0.073809	1.648899
416.947453	432.625926	15.970355	-0.073724	1.642459
416.397072	424.977208	15.975360	-0.073625	1.636055
415.845916	417.345802	15.980365	-0.073526	1.629640
415.300381	409.745925	15.985370	-0.073427	1.623227
414.677127	402.241442	15.990375	-0.073315	1.616843
414.192051	394.704146	15.995379	-0.073227	1.610450
413.598428	387.287119	16.000384	-0.073120	1.604097
413.059229	379.868613	16.005389	-0.073022	1.597734
412.394218	372.576026	16.010394	-0.072903	1.591411
411.998768	365.230709	16.015399	-0.072831	1.585106
411.235284	358.039926	16.020403	-0.072694	1.578786
410.524339	350.930401	16.025408	-0.072566	1.572527
410.121238	343.762483	16.030413	-0.072493	1.566293
409.309112	336.806361	16.035418	-0.072346	1.560081
408.760435	329.839605	16.040423	-0.072247	1.553923
408.285349	322.832007	16.045427	-0.072162	1.547728
407.733055	315.930281	16.050432	-0.072062	1.541575
406.991472	309.119932	16.055437	-0.071928	1.535413
406.313203	302.383506	16.060442	-0.071806	1.529312
405.834613	295.630786	16.065447	-0.071720	1.523239
405.168291	289.004630	16.070451	-0.071600	1.517190
404.763792	282.276781	16.075456	-0.071527	1.511115
403.911432	275.810962	16.080461	-0.071373	1.505095
403.250777	269.345829	16.085466	-0.071254	1.499117
402.680600	262.906476	16.090471	-0.071152	1.493170
401.900657	256.598496	16.095475	-0.071011	1.487243
401.248695	250.335308	16.100480	-0.070894	1.481378
400.542849	244.159476	16.105485	-0.070767	1.475549
399.913056	238.012254	16.110490	-0.070654	1.469750
399.335255	231.908196	16.115495	-0.070549	1.463986
398.713745	225.806462	16.120499	-0.070438	1.458185
398.252651	219.727372	16.125504	-0.070354	1.452439
397.454277	213.807534	16.130509	-0.070211	1.446696
396.751007	207.965049	16.135514	-0.070084	1.441036
395.959403	202.228544	16.140519	-0.069942	1.435420
395.145354	196.576048	16.145523	-0.069796	1.429852
394.578148	190.917672	16.150528	-0.069694	1.424347
393.695436	185.432281	16.155533	-0.069535	1.418868
393.136707	179.894486	16.160538	-0.069434	1.413436
392.396943	174.497291	16.165543	-0.069301	1.408051
391.826298	169.075777	16.170547	-0.069199	1.402684
391.206358	163.731260	16.175552	-0.069087	1.397351
390.186143	158.598890	16.180557	-0.068904	1.392052
389.557051	153.435680	16.185562	-0.068791	1.386849
388.820928	148.368215	16.190567	-0.068658	1.381679
387.970267	143.408895	16.195571	-0.068506	1.376551
387.070523	138.574007	16.200576	-0.068344	1.371506
386.271797	133.780538	16.205581	-0.068201	1.366522
385.387581	129.119718	16.210586	-0.068042	1.361616
384.411318	124.611010	16.215591	-0.067867	1.356807
383.761406	120.054942	16.220595	-0.067750	1.352060
383.006452	115.596299	16.225600	-0.067614	1.347352
381.807515	111.392212	16.230605	-0.067399	1.342707
380.839737	107.265889	16.235610	-0.067226	1.338215
379.268249	103.514510	16.240615	-0.066944	1.333846
378.174364	99.780942	16.245619	-0.066748	1.329668
376.964221	96.199274	16.250624	-0.066531	1.325584
375.280228	93.040743	16.255629	-0.066230	1.321728
374.786301	89.541121	16.260634	-0.066141	1.317986
371.922082	87.119224	16.265639	-0.065628	1.314386
370.786094	84.444200	16.270643	-0.065425	1.311208
370.256775	81.568014	16.275648	-0.065329	1.308060
368.535754	79.230109	16.280653	-0.065021	1.304976
366.713241	77.253450	16.285658	-0.064695	1.302215
366.222681	74.864660	16.290663	-0.064607	1.299562
366.018191	72.322955	16.295667	-0.064570	1.296861
365.112275	70.072668	16.300672	-0.064408	1.294171
361.398106	69.275689	16.305677	-0.063743	1.291840
361.000982	67.514512	16.310682	-0.063672	1.289853
360.636998	65.698073	16.315687	-0.063607	1.287820
360.400845	63.828577	16.320691	-0.063564	1.285781
359.988796	61.966551	16.325696	-0.063490	1.283674
359.437085	60.190919	16.330701	-0.063391	1.281596
359.022126	58.356876	16.335706	-0.063317	1.279511
356.690189	57.339125	16.340711	-0.062900	1.277488
355.008482	56.524619	16.345715	-0.062599	1.275942
354.885214	55.078990	16.350720	-0.062577	1.274375
354.437410	53.736346	16.355725	-0.062496	1.272780
354.178723	52.351961	16.360730	-0.062450	1.271217
353.827563	50.912352	16.365735	-0.062387	1.269556
353.545644	49.414407	16.370739	-0.062336	1.267860
352.457480	48.259155	16.375744	-0.062142	1.266189
349.055231	48.359272	16.380749	-0.061533	1.264881
348.620285	47.577538	16.385754	-0.061455	1.263873
348.280530	46.710688	16.390759	-0.061394	1.262814
348.188179	45.773561	16.395763	-0.061378	1.261782
347.898312	44.801338	16.400768	-0.061326	1.260630
347.512710	43.837128	16.405773	-0.061257	1.259445
347.332203	42.751576	16.410778	-0.061224	1.258216
346.942794	41.732963	16.415783	-0.061154	1.256970
346.816751	40.549842	16.420787	-0.061132	1.255657
345.648756	39.740075	16.425792	-0.060923	1.254304
342.395937	40.133944	16.430797	-0.060341	1.253359
342.217266	39.542571	16.435802	-0.060309	1.252652
341.889096	39.029955	16.440807	-0.060250	1.251967
341.814788	38.299170	16.445811	-0.060237	1.251154
341.643932	37.565878	16.450816	-0.060206	1.250298
341.365449	36.808077	16.455821	-0.060156	1.249369
341.136203	35.977459	16.460826	-0.060115	1.248383
340.839199	35.151613	16.465831	-0.060062	1.247372
340.460731	34.357001	16.470835	-0.059994	1.246359
339.577362	33.704703	16.475840	-0.059836	1.245285
337.040702	33.950925	16.480845	-0.059382	1.244477
336.448524	33.661886	16.485850	-0.059277	1.243916
336.181747	33.240679	16.490855	-0.059229	1.243349
336.051725	32.679286	16.495859	-0.059205	1.242690
335.615521	32.253729	16.500864	-0.059127	1.242047
335.231283	31.793779	16.505869	-0.059059	1.241388
334.788101	31.287039	16.510874	-0.058979	1.240654
333.488367	31.165697	16.515879	-0.058747	1.239971
332.083537	31.296433	16.520883	-0.058496	1.239515
332.026074	30.961599	16.525888	-0.058485	1.239129
331.679766	30.613105	16.530893	-0.058423	1.238605
331.851984	30.054834	16.535898	-0.058454	1.238075
331.572072	29.584214	16.540903	-0.058404	1.237447
331.526507	29.001363	16.545907	-0.058396	1.236797
331.514524	28.236873	16.550912	-0.058394	1.235965
331.112957	27.603548	16.555917	-0.058322	1.235107
331.048100	26.808256	16.560922	-0.058310	1.234217
330.802586	26.004446	16.565927	-0.058266	1.233241
327.672394	26.457071	16.570931	-0.057706	1.232394
326.604632	26.577474	16.575936	-0.057515	1.232068
326.290959	26.388483	16.580941	-0.057459	1.231728
326.207197	25.997252	16.585946	-0.057444	1.231267
326.143283	25.568655	16.590951	-0.057433	1.230774
325.903989	25.110121	16.595955	-0.057390	1.230172
325.795617	24.546027	16.600960	-0.057370	1.229512
325.584371	23.983380	16.605965	-0.057333	1.228809
325.363667	23.376147	16.610970	-0.057293	1.228052
325.177148	22.700929	16.615975	-0.057260	1.227236
324.868085	22.042032	16.620979	-0.057204	1.226384
324.806819	21.219541	16.625984	-0.057193	1.225460
324.211000	20.561477	16.630989	-0.057087	1.224484
320.753951	21.279673	16.635994	-0.056468	1.223780
320.560700	20.989310	16.640999	-0.056434	1.223379
320.415416	20.651365	16.646003	-0.056408	1.222947
320.231332	20.236708	16.651008	-0.056375	1.222413
319.868160	19.907871	16.656013	-0.056310	1.221896
319.910666	19.321617	16.661018	-0.056317	1.221272
319.827052	18.680617	16.666023	-0.056302	1.220533
319.705611	18.012414	16.671027	-0.056281	1.219748
319.321448	17.366653	16.676032	-0.056212	1.218872
318.948386	16.716251	16.681037	-0.056145	1.217996
318.807698	15.967178	16.686042	-0.056120	1.217112
318.675105	15.143545	16.691047	-0.056096	1.216148
315.931997	15.375808	16.696051	-0.055605	1.215213
313.728860	15.883998	16.701056	-0.055211	1.214816
313.502682	15.774341	16.706061	-0.055171	1.214597
313.335637	15.556688	16.711066	-0.055141	1.214284
313.292142	15.211296	16.716071	-0.055133	1.213884
313.143127	14.827000	16.721075	-0.055106	1.213395
313.064821	14.353998	16.726080	-0.055092	1.212839
312.875638	13.900076	16.731085	-0.055059	1.212256
312.532470	13.469137	16.736090	-0.054997	1.211630
312.308283	12.890936	16.741095	-0.054957	1.210893
312.285966	12.204413	16.746099	-0.054953	1.210124
312.105330	11.498724	16.751104	-0.054921	1.209264
311.783426	10.799797	16.756109	-0.054863	1.208349
311.560911	10.053441	16.761114	-0.054823	1.207425
310.810347	9.489287	16.766119	-0.054689	1.206470
306.023272	10.789660	16.771123	-0.053833	1.205818
305.858984	10.841656	16.776128	-0.053803	1.205804
305.633921	10.813986	16.781133	-0.053763	1.205675
305.560789	10.622783	16.786138	-0.053750	1.205430
305.483839	10.353281	16.791143	-0.053736	1.205097
305.304739	10.102955	16.796147	-0.053704	1.204740
305.248887	9.725786	16.801152	-0.053694	1.204297
304.878442	9.387636	16.806157	-0.053628	1.203758
304.638373	8.983904	16.811162	-0.053585	1.203203
304.554582	8.477757	16.816167	-0.053570	1.202603
304.302546	8.033005	16.821171	-0.053525	1.201997
304.212501	7.384754	16.826176	-0.053509	1.201235
303.809992	6.851413	16.831181	-0.053437	1.200463
303.712968	6.124451	16.836186	-0.053419	1.199609
303.591318	5.365704	16.841191	-0.053397	1.198708
301.885944	5.174261	16.846195	-0.053092	1.197742
298.721017	6.131322	16.851200	-0.052526	1.197415
298.442952	6.022830	16.856205	-0.052476	1.197171
298.538121	5.769393	16.861210	-0.052493	1.196930
298.478187	5.457988	16.866215	-0.052483	1.196555
298.186194	5.146629	16.871219	-0.052430	1.196077
298.047830	4.778297	16.876224	-0.052406	1.195603
297.817223	4.374266	16.881229	-0.052364	1.195049
297.577654	3.918959	16.886234	-0.052322	1.194432
297.369648	3.400710	16.891239	-0.052284	1.193759
296.980782	2.930563	16.896243	-0.052215	1.193059
296.770214	2.412017	16.901248	-0.052177	1.192383
296.498059	1.805658	16.906253	-0.052128	1.191581
296.315950	1.140168	16.911258	-0.052096	1.190752
296.001481	0.490433	16.916263	-0.052039	1.189881
293.852026	0.575808	16.921267	-0.051655	1.189022
292.438980	0.758327	16.926272	-0.051402	1.188599
292.027255	0.575202	16.931277	-0.051328	1.188209
291.960838	0.178358	16.936282	-0.051317	1.187732
291.630634	-0.077085	16.941287	-0.051258	1.187297
291.311198	-0.447319	16.946291	-0.051200	1.186737
291.065055	-0.859243	16.951296	-0.051156	1.186162
290.845294	-1.332646	16.956301	-0.051117	1.185529
290.529293	-1.818814	16.961306	-0.051060	1.184838
290.210280	-2.324465	16.966311	-0.051003	1.184124
288.214246	-2.078123	16.971315	-0.050646	1.183511
287.269225	-2.060981	16.976320	-0.050477	1.183107
286.852096	-2.198531	16.981325	-0.050403	1.182765
286.680105	-2.437906	16.986330	-0.050372	1.182417
286.428655	-2.669625	16.991335	-0.050327	1.182042
286.008372	-2.975362	16.996339	-0.050252	1.181507
285.900860	-3.363902	17.001344	-0.050232	1.181018
285.569373	-3.734061	17.006349	-0.050173	1.180450
284.104814	-3.658029	17.011354	-0.049911	1.179879
282.677892	-3.323184	17.016359	-0.049656	1.179619
282.479734	-3.457468	17.021363	-0.049621	1.179378
282.372358	-3.690472	17.026368	-0.049601	1.179065
282.086848	-3.915226	17.031373	-0.049550	1.178681
282.017672	-4.227801	17.036378	-0.049538	1.178295
281.860163	-4.628430	17.041383	-0.049510	1.177769
281.621861	-4.985410	17.046387	-0.049467	1.177255
281.206188	-5.332280	17.051392	-0.049393	1.176673
279.765182	-5.248563	17.056397	-0.049135	1.176120
278.559393	-5.079374	17.061402	-0.048919	1.175770
278.399793	-5.259787	17.066407	-0.048891	1.175493
278.119851	-5.453020	17.071411	-0.048841	1.175146
277.815347	-5.692621	17.076416	-0.048786	1.174736
277.602081	-5.978742	17.081421	-0.048748	1.174313
277.587150	-6.427521	17.086426	-0.048745	1.173794
277.441578	-6.899150	17.091431	-0.048719	1.173190
277.056009	-7.288837	17.096435	-0.048650	1.172571
275.463594	-7.085670	17.101440	-0.048365	1.172084
275.273189	-7.467282	17.106445	-0.048331	1.171561
275.003477	-7.785770	17.111450	-0.048283	1.171075
274.630492	-8.118265	17.116455	-0.048216	1.170526
272.958126	-7.864534	17.121459	-0.047917	1.170059
272.668135	-8.036447	17.126464	-0.047865	1.169731
272.281121	-8.231818	17.131469	-0.047796	1.169332
271.590678	-8.287866	17.136474	-0.047673	1.168955
270.788071	-8.239857	17.141479	-0.047529	1.168646
270.249310	-8.298576	17.146483	-0.047433	1.168335
269.441090	-8.177797	17.151488	-0.047288	1.168107
267.702110	-7.646348	17.156493	-0.046977	1.167928
257.990000	-3.491549	17.161498	-0.045240	1.168290
256.878457	-0.422731	17.166503	-0.045042	1.171304
258.414523	-0.180268	17.171507	-0.045317	1.172277
265.694753	-1.987935	17.176512	-0.046619	1.173499
263.288384	-0.944795	17.181517	-0.046189	1.173605
265.284249	-1.543019	17.186522	-0.046546	1.173822
265.648522	-1.783540	17.191527	-0.046611	1.173712
265.093537	-1.802824	17.196531	-0.046512	1.173440
263.545723	-1.396713	17.201536	-0.046235	1.173205
263.743049	-1.483454	17.206541	-0.046270	1.173195
262.889584	-1.267554	17.211546	-0.046117	1.173056
262.231767	-0.919044	17.216551	-0.046000	1.173158
262.043251	-1.078846	17.221555	-0.045966	1.172890
261.626813	-0.916616	17.226560	-0.045892	1.172887
261.833407	-1.232982	17.231565	-0.045929	1.172619
260.637817	-0.832863	17.236570	-0.045715	1.172537
260.727961	-1.037010	17.241575	-0.045731	1.172344
259.572776	-0.825725	17.246579	-0.045524	1.172064
258.660012	-0.499670	17.251584	-0.045361	1.172024
259.452058	-0.855281	17.256589	-0.045503	1.171975
257.789497	-0.431580	17.261594	-0.045205	1.171708
258.977007	-0.982555	17.266599	-0.045418	1.171615
257.099593	-0.445422	17.271603	-0.045082	1.171381
256.802541	-0.500245	17.276608	-0.045029	1.171184
257.374161	-0.882278	17.281613	-0.045131	1.171005
255.020020	-0.172052	17.286618	-0.044710	1.170753
255.730930	-0.461362	17.291623	-0.044837	1.170743
254.180839	-0.112591	17.296627	-0.044560	1.170441
254.389534	-0.197684	17.301632	-0.044598	1.170438
255.155307	-0.648115	17.306637	-0.044735	1.170269
253.616044	-0.342989	17.311642	-0.044459	1.169922
253.219103	-0.262304	17.316647	-0.044388	1.169834
251.775376	0.007993	17.321651	-0.044130	1.169490
252.170037	-0.135090	17.326656	-0.044201	1.169505
252.488205	-0.454626	17.331661	-0.044258	1.169283
250.613587	-0.015271	17.336666	-0.043922	1.168937
250.963484	-0.206929	17.341671	-0.043985	1.168876
250.177635	-0.142257	17.346675	-0.043844	1.168594
250.143539	-0.243858	17.351680	-0.043838	1.168462
249.498608	-0.229692	17.356685	-0.043723	1.168185
247.997500	0.137802	17.361690	-0.043454	1.167926
248.563657	-0.113817	17.366695	-0.043556	1.167894
247.522058	0.062113	17.371699	-0.043369	1.167623
247.633261	-0.076577	17.376704	-0.043389	1.167515
247.648515	-0.331659	17.381709	-0.043392	1.167229
245.959144	0.102407	17.386714	-0.043090	1.166960
246.033300	-0.124237	17.391719	-0.043103	1.166733
245.118627	0.006474	17.396723	-0.042940	1.166468
244.815463	0.073434	17.401728	-0.042885	1.166407
245.108520	-0.324537	17.406733	-0.042938	1.166083
243.181106	0.166619	17.411738	-0.042593	1.165771
243.824855	-0.114700	17.416743	-0.042708	1.165741
243.078522	-0.061366	17.421747	-0.042575	1.165463
242.265954	0.001409	17.426752	-0.042430	1.165165
242.728311	-0.328782	17.431757	-0.042512	1.164996
240.997581	0.218089	17.436762	-0.042203	1.164837
241.026751	-0.052251	17.441767	-0.042208	1.164539
240.847041	-0.211013	17.446771	-0.042176	1.164275
239.916386	0.043546	17.451776	-0.042009	1.164144
239.909022	-0.191265	17.456781	-0.042008	1.163870
238.330548	0.195669	17.461786	-0.041726	1.163597
239.056449	-0.201575	17.466791	-0.041856	1.163470
238.197340	-0.104329	17.471795	-0.041702	1.163190
236.727279	0.277322	17.476800	-0.041439	1.162960
237.761974	-0.250291	17.481805	-0.041624	1.162824
236.206021	0.215383	17.486810	-0.041346	1.162651
236.225269	0.019131	17.491815	-0.041349	1.162434
236.295220	-0.238714	17.496819	-0.041362	1.162168
234.662157	0.229512	17.501824	-0.041070	1.161963
234.751445	0.040284	17.506829	-0.041086	1.161785
233.872482	0.106535	17.511834	-0.040929	1.161461
234.178159	-0.130837	17.516839	-0.040983	1.161326
233.449807	-0.134692	17.521843	-0.040853	1.160989
232.308644	0.181647	17.526848	-0.040649	1.160833
232.557661	-0.169968	17.531853	-0.040693	1.160541
231.659371	-0.072044	17.536858	-0.040533	1.160243
231.769810	-0.250236	17.541863	-0.040553	1.160088
230.647589	-0.116322	17.546867	-0.040352	1.159729
229.216459	0.328710	17.551872	-0.040096	1.159589
230.630440	-0.341538	17.556877	-0.040349	1.159461
229.079335	-0.024865	17.561882	-0.040071	1.159118
228.541615	0.045136	17.566887	-0.039975	1.158953
228.685749	-0.221239	17.571891	-0.040001	1.158710
227.475117	0.049873	17.576896	-0.039784	1.158470
227.679395	-0.172360	17.581901	-0.039821	1.158306
226.402839	0.091576	17.586906	-0.039593	1.158027
226.593328	-0.120366	17.591911	-0.039627	1.157869
226.409987	-0.292157	17.596915	-0.039594	1.157586
224.510361	0.349392	17.601920	-0.039254	1.157458
225.611628	-0.316820	17.606925	-0.039451	1.157191
224.351465	-0.139963	17.611930	-0.039226	1.156818
223.712019	0.043322	17.616935	-0.039112	1.156737
223.541561	-0.147831	17.621939	-0.039081	1.156437
222.160667	0.182923	17.626944	-0.038834	1.156187
223.416710	-0.427167	17.631949	-0.039059	1.156056
221.643141	-0.087917	17.636954	-0.038742	1.155635
221.017690	0.083002	17.641959	-0.038630	1.155547
221.767475	-0.430378	17.646963	-0.038764	1.155295
219.367016	0.211413	17.651968	-0.038334	1.154937
220.213755	-0.121355	17.656973	-0.038486	1.154940
219.937625	-0.268191	17.661978	-0.038437	1.154643
218.294763	0.117942	17.666983	-0.038143	1.154336
219.404668	-0.443793	17.671987	-0.038341	1.154193
217.670810	0.053076	17.676992	-0.038031	1.153974
217.299054	-0.048314	17.681997	-0.037965	1.153685
216.986618	-0.114554	17.687002	-0.037909	1.153464
215.680250	0.319700	17.692007	-0.037675	1.153368
216.702844	-0.252264	17.697011	-0.037858	1.153173
215.170270	0.117191	17.702016	-0.037584	1.152898
215.110901	0.012834	17.707021	-0.037573	1.152749
215.003245	-0.132112	17.712026	-0.037554	1.152530
213.761909	0.103184	17.717031	-0.037332	1.152233
214.396171	-0.315791	17.722035	-0.037446	1.152037
212.671192	0.176551	17.727040	-0.037137	1.151815
212.405947	0.040495	17.732045	-0.037090	1.151535
212.258146	-0.090362	17.737050	-0.037063	1.151314
211.474927	0.130629	17.742055	-0.036923	1.151210
211.686412	-0.259430	17.747059	-0.036961	1.150853
210.731798	-0.112932	17.752064	-0.036790	1.150583
210.474629	-0.275916	17.757069	-0.036744	1.150275
209.443691	-0.100218	17.762074	-0.036560	1.150004
208.411756	0.292591	17.767079	-0.036375	1.149986
209.318689	-0.280152	17.772083	-0.036538	1.149736
207.858856	-0.002763	17.777088	-0.036277	1.149385
207.637655	0.042589	17.782093	-0.036237	1.149336
206.911850	0.061228	17.787098	-0.036107	1.149023
206.541260	0.124704	17.792103	-0.036041	1.148925
207.082413	-0.339562	17.797107	-0.036138	1.148633
205.208418	0.203332	17.802112	-0.035803	1.148401
205.113973	0.038771	17.807117	-0.035786	1.148165
205.272101	-0.218630	17.812122	-0.035814	1.147937
203.086936	0.517019	17.817127	-0.035423	1.147786
204.645892	-0.233992	17.822131	-0.035702	1.147630
203.287181	-0.004439	17.827136	-0.035459	1.147269
203.016790	-0.034014	17.832141	-0.035411	1.147109
202.645683	-0.186030	17.837146	-0.035344	1.146759
200.559610	0.479410	17.842151	-0.034971	1.146572
201.844607	-0.108556	17.847155	-0.035201	1.146479
200.877195	0.053895	17.852160	-0.035028	1.146221
199.916729	0.185217	17.857165	-0.034856	1.145930
200.719984	-0.310413	17.862170	-0.035000	1.145721
198.801183	0.282629	17.867175	-0.034657	1.145526
198.898542	0.055474	17.872179	-0.034674	1.145305
198.685470	-0.081451	17.877184	-0.034636	1.145046
197.940581	0.032168	17.882189	-0.034503	1.144834
197.688944	-0.107220	17.887194	-0.034458	1.144553
196.119297	0.367002	17.892199	-0.034177	1.144381
197.045151	-0.204656	17.897203	-0.034343	1.144140
195.937902	-0.037913	17.902208	-0.034145	1.143821
195.335418	0.102310	17.907213	-0.034037	1.143706
195.349418	-0.232076	17.912218	-0.034039	1.143320
193.327806	0.407783	17.917223	-0.033678	1.143132
194.090274	0.101883	17.922227	-0.033814	1.143127
193.471861	0.093265	17.927232	-0.033704	1.142829
193.287343	0.026167	17.932237	-0.033671	1.142665
192.893965	-0.114040	17.937242	-0.033600	1.142317
191.594905	0.260879	17.942247	-0.033368	1.142153
191.758549	-0.026640	17.947251	-0.033397	1.141891
191.075836	-0.005915	17.952256	-0.033275	1.141598
190.451371	0.140058	17.957261	-0.033164	1.141479
190.442045	-0.134948	17.962266	-0.033162	1.141151
188.902764	0.291968	17.967271	-0.032887	1.140936
189.854101	-0.245382	17.972275	-0.033057	1.140747
188.891418	-0.197690	17.977280	-0.032885	1.140354
187.450173	0.187790	17.982285	-0.032627	1.140137
187.811447	-0.051785	17.987290	-0.032691	1.140023
185.850858	0.448399	17.992295	-0.032341	1.139698
187.170117	-0.084420	17.997299	-0.032577	1.139685
186.704429	-0.223687	18.002304	-0.032494	1.139304
184.608991	0.402235	18.007309	-0.032119	1.139064
186.175046	-0.323212	18.012314	-0.032399	1.138940
184.207314	0.273598	18.017319	-0.032047	1.138725
183.828332	0.172661	18.022323	-0.031979	1.138429
184.462961	-0.245444	18.027328	-0.032093	1.138232
182.609688	0.374496	18.032333	-0.031761	1.138098
182.873386	0.025576	18.037338	-0.031808	1.137809
182.414717	0.006308	18.042343	-0.031726	1.137572
182.117589	-0.057587	18.047347	-0.031673	1.137358
181.643860	-0.200144	18.052352	-0.031589	1.136968
179.951700	0.207003	18.057357	-0.031286	1.136657
180.387849	-0.017170	18.062362	-0.031364	1.136596
179.183023	0.236903	18.067367	-0.031148	1.136333
179.611579	-0.009334	18.072371	-0.031225	1.136242
179.139366	-0.096972	18.077376	-0.031141	1.135918
177.657131	0.264216	18.082381	-0.030876	1.135651
178.530446	-0.232784	18.087386	-0.031032	1.135472
177.003564	0.165843	18.092391	-0.030759	1.135228
176.552917	0.176874	18.097395	-0.030678	1.135030
177.031010	-0.294705	18.102400	-0.030764	1.134696
175.197250	0.260756	18.107405	-0.030436	1.134494
175.689311	-0.065472	18.112410	-0.030524	1.134338
174.450458	0.206163	18.117415	-0.030302	1.134079
174.834282	-0.093881	18.122419	-0.030371	1.133904
174.472233	-0.274372	18.127424	-0.030306	1.133520
172.496404	0.224116	18.132429	-0.029953	1.133183
173.579093	-0.271797	18.137434	-0.030146	1.133104
172.121513	0.079714	18.142439	-0.029886	1.132836
172.078137	-0.047740	18.147443	-0.029878	1.132665
172.235194	-0.352169	18.152448	-0.029906	1.132377
170.114763	0.240570	18.157453	-0.029527	1.132084
170.879660	-0.185439	18.162458	-0.029664	1.131938
169.821137	-0.021486	18.167463	-0.029474	1.131635
169.449746	-0.020489	18.172467	-0.029408	1.131462
169.609005	-0.335508	18.177472	-0.029436	1.131162
167.632668	0.305051	18.182477	-0.029083	1.130993
168.232975	-0.140567	18.187482	-0.029190	1.130747
167.968687	-0.281009	18.192487	-0.029143	1.130455
167.052493	-0.099474	18.197491	-0.028979	1.130240
166.978456	-0.340820	18.202496	-0.028966	1.129918
165.165132	0.233937	18.207501	-0.028642	1.129747
165.788102	-0.179699	18.212506	-0.028753	1.129549
165.238711	-0.206522	18.217511	-0.028655	1.129258
163.860239	0.228995	18.222515	-0.028408	1.129126
164.491719	-0.229028	18.227520	-0.028521	1.128879
163.121984	0.052204	18.232525	-0.028276	1.128568
163.486376	-0.182616	18.237530	-0.028341	1.128460
162.859326	-0.200420	18.242535	-0.028229	1.128143
161.674223	0.040939	18.247539	-0.028017	1.127871
162.494449	-0.413584	18.252544	-0.028164	1.127717
160.162363	0.203161	18.257549	-0.027747	1.127351
160.543953	-0.002770	18.262554	-0.027815	1.127286
160.800343	-0.293198	18.267559	-0.027861	1.127061
159.493846	-0.022915	18.272563	-0.027627	1.126766
159.932206	-0.427870	18.277568	-0.027706	1.126490
158.213847	0.032690	18.282573	-0.027399	1.126227
157.997525	-0.056132	18.287578	-0.027360	1.126019
158.068033	-0.291646	18.292583	-0.027372	1.125771
157.082243	-0.050603	18.297587	-0.027196	1.125593
156.864270	-0.157613	18.302592	-0.027157	1.125362
155.414781	0.203481	18.307597	-0.026898	1.125107
156.132807	-0.201766	18.312602	-0.027026	1.124963
155.588836	-0.219575	18.317607	-0.026929	1.124684
154.036396	0.213153	18.322611	-0.026651	1.124466
155.131657	-0.422716	18.327616	-0.026847	1.124225
153.271753	-0.008669	18.332621	-0.026515	1.123839
153.303775	-0.050088	18.337626	-0.026520	1.123805
152.790376	-0.077459	18.342631	-0.026429	1.123528
152.005819	0.010906	18.347635	-0.026288	1.123262
152.811537	-0.479574	18.352640	-0.026432	1.123057
150.627672	0.132736	18.357645	-0.026042	1.122754
150.537345	0.102097	18.362650	-0.026026	1.122675
150.679483	-0.157441	18.367655	-0.026051	1.122432
149.503262	0.170363	18.372659	-0.025841	1.122266
149.931744	-0.222706	18.377664	-0.025917	1.121999
148.829040	-0.043461	18.382669	-0.025720	1.121690
148.365922	-0.093400	18.387674	-0.025637	1.121410
148.569477	-0.373790	18.392679	-0.025674	1.121171
146.446086	0.181977	18.397683	-0.025294	1.120828
147.281209	-0.188529	18.402688	-0.025443	1.120781
146.004628	0.051958	18.407693	-0.025215	1.120462
145.946342	0.035951	18.412698	-0.025205	1.120415
146.164266	-0.360283	18.417703	-0.025244	1.120044
144.868661	-0.089890	18.422707	-0.025012	1.119752
144.593357	-0.169773	18.427712	-0.024963	1.119525
143.672536	-0.058647	18.432717	-0.024798	1.119220
143.196005	0.082536	18.437722	-0.024713	1.119163
142.776960	0.034282	18.442727	-0.024638	1.118905
142.179998	0.094135	18.447731	-0.024531	1.118693
142.531086	-0.181199	18.452736	-0.024594	1.118529
141.303699	0.089998	18.457741	-0.024375	1.118270
140.745820	0.075360	18.462746	-0.024275	1.117987
141.446733	-0.343037	18.467751	-0.024400	1.117818
139.580729	0.196977	18.472755	-0.024066	1.117578
139.531960	0.042676	18.477760	-0.024058	1.117369
139.257261	-0.103911	18.482765	-0.024009	1.117062
138.801155	-0.142669	18.487770	-0.023927	1.116797
138.590052	-0.267806	18.492775	-0.023889	1.116546
136.658057	0.399336	18.497779	-0.023544	1.116427
137.271622	-0.112888	18.502784	-0.023653	1.116103
136.835550	-0.142868	18.507789	-0.023575	1.115859
135.740051	0.183027	18.512794	-0.023380	1.115728
136.091882	-0.220217	18.517799	-0.023443	1.115410
134.813188	0.099087	18.522803	-0.023214	1.115184
134.908228	-0.126133	18.527808	-0.023231	1.114958
134.201406	-0.077063	18.532813	-0.023104	1.114679
133.130175	0.226684	18.537818	-0.022913	1.114533
133.517812	-0.146048	18.542823	-0.022982	1.114269
132.199367	0.151503	18.547827	-0.022746	1.113997
132.350381	0.026709	18.552832	-0.022773	1.113919
132.151389	-0.202155	18.557837	-0.022738	1.113547
131.056237	0.016786	18.562842	-0.022542	1.113287
131.403250	-0.300261	18.567847	-0.022604	1.113071
129.623024	0.142457	18.572851	-0.022286	1.112753
129.757519	0.071738	18.577856	-0.022310	1.112732
129.245892	0.004627	18.582861	-0.022218	1.112405
128.690265	0.026479	18.587866	-0.022119	1.112165
129.005954	-0.278094	18.592871	-0.022175	1.111948
127.404050	0.159958	18.597875	-0.021889	1.111710
127.319527	-0.001637	18.602880	-0.021874	1.111474
127.266658	-0.258197	18.607885	-0.021864	1.111138
125.466138	0.195575	18.612890	-0.021542	1.110823
126.056252	-0.041361	18.617895	-0.021648	1.110820
125.103029	0.084810	18.622899	-0.021477	1.110515
125.223467	-0.120547	18.627904	-0.021499	1.110324
124.572211	-0.088949	18.632909	-0.021382	1.110049
123.895686	-0.006963	18.637914	-0.021261	1.109824
123.830986	-0.267470	18.642919	-0.021250	1.109477
122.314858	0.154808	18.647923	-0.020979	1.109260
122.334960	0.003970	18.652928	-0.020982	1.109087
122.421175	-0.253925	18.657933	-0.020998	1.108815
120.780062	0.243523	18.662938	-0.020704	1.108629
121.107063	-0.094788	18.667943	-0.020763	1.108376
120.638280	-0.134857	18.672947	-0.020679	1.108102
120.248583	-0.139332	18.677952	-0.020609	1.107909
119.665318	-0.151944	18.682957	-0.020505	1.107613
118.536546	0.147203	18.687962	-0.020303	1.107432
118.589917	-0.107010	18.692967	-0.020313	1.107149
117.983590	-0.048395	18.697971	-0.020204	1.106928
117.369867	0.078867	18.702976	-0.020094	1.106787
117.315486	-0.199788	18.707981	-0.020085	1.106422
116.198904	0.037745	18.712986	-0.019885	1.106172
116.558583	-0.260330	18.717991	-0.019949	1.105984
115.783565	-0.244828	18.722995	-0.019811	1.105628
115.274556	-0.233061	18.728000	-0.019720	1.105397
114.376974	-0.074933	18.733005	-0.019559	1.105156
112.845030	0.348408	18.738010	-0.019285	1.104932
114.267013	-0.300276	18.743015	-0.019540	1.104829
112.879069	0.070556	18.748019	-0.019291	1.104610
112.381052	0.018150	18.753024	-0.019202	1.104306
113.272027	-0.545112	18.758029	-0.019362	1.104050
110.851350	0.098068	18.763034	-0.018929	1.103663
111.380778	-0.209396	18.768039	-0.019023	1.103545
110.649217	-0.107403	18.773043	-0.018893	1.103315
109.564390	0.103887	18.778048	-0.018699	1.103048
109.984967	-0.145504	18.783053	-0.018774	1.102947
109.109061	0.061003	18.788058	-0.018617	1.102775
108.867467	-0.081041	18.793063	-0.018574	1.102485
108.598994	-0.289629	18.798067	-0.018526	1.102101
107.304943	0.028718	18.803072	-0.018295	1.101862
107.469365	-0.192879	18.808077	-0.018324	1.101672
106.592056	-0.016215	18.813082	-0.018167	1.101462
105.966533	0.044628	18.818087	-0.018055	1.101233
105.942446	-0.148946	18.823091	-0.018051	1.100985
105.743576	-0.269871	18.828096	-0.018015	1.100741
104.688148	-0.115082	18.833101	-0.017827	1.100418
103.942942	0.090101	18.838106	-0.017693	1.100308
103.872872	-0.152274	18.843111	-0.017681	1.099977
103.575022	-0.245906	18.848115	-0.017628	1.099718
102.662084	-0.031287	18.853120	-0.017464	1.099537
102.192481	-0.011418	18.858125	-0.017380	1.099334
101.799540	-0.094774	18.863130	-0.017310	1.099041
101.914821	-0.391960	18.868135	-0.017331	1.098733
100.557361	-0.118170	18.873139	-0.017088	1.098408
100.174254	-0.072134	18.878144	-0.017019	1.098279
99.798275	-0.069787	18.883149	-0.016952	1.098099
98.655613	0.177760	18.888154	-0.016748	1.097846
99.373833	-0.192945	18.893159	-0.016876	1.097741
98.095687	0.123143	18.898163	-0.016648	1.097507
97.790653	-0.002230	18.903168	-0.016593	1.097205
98.120274	-0.304033	18.908173	-0.016652	1.096995
96.034613	0.211623	18.913178	-0.016279	1.096612
96.223359	0.102492	18.918183	-0.016313	1.096570
96.105651	-0.055940	18.923187	-0.016292	1.096319
95.580487	-0.025676	18.928192	-0.016198	1.096100
95.009859	-0.016271	18.933197	-0.016096	1.095833
94.371236	0.060381	18.938202	-0.015982	1.095616
94.320085	-0.137483	18.943207	-0.015972	1.095348
93.198770	0.035167	18.948211	-0.015772	1.095013
92.844674	0.120331	18.953216	-0.015709	1.094945
92.399244	0.089884	18.958221	-0.015629	1.094691
91.991676	0.015534	18.963226	-0.015556	1.094400
92.215609	-0.230241	18.968231	-0.015596	1.094207
90.417515	0.215161	18.973235	-0.015275	1.093877
90.368148	0.126249	18.978240	-0.015266	1.093744
90.562597	-0.173647	18.983245	-0.015301	1.093470
89.132163	0.115585	18.988250	-0.015045	1.093127
89.405196	-0.073152	18.993255	-0.015094	1.093028
88.248738	0.260300	18.998259	-0.014887	1.092873
87.965180	0.110813	19.003264	-0.014836	1.092550
88.487756	-0.320347	19.008269	-0.014930	1.092275
86.569406	0.154882	19.013274	-0.014586	1.091922
86.798061	-0.030264	19.018279	-0.014627	1.091806
85.943097	0.144964	19.023283	-0.014474	1.091603
85.135795	0.211303	19.028288	-0.014330	1.091290
85.439163	-0.018308	19.033293	-0.014384	1.091155
84.362346	0.270080	19.038298	-0.014192	1.090984
84.183863	0.092454	19.043303	-0.014160	1.090677
83.636430	0.112873	19.048307	-0.014062	1.090434
83.451243	0.046081	19.053312	-0.014029	1.090261
83.254405	-0.144677	19.058317	-0.013994	1.089929
81.918141	0.056450	19.063322	-0.013755	1.089522
81.768563	0.028932	19.068327	-0.013728	1.089414
80.443271	0.311023	19.073331	-0.013491	1.089113
80.549604	0.273201	19.078336	-0.013510	1.089118
81.073040	-0.208893	19.083341	-0.013604	1.088779
79.923006	-0.024983	19.088346	-0.013398	1.088442
79.182235	0.048683	19.093351	-0.013265	1.088169
78.976644	-0.023436	19.098355	-0.013229	1.087979
78.293955	0.079340	19.103360	-0.013107	1.087771
78.088737	-0.097666	19.108365	-0.013070	1.087451
76.922673	0.209287	19.113370	-0.012861	1.087257
76.652386	0.080484	19.118375	-0.012813	1.086965
76.683702	-0.090681	19.123379	-0.012819	1.086768
75.909629	0.035750	19.128384	-0.012680	1.086544
75.260946	0.053145	19.133389	-0.012564	1.086247
74.581580	0.123195	19.138394	-0.012443	1.085999
74.555070	-0.036122	19.143399	-0.012438	1.085788
73.718764	0.099611	19.148403	-0.012288	1.085545
73.122982	0.216606	19.153408	-0.012182	1.085397
73.619617	-0.257231	19.158413	-0.012271	1.085053
72.096854	0.108884	19.163418	-0.011998	1.084757
71.805063	0.074724	19.168423	-0.011946	1.084571
71.617203	-0.048365	19.173427	-0.011913	1.084326
70.282370	0.327162	19.178432	-0.011674	1.084134
70.543983	0.035275	19.183437	-0.011721	1.083900
70.202564	-0.023562	19.188442	-0.011660	1.083659
69.821125	-0.070602	19.193447	-0.011591	1.083412
68.806775	0.041708	19.198451	-0.011410	1.083051
68.452883	0.118732	19.203456	-0.011347	1.082972
68.261276	-0.047403	19.208461	-0.011312	1.082670
67.224342	0.125956	19.213466	-0.011127	1.082374
66.834185	0.224452	19.218471	-0.011057	1.082304
66.277173	0.198402	19.223475	-0.010958	1.081996
66.063933	0.107707	19.228480	-0.010919	1.081778
66.320869	-0.184101	19.233485	-0.010965	1.081541
64.857925	0.069368	19.238490	-0.010704	1.081133
64.851338	-0.097433	19.243495	-0.010703	1.080922
63.826820	0.129090	19.248499	-0.010519	1.080697
62.261320	0.619290	19.253504	-0.010239	1.080533
63.701782	-0.068159	19.258509	-0.010497	1.080390
62.707633	0.106677	19.263514	-0.010319	1.080115
62.383505	-0.007011	19.268519	-0.010261	1.079813
62.182163	-0.228988	19.273523	-0.010225	1.079436
60.549651	0.221392	19.278528	-0.009933	1.079189
60.889203	-0.021331	19.283533	-0.009994	1.079055
59.911286	0.169741	19.288538	-0.009819	1.078808
59.731541	0.042060	19.293543	-0.009787	1.078560
59.642712	-0.150855	19.298547	-0.009771	1.078274
57.955476	0.301799	19.303552	-0.009469	1.078003
59.040150	-0.231622	19.308557	-0.009663	1.077875
57.510715	0.050227	19.313562	-0.009390	1.077467
57.086806	0.125563	19.318567	-0.009314	1.077351
57.264333	-0.228971	19.323571	-0.009346	1.076996
55.622558	0.201385	19.328576	-0.009052	1.076718
56.044887	-0.062321	19.333581	-0.009128	1.076598
55.047050	0.137312	19.338586	-0.008949	1.076352
54.860712	0.001830	19.343591	-0.008916	1.076090
55.037974	-0.391628	19.348595	-0.008948	1.075685
53.039204	0.233078	19.353600	-0.008590	1.075473
53.489813	-0.035094	19.358605	-0.008671	1.075362
52.685481	0.033944	19.363610	-0.008527	1.075048
52.049368	0.124924	19.368615	-0.008413	1.074845
52.212889	-0.152981	19.373619	-0.008442	1.074578
51.167245	0.040817	19.378624	-0.008255	1.074300
51.006652	-0.020249	19.383629	-0.008227	1.074144
49.946812	0.200314	19.388634	-0.008037	1.073892
49.862256	0.012409	19.393639	-0.008022	1.073614
49.981029	-0.229626	19.398643	-0.008043	1.073370
47.940532	0.342049	19.403648	-0.007678	1.073069
48.825913	-0.054639	19.408653	-0.007837	1.073013
47.839561	0.087899	19.413658	-0.007660	1.072700
47.133046	0.160868	19.418663	-0.007534	1.072439
47.653288	-0.212782	19.423667	-0.007627	1.072229
46.078675	0.208778	19.428672	-0.007345	1.071973
46.060586	0.011697	19.433677	-0.007342	1.071716
45.245684	0.111697	19.438682	-0.007197	1.071434
44.652443	0.197859	19.443687	-0.007090	1.071246
44.979576	-0.119953	19.448691	-0.007149	1.071010
43.030707	0.509451	19.453696	-0.006800	1.070827
43.994593	-0.028473	19.458701	-0.006973	1.070633
43.308254	-0.065628	19.463706	-0.006850	1.070242
42.004680	0.239328	19.468711	-0.006617	1.069974
42.683512	-0.171514	19.473715	-0.006738	1.069796
40.807412	0.393215	19.478720	-0.006403	1.069569
41.109973	0.074077	19.483725	-0.006457	1.069318
41.010505	-0.106964	19.488730	-0.006439	1.069040
39.748162	0.215859	19.493735	-0.006213	1.068815
40.141312	-0.189310	19.498739	-0.006284	1.068501
38.692724	0.199850	19.503744	-0.006025	1.068265
38.327544	0.189259	19.508749	-0.005959	1.068069
38.671192	-0.155385	19.513754	-0.006021	1.067806
37.350355	0.187844	19.518759	-0.005785	1.067577
37.626168	-0.154577	19.523763	-0.005834	1.067283
36.337638	0.063075	19.528768	-0.005604	1.066911
36.331535	-0.030372	19.533773	-0.005602	1.066790
36.069761	-0.228022	19.538778	-0.005556	1.066409
34.987031	0.013322	19.543783	-0.005362	1.066170
35.159319	-0.271781	19.548787	-0.005393	1.065896
33.339658	0.202703	19.553792	-0.005067	1.065581
33.928618	-0.066466	19.558797	-0.005173	1.065537
33.720367	-0.321326	19.563802	-0.005135	1.065110
32.040421	0.200340	19.568807	-0.004835	1.064925
32.668844	-0.218306	19.573811	-0.004947	1.064711
31.237527	0.085321	19.578816	-0.004691	1.064375
30.994915	0.116192	19.583821	-0.004648	1.064292
30.700943	0.007415	19.588826	-0.004596	1.064006
29.805936	0.256341	19.593831	-0.004435	1.063871
30.105696	-0.034934	19.598835	-0.004489	1.063653
29.006943	0.177229	19.603840	-0.004293	1.063368
29.215266	-0.043832	19.608845	-0.004330	1.063193
28.987391	-0.265064	19.613850	-0.004289	1.062797
26.960828	0.284496	19.618855	-0.003927	1.062472
27.689199	-0.091368	19.623859	-0.004057	1.062363
26.608503	0.144295	19.628864	-0.003864	1.062117
25.793438	0.253144	19.633869	-0.003718	1.061844
26.839835	-0.339191	19.638874	-0.003905	1.061620
24.844639	0.151875	19.643879	-0.003548	1.061236
25.466823	-0.209563	19.648883	-0.003660	1.061091
23.663735	0.226909	19.653888	-0.003337	1.060735
23.532109	0.276639	19.658893	-0.003314	1.060732
23.905851	-0.091343	19.663898	-0.003380	1.060453
22.229424	0.329325	19.668903	-0.003081	1.060140
22.822321	-0.051087	19.673907	-0.003187	1.059956
22.053940	0.001306	19.678912	-0.003049	1.059634
20.764852	0.285352	19.683917	-0.002819	1.059343
21.728201	-0.229387	19.688922	-0.002991	1.059176
19.950051	0.324482	19.693927	-0.002673	1.058981
20.028937	0.069642	19.698931	-0.002687	1.058696
19.785523	-0.064267	19.703936	-0.002644	1.058402
18.585372	0.240868	19.708941	-0.002429	1.058183
19.506874	-0.316606	19.713946	-0.002594	1.057940
17.724881	0.055132	19.718951	-0.002275	1.057510
17.718200	-0.055735	19.723955	-0.002274	1.057365
16.709346	0.117504	19.728960	-0.002093	1.057075
15.479876	0.438595	19.733965	-0.001874	1.056861
17.036387	-0.286502	19.738970	-0.002152	1.056725
15.362229	0.082466	19.743975	-0.001852	1.056346
15.329139	-0.058647	19.748979	-0.001847	1.056149
14.658886	-0.056786	19.753984	-0.001727	1.055811
13.410239	0.291654	19.758989	-0.001503	1.055622
14.331009	-0.246344	19.763994	-0.001668	1.055403
12.555246	0.188434	19.768999	-0.001351	1.055056
12.474285	0.157861	19.774003	-0.001336	1.054976
12.375194	-0.040997	19.779008	-0.001318	1.054671
11.237419	0.168140	19.784013	-0.001115	1.054360
12.001275	-0.279448	19.789018	-0.001251	1.054176
9.701210	0.317785	19.794023	-0.000840	1.053769
9.791107	0.237808	19.799027	-0.000856	1.053713
10.144305	-0.062085	19.804032	-0.000919	1.053509
8.809398	0.336903	19.809037	-0.000681	1.053340
9.368681	-0.110697	19.814042	-0.000781	1.053052
8.078249	0.083349	19.819047	-0.000550	1.052643
7.773470	0.095866	19.824051	-0.000495	1.052503
7.468398	-0.057413	19.829056	-0.000441	1.052151
5.782089	0.420051	19.834061	-0.000139	1.051904
7.152883	-0.233908	19.839066	-0.000384	1.051764
5.504425	0.107617	19.844071	-0.000090	1.051361
5.259312	0.103722	19.849075	-0.000046	1.051231
5.162572	-0.132742	19.854080	-0.000029	1.050878
3.456867	0.378005	19.859085	0.000277	1.050663
4.772541	-0.295670	19.864090	0.000041	1.050470
3.314143	-0.047769	19.869095	0.000302	1.050043
2.397473	0.152233	19.874099	0.000466	1.049832
2.509610	-0.045284	19.879104	0.000446	1.049635
1.021884	0.355327	19.884109	0.000712	1.049390
2.105749	-0.219964	19.889114	0.000518	1.049204
