Thu Nov 20 15:36:52 2025

Number of Points = 3598
Depth (nm)	Load (µN)	Time (s)	Depth (V)	Load (V)
0.886905	1.696213	0.000000	0.001995	1.319370

0.900511	1.666891	0.005005	0.001993	1.319337
0.973011	1.656523	0.010010	0.001980	1.319340
0.776210	1.692576	0.015014	0.002016	1.319343
0.532651	1.472184	0.020019	0.002061	1.319024
0.110192	1.543164	0.025024	0.002139	1.319023
0.321400	1.498016	0.030029	0.002100	1.319011
0.590159	1.449064	0.035034	0.002051	1.319007
0.678904	1.193840	0.040038	0.002034	1.318714
0.338491	1.116544	0.045043	0.002097	1.318549
0.038869	1.037149	0.050048	0.002153	1.318390
0.233187	0.933454	0.055053	0.002117	1.318304
0.001684	0.790472	0.060058	0.002160	1.318082
0.003469	0.661751	0.065062	0.002160	1.317925
0.146270	0.482472	0.070067	0.002133	1.317735
-0.428293	0.425292	0.075072	0.002239	1.317547
-1.124780	0.533540	0.080077	0.002368	1.317534
-0.961480	0.401205	0.085082	0.002338	1.317407
-0.957342	0.229074	0.090086	0.002337	1.317197
-0.855478	0.164381	0.095091	0.002319	1.317139
-1.388583	0.049962	0.100096	0.002417	1.316889
-1.648748	0.090819	0.105101	0.002465	1.316885
-1.028946	-0.080791	0.110106	0.002351	1.316804
-0.695047	-0.384909	0.115110	0.002290	1.316501
-3.339727	-0.107945	0.120115	0.002777	1.316292
-3.989516	0.365514	0.125120	0.002896	1.316735
-3.315107	0.368529	0.130125	0.002772	1.316879
-1.890679	0.126296	0.135130	0.002510	1.316878
-1.093434	-0.172965	0.140134	0.002363	1.316677
-2.758431	-0.002238	0.145139	0.002670	1.316541
-3.478262	0.137393	0.150144	0.002802	1.316562
-2.918888	0.047589	0.155149	0.002700	1.316568
-2.694050	-0.201131	0.160154	0.002658	1.316311
-3.056680	-0.177126	0.165158	0.002725	1.316265
-4.097162	-0.006624	0.170163	0.002917	1.316258
-5.087971	0.300881	0.175168	0.003099	1.316428
-3.614456	0.168039	0.180173	0.002828	1.316571
-2.152343	-0.237603	0.185178	0.002559	1.316378
-3.861680	-0.038436	0.190182	0.002874	1.316267
-4.315283	-0.169118	0.195187	0.002958	1.316013
-3.982921	-0.020746	0.200192	0.002896	1.316264
-3.939852	-0.293310	0.205197	0.002889	1.315939
-5.950668	0.171813	0.210202	0.003259	1.316091
-3.757560	-0.180037	0.215206	0.002855	1.316115
-5.098922	-0.108368	0.220211	0.003102	1.315925
-4.571843	0.042218	0.225216	0.003005	1.316218
-4.867319	-0.144510	0.230221	0.003060	1.315928
-4.908074	-0.130382	0.235226	0.003067	1.315937
-5.371272	-0.050553	0.240230	0.003153	1.315939
-5.227306	-0.076561	0.245235	0.003126	1.315937
-4.454648	-0.292374	0.250240	0.002984	1.315833
-6.569252	-0.107852	0.255245	0.003374	1.315620
-6.078012	0.046767	0.260250	0.003283	1.315911
-4.991446	-0.237024	0.265254	0.003083	1.315789
-6.686201	-0.087054	0.270259	0.003395	1.315621
-6.262424	0.054680	0.275264	0.003317	1.315882
-6.237338	-0.161001	0.280269	0.003313	1.315623
-6.163304	-0.095741	0.285274	0.003299	1.315718
-6.936018	-0.043340	0.290278	0.003442	1.315622
-6.308167	-0.151472	0.295283	0.003326	1.315620
-6.953745	-0.030052	0.300288	0.003445	1.315635
-6.560948	-0.105663	0.305293	0.003373	1.315624
-6.824491	-0.055925	0.310298	0.003421	1.315630
-6.611764	-0.116764	0.315302	0.003382	1.315599
-8.027697	-0.100139	0.320307	0.003643	1.315326
-7.560497	0.073877	0.325312	0.003557	1.315636
-5.708014	-0.366912	0.330317	0.003216	1.315481
-9.927536	0.208091	0.335322	0.003993	1.315309
-5.580820	-0.384457	0.340326	0.003193	1.315485
-9.827499	0.163500	0.345331	0.003975	1.315275
-6.176706	-0.378555	0.350336	0.003303	1.315369
-8.992986	-0.023008	0.355341	0.003821	1.315219
-8.388088	-0.135036	0.360346	0.003710	1.315208
-8.963401	0.201137	0.365350	0.003816	1.315500
-8.021504	-0.252395	0.370355	0.003643	1.315140
-8.493200	-0.024933	0.375360	0.003730	1.315320
-8.709142	-0.194724	0.380365	0.003770	1.315068
-8.467053	-0.108552	0.385370	0.003725	1.315223
-10.343783	0.123470	0.390374	0.004071	1.315118
-7.446746	-0.310108	0.395379	0.003537	1.315188
-10.631457	0.167605	0.400384	0.004124	1.315112
-7.634159	-0.445101	0.405389	0.003572	1.314984
-11.315644	0.215573	0.410394	0.004250	1.315029
-8.876558	-0.178692	0.415398	0.003801	1.315052
-10.014981	-0.012476	0.420403	0.004011	1.315019
-10.130730	0.007412	0.425408	0.004032	1.315019
-8.969847	-0.262323	0.430413	0.003818	1.314930
-11.440685	0.144292	0.435418	0.004273	1.314915
-8.796729	-0.338822	0.440422	0.003787	1.314872
-11.750312	0.165170	0.445427	0.004330	1.314876
-9.266644	-0.280809	0.450432	0.003873	1.314846
-11.350556	-0.058702	0.455437	0.004257	1.314685
-11.671505	0.105375	0.460442	0.004316	1.314819
-9.020242	-0.268624	0.465446	0.003828	1.314912
-12.402360	0.069503	0.470451	0.004451	1.314623
-9.934887	-0.231377	0.475456	0.003997	1.314767
-10.889638	-0.161801	0.480461	0.004173	1.314654
-12.531812	-0.086194	0.485466	0.004475	1.314406
-10.982767	-0.006893	0.490470	0.004190	1.314824
-12.176993	-0.131959	0.495475	0.004410	1.314423
-11.063465	-0.119300	0.500480	0.004205	1.314670
-13.362450	0.119356	0.505485	0.004628	1.314484
-10.494555	-0.285301	0.510490	0.004100	1.314584
-13.757280	0.255578	0.515494	0.004701	1.314569
-10.537398	-0.358129	0.520499	0.004108	1.314486
-13.158216	0.130638	0.525504	0.004591	1.314540
-12.245011	-0.150822	0.530509	0.004423	1.314385
-12.416028	-0.128509	0.535514	0.004455	1.314377
-13.734174	0.102013	0.540518	0.004697	1.314385
-11.723655	-0.340940	0.545523	0.004327	1.314261
-13.936874	0.106239	0.550528	0.004735	1.314348
-12.971668	-0.065246	0.555533	0.004557	1.314339
-12.859285	-0.048917	0.560538	0.004536	1.314382
-14.024776	0.063264	0.565542	0.004751	1.314277
-12.021147	-0.353142	0.570547	0.004382	1.314183
-15.034079	0.181670	0.575552	0.004937	1.314213
-12.658386	-0.339085	0.580557	0.004500	1.314068
-15.001600	0.170556	0.585562	0.004931	1.314205
-14.340562	-0.052038	0.590566	0.004810	1.314070
-12.738534	-0.184403	0.595571	0.004515	1.314241
-15.536144	-0.007062	0.600576	0.005030	1.313877
-13.700658	-0.100199	0.605581	0.004692	1.314144
-15.985493	0.261271	0.610586	0.005113	1.314112
-12.855549	-0.291284	0.615590	0.004537	1.314085
-15.799230	0.115202	0.620595	0.005079	1.313971
-14.138226	-0.201969	0.625600	0.004773	1.313928
-15.488614	0.085085	0.630605	0.005022	1.313999
-14.859438	-0.183138	0.635610	0.004906	1.313801
-15.516483	0.099888	0.640614	0.005027	1.314011
-15.185624	-0.150940	0.645619	0.004966	1.313773
-15.522657	-0.101991	0.650624	0.005028	1.313762
-16.649484	0.160521	0.655629	0.005236	1.313850
-14.682264	-0.170733	0.660634	0.004874	1.313853
-16.561256	0.135618	0.665638	0.005220	1.313837
-15.233590	-0.301212	0.670643	0.004976	1.313578
-16.938636	0.134376	0.675648	0.005289	1.313757
-16.009921	-0.026592	0.680653	0.005119	1.313753
-15.485784	-0.239375	0.685658	0.005022	1.313601
-18.666859	0.352207	0.690662	0.005608	1.313665
-14.525301	-0.423382	0.695667	0.004846	1.313575
-17.866645	0.194812	0.700672	0.005461	1.313638
-17.086618	-0.073658	0.705677	0.005317	1.313471
-16.087195	-0.075731	0.710682	0.005133	1.313676
-18.120512	0.074008	0.715686	0.005508	1.313437
-16.267841	-0.241398	0.720691	0.005167	1.313436
-18.353188	0.172158	0.725696	0.005551	1.313509
-16.967653	-0.129249	0.730701	0.005296	1.313428
-16.831700	-0.227229	0.735706	0.005271	1.313336
-19.952244	0.276816	0.740710	0.005845	1.313305
-16.486474	-0.267692	0.745715	0.005207	1.313358
-18.790662	0.163682	0.750720	0.005632	1.313407
-17.637802	-0.195145	0.755725	0.005420	1.313207
-18.550224	0.120417	0.760730	0.005588	1.313404
-18.529614	-0.078768	0.765734	0.005584	1.313164
-17.658522	-0.197929	0.770739	0.005424	1.313199
-20.309354	0.318363	0.775744	0.005912	1.313281
-16.783914	-0.389981	0.780749	0.005263	1.313145
-20.390317	0.177070	0.785754	0.005927	1.313091
-19.691986	0.124789	0.790758	0.005798	1.313172
-17.617481	-0.116653	0.795763	0.005416	1.313307
-20.599980	0.173984	0.800768	0.005966	1.313043
-17.491291	-0.371503	0.805773	0.005393	1.313021
-21.020416	0.176721	0.810778	0.006043	1.312959
-18.765444	-0.200259	0.815782	0.005628	1.312965
-20.728945	0.144285	0.820787	0.005990	1.312979
-19.807334	0.030684	0.825792	0.005820	1.313032
-19.034033	-0.104440	0.830797	0.005678	1.313027
-20.839050	-0.079637	0.835802	0.006010	1.312682
-20.571833	0.171012	0.840806	0.005961	1.313045
-20.775224	0.025870	0.845811	0.005999	1.312824
-20.026712	-0.026152	0.850816	0.005861	1.312916
-20.795881	0.033773	0.855821	0.006003	1.312830
-20.089858	-0.199205	0.860826	0.005873	1.312691
-21.883674	0.189910	0.865830	0.006203	1.312795
-20.588071	-0.143462	0.870835	0.005965	1.312655
-21.649222	0.170582	0.875840	0.006160	1.312819
-20.420835	-0.160112	0.880845	0.005934	1.312669
-20.873097	-0.170037	0.885850	0.006017	1.312563
-22.712540	0.150543	0.890854	0.006356	1.312574
-21.821029	-0.011642	0.895859	0.006192	1.312560
-22.213764	0.100058	0.900864	0.006264	1.312615
-20.729297	-0.072308	0.905869	0.005991	1.312713
-22.360953	-0.093377	0.910874	0.006292	1.312347
-21.896207	0.014172	0.915878	0.006206	1.312576
-22.717486	-0.073877	0.920883	0.006358	1.312297
-22.774778	0.157936	0.925888	0.006368	1.312569
-21.984748	0.011056	0.930893	0.006223	1.312553
-22.095528	-0.232656	0.935898	0.006243	1.312231
-24.077762	0.285345	0.940902	0.006608	1.312454
-22.272337	-0.155175	0.945907	0.006276	1.312289
-23.112084	0.049855	0.950912	0.006431	1.312366
-23.199893	-0.039947	0.955917	0.006447	1.312238
-22.900018	-0.088590	0.960922	0.006392	1.312240
-24.697690	0.311344	0.965926	0.006723	1.312357
-21.745681	-0.416602	0.970931	0.006179	1.312078
-25.175782	0.209165	0.975936	0.006811	1.312132
-22.996932	-0.165820	0.980941	0.006410	1.312125
-24.332296	-0.103128	0.985946	0.006656	1.311924
-24.688823	0.210946	0.990950	0.006721	1.312235
-23.315312	-0.201973	0.995955	0.006469	1.312014
-24.040712	-0.015234	1.000960	0.006602	1.312092

-25.026289	0.099346	1.010957	0.006784	1.312027
-24.035943	-0.021832	1.020954	0.006602	1.312085
-23.572221	-0.065134	1.030950	0.006517	1.312128
-24.014703	-0.011281	1.040947	0.006598	1.312102
-23.730482	-0.051976	1.050944	0.006546	1.312111
-24.317345	0.054344	1.060941	0.006654	1.312119
-23.786862	-0.041574	1.070938	0.006557	1.312112
-23.670486	-0.027923	1.080934	0.006535	1.312152
-23.745851	0.049355	1.090931	0.006549	1.312231
-23.780462	-0.000144	1.100928	0.006556	1.312163
-23.794505	0.068962	1.110925	0.006559	1.312245
-22.999525	-0.104964	1.120922	0.006412	1.312197
-23.337723	-0.024899	1.130918	0.006475	1.312224
-23.741339	0.076716	1.140915	0.006549	1.312265
-23.664330	0.130954	1.150912	0.006535	1.312347
-23.347503	-0.015706	1.160909	0.006477	1.312233
-22.806653	-0.042708	1.170906	0.006378	1.312312
-22.354091	-0.131524	1.180902	0.006294	1.312298
-22.963414	-0.034459	1.190899	0.006407	1.312290
-23.428454	0.034178	1.200896	0.006492	1.312277
-23.673822	0.054014	1.210893	0.006538	1.312250
-22.433122	-0.059721	1.220890	0.006309	1.312368
-22.483586	-0.044272	1.230886	0.006319	1.312377
-22.663404	-0.019880	1.240883	0.006352	1.312369
-22.892477	0.009298	1.250880	0.006394	1.312357
-22.836306	-0.024126	1.260877	0.006384	1.312328
-22.588331	-0.002265	1.270874	0.006339	1.312406
-22.221097	-0.023131	1.280870	0.006271	1.312456
-22.849285	0.055972	1.290867	0.006387	1.312423
-22.438626	0.035643	1.300864	0.006312	1.312483
-22.577903	-0.010517	1.310861	0.006337	1.312397
-21.702350	-0.028061	1.320858	0.006176	1.312558
-21.933509	-0.034736	1.330854	0.006219	1.312501
-22.423205	0.063194	1.340851	0.006309	1.312519
-22.143632	-0.016354	1.350848	0.006258	1.312480
-22.488266	0.037271	1.360845	0.006322	1.312474
-21.370029	-0.004093	1.370842	0.006116	1.312655
-21.742991	-0.026366	1.380838	0.006185	1.312550
-22.316627	0.091604	1.390835	0.006290	1.312576
-21.431804	-0.070478	1.400832	0.006128	1.312561
-21.704257	-0.024063	1.410829	0.006178	1.312561
-21.306453	0.004269	1.420826	0.006105	1.312678
-21.757444	0.044571	1.430822	0.006188	1.312634
-21.867326	-0.001295	1.440819	0.006208	1.312554
-21.415713	-0.012691	1.450816	0.006125	1.312634
-21.187342	-0.040463	1.460813	0.006083	1.312647
-20.991316	-0.044005	1.470810	0.006047	1.312684
-21.487730	0.011907	1.480806	0.006139	1.312649
-21.379241	0.016712	1.490803	0.006119	1.312677
-21.573109	0.020471	1.500800	0.006155	1.312641
-20.666493	-0.098835	1.510797	0.005988	1.312683
-20.556321	-0.037127	1.520794	0.005968	1.312782
-21.408209	0.040450	1.530790	0.006125	1.312699
-21.226695	0.045555	1.540787	0.006092	1.312743
-20.369817	-0.065500	1.550784	0.005934	1.312785
-20.584537	-0.046731	1.560781	0.005974	1.312763
-20.652375	0.046455	1.570778	0.005986	1.312863
-21.191966	0.054409	1.580774	0.006086	1.312761
-20.167208	-0.069503	1.590771	0.005897	1.312822
-20.447272	-0.110355	1.600768	0.005949	1.312713
-20.239123	-0.017509	1.610765	0.005911	1.312870
-20.859755	0.045059	1.620762	0.006025	1.312818
-20.638752	0.040281	1.630758	0.005985	1.312858
-20.125177	-0.027707	1.640755	0.005890	1.312881
-19.652415	-0.126264	1.650752	0.005803	1.312858
-20.219753	-0.045320	1.660749	0.005908	1.312839
-20.062247	0.046309	1.670746	0.005879	1.312984
-20.316763	0.051357	1.680742	0.005926	1.312937
-19.975291	-0.085438	1.690739	0.005863	1.312841
-19.624831	-0.043501	1.700736	0.005799	1.312965
-19.374342	-0.065774	1.710733	0.005753	1.312989
-20.486576	0.118249	1.720730	0.005958	1.312983
-19.831813	-0.013669	1.730726	0.005838	1.312958
-19.641374	-0.059296	1.740723	0.005803	1.312941
-19.133178	0.011120	1.750720	0.005709	1.313133
-18.955803	-0.090900	1.760717	0.005677	1.313045
-20.189204	0.099455	1.770714	0.005904	1.313021
-19.692031	0.026218	1.780710	0.005813	1.313035
-18.609736	-0.159731	1.790707	0.005613	1.313032
-18.997045	-0.043965	1.800704	0.005685	1.313093
-19.600307	0.103779	1.810701	0.005796	1.313148
-19.826007	0.048644	1.820698	0.005838	1.313034
-19.129430	-0.027809	1.830694	0.005710	1.313085
-18.417298	-0.141143	1.840691	0.005579	1.313094
-18.320602	-0.045740	1.850688	0.005561	1.313231
-19.021106	0.009632	1.860685	0.005690	1.313153
-19.296117	0.029757	1.870682	0.005741	1.313120
-19.129115	0.011126	1.880678	0.005710	1.313132
-18.082739	-0.116558	1.890675	0.005518	1.313193
-18.563013	0.017024	1.900672	0.005606	1.313256
-19.274120	0.141034	1.910669	0.005737	1.313260
-18.771681	0.037377	1.920666	0.005645	1.313238
-17.678825	-0.193348	1.930662	0.005444	1.313182
-17.814060	-0.088572	1.940659	0.005469	1.313282
-18.822856	0.103220	1.950656	0.005655	1.313307
-18.540571	0.089338	1.960653	0.005603	1.313349
-18.124507	-0.108098	1.970650	0.005527	1.313193
-18.247622	0.007506	1.980646	0.005549	1.313309
-17.481194	-0.086458	1.990643	0.005408	1.313353
-18.116546	0.049641	2.000640	0.005525	1.313387
-18.376847	-0.012147	2.010637	0.005574	1.313257
-18.084784	-0.006321	2.020634	0.005520	1.313325
-17.181931	-0.097463	2.030630	0.005354	1.313401
-17.343010	-0.117020	2.040627	0.005384	1.313343
-18.152690	0.126985	2.050624	0.005533	1.313474
-18.091588	0.021386	2.060621	0.005522	1.313357
-17.688302	-0.065389	2.070618	0.005448	1.313334
-16.989345	-0.022872	2.080614	0.005319	1.313532
-16.980884	-0.121142	2.090611	0.005318	1.313413
-18.249715	0.224420	2.100608	0.005551	1.313572
-17.093551	-0.065596	2.110605	0.005339	1.313457
-17.075791	-0.085510	2.120602	0.005336	1.313436
-16.858956	0.004987	2.130598	0.005296	1.313592
-16.690846	-0.115456	2.140595	0.005265	1.313479
-18.452401	0.235282	2.150592	0.005589	1.313543
-16.909701	0.003081	2.160589	0.005305	1.313579
-16.580050	-0.101063	2.170586	0.005245	1.313519
-16.270610	-0.082602	2.180582	0.005188	1.313606
-16.600315	-0.040070	2.190579	0.005249	1.313590
-18.184548	0.192932	2.200576	0.005541	1.313546
-16.274991	-0.078847	2.210573	0.005189	1.313609
-16.397364	-0.097259	2.220570	0.005212	1.313561
-15.961584	-0.076363	2.230566	0.005132	1.313677
-16.218301	0.006619	2.240563	0.005179	1.313725
-17.497755	0.092980	2.250560	0.005415	1.313565
-16.770263	0.054759	2.260557	0.005281	1.313669
-15.712060	-0.095444	2.270554	0.005087	1.313705
-15.904382	-0.017578	2.280550	0.005122	1.313760
-16.385982	0.079876	2.290547	0.005211	1.313779
-16.382719	-0.034120	2.300544	0.005210	1.313640
-15.958136	-0.066257	2.310541	0.005132	1.313689
-15.892786	-0.026547	2.320538	0.005120	1.313751
-15.542699	-0.126315	2.330534	0.005056	1.313701
-16.624115	0.194057	2.340531	0.005255	1.313869
-16.098269	-0.032325	2.350528	0.005159	1.313701
-15.308365	-0.097965	2.360525	0.005013	1.313784
-14.721626	-0.127990	2.370522	0.004906	1.313869
-15.559251	-0.037406	2.380518	0.005060	1.313806
-16.367740	0.095714	2.390515	0.005209	1.313801
-15.874350	-0.006029	2.400512	0.005118	1.313779
-15.317921	-0.095429	2.410509	0.005016	1.313785
-15.080835	-0.025941	2.420506	0.004972	1.313919
-15.253344	0.013343	2.430502	0.005004	1.313931
-15.377964	0.022743	2.440499	0.005027	1.313916
-15.595357	0.001867	2.450496	0.005068	1.313845
-14.692048	-0.102718	2.460493	0.004901	1.313905
-14.721120	-0.027708	2.470490	0.004907	1.313991
-15.074731	0.021424	2.480486	0.004972	1.313977
-15.290100	0.005755	2.490483	0.005012	1.313913
-15.076992	-0.025282	2.500480	0.004973	1.313919
-14.544686	-0.075743	2.510477	0.004875	1.313968
-14.586224	0.015236	2.520474	0.004883	1.314070
-14.829480	0.033012	2.530470	0.004928	1.314041
-14.845394	-0.043168	2.540467	0.004931	1.313945
-14.187230	-0.114145	2.550464	0.004810	1.313994
-14.231120	-0.065402	2.560461	0.004818	1.314045
-14.440014	-0.012925	2.570458	0.004856	1.314065
-14.987436	0.050443	2.580454	0.004957	1.314029
-14.659288	0.068508	2.590451	0.004897	1.314119
-14.023602	-0.091009	2.600448	0.004780	1.314056
-13.595067	-0.065776	2.610445	0.004701	1.314175
-14.356693	0.063282	2.620442	0.004842	1.314175
-14.073951	-0.056288	2.630438	0.004790	1.314087
-14.051674	-0.075891	2.640435	0.004786	1.314068
-13.766483	-0.070771	2.650432	0.004734	1.314133
-13.674239	-0.065156	2.660429	0.004717	1.314159
-14.117368	0.156575	2.670426	0.004798	1.314338
-14.099117	-0.069933	2.680422	0.004795	1.314065
-13.580712	-0.053431	2.690419	0.004700	1.314192
-12.827199	-0.166550	2.700416	0.004561	1.314210
-13.389032	-0.108020	2.710413	0.004665	1.314165
-14.380667	0.157525	2.720410	0.004848	1.314284
-13.810411	0.013058	2.730406	0.004743	1.314225
-13.295985	-0.038123	2.740403	0.004648	1.314269
-12.324720	-0.174319	2.750400	0.004469	1.314304
-13.172028	-0.066607	2.760397	0.004626	1.314260
-14.123520	0.114187	2.770394	0.004801	1.314283
-12.826630	-0.024889	2.780390	0.004562	1.314382
-13.461226	-0.031013	2.790387	0.004679	1.314243
-12.350546	-0.018861	2.800384	0.004475	1.314488
-12.742851	-0.037426	2.810381	0.004547	1.314384
-13.454631	0.057702	2.820378	0.004678	1.314352
-12.693471	-0.106378	2.830374	0.004539	1.314309
-12.919076	-0.008800	2.840371	0.004580	1.314382
-11.820330	-0.149567	2.850368	0.004378	1.314438
-13.173177	0.088830	2.860365	0.004627	1.314448
-13.195392	0.117566	2.870362	0.004631	1.314479
-12.417039	-0.111107	2.880358	0.004488	1.314360
-11.907364	-0.126233	2.890355	0.004395	1.314447
-11.516047	-0.143434	2.900352	0.004323	1.314507
-12.848643	0.033743	2.910349	0.004568	1.314447
-12.685389	0.089127	2.920346	0.004538	1.314549
-12.223683	-0.091528	2.930342	0.004453	1.314424
-11.574725	-0.093174	2.940339	0.004334	1.314556
-12.054269	-0.015412	2.950336	0.004422	1.314552
-12.406485	0.060166	2.960333	0.004487	1.314571
-12.489569	0.083329	2.970330	0.004503	1.314582
-11.469610	-0.126310	2.980326	0.004315	1.314537
-11.457835	-0.096376	2.990323	0.004313	1.314576
-11.646898	-0.031739	3.000320	0.004348	1.314615
-11.974374	0.035173	3.010317	0.004409	1.314629
-12.422144	0.103586	3.020314	0.004491	1.314620
-11.085113	-0.103892	3.030310	0.004245	1.314643
-10.571642	-0.167346	3.040307	0.004151	1.314672
-11.439476	-0.011213	3.050304	0.004311	1.314683
-11.512152	-0.030812	3.060301	0.004324	1.314643
-11.756242	-0.046688	3.070298	0.004369	1.314573
-10.456092	-0.184436	3.080294	0.004130	1.314674
-11.220755	-0.072750	3.090291	0.004271	1.314652
-12.000413	0.065617	3.100288	0.004415	1.314659
-11.419320	0.061900	3.110285	0.004308	1.314775
-10.948216	-0.092204	3.120282	0.004221	1.314684
-10.384489	-0.164245	3.130278	0.004118	1.314713
-10.237076	-0.105834	3.140275	0.004090	1.314815
-10.872749	-0.060926	3.150272	0.004208	1.314738
-11.063268	-0.013410	3.160269	0.004243	1.314756
-10.878503	-0.077185	3.170266	0.004209	1.314716
-10.426117	-0.082825	3.180262	0.004126	1.314803
-10.500662	-0.039840	3.190259	0.004140	1.314840
-11.373951	0.083430	3.200256	0.004301	1.314810
-10.382364	-0.035880	3.210253	0.004118	1.314869
-10.163379	-0.077551	3.220250	0.004078	1.314864
-9.047305	-0.251887	3.230246	0.003873	1.314882
-10.383604	-0.043386	3.240243	0.004119	1.314859
-10.893007	0.085296	3.250240	0.004213	1.314911
-10.521702	-0.044098	3.260237	0.004145	1.314830
-10.208675	-0.044554	3.270234	0.004087	1.314894
-9.046649	-0.151245	3.280230	0.003873	1.315004
-10.044025	-0.070299	3.290227	0.004057	1.314896
-10.147470	-0.050707	3.300224	0.004076	1.314898
-9.693636	-0.063031	3.310221	0.003993	1.314977
-10.056316	-0.059196	3.320218	0.004060	1.314907
-9.103664	-0.118941	3.330214	0.003884	1.315031
-10.060539	0.022650	3.340211	0.004061	1.315006
-9.923561	0.053082	3.350208	0.004036	1.315071
-9.518585	-0.101769	3.360205	0.003961	1.314966
-9.384905	-0.067010	3.370202	0.003937	1.315036
-8.910802	-0.077334	3.380198	0.003850	1.315121
-9.293792	-0.094847	3.390195	0.003920	1.315020
-9.706344	0.065517	3.400192	0.003996	1.315131
-8.840824	-0.126369	3.410189	0.003837	1.315075
-8.588676	-0.122238	3.420186	0.003791	1.315132
-8.823923	-0.081251	3.430182	0.003834	1.315134
-9.210760	-0.054418	3.440179	0.003906	1.315086
-9.598812	-0.031465	3.450176	0.003977	1.315033
-8.734885	-0.066503	3.460173	0.003818	1.315170
-8.516498	-0.142124	3.470170	0.003778	1.315122
-8.697758	-0.067170	3.480166	0.003812	1.315176
-8.477179	-0.145781	3.490163	0.003771	1.315126
-8.864312	-0.045303	3.500160	0.003843	1.315168
-8.167635	-0.178721	3.510157	0.003715	1.315149
-8.622542	-0.070134	3.520154	0.003799	1.315188
-8.594089	-0.022758	3.530150	0.003793	1.315251
-9.050849	-0.031794	3.540147	0.003878	1.315145
-7.847137	-0.096140	3.550144	0.003656	1.315316
-7.776100	-0.191819	3.560141	0.003643	1.315214
-8.658160	0.015088	3.570138	0.003806	1.315284
-8.292727	-0.016214	3.580134	0.003739	1.315321
-7.902598	-0.088634	3.590131	0.003667	1.315313
-8.217758	-0.032626	3.600128	0.003725	1.315316
-7.906808	-0.081011	3.610125	0.003668	1.315321
-7.705867	-0.114702	3.620122	0.003631	1.315322
-7.573033	-0.009937	3.630118	0.003607	1.315477
-7.591341	-0.134627	3.640115	0.003610	1.315321
-8.049923	-0.058960	3.650112	0.003695	1.315318
-7.250258	-0.111568	3.660109	0.003548	1.315419
-7.656680	-0.120275	3.670106	0.003623	1.315324
-7.621008	-0.022101	3.680102	0.003616	1.315451
-7.181264	-0.202107	3.690099	0.003536	1.315322
-7.658612	-0.077635	3.700096	0.003624	1.315375
-7.282819	-0.014132	3.710093	0.003554	1.315531
-7.596147	-0.015054	3.720090	0.003612	1.315465
-7.098055	-0.091405	3.730086	0.003521	1.315474
-6.630408	-0.157672	3.740083	0.003435	1.315490
-6.920890	-0.125979	3.750080	0.003488	1.315468
-7.001138	-0.085015	3.760077	0.003503	1.315502
-7.003829	-0.079058	3.770074	0.003504	1.315508
-7.016320	-0.010855	3.780070	0.003506	1.315589
-6.984122	0.009892	3.790067	0.003501	1.315621
-6.341614	-0.169813	3.800064	0.003382	1.315534
-6.642177	-0.050262	3.810061	0.003438	1.315618
-7.409058	0.131308	3.820058	0.003579	1.315681
-6.160510	-0.098576	3.830054	0.003349	1.315658
-6.237234	-0.146149	3.840051	0.003364	1.315584
-6.224389	-0.110999	3.850048	0.003362	1.315630
-6.502931	-0.061201	3.860045	0.003413	1.315633
-6.959430	-0.049161	3.870042	0.003497	1.315552
-6.197517	-0.017561	3.880038	0.003357	1.315749
-5.579394	-0.124298	3.890035	0.003243	1.315746
-6.022117	-0.098048	3.900032	0.003325	1.315687
-6.435707	-0.009178	3.910029	0.003401	1.315709
-6.218681	-0.028017	3.920026	0.003361	1.315731
-5.840434	-0.033607	3.930022	0.003292	1.315803
-5.835062	-0.116906	3.940019	0.003291	1.315702
-5.805208	-0.001155	3.950016	0.003286	1.315849
-5.841125	-0.052974	3.960013	0.003292	1.315778
-5.620283	-0.086330	3.970010	0.003252	1.315783
-5.419113	0.000952	3.980006	0.003215	1.315931
-5.740461	-0.089464	3.990003	0.003274	1.315754
-4.858667	-0.131798	4.000000	0.003112	1.315885
-5.684201	-0.020117	4.009997	0.003264	1.315850
-5.556522	0.028681	4.019994	0.003241	1.315936
-5.224437	-0.029292	4.029990	0.003180	1.315934
-5.113329	-0.051198	4.039987	0.003160	1.315930
-5.445355	-0.089882	4.049984	0.003221	1.315814
-5.393591	0.002922	4.059981	0.003211	1.315938
-4.407562	-0.143572	4.069978	0.003030	1.315963
-5.695219	-0.026211	4.079974	0.003267	1.315839
-4.344504	-0.090005	4.089971	0.003019	1.316041
-4.680314	-0.122559	4.099968	0.003081	1.315932
-4.933767	-0.081364	4.109965	0.003128	1.315929
-4.883464	-0.086950	4.119962	0.003118	1.315933
-4.553402	-0.031994	4.129958	0.003058	1.316068
-4.687010	-0.018092	4.139955	0.003082	1.316057
-4.520386	0.024115	4.149952	0.003052	1.316143
-4.384963	-0.058692	4.159949	0.003027	1.316070
-4.476736	-0.013074	4.169946	0.003044	1.316106
-4.718657	-0.057655	4.179942	0.003089	1.316002
-4.036117	-0.148589	4.189939	0.002963	1.316032
-4.297592	0.061807	4.199936	0.003012	1.316235
-4.153604	-0.010308	4.209933	0.002985	1.316176
-4.509416	-0.015185	4.219930	0.003051	1.316096
-4.630691	0.190244	4.229926	0.003073	1.316322
-2.803920	-0.011123	4.239923	0.002737	1.316454
-4.205758	0.005906	4.249920	0.002995	1.316185
-4.147449	0.057025	4.259917	0.002985	1.316259
-3.480769	-0.054872	4.269914	0.002862	1.316260
-3.660856	-0.025097	4.279910	0.002895	1.316259
-3.229793	-0.194938	4.289907	0.002816	1.316141
-5.036456	0.347203	4.299904	0.003149	1.316429
-2.432094	-0.049074	4.309901	0.002670	1.316484
-3.802257	-0.087299	4.319898	0.002922	1.316153
-3.691752	0.040209	4.329894	0.002902	1.316332
-3.356234	0.006597	4.339891	0.002840	1.316360
-2.614398	-0.026395	4.349888	0.002704	1.316473
-3.579588	-0.035649	4.359885	0.002882	1.316262
-3.681332	0.204166	4.369882	0.002900	1.316534
-2.424117	-0.142815	4.379878	0.002669	1.316370
-3.872700	0.196522	4.389875	0.002936	1.316484
-2.164628	-0.067465	4.399872	0.002622	1.316515
-4.184832	0.265065	4.409869	0.002994	1.316503
-2.046440	0.154813	4.419866	0.002600	1.316811
-2.871280	0.091326	4.429862	0.002752	1.316563
-2.611870	0.047790	4.439859	0.002704	1.316563
-2.371601	0.010378	4.449856	0.002660	1.316567
-2.535669	-0.132757	4.459853	0.002691	1.316358
-3.003144	0.104300	4.469850	0.002777	1.316550
-2.038584	-0.044800	4.479846	0.002599	1.316568
-3.304650	0.208907	4.489843	0.002833	1.316615
-1.722532	0.132678	4.499840	0.002541	1.316850
-2.499226	0.036649	4.509837	0.002685	1.316572
-3.262381	0.578376	4.519834	0.002825	1.317075
-0.914616	-0.054718	4.529830	0.002393	1.316788
-3.704328	0.560673	4.539827	0.002907	1.316962
-0.821684	0.163133	4.549824	0.002376	1.317073
-2.993161	0.462807	4.559821	0.002776	1.316989
-1.222564	0.290306	4.569818	0.002450	1.317145
-2.912588	0.536109	4.579814	0.002762	1.317095
-0.926437	0.408738	4.589811	0.002396	1.317350
-1.874837	0.364570	4.599808	0.002571	1.317100
-1.243308	0.240855	4.609805	0.002455	1.317080
-2.087547	0.326740	4.619802	0.002610	1.317009
-1.613169	0.400204	4.629798	0.002523	1.317197
-1.290812	0.345038	4.639795	0.002464	1.317196
-1.331574	0.350609	4.649792	0.002471	1.317195
-1.663794	0.408288	4.659789	0.002533	1.317196
-1.343750	0.347946	4.669786	0.002474	1.317189
-1.339396	0.472265	4.679782	0.002473	1.317341
-1.098058	0.381875	4.689779	0.002429	1.317281
-1.272383	0.577080	4.699776	0.002461	1.317483
-0.929362	0.565907	4.709773	0.002398	1.317540
-0.987272	0.567473	4.719770	0.002409	1.317530
-1.297857	0.620649	4.729766	0.002466	1.317530
-0.939392	0.632850	4.739763	0.002400	1.317619
-0.550134	0.497271	4.749760	0.002329	1.317534
-1.982346	0.932800	4.759757	0.002593	1.317769
0.433432	0.599916	4.769754	0.002148	1.317862
-0.959692	0.604684	4.779750	0.002405	1.317580
-0.275423	0.644941	4.789747	0.002279	1.317770
-1.225360	0.760742	4.799744	0.002454	1.317715
-0.591990	0.952251	4.809741	0.002337	1.318080
-0.226208	0.887357	4.819738	0.002270	1.318076
-0.623633	0.958840	4.829734	0.002343	1.318081
-0.542990	0.963935	4.839731	0.002328	1.318104
-0.571065	1.197730	4.849728	0.002334	1.318383
-0.479647	1.252056	4.859725	0.002317	1.318468
-0.457000	1.443102	4.869722	0.002313	1.318705
-0.901688	1.686049	4.879718	0.002395	1.318910
0.604999	1.690375	4.889715	0.002117	1.319226
0.510403	1.350228	4.899712	0.002135	1.318792
-0.295421	1.650116	4.909709	0.002283	1.318991
0.146004	1.590090	4.919706	0.002202	1.319009
0.193858	1.778548	4.929702	0.002194	1.319248
0.595646	1.612310	4.939699	0.002120	1.319128
0.165828	1.739722	4.949696	0.002199	1.319195
0.610596	1.772844	4.959693	0.002117	1.319327
0.016612	1.877195	4.969690	0.002227	1.319331
0.000000	2.109279	4.979686	0.002230	1.319610

0.820281	2.000453	4.984691	0.002079	1.319647
1.358866	2.098205	4.989696	0.001980	1.319878
1.587291	2.140317	4.994701	0.001938	1.319976
1.219765	2.373329	4.999706	0.002005	1.320184
1.357563	2.625217	5.004710	0.001980	1.320519
2.007832	2.851398	5.009715	0.001860	1.320929
1.900316	3.220299	5.014720	0.001879	1.321356
1.870886	3.674473	5.019725	0.001885	1.321902
2.363105	4.082462	5.024730	0.001794	1.322500
2.941330	4.437137	5.029734	0.001687	1.323050
3.318716	4.832466	5.034739	0.001617	1.323608
3.224692	5.408697	5.039744	0.001634	1.324289
3.849415	5.886521	5.044749	0.001519	1.324998
4.003085	6.457985	5.049754	0.001491	1.325723
4.849376	6.934915	5.054758	0.001334	1.326475
5.552936	7.350927	5.059763	0.001205	1.327123
5.659605	7.866126	5.064768	0.001185	1.327769
5.864598	8.447972	5.069773	0.001147	1.328516
5.966061	9.086408	5.074778	0.001128	1.329309
6.771652	9.668745	5.079782	0.000979	1.330179
7.290500	10.216996	5.084787	0.000883	1.330947
7.363191	10.913554	5.089792	0.000869	1.331804
8.751315	11.340531	5.094797	0.000613	1.332603
9.110112	11.833930	5.099802	0.000547	1.333271
9.768931	12.304215	5.104806	0.000425	1.333973
10.283600	12.769359	5.109811	0.000330	1.334638
10.271664	13.395468	5.114816	0.000332	1.335390
10.620197	13.970132	5.119821	0.000268	1.336153
10.738955	14.706367	5.124826	0.000245	1.337063
11.972011	15.150418	5.129830	0.000018	1.337847
13.106012	15.480408	5.134835	-0.000191	1.338474
13.303039	16.001297	5.139840	-0.000228	1.339140
13.645919	16.488298	5.144845	-0.000291	1.339794
13.566081	17.118131	5.149850	-0.000277	1.340534
14.258912	17.692215	5.154854	-0.000404	1.341363
14.667989	18.261709	5.159859	-0.000480	1.342128
15.235517	18.788485	5.164864	-0.000585	1.342874
15.616901	19.352840	5.169869	-0.000655	1.343627
15.709046	20.055086	5.174874	-0.000673	1.344485
16.751375	20.590737	5.179878	-0.000865	1.345336
17.203048	21.123749	5.184883	-0.000949	1.346064
17.614712	21.748595	5.189888	-0.001025	1.346894
18.226074	22.233755	5.194893	-0.001138	1.347596
18.452227	22.861187	5.199898	-0.001180	1.348390
20.035910	23.216745	5.204902	-0.001472	1.349133
21.273639	23.417025	5.209907	-0.001700	1.349620
21.338398	23.834970	5.214912	-0.001712	1.350131
21.515298	24.238980	5.219917	-0.001744	1.350648
22.066051	24.662111	5.224922	-0.001846	1.351262
22.922284	24.982685	5.229926	-0.002004	1.351815
23.269361	25.366774	5.234931	-0.002068	1.352342
23.571642	25.741535	5.239936	-0.002124	1.352848
23.877312	26.171341	5.244941	-0.002180	1.353420
24.270440	26.650739	5.249946	-0.002253	1.354068
24.720705	27.109839	5.254950	-0.002336	1.354703
24.788253	27.649898	5.259955	-0.002349	1.355357
25.042091	28.250930	5.264960	-0.002396	1.356121
25.355557	28.864659	5.269965	-0.002454	1.356911
25.627101	29.481909	5.274970	-0.002505	1.357696
26.372318	30.049645	5.279974	-0.002642	1.358517
27.648710	30.454623	5.284979	-0.002877	1.359251
27.788363	31.000640	5.289984	-0.002903	1.359924
27.965769	31.576637	5.294989	-0.002936	1.360641
28.365798	32.213206	5.299994	-0.003010	1.361472
28.932477	32.758064	5.304998	-0.003115	1.362228
29.131342	33.393825	5.310003	-0.003152	1.363018
29.395548	34.064643	5.315008	-0.003201	1.363861
29.686929	34.780095	5.320013	-0.003255	1.364762
30.070444	35.529716	5.325018	-0.003326	1.365721
30.533803	36.259285	5.330022	-0.003412	1.366671
30.910871	36.964811	5.335027	-0.003482	1.367575
31.577166	37.668850	5.340032	-0.003605	1.368534
31.818674	38.445261	5.345037	-0.003650	1.369494
32.088934	39.262255	5.350042	-0.003700	1.370506
32.512997	40.084462	5.355046	-0.003779	1.371554
32.966989	40.882194	5.360051	-0.003863	1.372578
33.375849	41.735559	5.365056	-0.003939	1.373657
33.964700	42.542369	5.370061	-0.004048	1.374717
34.551730	43.323886	5.375066	-0.004156	1.375746
35.557715	44.038685	5.380070	-0.004342	1.376779
36.635698	44.568242	5.385075	-0.004541	1.377609
37.017066	45.182707	5.390080	-0.004611	1.378400
37.434770	45.816364	5.395085	-0.004688	1.379221
37.638587	46.554578	5.400090	-0.004726	1.380121
37.810746	47.320900	5.405094	-0.004759	1.381047
38.181783	48.084865	5.410099	-0.004827	1.382008
38.532865	48.880314	5.415104	-0.004892	1.383002
38.955078	49.680945	5.420109	-0.004971	1.384014
39.161872	50.563702	5.425114	-0.005009	1.385079
39.657492	51.439743	5.430118	-0.005101	1.386192
40.016702	52.287661	5.435123	-0.005168	1.387245
40.292707	53.211913	5.440128	-0.005219	1.388369
40.917059	54.103705	5.445133	-0.005335	1.389522
41.388203	55.002548	5.450138	-0.005422	1.390653
41.781428	55.944111	5.455142	-0.005495	1.391817
42.843928	56.695864	5.460147	-0.005691	1.392891
43.518931	57.466173	5.465152	-0.005816	1.393911
44.411275	58.165095	5.470157	-0.005981	1.394889
45.075276	58.844069	5.475162	-0.006103	1.395800
45.575677	59.534136	5.480166	-0.006196	1.396691
45.993099	60.177033	5.485171	-0.006273	1.397511
46.383482	60.924070	5.490176	-0.006345	1.398445
46.742163	61.671012	5.495181	-0.006412	1.399372
47.058865	62.452219	5.500186	-0.006471	1.400330
47.473110	63.252732	5.505190	-0.006547	1.401328
48.051712	63.996422	5.510195	-0.006654	1.402292
48.455825	64.780940	5.515200	-0.006729	1.403268
48.983262	65.556119	5.520205	-0.006827	1.404257
49.521675	66.328033	5.525210	-0.006927	1.405243
50.060812	67.108647	5.530214	-0.007026	1.406239
50.256940	67.923458	5.535219	-0.007063	1.407208
50.572656	68.766790	5.540224	-0.007121	1.408231
51.233277	69.573120	5.545229	-0.007244	1.409277
51.875171	70.368230	5.550234	-0.007362	1.410306
52.375300	71.178229	5.555238	-0.007455	1.411324
53.232879	71.857529	5.560243	-0.007613	1.412261
54.173415	72.470068	5.565248	-0.007787	1.413137
54.632446	73.133995	5.570253	-0.007872	1.413979
55.122658	73.790532	5.575258	-0.007962	1.414818
55.486091	74.480217	5.580262	-0.008030	1.415670
55.725463	75.224353	5.585267	-0.008074	1.416560
55.950363	75.989596	5.590272	-0.008116	1.417471
56.282643	76.778276	5.595277	-0.008178	1.418427
56.562326	77.634559	5.600282	-0.008230	1.419450
56.950776	78.516320	5.605286	-0.008302	1.420521
57.487201	79.360039	5.610291	-0.008401	1.421577
57.728242	80.236043	5.615296	-0.008446	1.422612
58.247151	81.133078	5.620301	-0.008542	1.423723
58.647316	82.053719	5.625306	-0.008616	1.424837
59.120230	82.963922	5.630310	-0.008704	1.425952
59.841888	83.811729	5.635315	-0.008837	1.427043
60.189781	84.696865	5.640320	-0.008902	1.428105
60.605422	85.615523	5.645325	-0.008979	1.429216
60.898191	86.570150	5.650330	-0.009034	1.430344
61.411893	87.549905	5.655334	-0.009129	1.431540
62.154989	88.392885	5.660339	-0.009266	1.432625
62.579392	89.321357	5.665344	-0.009345	1.433746
63.277282	90.190323	5.670349	-0.009474	1.434850
63.688159	91.082326	5.675354	-0.009550	1.435925
64.353413	91.926884	5.680358	-0.009673	1.436994
64.643830	92.795811	5.685363	-0.009727	1.438019
65.121477	93.718246	5.690368	-0.009816	1.439139
65.689970	94.599262	5.695373	-0.009921	1.440228
65.894256	95.569869	5.700378	-0.009959	1.441348
66.415550	96.450508	5.705382	-0.010056	1.442426
66.861604	97.410134	5.710387	-0.010138	1.443577
67.335229	98.366974	5.715392	-0.010226	1.444730
67.800388	99.320457	5.720397	-0.010312	1.445876
68.151759	100.289309	5.725402	-0.010378	1.447017
68.381400	101.332264	5.730406	-0.010421	1.448217
68.936840	102.343057	5.735411	-0.010523	1.449440
69.594409	103.333924	5.740416	-0.010645	1.450659
69.897741	104.347998	5.745421	-0.010702	1.451838
70.264574	105.393429	5.750426	-0.010770	1.453062
70.512574	106.507726	5.755430	-0.010816	1.454339
70.991448	107.604276	5.760435	-0.010905	1.455637
71.389722	108.744252	5.765440	-0.010979	1.456968
71.713907	109.898152	5.770445	-0.011039	1.458299
72.037121	111.083267	5.775450	-0.011100	1.459663
72.367924	112.305778	5.780454	-0.011161	1.461068
72.802586	113.479218	5.785459	-0.011242	1.462437
73.077697	114.780220	5.790464	-0.011294	1.463916
73.457720	116.064659	5.795469	-0.011364	1.465394
73.966220	117.327897	5.800474	-0.011459	1.466870
74.317025	118.632678	5.805478	-0.011524	1.468362
74.879085	119.916763	5.810483	-0.011628	1.469868
75.572772	121.176475	5.815488	-0.011757	1.471370
75.888652	122.442519	5.820493	-0.011816	1.472809
75.990097	123.841639	5.825498	-0.011835	1.474352
76.279033	125.268803	5.830502	-0.011890	1.475958
76.661974	126.646590	5.835507	-0.011961	1.477526
77.018346	128.128270	5.840512	-0.012027	1.479200
77.316080	129.644806	5.845517	-0.012083	1.480899
77.865502	131.086211	5.850522	-0.012185	1.482561
78.507343	132.537059	5.855526	-0.012304	1.484247
78.688965	134.067805	5.860531	-0.012339	1.485935
79.396120	135.497941	5.865536	-0.012470	1.487607
79.805222	137.001050	5.870541	-0.012546	1.489302
80.339795	138.509151	5.875546	-0.012646	1.491023
80.620187	140.020800	5.880550	-0.012698	1.492700
81.291924	141.515160	5.885555	-0.012823	1.494427
81.566046	143.061998	5.890560	-0.012874	1.496137
82.073788	144.560320	5.895565	-0.012969	1.497835
82.641107	146.096192	5.900570	-0.013074	1.499581
83.129730	147.621689	5.905574	-0.013165	1.501301
83.637456	149.116807	5.910579	-0.013259	1.502989
84.146540	150.658124	5.915584	-0.013354	1.504725
84.381179	152.222932	5.920589	-0.013398	1.506436
84.790676	153.804810	5.925594	-0.013475	1.508193
85.305812	155.407207	5.930598	-0.013571	1.509989
85.780103	156.980513	5.935603	-0.013659	1.511745
86.425322	158.553439	5.940608	-0.013779	1.513528
87.050644	160.093390	5.945613	-0.013895	1.515271
87.538272	161.580253	5.950618	-0.013986	1.516931
87.773226	163.209118	5.955622	-0.014030	1.518695
88.325842	164.796411	5.960627	-0.014133	1.520469
88.697231	166.378018	5.965632	-0.014202	1.522203
89.302752	167.978858	5.970637	-0.014315	1.523996
89.680436	169.594442	5.975642	-0.014385	1.525763
89.986847	171.223067	5.980646	-0.014443	1.527530
90.338827	172.922533	5.985651	-0.014508	1.529376
91.136745	174.538363	5.990656	-0.014656	1.531210
91.887361	176.084732	5.995661	-0.014796	1.532960
92.164225	177.713006	6.000666	-0.014848	1.534713
92.379357	179.390034	6.005670	-0.014888	1.536503
93.111825	180.990322	6.010675	-0.015024	1.538301
93.655491	182.635152	6.015680	-0.015125	1.540110
94.183942	184.203767	6.020685	-0.015224	1.541835
94.926560	185.759406	6.025690	-0.015361	1.543582
95.305742	187.376204	6.030694	-0.015432	1.545328
95.814134	188.909176	6.035699	-0.015527	1.547006
96.343582	190.517713	6.040704	-0.015625	1.548765
96.839319	192.087048	6.045709	-0.015718	1.550476
97.460757	193.631731	6.050714	-0.015833	1.552181
98.002153	195.179855	6.055718	-0.015934	1.553873
98.356188	196.782079	6.060723	-0.016000	1.555588
98.695246	198.347442	6.065728	-0.016063	1.557260
99.092108	199.996896	6.070733	-0.016137	1.559027
99.372704	201.679811	6.075738	-0.016190	1.560806
99.609203	203.408011	6.080742	-0.016235	1.562622
100.005207	205.171755	6.085747	-0.016309	1.564500
100.398064	206.934284	6.090752	-0.016382	1.566374
101.045739	208.652122	6.095757	-0.016503	1.568242
101.630604	210.384679	6.100762	-0.016611	1.570113
101.823858	212.160784	6.105766	-0.016648	1.571960
102.197300	213.992901	6.110771	-0.016718	1.573893
102.623079	215.828711	6.115776	-0.016798	1.575835
103.296515	217.583602	6.120781	-0.016923	1.577735
103.944086	219.360262	6.125786	-0.017043	1.579649
104.884651	220.976882	6.130790	-0.017217	1.581448
105.565735	222.616439	6.135795	-0.017344	1.583225
105.925827	224.304371	6.140800	-0.017411	1.584995
106.376521	225.924433	6.145805	-0.017495	1.586710
106.898396	227.625490	6.150810	-0.017592	1.588516
107.254721	229.335742	6.155814	-0.017659	1.590302
107.837158	230.989609	6.160819	-0.017767	1.592067
108.119778	232.747306	6.165824	-0.017820	1.593885
108.469573	234.497128	6.170829	-0.017886	1.595703
108.835658	236.270133	6.175834	-0.017954	1.597546
109.166982	238.120066	6.180838	-0.018017	1.599458
109.592083	239.934314	6.185843	-0.018096	1.601347
110.210886	241.752070	6.190848	-0.018211	1.603269
110.820899	243.537709	6.195853	-0.018325	1.605156
110.926036	245.396294	6.200858	-0.018345	1.607030
111.342427	247.280180	6.205862	-0.018423	1.608979
111.638344	249.235904	6.210867	-0.018479	1.610976
112.118532	251.166111	6.215872	-0.018568	1.612976
112.467529	253.169535	6.220877	-0.018634	1.615025
112.911887	255.118288	6.225882	-0.018717	1.617032
113.248409	257.155458	6.230886	-0.018780	1.619108
113.699713	259.165021	6.235891	-0.018865	1.621171
114.549061	261.102124	6.240896	-0.019022	1.623225
115.684244	262.897885	6.245901	-0.019232	1.625183
116.258685	264.673975	6.250906	-0.019339	1.627028
116.559054	266.528311	6.255910	-0.019396	1.628904
117.193690	268.337935	6.260915	-0.019514	1.630788
117.651403	270.171303	6.265920	-0.019599	1.632665
118.311239	271.980358	6.270925	-0.019722	1.634548
118.635030	273.768624	6.275930	-0.019783	1.636354
118.968813	275.658678	6.280934	-0.019845	1.638260
119.454663	277.527282	6.285939	-0.019936	1.640166
119.955696	279.390118	6.290944	-0.020029	1.642068
120.402299	281.279016	6.295949	-0.020113	1.643983
120.849410	283.155582	6.300954	-0.020196	1.645885
121.191285	285.097153	6.305958	-0.020261	1.647831
121.608336	287.061584	6.310963	-0.020339	1.649809
122.127814	288.965166	6.315968	-0.020435	1.651741
122.911493	290.870000	6.320973	-0.020581	1.653715
123.631034	292.666171	6.325978	-0.020715	1.655570
123.973134	294.528039	6.330982	-0.020779	1.657427
124.324218	296.465854	6.335987	-0.020845	1.659357
124.790864	298.343216	6.340992	-0.020932	1.661245
125.158564	300.285405	6.345997	-0.021001	1.663177
125.639715	302.222484	6.351002	-0.021091	1.665120
126.173064	304.151832	6.356006	-0.021190	1.667062
126.588892	306.115704	6.361011	-0.021268	1.669016
127.213288	308.026898	6.366016	-0.021384	1.670949
127.717100	309.940079	6.371021	-0.021478	1.672864
128.455173	311.829200	6.376026	-0.021615	1.674789
128.830415	313.700430	6.381030	-0.021685	1.676639
129.242415	315.627460	6.386035	-0.021762	1.678546
129.984082	317.492556	6.391040	-0.021900	1.680442
130.447269	319.365118	6.396045	-0.021987	1.682301
131.180877	321.199198	6.401050	-0.022123	1.684162
131.600133	323.011268	6.406054	-0.022201	1.685952
131.961364	324.901476	6.411059	-0.022269	1.687805
132.482469	326.799954	6.416064	-0.022366	1.689689
133.055440	328.639259	6.421069	-0.022473	1.691522
133.442757	330.514633	6.426074	-0.022545	1.693359
134.015589	332.381832	6.431078	-0.022652	1.695215
134.514723	334.240555	6.436083	-0.022745	1.697049
135.075069	336.103556	6.441088	-0.022849	1.698895
135.477934	337.941135	6.446093	-0.022925	1.700691
135.924799	339.849674	6.451098	-0.023008	1.702558
136.527716	341.720200	6.456102	-0.023121	1.704411
137.027848	343.547801	6.461107	-0.023214	1.706206
137.834705	345.356349	6.466112	-0.023364	1.708028
138.245301	347.168478	6.471117	-0.023440	1.709792
138.761617	348.969122	6.476122	-0.023536	1.711558
139.280125	350.775233	6.481126	-0.023633	1.713328
139.785643	352.581601	6.486131	-0.023727	1.715095
140.582448	354.294194	6.491136	-0.023875	1.716816
140.799325	356.120412	6.496141	-0.023916	1.718554
141.405960	357.876616	6.501146	-0.024029	1.720284
141.837101	359.671825	6.506150	-0.024110	1.722021
142.228970	361.525634	6.511155	-0.024183	1.723806
142.863649	363.282423	6.516160	-0.024301	1.725535
143.063148	365.128593	6.521165	-0.024339	1.727280
143.510743	367.040102	6.526170	-0.024422	1.729121
144.235123	368.818079	6.531174	-0.024557	1.730877
144.796215	370.624403	6.536179	-0.024661	1.732634
145.233735	372.472395	6.541184	-0.024743	1.734409
145.749548	374.239616	6.546189	-0.024839	1.736119
146.233762	376.067594	6.551194	-0.024930	1.737878
146.719310	377.889197	6.556198	-0.025020	1.739631
147.220549	379.699713	6.561203	-0.025114	1.741373
147.833714	381.500224	6.566208	-0.025228	1.743121
148.357472	383.278544	6.571213	-0.025325	1.744834
148.924400	385.030014	6.576218	-0.025431	1.746527
149.352882	386.846636	6.581222	-0.025511	1.748257
149.776836	388.633349	6.586227	-0.025590	1.749958
150.337590	390.452731	6.591232	-0.025694	1.751707
150.958137	392.210498	6.596237	-0.025810	1.753406
151.487178	393.933242	6.601242	-0.025908	1.755059
151.996306	395.684877	6.606246	-0.026003	1.756733
152.292138	397.504801	6.611251	-0.026059	1.758437
152.751863	399.308420	6.616256	-0.026145	1.760148
153.090270	401.153136	6.621261	-0.026208	1.761877
153.513900	403.041844	6.626266	-0.026287	1.763657
154.104800	404.854974	6.631270	-0.026397	1.765391
154.441298	406.737573	6.636275	-0.026460	1.767149
154.899427	408.650808	6.641280	-0.026546	1.768950
155.356153	410.515646	6.646285	-0.026631	1.770706
155.968202	412.424806	6.651290	-0.026745	1.772523
156.493409	414.316674	6.656294	-0.026843	1.774309
156.956243	416.162139	6.661299	-0.026929	1.776043
157.727106	418.005269	6.666304	-0.027073	1.777818
158.008047	419.860400	6.671309	-0.027125	1.779531
158.651267	421.680096	6.676314	-0.027245	1.781262
158.993071	423.578512	6.681318	-0.027309	1.783019
159.508015	425.392739	6.686323	-0.027405	1.784724
159.919794	427.296321	6.691328	-0.027482	1.786492
160.276860	429.214832	6.696333	-0.027549	1.788264
160.739140	431.115167	6.701338	-0.027635	1.790033
161.116283	433.088352	6.706342	-0.027706	1.791853
161.406121	435.096301	6.711347	-0.027761	1.793690
161.934834	437.037203	6.716352	-0.027859	1.795500
162.333610	439.063463	6.721357	-0.027934	1.797365
162.722112	441.104257	6.726362	-0.028007	1.799239
163.123708	443.167633	6.731366	-0.028082	1.801134
163.463669	445.282115	6.736371	-0.028146	1.803063
163.958728	447.359045	6.741376	-0.028239	1.804979
164.371429	449.483140	6.746381	-0.028316	1.806923
164.803398	451.625400	6.751386	-0.028397	1.808884
165.179939	453.789529	6.756390	-0.028468	1.810854
165.980695	455.898099	6.761395	-0.028616	1.812832
166.693702	457.917154	6.766400	-0.028749	1.814717
167.522920	459.867934	6.771405	-0.028903	1.816556
168.295754	461.793410	6.776410	-0.029046	1.818363
169.137802	463.573640	6.781414	-0.029203	1.820050
169.752177	465.372496	6.786419	-0.029317	1.821719
170.362246	467.190697	6.791424	-0.029430	1.823404
170.905742	468.896015	6.796429	-0.029532	1.824978
171.592936	470.638020	6.801434	-0.029659	1.826604
172.239481	472.349741	6.806438	-0.029779	1.828195
172.769799	473.989109	6.811443	-0.029878	1.829706
173.362366	475.665330	6.816448	-0.029988	1.831256
173.412919	477.446508	6.821453	-0.029999	1.832821
173.942862	479.168829	6.826458	-0.030097	1.834400
174.485485	480.903603	6.831462	-0.030198	1.835991
174.798510	482.699428	6.836467	-0.030257	1.837601
175.181661	484.536260	6.841472	-0.030329	1.839255
175.621871	486.346753	6.846477	-0.030411	1.840893
176.069871	488.196839	6.851482	-0.030495	1.842565
176.380263	490.081171	6.856486	-0.030553	1.844246
176.571474	492.012476	6.861491	-0.030589	1.845950
176.878193	494.039566	6.866496	-0.030647	1.847751
177.363941	496.039019	6.871501	-0.030738	1.849551
177.614944	498.094751	6.876506	-0.030785	1.851366
177.776838	500.282593	6.881510	-0.030817	1.853281
178.235573	502.386069	6.886515	-0.030902	1.855162
178.802158	504.541980	6.891520	-0.031008	1.857101
179.094606	506.712974	6.896525	-0.031063	1.859013
179.353469	508.940906	6.901530	-0.031112	1.860968
179.775840	511.246054	6.906534	-0.031192	1.863010
180.107359	513.470316	6.911539	-0.031254	1.864967
180.578801	515.835246	6.916544	-0.031342	1.867062
180.781326	518.188367	6.921549	-0.031381	1.869108
181.245754	520.563366	6.926554	-0.031468	1.871206
181.658756	522.989261	6.931558	-0.031546	1.873338
182.208546	525.336111	6.936563	-0.031649	1.875419
182.691263	527.777166	6.941568	-0.031739	1.877568
183.195171	530.131376	6.946573	-0.031833	1.879644
183.919713	532.484076	6.951578	-0.031968	1.881746
184.622361	534.801407	6.956582	-0.032099	1.883813
185.074290	537.079495	6.961587	-0.032184	1.885810
185.673072	539.389534	6.966592	-0.032296	1.887852
186.131629	541.654400	6.971597	-0.032381	1.889835
186.680925	543.957949	6.976602	-0.032484	1.891860
187.092879	546.254408	6.981606	-0.032561	1.893859
187.672957	548.532987	6.986611	-0.032670	1.895863
188.225675	550.838413	6.991616	-0.032773	1.897884
188.626034	553.096410	6.996621	-0.032848	1.899843
188.981281	555.447143	7.001626	-0.032915	1.901871
189.530833	557.767841	7.006630	-0.033018	1.903898
189.837513	560.106553	7.011635	-0.033076	1.905905
190.177932	562.564262	7.016640	-0.033140	1.908015
190.668456	564.947386	7.021645	-0.033232	1.910080
191.064506	567.403972	7.026650	-0.033306	1.912192
191.678632	569.766612	7.031654	-0.033421	1.914251
192.114925	572.203978	7.036659	-0.033503	1.916347
192.511240	574.656770	7.041664	-0.033577	1.918448
193.100235	577.059826	7.046669	-0.033687	1.920531
193.557639	579.540642	7.051674	-0.033773	1.922659
193.903427	581.985402	7.056678	-0.033838	1.924741
194.304119	584.491689	7.061683	-0.033914	1.926878
194.683376	587.042014	7.066688	-0.033985	1.929046
195.087868	589.619022	7.071693	-0.034061	1.931238
195.624556	592.138597	7.076698	-0.034162	1.933396
196.317063	594.596172	7.081702	-0.034291	1.935521
196.581108	597.157178	7.086707	-0.034341	1.937674
197.128664	599.688618	7.091712	-0.034444	1.939836
197.755757	602.236133	7.096717	-0.034561	1.942020
198.423990	604.661089	7.101722	-0.034685	1.944105
198.835948	607.186956	7.106726	-0.034763	1.946238
199.546401	609.632383	7.111731	-0.034895	1.948341
199.976919	612.096279	7.116736	-0.034976	1.950421
200.435411	614.591086	7.121741	-0.035062	1.952528
200.927516	617.009935	7.126746	-0.035154	1.954574
201.571680	619.497133	7.131750	-0.035274	1.956694
202.226546	621.857254	7.136755	-0.035396	1.958708
202.677000	624.281689	7.141760	-0.035481	1.960747
202.958885	626.774663	7.146765	-0.035534	1.962819
203.446013	629.226462	7.151770	-0.035626	1.964880
203.876519	631.745771	7.156774	-0.035707	1.966987
204.181970	634.273188	7.161779	-0.035764	1.969083
204.888344	636.785867	7.166784	-0.035896	1.971215
205.351259	639.262068	7.171789	-0.035983	1.973285
205.813095	641.751171	7.176794	-0.036070	1.975362
206.447279	644.292899	7.181798	-0.036188	1.977502
206.900013	646.720504	7.186803	-0.036273	1.979524
207.425346	649.215705	7.191808	-0.036371	1.981608
208.053418	651.659417	7.196813	-0.036488	1.983661
208.573605	654.086597	7.201818	-0.036586	1.985684
208.974704	656.597667	7.206822	-0.036661	1.987759
209.540973	659.042947	7.211827	-0.036767	1.989799
210.156462	661.498580	7.216832	-0.036882	1.991851
210.840004	663.815548	7.221837	-0.037009	1.993798
211.320155	666.229934	7.226842	-0.037099	1.995796
212.001208	668.568960	7.231846	-0.037226	1.997757
212.481248	670.902839	7.236851	-0.037316	1.999686
212.956549	673.288410	7.241856	-0.037405	2.001655
213.528212	675.568939	7.246861	-0.037512	2.003549
213.973393	677.930987	7.251866	-0.037595	2.005491
214.319751	680.338529	7.256870	-0.037661	2.007456
214.769242	682.735878	7.261875	-0.037745	2.009422
215.330406	685.146051	7.266880	-0.037850	2.011411
215.779215	687.522947	7.271885	-0.037934	2.013358
216.339007	689.905717	7.276890	-0.038039	2.015321
217.031187	692.232327	7.281894	-0.038168	2.017253
217.402917	694.579972	7.286899	-0.038238	2.019162
217.822251	696.986608	7.291904	-0.038316	2.021121
218.323670	699.359532	7.296909	-0.038410	2.023061
218.790143	701.758813	7.301914	-0.038498	2.025016
219.164943	704.211042	7.306918	-0.038568	2.027000
219.529865	706.648106	7.311923	-0.038637	2.028968
220.032466	709.131530	7.316928	-0.038731	2.030988
220.741759	711.523641	7.321933	-0.038863	2.032959
221.212226	713.913212	7.326938	-0.038951	2.034897
221.845274	716.331554	7.331942	-0.039069	2.036876
222.083247	718.725217	7.336947	-0.039115	2.038785
222.554064	721.224597	7.341952	-0.039203	2.040804
222.991410	723.663809	7.346957	-0.039285	2.042769
223.646190	726.092547	7.351962	-0.039407	2.044751
224.263618	728.539332	7.356966	-0.039523	2.046740
224.522601	730.963886	7.361971	-0.039572	2.048667
225.296408	733.407397	7.366976	-0.039716	2.050668
225.907110	735.768687	7.371981	-0.039830	2.052584
226.722367	738.025177	7.376986	-0.039981	2.054441
227.450449	740.265211	7.381990	-0.040117	2.056273
228.094779	742.408696	7.386995	-0.040237	2.058018
228.533183	744.621508	7.392000	-0.040319	2.059791
229.200824	746.815417	7.397005	-0.040443	2.061575
229.863355	748.871321	7.402010	-0.040567	2.063249
230.629524	750.942942	7.407014	-0.040709	2.064947
231.508742	752.908411	7.412019	-0.040872	2.066575
232.450522	754.722626	7.417024	-0.041047	2.068091
233.295890	756.451813	7.422029	-0.041204	2.069529
234.036572	758.147504	7.427034	-0.041341	2.070928
234.377534	759.843863	7.432038	-0.041405	2.072279
234.967986	761.511671	7.437043	-0.041515	2.073637
235.457502	763.208067	7.442048	-0.041606	2.075003
235.962187	764.924810	7.447053	-0.041700	2.076387
236.679524	766.512977	7.452058	-0.041833	2.077695
237.040360	768.194728	7.457062	-0.041901	2.079033
237.514126	769.881854	7.462067	-0.041989	2.080387
238.138355	771.542481	7.467072	-0.042105	2.081738
238.433947	773.169618	7.472077	-0.042160	2.083023
238.680346	774.927099	7.477082	-0.042207	2.084402
239.027813	776.748661	7.482086	-0.042272	2.085841
239.563382	778.527130	7.487091	-0.042372	2.087268
240.095065	780.303635	7.492096	-0.042471	2.088692
240.426803	782.124620	7.497101	-0.042533	2.090125
240.813997	784.004750	7.502106	-0.042606	2.091610
241.037713	785.899603	7.507110	-0.042648	2.093085
241.389988	787.873055	7.512115	-0.042714	2.094634
241.735496	789.909998	7.517120	-0.042779	2.096230
242.407248	791.819624	7.522125	-0.042904	2.097766
242.874376	793.778972	7.527130	-0.042991	2.099315
243.200885	795.803914	7.532134	-0.043053	2.100895
243.364769	797.849484	7.537139	-0.043084	2.102472
243.915198	799.924347	7.542144	-0.043187	2.104115
244.385254	802.035368	7.547149	-0.043275	2.105774
244.780802	804.127634	7.552154	-0.043349	2.107409
245.709565	806.120496	7.557158	-0.043521	2.109029
246.183027	808.130414	7.562163	-0.043609	2.110608
246.785408	810.095743	7.567168	-0.043722	2.112167
247.422974	812.012136	7.572173	-0.043840	2.113692
248.040536	813.915950	7.577178	-0.043955	2.115204
248.506262	815.845354	7.582182	-0.044042	2.116716
248.845390	817.755168	7.587187	-0.044106	2.118199
249.294502	819.731562	7.592192	-0.044190	2.119743
249.648737	821.764245	7.597197	-0.044256	2.121317
249.955669	823.761165	7.602202	-0.044314	2.122858
250.377820	825.864384	7.607206	-0.044393	2.124491
250.501939	828.047508	7.612211	-0.044417	2.126149
250.979937	830.204215	7.617216	-0.044507	2.127826
251.460141	832.395629	7.622221	-0.044597	2.129528
251.923886	834.635264	7.627226	-0.044683	2.131262
252.280875	836.772105	7.632230	-0.044751	2.132907
252.396638	839.137764	7.637235	-0.044773	2.134694
253.092485	841.427375	7.642240	-0.044903	2.136488
253.391450	843.712816	7.647245	-0.044959	2.138233
253.928971	846.072860	7.652250	-0.045060	2.140059
254.664435	848.340941	7.657254	-0.045197	2.141837
254.802162	850.666553	7.662259	-0.045224	2.143589
255.258349	853.050184	7.667264	-0.045309	2.145419
255.897816	855.376616	7.672269	-0.045428	2.147225
256.419579	857.699663	7.677274	-0.045526	2.149014
256.609474	860.152539	7.682278	-0.045562	2.150861
257.089672	862.471944	7.687283	-0.045652	2.152639
257.593344	864.907339	7.692288	-0.045747	2.154505
258.689013	867.179044	7.697293	-0.045950	2.156314
259.313500	869.354266	7.702298	-0.046066	2.157997
259.951568	871.560457	7.707302	-0.046185	2.159703
260.520652	873.713761	7.712307	-0.046291	2.161361
261.049631	875.832669	7.717312	-0.046390	2.162988
261.623777	877.962738	7.722317	-0.046497	2.164626
262.067198	880.146359	7.727322	-0.046580	2.166289
262.573113	882.234971	7.732326	-0.046675	2.167887
263.005935	884.412652	7.737331	-0.046756	2.169541
263.763387	886.529885	7.742336	-0.046897	2.171186
264.176602	888.576629	7.747341	-0.046974	2.172739
264.601397	890.725660	7.752346	-0.047054	2.174367
265.151702	892.849872	7.757350	-0.047156	2.175990
265.240829	895.020662	7.762355	-0.047174	2.177595
265.824877	897.240348	7.767360	-0.047283	2.179290
266.178037	899.507846	7.772365	-0.047350	2.180992
266.558311	901.717100	7.777370	-0.047421	2.182654
266.920971	904.061006	7.782374	-0.047489	2.184411
267.177875	906.444724	7.787379	-0.047538	2.186184
267.743257	908.759814	7.792384	-0.047644	2.187939
268.180112	911.158348	7.797389	-0.047726	2.189740
268.585661	913.542901	7.802394	-0.047802	2.191525
269.050794	915.928265	7.807398	-0.047889	2.193316
269.215409	918.437399	7.812403	-0.047921	2.195163
269.733336	920.922573	7.817408	-0.048018	2.197030
270.273533	923.408578	7.822413	-0.048119	2.198898
270.683722	925.932602	7.827418	-0.048196	2.200777
271.257939	928.369635	7.832422	-0.048303	2.202610
271.769895	930.873218	7.837427	-0.048399	2.204483
272.273998	933.380869	7.842432	-0.048494	2.206356
272.867325	935.828079	7.847437	-0.048605	2.208193
273.232603	938.329004	7.852442	-0.048673	2.210044
273.782047	940.783879	7.857446	-0.048776	2.211879
274.248787	943.253266	7.862451	-0.048864	2.213714
274.558579	945.814618	7.867456	-0.048922	2.215597
275.185214	948.301086	7.872461	-0.049039	2.217458
275.941531	950.744237	7.877466	-0.049180	2.219301
276.731585	953.113452	7.882470	-0.049327	2.221092
277.310248	955.395404	7.887475	-0.049435	2.222797
278.037892	957.672669	7.892480	-0.049571	2.224512
278.674320	959.945221	7.897485	-0.049689	2.226214
279.437666	962.058524	7.902490	-0.049831	2.227813
280.020095	964.197377	7.907494	-0.049940	2.229410
280.522104	966.326760	7.912499	-0.050034	2.230990
281.046888	968.381790	7.917504	-0.050132	2.232518
281.386880	970.539520	7.922509	-0.050196	2.234099
282.060987	972.680167	7.927514	-0.050321	2.235703
282.658858	974.729417	7.932518	-0.050432	2.237231
283.027588	976.856187	7.937523	-0.050502	2.238790
283.626944	978.979126	7.942528	-0.050613	2.240369
284.089802	981.007293	7.947533	-0.050700	2.241865
284.376184	983.159897	7.952538	-0.050754	2.243431
284.717615	985.396848	7.957542	-0.050818	2.245060
285.342666	987.540341	7.962547	-0.050935	2.246652
285.724531	989.748977	7.967552	-0.051006	2.248264
286.385119	991.944971	7.972557	-0.051130	2.249895
286.838394	994.076039	7.977562	-0.051214	2.251456
287.287643	996.236764	7.982566	-0.051298	2.253038
287.811649	998.413558	7.987571	-0.051396	2.254637
288.011693	1000.656708	7.992576	-0.051435	2.256248
288.650112	1002.868358	7.997581	-0.051554	2.257882
289.134225	1005.085158	8.002586	-0.051644	2.259501
289.565839	1007.312073	8.007590	-0.051725	2.261122
289.825498	1009.569413	8.012595	-0.051774	2.262744
290.369865	1011.873667	8.017600	-0.051876	2.264429
290.796834	1014.170327	8.022605	-0.051956	2.266094
291.182875	1016.492745	8.027610	-0.052029	2.267772
291.648667	1018.849059	8.032614	-0.052116	2.269481
292.059570	1021.210251	8.037619	-0.052193	2.271187
292.556043	1023.555349	8.042624	-0.052286	2.272888
293.232953	1025.897676	8.047629	-0.052412	2.274605
293.693784	1028.211770	8.052634	-0.052498	2.276279
294.064748	1030.573831	8.057638	-0.052568	2.277975
294.528724	1032.956522	8.062643	-0.052655	2.279695
294.809666	1035.364957	8.067648	-0.052708	2.281412
295.276016	1037.810161	8.072653	-0.052796	2.283173
295.752795	1040.293747	8.077658	-0.052885	2.284960
296.247585	1042.709744	8.082662	-0.052978	2.286701
296.644507	1045.211360	8.087667	-0.053053	2.288490
297.029500	1047.738469	8.092672	-0.053125	2.290294
297.551476	1050.194919	8.097677	-0.053223	2.292061
297.929742	1052.752002	8.102682	-0.053294	2.293883
298.349889	1055.320517	8.107686	-0.053373	2.295715
299.026199	1057.816317	8.112691	-0.053499	2.297521
299.610079	1060.313652	8.117696	-0.053608	2.299317
300.105174	1062.800031	8.122701	-0.053701	2.301096
300.600188	1065.264614	8.127706	-0.053794	2.302857
301.221843	1067.751333	8.132710	-0.053910	2.304646
301.497711	1070.223459	8.137715	-0.053962	2.306388
301.973600	1072.771219	8.142720	-0.054052	2.308201
302.202783	1075.405504	8.147725	-0.054095	2.310048
302.798288	1077.895738	8.152730	-0.054207	2.311830
303.319749	1080.503935	8.157734	-0.054304	2.313686
303.827877	1083.063828	8.162739	-0.054400	2.315505
304.226335	1085.624914	8.167744	-0.054475	2.317312
304.570630	1088.291364	8.172749	-0.054540	2.319185
305.031427	1090.904938	8.177754	-0.054626	2.321032
305.425124	1093.598108	8.182758	-0.054700	2.322925
305.869043	1096.303036	8.187763	-0.054784	2.324830
306.268828	1098.989685	8.192768	-0.054859	2.326717
306.758081	1101.777679	8.197773	-0.054951	2.328680
307.363488	1104.431691	8.202778	-0.055064	2.330561
307.987234	1107.097160	8.207782	-0.055181	2.332451
308.245395	1109.819132	8.212787	-0.055230	2.334341
308.661007	1112.560363	8.217792	-0.055308	2.336258
309.424215	1115.261770	8.222797	-0.055451	2.338181
309.892904	1117.934856	8.227802	-0.055539	2.340054
310.562269	1120.536381	8.232806	-0.055664	2.341896
311.052865	1123.192666	8.237811	-0.055756	2.343757
311.599110	1125.816962	8.242816	-0.055858	2.345600
312.044634	1128.465653	8.247821	-0.055942	2.347448
312.536634	1131.099450	8.252826	-0.056034	2.349289
313.187911	1133.649132	8.257830	-0.056156	2.351087
313.801122	1136.216548	8.262835	-0.056270	2.352891
314.342731	1138.789331	8.267840	-0.056372	2.354691
314.868934	1141.270906	8.272845	-0.056470	2.356427
315.308693	1143.828006	8.277850	-0.056553	2.358203
315.853345	1146.430942	8.282854	-0.056655	2.360020
316.227266	1148.951383	8.287859	-0.056725	2.361762
316.668898	1151.562549	8.292864	-0.056808	2.363571
317.260408	1154.133079	8.297869	-0.056919	2.365366
317.718431	1156.715072	8.302874	-0.057005	2.367155
318.339315	1159.269532	8.307878	-0.057121	2.368939
318.743698	1161.802942	8.312883	-0.057197	2.370686
319.208993	1164.372843	8.317888	-0.057284	2.372463
319.759958	1166.973212	8.322893	-0.057387	2.374267
320.228440	1169.488708	8.327898	-0.057475	2.376005
320.876346	1172.040629	8.332902	-0.057596	2.377783
321.243258	1174.632614	8.337907	-0.057665	2.379560
321.751482	1177.121067	8.342912	-0.057760	2.381279
322.062487	1179.750704	8.347917	-0.057819	2.383073
322.575428	1182.379365	8.352922	-0.057915	2.384884
323.127337	1184.982367	8.357926	-0.058019	2.386681
323.669686	1187.570158	8.362931	-0.058120	2.388465
324.095711	1190.124445	8.367936	-0.058200	2.390214
324.666146	1192.708278	8.372941	-0.058307	2.391995
325.056653	1195.330584	8.377946	-0.058381	2.393783
325.412732	1197.967848	8.382950	-0.058448	2.395577
325.710164	1200.683065	8.387955	-0.058504	2.397415
326.215038	1203.420308	8.392960	-0.058599	2.399287
326.656467	1206.103228	8.397965	-0.058682	2.401115
327.032867	1208.901179	8.402970	-0.058753	2.403012
327.528875	1211.681432	8.407974	-0.058846	2.404907
327.956188	1214.453627	8.412979	-0.058927	2.406788
328.340864	1217.314702	8.417984	-0.058999	2.408723
328.785052	1220.159739	8.422989	-0.059083	2.410651
329.147524	1223.046455	8.427994	-0.059152	2.412598
329.727452	1225.931561	8.432998	-0.059260	2.414562
330.036342	1228.805554	8.438003	-0.059319	2.416492
330.679518	1231.703536	8.443008	-0.059439	2.418468
331.096585	1234.578926	8.448013	-0.059518	2.420406
331.486478	1237.477411	8.453018	-0.059592	2.422355
332.122335	1240.415411	8.458022	-0.059711	2.424351
332.533564	1243.301309	8.463027	-0.059788	2.426291
333.215345	1246.193911	8.468032	-0.059916	2.428258
333.628790	1249.030445	8.473037	-0.059993	2.430162
334.098496	1251.908328	8.478042	-0.060082	2.432097
334.531080	1254.880972	8.483046	-0.060163	2.434089
335.108810	1257.684278	8.488051	-0.060272	2.435982
335.441148	1260.666647	8.493056	-0.060335	2.437968
335.932376	1263.613623	8.498061	-0.060427	2.439943
336.495719	1266.500806	8.503066	-0.060533	2.441885
336.942847	1269.464528	8.508070	-0.060617	2.443865
337.451498	1272.389973	8.513075	-0.060712	2.445823
337.835563	1275.370534	8.518080	-0.060785	2.447804
338.381488	1278.322446	8.523085	-0.060887	2.449780
339.113248	1281.176174	8.528090	-0.061024	2.451708
339.524157	1284.114834	8.533094	-0.061102	2.453659
340.207677	1286.943055	8.538099	-0.061229	2.455563
340.659026	1289.821956	8.543104	-0.061314	2.457476
341.445891	1292.640214	8.548109	-0.061461	2.459379
342.068508	1295.332572	8.553114	-0.061577	2.461184
342.729279	1298.064246	8.558119	-0.061701	2.463017
343.297455	1300.724729	8.563123	-0.061807	2.464793
344.013023	1303.329003	8.568128	-0.061941	2.466546
344.810185	1305.881022	8.573133	-0.062089	2.468270
345.695788	1308.220870	8.578138	-0.062254	2.469865
346.429190	1310.547217	8.583143	-0.062390	2.471436
347.063675	1312.814960	8.588147	-0.062508	2.472958
347.681337	1315.062406	8.593152	-0.062624	2.474465
348.424589	1317.196039	8.598157	-0.062762	2.475910
349.074585	1319.287799	8.603162	-0.062883	2.477318
349.530751	1321.484329	8.608167	-0.062968	2.478774
350.125024	1323.458333	8.613171	-0.063079	2.480100
350.414511	1325.624256	8.618176	-0.063134	2.481520
351.006972	1327.764488	8.623181	-0.063244	2.482951
351.422194	1329.924505	8.628186	-0.063322	2.484377
351.824250	1332.063145	8.633191	-0.063397	2.485787
352.366827	1334.230673	8.638195	-0.063499	2.487228
352.841959	1336.463073	8.643200	-0.063588	2.488704
353.419618	1338.513966	8.648205	-0.063695	2.490072
353.719181	1340.705856	8.653210	-0.063752	2.491504
354.332981	1342.900145	8.658215	-0.063866	2.492965
354.636043	1345.061529	8.663219	-0.063923	2.494376
355.110107	1347.274062	8.668224	-0.064012	2.495834
355.519215	1349.559129	8.673229	-0.064089	2.497332
356.011086	1351.835713	8.678234	-0.064181	2.498832
356.418850	1354.052237	8.683239	-0.064257	2.500284
357.037229	1356.298985	8.688243	-0.064373	2.501774
357.340978	1358.616837	8.693248	-0.064430	2.503280
357.815019	1360.932552	8.698253	-0.064519	2.504798
358.220407	1363.258173	8.703258	-0.064595	2.506316
358.490020	1365.679856	8.708263	-0.064646	2.507883
358.944164	1368.072310	8.713267	-0.064731	2.509446
359.375313	1370.481597	8.718272	-0.064812	2.511016
359.771560	1372.964684	8.723277	-0.064887	2.512630
360.322924	1375.438033	8.728282	-0.064990	2.514250
360.880289	1377.855171	8.733287	-0.065094	2.515834
361.256415	1380.343871	8.738291	-0.065165	2.517446
361.672540	1382.837261	8.743296	-0.065243	2.519063
362.138118	1385.328128	8.748301	-0.065330	2.520682
362.491491	1387.892121	8.753306	-0.065397	2.522337
362.875640	1390.500214	8.758311	-0.065470	2.524021
363.529996	1393.025686	8.763315	-0.065592	2.525675
363.831685	1395.623958	8.768320	-0.065649	2.527344
364.247841	1398.249819	8.773325	-0.065727	2.529038
364.741034	1400.831631	8.778330	-0.065820	2.530711
365.176973	1403.494561	8.783335	-0.065902	2.532428
365.710797	1406.155896	8.788339	-0.066002	2.534152
366.097223	1408.778947	8.793344	-0.066074	2.535837
366.675698	1411.477312	8.798349	-0.066183	2.537586
367.215007	1414.063917	8.803354	-0.066284	2.539260
367.769131	1416.691773	8.808359	-0.066387	2.540960
368.195023	1419.312743	8.813363	-0.066468	2.542643
368.664425	1421.964070	8.818368	-0.066556	2.544347
369.008913	1424.665520	8.823373	-0.066621	2.546072
369.519872	1427.382109	8.828378	-0.066717	2.547818
370.105120	1429.978389	8.833383	-0.066826	2.549495
370.612492	1432.638713	8.838387	-0.066921	2.551204
370.853026	1435.387415	8.843392	-0.066967	2.552944
371.187710	1438.157457	8.848397	-0.067031	2.554704
372.039849	1440.865939	8.853402	-0.067189	2.556470
372.309232	1443.619509	8.858407	-0.067241	2.558211
372.715223	1446.348313	8.863411	-0.067317	2.559948
373.006676	1449.188132	8.868416	-0.067373	2.561743
373.481161	1452.092414	8.873421	-0.067462	2.563593
373.979764	1454.909744	8.878426	-0.067556	2.565389
374.493648	1457.786301	8.883431	-0.067652	2.567222
375.118090	1460.657524	8.888435	-0.067769	2.569060
375.466816	1463.537126	8.893440	-0.067835	2.570878
375.972637	1466.424560	8.898445	-0.067930	2.572713
376.583565	1469.179275	8.903450	-0.068044	2.574474
377.270496	1471.949449	8.908455	-0.068172	2.576249
377.503928	1474.811005	8.913459	-0.068217	2.578041
377.991916	1477.597087	8.918464	-0.068309	2.579807
378.705431	1480.390949	8.923469	-0.068442	2.581595
379.176249	1483.209489	8.928474	-0.068531	2.583377
379.820086	1485.936946	8.933479	-0.068651	2.585116
380.378941	1488.612031	8.938483	-0.068756	2.586814
380.859743	1491.341262	8.943488	-0.068846	2.588538
381.595566	1493.969154	8.948493	-0.068983	2.590220
382.165200	1496.592097	8.953498	-0.069090	2.591883
382.743503	1499.190275	8.958503	-0.069198	2.593531
383.323833	1501.724692	8.963507	-0.069306	2.595139
383.739967	1504.304947	8.968512	-0.069384	2.596760
384.126521	1506.951204	8.973517	-0.069457	2.598418
384.579519	1509.508962	8.978522	-0.069542	2.600027
385.200739	1512.140245	8.983527	-0.069659	2.601693
385.563354	1514.786145	8.988531	-0.069727	2.603346
386.041626	1517.385827	8.993536	-0.069817	2.604979
386.544468	1520.039206	8.998541	-0.069911	2.606646
387.074547	1522.718723	9.003546	-0.070010	2.608330
387.568493	1525.289605	9.008551	-0.070103	2.609943
387.908997	1527.972355	9.013555	-0.070167	2.611611
388.423208	1530.660731	9.018560	-0.070264	2.613296
388.836347	1533.337906	9.023565	-0.070342	2.614964
389.309274	1536.047613	9.028570	-0.070430	2.616656
389.815148	1538.786434	9.033575	-0.070525	2.618368
390.243086	1541.435512	9.038579	-0.070606	2.620017
390.955671	1544.155725	9.043584	-0.070739	2.621732
391.528411	1546.791453	9.048589	-0.070846	2.623383
391.993671	1549.378893	9.053594	-0.070933	2.624995
392.768710	1551.993100	9.058599	-0.071078	2.626647
393.009066	1554.628249	9.063603	-0.071124	2.628267
393.551827	1557.182429	9.068608	-0.071225	2.629862
394.013713	1559.824726	9.073613	-0.071312	2.631502
394.455240	1562.487510	9.078618	-0.071395	2.633152
395.053294	1565.065001	9.083623	-0.071507	2.634763
395.638179	1567.681319	9.088627	-0.071616	2.636394
396.067612	1570.274822	9.093632	-0.071697	2.637998
396.517769	1572.856836	9.098637	-0.071781	2.639596
396.974742	1575.503157	9.103642	-0.071867	2.641232
397.486981	1578.150166	9.108647	-0.071963	2.642873
397.858584	1580.771174	9.113651	-0.072033	2.644484
398.339551	1583.454105	9.118656	-0.072124	2.646142
398.638580	1586.264034	9.123661	-0.072180	2.647859
399.111957	1588.929303	9.128666	-0.072269	2.649503
399.732672	1591.672347	9.133671	-0.072385	2.651205
399.947263	1594.447899	9.138675	-0.072427	2.652891
400.412537	1597.231838	9.143680	-0.072514	2.654603
400.797826	1600.084648	9.148685	-0.072587	2.656347
401.204533	1602.968774	9.153690	-0.072664	2.658112
401.567253	1605.853040	9.158695	-0.072732	2.659871
402.079669	1608.784700	9.163699	-0.072828	2.661670
402.305616	1611.769674	9.168704	-0.072872	2.663477
402.799993	1614.769508	9.173709	-0.072965	2.665312
403.314863	1617.807908	9.178714	-0.073062	2.667171
403.553046	1620.837289	9.183719	-0.073108	2.669002
403.848099	1623.997061	9.188723	-0.073164	2.670913
404.304611	1627.166175	9.193728	-0.073250	2.672841
404.698640	1630.338247	9.198733	-0.073325	2.674765
405.015656	1633.606899	9.203738	-0.073385	2.676739
405.510052	1636.876187	9.208743	-0.073478	2.678726
405.907382	1640.154779	9.213747	-0.073553	2.680709
406.503929	1643.466874	9.218752	-0.073665	2.682726
406.854861	1646.737883	9.223757	-0.073732	2.684698
407.406393	1650.092779	9.228762	-0.073836	2.686734
407.996156	1653.316792	9.233767	-0.073947	2.688694
408.424509	1656.614467	9.238771	-0.074028	2.690684
409.043236	1659.885462	9.243776	-0.074144	2.692671
409.352255	1663.168884	9.248781	-0.074203	2.694639
409.983070	1666.473432	9.253786	-0.074321	2.696644
410.613923	1669.700810	9.258791	-0.074439	2.698602
411.274891	1672.882237	9.263795	-0.074563	2.700533
412.049290	1675.987960	9.268800	-0.074708	2.702428
412.688347	1679.023598	9.273805	-0.074827	2.704269
413.119218	1682.068074	9.278810	-0.074908	2.706097
413.844317	1685.059496	9.283815	-0.075044	2.707917
414.469817	1687.945955	9.288819	-0.075161	2.709665
415.176787	1690.852203	9.293824	-0.075293	2.711430
415.570166	1693.723704	9.298829	-0.075367	2.713149
415.928187	1696.648066	9.303834	-0.075435	2.714895
416.784049	1699.515484	9.308839	-0.075595	2.716646
417.312092	1702.283294	9.313843	-0.075694	2.718311
417.711816	1705.113131	9.318848	-0.075769	2.720002
418.301484	1707.955234	9.323853	-0.075879	2.721713
418.777261	1710.720011	9.328858	-0.075969	2.723369
419.424070	1713.534788	9.333863	-0.076090	2.725067
419.814850	1716.333158	9.338867	-0.076163	2.726734
420.422006	1719.143036	9.343872	-0.076277	2.728424
420.787233	1721.925428	9.348877	-0.076346	2.730078
421.209109	1724.751807	9.353882	-0.076426	2.731760
421.645106	1727.591521	9.358887	-0.076508	2.733451
422.098699	1730.443066	9.363891	-0.076593	2.735149
422.681639	1733.330242	9.368896	-0.076702	2.736876
423.208019	1736.089033	9.373901	-0.076801	2.738523
423.491692	1738.964369	9.378906	-0.076855	2.740218
423.920763	1741.919482	9.383911	-0.076936	2.741970
424.450166	1744.818166	9.388915	-0.077035	2.743696
424.902376	1747.730606	9.393920	-0.077120	2.745422
425.457488	1750.690547	9.398925	-0.077225	2.747183
425.815135	1753.534322	9.403930	-0.077292	2.748860
426.680200	1756.420084	9.408935	-0.077453	2.750599
427.061923	1759.299968	9.413939	-0.077525	2.752297
427.716179	1762.054057	9.418944	-0.077648	2.753942
428.198646	1764.903276	9.423949	-0.077738	2.755627
428.804395	1767.691642	9.428954	-0.077852	2.757286
429.219861	1770.422049	9.433959	-0.077930	2.758896
429.863876	1773.233239	9.438963	-0.078050	2.760569
430.393406	1775.977481	9.443968	-0.078150	2.762193
430.925706	1778.710085	9.448973	-0.078249	2.763810
431.568399	1781.401706	9.453978	-0.078370	2.765411
432.188069	1784.066602	9.458983	-0.078485	2.766993
432.878034	1786.550380	9.463987	-0.078614	2.768476
433.443055	1789.130153	9.468992	-0.078720	2.770003
434.216727	1791.600453	9.473997	-0.078864	2.771483
434.710427	1794.010108	9.479002	-0.078956	2.772906
435.492031	1796.394719	9.484007	-0.079102	2.774335
436.285250	1798.641612	9.489011	-0.079249	2.775685
436.960081	1800.846500	9.494016	-0.079375	2.777002
437.909693	1802.822239	9.499021	-0.079551	2.778207
438.450608	1804.839456	9.504026	-0.079652	2.779404
439.065583	1806.800531	9.509031	-0.079766	2.780575
439.516455	1808.773654	9.514035	-0.079851	2.781739
440.190222	1810.667789	9.519040	-0.079976	2.782875
440.694349	1812.566990	9.524045	-0.080070	2.784000
441.156893	1814.475196	9.529050	-0.080156	2.785127
441.508542	1816.453322	9.534055	-0.080222	2.786285
441.777348	1818.469907	9.539059	-0.080273	2.787458
442.100911	1820.496612	9.544064	-0.080334	2.788640
442.523701	1822.606357	9.549069	-0.080413	2.789877
442.635869	1824.828753	9.554074	-0.080435	2.791155
443.164246	1827.087016	9.559079	-0.080534	2.792483
443.554339	1829.357370	9.564083	-0.080607	2.793808
443.805841	1831.718678	9.569088	-0.080655	2.795173
444.071330	1834.168114	9.574093	-0.080705	2.796589
444.282975	1836.618728	9.579098	-0.080746	2.798000
444.738645	1839.191835	9.584103	-0.080832	2.799499
445.072905	1841.843129	9.589107	-0.080895	2.801033
445.372384	1844.511996	9.594112	-0.080952	2.802573
445.827528	1847.210473	9.599117	-0.081037	2.804141
445.985606	1850.022845	9.604122	-0.081068	2.805750
446.331240	1852.893330	9.609127	-0.081134	2.807405
446.624274	1855.750399	9.614131	-0.081189	2.809048
446.897794	1858.784649	9.619136	-0.081242	2.810789
447.433070	1861.826528	9.624141	-0.081342	2.812552
447.670356	1864.847340	9.629146	-0.081388	2.814280
448.144587	1868.045680	9.634151	-0.081477	2.816126
448.685695	1871.085719	9.639155	-0.081579	2.817885
448.720356	1874.293938	9.644160	-0.081587	2.819701
449.256851	1877.573032	9.649165	-0.081688	2.821593
449.708726	1880.802333	9.654170	-0.081773	2.823449
450.121679	1884.118609	9.659175	-0.081852	2.825350
450.465816	1887.431152	9.664179	-0.081917	2.827242
450.960308	1890.718249	9.669184	-0.082010	2.829130
451.409608	1894.142183	9.674189	-0.082095	2.831090
451.747407	1897.479738	9.679194	-0.082159	2.832993
452.304232	1900.924673	9.684199	-0.082264	2.834970
452.756932	1904.375564	9.689203	-0.082350	2.836941
453.271012	1907.717027	9.694208	-0.082447	2.838854
453.965963	1911.119952	9.699213	-0.082577	2.840814
454.518473	1914.430642	9.704218	-0.082681	2.842710
455.243735	1917.673504	9.709223	-0.082816	2.844579
455.892774	1920.932365	9.714227	-0.082938	2.846450
456.381716	1924.023202	9.719232	-0.083030	2.848215
457.144255	1927.164688	9.724237	-0.083172	2.850026
457.699642	1930.233219	9.729242	-0.083277	2.851781
458.230736	1933.281709	9.734247	-0.083376	2.853521
458.878243	1936.331788	9.739251	-0.083498	2.855270
459.734224	1939.217730	9.744256	-0.083657	2.856941
460.248604	1942.051824	9.749261	-0.083754	2.858557
460.873033	1944.874647	9.754266	-0.083870	2.860175
461.569842	1947.659636	9.759271	-0.084001	2.861775
462.084539	1950.360188	9.764275	-0.084097	2.863314
462.543359	1953.134567	9.769280	-0.084183	2.864890
463.169278	1955.881332	9.774285	-0.084300	2.866461
463.627067	1958.514051	9.779290	-0.084386	2.867956
464.107826	1961.255522	9.784295	-0.084477	2.869513
464.456394	1964.053149	9.789299	-0.084543	2.871090
465.135168	1966.697073	9.794304	-0.084669	2.872604
465.632565	1969.466486	9.799309	-0.084763	2.874175
465.949018	1972.209848	9.804314	-0.084823	2.875717
466.443040	1974.945082	9.809319	-0.084915	2.877267
466.842192	1977.742493	9.814323	-0.084991	2.878843
467.090086	1980.640377	9.819328	-0.085038	2.880463
467.718675	1983.514656	9.824333	-0.085156	2.882096
468.203076	1986.333850	9.829338	-0.085247	2.883688
468.600605	1989.259621	9.834343	-0.085322	2.885331
468.964201	1992.180131	9.839347	-0.085391	2.886969
469.284007	1995.156626	9.844352	-0.085452	2.888633
469.697031	1998.208051	9.849357	-0.085530	2.890343
470.115352	2001.258994	9.854362	-0.085609	2.892053
470.342826	2004.372901	9.859367	-0.085652	2.893784
470.897593	2007.540887	9.864371	-0.085757	2.895565
471.282280	2010.666605	9.869376	-0.085829	2.897311
471.731109	2013.866296	9.874381	-0.085914	2.899100
472.061145	2017.108114	9.879386	-0.085977	2.900904
472.540204	2020.326343	9.884391	-0.086067	2.902703
472.864568	2023.658466	9.889395	-0.086129	2.904553
473.194426	2027.039381	9.894400	-0.086192	2.906429
473.561762	2030.426373	9.899405	-0.086262	2.908310
474.246903	2033.794929	9.904410	-0.086390	2.910201
474.668674	2037.171076	9.909415	-0.086470	2.912077
474.995747	2040.589995	9.914419	-0.086532	2.913969
475.432607	2044.086552	9.919424	-0.086615	2.915909
476.121989	2047.469083	9.924429	-0.086744	2.917803
476.450985	2050.943394	9.929434	-0.086807	2.919721
476.935481	2054.419410	9.934439	-0.086899	2.921650
477.508395	2057.860353	9.939443	-0.087006	2.923564
477.900306	2061.351657	9.944448	-0.087081	2.925492
478.421093	2064.780388	9.949453	-0.087179	2.927393
478.686684	2068.315276	9.954458	-0.087230	2.929333
479.224293	2071.928227	9.959463	-0.087331	2.931333
479.705173	2075.423209	9.964467	-0.087422	2.933264
480.152738	2078.992108	9.969472	-0.087507	2.935231
480.815053	2082.508983	9.974477	-0.087631	2.937183
481.464244	2085.948162	9.979482	-0.087753	2.939091
481.837223	2089.297400	9.984487	-0.087824	2.940930

482.373995	2092.417171	9.989491	-0.087924	2.942655
482.761284	2095.377433	9.994496	-0.087998	2.944283
483.288848	2098.212727	9.999501	-0.088097	2.945851
483.932501	2100.679731	10.004506	-0.088217	2.947228
484.215592	2103.139202	10.009511	-0.088270	2.948575
484.799066	2105.401009	10.014515	-0.088379	2.949836
485.158488	2107.516466	10.019520	-0.088447	2.951001
485.493239	2109.406075	10.024525	-0.088510	2.952043
485.909888	2111.202806	10.029530	-0.088588	2.953040
486.313540	2112.916084	10.034535	-0.088663	2.953991
486.737297	2114.398005	10.039539	-0.088742	2.954818
487.029724	2115.828340	10.044544	-0.088797	2.955608
487.339526	2117.079528	10.049549	-0.088854	2.956303
487.650148	2118.160462	10.054554	-0.088912	2.956905
488.103090	2119.166519	10.059559	-0.088996	2.957477
488.373174	2120.015147	10.064563	-0.089047	2.957952
488.546127	2120.831916	10.069568	-0.089079	2.958403
488.862188	2121.560818	10.074573	-0.089138	2.958817
489.191076	2122.123437	10.079578	-0.089198	2.959141
489.548216	2122.546818	10.084583	-0.089264	2.959393
489.657173	2122.995873	10.089587	-0.089285	2.959642
489.821015	2123.277948	10.094592	-0.089315	2.959805
490.104875	2123.545703	10.099597	-0.089367	2.959967
490.164934	2123.537125	10.104602	-0.089378	2.959967
490.489644	2123.919989	10.109607	-0.089438	2.960194
490.633726	2124.039712	10.114611	-0.089465	2.960268
490.860597	2123.935515	10.119616	-0.089507	2.960228
490.923871	2123.441244	10.124621	-0.089518	2.959966
491.022770	2123.413326	10.129626	-0.089536	2.959958
491.081497	2123.407236	10.134631	-0.089547	2.959958
491.230544	2123.337677	10.139635	-0.089574	2.959931
491.336637	2122.762674	10.144640	-0.089593	2.959628
491.570959	2122.618674	10.149645	-0.089636	2.959567
491.704693	2122.164492	10.154650	-0.089660	2.959331
491.593166	2121.763468	10.159655	-0.089639	2.959108
491.802711	2121.453119	10.164659	-0.089678	2.958955
491.985363	2120.975533	10.169664	-0.089711	2.958710
491.803424	2120.416840	10.174669	-0.089677	2.958397
491.979305	2119.951781	10.179674	-0.089709	2.958159
492.174416	2119.381689	10.184679	-0.089745	2.957865
491.914952	2118.907631	10.189683	-0.089696	2.957593
492.051917	2118.379091	10.194688	-0.089721	2.957317
492.059120	2117.879497	10.199693	-0.089722	2.957049
492.172338	2117.296596	10.204698	-0.089743	2.956742
492.295985	2116.715352	10.209703	-0.089765	2.956438
492.302373	2116.206730	10.214707	-0.089766	2.956164
492.635478	2115.452867	10.219712	-0.089826	2.955781
492.517498	2114.752335	10.224717	-0.089804	2.955395
492.480423	2114.014592	10.229722	-0.089797	2.954995
492.510656	2113.265094	10.234727	-0.089802	2.954594
492.470815	2112.634500	10.239731	-0.089794	2.954251
492.731314	2111.908072	10.244736	-0.089841	2.953877
492.506303	2111.159362	10.249741	-0.089799	2.953458
492.456810	2110.428288	10.254746	-0.089790	2.953061
492.622298	2109.698908	10.259751	-0.089820	2.952679
492.738821	2108.961820	10.264755	-0.089841	2.952289
492.773290	2108.138371	10.269760	-0.089846	2.951847
492.806687	2107.392739	10.274765	-0.089852	2.951448
492.716718	2106.694413	10.279770	-0.089835	2.951065
492.673368	2105.815036	10.284775	-0.089826	2.950587
492.602336	2105.093732	10.289779	-0.089813	2.950193
492.669591	2104.374376	10.294784	-0.089824	2.949810
492.618394	2103.571551	10.299789	-0.089814	2.949373
492.727740	2102.797405	10.304794	-0.089834	2.948962
492.809220	2102.054593	10.309799	-0.089848	2.948567
492.618556	2101.224410	10.314803	-0.089813	2.948106
492.558994	2100.509812	10.319808	-0.089801	2.947716
492.576351	2099.806523	10.324813	-0.089804	2.947337
492.619600	2099.105293	10.329818	-0.089811	2.946961
492.726324	2098.278924	10.334823	-0.089830	2.946522
492.585832	2097.697886	10.339827	-0.089804	2.946199
492.566292	2096.959122	10.344832	-0.089800	2.945798
492.674650	2096.179655	10.349837	-0.089819	2.945384
492.777113	2095.375038	10.354842	-0.089837	2.944956
492.842051	2094.606979	10.359847	-0.089849	2.944545
492.685206	2093.754713	10.364851	-0.089819	2.944074
492.855005	2092.974938	10.369856	-0.089850	2.943663
492.462798	2092.296066	10.374861	-0.089777	2.943270
492.588925	2091.509256	10.379866	-0.089800	2.942853
492.694709	2090.738942	10.384871	-0.089819	2.942443
492.533978	2090.070122	10.389875	-0.089789	2.942070
492.630562	2089.339810	10.394880	-0.089806	2.941682
492.561737	2088.638342	10.399885	-0.089793	2.941297
492.655065	2087.899972	10.404890	-0.089809	2.940904
492.687226	2087.188951	10.409895	-0.089815	2.940521
492.721826	2086.313964	10.414899	-0.089820	2.940050
492.582252	2085.594069	10.419904	-0.089794	2.939650
492.613774	2084.898993	10.424909	-0.089799	2.939276
492.634026	2084.185817	10.429914	-0.089803	2.938891
492.716074	2083.313444	10.434919	-0.089817	2.938424
492.698383	2082.605796	10.439923	-0.089813	2.938039
492.703589	2081.819331	10.444928	-0.089814	2.937614
492.741824	2081.009260	10.449933	-0.089820	2.937177
492.676656	2080.292307	10.454938	-0.089808	2.936784
492.527958	2079.680352	10.459943	-0.089780	2.936442
492.662069	2078.867813	10.464947	-0.089804	2.936011
492.637599	2078.159873	10.469952	-0.089799	2.935625
492.650000	2077.435321	10.474957	-0.089801	2.935233
492.684810	2076.590647	10.479962	-0.089806	2.934777
492.618490	2075.869834	10.484967	-0.089794	2.934382
492.559601	2075.218964	10.489971	-0.089782	2.934025
492.359789	2074.518519	10.494976	-0.089745	2.933631
492.608161	2073.776399	10.499981	-0.089790	2.933245
492.668474	2073.042978	10.504986	-0.089801	2.932851
492.620068	2072.304301	10.509991	-0.089791	2.932447
492.668034	2071.542724	10.514995	-0.089799	2.932036
492.432847	2070.855268	10.520000	-0.089756	2.931647
492.439822	2070.270920	10.525005	-0.089756	2.931330
492.328162	2069.625062	10.530010	-0.089735	2.930972
492.495121	2068.943774	10.535015	-0.089766	2.930613
492.415143	2068.310197	10.540019	-0.089750	2.930264
492.443725	2067.592982	10.545024	-0.089755	2.929876
492.565228	2066.840650	10.550029	-0.089777	2.929475
492.414223	2066.192111	10.555034	-0.089749	2.929112
492.547863	2065.511963	10.560039	-0.089773	2.928752
492.437709	2064.844683	10.565043	-0.089752	2.928382
492.403225	2064.182352	10.570048	-0.089745	2.928019
492.409207	2063.490337	10.575053	-0.089746	2.927643
492.317210	2062.870413	10.580058	-0.089728	2.927300
492.516551	2062.183568	10.585063	-0.089764	2.926940
492.307670	2061.634719	10.590067	-0.089725	2.926627
492.451505	2061.036482	10.595072	-0.089751	2.926311
492.489945	2060.347105	10.600077	-0.089758	2.925939
492.645338	2059.552475	10.605082	-0.089786	2.925517
492.479393	2058.801185	10.610087	-0.089755	2.925097
492.418929	2058.191050	10.615091	-0.089743	2.924761
492.358789	2057.549404	10.620096	-0.089732	2.924407
492.507018	2056.906887	10.625101	-0.089759	2.924068
492.275511	2056.257115	10.630106	-0.089715	2.923698
492.471276	2055.562908	10.635111	-0.089751	2.923333
492.310637	2054.913004	10.640115	-0.089721	2.922968
492.371117	2054.281245	10.645120	-0.089731	2.922628
492.578215	2053.587569	10.650125	-0.089769	2.922265
492.495241	2052.932735	10.655130	-0.089753	2.921902
492.510227	2052.314940	10.660135	-0.089756	2.921567
492.221157	2051.662125	10.665139	-0.089702	2.921191
492.214928	2051.037415	10.670144	-0.089700	2.920850
492.312136	2050.443868	10.675149	-0.089718	2.920533
492.279325	2049.817487	10.680154	-0.089711	2.920189
492.282068	2049.172393	10.685159	-0.089711	2.919838
492.401533	2048.560784	10.690163	-0.089733	2.919513
492.360459	2047.949403	10.695168	-0.089725	2.919176
492.491671	2047.236847	10.700173	-0.089748	2.918797
492.077121	2046.674341	10.705178	-0.089671	2.918461
492.067313	2046.147383	10.710183	-0.089669	2.918173
492.220018	2045.601737	10.715187	-0.089697	2.917886
492.028727	2045.036508	10.720192	-0.089661	2.917564
492.267551	2044.461818	10.725197	-0.089705	2.917267
492.099561	2043.912661	10.730202	-0.089673	2.916956
492.064105	2043.433821	10.735207	-0.089667	2.916692
492.130803	2042.974761	10.740211	-0.089678	2.916446
492.119785	2042.400854	10.745216	-0.089676	2.916132
492.227965	2041.790267	10.750221	-0.089695	2.915806
492.100774	2041.251704	10.755226	-0.089672	2.915503
492.237490	2040.629644	10.760231	-0.089696	2.915173
492.060376	2040.128934	10.765235	-0.089663	2.914887
492.053843	2039.604498	10.770240	-0.089662	2.914600
492.047711	2039.101211	10.775245	-0.089660	2.914325
491.987335	2038.615094	10.780250	-0.089649	2.914055
492.061099	2038.030976	10.785255	-0.089662	2.913741
492.077391	2037.492444	10.790259	-0.089664	2.913448
491.996063	2036.970270	10.795264	-0.089649	2.913157
492.146742	2036.442894	10.800269	-0.089676	2.912879
491.918849	2035.923312	10.805274	-0.089634	2.912580
491.842272	2035.509217	10.810279	-0.089619	2.912348
492.117315	2034.981716	10.815283	-0.089670	2.912078
491.939631	2034.537046	10.820288	-0.089637	2.911823
492.108595	2034.080676	10.825293	-0.089667	2.911585
491.964889	2033.479936	10.830298	-0.089640	2.911247
491.998403	2033.013332	10.835303	-0.089646	2.910994
491.956636	2032.522016	10.840307	-0.089638	2.910722
491.954168	2032.016085	10.845312	-0.089637	2.910445
491.928106	2031.576529	10.850317	-0.089632	2.910203
491.897966	2031.151792	10.855322	-0.089626	2.909969
491.883553	2030.624106	10.860327	-0.089623	2.909679
492.052037	2030.109336	10.865331	-0.089654	2.909409
491.888965	2029.651288	10.870336	-0.089623	2.909147
491.923824	2029.179142	10.875341	-0.089629	2.908891
491.665715	2028.830149	10.880346	-0.089581	2.908682
491.684328	2028.383515	10.885351	-0.089585	2.908439
492.115486	2027.893391	10.890355	-0.089664	2.908200
491.806772	2027.416869	10.895360	-0.089606	2.907918
491.867465	2027.007804	10.900365	-0.089617	2.907698
491.792483	2026.622171	10.905370	-0.089603	2.907482
491.841975	2026.071477	10.910375	-0.089612	2.907184
491.801084	2025.646267	10.915379	-0.089604	2.906948
491.731413	2025.345574	10.920384	-0.089591	2.906779
491.830332	2025.029876	10.925389	-0.089609	2.906612
491.692905	2024.494974	10.930394	-0.089583	2.906310
491.862376	2024.074667	10.935399	-0.089614	2.906091
491.774629	2023.689161	10.940403	-0.089597	2.905874
491.794142	2023.316916	10.945408	-0.089601	2.905671
491.654037	2022.790514	10.950413	-0.089574	2.905373
491.836865	2022.441566	10.955418	-0.089608	2.905195
491.734270	2022.046099	10.960423	-0.089589	2.904971
491.801996	2021.610342	10.965427	-0.089601	2.904737
491.624036	2021.124218	10.970432	-0.089567	2.904458
491.706313	2020.826236	10.975437	-0.089582	2.904300
491.783169	2020.489088	10.980442	-0.089596	2.904121
491.687508	2019.931171	10.985447	-0.089578	2.903808
491.705035	2019.640868	10.990451	-0.089581	2.903650
491.594244	2019.345164	10.995456	-0.089560	2.903480
491.700115	2018.802890	11.000461	-0.089580	2.903190
491.700585	2018.527898	11.005466	-0.089579	2.903040
491.599795	2018.220181	11.010471	-0.089561	2.902864
491.629315	2017.685395	11.015475	-0.089566	2.902573
491.728830	2017.425257	11.020480	-0.089584	2.902437
491.535076	2017.090665	11.025485	-0.089548	2.902240
491.507484	2016.634353	11.030490	-0.089542	2.901988
491.560621	2016.487685	11.035495	-0.089552	2.901911
491.502954	2016.043765	11.040499	-0.089541	2.901663
491.536766	2015.895005	11.045504	-0.089547	2.901584
491.580461	2015.454814	11.050509	-0.089555	2.901345
491.504898	2015.157755	11.055514	-0.089540	2.901177
491.565369	2014.855452	11.060519	-0.089551	2.901015
491.574655	2014.365658	11.065523	-0.089553	2.900747
491.535463	2014.177259	11.070528	-0.089545	2.900641
491.482782	2013.745991	11.075533	-0.089535	2.900401
491.599131	2013.488451	11.080538	-0.089556	2.900267
491.520930	2013.144070	11.085543	-0.089542	2.900073
491.572611	2012.752000	11.090547	-0.089551	2.899861
491.455515	2012.575796	11.095552	-0.089529	2.899756
491.532706	2012.055444	11.100557	-0.089543	2.899476
491.518617	2011.912284	11.105562	-0.089540	2.899396
491.593453	2011.458242	11.110567	-0.089553	2.899152
491.557841	2011.186496	11.115571	-0.089547	2.899000
491.622491	2010.841244	11.120576	-0.089558	2.898815
491.551266	2010.352349	11.125581	-0.089545	2.898542
491.526468	2010.196951	11.130586	-0.089540	2.898455
491.481651	2009.729215	11.135591	-0.089531	2.898195
491.543358	2009.525941	11.140595	-0.089543	2.898087
491.503731	2009.162174	11.145600	-0.089535	2.897885
491.402685	2008.867014	11.150605	-0.089516	2.897715
491.490007	2008.595181	11.155610	-0.089532	2.897572
491.116360	2008.355603	11.160615	-0.089463	2.897414
491.567852	2008.030288	11.165619	-0.089546	2.897267
491.375225	2007.825199	11.170624	-0.089510	2.897141
491.550640	2007.490559	11.175629	-0.089542	2.896969
491.493023	2007.225787	11.180634	-0.089531	2.896820
491.487170	2007.030593	11.185639	-0.089530	2.896712
491.495244	2006.568942	11.190643	-0.089531	2.896459
491.452717	2006.424426	11.195648	-0.089523	2.896376
491.275874	2005.922079	11.200653	-0.089490	2.896088
491.344981	2005.856579	11.205658	-0.089503	2.896057
491.362723	2005.490917	11.210663	-0.089506	2.895857
491.315108	2005.302784	11.215667	-0.089497	2.895750
491.518048	2005.002843	11.220672	-0.089534	2.895599
491.461950	2004.713027	11.225677	-0.089523	2.895436
491.324139	2004.360342	11.230682	-0.089497	2.895232
491.121174	2004.157875	11.235687	-0.089460	2.895107
491.328218	2004.132820	11.240691	-0.089498	2.895108
491.426709	2003.565729	11.245696	-0.089516	2.894803
491.424869	2003.567147	11.250701	-0.089515	2.894803
491.386468	2003.008381	11.255706	-0.089508	2.894493
491.346850	2003.013453	11.260711	-0.089500	2.894493
491.511241	2002.517582	11.265715	-0.089530	2.894232
491.329357	2002.478256	11.270720	-0.089497	2.894198
491.221488	2001.942605	11.275725	-0.089476	2.893895
491.319539	2001.885391	11.280730	-0.089494	2.893871
491.307865	2001.554942	11.285735	-0.089492	2.893688
491.262123	2001.331540	11.290739	-0.089483	2.893562
491.300476	2001.260904	11.295744	-0.089490	2.893526
491.369354	2000.739851	11.300749	-0.089502	2.893244
491.212538	2000.755814	11.305754	-0.089473	2.893242
491.294477	2000.359670	11.310759	-0.089488	2.893029
491.242103	2000.198999	11.315763	-0.089478	2.892937
491.303832	2000.034076	11.320768	-0.089490	2.892851
491.431312	1999.595902	11.325773	-0.089513	2.892618
491.158518	1999.636788	11.330778	-0.089462	2.892622
491.258203	1999.091569	11.335783	-0.089480	2.892329
491.292154	1999.066892	11.340787	-0.089487	2.892317
491.302435	1998.758793	11.345792	-0.089488	2.892149
491.415075	1998.471755	11.350797	-0.089509	2.891998
491.376800	1998.308224	11.355802	-0.089501	2.891906
491.425219	1997.999299	11.360807	-0.089510	2.891739
491.149677	1998.008785	11.365811	-0.089459	2.891725
491.193439	1997.431131	11.370816	-0.089467	2.891410
491.095929	1997.466232	11.375821	-0.089449	2.891422
491.048884	1997.459776	11.380826	-0.089440	2.891415
491.258585	1996.942204	11.385831	-0.089478	2.891145
491.271719	1996.873685	11.390835	-0.089481	2.891108
491.208285	1996.680517	11.395840	-0.089469	2.890997
491.020549	1996.321721	11.400845	-0.089434	2.890787
491.184538	1996.295292	11.405850	-0.089464	2.890784
491.230777	1996.136981	11.410855	-0.089472	2.890700
491.075629	1995.759353	11.415859	-0.089443	2.890481
491.021831	1995.760562	11.420864	-0.089433	2.890478
491.107794	1995.750835	11.425869	-0.089449	2.890478
491.041675	1995.360241	11.430874	-0.089437	2.890258
491.215167	1995.134230	11.435879	-0.089468	2.890146
491.249310	1995.159985	11.440883	-0.089475	2.890163
491.317371	1994.674761	11.445888	-0.089487	2.889900
491.101416	1994.595112	11.450893	-0.089447	2.889841
491.154263	1994.603755	11.455898	-0.089457	2.889849
491.063453	1994.052051	11.460903	-0.089439	2.889539
491.037124	1994.058843	11.465907	-0.089434	2.889541
491.100076	1994.041268	11.470912	-0.089446	2.889536
491.242315	1993.712180	11.475917	-0.089472	2.889364
491.119780	1993.501710	11.480922	-0.089449	2.889240
491.283084	1993.474229	11.485927	-0.089479	2.889236
491.245466	1993.007671	11.490931	-0.089472	2.888976
491.096462	1992.897469	11.495936	-0.089444	2.888905
491.064344	1992.908395	11.500941	-0.089438	2.888909
491.311663	1992.476523	11.505946	-0.089483	2.888688
491.074320	1992.334501	11.510951	-0.089440	2.888593
490.983154	1992.358022	11.515955	-0.089423	2.888600
490.967682	1992.320384	11.520960	-0.089420	2.888578
491.192028	1991.751004	11.525965	-0.089461	2.888280
491.107031	1991.767511	11.530970	-0.089445	2.888283
491.172980	1991.741061	11.535975	-0.089457	2.888273
491.108247	1991.214109	11.540979	-0.089445	2.887978
491.256742	1991.180575	11.545984	-0.089472	2.887970
491.079818	1991.205925	11.550989	-0.089439	2.887971
491.085115	1990.631630	11.555994	-0.089440	2.887655
491.142829	1990.612457	11.560999	-0.089450	2.887648
491.138917	1990.630558	11.566003	-0.089450	2.887658
491.208761	1990.165334	11.571008	-0.089462	2.887407
490.986028	1990.084960	11.576013	-0.089421	2.887347
491.097680	1990.075357	11.581018	-0.089441	2.887349
491.114666	1989.787882	11.586023	-0.089444	2.887192
491.182654	1989.516589	11.591027	-0.089456	2.887047
491.130878	1989.500004	11.596032	-0.089447	2.887034
491.067128	1989.440213	11.601037	-0.089435	2.886997
491.194879	1989.015288	11.606042	-0.089458	2.886771
490.963983	1989.040709	11.611047	-0.089416	2.886769
491.054378	1989.036068	11.616051	-0.089432	2.886773
490.887016	1988.875097	11.621056	-0.089401	2.886672
490.925073	1988.441803	11.626061	-0.089408	2.886436
491.087397	1988.436512	11.631066	-0.089438	2.886444
490.924552	1988.449893	11.636071	-0.089408	2.886440
490.971261	1988.457027	11.641075	-0.089416	2.886447
491.055922	1988.055199	11.646080	-0.089431	2.886232
491.075304	1987.882989	11.651085	-0.089435	2.886138
490.969717	1987.895889	11.656090	-0.089415	2.886138
490.867204	1987.893117	11.661095	-0.089396	2.886129
491.020834	1987.607642	11.666099	-0.089424	2.885982
490.942727	1987.296168	11.671104	-0.089410	2.885805
490.831734	1987.295042	11.676109	-0.089389	2.885797
490.983030	1987.278129	11.681114	-0.089417	2.885798
491.073926	1987.266627	11.686119	-0.089434	2.885798
491.077343	1987.011587	11.691123	-0.089434	2.885657
491.021166	1986.714338	11.696128	-0.089423	2.885489
490.957392	1986.750219	11.701133	-0.089412	2.885505
491.058382	1986.715366	11.706138	-0.089430	2.885492
491.214852	1986.346407	11.711143	-0.089459	2.885300
491.131865	1986.140867	11.716147	-0.089443	2.885181
491.016936	1986.129498	11.721152	-0.089422	2.885166
491.000962	1986.114038	11.726157	-0.089419	2.885157
491.073584	1985.567951	11.731162	-0.089432	2.884860
491.108826	1985.552772	11.736167	-0.089438	2.884854
491.102800	1985.569428	11.741171	-0.089437	2.884863
491.058044	1985.173513	11.746176	-0.089428	2.884641
491.052835	1985.005653	11.751181	-0.089427	2.884548
490.965921	1985.025236	11.756186	-0.089411	2.884553
491.052378	1985.010901	11.761191	-0.089427	2.884551
490.948343	1984.796217	11.766195	-0.089408	2.884425
490.947168	1984.477402	11.771200	-0.089407	2.884249
491.031846	1984.471776	11.776205	-0.089423	2.884252
491.002328	1984.466529	11.781210	-0.089417	2.884247
491.138085	1984.306787	11.786215	-0.089442	2.884168
491.034988	1983.873709	11.791219	-0.089423	2.883922
490.997269	1983.866113	11.796224	-0.089416	2.883915
490.977111	1983.880036	11.801229	-0.089412	2.883921
491.015100	1983.777983	11.806234	-0.089419	2.883868
490.879688	1983.316831	11.811239	-0.089393	2.883604
491.027807	1983.314444	11.816243	-0.089421	2.883613
491.002413	1983.311503	11.821248	-0.089416	2.883609
490.999063	1983.320460	11.826253	-0.089415	2.883614
491.005669	1983.003008	11.831258	-0.089416	2.883439
490.971574	1982.736549	11.836263	-0.089410	2.883290
490.963511	1982.760241	11.841267	-0.089408	2.883302
490.974914	1982.746401	11.846272	-0.089410	2.883295
490.911846	1982.747686	11.851277	-0.089398	2.883291
490.825287	1982.474346	11.856282	-0.089382	2.883134
491.025873	1982.166197	11.861287	-0.089419	2.882978
491.026112	1982.178654	11.866291	-0.089419	2.882985
491.048762	1982.144728	11.871296	-0.089423	2.882968
491.078102	1982.017234	11.876301	-0.089428	2.882900
491.028981	1981.597843	11.881306	-0.089419	2.882665
491.042901	1981.591035	11.886311	-0.089421	2.882662
491.030135	1981.596665	11.891315	-0.089419	2.882664
491.087157	1981.251423	11.896320	-0.089429	2.882477
491.171191	1981.025422	11.901325	-0.089444	2.882358
491.139322	1981.040831	11.906330	-0.089438	2.882364
491.140300	1980.697666	11.911335	-0.089438	2.882175
491.083074	1980.471571	11.916339	-0.089428	2.882046
491.089629	1980.465700	11.921344	-0.089429	2.882043
491.175113	1980.397227	11.926349	-0.089444	2.882011
491.261078	1979.986212	11.931354	-0.089460	2.881790
491.071093	1979.990654	11.936359	-0.089425	2.881779
491.102568	1979.962399	11.941363	-0.089430	2.881766
491.208930	1979.371390	11.946368	-0.089450	2.881447
491.028096	1979.409141	11.951373	-0.089416	2.881455
490.983742	1979.405794	11.956378	-0.089408	2.881450
490.873577	1979.380307	11.961383	-0.089388	2.881428
490.971241	1978.852059	11.966387	-0.089405	2.881143
490.956002	1978.838228	11.971392	-0.089402	2.881134
491.057286	1978.839514	11.976397	-0.089421	2.881142
491.147678	1978.806026	11.981402	-0.089437	2.881130
490.922292	1978.251713	11.986407	-0.089395	2.880808
490.919596	1978.270183	11.991411	-0.089395	2.880818
490.922723	1978.260231	11.996416	-0.089395	2.880813
491.017247	1978.256160	12.001421	-0.089413	2.880817
490.939896	1978.267183	12.006426	-0.089398	2.880818
490.828112	1977.760051	12.011431	-0.089377	2.880529
490.871564	1977.715029	12.016435	-0.089385	2.880508
491.029701	1977.680830	12.021440	-0.089414	2.880500
491.013056	1977.705028	12.026445	-0.089411	2.880512
491.038591	1977.708606	12.031450	-0.089416	2.880516
490.854795	1977.136139	12.036455	-0.089382	2.880186
490.880517	1977.117100	12.041459	-0.089386	2.880178
491.014742	1977.104583	12.046464	-0.089411	2.880180
491.044156	1977.104842	12.051469	-0.089416	2.880182
491.127320	1976.914698	12.056474	-0.089431	2.880083
490.815760	1976.568105	12.061479	-0.089374	2.879869
490.922265	1976.560809	12.066483	-0.089393	2.879873
490.955737	1976.552080	12.071488	-0.089399	2.879870
491.068278	1976.530461	12.076493	-0.089420	2.879866
491.214910	1976.202370	12.081498	-0.089447	2.879695
490.959058	1975.978052	12.086503	-0.089399	2.879553
490.800691	1976.012945	12.091507	-0.089370	2.879561
490.929270	1975.994366	12.096512	-0.089394	2.879560
490.951586	1975.994963	12.101517	-0.089398	2.879562
490.832659	1975.723300	12.106522	-0.089376	2.879403
490.903987	1975.465825	12.111527	-0.089388	2.879266
490.943268	1975.476683	12.116531	-0.089396	2.879275
490.960067	1975.464430	12.121536	-0.089399	2.879269
491.000396	1975.448617	12.126541	-0.089406	2.879263
491.273032	1975.135597	12.131546	-0.089456	2.879109
491.035723	1974.835581	12.136551	-0.089412	2.878927
490.872720	1974.893084	12.141555	-0.089382	2.878947
491.034884	1974.843691	12.146560	-0.089412	2.878931
490.968520	1974.492011	12.151565	-0.089399	2.878732
490.811346	1974.311109	12.156570	-0.089370	2.878621
490.785146	1974.296431	12.161575	-0.089365	2.878611
490.790548	1974.316679	12.166579	-0.089366	2.878622
490.825535	1974.298725	12.171584	-0.089372	2.878615
490.729701	1974.324527	12.176589	-0.089355	2.878622
490.871786	1974.305918	12.181594	-0.089381	2.878622
490.727023	1974.313677	12.186599	-0.089354	2.878616
490.839380	1974.314096	12.191603	-0.089375	2.878624
490.722709	1974.316020	12.196608	-0.089353	2.878617
490.683148	1974.216111	12.201613	-0.089346	2.878559
490.793758	1973.830089	12.206618	-0.089366	2.878353
490.812033	1973.730726	12.211623	-0.089369	2.878299
490.887497	1973.724552	12.216627	-0.089383	2.878301
490.773392	1973.734618	12.221632	-0.089362	2.878299
490.757673	1973.736670	12.226637	-0.089359	2.878299
490.664756	1973.760971	12.231642	-0.089342	2.878306
490.598158	1973.757085	12.236647	-0.089329	2.878299
490.699192	1973.769102	12.241651	-0.089348	2.878312
490.697077	1973.758697	12.246656	-0.089347	2.878307
490.819532	1973.749359	12.251661	-0.089370	2.878310
490.804741	1973.758630	12.256666	-0.089367	2.878314
490.622710	1973.760414	12.261671	-0.089333	2.878302
490.702183	1973.758809	12.266675	-0.089348	2.878307
490.878264	1973.742642	12.271680	-0.089380	2.878310
490.741065	1973.678886	12.276685	-0.089355	2.878265
490.794767	1973.314259	12.281690	-0.089364	2.878067
490.649299	1973.207543	12.286695	-0.089338	2.877998
490.707931	1973.213105	12.291699	-0.089348	2.878005
490.551812	1973.211593	12.296704	-0.089319	2.877993
490.862291	1973.173790	12.301709	-0.089377	2.877994
490.876155	1973.182797	12.306714	-0.089379	2.878000
490.837629	1973.178724	12.311719	-0.089372	2.877995
490.794902	1973.194374	12.316723	-0.089364	2.878001
490.754546	1973.183761	12.321728	-0.089356	2.877992
490.745574	1973.179874	12.326733	-0.089355	2.877989
490.827717	1973.186957	12.331738	-0.089370	2.877999
490.841996	1973.168821	12.336743	-0.089372	2.877990
490.742940	1972.686552	12.341747	-0.089354	2.877716
490.681606	1972.617667	12.346752	-0.089342	2.877674
490.928136	1972.585184	12.351757	-0.089388	2.877673
490.760737	1972.613329	12.356762	-0.089357	2.877677
490.702944	1972.620741	12.361767	-0.089346	2.877677
490.855714	1972.621081	12.366771	-0.089374	2.877688
490.717874	1972.633046	12.371776	-0.089349	2.877685
490.828830	1972.610497	12.376781	-0.089369	2.877680
490.888686	1972.599536	12.381786	-0.089380	2.877678
491.013951	1972.426187	12.386791	-0.089403	2.877591
490.829507	1972.050222	12.391795	-0.089368	2.877370
490.663075	1972.074295	12.396800	-0.089338	2.877371
490.817411	1972.051298	12.401805	-0.089366	2.877370
490.975285	1972.046471	12.406810	-0.089395	2.877378
490.771089	1972.055606	12.411815	-0.089357	2.877369
490.767131	1972.056724	12.416819	-0.089357	2.877369
490.790030	1972.042007	12.421824	-0.089361	2.877362
490.764886	1972.058238	12.426829	-0.089356	2.877370
490.873048	1972.046765	12.431834	-0.089376	2.877371
490.794698	1971.491441	12.436839	-0.089361	2.877058
490.853412	1971.473855	12.441843	-0.089372	2.877052
490.808313	1971.486421	12.446848	-0.089363	2.877056
490.935260	1971.479888	12.451853	-0.089387	2.877061
491.097675	1971.478992	12.456858	-0.089417	2.877072
490.975333	1971.377841	12.461863	-0.089394	2.877008
490.946186	1971.045923	12.466867	-0.089388	2.876822
490.842761	1971.061407	12.471872	-0.089369	2.876823
490.887688	1971.048399	12.476877	-0.089377	2.876819
490.814136	1971.048793	12.481882	-0.089364	2.876814
490.844791	1971.057348	12.486887	-0.089369	2.876821
490.941774	1971.061966	12.491891	-0.089387	2.876830
490.571519	1971.104113	12.496896	-0.089319	2.876828
490.819171	1970.994757	12.501901	-0.089364	2.876785
490.825136	1970.455882	12.506906	-0.089365	2.876487
490.697921	1970.473835	12.511911	-0.089341	2.876488
490.875057	1970.458646	12.516915	-0.089374	2.876492
490.701560	1970.488701	12.521920	-0.089342	2.876496
490.794988	1970.464999	12.526925	-0.089359	2.876490
490.849483	1970.472207	12.531930	-0.089369	2.876497
490.610748	1970.482935	12.536935	-0.089325	2.876486
490.835016	1970.484868	12.541939	-0.089366	2.876503
490.721970	1970.480143	12.546944	-0.089345	2.876493
490.822049	1970.462927	12.551949	-0.089364	2.876490
490.817427	1970.457361	12.556954	-0.089363	2.876487
490.574162	1970.490665	12.561959	-0.089318	2.876488
490.725974	1970.477575	12.566963	-0.089346	2.876491
490.671363	1970.231317	12.571968	-0.089336	2.876351
490.617081	1970.442475	12.576973	-0.089326	2.876464
490.625360	1970.502391	12.581978	-0.089327	2.876498
490.791908	1970.055351	12.586983	-0.089357	2.876262
490.907075	1969.876591	12.591987	-0.089378	2.876171
490.700577	1969.892804	12.596992	-0.089340	2.876166
490.636350	1969.907243	12.601997	-0.089328	2.876169
490.701061	1969.915966	12.607002	-0.089340	2.876179
490.768154	1969.895621	12.612007	-0.089353	2.876172
490.770727	1969.907188	12.617011	-0.089353	2.876179
490.868623	1969.878405	12.622016	-0.089371	2.876170
490.773905	1969.902934	12.627021	-0.089353	2.876176
490.865700	1969.906514	12.632026	-0.089370	2.876185
490.629965	1969.922504	12.637031	-0.089327	2.876177
490.842079	1969.901727	12.642035	-0.089366	2.876180
490.814523	1969.821814	12.647040	-0.089361	2.876134
490.789513	1969.324794	12.652045	-0.089356	2.875857
490.746458	1969.343302	12.657050	-0.089348	2.875864
490.764871	1969.324086	12.662055	-0.089351	2.875855
490.733453	1969.332088	12.667059	-0.089345	2.875857
490.886290	1969.313787	12.672064	-0.089373	2.875858
490.710375	1969.338512	12.677069	-0.089341	2.875859
490.673433	1969.350602	12.682074	-0.089334	2.875863
490.724291	1969.337966	12.687079	-0.089343	2.875860
490.898943	1969.306733	12.692083	-0.089375	2.875855
490.961078	1969.310143	12.697088	-0.089387	2.875861
490.780317	1968.866856	12.702093	-0.089353	2.875603
490.777013	1968.773719	12.707098	-0.089352	2.875551
490.679778	1968.761351	12.712103	-0.089334	2.875537
490.741527	1968.769319	12.717107	-0.089345	2.875546
490.894616	1968.739706	12.722112	-0.089374	2.875540
490.764891	1968.763057	12.727117	-0.089350	2.875544
490.707227	1968.778915	12.732122	-0.089339	2.875549
490.689424	1968.756422	12.737127	-0.089336	2.875535
490.682856	1968.776481	12.742131	-0.089334	2.875546
490.665272	1968.781592	12.747136	-0.089331	2.875547
490.574684	1968.776835	12.752141	-0.089314	2.875538
490.771521	1968.762510	12.757146	-0.089350	2.875544
490.737314	1968.765228	12.762151	-0.089344	2.875543
490.840097	1968.776988	12.767155	-0.089363	2.875557
490.755609	1968.769762	12.772160	-0.089347	2.875547
490.851543	1968.756456	12.777165	-0.089365	2.875546
490.905335	1968.307007	12.782170	-0.089374	2.875301
490.783931	1968.180443	12.787175	-0.089352	2.875223
490.807920	1968.187020	12.792179	-0.089356	2.875228
490.658748	1968.198192	12.797184	-0.089329	2.875224
490.701476	1968.192794	12.802189	-0.089336	2.875224
490.781923	1968.185409	12.807194	-0.089351	2.875225
490.531274	1968.210079	12.812199	-0.089305	2.875221
490.687382	1968.195304	12.817203	-0.089334	2.875224
490.818590	1968.167351	12.822208	-0.089358	2.875218
490.700897	1968.188606	12.827213	-0.089336	2.875221
490.830286	1968.180620	12.832218	-0.089360	2.875226
490.639521	1968.195965	12.837223	-0.089325	2.875221
490.523262	1968.215909	12.842227	-0.089303	2.875224
490.495504	1968.207657	12.847232	-0.089298	2.875217
490.664939	1968.168629	12.852237	-0.089329	2.875207
490.607527	1968.217721	12.857242	-0.089318	2.875230
490.604572	1968.205179	12.862247	-0.089318	2.875223
490.669684	1968.190727	12.867251	-0.089330	2.875220
490.854166	1968.165568	12.872256	-0.089364	2.875219
490.594578	1968.201528	12.877261	-0.089316	2.875220
490.850380	1968.183065	12.882266	-0.089363	2.875228
490.669323	1968.194354	12.887271	-0.089329	2.875222
490.732946	1968.196443	12.892275	-0.089341	2.875227
490.719924	1968.184620	12.897280	-0.089339	2.875220
490.752472	1968.167553	12.902285	-0.089344	2.875213
490.827511	1968.013134	12.907290	-0.089358	2.875132
490.726832	1967.629670	12.912295	-0.089339	2.874913
490.710522	1967.634054	12.917299	-0.089336	2.874914
490.795218	1967.623306	12.922304	-0.089352	2.874914
490.698449	1967.643585	12.927309	-0.089334	2.874919
490.913855	1967.635343	12.932314	-0.089373	2.874929
490.833322	1967.618034	12.937319	-0.089358	2.874914
490.853680	1967.632965	12.942323	-0.089362	2.874924
490.780509	1967.630504	12.947328	-0.089349	2.874917
490.815953	1967.618142	12.952333	-0.089355	2.874913
490.964619	1967.387828	12.957338	-0.089382	2.874796
490.746322	1967.058866	12.962343	-0.089342	2.874598
490.865355	1967.043739	12.967347	-0.089364	2.874598
490.875680	1967.035144	12.972352	-0.089365	2.874594
490.776659	1967.048382	12.977357	-0.089347	2.874594
490.859522	1967.061543	12.982362	-0.089362	2.874607
490.859064	1967.031775	12.987367	-0.089362	2.874591
490.814849	1967.048736	12.992371	-0.089354	2.874597
490.845533	1966.841377	12.997376	-0.089359	2.874484
490.825410	1966.533408	13.002381	-0.089355	2.874312
490.847387	1966.525019	13.007386	-0.089359	2.874309
490.782806	1966.519776	13.012391	-0.089347	2.874302
490.779903	1966.537105	13.017395	-0.089347	2.874311
490.707016	1966.544194	13.022400	-0.089333	2.874310
490.628259	1966.548649	13.027405	-0.089319	2.874307
490.634511	1966.553538	13.032410	-0.089320	2.874310
490.686242	1966.533464	13.037415	-0.089329	2.874302
490.650041	1966.546021	13.042419	-0.089322	2.874307
490.679175	1966.535592	13.047424	-0.089328	2.874303
490.535403	1966.562428	13.052429	-0.089301	2.874308
490.697315	1966.553670	13.057434	-0.089331	2.874314
490.765861	1966.526942	13.062439	-0.089344	2.874304
490.715709	1966.545223	13.067443	-0.089334	2.874311
490.679567	1966.556082	13.072448	-0.089328	2.874314
490.497684	1966.575941	13.077453	-0.089294	2.874312
490.563537	1966.576612	13.082458	-0.089306	2.874317
490.679430	1966.535957	13.087463	-0.089327	2.874303
490.747181	1966.553859	13.092467	-0.089340	2.874318
490.613878	1966.570906	13.097472	-0.089315	2.874318
490.553261	1966.567975	13.102477	-0.089304	2.874312
490.799185	1966.542305	13.107482	-0.089349	2.874315
490.693716	1966.536638	13.112487	-0.089330	2.874304
490.572129	1966.565718	13.117491	-0.089307	2.874312
490.666273	1966.549255	13.122496	-0.089324	2.874309
490.623340	1966.533360	13.127501	-0.089316	2.874297
490.772944	1966.545335	13.132506	-0.089344	2.874314
490.800111	1966.522193	13.137511	-0.089349	2.874303
490.790832	1966.530190	13.142515	-0.089347	2.874307
490.895598	1966.490953	13.147520	-0.089366	2.874293
490.770783	1965.924698	13.152525	-0.089343	2.873970
490.784056	1965.936017	13.157530	-0.089345	2.873978
490.847784	1965.923432	13.162535	-0.089357	2.873975
490.875757	1965.926677	13.167539	-0.089362	2.873979
490.879058	1965.912216	13.172544	-0.089362	2.873971
490.955296	1965.896908	13.177549	-0.089376	2.873968
491.016637	1965.870537	13.182554	-0.089388	2.873958
490.893047	1965.347022	13.187559	-0.089364	2.873659
490.772062	1965.355739	13.192563	-0.089342	2.873655
490.868940	1965.359776	13.197568	-0.089360	2.873664
490.868954	1965.346299	13.202573	-0.089360	2.873657
490.845197	1965.359522	13.207578	-0.089355	2.873662
490.829736	1965.348582	13.212583	-0.089352	2.873655
490.640867	1965.381735	13.217587	-0.089318	2.873660
490.782486	1965.360343	13.222592	-0.089344	2.873658
490.537267	1965.392229	13.227597	-0.089298	2.873658
490.633594	1965.387319	13.232602	-0.089316	2.873663
490.736162	1965.370344	13.237607	-0.089335	2.873660
490.716259	1965.372368	13.242611	-0.089331	2.873660
490.797576	1965.120863	13.247616	-0.089346	2.873526
490.724387	1964.766802	13.252621	-0.089332	2.873325
490.839947	1964.775215	13.257626	-0.089353	2.873338
490.827819	1964.780192	13.262631	-0.089351	2.873340
490.747839	1964.785935	13.267635	-0.089336	2.873337
490.714900	1964.789622	13.272640	-0.089330	2.873337
490.740621	1964.785828	13.277645	-0.089335	2.873337
490.748373	1964.800666	13.282650	-0.089336	2.873345
490.873719	1964.767825	13.287655	-0.089359	2.873336
490.752879	1964.795119	13.292659	-0.089337	2.873343
490.853214	1964.780682	13.297664	-0.089355	2.873342
490.855716	1964.559538	13.302669	-0.089355	2.873219
490.773593	1964.260179	13.307674	-0.089340	2.873048
490.653671	1964.267638	13.312679	-0.089318	2.873043
490.657113	1964.258234	13.317683	-0.089318	2.873038
490.721286	1964.254605	13.322688	-0.089330	2.873041
490.650382	1964.255248	13.327693	-0.089317	2.873036
490.748159	1964.259728	13.332698	-0.089335	2.873045
490.806614	1964.225841	13.337703	-0.089346	2.873031
490.771125	1964.231545	13.342707	-0.089339	2.873031
490.875774	1964.225007	13.347712	-0.089358	2.873035
490.987089	1964.191139	13.352717	-0.089379	2.873024
490.963014	1964.174540	13.357722	-0.089374	2.873013
490.684209	1963.673261	13.362727	-0.089322	2.872716
490.829674	1963.657571	13.367731	-0.089349	2.872717
490.860472	1963.655945	13.372736	-0.089355	2.872718
490.938657	1963.629121	13.377741	-0.089369	2.872709
490.788170	1963.667521	13.382746	-0.089341	2.872720
490.739943	1963.665836	13.387751	-0.089332	2.872715
490.803752	1963.675210	13.392755	-0.089344	2.872725
490.934909	1963.646698	13.397760	-0.089368	2.872718
491.129065	1963.210753	13.402765	-0.089403	2.872491
490.997666	1963.079983	13.407770	-0.089379	2.872409
490.857227	1963.092880	13.412775	-0.089353	2.872406
490.862594	1963.093372	13.417779	-0.089354	2.872407
490.992852	1963.094266	13.422784	-0.089378	2.872416
490.848218	1962.753404	13.427789	-0.089351	2.872217
490.866669	1962.545519	13.432794	-0.089354	2.872103
490.887051	1962.523819	13.437799	-0.089358	2.872092
490.923044	1962.520966	13.442803	-0.089364	2.872093
490.874665	1962.532257	13.447808	-0.089355	2.872096
490.945074	1962.517692	13.452813	-0.089368	2.872093
490.902878	1962.250533	13.457818	-0.089360	2.871942
490.814908	1962.090600	13.462823	-0.089344	2.871847
490.800178	1962.097598	13.467827	-0.089341	2.871850
490.785141	1962.086613	13.472832	-0.089338	2.871843
490.803785	1962.076963	13.477837	-0.089342	2.871839
490.770737	1962.096435	13.482842	-0.089335	2.871847
490.720788	1962.102295	13.487847	-0.089326	2.871847
490.913655	1962.087309	13.492851	-0.089362	2.871852
490.842700	1962.102044	13.497856	-0.089349	2.871855
490.923942	1961.633886	13.502861	-0.089363	2.871601
490.734637	1961.492537	13.507866	-0.089328	2.871510
490.675633	1961.497864	13.512871	-0.089317	2.871508
490.730441	1961.506123	13.517875	-0.089327	2.871517
490.638565	1961.506072	13.522880	-0.089310	2.871510
490.774771	1961.487615	13.527885	-0.089335	2.871510
490.799417	1961.503102	13.532890	-0.089340	2.871520
490.821759	1961.481155	13.537895	-0.089344	2.871509
490.830685	1961.493580	13.542899	-0.089345	2.871517
490.804619	1961.500898	13.547904	-0.089340	2.871519
490.939915	1961.470168	13.552909	-0.089365	2.871511
490.769650	1961.143394	13.557914	-0.089334	2.871318
490.681021	1960.930659	13.562919	-0.089317	2.871194
490.708510	1960.921007	13.567923	-0.089322	2.871191
490.791066	1960.931353	13.572928	-0.089337	2.871202
490.831525	1960.923424	13.577933	-0.089345	2.871201
490.840159	1960.928566	13.582938	-0.089346	2.871204
490.757003	1960.918958	13.587943	-0.089331	2.871193
490.942560	1960.904336	13.592947	-0.089365	2.871198
490.862788	1960.911188	13.597952	-0.089350	2.871196
490.849549	1960.871262	13.602957	-0.089347	2.871173
490.929318	1960.340908	13.607962	-0.089362	2.870884
490.953532	1960.299021	13.612967	-0.089366	2.870863
490.842472	1960.346462	13.617971	-0.089346	2.870881
490.827841	1960.340497	13.622976	-0.089343	2.870877
490.985628	1960.315341	13.627981	-0.089372	2.870874
490.865635	1960.327891	13.632986	-0.089350	2.870872
490.690582	1960.006877	13.637991	-0.089317	2.870682
490.740702	1959.814762	13.642995	-0.089326	2.870579
490.807547	1959.804591	13.648000	-0.089338	2.870578
490.814062	1959.780166	13.653005	-0.089340	2.870565
490.737143	1959.818743	13.658010	-0.089325	2.870581
490.843898	1959.786027	13.663015	-0.089345	2.870570
490.704525	1959.797112	13.668019	-0.089319	2.870566
490.544144	1959.832269	13.673024	-0.089290	2.870575
490.687972	1959.800450	13.678029	-0.089316	2.870567
490.970944	1959.767757	13.683034	-0.089368	2.870569
490.908621	1959.783080	13.688039	-0.089356	2.870573
490.847717	1959.712095	13.693043	-0.089345	2.870529
490.679201	1959.221431	13.698048	-0.089314	2.870245
490.730181	1959.204279	13.703053	-0.089323	2.870239
490.833548	1959.200701	13.708058	-0.089342	2.870245
490.626335	1959.209192	13.713063	-0.089304	2.870235
490.609503	1959.196756	13.718067	-0.089301	2.870226
490.603099	1959.230269	13.723072	-0.089299	2.870245
490.730246	1959.212399	13.728077	-0.089323	2.870244
490.776957	1959.218869	13.733082	-0.089331	2.870251
490.652808	1959.223510	13.738087	-0.089308	2.870244
490.817719	1959.205885	13.743091	-0.089339	2.870246
490.684099	1959.207795	13.748096	-0.089314	2.870238
490.692961	1959.208402	13.753101	-0.089315	2.870239
490.898217	1959.194632	13.758106	-0.089353	2.870246
490.988870	1959.176918	13.763111	-0.089370	2.870242
490.967784	1959.094668	13.768115	-0.089366	2.870195
490.849078	1958.642166	13.773120	-0.089343	2.869935
490.931695	1958.620412	13.778125	-0.089359	2.869929
491.123817	1958.621261	13.783130	-0.089394	2.869943
490.979993	1958.632918	13.788135	-0.089367	2.869940
491.053709	1958.299957	13.793139	-0.089381	2.869760
490.923609	1958.057189	13.798144	-0.089356	2.869616
490.816104	1958.073216	13.803149	-0.089337	2.869617
491.142947	1958.036037	13.808154	-0.089397	2.869620
490.941052	1958.053423	13.813159	-0.089359	2.869615
491.037650	1957.630921	13.818163	-0.089377	2.869388
491.123463	1957.514791	13.823168	-0.089393	2.869329
490.914127	1957.524690	13.828173	-0.089354	2.869320
490.870047	1957.548374	13.833178	-0.089346	2.869330
490.711688	1957.551202	13.838183	-0.089317	2.869320
490.876988	1957.350091	13.843187	-0.089347	2.869220
490.743344	1956.957610	13.848192	-0.089322	2.868993
490.744521	1956.959760	13.853197	-0.089322	2.868994
490.666768	1956.964675	13.858202	-0.089308	2.868991
490.582536	1956.989547	13.863207	-0.089292	2.868999
490.832724	1956.941331	13.868211	-0.089338	2.868990
490.922137	1956.944590	13.873216	-0.089354	2.868998
490.801900	1956.966183	13.878221	-0.089332	2.869002
490.971669	1956.937802	13.883226	-0.089363	2.868998
490.851600	1956.941933	13.888231	-0.089341	2.868992
490.517379	1956.994228	13.893235	-0.089280	2.868997
490.674143	1956.973696	13.898240	-0.089308	2.868997
490.615822	1956.980630	13.903245	-0.089298	2.868996
490.799483	1956.962852	13.908250	-0.089331	2.869000
490.540619	1957.003836	13.913255	-0.089284	2.869004
490.732127	1956.968740	13.918259	-0.089319	2.868998
490.738994	1956.964537	13.923264	-0.089320	2.868996
490.589722	1956.958895	13.928269	-0.089292	2.868982
490.678565	1956.958851	13.933274	-0.089309	2.868989
490.578548	1956.984051	13.938279	-0.089290	2.868995
490.784744	1956.944266	13.943283	-0.089328	2.868988
490.875604	1956.541713	13.948288	-0.089344	2.868771
490.738978	1956.391569	13.953293	-0.089319	2.868678
490.817510	1956.401278	13.958298	-0.089334	2.868689
490.771708	1956.402677	13.963303	-0.089325	2.868686
490.814555	1956.393879	13.968307	-0.089333	2.868685
490.841373	1956.409068	13.973312	-0.089338	2.868695
490.897140	1956.386244	13.978317	-0.089348	2.868686
490.873989	1956.407815	13.983322	-0.089344	2.868696
490.883466	1956.072508	13.988327	-0.089345	2.868511
490.817845	1955.839062	13.993331	-0.089333	2.868377
490.894677	1955.835486	13.998336	-0.089347	2.868380
490.687133	1955.832795	14.003341	-0.089309	2.868364
490.927207	1955.828618	14.008346	-0.089353	2.868379
490.837454	1955.827195	14.013351	-0.089336	2.868371
490.908070	1955.828912	14.018355	-0.089349	2.868377
490.932709	1955.727380	14.023360	-0.089353	2.868323
490.746010	1955.285564	14.028365	-0.089319	2.868064
490.869371	1955.289541	14.033370	-0.089341	2.868075
490.747901	1955.300608	14.038375	-0.089319	2.868073
490.827980	1955.277493	14.043379	-0.089334	2.868065
491.030570	1955.253914	14.048384	-0.089371	2.868067
490.950645	1955.259111	14.053389	-0.089356	2.868064
491.063286	1955.031615	14.058394	-0.089376	2.867946
490.861558	1954.690196	14.063399	-0.089339	2.867742
490.947080	1954.685506	14.068403	-0.089355	2.867745
490.941266	1954.702045	14.073408	-0.089354	2.867754
490.726125	1954.705959	14.078413	-0.089314	2.867741
490.913555	1954.700623	14.083418	-0.089348	2.867751
490.807631	1954.570240	14.088423	-0.089329	2.867671
490.833606	1954.138477	14.093427	-0.089333	2.867433
490.863581	1954.144819	14.098432	-0.089339	2.867439
490.862570	1954.136563	14.103437	-0.089338	2.867434
490.725402	1954.153013	14.108442	-0.089313	2.867434
490.720704	1954.153663	14.113447	-0.089312	2.867434
490.721002	1954.149738	14.118451	-0.089312	2.867431
490.891811	1954.141461	14.123456	-0.089343	2.867439
490.753033	1954.149119	14.128461	-0.089318	2.867433
490.787797	1954.149226	14.133466	-0.089324	2.867436
490.741605	1954.156302	14.138471	-0.089316	2.867436
490.728467	1954.043321	14.143475	-0.089313	2.867373
490.829536	1953.585141	14.148480	-0.089331	2.867125
490.703754	1953.587206	14.153485	-0.089308	2.867118
490.809374	1953.590628	14.158490	-0.089327	2.867127
490.768466	1953.586347	14.163495	-0.089320	2.867122
490.817702	1953.582917	14.168499	-0.089329	2.867123
491.012255	1953.555297	14.173504	-0.089364	2.867122
490.910872	1953.562678	14.178509	-0.089346	2.867119
490.872856	1953.489996	14.183514	-0.089339	2.867075
490.913266	1953.154298	14.188519	-0.089346	2.866892
491.084808	1953.133553	14.193523	-0.089377	2.866892
491.024822	1953.146890	14.198528	-0.089366	2.866896
491.033158	1953.146436	14.203533	-0.089368	2.866896
490.918876	1952.641641	14.208538	-0.089346	2.866607
490.934753	1952.561525	14.213543	-0.089349	2.866564
490.950559	1952.575295	14.218547	-0.089352	2.866573
490.980913	1952.579335	14.223552	-0.089357	2.866577
490.882613	1952.553722	14.228557	-0.089339	2.866556
491.007316	1952.181454	14.233562	-0.089362	2.866358
490.864080	1952.013197	14.238567	-0.089335	2.866254
490.777173	1952.015923	14.243571	-0.089319	2.866250
490.820491	1952.023364	14.248576	-0.089327	2.866257
490.745269	1952.016727	14.253581	-0.089313	2.866248
490.841565	1952.020770	14.258586	-0.089331	2.866257
490.841528	1952.006773	14.263591	-0.089331	2.866249
490.744844	1952.018055	14.268595	-0.089313	2.866248
490.851071	1952.014646	14.273600	-0.089332	2.866254
490.663907	1951.644057	14.278605	-0.089298	2.866035
490.796344	1951.479368	14.283610	-0.089322	2.865953
490.853583	1951.429950	14.288615	-0.089332	2.865929
490.862393	1951.415386	14.293619	-0.089334	2.865922
490.906708	1951.425508	14.298624	-0.089342	2.865931
490.729408	1951.437541	14.303629	-0.089309	2.865925
490.674398	1951.466540	14.308634	-0.089299	2.865937
490.695202	1951.445385	14.313639	-0.089303	2.865927
490.642988	1951.447612	14.318643	-0.089293	2.865924
490.606871	1951.466329	14.323648	-0.089286	2.865932
490.444556	1951.494431	14.328653	-0.089256	2.865936
490.701297	1951.450425	14.333658	-0.089304	2.865930
490.672900	1951.442864	14.338663	-0.089298	2.865923
490.570902	1951.459323	14.343667	-0.089279	2.865925
490.591233	1951.451716	14.348672	-0.089283	2.865922
490.530711	1951.452195	14.353677	-0.089272	2.865918
490.578949	1951.461254	14.358682	-0.089281	2.865927
490.535181	1951.456782	14.363687	-0.089272	2.865921
490.491047	1951.465845	14.368691	-0.089264	2.865923
490.773869	1951.445482	14.373696	-0.089316	2.865932
490.606964	1951.438764	14.378701	-0.089285	2.865916
490.687278	1951.453839	14.383706	-0.089300	2.865930
490.834675	1951.431115	14.388711	-0.089327	2.865928
490.832299	1951.434278	14.393715	-0.089327	2.865930
490.717748	1951.450656	14.398720	-0.089306	2.865931
490.632302	1951.459379	14.403725	-0.089290	2.865929
490.810099	1951.437265	14.408730	-0.089322	2.865930
490.829522	1951.432022	14.413735	-0.089326	2.865928
490.725155	1951.444288	14.418739	-0.089307	2.865927
490.850966	1951.444555	14.423744	-0.089330	2.865937
490.649867	1951.446704	14.428749	-0.089293	2.865923
490.764513	1951.295535	14.433754	-0.089314	2.865848
490.920147	1950.878938	14.438759	-0.089342	2.865627
490.709804	1950.903627	14.443763	-0.089303	2.865626
490.674590	1950.921665	14.448768	-0.089297	2.865633
490.637925	1950.900552	14.453773	-0.089290	2.865619
490.549631	1950.920880	14.458778	-0.089273	2.865624
490.701387	1950.893664	14.463783	-0.089301	2.865620
490.573153	1950.915163	14.468787	-0.089278	2.865622
490.624737	1950.906933	14.473792	-0.089287	2.865622
490.648055	1950.908498	14.478797	-0.089291	2.865624
490.642736	1950.919904	14.483802	-0.089290	2.865630
490.764157	1950.888699	14.488807	-0.089312	2.865621
490.680032	1950.898378	14.493811	-0.089297	2.865621
490.655320	1950.912264	14.498816	-0.089292	2.865627
490.637860	1950.912298	14.503821	-0.089289	2.865625
490.865898	1950.896685	14.508826	-0.089331	2.865633
490.671861	1950.908613	14.513831	-0.089295	2.865626
490.617309	1950.913388	14.518835	-0.089285	2.865624
490.630943	1950.927430	14.523840	-0.089287	2.865633
490.852840	1950.881133	14.528845	-0.089328	2.865623
490.679677	1950.921300	14.533850	-0.089296	2.865633
490.724755	1950.910530	14.538855	-0.089305	2.865630
490.642546	1950.917716	14.543859	-0.089289	2.865628
490.760671	1950.904915	14.548864	-0.089311	2.865630
490.748785	1950.901426	14.553869	-0.089309	2.865627
490.728218	1950.896238	14.558874	-0.089305	2.865622
490.725410	1950.901704	14.563879	-0.089304	2.865625
490.704628	1950.897667	14.568883	-0.089300	2.865622
490.777674	1950.915915	14.573888	-0.089314	2.865637
490.820403	1950.746977	14.578893	-0.089321	2.865546
490.868630	1950.298638	14.583898	-0.089330	2.865300
490.827612	1950.295503	14.588903	-0.089322	2.865296
490.809830	1950.296703	14.593907	-0.089319	2.865295
490.792774	1950.302304	14.598912	-0.089316	2.865297
490.843075	1950.282438	14.603917	-0.089325	2.865289
490.767335	1950.302285	14.608922	-0.089311	2.865295
490.723108	1950.322597	14.613927	-0.089303	2.865303
490.735332	1950.316027	14.618931	-0.089305	2.865300
490.872101	1950.199140	14.623936	-0.089330	2.865245
490.752165	1949.868981	14.628941	-0.089308	2.865053
490.942643	1949.736807	14.633946	-0.089343	2.864993
490.793703	1949.757022	14.638951	-0.089315	2.864994
490.679202	1949.759351	14.643955	-0.089294	2.864987
490.763697	1949.760396	14.648960	-0.089309	2.864993
490.767181	1949.739213	14.653965	-0.089310	2.864982
490.671828	1949.778421	14.658970	-0.089292	2.864997
490.655354	1949.769341	14.663975	-0.089289	2.864991
490.565055	1949.772508	14.668979	-0.089272	2.864986
490.782736	1949.780122	14.673984	-0.089313	2.865006
490.528894	1949.794085	14.678989	-0.089266	2.864995
490.678298	1949.772787	14.683994	-0.089293	2.864994
490.666384	1949.777169	14.688999	-0.089291	2.864996
490.618033	1949.780591	14.694003	-0.089282	2.864994
490.771901	1949.755351	14.699008	-0.089310	2.864991
490.642580	1949.769687	14.704013	-0.089286	2.864990
490.568563	1949.796616	14.709018	-0.089273	2.864999
490.774217	1949.760260	14.714023	-0.089310	2.864994
490.725883	1949.759186	14.719027	-0.089301	2.864990
490.648246	1949.791073	14.724032	-0.089287	2.865002
490.697248	1949.764070	14.729037	-0.089296	2.864990
490.652281	1949.769307	14.734042	-0.089288	2.864990
490.550567	1949.780114	14.739047	-0.089269	2.864989
490.571342	1949.782002	14.744051	-0.089273	2.864991
490.523491	1949.793788	14.749056	-0.089264	2.864994
490.559936	1949.767829	14.754061	-0.089270	2.864982
490.451462	1949.803096	14.759066	-0.089250	2.864994
490.395745	1949.807461	14.764071	-0.089240	2.864993
490.560287	1949.789283	14.769075	-0.089270	2.864994
490.590957	1949.808446	14.774080	-0.089276	2.865007
490.752825	1949.752968	14.779085	-0.089305	2.864988
490.755970	1949.752616	14.784090	-0.089306	2.864988
490.738757	1949.757675	14.789095	-0.089303	2.864989
490.804223	1949.733063	14.794099	-0.089315	2.864980
490.709608	1949.773300	14.799104	-0.089297	2.864996
490.699633	1949.753838	14.804109	-0.089295	2.864984
490.876717	1949.738551	14.809114	-0.089328	2.864988
490.991662	1949.726152	14.814119	-0.089349	2.864990
490.870701	1949.713014	14.819123	-0.089327	2.864974
490.939079	1949.168932	14.824128	-0.089339	2.864676
490.962376	1949.161509	14.829133	-0.089343	2.864674
490.876376	1949.177049	14.834138	-0.089327	2.864676
490.938662	1949.168011	14.839143	-0.089338	2.864676
490.867217	1949.171578	14.844147	-0.089325	2.864672
490.696176	1949.210912	14.849152	-0.089294	2.864682
490.840153	1948.914487	14.854157	-0.089320	2.864528
490.765467	1948.668504	14.859162	-0.089306	2.864386
490.750305	1948.662628	14.864167	-0.089303	2.864381
490.914539	1948.641677	14.869171	-0.089333	2.864381
490.935127	1948.651452	14.874176	-0.089337	2.864388
490.776956	1948.661055	14.879181	-0.089308	2.864382
490.898541	1948.643311	14.884186	-0.089330	2.864381
490.814229	1948.660882	14.889191	-0.089315	2.864385
490.782016	1948.565069	14.894195	-0.089308	2.864329
490.558459	1948.403857	14.899200	-0.089267	2.864223
490.456080	1948.705144	14.904205	-0.089248	2.864384
490.558735	1948.708356	14.909210	-0.089267	2.864393
490.686538	1948.684762	14.914215	-0.089291	2.864389
490.700093	1948.676338	14.919219	-0.089293	2.864385
490.744630	1948.683612	14.924224	-0.089301	2.864392
490.621812	1948.686447	14.929229	-0.089279	2.864385
490.571077	1948.704780	14.934234	-0.089269	2.864391
490.633845	1948.693995	14.939239	-0.089281	2.864390
490.815477	1948.651160	14.944243	-0.089314	2.864379
490.585505	1948.699715	14.949248	-0.089272	2.864390
490.580976	1948.682931	14.954253	-0.089271	2.864380
490.471978	1948.701412	14.959258	-0.089250	2.864382
490.507478	1948.703101	14.964263	-0.089257	2.864386
490.546168	1948.686408	14.969267	-0.089264	2.864379
490.658502	1948.693438	14.974272	-0.089285	2.864391
490.694493	1948.691132	14.979277	-0.089291	2.864392
490.717784	1948.685395	14.984282	-0.089295	2.864391
490.577047	1948.692769	14.989287	-0.089269	2.864385

490.576676	1948.519865	14.994291	-0.089269	2.864289
490.760336	1948.086414	14.999296	-0.089303	2.864061
490.796496	1947.442168	15.004301	-0.089309	2.863705
490.778340	1946.701633	15.009306	-0.089305	2.863292
490.782749	1945.782040	15.014311	-0.089305	2.862781
490.756437	1944.684686	15.019315	-0.089299	2.862169
490.836783	1943.428022	15.024320	-0.089313	2.861475
490.628135	1941.982010	15.029325	-0.089274	2.860656
490.623269	1940.395938	15.034330	-0.089272	2.859773
490.558116	1938.664468	15.039335	-0.089259	2.858804
490.507408	1936.714305	15.044339	-0.089248	2.857714
490.516214	1934.769589	15.049344	-0.089248	2.856631
490.232183	1932.569738	15.054349	-0.089194	2.855384
490.293667	1930.200648	15.059354	-0.089204	2.854068
490.129475	1927.724543	15.064359	-0.089172	2.852674
490.121997	1925.132831	15.069363	-0.089169	2.851227
490.066082	1922.310600	15.074368	-0.089157	2.849647
489.695030	1919.441633	15.079373	-0.089086	2.848017
489.858500	1916.456000	15.084378	-0.089115	2.846359
489.767607	1913.223645	15.089383	-0.089096	2.844544
489.525888	1909.881782	15.094387	-0.089049	2.842655
489.402556	1906.463450	15.099392	-0.089024	2.840731
489.289808	1902.869081	15.104397	-0.089001	2.838708
489.233571	1899.186581	15.109402	-0.088988	2.836637
489.120230	1895.312940	15.114407	-0.088964	2.834454
488.937371	1891.342985	15.119411	-0.088928	2.832210
488.772405	1887.286237	15.124416	-0.088895	2.829917
488.577645	1883.118573	15.129421	-0.088856	2.827557
488.577130	1878.781967	15.134426	-0.088853	2.825114
488.326703	1874.332009	15.139431	-0.088804	2.822587
488.280950	1869.744037	15.144435	-0.088792	2.819994
488.202464	1865.052393	15.149440	-0.088775	2.817338
488.002285	1860.191122	15.154445	-0.088735	2.814575
487.728171	1855.298525	15.159450	-0.088681	2.811786
487.640248	1850.252844	15.164455	-0.088661	2.808921
487.366814	1845.184738	15.169459	-0.088608	2.806026
487.439230	1839.853255	15.174464	-0.088617	2.803005
487.163169	1834.466912	15.179469	-0.088563	2.799923
486.922081	1829.001975	15.184474	-0.088515	2.796796
486.635673	1823.457672	15.189479	-0.088458	2.793616
486.471921	1817.827721	15.194483	-0.088424	2.790393
486.431071	1812.072417	15.199488	-0.088413	2.787104
486.204246	1806.172489	15.204493	-0.088367	2.783715
486.213573	1800.130076	15.209498	-0.088365	2.780257
485.985101	1794.023435	15.214503	-0.088319	2.776741
485.846936	1787.782821	15.219507	-0.088289	2.773149
485.626677	1781.452520	15.224512	-0.088244	2.769496
485.615360	1774.990404	15.229517	-0.088238	2.765777
485.257141	1768.433157	15.234522	-0.088168	2.761972
485.283722	1761.770065	15.239527	-0.088168	2.758130
484.925117	1755.008803	15.244531	-0.088097	2.754197
484.666686	1748.183747	15.249536	-0.088045	2.750229
484.354612	1741.340749	15.254541	-0.087983	2.746240
484.359488	1734.333110	15.259546	-0.087979	2.742174
483.944198	1727.307750	15.264551	-0.087898	2.738060
483.751554	1720.154821	15.269555	-0.087858	2.733882
483.418446	1712.986603	15.274560	-0.087792	2.729678
483.234823	1705.665453	15.279565	-0.087753	2.725389
483.162748	1698.239712	15.284570	-0.087735	2.721042
482.779579	1690.791669	15.289575	-0.087659	2.716650
482.412820	1683.346232	15.294579	-0.087587	2.712253
482.320295	1675.788321	15.299584	-0.087565	2.707805
482.072720	1668.131622	15.304589	-0.087514	2.703279
481.863943	1660.378450	15.309594	-0.087471	2.698691
481.473949	1652.616365	15.314599	-0.087394	2.694077
481.223039	1644.781115	15.319603	-0.087342	2.689421
481.066053	1636.881684	15.324608	-0.087308	2.684727
480.796317	1628.874700	15.329613	-0.087253	2.679952
480.432607	1620.856497	15.334618	-0.087181	2.675154
480.072721	1612.790590	15.339623	-0.087109	2.670320
479.983064	1604.680553	15.344627	-0.087087	2.665471
479.857917	1596.408074	15.349632	-0.087058	2.660514
479.247490	1588.182892	15.354637	-0.086941	2.655537
479.040672	1579.894910	15.359642	-0.086897	2.650545
478.859102	1571.492944	15.364647	-0.086858	2.645477
478.484411	1563.063267	15.369651	-0.086783	2.640367
478.312551	1554.582251	15.374656	-0.086746	2.635233
477.926092	1546.051436	15.379661	-0.086669	2.630040
477.689294	1537.481531	15.384666	-0.086620	2.624826
477.261006	1528.902550	15.389671	-0.086535	2.619581
476.944479	1520.262956	15.394675	-0.086471	2.614296
476.853666	1511.556168	15.399680	-0.086449	2.608979
476.378500	1502.784851	15.404685	-0.086355	2.603580
475.994175	1494.041714	15.409690	-0.086279	2.598194
475.740241	1485.242100	15.414695	-0.086226	2.592773
475.534777	1476.381339	15.419699	-0.086182	2.587307
475.357827	1467.426178	15.424704	-0.086144	2.581773
475.049614	1458.430658	15.429709	-0.086081	2.576192
474.788352	1449.353859	15.434714	-0.086027	2.570551
474.468755	1440.179017	15.439719	-0.085962	2.564833
474.200918	1430.970768	15.444723	-0.085906	2.559085
473.942351	1421.762318	15.449728	-0.085853	2.553326
473.474986	1412.585584	15.454733	-0.085760	2.547554
473.191513	1403.335869	15.459738	-0.085702	2.541740
472.879004	1394.089175	15.464743	-0.085638	2.535912
472.440727	1384.805854	15.469747	-0.085551	2.530036
472.361669	1375.446228	15.474752	-0.085531	2.524129
471.865177	1366.075367	15.479757	-0.085433	2.518165
471.685237	1356.651442	15.484762	-0.085394	2.512181
471.194882	1347.297544	15.489767	-0.085297	2.506200
470.862044	1337.810408	15.494771	-0.085229	2.500133
470.585831	1328.336846	15.499776	-0.085172	2.494066
470.262931	1318.840429	15.504781	-0.085107	2.487964
470.011019	1309.265576	15.509786	-0.085054	2.481804
469.456142	1299.736097	15.514791	-0.084945	2.475629
469.189367	1290.170679	15.519795	-0.084890	2.469443
469.049017	1280.561536	15.524800	-0.084857	2.463224
468.659637	1270.889023	15.529805	-0.084779	2.456925
468.098907	1261.277928	15.534810	-0.084670	2.450634
467.753056	1251.667343	15.539815	-0.084600	2.444347
467.294422	1242.032561	15.544819	-0.084509	2.438017
467.135251	1232.369220	15.549824	-0.084473	2.431680
466.770736	1222.675171	15.554829	-0.084399	2.425287
466.339201	1212.971249	15.559834	-0.084313	2.418864
466.068279	1203.246770	15.564839	-0.084257	2.412425
465.522211	1193.504671	15.569843	-0.084150	2.405932
465.277714	1183.751609	15.574848	-0.084099	2.399442
464.812286	1174.002003	15.579853	-0.084006	2.392916
464.500046	1164.293751	15.584858	-0.083942	2.386414
464.217203	1154.510694	15.589863	-0.083884	2.379846
463.646958	1144.745647	15.594867	-0.083772	2.373245
463.362509	1135.012085	15.599872	-0.083713	2.366675
462.987033	1125.228053	15.604877	-0.083638	2.360042
462.766952	1115.386308	15.609882	-0.083591	2.353368
462.268271	1105.634013	15.614887	-0.083492	2.346707
461.965009	1095.784377	15.619891	-0.083430	2.339981
461.490006	1086.001775	15.624896	-0.083336	2.333264
461.226343	1076.187247	15.629901	-0.083281	2.326526
460.935275	1066.275102	15.634906	-0.083221	2.319699
460.478631	1056.423808	15.639911	-0.083130	2.312877
459.919624	1046.626404	15.644915	-0.083020	2.306061
459.613868	1036.822609	15.649920	-0.082958	2.299247
459.248637	1026.987656	15.654925	-0.082884	2.292384
458.878991	1017.157994	15.659930	-0.082809	2.285504
458.423850	1007.353158	15.664935	-0.082719	2.278612
457.999753	997.553949	15.669939	-0.082634	2.271705
457.713895	987.717856	15.674944	-0.082575	2.264766
457.276147	977.914662	15.679949	-0.082488	2.257813
456.831986	968.090470	15.684954	-0.082400	2.250823
456.581958	958.232307	15.689959	-0.082347	2.243807
456.270354	948.353155	15.694963	-0.082283	2.236747
455.751032	938.559236	15.699968	-0.082181	2.229704
455.154007	928.810852	15.704973	-0.082064	2.222663
454.925133	918.984045	15.709978	-0.082016	2.215582
454.397483	909.253093	15.714983	-0.081912	2.208516
454.024589	899.458114	15.719987	-0.081837	2.201397
453.467196	889.779894	15.724992	-0.081728	2.194319
452.890109	880.129010	15.729997	-0.081615	2.187237
452.617948	870.410275	15.735002	-0.081559	2.180115
452.313664	860.758120	15.740007	-0.081496	2.173014
451.652102	851.090928	15.745011	-0.081368	2.165840
451.225669	841.493839	15.750016	-0.081283	2.158720
450.698504	831.916543	15.755021	-0.081179	2.151579
450.229408	822.393362	15.760026	-0.081087	2.144461
449.937971	812.852059	15.765031	-0.081027	2.137326
449.314234	803.338699	15.770035	-0.080905	2.130150
448.744793	793.912681	15.775040	-0.080794	2.123022
448.369793	784.455688	15.780045	-0.080719	2.115868
447.995633	775.060169	15.785050	-0.080644	2.108736
447.594233	765.624500	15.790055	-0.080564	2.101546
447.050160	756.236410	15.795059	-0.080457	2.094351
446.448891	746.883417	15.800064	-0.080340	2.087152
445.962424	737.575392	15.805069	-0.080244	2.079975
445.575151	728.299934	15.810074	-0.080167	2.072810
445.134013	719.039001	15.815079	-0.080079	2.065625
444.692370	709.793381	15.820083	-0.079992	2.058426
444.266816	700.580999	15.825088	-0.079907	2.051229
443.698799	691.394360	15.830093	-0.079797	2.044011
442.944742	682.311374	15.835098	-0.079652	2.036825
442.485628	673.293937	15.840103	-0.079561	2.029700
441.982551	664.254700	15.845107	-0.079463	2.022528
441.584015	655.271060	15.850112	-0.079383	2.015387
440.749435	646.377976	15.855117	-0.079223	2.008239
440.372187	637.484850	15.860122	-0.079148	2.001121
439.881323	628.659629	15.865127	-0.079052	1.994018
439.210700	619.870027	15.870131	-0.078922	1.986896
438.528583	611.192035	15.875136	-0.078791	1.979836
437.441314	602.704617	15.880141	-0.078585	1.972854
437.034960	594.183115	15.885146	-0.078505	1.965905
436.652198	585.677636	15.890151	-0.078428	1.958947
435.735667	577.323082	15.895155	-0.078254	1.952020
434.604045	569.175806	15.900160	-0.078040	1.945209
433.925407	561.089447	15.905165	-0.077910	1.938484
432.441556	553.263740	15.910170	-0.077631	1.931845
430.450444	545.901612	15.915175	-0.077260	1.925501
429.737212	538.544827	15.920179	-0.077123	1.919307
429.441965	531.164093	15.925184	-0.077064	1.913127
425.967032	524.534403	15.930189	-0.076419	1.907138
425.029162	518.072301	15.935194	-0.076242	1.901603
424.754035	511.547742	15.940199	-0.076187	1.896088
424.310776	505.006103	15.945203	-0.076101	1.890520
423.908311	498.476307	15.950208	-0.076023	1.884950
423.266532	491.988046	15.955213	-0.075900	1.879368
419.370511	486.372075	15.960218	-0.075179	1.874073
418.690000	480.861050	15.965223	-0.075050	1.869285
418.071208	475.301133	15.970227	-0.074932	1.864452
417.889426	469.721745	15.975232	-0.074895	1.859649
417.660509	464.051959	15.980237	-0.074849	1.854749
417.099899	458.433060	15.985242	-0.074742	1.849835
414.031680	453.395609	15.990247	-0.074173	1.845066
412.371885	448.806545	15.995251	-0.073865	1.840866
412.142629	444.033868	16.000256	-0.073819	1.836695
411.821330	439.265803	16.005261	-0.073757	1.832505
411.389840	434.444573	16.010266	-0.073674	1.828244
411.245162	429.600037	16.015271	-0.073644	1.823993
410.846491	424.702617	16.020275	-0.073567	1.819649
408.920452	420.131864	16.025280	-0.073210	1.815369
404.831798	416.624365	16.030285	-0.072454	1.811710
404.376480	412.915515	16.035290	-0.072368	1.808377
404.229444	409.148401	16.040295	-0.072338	1.805030
403.874397	405.340996	16.045299	-0.072270	1.801612
403.613210	401.509785	16.050304	-0.072219	1.798179
403.330543	397.627445	16.055309	-0.072165	1.794691
403.171369	393.677108	16.060314	-0.072133	1.791154
402.760960	389.739353	16.065319	-0.072054	1.787585
400.495891	386.133578	16.070323	-0.071635	1.784040
395.589574	383.794576	16.075328	-0.070729	1.781243
394.945661	381.351459	16.080333	-0.070609	1.778960
394.809791	378.745743	16.085338	-0.070582	1.776602
394.897054	376.024249	16.090343	-0.070597	1.774169
394.512649	373.246068	16.095347	-0.070524	1.771613
394.356421	370.430558	16.100352	-0.070493	1.769053
394.021437	367.599142	16.105357	-0.070430	1.766449
393.710998	364.746849	16.110362	-0.070370	1.763825
393.644936	361.777282	16.115367	-0.070356	1.761127
393.476587	358.751316	16.120371	-0.070323	1.758359
393.281709	355.656811	16.125376	-0.070285	1.755520
392.897099	352.587103	16.130381	-0.070212	1.752671
390.100676	349.947662	16.135386	-0.069695	1.749856
382.325641	349.204445	16.140391	-0.068263	1.748036
379.884003	348.847009	16.145395	-0.067813	1.747351
379.799321	348.203370	16.150400	-0.067796	1.746750
379.875577	347.425258	16.155405	-0.067810	1.746050
379.604773	346.603655	16.160410	-0.067759	1.745259
379.533476	345.778302	16.165415	-0.067746	1.744494
379.385280	344.758165	16.170419	-0.067718	1.743538
379.300316	343.680871	16.175424	-0.067701	1.742539
379.376034	342.496728	16.180429	-0.067714	1.741465
379.308765	341.180436	16.185434	-0.067701	1.740249
379.056681	339.891804	16.190439	-0.067654	1.739029
378.938505	338.458631	16.195443	-0.067631	1.737696
378.781561	336.965413	16.200448	-0.067601	1.736300
378.769514	335.387785	16.205453	-0.067598	1.734848
378.618251	333.719848	16.210458	-0.067568	1.733290
378.403284	332.003596	16.215463	-0.067528	1.731677
378.309596	330.201739	16.220467	-0.067509	1.730001
378.027897	328.343088	16.225472	-0.067456	1.728243
377.959121	326.379749	16.230477	-0.067442	1.726419
377.745487	324.408670	16.235482	-0.067401	1.724564
377.642329	322.335995	16.240487	-0.067381	1.722629
377.425910	320.172914	16.245491	-0.067339	1.720591
377.379813	317.954503	16.250496	-0.067329	1.718525
377.202908	315.634864	16.255501	-0.067295	1.716342
376.961153	313.335589	16.260506	-0.067249	1.714166
373.917933	311.522010	16.265511	-0.066687	1.712018
365.025302	311.862205	16.270515	-0.065049	1.710993
361.069703	312.854499	16.275520	-0.064321	1.711322
360.966883	313.569517	16.280525	-0.064303	1.711973
361.105948	314.101005	16.285530	-0.064329	1.712489
361.209500	314.550654	16.290535	-0.064348	1.712924
361.089442	314.871102	16.295539	-0.064326	1.713205
361.133380	315.165238	16.300544	-0.064334	1.713485
361.167116	315.156661	16.305549	-0.064340	1.713482
361.022372	315.173772	16.310554	-0.064314	1.713476
360.933312	315.193435	16.315559	-0.064297	1.713481
361.060138	315.057396	16.320563	-0.064320	1.713374
360.964309	314.777160	16.325568	-0.064303	1.713098
360.988115	314.381837	16.330573	-0.064307	1.712733
360.958098	313.930014	16.335578	-0.064301	1.712307
360.887606	313.339421	16.340583	-0.064287	1.711746
360.912109	312.622406	16.345587	-0.064291	1.711080
360.877853	311.859159	16.350592	-0.064284	1.710363
360.912347	311.021260	16.355597	-0.064290	1.709586
360.613547	310.059272	16.360602	-0.064234	1.708642
360.442311	309.076201	16.365607	-0.064202	1.707697
360.664041	307.896087	16.370611	-0.064242	1.706626
360.541504	306.661047	16.375616	-0.064219	1.705452
360.509554	305.384713	16.380621	-0.064212	1.704252
360.512657	303.917968	16.385626	-0.064211	1.702877
360.247270	302.438352	16.390631	-0.064161	1.701449
360.172192	300.890964	16.395635	-0.064147	1.699985
360.045128	299.247244	16.400640	-0.064122	1.698421
359.982970	297.507782	16.405645	-0.064109	1.696775
359.852555	295.689614	16.410650	-0.064084	1.695044
359.647402	293.835131	16.415655	-0.064045	1.693264
359.514381	291.863957	16.420659	-0.064019	1.691384
359.208085	289.914705	16.425664	-0.063961	1.689496
359.029778	287.869229	16.430669	-0.063927	1.687534
358.980955	285.724742	16.435674	-0.063917	1.685496
358.913860	283.505515	16.440679	-0.063903	1.683382
358.623189	281.229267	16.445683	-0.063848	1.681177
358.484609	278.923335	16.450688	-0.063820	1.678964
357.668019	276.623828	16.455693	-0.063668	1.676649
351.915676	275.623564	16.460698	-0.062608	1.674805
344.847226	276.344364	16.465703	-0.061307	1.674396
343.802597	276.695791	16.470707	-0.061114	1.674569
343.726108	276.970329	16.475712	-0.061100	1.674819
343.773903	277.192774	16.480717	-0.061109	1.675038
343.732036	277.197517	16.485722	-0.061101	1.675036
343.702716	277.203657	16.490727	-0.061096	1.675037
343.640078	277.114049	16.495731	-0.061084	1.674942
343.607303	276.834146	16.500736	-0.061078	1.674670
343.603902	276.478493	16.505741	-0.061077	1.674330
343.557418	276.047467	16.510746	-0.061068	1.673912
343.333096	275.581035	16.515751	-0.061026	1.673432
343.402630	274.994692	16.520755	-0.061039	1.672883
343.386298	274.299602	16.525760	-0.061035	1.672216
343.181915	273.566282	16.530765	-0.060997	1.671484
343.172157	272.676242	16.535770	-0.060995	1.670632
343.170398	271.770996	16.540775	-0.060994	1.669766
343.068603	270.697877	16.545779	-0.060974	1.668723
343.040443	269.569291	16.550784	-0.060968	1.667638
342.990428	268.330994	16.555789	-0.060958	1.666444
342.900594	267.059716	16.560794	-0.060941	1.665210
342.792469	265.682121	16.565799	-0.060920	1.663872
342.919505	264.150535	16.570803	-0.060942	1.662420
342.773197	262.541101	16.575808	-0.060914	1.660850
342.559651	260.938824	16.580813	-0.060873	1.659275
342.454682	259.196006	16.585818	-0.060853	1.657580
342.358397	257.394674	16.590823	-0.060834	1.655828
342.076104	255.591008	16.595827	-0.060781	1.654043
342.061598	253.618613	16.600832	-0.060777	1.652135
341.694175	251.685589	16.605837	-0.060708	1.650207
341.667821	249.619214	16.610842	-0.060701	1.648201
341.418681	247.504851	16.615847	-0.060654	1.646111
341.073275	245.398037	16.620851	-0.060589	1.644011
340.985230	243.156999	16.625856	-0.060571	1.641818
339.046176	241.286087	16.630861	-0.060213	1.639688
330.841895	241.155686	16.635866	-0.058701	1.638254
324.261585	242.601938	16.640871	-0.057490	1.638616
324.068255	243.507370	16.645875	-0.057455	1.639468
324.288154	244.252007	16.650880	-0.057496	1.640229
324.084130	244.881425	16.655885	-0.057459	1.640809
324.054070	245.444313	16.660890	-0.057453	1.641352
324.227173	245.936673	16.665895	-0.057485	1.641859
324.136428	246.287781	16.670899	-0.057469	1.642186
324.449856	246.455499	16.675904	-0.057527	1.642399
324.189192	246.555573	16.680909	-0.057479	1.642455
324.241523	246.820528	16.685914	-0.057488	1.642721
324.346848	246.483262	16.690919	-0.057508	1.642410
324.311950	246.404950	16.695923	-0.057501	1.642328
324.407616	246.058268	16.700928	-0.057518	1.642006
324.083597	245.744750	16.705933	-0.057458	1.641649
323.981278	245.345882	16.710938	-0.057439	1.641244
323.947650	244.800294	16.715943	-0.057433	1.640708
323.968022	244.253756	16.720947	-0.057436	1.640179
324.028629	243.482669	16.725952	-0.057446	1.639437
323.823317	242.705265	16.730957	-0.057408	1.638646
323.833024	241.792965	16.735962	-0.057409	1.637758
323.775288	240.811269	16.740967	-0.057398	1.636790
323.666996	239.740786	16.745971	-0.057377	1.635728
323.587571	238.654958	16.750976	-0.057362	1.634654
323.546908	237.408248	16.755981	-0.057353	1.633428
323.529678	236.058676	16.760986	-0.057349	1.632105
323.579922	234.613618	16.765991	-0.057357	1.630697
323.517755	233.084731	16.770995	-0.057345	1.629188
323.395249	231.484621	16.776000	-0.057321	1.627598
323.170190	229.835694	16.781005	-0.057279	1.625943
323.065245	228.130916	16.786010	-0.057258	1.624249
323.128230	226.247018	16.791015	-0.057268	1.622405
322.957116	224.345640	16.796019	-0.057235	1.620504
322.856255	222.371784	16.801024	-0.057216	1.618540
322.570891	220.344990	16.806029	-0.057162	1.616491
322.243079	218.309824	16.811034	-0.057100	1.614425
322.026447	216.191564	16.816039	-0.057058	1.612292
321.948619	214.018964	16.821043	-0.057043	1.610124
321.739184	211.746342	16.826048	-0.057002	1.607833
321.602153	209.459029	16.831053	-0.056976	1.605536
321.235296	207.129436	16.836058	-0.056906	1.603155
321.293281	204.686767	16.841063	-0.056915	1.600728
320.440895	202.318283	16.846067	-0.056757	1.598222
315.269840	201.030822	16.851072	-0.055803	1.596084
308.691530	201.306925	16.856077	-0.054592	1.595278
307.614082	201.296282	16.861082	-0.054393	1.595090
307.754489	201.109567	16.866087	-0.054419	1.594926
307.560328	200.829579	16.871091	-0.054383	1.594613
307.679092	200.414786	16.876096	-0.054404	1.594217
307.621130	199.979322	16.881101	-0.054393	1.593770
307.381746	199.458812	16.886106	-0.054349	1.593209
307.425713	198.808729	16.891111	-0.054356	1.592563
307.207939	198.125127	16.896115	-0.054316	1.591841
307.257049	197.347336	16.901120	-0.054324	1.591068
307.077402	196.539500	16.906125	-0.054291	1.590227
307.012971	195.563861	16.911130	-0.054278	1.589235
307.045221	194.538356	16.916135	-0.054283	1.588208
306.863714	193.405449	16.921139	-0.054249	1.587038
306.949572	192.214564	16.926144	-0.054264	1.585852
306.771138	190.954912	16.931149	-0.054230	1.584552
306.533702	189.613423	16.936154	-0.054185	1.583159
306.527666	188.184572	16.941159	-0.054183	1.581714
306.302109	186.749485	16.946163	-0.054141	1.580226
306.132707	185.207580	16.951168	-0.054109	1.578637
306.163518	183.552984	16.956173	-0.054113	1.576966
305.984022	181.878467	16.961178	-0.054079	1.575237
305.852407	180.122038	16.966183	-0.054053	1.573432
305.569297	178.309899	16.971187	-0.054000	1.571542
305.597225	176.401850	16.976192	-0.054004	1.569605
305.350182	174.449626	16.981197	-0.053957	1.567574
304.015740	172.694590	16.986202	-0.053710	1.565558
298.399620	172.163408	16.991207	-0.052675	1.564070
293.914882	172.401871	16.996211	-0.051849	1.563557
293.633060	172.449485	17.001216	-0.051797	1.563558
293.449367	172.479389	17.006221	-0.051763	1.563558
293.346136	172.217614	17.011226	-0.051744	1.563273
293.534782	171.952917	17.016231	-0.051778	1.563034
293.169078	171.647264	17.021235	-0.051711	1.562659
293.321411	171.168397	17.026240	-0.051738	1.562195
293.272979	170.644872	17.031245	-0.051729	1.561651
293.065339	170.089885	17.036250	-0.051690	1.561047
293.069909	169.422424	17.041255	-0.051691	1.560364
292.934503	168.655019	17.046259	-0.051665	1.559554
292.849790	167.812097	17.051264	-0.051649	1.558676
292.665301	166.928794	17.056269	-0.051614	1.557738
292.456947	165.972172	17.061274	-0.051575	1.556720
292.458669	164.989574	17.066279	-0.051575	1.555711
292.229090	163.880372	17.071283	-0.051532	1.554531
292.216768	162.691892	17.076288	-0.051529	1.553306
292.260158	161.386662	17.081293	-0.051536	1.551969
291.822233	160.123454	17.086298	-0.051454	1.550593
291.827713	158.718021	17.091303	-0.051454	1.549144
291.862648	157.206746	17.096307	-0.051459	1.547589
291.752886	155.664448	17.101312	-0.051438	1.545976
291.492409	154.062915	17.106317	-0.051389	1.544274
291.340858	152.379242	17.111322	-0.051360	1.542504
291.378357	150.609419	17.116327	-0.051366	1.540674
290.874781	148.848419	17.121331	-0.051272	1.538759
288.583240	147.460610	17.126336	-0.050849	1.536922
284.209161	147.101077	17.131341	-0.050043	1.535794
282.953839	146.678510	17.136346	-0.049811	1.535137
283.001248	146.036281	17.141351	-0.049819	1.534476
282.779905	145.380424	17.146355	-0.049778	1.533754
282.590491	144.630582	17.151360	-0.049743	1.532939
282.419601	143.854916	17.156365	-0.049710	1.532100
282.124527	143.036439	17.161370	-0.049655	1.531195
281.663235	142.221514	17.166375	-0.049570	1.530263
280.717826	141.506134	17.171379	-0.049395	1.529352
280.303817	140.762218	17.176384	-0.049318	1.528502
280.388364	139.887128	17.181389	-0.049333	1.527601
280.183471	138.955297	17.186394	-0.049295	1.526589
279.994773	138.026940	17.191399	-0.049259	1.525583
279.832413	136.968233	17.196403	-0.049229	1.524445
279.837090	135.810256	17.201408	-0.049229	1.523230
279.261729	134.700179	17.206413	-0.049122	1.521964
278.477199	133.703880	17.211418	-0.048977	1.520780
277.674107	132.728924	17.216423	-0.048828	1.519614
277.065074	131.763428	17.221427	-0.048715	1.518491
276.502668	130.822854	17.226432	-0.048611	1.517401
275.807449	129.949768	17.231437	-0.048482	1.516359
275.336384	129.067859	17.236442	-0.048395	1.515346
274.918327	128.144712	17.241447	-0.048317	1.514298
274.364286	127.219874	17.246451	-0.048214	1.513223
273.951939	126.299569	17.251456	-0.048138	1.512178
273.479953	125.386323	17.256461	-0.048050	1.511129
272.831919	124.492986	17.261466	-0.047930	1.510069
271.889737	123.689707	17.266471	-0.047756	1.509052
270.548738	123.097993	17.271475	-0.047509	1.508188
270.298207	122.391179	17.276480	-0.047462	1.507394
270.253985	121.615371	17.281485	-0.047453	1.506563
270.129038	120.774061	17.286490	-0.047430	1.505647
270.078364	119.809793	17.291495	-0.047419	1.504613
269.936423	118.803110	17.296499	-0.047393	1.503517
269.710882	117.727507	17.301504	-0.047350	1.502332
269.508887	116.643900	17.306509	-0.047312	1.501142
269.260288	115.484482	17.311514	-0.047266	1.499862
269.169559	114.241515	17.316519	-0.047248	1.498520
268.231397	113.120396	17.321523	-0.047074	1.497156
267.532703	112.085472	17.326528	-0.046945	1.495925
266.693378	111.082205	17.331533	-0.046790	1.494702
266.087563	110.083046	17.336538	-0.046677	1.493525
265.027457	109.196894	17.341543	-0.046481	1.492386
263.512403	108.578483	17.346547	-0.046202	1.491453
263.026893	107.915332	17.351552	-0.046112	1.490654
262.672234	107.163376	17.356557	-0.046046	1.489784
262.570303	106.343995	17.361562	-0.046027	1.488885
262.471565	105.445760	17.366567	-0.046008	1.487902
262.284367	104.490467	17.371571	-0.045973	1.486841
262.127747	103.545002	17.376576	-0.045943	1.485795
261.884286	102.474756	17.381581	-0.045897	1.484598
261.422417	101.412837	17.386586	-0.045812	1.483370
260.859050	100.400019	17.391591	-0.045707	1.482176
260.456387	99.393141	17.396595	-0.045632	1.481016
260.197904	98.272293	17.401600	-0.045584	1.479758
259.494615	97.255833	17.406605	-0.045453	1.478532
258.626054	96.304492	17.411610	-0.045293	1.477345
258.324317	95.334502	17.416615	-0.045237	1.476240
257.565453	94.381465	17.421619	-0.045096	1.475069
256.938718	93.470993	17.426624	-0.044980	1.473968
255.999996	92.640759	17.431629	-0.044806	1.472896
254.827269	91.982109	17.436634	-0.044590	1.471968
254.652576	91.218327	17.441639	-0.044557	1.471105
254.170325	90.428714	17.446643	-0.044468	1.470159
253.381832	89.726582	17.451648	-0.044322	1.469251
252.508417	89.081698	17.456653	-0.044161	1.468390
252.303113	88.376679	17.461658	-0.044122	1.467584
252.185614	87.615504	17.466663	-0.044100	1.466732
251.956901	86.798415	17.471667	-0.044057	1.465798
251.914280	85.863096	17.476672	-0.044049	1.464769
251.723903	84.907838	17.481677	-0.044013	1.463690
251.549896	83.855139	17.486682	-0.043980	1.462507
251.365340	82.804941	17.491687	-0.043945	1.461324
250.952430	81.708295	17.496691	-0.043869	1.460047
250.658452	80.582301	17.501696	-0.043814	1.458758
250.471972	79.395763	17.506701	-0.043778	1.457422
249.050073	78.438849	17.511706	-0.043516	1.456109
247.762115	77.640218	17.516711	-0.043278	1.454995
247.033754	76.844510	17.521715	-0.043143	1.453985
246.900870	75.949265	17.526720	-0.043118	1.452975
246.713325	75.031791	17.531725	-0.043083	1.451929
246.670280	73.992653	17.536730	-0.043074	1.450775
246.066696	72.991769	17.541735	-0.042962	1.449559
245.038124	72.137466	17.546739	-0.042772	1.448426
243.992499	71.393861	17.551744	-0.042579	1.447410
243.843546	70.578460	17.556749	-0.042551	1.446481
243.717144	69.640285	17.561754	-0.042527	1.445419
243.636006	68.619184	17.566759	-0.042511	1.444273
243.274440	67.598382	17.571763	-0.042444	1.443074
243.144375	66.513893	17.576768	-0.042419	1.441846
242.409098	65.503931	17.581773	-0.042283	1.440588
240.744520	64.759848	17.586778	-0.041976	1.439451
240.223074	63.962806	17.591783	-0.041879	1.438468
239.879146	63.112565	17.596787	-0.041815	1.437457
239.595866	62.280419	17.601792	-0.041762	1.436477
239.479678	61.322502	17.606797	-0.041740	1.435388
239.128431	60.348739	17.611802	-0.041675	1.434235
238.694527	59.357938	17.616807	-0.041594	1.433048
237.983114	58.462266	17.621811	-0.041463	1.431914
236.862129	57.697279	17.626816	-0.041255	1.430848
236.595689	56.825176	17.631821	-0.041206	1.429822
235.940539	56.003674	17.636826	-0.041084	1.428779
235.489924	55.176312	17.641831	-0.041001	1.427767
234.577485	54.465114	17.646835	-0.040832	1.426798
233.468954	53.872626	17.651840	-0.040628	1.425925
232.917725	53.254919	17.656845	-0.040526	1.425127
232.622264	52.559759	17.661850	-0.040471	1.424290
232.513775	51.815660	17.666855	-0.040450	1.423433
232.408187	50.993030	17.671859	-0.040430	1.422488
232.344880	50.114113	17.676864	-0.040418	1.421486
232.263051	49.134363	17.681869	-0.040402	1.420367
231.873657	48.153011	17.686874	-0.040329	1.419186
231.573449	47.136847	17.691879	-0.040273	1.417983
230.388249	46.333051	17.696883	-0.040054	1.416850
228.943229	45.688266	17.701888	-0.039788	1.415847
228.346717	45.010363	17.706893	-0.039677	1.414967
228.320457	44.217699	17.711898	-0.039672	1.414065
228.084253	43.384861	17.716903	-0.039628	1.413077
227.622958	42.566740	17.721907	-0.039542	1.412061
226.996027	41.800745	17.726912	-0.039426	1.411073
226.483992	41.000972	17.731917	-0.039331	1.410068
225.895966	40.241808	17.736922	-0.039222	1.409093
225.472889	39.460092	17.741927	-0.039144	1.408124
225.235074	38.629760	17.746931	-0.039099	1.407134
224.759942	37.804124	17.751936	-0.039011	1.406103
223.770768	37.115508	17.756941	-0.038829	1.405129
222.798918	36.485251	17.761946	-0.038649	1.404225
222.400882	35.821934	17.766951	-0.038575	1.403392
221.978830	35.105400	17.771955	-0.038497	1.402493
221.569615	34.465111	17.776960	-0.038421	1.401683
221.337368	33.707289	17.781965	-0.038378	1.400772
220.837674	32.959460	17.786970	-0.038285	1.399821
220.189578	32.254200	17.791975	-0.038165	1.398889
219.489306	31.594933	17.796979	-0.038036	1.398000
219.003083	30.957401	17.801984	-0.037946	1.397175
218.681190	30.270494	17.806989	-0.037886	1.396326
218.544736	29.477512	17.811994	-0.037860	1.395390
218.326630	28.649062	17.816999	-0.037819	1.394396
217.625167	27.878211	17.822003	-0.037690	1.393375
216.950847	27.152468	17.827008	-0.037565	1.392410
216.511825	26.430881	17.832013	-0.037483	1.391495
214.891292	25.945321	17.837018	-0.037185	1.390622
213.462779	25.617772	17.842023	-0.036921	1.389968
213.257036	25.187853	17.847027	-0.036883	1.389433
213.140313	24.654744	17.852032	-0.036861	1.388795
212.937131	24.097068	17.857037	-0.036823	1.388112
212.674775	23.487172	17.862042	-0.036774	1.387358
212.627035	22.832735	17.867047	-0.036765	1.386592
212.498969	22.071572	17.872051	-0.036741	1.385688
212.147934	21.305806	17.877056	-0.036676	1.384734
211.760115	20.525098	17.882061	-0.036604	1.383755
211.010962	19.800985	17.887066	-0.036465	1.382771
210.002187	19.258322	17.892071	-0.036279	1.381945
209.285508	18.669754	17.897075	-0.036146	1.381123
208.706935	18.096576	17.902080	-0.036039	1.380345
207.705979	17.648575	17.907085	-0.035855	1.379629
206.268540	17.384500	17.912090	-0.035590	1.379041
205.640881	17.093625	17.917095	-0.035474	1.378580
205.248309	16.780887	17.922099	-0.035401	1.378140
205.456837	16.295192	17.927104	-0.035439	1.377616
205.258220	15.835042	17.932109	-0.035402	1.377042
204.742804	15.348531	17.937114	-0.035307	1.376375
204.420741	14.828258	17.942119	-0.035247	1.375706
204.089436	14.262931	17.947123	-0.035186	1.374983
203.799349	13.694743	17.952128	-0.035132	1.374263
203.669626	13.012058	17.957133	-0.035107	1.373442
202.839470	12.460424	17.962138	-0.034954	1.372635
201.842081	12.033259	17.967143	-0.034770	1.371940
201.287516	11.552619	17.972147	-0.034667	1.371269
201.080242	11.009988	17.977152	-0.034629	1.370594
200.663036	10.479412	17.982157	-0.034551	1.369892
199.604015	10.046693	17.987162	-0.034356	1.369177
198.544690	9.765856	17.992167	-0.034161	1.368639
198.305452	9.382928	17.997171	-0.034116	1.368143
198.011723	8.937254	18.002176	-0.034062	1.367563
197.693149	8.530218	18.007181	-0.034003	1.367023
197.296610	8.041324	18.012186	-0.033929	1.366372
197.105653	7.493945	18.017191	-0.033894	1.365692
196.854839	6.929557	18.022195	-0.033847	1.364980
196.588550	6.334473	18.027200	-0.033798	1.364228
196.415627	5.650002	18.032205	-0.033765	1.363390
195.602323	5.062338	18.037210	-0.033615	1.362538
194.510121	4.673597	18.042215	-0.033413	1.361864
194.205197	4.144492	18.047219	-0.033357	1.361181
193.904065	3.554206	18.052224	-0.033301	1.360426
193.720933	2.947814	18.057229	-0.033267	1.359675
193.060381	2.352720	18.062234	-0.033145	1.358842
192.380902	1.833514	18.067239	-0.033019	1.358094
191.934635	1.327807	18.072243	-0.032936	1.357408
191.429064	0.772805	18.077248	-0.032843	1.356652
190.551547	0.320072	18.082253	-0.032681	1.355942
188.253616	0.256708	18.087258	-0.032257	1.355409
186.524145	0.499409	18.092263	-0.031939	1.355350
186.436537	0.356897	18.097267	-0.031923	1.355164
186.088409	0.306181	18.102272	-0.031858	1.355035
186.083756	0.141914	18.107277	-0.031857	1.354840
185.819547	-0.037353	18.112282	-0.031809	1.354575
185.652465	-0.299069	18.117287	-0.031778	1.354232
185.490902	-0.589469	18.122291	-0.031747	1.353855
185.373730	-1.004348	18.127296	-0.031726	1.353341
185.170988	-1.402894	18.132301	-0.031688	1.352828
184.292014	-1.669537	18.137306	-0.031526	1.352336
183.539144	-1.956655	18.142311	-0.031387	1.351845
183.164878	-2.241481	18.147315	-0.031318	1.351432
182.189974	-2.468554	18.152320	-0.031138	1.350968
181.233242	-2.551866	18.157325	-0.030961	1.350677
180.548151	-2.692974	18.162330	-0.030835	1.350372
180.134621	-2.791392	18.167335	-0.030759	1.350172
177.711937	-2.485658	18.172339	-0.030313	1.350049
171.731019	-0.930065	18.177344	-0.029212	1.350696
175.070417	-0.612166	18.182349	-0.029827	1.351743
176.407524	-0.674959	18.187354	-0.030073	1.351936
174.622190	-0.132094	18.192359	-0.029745	1.352222
177.190957	-0.372817	18.197363	-0.030218	1.352451
178.914428	-1.120850	18.202368	-0.030535	1.351909
176.885883	-1.244421	18.207373	-0.030161	1.351356
175.865850	-1.370510	18.212378	-0.029973	1.351002
174.906465	-1.449005	18.217383	-0.029796	1.350717
173.728379	-1.276626	18.222387	-0.029579	1.350685
174.346685	-1.490320	18.227392	-0.029693	1.350555
174.457739	-1.792823	18.232397	-0.029713	1.350218
172.228066	-1.655497	18.237402	-0.029302	1.349934
169.589785	-1.033931	18.242407	-0.028816	1.350143
170.604329	-1.010394	18.247411	-0.029003	1.350374
171.767992	-1.212045	18.252416	-0.029217	1.350368
169.878279	-1.059989	18.257421	-0.028869	1.350169
170.198770	-0.964432	18.262426	-0.028928	1.350347
171.657524	-1.572778	18.267431	-0.029197	1.349917
168.993619	-1.463069	18.272435	-0.028706	1.349513
167.240474	-1.023949	18.277440	-0.028383	1.349683
168.463037	-1.166824	18.282445	-0.028608	1.349758
166.434431	-0.968984	18.287450	-0.028235	1.349586
163.854947	-0.255929	18.292455	-0.027760	1.349915
165.885220	-0.153055	18.297459	-0.028134	1.350445
170.410756	-1.346825	18.302464	-0.028967	1.349935
166.578845	-1.305320	18.307469	-0.028261	1.349215
163.876155	-0.894585	18.312474	-0.027763	1.349161
165.404662	-1.045181	18.317479	-0.028044	1.349288
164.708038	-1.219832	18.322483	-0.027916	1.348941
162.236025	-0.819942	18.327488	-0.027461	1.348920
164.053212	-1.012645	18.332493	-0.027795	1.349056
162.305674	-0.927977	18.337498	-0.027473	1.348805
161.854386	-0.853628	18.342503	-0.027390	1.348803
161.101321	-0.725660	18.347507	-0.027252	1.348804
161.838571	-0.897444	18.352512	-0.027387	1.348747
159.780781	-0.695949	18.357517	-0.027008	1.348573
161.090019	-0.845285	18.362522	-0.027249	1.348659
160.019010	-0.812485	18.367527	-0.027052	1.348483
159.496151	-0.982942	18.372531	-0.026955	1.348175
157.330753	-0.511563	18.377536	-0.026557	1.348300
159.060420	-0.787497	18.382541	-0.026875	1.348320
156.605387	-0.492816	18.387546	-0.026423	1.348177
157.321669	-0.614445	18.392551	-0.026555	1.348176
158.449879	-0.951891	18.397555	-0.026762	1.348001
155.611814	-0.583253	18.402560	-0.026240	1.347869
156.511291	-0.816411	18.407565	-0.026405	1.347772
155.306014	-0.790965	18.412570	-0.026183	1.347560
154.933864	-0.722368	18.417575	-0.026115	1.347567
154.316810	-0.801014	18.422579	-0.026001	1.347349
152.866909	-0.529818	18.427584	-0.025734	1.347380
153.922468	-0.608447	18.432589	-0.025928	1.347499
153.421780	-0.828582	18.437594	-0.025836	1.347136
151.870578	-0.537642	18.442599	-0.025550	1.347170
152.757473	-0.844299	18.447603	-0.025713	1.346984
151.862790	-0.797659	18.452608	-0.025548	1.346859
150.099948	-0.654226	18.457613	-0.025224	1.346675
150.185793	-0.675354	18.462618	-0.025239	1.346667
149.741303	-0.598723	18.467623	-0.025157	1.346669
149.775220	-0.602554	18.472627	-0.025164	1.346671
149.509431	-0.795463	18.477632	-0.025114	1.346388
148.223354	-0.602669	18.482637	-0.024878	1.346358
147.484705	-0.484706	18.487642	-0.024742	1.346350
148.019980	-0.663042	18.492647	-0.024840	1.346245
147.571529	-0.756470	18.497651	-0.024757	1.346044
145.706543	-0.657859	18.502656	-0.024414	1.345785
146.361317	-0.563709	18.507661	-0.024534	1.346029
145.256320	-0.639392	18.512666	-0.024331	1.345717
144.986198	-0.590132	18.517671	-0.024281	1.345721
145.172274	-0.691067	18.522675	-0.024315	1.345638
143.048281	-0.487040	18.527680	-0.023924	1.345453
144.557163	-0.685712	18.532685	-0.024202	1.345520
142.755208	-0.479665	18.537690	-0.023870	1.345403
143.192268	-0.749616	18.542695	-0.023950	1.345169
142.306882	-0.659061	18.547699	-0.023787	1.345098
141.082503	-0.679657	18.552704	-0.023561	1.344827
141.160541	-0.486622	18.557709	-0.023576	1.345073
141.099734	-0.707306	18.562714	-0.023564	1.344797
140.642652	-0.805469	18.567719	-0.023480	1.344588
138.494902	-0.429766	18.572723	-0.023084	1.344603
139.681298	-0.723689	18.577728	-0.023303	1.344491
138.667903	-0.564738	18.582733	-0.023116	1.344476
138.343723	-0.729271	18.587738	-0.023056	1.344215
136.854078	-0.526556	18.592743	-0.022782	1.344156
137.441673	-0.623996	18.597747	-0.022890	1.344158
137.191622	-0.607426	18.602752	-0.022844	1.344127
135.922771	-0.629709	18.607757	-0.022610	1.343845
135.966972	-0.635939	18.612762	-0.022618	1.343846
135.734449	-0.711245	18.617767	-0.022575	1.343709
133.450012	-0.329274	18.622771	-0.022155	1.343704
135.499582	-0.721616	18.627776	-0.022532	1.343649
133.575475	-0.493521	18.632781	-0.022177	1.343533
133.521118	-0.718131	18.637786	-0.022167	1.343254
132.114025	-0.517152	18.642791	-0.021908	1.343210
132.678502	-0.614747	18.647795	-0.022012	1.343207
132.111446	-0.667013	18.652800	-0.021907	1.343030
130.847748	-0.545149	18.657805	-0.021675	1.342920
131.477885	-0.664040	18.662810	-0.021790	1.342906
130.348480	-0.694083	18.667815	-0.021582	1.342641
129.032815	-0.372920	18.672819	-0.021340	1.342759
129.882518	-0.639463	18.677824	-0.021496	1.342612
129.536385	-0.625940	18.682829	-0.021433	1.342558
128.349260	-0.607490	18.687834	-0.021214	1.342341
127.636218	-0.487247	18.692839	-0.021083	1.342340
128.136659	-0.688689	18.697843	-0.021175	1.342200
126.356972	-0.545038	18.702848	-0.020847	1.342012
126.746669	-0.603687	18.707853	-0.020918	1.342021
126.283600	-0.777292	18.712858	-0.020833	1.341720
124.667772	-0.528657	18.717863	-0.020535	1.341690
124.470341	-0.485545	18.722867	-0.020499	1.341702
124.893718	-0.557465	18.727872	-0.020577	1.341701
124.769383	-0.715977	18.732877	-0.020554	1.341486
123.135372	-0.533553	18.737882	-0.020253	1.341374
122.735745	-0.457162	18.742887	-0.020179	1.341384
123.364797	-0.745119	18.747891	-0.020295	1.341167
121.515161	-0.511973	18.752896	-0.019954	1.341072
121.295299	-0.461548	18.757901	-0.019914	1.341088
121.463671	-0.710817	18.762906	-0.019944	1.340823
119.639330	-0.465740	18.767911	-0.019608	1.340747
119.908124	-0.507089	18.772915	-0.019658	1.340752
119.896431	-0.505176	18.777920	-0.019656	1.340752
119.509186	-0.603819	18.782925	-0.019584	1.340555
118.670651	-0.558564	18.787930	-0.019430	1.340440
117.989297	-0.598162	18.792935	-0.019304	1.340254
117.086646	-0.357424	18.797939	-0.019138	1.340360
117.730206	-0.653683	18.802944	-0.019256	1.340135
116.564311	-0.461641	18.807949	-0.019041	1.340129
116.208767	-0.634893	18.812954	-0.018976	1.339849
115.479552	-0.526086	18.817959	-0.018841	1.339832
115.482786	-0.542206	18.822963	-0.018842	1.339813
114.015881	-0.552563	18.827968	-0.018572	1.339503
114.585089	-0.452533	18.832973	-0.018677	1.339739
113.833152	-0.694800	18.837978	-0.018538	1.339296
113.016312	-0.407918	18.842983	-0.018387	1.339474
113.017231	-0.641721	18.847987	-0.018387	1.339194
112.294229	-0.600638	18.852992	-0.018254	1.339097
110.748006	-0.294871	18.857997	-0.017969	1.339149
112.491327	-0.749762	18.863002	-0.018290	1.338958
110.139458	-0.417892	18.868007	-0.017857	1.338878
109.990874	-0.385920	18.873011	-0.017830	1.338887
109.927818	-0.558787	18.878016	-0.017818	1.338666
109.099736	-0.491032	18.883021	-0.017665	1.338580
109.297825	-0.640990	18.888026	-0.017702	1.338440
107.102561	-0.334908	18.893031	-0.017297	1.338362
109.268830	-0.618510	18.898035	-0.017696	1.338461
105.923863	-0.348044	18.903040	-0.017080	1.338107
107.117085	-0.429971	18.908045	-0.017300	1.338250
107.364451	-0.650569	18.913050	-0.017345	1.338036
105.656675	-0.578239	18.918055	-0.017031	1.337776
104.845435	-0.313293	18.923059	-0.016881	1.337929
104.900705	-0.545705	18.928064	-0.016891	1.337661
104.491004	-0.500003	18.933069	-0.016816	1.337633
104.241334	-0.593890	18.938074	-0.016770	1.337469
102.893301	-0.434498	18.943079	-0.016521	1.337387
103.125650	-0.472701	18.948083	-0.016564	1.337388
102.902316	-0.575761	18.953088	-0.016523	1.337219
100.946965	-0.362161	18.958093	-0.016163	1.337078
101.815342	-0.505375	18.963098	-0.016322	1.337083
101.475630	-0.495227	18.968103	-0.016260	1.337026
100.097822	-0.495207	18.973107	-0.016006	1.336746
99.745018	-0.439608	18.978112	-0.015941	1.336741
99.558730	-0.402433	18.983117	-0.015907	1.336748
99.570615	-0.622086	18.988122	-0.015909	1.336486
97.650902	-0.348665	18.993127	-0.015555	1.336424
98.584051	-0.499992	18.998131	-0.015727	1.336432
97.961574	-0.636028	19.003136	-0.015612	1.336142
96.005565	-0.228530	19.008141	-0.015252	1.336234
97.496675	-0.707218	19.013146	-0.015526	1.335962
95.129592	-0.412609	19.018151	-0.015090	1.335834
96.513872	-0.553646	19.023155	-0.015345	1.335946
93.980789	-0.335234	19.028160	-0.014878	1.335694
95.349937	-0.519834	19.033165	-0.015131	1.335750
94.114994	-0.533707	19.038170	-0.014903	1.335482
93.854087	-0.612516	19.043175	-0.014855	1.335334
91.993422	-0.240133	19.048179	-0.014512	1.335403
93.506985	-0.635569	19.053184	-0.014791	1.335236
91.410339	-0.328537	19.058189	-0.014405	1.335178
92.297214	-0.562736	19.063194	-0.014568	1.335077
91.018501	-0.518965	19.068199	-0.014332	1.334869
90.365251	-0.398875	19.073203	-0.014212	1.334881
90.288806	-0.392686	19.078208	-0.014198	1.334873
89.616612	-0.532098	19.083213	-0.014074	1.334568
89.350447	-0.506515	19.088218	-0.014025	1.334544
88.284723	-0.455565	19.093223	-0.013828	1.334389
88.289540	-0.325021	19.098227	-0.013829	1.334547
87.767093	-0.497549	19.103232	-0.013733	1.334233
87.164379	-0.388798	19.108237	-0.013622	1.334241
87.251017	-0.522528	19.113242	-0.013638	1.334097
85.575643	-0.393041	19.118247	-0.013329	1.333912
86.285764	-0.500325	19.123251	-0.013460	1.333927
84.603110	-0.458648	19.128256	-0.013150	1.333634
84.424518	-0.186541	19.133261	-0.013117	1.333925
85.283801	-0.575606	19.138266	-0.013275	1.333632
83.935569	-0.590659	19.143271	-0.013026	1.333339
81.820949	-0.128074	19.148275	-0.012637	1.333465
84.725097	-0.820658	19.153280	-0.013171	1.333223
80.582192	-0.134714	19.158285	-0.012409	1.333204
82.799981	-0.623818	19.163290	-0.012817	1.333067
81.444006	-0.465307	19.168295	-0.012567	1.332982
80.265832	-0.260892	19.173299	-0.012350	1.332988
81.610219	-0.757544	19.178304	-0.012597	1.332663
78.397637	-0.207654	19.183309	-0.012006	1.332671
79.915241	-0.460784	19.188314	-0.012285	1.332675
79.514633	-0.595940	19.193319	-0.012211	1.332430
77.499078	-0.255594	19.198323	-0.011840	1.332429
78.490140	-0.617090	19.203328	-0.012022	1.332196
76.658037	-0.192737	19.208333	-0.011685	1.332333
77.727106	-0.562438	19.213338	-0.011882	1.332106
76.920162	-0.549478	19.218343	-0.011733	1.331956
74.305092	-0.185684	19.223347	-0.011252	1.331861
77.307209	-0.758433	19.228352	-0.011804	1.331783
72.496154	-0.000082	19.233357	-0.010918	1.331716
76.104342	-0.638546	19.238362	-0.011582	1.331682
73.699694	-0.418596	19.243367	-0.011140	1.331456
73.311908	-0.346086	19.248371	-0.011068	1.331465
74.198504	-0.673648	19.253376	-0.011231	1.331250
70.511849	-0.034429	19.258381	-0.010552	1.331269
73.654542	-0.681822	19.263386	-0.011131	1.331129
70.974670	-0.478153	19.268391	-0.010637	1.330827
69.865123	-0.125386	19.273395	-0.010433	1.331026
72.506880	-0.775653	19.278400	-0.010919	1.330781
67.653414	-0.002678	19.283405	-0.010026	1.330722
70.817557	-0.538587	19.288410	-0.010608	1.330722
69.539139	-0.493931	19.293415	-0.010372	1.330515
68.281947	-0.278744	19.298419	-0.010141	1.330517
68.355942	-0.540533	19.303424	-0.010154	1.330216
66.326899	-0.059302	19.308429	-0.009781	1.330383
68.256529	-0.536301	19.313434	-0.010136	1.330201
67.531084	-0.661439	19.318439	-0.010002	1.329901
65.210586	-0.262385	19.323443	-0.009575	1.329909
66.068675	-0.559970	19.328448	-0.009733	1.329725
63.559536	-0.101509	19.333453	-0.009271	1.329765
65.994896	-0.551028	19.338458	-0.009719	1.329720
64.724619	-0.552151	19.343463	-0.009485	1.329459
61.979901	-0.205380	19.348467	-0.008979	1.329316
65.107493	-0.662970	19.353472	-0.009555	1.329403
60.541976	-0.162716	19.358477	-0.008714	1.329073
63.434343	-0.543499	19.363482	-0.009247	1.329205
61.436114	-0.424148	19.368487	-0.008879	1.328940
60.454716	-0.249110	19.373491	-0.008698	1.328951
61.764568	-0.502234	19.378496	-0.008939	1.328913
59.803205	-0.391641	19.383501	-0.008578	1.328645
59.324193	-0.313554	19.388506	-0.008490	1.328641
60.251483	-0.515898	19.393511	-0.008660	1.328586
58.059073	-0.365007	19.398515	-0.008256	1.328320
58.853710	-0.498288	19.403520	-0.008403	1.328321
57.068169	-0.197062	19.408525	-0.008074	1.328320
57.816553	-0.417688	19.413530	-0.008211	1.328206
57.402274	-0.528821	19.418535	-0.008135	1.327987
54.876556	-0.201695	19.423539	-0.007670	1.327865
57.501710	-0.621200	19.428544	-0.008153	1.327895
53.902954	-0.167410	19.433549	-0.007490	1.327707
55.003502	-0.353222	19.438554	-0.007693	1.327707
55.379984	-0.494569	19.443559	-0.007762	1.327613
52.613004	-0.147101	19.448563	-0.007253	1.327467
55.015280	-0.662297	19.453568	-0.007695	1.327335
51.747916	-0.283608	19.458573	-0.007093	1.327124
51.730821	-0.280324	19.463578	-0.007090	1.327124
53.000816	-0.476475	19.468583	-0.007324	1.327147
50.356793	-0.184695	19.473587	-0.006837	1.326958
52.739536	-0.576998	19.478592	-0.007275	1.326972
48.953156	-0.250470	19.483597	-0.006578	1.326590
50.864128	-0.472730	19.488602	-0.006930	1.326713
49.475857	-0.418255	19.493607	-0.006674	1.326494
48.619423	-0.447192	19.498611	-0.006516	1.326283
48.733458	-0.311119	19.503616	-0.006537	1.326471
47.262463	-0.386799	19.508621	-0.006266	1.326078
47.513099	-0.167023	19.513626	-0.006312	1.326395
47.754553	-0.576999	19.518631	-0.006356	1.325948
45.594660	-0.279314	19.523635	-0.005959	1.325865
45.768575	-0.141916	19.528640	-0.005991	1.326067
46.895985	-0.667941	19.533645	-0.006198	1.325661
43.694100	-0.031340	19.538650	-0.005609	1.325775
45.393976	-0.475109	19.543655	-0.005921	1.325586
44.512862	-0.431227	19.548659	-0.005759	1.325459
41.998395	-0.083723	19.553664	-0.005296	1.325363
44.987744	-0.680573	19.558669	-0.005846	1.325254
40.575730	-0.006435	19.563674	-0.005034	1.325165
43.970658	-0.674308	19.568679	-0.005659	1.325052
40.355366	-0.145026	19.573683	-0.004993	1.324951
40.873844	-0.238525	19.578688	-0.005088	1.324944
42.450791	-0.657461	19.583693	-0.005378	1.324760
38.130101	-0.026513	19.588698	-0.004583	1.324637
41.453686	-0.691166	19.593703	-0.005195	1.324514
37.633715	-0.110669	19.598707	-0.004491	1.324433
39.684856	-0.498957	19.603712	-0.004869	1.324383
38.707717	-0.484463	19.608717	-0.004689	1.324200
35.392501	-0.030335	19.613722	-0.004078	1.324069
39.345879	-0.599206	19.618727	-0.004806	1.324192
34.419316	-0.017290	19.623731	-0.003899	1.323885
38.297348	-0.576060	19.628736	-0.004613	1.324004
35.082968	-0.301100	19.633741	-0.004021	1.323677
34.623254	-0.220891	19.638746	-0.003936	1.323679
35.875638	-0.470756	19.643751	-0.004167	1.323633
32.634485	-0.120724	19.648755	-0.003570	1.323392
35.330745	-0.464097	19.653760	-0.004066	1.323529
32.792396	-0.408587	19.658765	-0.003599	1.323074
31.459826	-0.074725	19.663770	-0.003353	1.323205
34.779011	-0.647365	19.668775	-0.003964	1.323193
29.780113	-0.127518	19.673779	-0.003044	1.322795
31.969922	-0.319189	19.678784	-0.003447	1.323013
31.510158	-0.456067	19.683789	-0.003362	1.322752
29.375749	-0.280347	19.688794	-0.002969	1.322526
30.915375	-0.402221	19.693799	-0.003252	1.322695
28.583657	-0.359462	19.698803	-0.002823	1.322266
28.863925	-0.225199	19.703808	-0.002874	1.322487
28.683046	-0.427465	19.708813	-0.002841	1.322204
27.321399	-0.237152	19.713818	-0.002590	1.322155
27.943440	-0.335825	19.718823	-0.002705	1.322163
26.799287	-0.390761	19.723827	-0.002494	1.321860
25.711625	-0.199565	19.728832	-0.002293	1.321869
26.950069	-0.449617	19.733837	-0.002521	1.321820
24.804898	-0.324626	19.738842	-0.002126	1.321529
25.583400	-0.341908	19.743847	-0.002269	1.321669
23.768130	-0.365285	19.748851	-0.001935	1.321266
24.370759	-0.285686	19.753856	-0.002046	1.321487
23.571122	-0.372556	19.758861	-0.001899	1.321216
22.708585	-0.312759	19.763866	-0.001740	1.321111
22.435525	-0.191632	19.768871	-0.001689	1.321202
22.446963	-0.601660	19.773875	-0.001691	1.320705
20.207086	0.045100	19.778880	-0.001279	1.321030
22.193036	-0.580865	19.783885	-0.001644	1.320678
19.690675	-0.123584	19.788890	-0.001183	1.320718
19.867580	-0.266972	19.793895	-0.001216	1.320580
20.754919	-0.531854	19.798899	-0.001379	1.320441
17.635783	-0.028802	19.803904	-0.000805	1.320409
20.837799	-0.765989	19.808909	-0.001394	1.320172
15.721183	0.053172	19.813914	-0.000452	1.320114
18.831247	-0.467522	19.818919	-0.001025	1.320122
17.323363	-0.412730	19.823923	-0.000747	1.319877
14.415574	0.022000	19.828928	-0.000211	1.319806
19.050305	-0.756902	19.833933	-0.001064	1.319814
12.869741	0.021246	19.838938	0.000074	1.319486
17.256632	-0.542923	19.843943	-0.000734	1.319704
14.013115	-0.292003	19.848947	-0.000137	1.319340
13.205121	-0.162204	19.853952	0.000012	1.319331
14.965394	-0.489672	19.858957	-0.000312	1.319296
11.664517	-0.143053	19.863962	0.000296	1.319036
13.666940	-0.302981	19.868967	-0.000073	1.319255
12.755034	-0.542488	19.873971	0.000096	1.318774
10.493843	-0.212016	19.878976	0.000512	1.318710
11.883426	-0.250701	19.883981	0.000256	1.318950
10.441903	-0.420210	19.888986	0.000522	1.318445
10.155911	-0.165792	19.893991	0.000574	1.318696
9.788444	-0.343911	19.898995	0.000642	1.318402
9.357653	-0.282519	19.904000	0.000722	1.318388
9.243009	-0.307804	19.909005	0.000743	1.318334
7.517772	-0.382420	19.914010	0.001061	1.317886
7.937100	-0.157223	19.919015	0.000983	1.318247
7.347752	-0.407249	19.924019	0.001092	1.317820
6.331216	-0.275378	19.929024	0.001279	1.317770
6.100018	-0.093688	19.934029	0.001322	1.317944
6.921143	-0.542355	19.939034	0.001171	1.317566
4.892216	-0.114266	19.944039	0.001545	1.317669
4.927490	-0.424441	19.949043	0.001538	1.317298
4.119491	-0.114895	19.954048	0.001687	1.317508
3.813145	-0.309259	19.959053	0.001744	1.317207
4.035536	-0.469810	19.964058	0.001703	1.317057
1.046713	0.082992	19.969063	0.002253	1.317113
4.361247	-0.574053	19.974067	0.001643	1.316997
0.996383	-0.097821	19.979072	0.002263	1.316882
1.864771	-0.403846	19.984077	0.002103	1.316688
0.686738	-0.295895	19.989082	0.002320	1.316576
