Fri Mar 06 11:35:12 2026

Number of Points = 3605
Depth (nm)	Load (µN)	Time (s)	Depth (V)	Load (V)
0.269631	0.820841	0.000000	0.000377	1.054662

0.168459	0.651767	0.005005	0.000395	1.054395
0.019394	0.689027	0.010010	0.000422	1.054367
0.163965	0.550890	0.015014	0.000396	1.054264
-0.136612	0.493643	0.020019	0.000449	1.054038
0.054661	0.370855	0.025024	0.000415	1.053979
-0.089522	0.229937	0.030029	0.000441	1.053725
-0.258716	0.199638	0.035034	0.000471	1.053601
-0.089527	-0.007530	0.040038	0.000441	1.053422
-0.462905	-0.048041	0.045043	0.000507	1.053180
-0.468967	-0.134523	0.050048	0.000508	1.053066
-0.880120	-0.147454	0.055053	0.000582	1.052841
-0.838811	-0.276924	0.060058	0.000574	1.052696
-0.708096	-0.491625	0.065062	0.000551	1.052488
-1.345117	-0.450586	0.070067	0.000665	1.052216
-1.180822	-0.540596	0.075072	0.000635	1.052185
-1.343042	-0.695471	0.080077	0.000664	1.051904
-1.421803	-0.764303	0.085082	0.000678	1.051775
-1.247636	-1.017435	0.090086	0.000647	1.051540
-1.838366	-0.996551	0.095091	0.000752	1.051265
-1.732471	-1.121261	0.100096	0.000733	1.051160
-1.998289	-1.175981	0.105101	0.000781	1.050954
-2.396822	-1.135205	0.110106	0.000852	1.050803
-1.904675	-1.446227	0.115110	0.000764	1.050656
-2.333472	-1.532583	0.120115	0.000840	1.050326
-2.331843	-1.626679	0.125120	0.000840	1.050206
-2.685487	-1.628816	0.130125	0.000903	1.050023
-3.212513	-1.510817	0.135130	0.000997	1.049906
-3.226746	-1.662079	0.140134	0.001000	1.049704
-3.594787	-1.517982	0.145139	0.001065	1.049702
-3.540449	-1.534385	0.150144	0.001056	1.049709
-3.484716	-1.776280	0.155149	0.001046	1.049426
-4.189637	-1.518559	0.160154	0.001172	1.049398
-3.826619	-1.662194	0.165158	0.001107	1.049399
-4.160192	-1.653806	0.170163	0.001166	1.049239
-4.895474	-1.288773	0.175168	0.001297	1.049333
-4.086630	-1.771936	0.180173	0.001153	1.049126
-4.918080	-1.477217	0.185178	0.001301	1.049080
-4.723611	-1.558656	0.190182	0.001266	1.049075
-4.335685	-1.742179	0.195187	0.001197	1.049037
-5.648624	-1.367054	0.200192	0.001432	1.048848
-4.361487	-1.859531	0.205197	0.001201	1.048874
-5.816964	-1.359369	0.210202	0.001462	1.048773
-5.168538	-1.628020	0.215206	0.001345	1.048759
-4.906968	-1.871178	0.220211	0.001299	1.048581
-6.100814	-1.339155	0.225216	0.001512	1.048654
-5.703579	-1.655433	0.230221	0.001441	1.048451
-6.052447	-1.513191	0.235226	0.001503	1.048456
-6.126942	-1.483502	0.240230	0.001516	1.048456
-5.622943	-1.684871	0.245235	0.001426	1.048456
-6.537807	-1.441944	0.250240	0.001590	1.048300
-5.320150	-1.938212	0.255245	0.001372	1.048285
-6.665377	-1.463601	0.260250	0.001612	1.048207
-6.391537	-1.647732	0.265254	0.001563	1.048111
-6.782655	-1.678953	0.270259	0.001633	1.047871
-7.786011	-1.240015	0.275264	0.001812	1.047922
-5.845846	-2.021557	0.280269	0.001465	1.047910
-7.116704	-1.732486	0.285274	0.001692	1.047632
-7.078515	-1.694606	0.290278	0.001685	1.047700
-7.074897	-1.800458	0.295283	0.001685	1.047566
-7.783075	-1.520349	0.300288	0.001811	1.047564
-7.029667	-1.899780	0.305293	0.001676	1.047462
-8.735289	-1.383655	0.310298	0.001981	1.047253
-7.815328	-1.523539	0.315302	0.001817	1.047545
-7.677371	-1.814453	0.320307	0.001792	1.047241
-8.797089	-1.359760	0.325312	0.001992	1.047253
-7.625744	-1.839130	0.330317	0.001783	1.047236
-8.780046	-1.534744	0.335322	0.001989	1.047037
-8.802698	-1.364400	0.340326	0.001993	1.047245
-8.448440	-1.608802	0.345331	0.001929	1.047112
-9.491332	-1.183765	0.350336	0.002116	1.047126
-8.339041	-1.714420	0.355341	0.001910	1.047033
-9.013059	-1.525644	0.360346	0.002030	1.046931
-9.379021	-1.376173	0.365350	0.002095	1.046936
-8.303369	-1.959574	0.370355	0.001903	1.046736
-10.260305	-1.274979	0.375360	0.002253	1.046615
-9.117809	-1.601160	0.380365	0.002048	1.046781
-9.897833	-1.422545	0.385370	0.002188	1.046612
-9.866144	-1.438129	0.390374	0.002182	1.046608
-8.966854	-1.908950	0.395379	0.002021	1.046463
-11.033319	-1.171842	0.400384	0.002390	1.046353
-9.840056	-1.559421	0.405389	0.002177	1.046466
-10.441786	-1.448431	0.410394	0.002284	1.046301
-10.792441	-1.304200	0.415398	0.002347	1.046307
-9.581569	-1.796645	0.420403	0.002130	1.046294
-11.560099	-1.161962	0.425408	0.002484	1.046097
-10.019652	-1.677967	0.430413	0.002209	1.046223
-10.669565	-1.604759	0.435418	0.002325	1.045984
-11.200667	-1.385222	0.440422	0.002420	1.045995
-10.332937	-1.860544	0.445427	0.002264	1.045827
-11.614743	-1.450626	0.450432	0.002493	1.045698
-11.291804	-1.586026	0.455437	0.002436	1.045690
-11.347584	-1.566804	0.460442	0.002445	1.045686
-12.020645	-1.294833	0.465446	0.002566	1.045692
-10.938012	-1.930907	0.470451	0.002372	1.045427
-12.101496	-1.519113	0.475456	0.002580	1.045361
-12.154324	-1.500158	0.480461	0.002589	1.045359
-12.034484	-1.710400	0.485466	0.002568	1.045150
-12.798312	-1.273313	0.490470	0.002704	1.045322
-12.037559	-1.725998	0.495475	0.002568	1.045128
-12.578072	-1.563335	0.500480	0.002665	1.045061
-12.773778	-1.493571	0.505485	0.002700	1.045051
-12.489658	-1.601799	0.510490	0.002649	1.045058
-13.254780	-1.303102	0.515494	0.002785	1.045050
-12.303788	-1.849576	0.520499	0.002615	1.044834
-13.753887	-1.345441	0.525504	0.002874	1.044740
-13.421946	-1.482972	0.530509	0.002815	1.044733
-12.687949	-1.860053	0.535514	0.002684	1.044624
-14.199139	-1.243935	0.540518	0.002954	1.044643
-13.287470	-1.725292	0.545523	0.002791	1.044490
-13.932681	-1.513740	0.550528	0.002906	1.044432
-14.025010	-1.480513	0.555533	0.002922	1.044428
-13.312404	-1.880163	0.560538	0.002795	1.044278
-15.057476	-1.135645	0.565542	0.003107	1.044343
-13.918811	-1.656815	0.570547	0.002903	1.044256
-14.542076	-1.522817	0.575552	0.003014	1.044109
-14.975262	-1.358662	0.580557	0.003092	1.044098
-13.752458	-1.841696	0.585562	0.002873	1.044103
-15.226467	-1.344030	0.590566	0.003136	1.043989
-14.197076	-1.754992	0.595571	0.002952	1.043987
-15.402038	-1.420511	0.600576	0.003168	1.043800
-15.555413	-1.360695	0.605581	0.003195	1.043799
-14.490112	-1.811725	0.610586	0.003004	1.043764
-16.148513	-1.255971	0.615590	0.003301	1.043630
-14.734882	-1.840785	0.620595	0.003048	1.043601
-15.687883	-1.546768	0.625600	0.003218	1.043491
-16.230564	-1.335048	0.630605	0.003315	1.043486
-15.365400	-1.734491	0.635610	0.003160	1.043415
-16.780729	-1.193609	0.640614	0.003413	1.043387
-15.623817	-1.690202	0.645619	0.003206	1.043340
-16.066268	-1.571336	0.650624	0.003285	1.043266
-16.604399	-1.359613	0.655629	0.003381	1.043264
-15.860242	-1.844441	0.660634	0.003248	1.043020
-17.150505	-1.398903	0.665638	0.003479	1.042932
-16.707021	-1.577689	0.670643	0.003400	1.042930
-17.082492	-1.427436	0.675648	0.003467	1.042931
-17.563197	-1.241396	0.680653	0.003552	1.042924
-16.355240	-1.756789	0.685658	0.003336	1.042880
-17.826927	-1.372468	0.690662	0.003599	1.042620
-16.869704	-1.755581	0.695667	0.003428	1.042617
-17.144844	-1.713016	0.700672	0.003477	1.042531
-18.312607	-1.219128	0.705677	0.003686	1.042569
-16.842353	-1.948972	0.710682	0.003423	1.042382
-18.303155	-1.428455	0.715686	0.003684	1.042303
-18.511343	-1.351460	0.720691	0.003721	1.042296
-17.871932	-1.605329	0.725696	0.003607	1.042297
-18.704961	-1.280756	0.730701	0.003756	1.042288
-17.317562	-1.994105	0.735706	0.003507	1.042080
-19.022958	-1.387126	0.740710	0.003812	1.041987
-18.953301	-1.415520	0.745715	0.003800	1.041987
-18.469428	-1.602975	0.750720	0.003713	1.041994
-19.337539	-1.266120	0.755725	0.003868	1.041983
-18.700470	-1.709189	0.760730	0.003754	1.041738
-19.652552	-1.388300	0.765734	0.003924	1.041663
-19.601606	-1.312151	0.770739	0.003915	1.041788
-19.113394	-1.595664	0.775744	0.003828	1.041673
-19.612820	-1.400952	0.780749	0.003917	1.041668
-19.155514	-1.644632	0.785754	0.003835	1.041588
-20.506237	-1.283827	0.790758	0.004076	1.041360
-19.757020	-1.474344	0.795763	0.003942	1.041499
-19.766504	-1.579874	0.800768	0.003944	1.041358
-20.499103	-1.293201	0.805773	0.004075	1.041352
-19.389923	-1.828269	0.810778	0.003876	1.041231
-20.671767	-1.461640	0.815782	0.004106	1.041045
-20.980090	-1.348513	0.820787	0.004161	1.041033
-20.197743	-1.644899	0.825792	0.004021	1.041053
-21.316612	-1.209847	0.830797	0.004221	1.041040
-20.462664	-1.652762	0.835802	0.004068	1.040907
-21.467712	-1.372772	0.840806	0.004247	1.040751
-21.451304	-1.384548	0.845811	0.004244	1.040745
-21.171464	-1.488772	0.850816	0.004194	1.040754
-22.165517	-1.097248	0.855821	0.004372	1.040749
-21.241562	-1.461496	0.860826	0.004206	1.040754
-21.448082	-1.381660	0.865830	0.004243	1.040752
-22.140996	-1.308957	0.870835	0.004367	1.040488
-21.136540	-1.733766	0.875840	0.004187	1.040456
-22.543556	-1.203623	0.880845	0.004439	1.040418
-21.813059	-1.488656	0.885850	0.004308	1.040426
-22.740283	-1.340488	0.890854	0.004474	1.040139
-22.153076	-1.443518	0.895859	0.004369	1.040309
-22.552618	-1.432040	0.900864	0.004440	1.040118
-23.104882	-1.216997	0.905869	0.004539	1.040112
-22.257010	-1.554406	0.910874	0.004387	1.040113
-23.316185	-1.351541	0.915878	0.004576	1.039829
-22.682926	-1.483648	0.920883	0.004463	1.039985
-22.767232	-1.596324	0.925888	0.004478	1.039796
-23.886156	-1.161149	0.930893	0.004678	1.039783
-23.261427	-1.406263	0.935898	0.004566	1.039788
-23.886220	-1.364070	0.940902	0.004678	1.039520
-23.547426	-1.382021	0.945907	0.004617	1.039672
-23.375572	-1.594443	0.950912	0.004586	1.039485
-24.373250	-1.272899	0.955917	0.004765	1.039388
-23.703391	-1.481836	0.960922	0.004645	1.039463
-24.444911	-1.421289	0.965926	0.004777	1.039158
-24.158689	-1.532640	0.970931	0.004726	1.039162
-23.518659	-1.844833	0.975936	0.004611	1.039088
-25.751610	-1.043112	0.980941	0.005011	1.038975
-24.440617	-1.469662	0.985946	0.004776	1.039099
-24.864726	-1.486054	0.990950	0.004852	1.038859
-25.077227	-1.407309	0.995955	0.004890	1.038851
-24.844261	-1.495582	1.000960	0.004848	1.038858

-25.043653	-1.453223	1.010957	0.004883	1.038810
-24.868922	-1.484184	1.020954	0.004852	1.038861
-24.985333	-1.501673	1.030950	0.004872	1.038779
-25.254296	-1.376598	1.040947	0.004920	1.038803
-24.728893	-1.544433	1.050944	0.004826	1.038857
-24.783075	-1.519820	1.060941	0.004836	1.038862
-24.930150	-1.470021	1.070938	0.004862	1.038851
-25.007163	-1.376122	1.080934	0.004875	1.038934
-24.575386	-1.503435	1.090931	0.004798	1.038992
-24.697506	-1.491417	1.100928	0.004819	1.038945
-24.430125	-1.500124	1.110925	0.004771	1.039073
-24.462110	-1.442299	1.120922	0.004777	1.039132
-24.445771	-1.508494	1.130918	0.004774	1.039055
-24.404401	-1.485462	1.140915	0.004766	1.039107
-24.154653	-1.548796	1.150912	0.004721	1.039155
-24.444516	-1.433625	1.160909	0.004773	1.039155
-24.156617	-1.422982	1.170906	0.004721	1.039319
-24.317899	-1.460181	1.180902	0.004750	1.039188
-24.286343	-1.318081	1.190899	0.004744	1.039389
-23.673132	-1.489483	1.200896	0.004634	1.039484
-23.689363	-1.608139	1.210893	0.004637	1.039322
-23.810517	-1.447299	1.220890	0.004658	1.039469
-23.672202	-1.612243	1.230886	0.004633	1.039327
-24.013157	-1.382992	1.240883	0.004694	1.039449
-23.281810	-1.645881	1.250880	0.004563	1.039487
-23.627344	-1.596766	1.260877	0.004624	1.039372
-24.039450	-1.346112	1.270874	0.004698	1.039486
-23.561655	-1.424189	1.280870	0.004612	1.039632
-23.512091	-1.413482	1.290867	0.004603	1.039672
-23.415328	-1.413796	1.300864	0.004585	1.039722
-22.861523	-1.603782	1.310861	0.004486	1.039762
-23.476834	-1.388454	1.320858	0.004596	1.039725
-22.977702	-1.539102	1.330854	0.004507	1.039788
-23.090395	-1.554822	1.340851	0.004526	1.039710
-23.383833	-1.383397	1.350848	0.004579	1.039781
-22.921509	-1.462081	1.360845	0.004496	1.039919
-23.000699	-1.459660	1.370842	0.004510	1.039881
-23.153736	-1.331163	1.380838	0.004537	1.039970
-22.425153	-1.515739	1.390835	0.004406	1.040107
-22.678874	-1.543382	1.400832	0.004451	1.039941
-22.777591	-1.379842	1.410829	0.004469	1.040103
-22.467384	-1.505133	1.420826	0.004413	1.040101
-22.700822	-1.409474	1.430822	0.004455	1.040105
-22.410278	-1.524409	1.440819	0.004403	1.040107
-22.462171	-1.501187	1.450816	0.004412	1.040111
-22.370678	-1.525579	1.460813	0.004395	1.040127
-22.518100	-1.389244	1.470810	0.004421	1.040229
-22.498165	-1.252897	1.480806	0.004417	1.040417
-22.021131	-1.445366	1.490803	0.004332	1.040414
-22.519260	-1.223641	1.500800	0.004421	1.040445
-21.830643	-1.477189	1.510797	0.004297	1.040472
-21.981267	-1.364554	1.520794	0.004324	1.040541
-22.264052	-1.176664	1.530790	0.004374	1.040640
-21.448556	-1.467027	1.540787	0.004228	1.040685
-21.657459	-1.507042	1.550784	0.004265	1.040525
-21.868500	-1.268421	1.560781	0.004303	1.040727
-21.618153	-1.357594	1.570778	0.004258	1.040741
-21.727226	-1.312878	1.580774	0.004277	1.040743
-21.448008	-1.423482	1.590771	0.004227	1.040745
-21.620919	-1.350286	1.600768	0.004258	1.040751
-21.346813	-1.374860	1.610765	0.004208	1.040861
-21.639889	-1.190384	1.620762	0.004261	1.040950
-21.408919	-1.305649	1.630758	0.004219	1.040920
-21.110137	-1.330265	1.640755	0.004165	1.041043
-20.889118	-1.418910	1.650752	0.004126	1.041043
-21.117649	-1.325687	1.660749	0.004166	1.041046
-21.118912	-1.334606	1.670746	0.004166	1.041035
-21.120033	-1.333095	1.680742	0.004166	1.041037
-20.702061	-1.495545	1.690739	0.004091	1.041043
-20.928239	-1.414830	1.700736	0.004131	1.041031
-20.925645	-1.261759	1.710733	0.004131	1.041232
-20.782080	-1.341761	1.720730	0.004105	1.041203
-20.740334	-1.354838	1.730726	0.004097	1.041208
-20.520335	-1.374174	1.740723	0.004058	1.041297
-20.440209	-1.359842	1.750720	0.004043	1.041358
-20.479230	-1.345538	1.760717	0.004050	1.041357
-20.705449	-1.254984	1.770714	0.004090	1.041358
-20.450936	-1.360274	1.780710	0.004044	1.041353
-20.383398	-1.306381	1.790707	0.004032	1.041459
-19.862479	-1.438162	1.800704	0.003939	1.041557
-20.352344	-1.253778	1.810701	0.004026	1.041544
-20.379699	-1.151552	1.820698	0.004031	1.041663
-19.871784	-1.434456	1.830694	0.003940	1.041559
-19.761410	-1.401454	1.840691	0.003920	1.041660
-19.967703	-1.313705	1.850688	0.003956	1.041668
-20.236610	-1.160690	1.860685	0.004004	1.041728
-19.772293	-1.391512	1.870682	0.003921	1.041669
-19.563895	-1.437016	1.880678	0.003883	1.041718
-19.583851	-1.408828	1.890675	0.003887	1.041745
-19.782771	-1.264784	1.900672	0.003922	1.041830
-19.273344	-1.433702	1.910669	0.003831	1.041874
-19.524153	-1.428483	1.920666	0.003875	1.041752
-19.761906	-1.252999	1.930662	0.003918	1.041858
-19.374699	-1.300223	1.940659	0.003848	1.041997
-19.147245	-1.385935	1.950656	0.003807	1.042004
-19.411166	-1.199174	1.960653	0.003854	1.042110
-19.172802	-1.383284	1.970650	0.003811	1.041995
-18.975994	-1.378188	1.980646	0.003776	1.042104
-18.897006	-1.389007	1.990643	0.003762	1.042131
-18.802059	-1.428200	2.000640	0.003744	1.042130
-18.976204	-1.464315	2.010637	0.003775	1.041994
-18.798551	-1.537508	2.020634	0.003743	1.041992
-18.427193	-1.605497	2.030630	0.003677	1.042096
-18.814046	-1.529509	2.040627	0.003746	1.041995
-18.808592	-1.387924	2.050624	0.003744	1.042182
-18.727244	-1.412050	2.060621	0.003730	1.042193
-18.419983	-1.568380	2.070618	0.003674	1.042150
-18.321545	-1.576861	2.080614	0.003657	1.042190
-18.657940	-1.360156	2.090611	0.003716	1.042298
-18.257012	-1.515445	2.100608	0.003645	1.042304
-18.323624	-1.491489	2.110605	0.003656	1.042302
-18.037874	-1.605709	2.120602	0.003605	1.042302
-18.233225	-1.529192	2.130598	0.003640	1.042301
-18.106729	-1.488302	2.140595	0.003617	1.042420
-18.383852	-1.361138	2.150592	0.003666	1.042442
-18.190115	-1.361421	2.160589	0.003631	1.042542
-17.560922	-1.552071	2.170586	0.003518	1.042620
-17.441991	-1.658878	2.180582	0.003497	1.042544
-18.074747	-1.394653	2.190579	0.003610	1.042561
-18.128634	-1.330007	2.200576	0.003619	1.042617
-17.553561	-1.556585	2.210573	0.003516	1.042621
-17.541447	-1.560822	2.220570	0.003514	1.042622
-17.516051	-1.450386	2.230566	0.003509	1.042779
-17.649828	-1.311128	2.240563	0.003533	1.042891
-17.182725	-1.583011	2.250560	0.003449	1.042780
-17.389752	-1.609916	2.260557	0.003486	1.042639
-17.273777	-1.536309	2.270554	0.003465	1.042795
-16.988347	-1.546784	2.280550	0.003414	1.042929
-17.221314	-1.501011	2.290547	0.003455	1.042869
-17.595477	-1.379845	2.300544	0.003522	1.042834
-16.922385	-1.564273	2.310541	0.003401	1.042942
-16.596560	-1.697154	2.320538	0.003343	1.042939
-17.060331	-1.461045	2.330534	0.003425	1.043006
-17.044069	-1.362692	2.340531	0.003422	1.043143
-16.846717	-1.535461	2.350528	0.003387	1.043021
-16.633995	-1.581541	2.360525	0.003348	1.043072
-16.431762	-1.601098	2.370522	0.003312	1.043151
-16.730365	-1.403706	2.380518	0.003365	1.043254
-16.558337	-1.463423	2.390515	0.003334	1.043266
-16.555508	-1.563928	2.400512	0.003333	1.043138
-16.323305	-1.551433	2.410509	0.003292	1.043274
-16.312214	-1.563899	2.420506	0.003289	1.043264
-16.367033	-1.501569	2.430502	0.003299	1.043317
-16.504664	-1.409304	2.440499	0.003323	1.043367
-16.006718	-1.659610	2.450496	0.003234	1.043300
-16.172365	-1.499892	2.460493	0.003263	1.043422
-15.781007	-1.601513	2.470490	0.003193	1.043492
-16.178709	-1.457166	2.480486	0.003264	1.043475
-16.146273	-1.459519	2.490483	0.003258	1.043489
-16.011037	-1.513595	2.500480	0.003234	1.043490
-15.579280	-1.575576	2.510477	0.003156	1.043632
-15.480568	-1.655542	2.520474	0.003138	1.043580
-15.964162	-1.378099	2.530470	0.003225	1.043691
-15.699373	-1.458286	2.540467	0.003177	1.043724
-15.625953	-1.498338	2.550464	0.003164	1.043711
-14.783321	-1.821038	2.560461	0.003013	1.043728
-15.707213	-1.444283	2.570458	0.003178	1.043740
-15.824653	-1.344746	2.580454	0.003199	1.043809
-15.041089	-1.663098	2.590451	0.003058	1.043801
-15.032759	-1.660266	2.600448	0.003056	1.043810
-15.358480	-1.531697	2.610445	0.003114	1.043809
-14.912772	-1.572775	2.620442	0.003035	1.043986
-15.262945	-1.420875	2.630438	0.003097	1.044003
-15.318918	-1.407506	2.640435	0.003107	1.043992
-14.522120	-1.629681	2.650432	0.002964	1.044115
-14.666070	-1.576287	2.660429	0.002989	1.044111
-14.981208	-1.449331	2.670426	0.003046	1.044114
-15.178200	-1.322473	2.680422	0.003081	1.044177
-14.575084	-1.583043	2.690419	0.002973	1.044151
-14.355254	-1.615517	2.700416	0.002933	1.044223
-14.457047	-1.505008	2.710413	0.002951	1.044314
-14.552375	-1.427062	2.720410	0.002968	1.044366
-14.381089	-1.527469	2.730406	0.002937	1.044325
-14.474940	-1.565907	2.740403	0.002953	1.044228
-14.080366	-1.566861	2.750400	0.002883	1.044430
-14.143904	-1.540326	2.760397	0.002894	1.044432
-13.986189	-1.600683	2.770394	0.002865	1.044436
-14.259729	-1.616063	2.780390	0.002914	1.044276
-14.104541	-1.555801	2.790387	0.002886	1.044435
-13.976607	-1.615677	2.800384	0.002863	1.044424
-13.745446	-1.633289	2.810381	0.002821	1.044520
-14.301614	-1.375647	2.820378	0.002921	1.044568
-13.625844	-1.563330	2.830374	0.002800	1.044674
-13.623336	-1.734309	2.840371	0.002799	1.044455
-13.762364	-1.530698	2.850368	0.002824	1.044647
-13.548402	-1.539997	2.860365	0.002785	1.044746
-13.589711	-1.530776	2.870362	0.002792	1.044737
-13.258076	-1.663361	2.880358	0.002733	1.044737
-13.505143	-1.563132	2.890355	0.002777	1.044740
-13.298917	-1.645270	2.900352	0.002739	1.044740
-13.154926	-1.703854	2.910349	0.002713	1.044739
-13.285475	-1.654042	2.920346	0.002737	1.044737
-13.381359	-1.617782	2.930342	0.002754	1.044735
-13.120426	-1.665487	2.940339	0.002707	1.044809
-12.799659	-1.768578	2.950336	0.002649	1.044841
-13.048151	-1.584285	2.960333	0.002693	1.044952
-13.137840	-1.471100	2.970330	0.002709	1.045053
-12.921522	-1.559431	2.980326	0.002670	1.045050
-12.713765	-1.640180	2.990323	0.002633	1.045054
-12.866617	-1.494289	3.000320	0.002660	1.045164
-12.912535	-1.400562	3.010317	0.002668	1.045262
-12.494668	-1.552445	3.020314	0.002593	1.045281
-12.382720	-1.599065	3.030310	0.002573	1.045279
-12.653913	-1.486453	3.040307	0.002621	1.045286
-12.392031	-1.533594	3.050304	0.002574	1.045360
-12.473641	-1.499504	3.060301	0.002588	1.045363
-12.307843	-1.565493	3.070298	0.002558	1.045364
-12.329306	-1.526098	3.080294	0.002562	1.045404
-12.081225	-1.478559	3.090291	0.002517	1.045594
-11.786947	-1.568482	3.100288	0.002464	1.045629
-12.140673	-1.545633	3.110285	0.002528	1.045478
-11.934369	-1.572827	3.120282	0.002490	1.045549
-11.724636	-1.714781	3.130278	0.002453	1.045474
-11.883770	-1.500417	3.140275	0.002481	1.045670
-11.576204	-1.614275	3.150272	0.002426	1.045682
-11.834159	-1.576805	3.160269	0.002472	1.045598
-11.698512	-1.591318	3.170266	0.002447	1.045650
-11.380011	-1.767231	3.180262	0.002390	1.045587
-11.706379	-1.553526	3.190259	0.002448	1.045696
-11.734050	-1.548649	3.200256	0.002453	1.045689
-11.367146	-1.623018	3.210253	0.002387	1.045782
-11.601589	-1.441756	3.220250	0.002429	1.045896
-11.268749	-1.564819	3.230246	0.002369	1.045909
-11.165587	-1.541862	3.240243	0.002350	1.045992
-11.121024	-1.560337	3.250240	0.002342	1.045992
-11.138602	-1.559054	3.260237	0.002345	1.045985
-11.274859	-1.498859	3.270234	0.002369	1.045993
-11.047050	-1.472608	3.280230	0.002328	1.046145
-10.499071	-1.718464	3.290227	0.002230	1.046109
-10.682497	-1.665731	3.300224	0.002262	1.046084
-11.239067	-1.410736	3.310221	0.002362	1.046128
-10.888705	-1.472794	3.320218	0.002299	1.046228
-10.328690	-1.637164	3.330214	0.002198	1.046304
-10.584541	-1.536837	3.340211	0.002244	1.046303
-10.549605	-1.554692	3.350208	0.002237	1.046299
-10.512139	-1.569071	3.360205	0.002231	1.046300
-10.545322	-1.553280	3.370202	0.002236	1.046304
-10.548609	-1.456978	3.380198	0.002237	1.046427
-9.861410	-1.630606	3.390195	0.002113	1.046556
-10.338189	-1.530008	3.400192	0.002198	1.046442
-10.241954	-1.517046	3.410189	0.002181	1.046509
-10.190003	-1.531673	3.420186	0.002172	1.046517
-9.904251	-1.575990	3.430182	0.002120	1.046607
-9.899616	-1.581791	3.440179	0.002119	1.046603
-10.145584	-1.483822	3.450176	0.002163	1.046604
-9.749499	-1.515597	3.460173	0.002092	1.046767
-10.098338	-1.474712	3.470170	0.002154	1.046641
-9.362241	-1.711415	3.480166	0.002022	1.046714
-9.619602	-1.535444	3.490163	0.002068	1.046810
-9.597986	-1.563945	3.500160	0.002064	1.046785
-9.649847	-1.527263	3.510157	0.002073	1.046806
-9.174707	-1.704443	3.520154	0.001988	1.046822
-9.380854	-1.647476	3.530150	0.002024	1.046790
-9.130882	-1.786353	3.540147	0.001979	1.046740
-9.174196	-1.877089	3.550144	0.001987	1.046601
-9.473639	-1.581087	3.560141	0.002040	1.046830
-9.127628	-1.732594	3.570138	0.001978	1.046813
-8.740531	-1.989920	3.580134	0.001909	1.046680
-9.033520	-1.750307	3.590131	0.001961	1.046840
-8.978773	-1.697900	3.600128	0.001951	1.046936
-8.997719	-1.778710	3.610125	0.001954	1.046823
-9.099792	-1.649298	3.620122	0.001972	1.046938
-8.822190	-1.690340	3.630118	0.001922	1.047028
-8.693472	-1.599246	3.640115	0.001899	1.047212
-8.985550	-1.496519	3.650112	0.001951	1.047195
-8.663660	-1.584517	3.660109	0.001893	1.047248
-8.223224	-1.765528	3.670106	0.001814	1.047241
-8.309495	-1.730068	3.680102	0.001829	1.047243
-8.285396	-1.743130	3.690099	0.001825	1.047239
-8.499722	-1.653386	3.700096	0.001863	1.047245
-8.420543	-1.689635	3.710093	0.001848	1.047240
-7.977306	-1.859753	3.720090	0.001769	1.047249
-8.165278	-1.755446	3.730086	0.001802	1.047287
-8.190676	-1.667902	3.740083	0.001807	1.047388
-8.519413	-1.435886	3.750080	0.001865	1.047519
-7.803615	-1.685320	3.760077	0.001737	1.047565
-7.553297	-1.786080	3.770074	0.001692	1.047564
-7.884190	-1.657542	3.780070	0.001751	1.047561
-7.905498	-1.645077	3.790067	0.001754	1.047567
-7.694040	-1.728677	3.800064	0.001716	1.047568
-7.443315	-1.831116	3.810061	0.001671	1.047565
-7.419607	-1.840322	3.820058	0.001667	1.047566
-7.769835	-1.681341	3.830054	0.001729	1.047592
-7.368619	-1.777460	3.840051	0.001657	1.047674
-7.856446	-1.610998	3.850048	0.001744	1.047639
-7.098670	-1.841570	3.860045	0.001609	1.047731
-7.161530	-1.829137	3.870042	0.001620	1.047716
-6.857438	-1.869614	3.880038	0.001565	1.047820
-7.197126	-1.823078	3.890035	0.001625	1.047707
-7.591515	-1.595858	3.900032	0.001696	1.047798
-6.698228	-1.893621	3.910029	0.001536	1.047873
-6.599107	-1.986718	3.920026	0.001518	1.047804
-7.225600	-1.708233	3.930022	0.001630	1.047843
-7.180950	-1.697187	3.940019	0.001621	1.047880
-6.873981	-1.804281	3.950016	0.001566	1.047900
-6.559751	-1.891503	3.960013	0.001510	1.047950
-6.500860	-1.788882	3.970010	0.001499	1.048113
-6.525363	-1.740240	3.980006	0.001503	1.048163
-6.582179	-1.776411	3.990003	0.001513	1.048088
-6.754038	-1.731605	4.000000	0.001544	1.048059
-6.018450	-1.909847	4.009997	0.001412	1.048207
-6.179441	-1.843689	4.019994	0.001440	1.048210
-6.398346	-1.764750	4.029990	0.001479	1.048200
-6.478203	-1.723100	4.039987	0.001493	1.048213
-6.378242	-1.768166	4.049984	0.001475	1.048207
-6.017247	-1.795175	4.059981	0.001411	1.048358
-5.888342	-1.770150	4.069978	0.001387	1.048457
-6.282318	-1.655020	4.079974	0.001458	1.048404
-6.382583	-1.516837	4.089971	0.001475	1.048531
-5.511680	-1.883432	4.099968	0.001319	1.048506
-5.705918	-1.749575	4.109965	0.001354	1.048579
-5.711233	-1.759622	4.119962	0.001354	1.048564
-5.655751	-1.690430	4.129958	0.001344	1.048682
-5.683503	-1.700237	4.139955	0.001349	1.048656
-5.542789	-1.791034	4.149952	0.001324	1.048612
-5.115737	-1.842996	4.159949	0.001247	1.048765
-5.158467	-1.841562	4.169946	0.001254	1.048745
-5.850511	-1.603369	4.179942	0.001378	1.048698
-5.348916	-1.747240	4.189939	0.001288	1.048770
-4.992986	-1.888978	4.199936	0.001224	1.048771
-5.135437	-1.765503	4.209933	0.001249	1.048857
-4.992495	-1.842493	4.219930	0.001224	1.048832
-5.227733	-1.662843	4.229926	0.001265	1.048943
-5.112158	-1.800142	4.239923	0.001245	1.048827
-4.419395	-2.055350	4.249920	0.001120	1.048854
-4.856550	-1.836195	4.259917	0.001198	1.048912
-4.710612	-1.831268	4.269914	0.001172	1.048994
-4.939902	-1.763456	4.279910	0.001213	1.048965
-4.709242	-1.831419	4.289907	0.001171	1.048996
-4.615845	-1.806740	4.299904	0.001154	1.049076
-4.543791	-1.780734	4.309901	0.001141	1.049147
-4.400950	-1.834112	4.319898	0.001116	1.049152
-4.654983	-1.676736	4.329894	0.001161	1.049225
-4.170776	-1.967821	4.339891	0.001074	1.049099
-4.348380	-1.791023	4.349888	0.001105	1.049236
-4.064393	-1.775902	4.359885	0.001054	1.049402
-4.027486	-1.795098	4.369882	0.001048	1.049397
-4.613428	-1.634519	4.379878	0.001152	1.049304
-4.295285	-1.665740	4.389875	0.001095	1.049427
-3.706142	-1.777096	4.399872	0.000989	1.049586
-3.844303	-1.676190	4.409869	0.001014	1.049646
-4.101745	-1.550749	4.419866	0.001060	1.049676
-3.784056	-1.658907	4.429862	0.001003	1.049700
-3.564382	-1.744792	4.439859	0.000963	1.049703
-3.453390	-1.784645	4.449856	0.000943	1.049709
-3.764583	-1.659282	4.459853	0.000998	1.049711
-3.707282	-1.688841	4.469850	0.000988	1.049703
-3.529402	-1.736456	4.479846	0.000956	1.049734
-3.344340	-1.731229	4.489843	0.000923	1.049836
-3.178972	-1.768937	4.499840	0.000893	1.049872
-3.313030	-1.611330	4.509837	0.000917	1.050007
-3.266269	-1.620824	4.519834	0.000908	1.050019
-3.183610	-1.649647	4.529830	0.000893	1.050025
-3.198958	-1.650308	4.539827	0.000895	1.050017
-3.138036	-1.675166	4.549824	0.000884	1.050017
-3.114016	-1.470938	4.559821	0.000880	1.050292
-3.113448	-1.439119	4.569818	0.000879	1.050334
-2.925431	-1.516300	4.579814	0.000846	1.050332
-3.044059	-1.420151	4.589811	0.000867	1.050395
-2.846645	-1.289140	4.599808	0.000831	1.050665
-2.587239	-1.388633	4.609805	0.000784	1.050671
-2.702216	-1.345284	4.619802	0.000805	1.050668
-2.691981	-1.324298	4.629798	0.000803	1.050701
-2.623146	-1.150902	4.639795	0.000790	1.050959
-2.387247	-1.243416	4.649792	0.000748	1.050962
-2.535142	-1.184478	4.659789	0.000774	1.050962
-2.504730	-1.111973	4.669786	0.000768	1.051072
-2.306688	-1.037702	4.679782	0.000733	1.051269
-2.207851	-1.076849	4.689779	0.000715	1.051270
-2.111006	-1.119406	4.699776	0.000697	1.051265
-2.013294	-1.150312	4.709773	0.000679	1.051276
-1.935544	-1.186004	4.719770	0.000665	1.051271
-1.804856	-1.240987	4.729766	0.000642	1.051267
-1.860571	-1.216830	4.739763	0.000651	1.051271
-1.796870	-1.190485	4.749760	0.000640	1.051338
-1.668406	-1.059198	4.759757	0.000617	1.051572
-1.649612	-1.062546	4.769754	0.000613	1.051578
-1.800447	-1.004755	4.779750	0.000640	1.051576
-1.668887	-1.057405	4.789747	0.000616	1.051576
-1.534022	-1.024326	4.799744	0.000592	1.051688
-1.651714	-0.828816	4.809741	0.000612	1.051879
-1.500817	-0.869661	4.819738	0.000585	1.051905
-1.448093	-0.894851	4.829734	0.000576	1.051900
-1.199717	-0.755030	4.839731	0.000531	1.052207
-1.335391	-0.699371	4.849728	0.000555	1.052209
-1.463059	-0.643544	4.859725	0.000578	1.052217
-1.209952	-0.507788	4.869722	0.000532	1.052520
-1.179270	-0.507447	4.879718	0.000526	1.052537
-1.387545	-0.288897	4.889715	0.000563	1.052712
-1.091854	-0.301211	4.899712	0.000510	1.052847
-1.017067	-0.171239	4.909709	0.000497	1.053053
-0.890523	-0.122156	4.919706	0.000474	1.053181
-0.825168	-0.152251	4.929702	0.000462	1.053176
-0.703716	-0.061777	4.939699	0.000440	1.053354
-0.569481	-0.070885	4.949696	0.000416	1.053412
-0.819994	0.033562	4.959693	0.000460	1.053418
-0.856263	0.209320	4.969690	0.000466	1.053626
-0.739484	0.261245	4.979686	0.000445	1.053752
-0.595262	0.424670	4.989683	0.000419	1.054036
-0.717792	0.611627	4.999680	0.000441	1.054213
-0.605739	0.678862	5.009677	0.000421	1.054357
-0.428515	0.848840	5.019674	0.000389	1.054665
-0.411013	0.879133	5.029670	0.000385	1.054714
-0.146489	0.980497	5.039667	0.000338	1.054978
0.000000	0.920363	5.049664	0.000311	1.054977

-0.026375	1.024106	5.054669	0.000316	1.055096
0.110700	1.126954	5.059674	0.000291	1.055298
0.119552	1.382561	5.064678	0.000290	1.055629
0.244456	1.625635	5.069683	0.000267	1.056004
0.478848	1.842140	5.074688	0.000225	1.056400
0.609432	2.209428	5.079693	0.000201	1.056935
0.582538	2.669714	5.084698	0.000206	1.057509
0.996875	3.012147	5.089702	0.000132	1.058156
1.094467	3.476316	5.094707	0.000114	1.058798
1.369984	3.983197	5.099712	0.000065	1.059583
1.610925	4.493433	5.104717	0.000021	1.060355
1.747207	5.115654	5.109722	-0.000003	1.061216
2.263043	5.625257	5.114726	-0.000096	1.062124
2.594960	6.198706	5.119731	-0.000155	1.063020
3.020205	6.727412	5.124736	-0.000231	1.063906
3.287280	7.360619	5.129741	-0.000279	1.064843
3.715723	7.970301	5.134746	-0.000356	1.065831
3.852887	8.729831	5.139750	-0.000381	1.066861
3.968164	9.535924	5.144755	-0.000402	1.067938
4.307377	10.276951	5.149760	-0.000463	1.069044
4.764086	11.025888	5.154765	-0.000545	1.070218
4.896602	11.920196	5.159770	-0.000569	1.071411
5.286400	12.782156	5.164774	-0.000639	1.072691
5.785352	13.528783	5.169779	-0.000728	1.073879
6.126415	14.411867	5.174784	-0.000789	1.075158
6.593814	15.246114	5.179789	-0.000873	1.076438
6.864170	16.192115	5.184794	-0.000922	1.077757
7.400403	17.014825	5.189798	-0.001018	1.079053
7.950426	17.866023	5.194803	-0.001116	1.080390
8.493810	18.692984	5.199808	-0.001214	1.081691
9.048221	19.508138	5.204813	-0.001313	1.082982
9.342597	20.403044	5.209818	-0.001366	1.084242
9.702332	21.340962	5.214822	-0.001431	1.085586
10.045666	22.309519	5.219827	-0.001492	1.086958
10.433393	23.268037	5.224832	-0.001562	1.088338
10.894561	24.205515	5.229837	-0.001645	1.089726
11.231406	25.218238	5.234842	-0.001705	1.091144
11.679677	26.219156	5.239846	-0.001786	1.092601
12.074368	27.205589	5.244851	-0.001857	1.094012
12.484157	28.250602	5.249856	-0.001930	1.095500
13.030707	29.217675	5.254861	-0.002028	1.096957
13.369175	30.292960	5.259866	-0.002089	1.098443
13.807578	31.353864	5.264870	-0.002168	1.099959
14.302633	32.381397	5.269875	-0.002256	1.101459
14.849656	33.384968	5.274880	-0.002355	1.102953
15.312069	34.399186	5.279885	-0.002438	1.104417
15.837096	35.430567	5.284890	-0.002532	1.105930
16.341532	36.464603	5.289894	-0.002622	1.107434
16.811129	37.471039	5.294899	-0.002706	1.108886
17.308366	38.510838	5.299904	-0.002796	1.110389
18.005973	39.458275	5.304909	-0.002921	1.111875
18.545944	40.418224	5.309914	-0.003018	1.113299
18.685658	41.580030	5.314918	-0.003043	1.114773
19.164846	42.644457	5.319923	-0.003129	1.116289
19.609214	43.733482	5.324928	-0.003209	1.117817
20.004557	44.830031	5.329933	-0.003280	1.119328
20.335330	46.005728	5.334938	-0.003339	1.120902
20.725511	47.173119	5.339942	-0.003409	1.122491
21.436606	48.147887	5.344947	-0.003536	1.124000
21.560888	49.440329	5.349952	-0.003559	1.125609
21.877163	50.678911	5.354957	-0.003616	1.127242
22.469557	51.807081	5.359962	-0.003722	1.128872
23.079532	52.944953	5.364966	-0.003831	1.130518
23.689445	54.052530	5.369971	-0.003941	1.132127
23.874910	55.299225	5.374976	-0.003974	1.133698
24.405971	56.484349	5.379981	-0.004070	1.135357
25.111146	57.590482	5.384986	-0.004196	1.137002
25.460562	58.800405	5.389990	-0.004259	1.138600
26.160240	59.880213	5.394995	-0.004384	1.140206
26.469779	61.131331	5.400000	-0.004440	1.141829
26.919378	62.318513	5.405005	-0.004521	1.143440
27.477496	63.486167	5.410010	-0.004621	1.145077
27.950934	64.681468	5.415014	-0.004706	1.146704
28.457128	65.823919	5.420019	-0.004796	1.148282
28.923402	67.028185	5.425024	-0.004880	1.149912
29.418143	68.231122	5.430029	-0.004969	1.151551
30.046343	69.332804	5.435034	-0.005082	1.153131
30.533332	70.498605	5.440038	-0.005169	1.154718
31.125666	71.631123	5.445043	-0.005275	1.156313
31.606969	72.783750	5.450048	-0.005362	1.157878
31.875151	74.045692	5.455053	-0.005410	1.159470
32.462405	75.200602	5.460058	-0.005515	1.161082
33.261446	76.232991	5.465062	-0.005658	1.162647
33.727924	77.350575	5.470067	-0.005742	1.164156
34.221276	78.507104	5.475072	-0.005831	1.165721
34.907474	79.559626	5.480077	-0.005954	1.167251
35.352953	80.659028	5.485082	-0.006033	1.168723
35.978734	81.725375	5.490086	-0.006146	1.170238
36.549572	82.799850	5.495091	-0.006248	1.171735
36.812454	83.963379	5.500096	-0.006295	1.173192
37.395777	85.046739	5.505101	-0.006400	1.174701
38.080927	86.071968	5.510106	-0.006523	1.176188
38.607402	87.129126	5.515110	-0.006617	1.177637
39.254558	88.138891	5.520115	-0.006733	1.179085
39.545200	89.288247	5.525120	-0.006785	1.180529
39.869146	90.454416	5.530125	-0.006844	1.182006
40.573343	91.448772	5.535130	-0.006970	1.183457
40.811028	92.661405	5.540134	-0.007013	1.184944
41.709490	93.587829	5.545139	-0.007174	1.186401
42.216102	94.620435	5.550144	-0.007265	1.187801
42.533674	95.757695	5.555149	-0.007322	1.189233
43.050931	96.837019	5.560154	-0.007414	1.190687
43.483069	97.959080	5.565158	-0.007492	1.192149
44.260442	98.881676	5.570163	-0.007631	1.193539
44.607695	100.012175	5.575168	-0.007694	1.194970
45.009965	101.134968	5.580173	-0.007766	1.196414
45.577780	102.165961	5.585178	-0.007868	1.197828
46.337927	103.148950	5.590182	-0.008004	1.199271
47.050930	104.070430	5.595187	-0.008132	1.200622
47.236372	105.217729	5.600192	-0.008165	1.201991
47.696277	106.231220	5.605197	-0.008248	1.203330
48.242090	107.269178	5.610202	-0.008346	1.204733
48.634935	108.385194	5.615206	-0.008416	1.206155
49.294916	109.374889	5.620211	-0.008534	1.207551
49.839053	110.381591	5.625216	-0.008632	1.208913
50.424398	111.360831	5.630221	-0.008737	1.210262
50.813649	112.449821	5.635226	-0.008807	1.211644
51.128543	113.514497	5.640230	-0.008863	1.212966
51.497872	114.672620	5.645235	-0.008930	1.214414
52.256255	115.628195	5.650240	-0.009066	1.215805
52.717882	116.698955	5.655245	-0.009149	1.217193
53.299420	117.688318	5.660250	-0.009253	1.218542
53.765919	118.762440	5.665254	-0.009337	1.219932
54.350812	119.777627	5.670259	-0.009441	1.221308
54.732818	120.817639	5.675264	-0.009510	1.222621
55.118450	121.923961	5.680269	-0.009579	1.224007
55.593048	122.996883	5.685274	-0.009664	1.225393
55.897742	124.171267	5.690278	-0.009719	1.226816
56.443865	125.223574	5.695283	-0.009817	1.228208
57.237599	126.193250	5.700288	-0.009959	1.229614
57.398110	127.399526	5.705293	-0.009988	1.231004
57.979084	128.444028	5.710298	-0.010093	1.232397
58.231732	129.632068	5.715302	-0.010138	1.233804
58.922721	130.689794	5.720307	-0.010262	1.235256
59.388261	131.808981	5.725312	-0.010345	1.236676
59.775331	132.945535	5.730317	-0.010415	1.238080
60.448406	134.004485	5.735322	-0.010536	1.239520
60.870772	135.142242	5.740326	-0.010611	1.240937
61.386008	136.205434	5.745331	-0.010704	1.242310
61.778734	137.355259	5.750336	-0.010774	1.243724
62.469517	138.396976	5.755341	-0.010898	1.245147
63.067538	139.443314	5.760346	-0.011005	1.246533
63.299813	140.609337	5.765350	-0.011047	1.247891
63.799310	141.731796	5.770355	-0.011137	1.249315
64.385572	142.826937	5.775360	-0.011242	1.250744
64.644251	144.017134	5.780365	-0.011289	1.252135
65.087137	145.189399	5.785370	-0.011368	1.253583
65.386130	146.435281	5.790374	-0.011422	1.255047
65.780616	147.689403	5.795379	-0.011493	1.256559
66.305227	148.878098	5.800384	-0.011587	1.258054
66.594855	150.191644	5.805389	-0.011639	1.259581
67.211156	151.405646	5.810394	-0.011749	1.261138
67.701767	152.581951	5.815398	-0.011837	1.262600
68.430803	153.713147	5.820403	-0.011968	1.264112
68.850653	154.938033	5.825408	-0.012044	1.265592
69.094902	156.243526	5.830413	-0.012088	1.267083
69.814641	157.393387	5.835418	-0.012217	1.268606
70.152656	158.680424	5.840422	-0.012277	1.270112
70.677482	159.911883	5.845427	-0.012371	1.271636
71.180207	161.107455	5.850432	-0.012462	1.273111
71.653333	162.353465	5.855437	-0.012547	1.274625
72.262230	163.550226	5.860442	-0.012656	1.276142
72.536776	164.840422	5.865446	-0.012705	1.277617
73.003840	166.138829	5.870451	-0.012789	1.279178
73.610665	167.374751	5.875456	-0.012898	1.280730
74.058924	168.593192	5.880461	-0.012978	1.282196
74.754088	169.753333	5.885466	-0.013103	1.283700
75.125156	171.032061	5.890470	-0.013170	1.285194
75.783594	172.201188	5.895475	-0.013288	1.286689
76.298243	173.383686	5.900480	-0.013380	1.288138
76.778131	174.620220	5.905485	-0.013466	1.289627
77.331115	175.832955	5.910490	-0.013565	1.291119
77.631405	177.076530	5.915494	-0.013619	1.292539
78.147534	178.316853	5.920499	-0.013712	1.294041
78.568674	179.588738	5.925504	-0.013788	1.295536
78.877849	180.933770	5.930509	-0.013843	1.297060
79.446716	182.194298	5.935514	-0.013945	1.298599
79.839125	183.524284	5.940518	-0.014016	1.300137
80.281588	184.861619	5.945523	-0.014095	1.301701
81.076940	186.032828	5.950528	-0.014238	1.303235
81.277842	187.418679	5.955533	-0.014274	1.304748
82.050560	188.604299	5.960538	-0.014412	1.306283
82.437904	189.875245	5.965542	-0.014482	1.307749
82.908268	191.172788	5.970547	-0.014566	1.309275
83.546143	192.406256	5.975552	-0.014681	1.310800
83.873254	193.691758	5.980557	-0.014740	1.312251
84.644951	194.856185	5.985562	-0.014878	1.313756
85.153791	196.088488	5.990566	-0.014969	1.315222
85.785085	197.258855	5.995571	-0.015082	1.316673
86.415773	198.399431	6.000576	-0.015195	1.318092
86.542173	199.743768	6.005581	-0.015218	1.319515
86.943503	201.065052	6.010586	-0.015290	1.321023
87.250213	202.389093	6.015590	-0.015346	1.322494
87.661031	203.750429	6.020595	-0.015419	1.324043
88.253545	205.048777	6.025600	-0.015526	1.325598
88.620888	206.380232	6.030605	-0.015592	1.327096
89.171148	207.706134	6.035610	-0.015690	1.328659
89.524727	209.090021	6.040614	-0.015754	1.330201
90.020130	210.432979	6.045619	-0.015843	1.331756
90.877688	211.613930	6.050624	-0.015997	1.333288
91.041164	213.063569	6.055629	-0.016026	1.334816
91.664650	214.355475	6.060634	-0.016138	1.336364
92.071642	215.719916	6.065638	-0.016211	1.337898
92.632350	217.039017	6.070643	-0.016312	1.339446
93.070205	218.415253	6.075648	-0.016390	1.341000
93.356235	219.805091	6.080653	-0.016442	1.342507
93.864446	221.206183	6.085658	-0.016533	1.344111
94.284445	222.638277	6.090662	-0.016608	1.345709
94.792178	223.991884	6.095667	-0.016699	1.347260
95.516618	225.309635	6.100672	-0.016829	1.348859
95.875936	226.731749	6.105677	-0.016894	1.350418
96.589806	227.978301	6.110682	-0.017022	1.351938
96.905850	229.414537	6.115686	-0.017079	1.353490
97.248116	230.862608	6.120691	-0.017140	1.355063
98.016999	232.140707	6.125696	-0.017278	1.356630
98.235735	233.621592	6.130701	-0.017318	1.358184
98.868261	234.979911	6.135706	-0.017431	1.359774
99.361462	236.351354	6.140710	-0.017520	1.361322
99.818695	237.729819	6.145715	-0.017602	1.362860
100.342964	239.123764	6.150720	-0.017696	1.364439
100.540887	240.637139	6.155725	-0.017731	1.366007
100.907555	242.144961	6.160730	-0.017797	1.367633
101.280460	243.681883	6.165734	-0.017864	1.369288
101.656114	245.254624	6.170739	-0.017932	1.370977
102.474544	246.604671	6.175744	-0.018079	1.372615
102.796835	248.143370	6.180749	-0.018137	1.374246
103.385477	249.608153	6.185754	-0.018242	1.375905
103.781377	251.129833	6.190758	-0.018313	1.377544
104.278607	252.629181	6.195763	-0.018403	1.379197
104.685280	254.195587	6.200768	-0.018476	1.380880
105.121466	255.726791	6.205773	-0.018554	1.382537
105.658421	257.236801	6.210778	-0.018650	1.384210
106.172343	258.767412	6.215782	-0.018743	1.385892
106.533981	260.331583	6.220787	-0.018808	1.387547
107.331605	261.763334	6.225792	-0.018951	1.389237
107.479348	263.407719	6.230797	-0.018977	1.390885
108.066759	264.907835	6.235802	-0.019083	1.392557
108.620194	266.449859	6.240806	-0.019182	1.394254
109.026138	268.026004	6.245811	-0.019255	1.395928
109.577902	269.539945	6.250816	-0.019354	1.397593
110.009739	271.129541	6.255821	-0.019432	1.399285
110.686549	272.578663	6.260826	-0.019553	1.400931
111.159966	274.091894	6.265830	-0.019638	1.402561
111.432526	275.745707	6.270835	-0.019687	1.404249
112.072027	277.246094	6.275840	-0.019802	1.405924
112.445301	278.831464	6.280845	-0.019869	1.407580
112.857820	280.460023	6.285850	-0.019943	1.409290
113.502520	281.973486	6.290854	-0.020059	1.410973
113.975135	283.522548	6.295859	-0.020143	1.412625
114.531837	285.071613	6.300864	-0.020243	1.414306
114.685602	286.799143	6.305869	-0.020271	1.416006
115.214322	288.397626	6.310874	-0.020366	1.417719
115.606774	290.104103	6.315878	-0.020437	1.419483
116.014702	291.748030	6.320883	-0.020510	1.421190
116.792653	293.277197	6.325888	-0.020649	1.422924
117.021501	295.015455	6.330893	-0.020691	1.424651
117.344022	296.751769	6.335898	-0.020749	1.426408
117.934838	298.412521	6.340902	-0.020855	1.428190
118.281353	300.168754	6.345907	-0.020917	1.429970
118.894464	301.801727	6.350912	-0.021027	1.431730
119.343217	303.510642	6.355917	-0.021108	1.433499
119.843233	305.236631	6.360922	-0.021198	1.435300
120.148653	307.019078	6.365926	-0.021252	1.437081
120.480255	308.851340	6.370931	-0.021312	1.438916
121.201759	310.507121	6.375936	-0.021442	1.440725
121.598581	312.260992	6.380941	-0.021513	1.442506
122.201734	313.980300	6.385946	-0.021621	1.444327
122.788252	315.665129	6.390950	-0.021726	1.446107
123.285493	317.381184	6.395955	-0.021816	1.447882
123.892079	319.064881	6.400960	-0.021925	1.449664
124.460830	320.695621	6.405965	-0.022027	1.451381
125.097244	322.322897	6.410970	-0.022141	1.453118
125.553350	324.025549	6.415974	-0.022223	1.454857
126.034891	325.638116	6.420979	-0.022309	1.456520
126.606277	327.302517	6.425984	-0.022412	1.458261
127.155504	328.934788	6.430989	-0.022510	1.459962
127.484950	330.672404	6.435994	-0.022570	1.461680
128.055959	332.310827	6.440998	-0.022672	1.463391
128.372854	334.080043	6.446003	-0.022729	1.465129
129.112485	335.644736	6.451008	-0.022862	1.466828
129.463022	337.380362	6.456013	-0.022925	1.468543
129.877325	339.091418	6.461018	-0.022999	1.470256
130.507300	340.703767	6.466022	-0.023112	1.471954
130.862312	342.454743	6.471027	-0.023176	1.473679
131.434016	344.132653	6.476032	-0.023279	1.475411
131.661478	345.923204	6.481037	-0.023320	1.477123
132.043926	347.741348	6.486042	-0.023388	1.478912
132.750120	349.398229	6.491046	-0.023515	1.480667
133.131743	351.168496	6.496051	-0.023584	1.482408
133.748287	352.883590	6.501056	-0.023694	1.484180
134.161965	354.628818	6.506061	-0.023769	1.485906
134.769923	356.339522	6.511066	-0.023878	1.487666
135.335848	358.053316	6.516070	-0.023979	1.489413
135.811195	359.730262	6.521075	-0.024065	1.491092
136.363420	361.442652	6.526080	-0.024164	1.492829
136.858691	363.168639	6.531085	-0.024253	1.494555
137.292190	364.858801	6.536090	-0.024331	1.496226
137.828948	366.601525	6.541094	-0.024427	1.497978
138.184143	368.382235	6.546099	-0.024491	1.499699
138.994483	369.954459	6.551104	-0.024636	1.501389
139.460016	371.647876	6.556109	-0.024720	1.503066
139.906697	373.377455	6.561114	-0.024800	1.504767
140.424828	375.029454	6.566118	-0.024893	1.506422
141.048213	376.669249	6.571123	-0.025005	1.508100
141.645664	378.316848	6.576128	-0.025112	1.509774
142.047689	379.940760	6.581133	-0.025184	1.511358
142.516228	381.644668	6.586138	-0.025269	1.513034
143.220286	383.235170	6.591142	-0.025395	1.514689
143.672949	384.852456	6.596147	-0.025476	1.516279
144.201713	386.505159	6.601152	-0.025571	1.517925
144.592929	388.184876	6.606157	-0.025641	1.519546
145.089405	389.806461	6.611162	-0.025731	1.521150
145.594269	391.479632	6.616166	-0.025821	1.522800
145.800597	393.275395	6.621171	-0.025858	1.524455
146.460972	394.909266	6.626176	-0.025977	1.526120
146.934460	396.612685	6.631181	-0.026062	1.527781
147.236358	398.402969	6.636186	-0.026116	1.529458
147.619567	400.166806	6.641190	-0.026185	1.531138
148.088765	401.942287	6.646195	-0.026269	1.532855
148.591625	403.733380	6.651200	-0.026360	1.534595
149.030083	405.504902	6.656205	-0.026439	1.536294
149.616088	407.280051	6.661210	-0.026544	1.538045
150.118209	409.036098	6.666214	-0.026634	1.539748
150.574583	410.784802	6.671219	-0.026716	1.541428
151.105835	412.564454	6.676224	-0.026811	1.543158
151.579387	414.332052	6.681229	-0.026896	1.544856
152.104726	416.066052	6.686234	-0.026991	1.546540
152.768088	417.777551	6.691238	-0.027110	1.548249
153.187154	419.518928	6.696243	-0.027185	1.549901
153.804751	421.209040	6.701248	-0.027296	1.551572
154.244509	422.953644	6.706253	-0.027375	1.553230
154.682687	424.717016	6.711258	-0.027454	1.554901
155.227635	426.444775	6.716262	-0.027551	1.556575
155.578135	428.253803	6.721267	-0.027614	1.558253
156.083866	430.013998	6.726272	-0.027705	1.559939
156.749756	431.657308	6.731277	-0.027825	1.561575
157.097828	433.486711	6.736282	-0.027887	1.563264
157.805506	435.164796	6.741286	-0.028014	1.564941
158.263799	436.880348	6.746291	-0.028097	1.566565
158.854965	438.585519	6.751296	-0.028203	1.568222
159.339443	440.285197	6.756301	-0.028290	1.569838
159.753431	442.036101	6.761306	-0.028364	1.571473
160.445911	443.691471	6.766310	-0.028488	1.573116
160.882034	445.390004	6.771315	-0.028567	1.574709
161.533513	447.016528	6.776320	-0.028683	1.576311
162.021649	448.691771	6.781325	-0.028771	1.577899
162.564969	450.349345	6.786330	-0.028869	1.579488
163.214560	451.907154	6.791334	-0.028985	1.581025
163.666078	453.561940	6.796339	-0.029066	1.582579
164.207861	455.196163	6.801344	-0.029164	1.584143
164.738487	456.758992	6.806349	-0.029259	1.585641
165.178847	458.424276	6.811354	-0.029338	1.587195
165.664351	460.081233	6.816358	-0.029425	1.588755
166.141834	461.666455	6.821363	-0.029511	1.590251
166.452326	463.410253	6.826368	-0.029567	1.591824
166.707965	465.203673	6.831373	-0.029613	1.593420
167.133411	466.983765	6.836378	-0.029689	1.595059
167.617086	468.759651	6.841382	-0.029776	1.596711
167.964688	470.579332	6.846387	-0.029839	1.598353
168.584754	472.288166	6.851392	-0.029950	1.599990
168.999050	474.084635	6.856397	-0.030024	1.601631
169.320669	475.980791	6.861402	-0.030082	1.603325
169.873993	477.778914	6.866406	-0.030182	1.605009
170.353714	479.575365	6.871411	-0.030268	1.606666
170.837673	481.453574	6.876416	-0.030355	1.608391
171.270439	483.253991	6.881421	-0.030432	1.610033
171.672813	485.159518	6.886426	-0.030505	1.611752
172.266686	487.008577	6.891430	-0.030611	1.613482
172.712025	488.824228	6.896435	-0.030691	1.615136
173.234992	490.695393	6.901440	-0.030785	1.616858
173.704696	492.585310	6.906445	-0.030870	1.618577
174.217796	494.413756	6.911450	-0.030962	1.620258
174.871583	496.189627	6.916454	-0.031079	1.621937
175.306439	498.042966	6.921459	-0.031157	1.623610
175.879001	499.818229	6.926464	-0.031260	1.625260
176.386425	501.614317	6.931469	-0.031351	1.626904
176.862922	503.478834	6.936474	-0.031437	1.628594
177.559601	505.153497	6.941478	-0.031562	1.630195
178.077939	506.898694	6.946483	-0.031655	1.631796
178.568111	508.702583	6.951488	-0.031743	1.633435
178.877381	510.536238	6.956493	-0.031798	1.635040
179.505287	512.282074	6.961498	-0.031911	1.636671
179.999817	514.092290	6.966502	-0.032000	1.638311
180.318238	515.902079	6.971507	-0.032057	1.639894
180.780470	517.774100	6.976512	-0.032140	1.641572
181.192441	519.659684	6.981517	-0.032214	1.643243
181.531383	521.542856	6.986522	-0.032275	1.644888
182.199293	523.377898	6.991526	-0.032395	1.646594
182.663836	525.259702	6.996531	-0.032479	1.648274
183.102467	527.114644	7.001536	-0.032557	1.649921
183.715486	528.957311	7.006541	-0.032667	1.651612
184.211182	530.816321	7.011546	-0.032757	1.653277
184.791328	532.605507	7.016550	-0.032861	1.654910
185.213631	534.474649	7.021555	-0.032937	1.656557
185.808958	536.312047	7.026560	-0.033043	1.658231
186.327540	538.078495	7.031565	-0.033137	1.659822
186.873492	539.872332	7.036570	-0.033235	1.661441
187.371708	541.714849	7.041574	-0.033324	1.663084
187.965444	543.429827	7.046579	-0.033431	1.664651
188.563120	545.183149	7.051584	-0.033538	1.666250
189.050613	546.958059	7.056589	-0.033625	1.667830
189.522149	548.703521	7.061594	-0.033710	1.669380
190.264622	550.356992	7.066598	-0.033843	1.670937
190.764741	552.071892	7.071603	-0.033933	1.672468
191.252052	553.796204	7.076608	-0.034021	1.674002
191.892854	555.424721	7.081613	-0.034136	1.675504
192.482738	557.072673	7.086618	-0.034241	1.677005
192.952917	558.770026	7.091622	-0.034326	1.678507
193.434470	560.364174	7.096627	-0.034412	1.679929
193.914947	562.055872	7.101632	-0.034499	1.681427
194.329563	563.784996	7.106637	-0.034573	1.682934
194.791475	565.451971	7.111642	-0.034656	1.684404
195.224253	567.197577	7.116646	-0.034734	1.685927
195.710914	568.933608	7.121651	-0.034821	1.687457
196.222492	570.656817	7.126656	-0.034913	1.688982
196.734384	572.341003	7.131661	-0.035005	1.690476
197.245229	574.059561	7.136666	-0.035097	1.691995
197.830311	575.731486	7.141670	-0.035202	1.693498
198.244020	577.432472	7.146675	-0.035276	1.694972
198.726287	579.175445	7.151680	-0.035363	1.696497
199.125858	580.955284	7.156685	-0.035434	1.698026
199.575921	582.665086	7.161690	-0.035515	1.699513
200.149821	584.379807	7.166694	-0.035618	1.701040
200.661951	586.112935	7.171699	-0.035710	1.702561
201.194122	587.805324	7.176704	-0.035806	1.704055
201.737699	589.485957	7.181709	-0.035903	1.705542
202.168353	591.228185	7.186714	-0.035981	1.707041
202.769845	592.924333	7.191718	-0.036089	1.708555
203.247767	594.583408	7.196723	-0.036175	1.710001
203.610157	596.369291	7.201728	-0.036240	1.711511
204.104516	598.112826	7.206733	-0.036328	1.713026
204.415425	599.904244	7.211738	-0.036384	1.714522
204.968519	601.680588	7.216742	-0.036484	1.716077
205.531292	603.418550	7.221747	-0.036585	1.717603
205.944996	605.184653	7.226752	-0.036659	1.719106
206.567716	606.879737	7.231757	-0.036771	1.720614
206.950747	608.684005	7.236762	-0.036840	1.722135
207.383504	610.497976	7.241766	-0.036917	1.723676
207.886280	612.234154	7.246771	-0.037008	1.725177
208.385011	614.060953	7.251776	-0.037097	1.726745
208.848080	615.866816	7.256781	-0.037180	1.728285
209.269597	617.631347	7.261786	-0.037256	1.729780
209.816949	619.450417	7.266790	-0.037355	1.731352
210.219847	621.307962	7.271795	-0.037427	1.732910
210.519529	623.205987	7.276800	-0.037481	1.734468
211.024805	625.110293	7.281805	-0.037572	1.736090
211.496365	626.996076	7.286810	-0.037656	1.737685
212.003886	628.829075	7.291814	-0.037748	1.739249
212.546370	630.688123	7.296819	-0.037845	1.740842
213.084458	632.556667	7.301824	-0.037942	1.742440
213.430156	634.446889	7.306829	-0.038004	1.743996
213.872117	636.375083	7.311834	-0.038083	1.745609
214.332130	638.339866	7.316838	-0.038166	1.747253
214.641956	640.294568	7.321843	-0.038222	1.748844
215.205947	642.221287	7.326848	-0.038323	1.750486
215.730761	644.179417	7.331853	-0.038417	1.752140
216.317885	646.049895	7.336858	-0.038523	1.753742
216.564075	648.118080	7.341862	-0.038567	1.755396
217.304738	649.982129	7.346867	-0.038700	1.757035
217.647873	651.969802	7.351872	-0.038762	1.758652
218.134053	653.906638	7.356877	-0.038849	1.760270
218.803795	655.793902	7.361882	-0.038969	1.761901
219.502598	657.627476	7.366886	-0.039094	1.763499
220.172386	659.389221	7.371891	-0.039215	1.765032
220.464464	661.341183	7.376896	-0.039267	1.766600
220.900700	663.250034	7.381901	-0.039346	1.768175
221.304120	665.160039	7.386906	-0.039418	1.769740
221.893462	667.054834	7.391910	-0.039524	1.771345
222.422734	668.937037	7.396915	-0.039619	1.772922
222.602484	670.975645	7.401920	-0.039651	1.774516
223.266599	672.876926	7.406925	-0.039771	1.776143
223.752609	674.822881	7.411930	-0.039858	1.777752
224.203960	676.775660	7.416934	-0.039939	1.779354
224.737171	678.715777	7.421939	-0.040035	1.780968
225.175336	680.691801	7.426944	-0.040114	1.782581
225.696282	682.588448	7.431949	-0.040207	1.784157
226.139166	684.561214	7.436954	-0.040287	1.785766
226.536904	686.603786	7.441958	-0.040358	1.787413
226.964118	688.565246	7.446963	-0.040435	1.789006
227.522352	690.555338	7.451968	-0.040535	1.790656
228.015137	692.561431	7.456973	-0.040624	1.792298
228.647428	694.429994	7.461978	-0.040737	1.793875
228.949923	696.516273	7.466982	-0.040792	1.795520
229.436138	698.519879	7.471987	-0.040879	1.797154
229.738192	700.574420	7.476992	-0.040934	1.798772
230.230928	702.649175	7.481997	-0.041022	1.800458
230.889628	704.651852	7.487002	-0.041140	1.802135
231.359109	706.645283	7.492006	-0.041225	1.803750
231.868271	708.665846	7.497011	-0.041316	1.805395
232.425063	710.690260	7.502016	-0.041416	1.807055
232.998876	712.626799	7.507021	-0.041519	1.808653
233.552541	714.560271	7.512026	-0.041618	1.810241
234.094338	716.544868	7.517030	-0.041716	1.811863
234.709800	718.421998	7.522035	-0.041826	1.813424
235.043752	720.440644	7.527040	-0.041886	1.815010
235.553973	722.427446	7.532045	-0.041978	1.816620
236.064128	724.353626	7.537050	-0.042070	1.818184
236.488229	726.360533	7.542054	-0.042146	1.819782
237.057546	728.331990	7.547059	-0.042248	1.821392
237.644247	730.242875	7.552064	-0.042353	1.822962
238.185804	732.139769	7.557069	-0.042451	1.824507
238.603190	734.120392	7.562074	-0.042526	1.826078
238.977333	736.137499	7.567078	-0.042593	1.827663
239.545522	738.045896	7.572083	-0.042695	1.829220
239.979142	740.048649	7.577088	-0.042773	1.830808
240.457540	742.080391	7.582093	-0.042859	1.832428
240.956454	744.015471	7.587098	-0.042949	1.833981
241.251127	746.136396	7.592102	-0.043002	1.835613
241.714952	748.224489	7.597107	-0.043085	1.837265
242.370321	750.117310	7.602112	-0.043203	1.838827
242.827744	752.159616	7.607117	-0.043285	1.840441
243.267852	754.241314	7.612122	-0.043364	1.842078
243.940323	756.163107	7.617126	-0.043485	1.843661
244.302718	758.214948	7.622131	-0.043550	1.845252
244.810438	760.269488	7.627136	-0.043641	1.846883
245.235797	762.270990	7.632141	-0.043717	1.848452
245.691019	764.341963	7.637146	-0.043799	1.850079
246.168984	766.445850	7.642150	-0.043885	1.851733
246.537208	768.544998	7.647155	-0.043951	1.853353
247.123394	770.606065	7.652160	-0.044057	1.855003
247.545032	772.744291	7.657165	-0.044132	1.856663
248.072996	774.779308	7.662170	-0.044227	1.858275
248.689250	776.810633	7.667174	-0.044338	1.859908
249.017044	778.941600	7.672179	-0.044397	1.861532
249.620127	780.975673	7.677184	-0.044505	1.863160
250.114736	783.062753	7.682189	-0.044594	1.864795
250.838253	785.017644	7.687194	-0.044724	1.866396
251.392029	786.988266	7.692198	-0.044823	1.867960
251.913083	788.963269	7.697203	-0.044917	1.869518
252.634119	790.838679	7.702208	-0.045046	1.871057
253.052604	792.806205	7.707213	-0.045121	1.872579
253.591518	794.701705	7.712218	-0.045218	1.874080
253.986519	796.719792	7.717222	-0.045289	1.875629
254.307642	798.759570	7.722227	-0.045347	1.877173
254.954292	800.643128	7.727232	-0.045463	1.878691
255.275337	802.715447	7.732237	-0.045521	1.880255
255.862651	804.724357	7.737242	-0.045626	1.881844
256.190709	806.749563	7.742246	-0.045685	1.883374
256.711577	808.796204	7.747251	-0.045779	1.884970
257.290967	810.827031	7.752256	-0.045883	1.886568
257.509238	812.914313	7.757261	-0.045922	1.888109
257.988512	815.017990	7.762266	-0.046009	1.889729
258.602305	817.098149	7.767270	-0.046119	1.891368
258.994448	819.187837	7.772275	-0.046189	1.892952
259.498070	821.292165	7.777280	-0.046280	1.894576
259.821601	823.474377	7.782285	-0.046338	1.896205
260.403783	825.530778	7.787290	-0.046443	1.897812
260.947863	827.602780	7.792294	-0.046540	1.899419
261.413068	829.744829	7.797299	-0.046624	1.901053
262.073142	831.771645	7.802304	-0.046742	1.902656
262.391361	833.908249	7.807309	-0.046800	1.904245
262.914147	836.019254	7.812314	-0.046894	1.905868
263.327523	838.156348	7.817318	-0.046968	1.907479
263.721369	840.344756	7.822323	-0.047039	1.909120
264.425842	842.395194	7.827328	-0.047165	1.910744
264.709268	844.611864	7.832333	-0.047216	1.912373
265.070326	846.821351	7.837338	-0.047281	1.914015
265.581165	849.054974	7.842342	-0.047373	1.915713
266.044762	851.235447	7.847347	-0.047456	1.917359
266.778013	853.306239	7.852352	-0.047588	1.918997
267.032413	855.584947	7.857357	-0.047634	1.920655
267.601477	857.722391	7.862362	-0.047736	1.922294
267.956384	859.993695	7.867366	-0.047800	1.923969
268.299069	862.313197	7.872371	-0.047862	1.925674
268.747235	864.609202	7.877376	-0.047942	1.927388
269.250306	866.877511	7.882381	-0.048033	1.929095
269.911577	869.102028	7.887386	-0.048151	1.930811
270.414121	871.344190	7.892390	-0.048242	1.932497
270.717560	873.679755	7.897395	-0.048296	1.934195
271.434189	875.891709	7.902400	-0.048425	1.935912
271.802062	878.102252	7.907405	-0.048491	1.937537
272.487356	880.285154	7.912410	-0.048614	1.939223
273.050985	882.475628	7.917414	-0.048715	1.940881
273.486107	884.670217	7.922419	-0.048794	1.942508
274.147846	886.810178	7.927424	-0.048912	1.944154
274.582954	889.023595	7.932429	-0.048991	1.945791
275.032399	891.206268	7.937434	-0.049071	1.947409
275.707662	893.307910	7.942438	-0.049193	1.949027
276.116322	895.522309	7.947443	-0.049266	1.950654
276.792455	897.588344	7.952448	-0.049387	1.952246
277.348814	899.685949	7.957453	-0.049487	1.953827
277.899804	901.779740	7.962458	-0.049586	1.955403
278.624839	903.746785	7.967462	-0.049716	1.956936
279.050337	905.745981	7.972467	-0.049793	1.958413
279.798827	907.703312	7.977472	-0.049927	1.959942
280.440121	909.643190	7.982477	-0.050042	1.961431
281.034111	911.461521	7.987482	-0.050149	1.962823
281.957808	913.190231	7.992486	-0.050314	1.964238
282.342948	915.001852	7.997491	-0.050384	1.965571
283.040220	916.743845	8.002496	-0.050509	1.966935
283.498601	918.469299	8.007501	-0.050591	1.968226
284.444770	920.035701	8.012506	-0.050761	1.969531
285.470848	921.417125	8.017510	-0.050945	1.970730
286.212411	922.792702	8.022515	-0.051077	1.971853
287.161988	923.930533	8.027520	-0.051248	1.972865
287.641890	925.254881	8.032525	-0.051334	1.973886
288.240188	926.488844	8.037530	-0.051441	1.974874
288.722081	927.773302	8.042534	-0.051528	1.975867
289.106520	929.065497	8.047539	-0.051597	1.976839
289.537005	930.327714	8.052544	-0.051674	1.977803
290.036806	931.659674	8.057549	-0.051764	1.978831
290.439874	933.021024	8.062554	-0.051836	1.979853
290.823017	934.412059	8.067558	-0.051905	1.980891
291.102094	935.869845	8.072563	-0.051955	1.981946
291.691974	937.211639	8.077568	-0.052061	1.983001
292.092519	938.670654	8.082573	-0.052133	1.984087
292.376058	940.220543	8.087578	-0.052184	1.985204
292.811591	941.750132	8.092582	-0.052262	1.986345
292.965017	943.339849	8.097587	-0.052290	1.987455
293.237246	945.076907	8.102592	-0.052339	1.988694
293.557390	946.839559	8.107597	-0.052396	1.989961
293.846597	948.667142	8.112602	-0.052449	1.991263
294.214339	950.479876	8.117606	-0.052515	1.992574
294.342025	952.498977	8.122611	-0.052538	1.993962
294.885874	954.396054	8.127616	-0.052636	1.995372
295.369106	956.299005	8.132621	-0.052722	1.996769
295.902634	958.137064	8.137626	-0.052818	1.998134
296.497326	960.043615	8.142630	-0.052925	1.999560
296.699570	962.044329	8.147635	-0.052961	2.000949
297.342166	963.915915	8.152640	-0.053077	2.002361
297.844339	965.831304	8.157645	-0.053167	2.003766
298.234522	967.798144	8.162650	-0.053237	2.005177
298.708579	969.759754	8.167654	-0.053322	2.006604
298.879463	971.805082	8.172659	-0.053353	2.008011
299.502372	973.834110	8.177664	-0.053465	2.009518
300.011422	975.857853	8.182669	-0.053557	2.010992
300.488412	977.836032	8.187674	-0.053642	2.012426
301.120168	979.807080	8.192678	-0.053756	2.013893
301.457126	981.854896	8.197683	-0.053816	2.015338
302.023636	983.824964	8.202688	-0.053918	2.016786
302.480521	985.818181	8.207693	-0.054000	2.018221
302.797756	987.918826	8.212698	-0.054057	2.019692
303.482449	989.908941	8.217702	-0.054180	2.021179
304.034596	991.830512	8.222707	-0.054279	2.022587
304.531510	993.858768	8.227712	-0.054368	2.024051
305.055484	995.829081	8.232717	-0.054463	2.025483
305.399003	997.853068	8.237722	-0.054524	2.026904
305.917792	999.870781	8.242726	-0.054618	2.028363
306.290176	1001.946875	8.247731	-0.054685	2.029824
306.698152	1004.048392	8.252736	-0.054758	2.031310
307.367498	1006.032008	8.257741	-0.054878	2.032780
307.852679	1008.071853	8.262746	-0.054965	2.034241
308.385546	1010.115665	8.267750	-0.055061	2.035715
308.835477	1012.070189	8.272755	-0.055142	2.037110
309.329592	1014.123745	8.277760	-0.055231	2.038579
310.118584	1016.026054	8.282765	-0.055372	2.040019
310.814192	1017.885697	8.287770	-0.055497	2.041408
311.453850	1019.670092	8.292774	-0.055612	2.042733
311.985698	1021.493281	8.297779	-0.055707	2.044056
312.490852	1023.357737	8.302784	-0.055798	2.045399
313.168187	1025.069352	8.307789	-0.055919	2.046683
313.853995	1026.712272	8.312794	-0.056042	2.047923
314.280108	1028.493807	8.317798	-0.056119	2.049190
314.718187	1030.281733	8.322803	-0.056198	2.050463
315.270187	1031.984865	8.327808	-0.056297	2.051707
316.002562	1033.593231	8.332813	-0.056428	2.052933
316.403255	1035.309539	8.337818	-0.056500	2.054148
316.850537	1037.076204	8.342822	-0.056580	2.055407
317.026978	1038.895745	8.347827	-0.056612	2.056634
317.590988	1040.658507	8.352832	-0.056714	2.057916
318.025391	1042.477531	8.357837	-0.056792	2.059203
318.488968	1044.297898	8.362842	-0.056875	2.060497
318.707141	1046.211194	8.367846	-0.056914	2.061792
319.042827	1048.208067	8.372851	-0.056975	2.063168
319.685588	1050.076413	8.377856	-0.057090	2.064534
320.051593	1052.072976	8.382861	-0.057156	2.065915
320.439089	1053.985213	8.387866	-0.057226	2.067246
320.927144	1055.970595	8.392870	-0.057313	2.068648
321.299520	1058.018677	8.397875	-0.057380	2.070061
321.873113	1059.996636	8.402880	-0.057483	2.071476
322.391803	1061.960582	8.407885	-0.057576	2.072868
322.804894	1063.998521	8.412890	-0.057651	2.074282
323.370897	1065.992387	8.417894	-0.057752	2.075702
323.667647	1067.988278	8.422899	-0.057806	2.077059
324.136846	1070.072933	8.427904	-0.057890	2.078513
324.641305	1072.151591	8.432909	-0.057981	2.079971
325.066278	1074.198728	8.437914	-0.058057	2.081388
325.656450	1076.212668	8.442918	-0.058163	2.082822
326.034033	1078.341130	8.447923	-0.058231	2.084279
326.396038	1080.483028	8.452928	-0.058296	2.085739
326.959990	1082.523129	8.457933	-0.058397	2.087181
327.348613	1084.693103	8.462938	-0.058467	2.088663
327.937224	1086.835667	8.467942	-0.058573	2.090174
328.297691	1088.953036	8.472947	-0.058638	2.091614
328.774279	1091.116759	8.477952	-0.058724	2.093110
329.265575	1093.301243	8.482957	-0.058812	2.094622
329.856734	1095.425152	8.487962	-0.058918	2.096117
330.266541	1097.598289	8.492966	-0.058992	2.097600
330.744090	1099.751681	8.497971	-0.059078	2.099085
331.137461	1101.956294	8.502976	-0.059148	2.100582
331.665100	1104.106740	8.507981	-0.059243	2.102075
332.104488	1106.321475	8.512986	-0.059322	2.103587
332.695036	1108.500699	8.517990	-0.059428	2.105110
333.098227	1110.621413	8.522995	-0.059501	2.106552
333.641900	1112.807804	8.528000	-0.059598	2.108067
334.051597	1115.059123	8.533005	-0.059672	2.109591
334.795356	1117.115389	8.538010	-0.059805	2.111067
335.175955	1119.297845	8.543014	-0.059874	2.112538
335.529871	1121.543292	8.548019	-0.059938	2.114042
335.983222	1123.793285	8.553024	-0.060019	2.115571
336.367453	1126.005437	8.558029	-0.060088	2.117059
336.772257	1128.315572	8.563034	-0.060161	2.118612
337.260592	1130.640756	8.568039	-0.060249	2.120193
337.621157	1132.930728	8.573043	-0.060314	2.121721
338.136820	1135.283142	8.578048	-0.060406	2.123322
338.650582	1137.625838	8.583053	-0.060499	2.124917
339.122939	1139.873747	8.588058	-0.060584	2.126440
339.922419	1142.100845	8.593063	-0.060727	2.128025
340.262223	1144.406886	8.598067	-0.060788	2.129552
340.630307	1146.744654	8.603072	-0.060855	2.131105
341.079359	1149.098707	8.608077	-0.060935	2.132686
341.794744	1151.336133	8.613082	-0.061064	2.134253
342.253806	1153.607381	8.618087	-0.061146	2.135781
342.659010	1155.890640	8.623091	-0.061219	2.137303
342.999038	1158.305577	8.628096	-0.061280	2.138892
343.525128	1160.642970	8.633101	-0.061375	2.140474
343.805583	1163.053038	8.638106	-0.061425	2.142044
344.422062	1165.464075	8.643111	-0.061536	2.143689
344.799577	1167.883621	8.648115	-0.061604	2.145285
345.168569	1170.327773	8.653120	-0.061671	2.146892
345.732863	1172.773816	8.658125	-0.061772	2.148544
346.170138	1175.243243	8.663130	-0.061851	2.150180
346.743804	1177.623519	8.668135	-0.061954	2.151791
347.181337	1180.112277	8.673139	-0.062032	2.153437
347.547861	1182.653672	8.678144	-0.062098	2.155098
348.131737	1185.016212	8.683149	-0.062203	2.156696
348.578869	1187.503402	8.688154	-0.062284	2.158339
349.265014	1189.911828	8.693159	-0.062407	2.159986
349.769893	1192.285265	8.698163	-0.062498	2.161569
350.348684	1194.666524	8.703168	-0.062601	2.163172
350.670463	1197.209131	8.708173	-0.062659	2.164816
351.255248	1199.519411	8.713178	-0.062765	2.166375
351.970450	1201.862011	8.718183	-0.062893	2.167981
352.422314	1204.249619	8.723187	-0.062974	2.169555
352.909478	1206.573826	8.728192	-0.063062	2.171097
353.420379	1208.952854	8.733197	-0.063154	2.172677
353.970583	1211.312653	8.738202	-0.063252	2.174252
354.552277	1213.597900	8.743207	-0.063357	2.175787
354.934824	1215.918820	8.748211	-0.063426	2.177299
355.521194	1218.262206	8.753216	-0.063531	2.178869
356.129627	1220.521600	8.758221	-0.063640	2.180391
356.444921	1222.863184	8.763226	-0.063697	2.181897
356.992313	1225.190921	8.768231	-0.063795	2.183445
357.414507	1227.584659	8.773235	-0.063871	2.185005
357.912490	1229.877165	8.778240	-0.063961	2.186518
358.319961	1232.310348	8.783245	-0.064034	2.188097
358.927035	1234.641727	8.788250	-0.064143	2.189656
359.391564	1236.971281	8.793255	-0.064227	2.191181
359.817867	1239.377189	8.798259	-0.064303	2.192743
360.414853	1241.707871	8.803264	-0.064411	2.194296
360.890116	1244.010548	8.808269	-0.064496	2.195804
361.375137	1246.357618	8.813274	-0.064583	2.197340
362.253122	1248.573877	8.818279	-0.064741	2.198882
362.483117	1250.894652	8.823283	-0.064782	2.200344
362.978341	1253.194326	8.828288	-0.064871	2.201850
363.541252	1255.513647	8.833293	-0.064972	2.203382
363.992901	1257.818777	8.838298	-0.065054	2.204880
364.572817	1260.035068	8.843303	-0.065158	2.206351
364.981385	1262.380406	8.848307	-0.065231	2.207861
365.334818	1264.810436	8.853312	-0.065295	2.209410
365.816416	1267.139051	8.858317	-0.065381	2.210924
366.033212	1269.656867	8.863322	-0.065421	2.212494
366.655403	1272.087558	8.868327	-0.065532	2.214099
367.046847	1274.474504	8.873331	-0.065603	2.215625
367.558685	1276.915938	8.878336	-0.065695	2.217210
368.038764	1279.389215	8.883341	-0.065781	2.218805
368.449887	1281.863503	8.888346	-0.065855	2.220385
369.209809	1284.201237	8.893351	-0.065991	2.221958
369.672891	1286.610982	8.898355	-0.066075	2.223508
369.997619	1289.109294	8.903360	-0.066133	2.225081
370.686252	1291.429715	8.908365	-0.066257	2.226624
371.041652	1293.892341	8.913370	-0.066321	2.228179
371.744052	1296.255001	8.918375	-0.066447	2.229749
371.961528	1298.737125	8.923379	-0.066486	2.231283
372.479895	1301.201156	8.928384	-0.066579	2.232871
372.981205	1303.686095	8.933389	-0.066670	2.234467
373.358868	1306.090268	8.938394	-0.066738	2.235987
373.811617	1308.654352	8.943399	-0.066819	2.237617
374.178530	1311.262745	8.948403	-0.066885	2.239254
374.562502	1313.807623	8.953408	-0.066954	2.240855
375.263219	1316.314709	8.958413	-0.067080	2.242501
375.561186	1318.949176	8.963418	-0.067134	2.244135
376.037282	1321.503534	8.968423	-0.067219	2.245758
376.453174	1324.137307	8.973427	-0.067294	2.247414
376.893014	1326.797907	8.978432	-0.067373	2.249091
377.619980	1329.317898	8.983437	-0.067504	2.250744
377.910944	1331.984439	8.988442	-0.067556	2.252389
378.490361	1334.640093	8.993447	-0.067660	2.254088
378.973225	1337.185531	8.998451	-0.067747	2.255700
379.354511	1339.866104	9.003456	-0.067816	2.257369
379.876470	1342.534781	9.008461	-0.067910	2.259060
380.342621	1345.118579	9.013466	-0.067994	2.260688
380.675574	1347.863934	9.018471	-0.068054	2.262381
381.086043	1350.649143	9.023475	-0.068127	2.264113
381.633009	1353.272627	9.028480	-0.068226	2.265778
382.344831	1355.886303	9.033485	-0.068354	2.267470
382.739142	1358.617870	9.038490	-0.068425	2.269163
383.219676	1361.258795	9.043495	-0.068511	2.270820
383.582604	1364.028055	9.048499	-0.068576	2.272526
384.162179	1366.731948	9.053504	-0.068681	2.274238
384.701732	1369.350161	9.058509	-0.068777	2.275890
385.230409	1372.002872	9.063514	-0.068873	2.277558
385.660076	1374.745270	9.068519	-0.068950	2.279258
386.156666	1377.392819	9.073523	-0.069039	2.280914
386.606386	1380.116938	9.078528	-0.069120	2.282604
387.188553	1382.855435	9.083533	-0.069225	2.284329
387.570527	1385.488181	9.088538	-0.069293	2.285949
388.008188	1388.300706	9.093543	-0.069372	2.287684
388.602603	1390.993985	9.098547	-0.069479	2.289382
388.954873	1393.758798	9.103552	-0.069542	2.291069
389.618380	1396.450475	9.108557	-0.069662	2.292777
390.208643	1399.076367	9.113562	-0.069768	2.294430
390.614733	1401.767805	9.118567	-0.069841	2.296082
391.061678	1404.522120	9.123571	-0.069921	2.297777
391.515817	1407.244101	9.128576	-0.070003	2.299454
392.017343	1409.967387	9.133581	-0.070093	2.301141
392.523958	1412.703427	9.138586	-0.070184	2.302834
393.115339	1415.406719	9.143591	-0.070290	2.304525
393.573973	1418.055810	9.148595	-0.070373	2.306156
394.010177	1420.808026	9.153600	-0.070451	2.307840
394.560499	1423.544477	9.158605	-0.070550	2.309538
394.759846	1426.372983	9.163610	-0.070587	2.311215
395.257109	1429.227184	9.168615	-0.070676	2.312967
395.915079	1431.921540	9.173619	-0.070794	2.314659
396.340755	1434.678565	9.178624	-0.070871	2.316338
396.832005	1437.512885	9.183629	-0.070959	2.318073
397.187381	1440.321175	9.188634	-0.071023	2.319764
397.756868	1443.140231	9.193639	-0.071125	2.321505
398.242543	1445.955242	9.198643	-0.071213	2.323224
398.672434	1448.767767	9.203648	-0.071290	2.324929
399.151293	1451.619672	9.208653	-0.071376	2.326665
399.625974	1454.481932	9.213658	-0.071462	2.328406
400.067955	1457.355768	9.218663	-0.071541	2.330144
400.749443	1460.144986	9.223667	-0.071664	2.331882
401.126844	1463.039483	9.228672	-0.071732	2.333617
401.656968	1465.807504	9.233677	-0.071827	2.335309
402.162170	1468.654929	9.238682	-0.071918	2.337041
402.762560	1471.457570	9.243687	-0.072026	2.338765
403.229433	1474.217186	9.248691	-0.072110	2.340435
403.679278	1477.035951	9.253696	-0.072191	2.342135
404.153279	1479.934343	9.258701	-0.072276	2.343884
404.740485	1482.641743	9.263706	-0.072381	2.345546
405.316449	1485.438979	9.268711	-0.072485	2.347255
405.784374	1488.253954	9.273715	-0.072569	2.348951
406.185748	1491.022622	9.278720	-0.072641	2.350606
406.782194	1493.850891	9.283725	-0.072749	2.352333
407.324568	1496.568134	9.288730	-0.072846	2.353985
407.661222	1499.363550	9.293735	-0.072907	2.355639
408.435660	1502.074276	9.298739	-0.073046	2.357332
408.868035	1504.804306	9.303744	-0.073124	2.358965
409.524751	1507.498458	9.308749	-0.073242	2.360622
410.220911	1510.089599	9.313754	-0.073367	2.362228
410.501384	1512.824920	9.318759	-0.073417	2.363830
411.050452	1515.444781	9.323763	-0.073516	2.365420
411.537076	1518.151085	9.328768	-0.073603	2.367046
412.119657	1520.843856	9.333773	-0.073708	2.368681
412.518895	1523.469534	9.338778	-0.073780	2.370241
413.087735	1526.161278	9.343783	-0.073882	2.371871
413.511731	1528.902423	9.348787	-0.073958	2.373499
414.122789	1531.424198	9.353792	-0.074068	2.375039
414.597123	1534.119224	9.358797	-0.074153	2.376649
415.320003	1536.672627	9.363802	-0.074283	2.378227
415.862986	1539.182560	9.368807	-0.074381	2.379744
416.414697	1541.725991	9.373811	-0.074480	2.381281
416.828330	1544.315559	9.378816	-0.074554	2.382815
417.379918	1546.841524	9.383821	-0.074654	2.384340
417.920942	1549.344883	9.388826	-0.074751	2.385849
418.714154	1551.722009	9.393831	-0.074893	2.387336
419.300526	1554.141888	9.398835	-0.074998	2.388806
419.887334	1556.443695	9.403840	-0.075104	2.390208
420.573760	1558.762611	9.408845	-0.075227	2.391639
421.285994	1560.943329	9.413850	-0.075355	2.392997
421.953846	1563.036268	9.418855	-0.075475	2.394297
422.345476	1565.235193	9.423859	-0.075545	2.395600
422.879237	1567.403837	9.428864	-0.075641	2.396914
423.425771	1569.631846	9.433869	-0.075739	2.398262
423.939878	1571.675804	9.438874	-0.075832	2.399501
424.614150	1573.789996	9.443879	-0.075953	2.400810
425.139149	1575.894944	9.448883	-0.076047	2.402084
425.751972	1577.918634	9.453888	-0.076157	2.403329
426.121852	1579.950284	9.458893	-0.076223	2.404530
426.498712	1582.098460	9.463898	-0.076291	2.405796
427.039091	1584.200133	9.468903	-0.076388	2.407069
427.550748	1586.355491	9.473907	-0.076480	2.408364
427.919818	1588.452442	9.478912	-0.076547	2.409598
428.295351	1590.705611	9.483917	-0.076614	2.410920
428.725892	1592.899488	9.488922	-0.076692	2.412219
429.250798	1595.175903	9.493927	-0.076786	2.413581
429.673208	1597.379024	9.498931	-0.076862	2.414882
430.221346	1599.574051	9.503936	-0.076960	2.416202
430.562915	1601.891535	9.508941	-0.077022	2.417548
431.101729	1604.124582	9.513946	-0.077119	2.418886
431.389775	1606.441989	9.518951	-0.077171	2.420221
431.996355	1608.699203	9.523955	-0.077279	2.421584
432.234651	1611.157406	9.528960	-0.077323	2.422985
432.841751	1613.372587	9.533965	-0.077432	2.424323
433.235823	1615.782998	9.538970	-0.077502	2.425726
433.836242	1618.078935	9.543975	-0.077610	2.427106
434.273308	1620.495104	9.548979	-0.077689	2.428519
434.706775	1622.794729	9.553984	-0.077767	2.429866
435.084452	1625.294039	9.558989	-0.077835	2.431312
435.606606	1627.684240	9.563994	-0.077929	2.432725
436.029946	1630.077548	9.568999	-0.078005	2.434120
436.346250	1632.574783	9.574003	-0.078062	2.435550
436.831204	1635.056313	9.579008	-0.078149	2.437003
437.353251	1637.599433	9.584013	-0.078243	2.438496
437.782526	1640.044851	9.589018	-0.078320	2.439917
438.299993	1642.585841	9.594023	-0.078413	2.441406
438.644804	1645.218543	9.599027	-0.078475	2.442911
439.194365	1647.640185	9.604032	-0.078574	2.444339
439.626582	1650.245807	9.609037	-0.078652	2.445845
440.293913	1652.733180	9.614042	-0.078772	2.447330
440.812358	1655.201092	9.619047	-0.078865	2.448774
441.308634	1657.712264	9.624051	-0.078954	2.450238
441.906597	1660.126797	9.629056	-0.079061	2.451667
442.494735	1662.593749	9.634061	-0.079167	2.453122
443.188664	1664.788829	9.639066	-0.079291	2.454449
443.642219	1667.175586	9.644071	-0.079373	2.455832
444.132655	1669.537932	9.649075	-0.079461	2.457209
444.706213	1671.876850	9.654080	-0.079564	2.458589
445.153815	1674.200244	9.659085	-0.079645	2.459935
445.571657	1676.618156	9.664090	-0.079720	2.461326
446.272017	1678.934836	9.669095	-0.079846	2.462715
446.795777	1681.133764	9.674099	-0.079940	2.464005
447.082641	1683.542984	9.679104	-0.079991	2.465364
447.561379	1685.945976	9.684109	-0.080077	2.466755
448.130385	1688.283263	9.689114	-0.080180	2.468127
448.822194	1690.507261	9.694119	-0.080304	2.469461
449.093595	1692.920149	9.699123	-0.080353	2.470815
449.682089	1695.228944	9.704128	-0.080459	2.472173
450.074890	1697.586737	9.709133	-0.080529	2.473520
450.681876	1699.808533	9.714138	-0.080638	2.474833
451.321988	1702.073678	9.719143	-0.080753	2.476175
451.690242	1704.441106	9.724147	-0.080819	2.477519
452.157909	1706.728667	9.729152	-0.080903	2.478839
452.662423	1709.039209	9.734157	-0.080994	2.480178
453.147886	1711.376419	9.739162	-0.081081	2.481526
453.618007	1713.741931	9.744167	-0.081166	2.482886
454.169547	1715.946056	9.749171	-0.081265	2.484174
454.585844	1718.313468	9.754176	-0.081340	2.485523
454.791278	1720.820474	9.759181	-0.081377	2.486907
455.132974	1723.344993	9.764186	-0.081439	2.488325
455.842476	1725.728878	9.769191	-0.081566	2.489736
456.170872	1728.245433	9.774195	-0.081625	2.491145
456.621950	1730.781837	9.779200	-0.081706	2.492588
457.089607	1733.239635	9.784205	-0.081790	2.493990
457.475723	1735.797586	9.789210	-0.081860	2.495430
457.938942	1738.362318	9.794215	-0.081943	2.496888
458.193443	1741.041465	9.799219	-0.081989	2.498366
458.691796	1743.662767	9.804224	-0.082079	2.499858
459.150017	1746.357216	9.809229	-0.082161	2.501381
459.670824	1748.995270	9.814234	-0.082255	2.502884
460.028995	1751.667893	9.819239	-0.082319	2.504375
460.546602	1754.359262	9.824243	-0.082412	2.505904
461.015206	1757.100686	9.829248	-0.082497	2.507450
461.490614	1759.780219	9.834253	-0.082582	2.508963
461.917523	1762.567798	9.839258	-0.082659	2.510524
462.566849	1765.223759	9.844263	-0.082776	2.512055
462.980048	1767.887785	9.849267	-0.082850	2.513546
463.689921	1770.442064	9.854272	-0.082977	2.515032
463.958091	1773.225838	9.859277	-0.083026	2.516557
464.238717	1776.054505	9.864282	-0.083077	2.518108
464.864504	1778.762586	9.869287	-0.083189	2.519657
465.368775	1781.498104	9.874291	-0.083280	2.521198
465.873351	1784.265785	9.879296	-0.083370	2.522755
466.436216	1786.885033	9.884301	-0.083472	2.524243
466.866349	1789.662253	9.889306	-0.083549	2.525789
467.352597	1792.437462	9.894311	-0.083636	2.527343
467.510771	1795.307206	9.899315	-0.083665	2.528886
467.922747	1798.237603	9.904320	-0.083739	2.530506
468.488737	1801.144872	9.909325	-0.083841	2.532142
469.159039	1803.826914	9.914330	-0.083961	2.533677
469.711261	1806.616017	9.919335	-0.084061	2.535245
470.230585	1809.425919	9.924339	-0.084154	2.536818
470.852424	1812.087093	9.929344	-0.084266	2.538330
471.223382	1814.876865	9.934349	-0.084333	2.539863
471.558825	1817.765299	9.939354	-0.084393	2.541440
472.153708	1820.528252	9.944359	-0.084500	2.542998
472.446631	1823.395671	9.949363	-0.084553	2.544554
472.890747	1826.296479	9.954368	-0.084633	2.546155
473.645106	1829.102244	9.959373	-0.084768	2.547761
474.130277	1831.857298	9.964378	-0.084856	2.549291
474.681879	1834.674435	9.969383	-0.084955	2.550864
475.132156	1837.499999	9.974387	-0.085036	2.552422
475.646286	1840.173121	9.979392	-0.085128	2.553911
476.160966	1842.995595	9.984397	-0.085221	2.555477
476.731057	1845.731904	9.989402	-0.085323	2.557008
477.354772	1848.360684	9.994407	-0.085435	2.558491
477.877201	1851.097667	9.999411	-0.085529	2.560011
478.457008	1853.741285	10.004416	-0.085633	2.561492
478.873824	1856.458137	10.009421	-0.085708	2.562981
479.268009	1859.174644	10.014426	-0.085779	2.564465
479.761035	1861.926517	10.019431	-0.085868	2.565984
480.508256	1864.567782	10.024435	-0.086002	2.567490
481.095021	1867.087444	10.029440	-0.086107	2.568904
481.492961	1869.814332	10.034445	-0.086179	2.570390
481.822856	1872.527642	10.039450	-0.086239	2.571856
482.617044	1875.146090	10.044455	-0.086381	2.573355
482.953819	1877.846839	10.049459	-0.086442	2.574815
483.558218	1880.258426	10.054464	-0.086550	2.576171

484.021464	1882.551873	10.059469	-0.086634	2.577440
484.310314	1884.617004	10.064474	-0.086686	2.578560
484.737971	1886.646282	10.069479	-0.086763	2.579685
485.373694	1888.403929	10.074483	-0.086877	2.580707
485.834972	1890.002018	10.079488	-0.086959	2.581615
486.162683	1891.471520	10.084493	-0.087018	2.582432
486.354080	1892.842846	10.089498	-0.087053	2.583174
486.749248	1894.076991	10.094503	-0.087124	2.583881
487.126607	1895.199643	10.099507	-0.087192	2.584528
487.469998	1896.160885	10.104512	-0.087253	2.585085
487.914610	1896.950830	10.109517	-0.087333	2.585571
488.086065	1897.674527	10.114522	-0.087364	2.585975
488.234879	1898.489780	10.119527	-0.087391	2.586422
488.476363	1899.042615	10.124531	-0.087434	2.586749
488.958965	1899.391952	10.129536	-0.087521	2.587015
488.930466	1899.940337	10.134541	-0.087516	2.587293
488.954349	1900.443409	10.139546	-0.087520	2.587557
489.155627	1900.707345	10.144551	-0.087556	2.587728
489.397840	1900.921098	10.149555	-0.087600	2.587882
489.614333	1901.028572	10.154560	-0.087639	2.587976
489.731558	1901.397995	10.159565	-0.087660	2.588187
490.004642	1901.291327	10.164570	-0.087709	2.588181
490.060995	1901.292259	10.169575	-0.087719	2.588191
490.300192	1901.217000	10.174579	-0.087762	2.588195
490.647734	1901.078553	10.179584	-0.087824	2.588186
490.706699	1900.776049	10.184589	-0.087835	2.588041
490.757182	1900.438600	10.189594	-0.087844	2.587876
490.935238	1900.300495	10.194599	-0.087876	2.587837
491.163277	1899.806871	10.199603	-0.087917	2.587623
491.282796	1899.392283	10.204608	-0.087938	2.587431
491.593545	1898.763476	10.209613	-0.087994	2.587162
491.568690	1898.234896	10.214618	-0.087989	2.586886
491.708085	1897.626907	10.219623	-0.088014	2.586597
491.734268	1897.025676	10.224627	-0.088019	2.586292
491.738546	1896.399672	10.229632	-0.088020	2.585971
491.677842	1895.825273	10.234637	-0.088009	2.585664
491.715303	1895.238225	10.239642	-0.088016	2.585368
491.788521	1894.594678	10.244647	-0.088029	2.585050
492.026305	1893.811989	10.249651	-0.088071	2.584688
492.182406	1893.021596	10.254656	-0.088099	2.584309
492.115996	1892.339683	10.259661	-0.088088	2.583945
491.975340	1891.620284	10.264666	-0.088062	2.583549
492.230091	1890.748910	10.269671	-0.088108	2.583145
492.149047	1890.093854	10.274675	-0.088094	2.582793
492.177661	1889.369832	10.279680	-0.088099	2.582425
492.146992	1888.577791	10.284685	-0.088093	2.582011
492.289735	1887.706273	10.289690	-0.088119	2.581586
492.493163	1886.845649	10.294695	-0.088155	2.581178
492.319309	1885.954772	10.299699	-0.088124	2.580687
492.339084	1885.159126	10.304704	-0.088128	2.580280
492.375031	1884.319332	10.309709	-0.088134	2.579853
492.202489	1883.501316	10.314714	-0.088103	2.579400
492.436665	1882.653667	10.319719	-0.088145	2.579004
492.335637	1881.802453	10.324723	-0.088127	2.578546
492.229320	1881.027215	10.329728	-0.088108	2.578126
492.305257	1880.317998	10.334733	-0.088122	2.577773
491.962756	1879.632558	10.339738	-0.088060	2.577358
492.172001	1878.798649	10.344743	-0.088098	2.576964
492.382716	1877.967055	10.349747	-0.088136	2.576572
492.338239	1877.114022	10.354752	-0.088128	2.576123
492.316656	1876.273435	10.359757	-0.088124	2.575684
492.226553	1875.551118	10.364762	-0.088108	2.575294
492.427792	1874.624352	10.369767	-0.088144	2.574851
492.470542	1873.727543	10.374771	-0.088151	2.574394
492.465346	1872.848085	10.379776	-0.088150	2.573938
492.339492	1872.015970	10.384781	-0.088128	2.573485
492.405625	1871.212198	10.389786	-0.088140	2.573081
492.340422	1870.286464	10.394791	-0.088128	2.572589
492.564989	1869.376898	10.399795	-0.088168	2.572159
492.700238	1868.303789	10.404800	-0.088192	2.571627
492.721916	1867.360856	10.409805	-0.088196	2.571142
492.653430	1866.373137	10.414810	-0.088184	2.570618
492.604723	1865.485951	10.419815	-0.088175	2.570149
492.701462	1864.505523	10.424819	-0.088193	2.569659
492.698778	1863.465813	10.429824	-0.088192	2.569119
492.686784	1862.558919	10.434829	-0.088190	2.568646
492.603023	1861.580189	10.439834	-0.088175	2.568124
492.560245	1860.791384	10.444839	-0.088167	2.567707
492.595521	1859.820207	10.449843	-0.088174	2.567209
492.589615	1858.864684	10.454848	-0.088173	2.566712
492.533493	1857.975739	10.459853	-0.088162	2.566240
492.601227	1856.988152	10.464858	-0.088175	2.565740
492.644131	1856.104304	10.469863	-0.088182	2.565289
492.608366	1855.112677	10.474867	-0.088176	2.564767
492.519091	1854.298390	10.479872	-0.088160	2.564328
492.587775	1853.278152	10.484877	-0.088172	2.563810
492.379043	1852.510692	10.489882	-0.088135	2.563374
492.400725	1851.639204	10.494887	-0.088139	2.562925
492.467156	1850.876618	10.499891	-0.088151	2.562540
492.421333	1849.998798	10.504896	-0.088142	2.562075
492.409367	1849.130408	10.509901	-0.088140	2.561622
492.411402	1848.281319	10.514906	-0.088141	2.561180
492.511894	1847.315155	10.519911	-0.088159	2.560696
492.392508	1846.592141	10.524915	-0.088137	2.560298
492.403476	1845.602168	10.529920	-0.088139	2.559785
492.436387	1844.816127	10.534925	-0.088145	2.559382
492.201457	1844.002601	10.539930	-0.088103	2.558916
492.299900	1843.159634	10.544935	-0.088121	2.558494
492.241271	1842.424911	10.549939	-0.088110	2.558101
492.294385	1841.678808	10.554944	-0.088120	2.557722
492.334322	1840.825953	10.559949	-0.088127	2.557285
492.124948	1840.119024	10.564954	-0.088090	2.556879
492.313872	1839.257281	10.569959	-0.088123	2.556464
492.206973	1838.456976	10.574963	-0.088104	2.556028
492.097285	1837.747289	10.579968	-0.088085	2.555638
492.204256	1837.030188	10.584973	-0.088104	2.555283
492.005829	1836.263833	10.589978	-0.088068	2.554848
492.172557	1835.482517	10.594983	-0.088098	2.554470
492.247598	1834.728335	10.599987	-0.088112	2.554091
492.133212	1833.951459	10.604992	-0.088091	2.553665
492.099803	1833.179517	10.609997	-0.088085	2.553256
491.997459	1832.572169	10.615002	-0.088067	2.552920
491.986590	1832.006708	10.620007	-0.088065	2.552623
492.034733	1831.272550	10.625011	-0.088074	2.552249
492.174092	1830.482320	10.630016	-0.088099	2.551862
492.102131	1829.706684	10.635021	-0.088086	2.551444
492.066259	1829.025029	10.640026	-0.088079	2.551081
492.074434	1828.285158	10.645031	-0.088081	2.550696
492.151088	1827.563741	10.650035	-0.088095	2.550333
492.215278	1826.653504	10.655040	-0.088106	2.549869
492.167693	1825.955740	10.660045	-0.088098	2.549496
492.035295	1825.279473	10.665050	-0.088074	2.549119
492.207274	1824.475221	10.670055	-0.088105	2.548729
492.132452	1823.657694	10.675059	-0.088091	2.548288
491.924124	1823.092012	10.680064	-0.088054	2.547955
492.033183	1822.431099	10.685069	-0.088074	2.547629
491.893800	1821.762873	10.690074	-0.088049	2.547254
492.016842	1821.068334	10.695079	-0.088071	2.546913
492.014382	1820.330974	10.700083	-0.088070	2.546527
492.004347	1819.586516	10.705088	-0.088069	2.546136
491.989908	1818.900956	10.710093	-0.088066	2.545774
491.875113	1818.319831	10.715098	-0.088045	2.545449
491.929768	1817.630127	10.720103	-0.088055	2.545098
491.852093	1816.993351	10.725107	-0.088041	2.544751
491.760515	1816.353453	10.730112	-0.088025	2.544399
491.853292	1815.736896	10.735117	-0.088042	2.544093
491.643763	1815.173026	10.740122	-0.088004	2.543760
491.798100	1814.564118	10.745127	-0.088032	2.543469
491.721110	1813.962389	10.750131	-0.088018	2.543140
491.794016	1813.453694	10.755136	-0.088031	2.542887
491.937221	1812.778851	10.760141	-0.088057	2.542559
491.840594	1812.105264	10.765146	-0.088040	2.542189
491.834687	1811.462473	10.770151	-0.088039	2.541851
491.991836	1810.732720	10.775155	-0.088067	2.541497
491.809698	1810.145118	10.780160	-0.088034	2.541155
491.826538	1809.492896	10.785165	-0.088037	2.540817
491.806799	1808.899600	10.790170	-0.088034	2.540502
491.744182	1808.330213	10.795175	-0.088023	2.540192
491.713135	1807.689532	10.800179	-0.088017	2.539850
491.716015	1807.112696	10.805184	-0.088018	2.539548
491.745780	1806.536989	10.810189	-0.088023	2.539251
491.651508	1806.004779	10.815194	-0.088006	2.538955
491.538131	1805.422487	10.820199	-0.087986	2.538629
491.556555	1804.922286	10.825203	-0.087989	2.538370
491.465952	1804.446676	10.830208	-0.087973	2.538104
491.575903	1803.990248	10.835213	-0.087993	2.537884
491.650312	1803.359554	10.840218	-0.088006	2.537567
491.826254	1802.737602	10.845223	-0.088038	2.537272
491.962343	1802.022893	10.850227	-0.088062	2.536922
491.739250	1801.438271	10.855232	-0.088022	2.536574
491.622672	1800.910269	10.860237	-0.088001	2.536275
491.329099	1800.439457	10.865242	-0.087949	2.535974
491.336123	1800.020664	10.870247	-0.087950	2.535756
491.378295	1799.636601	10.875251	-0.087958	2.535562
491.226670	1799.319102	10.880256	-0.087931	2.535367
491.511792	1798.607079	10.885261	-0.087982	2.535045
491.426308	1798.141945	10.890266	-0.087967	2.534785
491.435983	1797.674923	10.895271	-0.087968	2.534541
491.337339	1797.313319	10.900275	-0.087951	2.534333
491.275217	1796.893032	10.905280	-0.087940	2.534101
491.290791	1796.335049	10.910285	-0.087943	2.533810
491.193767	1795.995553	10.915290	-0.087925	2.533614
491.224042	1795.701994	10.920295	-0.087931	2.533465
491.182531	1795.129895	10.925299	-0.087923	2.533157
491.185209	1794.920757	10.930304	-0.087924	2.533048
491.168345	1794.740384	10.935309	-0.087921	2.532950
491.079442	1794.172442	10.940314	-0.087905	2.532635
491.051190	1794.056577	10.945319	-0.087900	2.532569
490.931469	1793.578055	10.950323	-0.087879	2.532295
490.838226	1793.525166	10.955328	-0.087862	2.532250
491.000131	1792.933559	10.960333	-0.087891	2.531969
491.056831	1792.752274	10.965338	-0.087902	2.531884
491.147535	1792.291384	10.970343	-0.087918	2.531658
491.091806	1791.932504	10.975347	-0.087908	2.531459
491.041266	1791.715644	10.980352	-0.087899	2.531335
491.154186	1791.147499	10.985357	-0.087919	2.531057
491.285811	1790.810935	10.990362	-0.087943	2.530904
491.177820	1790.480737	10.995367	-0.087924	2.530711
491.129215	1789.993554	11.000371	-0.087915	2.530445
491.124599	1789.764357	11.005376	-0.087914	2.530324
491.336669	1789.257615	11.010381	-0.087952	2.530096
491.104704	1788.805062	11.015386	-0.087911	2.529815
491.077538	1788.617849	11.020391	-0.087906	2.529712
491.084874	1788.141609	11.025395	-0.087907	2.529462
490.928605	1787.914650	11.030400	-0.087879	2.529314
491.235923	1787.512950	11.035405	-0.087935	2.529159
491.081999	1787.051498	11.040410	-0.087907	2.528888
491.223360	1786.750284	11.045415	-0.087932	2.528755
491.439026	1786.248168	11.050419	-0.087971	2.528530
491.182723	1785.741361	11.055424	-0.087925	2.528216
491.401386	1785.397593	11.060429	-0.087964	2.528075
491.301620	1785.081536	11.065434	-0.087947	2.527890
491.332436	1784.560744	11.070439	-0.087952	2.527621
491.423234	1784.043684	11.075443	-0.087968	2.527365
491.386859	1783.536040	11.080448	-0.087962	2.527091
491.286757	1783.231488	11.085453	-0.087944	2.526912
491.409384	1782.740173	11.090458	-0.087966	2.526676
491.125374	1782.239926	11.095463	-0.087915	2.526360
491.147752	1782.010576	11.100467	-0.087920	2.526243
491.214914	1781.606157	11.105472	-0.087932	2.526042
491.440802	1780.990856	11.110477	-0.087972	2.525759
491.520049	1780.539107	11.115482	-0.087986	2.525535
491.327664	1780.099801	11.120487	-0.087952	2.525268
491.345675	1779.721226	11.125491	-0.087955	2.525072
491.279525	1779.214082	11.130496	-0.087943	2.524792
491.360641	1778.739960	11.135501	-0.087958	2.524557
491.227957	1778.395665	11.140506	-0.087934	2.524351
491.170791	1778.063230	11.145511	-0.087924	2.524165
491.266699	1777.491533	11.150515	-0.087941	2.523881
491.191078	1777.191903	11.155520	-0.087928	2.523709
491.106778	1776.905075	11.160525	-0.087913	2.523542
491.021783	1776.442954	11.165530	-0.087898	2.523282
490.855748	1776.378241	11.170535	-0.087868	2.523218
490.988025	1776.044962	11.175539	-0.087892	2.523066
490.949760	1775.899681	11.180544	-0.087885	2.522983
490.955333	1775.370945	11.185549	-0.087886	2.522704
490.833675	1775.323892	11.190554	-0.087865	2.522657
490.772639	1774.910324	11.195559	-0.087854	2.522428
490.859489	1774.736544	11.200563	-0.087869	2.522352
490.900037	1774.414356	11.205568	-0.087877	2.522189
490.807216	1774.147535	11.210573	-0.087860	2.522031
490.917553	1773.996310	11.215578	-0.087880	2.521972
490.888734	1773.521419	11.220583	-0.087875	2.521716
490.909238	1773.476541	11.225587	-0.087879	2.521696
490.913764	1772.885830	11.230592	-0.087879	2.521385
490.749818	1772.953390	11.235597	-0.087850	2.521390
490.808223	1772.439350	11.240602	-0.087861	2.521129
490.729989	1772.367184	11.245607	-0.087847	2.521077
490.702183	1772.315238	11.250611	-0.087842	2.521044
490.638603	1771.796550	11.255616	-0.087831	2.520759
490.634315	1771.801368	11.260621	-0.087830	2.520760
490.737965	1771.699469	11.265626	-0.087849	2.520726
490.836239	1771.175495	11.270631	-0.087866	2.520467
490.784868	1771.211192	11.275635	-0.087857	2.520477
490.806381	1770.738527	11.280640	-0.087861	2.520231
490.854679	1770.561184	11.285645	-0.087870	2.520146
490.868402	1770.309711	11.290650	-0.087872	2.520016
490.838240	1769.962577	11.295655	-0.087867	2.519827
491.035819	1769.745900	11.300659	-0.087902	2.519748
490.977789	1769.323824	11.305664	-0.087892	2.519515
490.940952	1769.084729	11.310669	-0.087886	2.519381
491.158197	1768.663810	11.315674	-0.087925	2.519199
490.973781	1768.292687	11.320679	-0.087892	2.518969
490.893083	1768.157746	11.325683	-0.087877	2.518883
490.970576	1767.717181	11.330688	-0.087891	2.518664
490.878745	1767.594699	11.335693	-0.087875	2.518582
490.841944	1767.226192	11.340698	-0.087868	2.518381
490.760369	1767.019923	11.345703	-0.087854	2.518256
490.982374	1766.809848	11.350707	-0.087894	2.518186
490.849858	1766.536716	11.355712	-0.087870	2.518017
490.850921	1766.453250	11.360717	-0.087870	2.517974
490.890699	1765.906258	11.365722	-0.087877	2.517692
491.079115	1765.692292	11.370727	-0.087911	2.517613
491.129798	1765.225603	11.375731	-0.087920	2.517376
491.140134	1764.825802	11.380736	-0.087922	2.517166
491.138892	1764.607549	11.385741	-0.087922	2.517050
491.007330	1764.062438	11.390746	-0.087899	2.516737
491.183169	1763.821071	11.395751	-0.087930	2.516642
491.142366	1763.405032	11.400755	-0.087923	2.516414
491.045761	1763.013214	11.405760	-0.087906	2.516189
491.070328	1762.851174	11.410765	-0.087910	2.516108
491.031868	1762.282652	11.415770	-0.087903	2.515800
490.949648	1762.217999	11.420775	-0.087889	2.515751
490.964289	1761.745356	11.425779	-0.087891	2.515503
490.895201	1761.695579	11.430784	-0.087879	2.515464
490.861516	1761.160012	11.435789	-0.087873	2.515174
490.993118	1761.090901	11.440794	-0.087897	2.515162
490.861714	1760.554145	11.445799	-0.087873	2.514853
490.754493	1760.604294	11.450803	-0.087854	2.514860
490.882007	1760.142212	11.455808	-0.087877	2.514639
490.865084	1759.967644	11.460813	-0.087874	2.514543
490.743705	1759.754430	11.465818	-0.087853	2.514408
490.864016	1759.377683	11.470823	-0.087874	2.514231
490.755430	1759.430959	11.475827	-0.087855	2.514239
490.658473	1758.839122	11.480832	-0.087838	2.513908
490.657574	1758.832738	11.485837	-0.087838	2.513904
490.757146	1758.791295	11.490842	-0.087856	2.513901
490.753113	1758.198326	11.495847	-0.087855	2.513586
490.847643	1758.193677	11.500851	-0.087872	2.513601
490.803215	1757.814758	11.505856	-0.087864	2.513392
490.778175	1757.627807	11.510861	-0.087860	2.513288
490.672922	1757.671087	11.515866	-0.087841	2.513292
490.675246	1757.266484	11.520871	-0.087841	2.513078
490.494349	1757.320856	11.525875	-0.087809	2.513073
490.452986	1757.315938	11.530880	-0.087802	2.513063
490.490042	1757.307790	11.535885	-0.087809	2.513066
490.436234	1756.775363	11.540890	-0.087799	2.512773
490.427144	1756.705620	11.545895	-0.087797	2.512735
490.361651	1756.740028	11.550899	-0.087786	2.512741
490.375976	1756.718327	11.555904	-0.087789	2.512732
490.431850	1756.703022	11.560909	-0.087799	2.512735
490.463248	1756.676540	11.565914	-0.087804	2.512727
490.515262	1756.099605	11.570919	-0.087814	2.512430
490.485136	1756.089299	11.575923	-0.087808	2.512419
490.306301	1756.158556	11.580928	-0.087777	2.512423
490.443277	1756.124361	11.585933	-0.087801	2.512431
490.498615	1756.096882	11.590938	-0.087811	2.512426
490.557989	1755.599830	11.595943	-0.087822	2.512174
490.508142	1755.484600	11.600947	-0.087813	2.512103
490.356433	1755.519381	11.605952	-0.087786	2.512094
490.513534	1755.481689	11.610957	-0.087814	2.512103
490.479637	1755.484472	11.615962	-0.087808	2.512098
490.826204	1754.789861	11.620967	-0.087870	2.511794
490.726517	1754.827377	11.625971	-0.087853	2.511796
490.731234	1754.509255	11.630976	-0.087854	2.511628
490.681613	1754.226594	11.635981	-0.087845	2.511469
490.793458	1754.181451	11.640986	-0.087865	2.511466
490.738763	1753.746452	11.645991	-0.087855	2.511225
490.782565	1753.604466	11.650995	-0.087863	2.511158
490.694152	1753.584225	11.656000	-0.087847	2.511131
490.658497	1753.059120	11.661005	-0.087841	2.510846
490.787524	1753.007683	11.666010	-0.087864	2.510842
490.842995	1752.788416	11.671015	-0.087874	2.510736
490.716817	1752.499066	11.676019	-0.087852	2.510559
490.689318	1752.475512	11.681024	-0.087847	2.510542
490.828543	1751.954167	11.686029	-0.087872	2.510291
490.856212	1751.801099	11.691034	-0.087877	2.510215
490.731169	1751.603740	11.696039	-0.087855	2.510087
490.844892	1751.211323	11.701043	-0.087875	2.509900
490.838971	1751.211700	11.706048	-0.087874	2.509899
490.902783	1750.607452	11.711053	-0.087886	2.509590
490.696576	1750.672760	11.716058	-0.087849	2.509587
490.681884	1750.349936	11.721063	-0.087846	2.509413
490.738042	1750.084690	11.726067	-0.087856	2.509283
490.802267	1750.058812	11.731072	-0.087868	2.509281
490.614381	1749.581675	11.736077	-0.087834	2.508993
490.774707	1749.453770	11.741082	-0.087863	2.508955
490.381130	1749.596852	11.746087	-0.087793	2.508958
490.296660	1749.629946	11.751091	-0.087778	2.508960
490.202663	1749.641388	11.756096	-0.087761	2.508949
490.217204	1749.545288	11.761101	-0.087764	2.508900
490.313502	1749.039824	11.766106	-0.087781	2.508650
490.298147	1749.040264	11.771111	-0.087779	2.508647
490.357937	1749.039440	11.776115	-0.087789	2.508658
490.265028	1749.054032	11.781120	-0.087773	2.508649
490.377361	1749.012824	11.786125	-0.087793	2.508648
490.431330	1748.991995	11.791130	-0.087803	2.508647
490.333497	1749.030050	11.796135	-0.087785	2.508649
490.344537	1749.027738	11.801139	-0.087787	2.508650
490.279531	1748.521354	11.806144	-0.087776	2.508369
490.313531	1748.437575	11.811149	-0.087782	2.508331
490.337823	1748.434454	11.816154	-0.087787	2.508334
490.585374	1748.344852	11.821159	-0.087831	2.508332
490.318991	1748.448816	11.826163	-0.087783	2.508338
490.301460	1748.441496	11.831168	-0.087780	2.508331
490.250479	1748.466129	11.836173	-0.087771	2.508335
490.420655	1748.368879	11.841178	-0.087802	2.508315
490.460321	1747.903860	11.846183	-0.087809	2.508075
490.541836	1747.871942	11.851187	-0.087824	2.508074
490.346473	1747.949345	11.856192	-0.087789	2.508079
490.484326	1747.908916	11.861197	-0.087814	2.508083
490.367843	1747.946729	11.866202	-0.087793	2.508081
490.532207	1747.425280	11.871207	-0.087822	2.507835
490.524370	1747.281225	11.876211	-0.087821	2.507757
490.526094	1747.265716	11.881216	-0.087822	2.507749
490.551479	1747.259568	11.886221	-0.087826	2.507751
490.463141	1747.053755	11.891226	-0.087810	2.507625
490.444273	1746.697112	11.896231	-0.087807	2.507432
490.511969	1746.698507	11.901235	-0.087819	2.507446
490.433019	1746.714405	11.906240	-0.087805	2.507440
490.370041	1746.739116	11.911245	-0.087794	2.507441
490.326204	1746.762722	11.916250	-0.087787	2.507446
490.393262	1746.273022	11.921255	-0.087799	2.507198
490.511918	1746.079540	11.926259	-0.087820	2.507117
490.413644	1746.123627	11.931264	-0.087802	2.507122
490.514415	1746.084100	11.936269	-0.087821	2.507120
490.408391	1746.137060	11.941274	-0.087802	2.507129
490.453968	1745.719517	11.946279	-0.087810	2.506915
490.515214	1745.508813	11.951283	-0.087821	2.506815
490.333391	1745.561821	11.956288	-0.087789	2.506809
490.395050	1745.541240	11.961293	-0.087800	2.506810
490.331142	1745.568919	11.966298	-0.087788	2.506813
490.332318	1745.557717	11.971303	-0.087789	2.506807
490.466266	1745.409123	11.976307	-0.087813	2.506753
490.338786	1744.954029	11.981312	-0.087790	2.506488
490.387574	1744.934419	11.986317	-0.087799	2.506487
490.318119	1744.940550	11.991322	-0.087787	2.506477
490.127450	1745.011918	11.996327	-0.087753	2.506480
490.339926	1744.937189	12.001331	-0.087791	2.506480
490.259011	1744.955543	12.006336	-0.087776	2.506475
490.245381	1744.984157	12.011341	-0.087774	2.506487
490.280320	1744.961751	12.016346	-0.087780	2.506482
490.309093	1744.945903	12.021351	-0.087786	2.506479
490.363200	1744.884509	12.026355	-0.087795	2.506457
490.107375	1744.708264	12.031360	-0.087750	2.506315
490.443348	1744.501450	12.036365	-0.087810	2.506268
490.482436	1744.317613	12.041370	-0.087817	2.506178
490.321451	1744.360709	12.046375	-0.087788	2.506171
490.182159	1744.420004	12.051379	-0.087764	2.506177
490.321817	1744.371588	12.056384	-0.087789	2.506177
490.229554	1744.397724	12.061389	-0.087772	2.506174
490.401993	1744.338739	12.066394	-0.087803	2.506174
490.318184	1744.363389	12.071399	-0.087788	2.506172
490.387926	1744.012697	12.076403	-0.087801	2.505999
490.178358	1743.815652	12.081408	-0.087763	2.505855
490.207722	1743.811631	12.086413	-0.087769	2.505859
490.352942	1743.763325	12.091418	-0.087795	2.505860
490.240225	1743.796021	12.096423	-0.087775	2.505857
490.276507	1743.803378	12.101427	-0.087781	2.505867
490.257998	1743.791132	12.106432	-0.087778	2.505857
490.268258	1743.812276	12.111437	-0.087780	2.505871
490.217234	1743.819606	12.116442	-0.087771	2.505865
490.388324	1743.740250	12.121447	-0.087802	2.505855
490.274389	1743.800080	12.126451	-0.087782	2.505866
490.354932	1743.755582	12.131456	-0.087796	2.505857
490.301090	1743.582223	12.136461	-0.087787	2.505755
490.372484	1743.208410	12.141466	-0.087799	2.505570
490.255510	1743.246704	12.146471	-0.087779	2.505568
490.451403	1743.179520	12.151475	-0.087814	2.505569
490.490374	1743.161870	12.156480	-0.087821	2.505567
490.475601	1743.187353	12.161485	-0.087818	2.505578
490.445537	1742.777991	12.166490	-0.087813	2.505355
490.416262	1742.564398	12.171495	-0.087808	2.505236
490.518824	1742.537152	12.176499	-0.087826	2.505241
490.323649	1742.579586	12.181504	-0.087792	2.505227
490.342308	1742.598962	12.186509	-0.087795	2.505241
490.410835	1742.581257	12.191514	-0.087807	2.505244
490.397541	1742.285511	12.196519	-0.087805	2.505085
490.438172	1741.999990	12.201523	-0.087812	2.504940
490.399866	1741.990267	12.206528	-0.087806	2.504928
490.413141	1741.990397	12.211533	-0.087808	2.504931
490.403508	1741.995009	12.216538	-0.087807	2.504932
490.460923	1741.959767	12.221543	-0.087817	2.504924
490.466872	1741.596314	12.226547	-0.087818	2.504731
490.383284	1741.382391	12.231552	-0.087803	2.504602
490.296413	1741.418975	12.236557	-0.087788	2.504606
490.373397	1741.395085	12.241562	-0.087802	2.504607
490.366869	1741.405066	12.246567	-0.087801	2.504612
490.450563	1741.377365	12.251571	-0.087816	2.504613
490.469025	1741.290022	12.256576	-0.087819	2.504570
490.367448	1740.833071	12.261581	-0.087801	2.504308
490.420820	1740.809217	12.266586	-0.087811	2.504305
490.424496	1740.810059	12.271591	-0.087811	2.504306
490.350493	1740.848600	12.276595	-0.087798	2.504313
490.366342	1740.831696	12.281600	-0.087801	2.504307
490.439666	1740.816710	12.286605	-0.087814	2.504313
490.333277	1740.378796	12.291610	-0.087795	2.504060
490.378459	1740.213799	12.296615	-0.087804	2.503981
490.356393	1740.218062	12.301619	-0.087800	2.503979
490.279464	1740.229470	12.306624	-0.087786	2.503971
490.335439	1740.226409	12.311629	-0.087796	2.503980
490.307049	1740.229949	12.316634	-0.087791	2.503977
490.431317	1740.198627	12.321639	-0.087814	2.503983
490.330866	1740.236437	12.326643	-0.087796	2.503985
490.420574	1739.719806	12.331648	-0.087812	2.503727
490.519174	1739.587188	12.336653	-0.087830	2.503675
490.447847	1739.618634	12.341658	-0.087817	2.503678
490.359396	1739.653132	12.346663	-0.087801	2.503680
490.339508	1739.663966	12.351667	-0.087798	2.503682
490.436069	1739.561973	12.356672	-0.087815	2.503646
490.365342	1739.047514	12.361677	-0.087803	2.503359
490.367650	1739.056163	12.366682	-0.087803	2.503364
490.354035	1739.062753	12.371687	-0.087801	2.503365
490.493041	1739.011320	12.376691	-0.087826	2.503364
490.356541	1739.055279	12.381696	-0.087801	2.503362
490.410115	1739.053930	12.386701	-0.087811	2.503372
490.207451	1739.121301	12.391706	-0.087775	2.503370
490.293098	1738.719377	12.396711	-0.087790	2.503172
490.358187	1738.627806	12.401715	-0.087802	2.503135
490.269253	1738.649280	12.406720	-0.087786	2.503130
490.404819	1738.605206	12.411725	-0.087811	2.503132
490.328049	1738.621843	12.416730	-0.087797	2.503127
490.481558	1738.574431	12.421735	-0.087825	2.503130
490.486698	1738.586486	12.426739	-0.087826	2.503138
490.440594	1738.031581	12.431744	-0.087818	2.502834
490.461505	1737.951646	12.436749	-0.087821	2.502795
490.217660	1738.032534	12.441754	-0.087778	2.502793
490.242719	1738.023556	12.446759	-0.087782	2.502793
490.356948	1738.001006	12.451763	-0.087803	2.502803
490.221431	1738.041401	12.456768	-0.087779	2.502799
490.332561	1738.004104	12.461773	-0.087799	2.502800
490.352771	1737.990372	12.466778	-0.087803	2.502796
490.311863	1737.958716	12.471783	-0.087795	2.502772
490.255975	1737.435747	12.476787	-0.087785	2.502483
490.187173	1737.444916	12.481792	-0.087773	2.502476
490.329057	1737.410352	12.486797	-0.087799	2.502484
490.257572	1737.435407	12.491802	-0.087786	2.502484
490.361895	1737.384366	12.496807	-0.087805	2.502476
490.363384	1737.393004	12.501811	-0.087805	2.502481
490.405901	1737.373236	12.506816	-0.087813	2.502479
490.422721	1737.372120	12.511821	-0.087816	2.502481
490.302633	1737.419143	12.516826	-0.087795	2.502484
490.377035	1736.799122	12.521831	-0.087808	2.502168
490.520568	1736.746101	12.526835	-0.087834	2.502166
490.285675	1736.815077	12.531840	-0.087792	2.502160
490.374770	1736.782839	12.536845	-0.087808	2.502159
490.112425	1736.883976	12.541850	-0.087761	2.502164
490.022994	1736.916769	12.546855	-0.087745	2.502165
490.077834	1736.898262	12.551859	-0.087755	2.502166
490.189903	1736.844221	12.556864	-0.087775	2.502158
490.135325	1736.866006	12.561869	-0.087766	2.502159
490.011907	1736.916831	12.566874	-0.087744	2.502164
490.083228	1736.880841	12.571879	-0.087757	2.502158
490.220361	1736.856139	12.576883	-0.087781	2.502170
490.173870	1736.854583	12.581888	-0.087773	2.502161
490.282494	1736.813762	12.586893	-0.087793	2.502160
490.095311	1736.890682	12.591898	-0.087759	2.502166
490.183206	1736.859743	12.596903	-0.087775	2.502166
490.262259	1736.839514	12.601907	-0.087789	2.502170
490.169013	1736.868951	12.606912	-0.087773	2.502168
490.427643	1736.764862	12.611917	-0.087819	2.502161
490.298721	1736.811456	12.616922	-0.087796	2.502162
490.238201	1736.830335	12.621927	-0.087785	2.502161
490.409287	1736.600637	12.626931	-0.087816	2.502071
490.283490	1736.232945	12.631936	-0.087794	2.501851
490.593918	1736.140347	12.636941	-0.087849	2.501860
490.266071	1736.254123	12.641946	-0.087791	2.501860
490.200203	1736.277802	12.646951	-0.087779	2.501860
490.278773	1736.247484	12.651955	-0.087793	2.501859
490.231684	1736.244088	12.656960	-0.087785	2.501848
490.234359	1736.271649	12.661965	-0.087786	2.501864
490.172266	1736.279065	12.666970	-0.087775	2.501856
490.355783	1736.208551	12.671975	-0.087808	2.501853
490.483488	1735.862760	12.676979	-0.087830	2.501693
490.531058	1735.557594	12.681984	-0.087839	2.501539
490.508613	1735.559945	12.686989	-0.087835	2.501536
490.594921	1735.536590	12.691994	-0.087851	2.501540
490.363114	1735.482613	12.696999	-0.087809	2.501468
490.501503	1734.987820	12.702003	-0.087834	2.501230
490.528372	1734.964146	12.707008	-0.087839	2.501223
490.495890	1734.970006	12.712013	-0.087833	2.501220
490.480149	1734.976459	12.717018	-0.087831	2.501221
490.304419	1734.973210	12.722023	-0.087799	2.501186
490.432053	1734.418076	12.727027	-0.087822	2.500914
490.282415	1734.454928	12.732032	-0.087796	2.500906
490.325471	1734.444930	12.737037	-0.087803	2.500909
490.188473	1734.498455	12.742042	-0.087779	2.500912
490.237698	1734.477805	12.747047	-0.087788	2.500910
490.184214	1734.494229	12.752051	-0.087778	2.500909
490.016797	1734.533489	12.757056	-0.087749	2.500899
490.034977	1734.537752	12.762061	-0.087752	2.500905
490.056268	1734.536533	12.767066	-0.087756	2.500908
490.025261	1734.538070	12.772071	-0.087750	2.500904
490.002471	1734.566027	12.777075	-0.087747	2.500914
489.810774	1734.857781	12.782080	-0.087712	2.501034
490.023778	1735.119702	12.787085	-0.087751	2.501214
490.080522	1735.108143	12.792090	-0.087761	2.501218
489.975120	1735.130995	12.797095	-0.087742	2.501211
490.071352	1735.109735	12.802099	-0.087759	2.501218
489.983561	1735.134927	12.807104	-0.087744	2.501215
490.137563	1735.083222	12.812109	-0.087772	2.501216
490.260528	1735.045001	12.817114	-0.087794	2.501219
490.155933	1735.082512	12.822119	-0.087775	2.501219
490.136318	1735.092077	12.827123	-0.087772	2.501221
490.057745	1735.114925	12.832128	-0.087758	2.501218
490.062847	1735.104133	12.837133	-0.087759	2.501214
490.129298	1735.091525	12.842138	-0.087771	2.501220
490.114874	1735.085799	12.847143	-0.087768	2.501214
490.339392	1735.026145	12.852147	-0.087809	2.501224
490.465584	1734.973028	12.857152	-0.087831	2.501219
490.619128	1734.796682	12.862157	-0.087859	2.501154
490.531397	1734.346415	12.867162	-0.087843	2.500898
490.512108	1734.357330	12.872167	-0.087840	2.500900
490.675336	1734.291559	12.877171	-0.087869	2.500896
490.580369	1734.051830	12.882176	-0.087852	2.500750
490.521121	1733.811640	12.887181	-0.087842	2.500612
490.691428	1733.760674	12.892186	-0.087872	2.500616
490.373848	1733.854186	12.897191	-0.087816	2.500607
490.597048	1733.416582	12.902195	-0.087856	2.500415
490.596438	1733.151830	12.907200	-0.087856	2.500274
490.471274	1733.204734	12.912205	-0.087833	2.500279
490.632417	1733.156675	12.917210	-0.087862	2.500284
490.497994	1732.726708	12.922215	-0.087838	2.500030
490.506371	1732.633663	12.927219	-0.087840	2.499982
490.302570	1732.689462	12.932224	-0.087803	2.499974
490.530000	1732.597729	12.937229	-0.087844	2.499967
490.449123	1732.639837	12.942234	-0.087830	2.499975
490.318346	1732.453139	12.947239	-0.087807	2.499851
490.415721	1732.045572	12.952243	-0.087824	2.499652
490.274634	1732.098189	12.957248	-0.087799	2.499654
490.274055	1732.100513	12.962253	-0.087799	2.499655
490.406675	1732.057441	12.967258	-0.087823	2.499657
490.376504	1732.034392	12.972263	-0.087818	2.499639
490.497856	1732.040347	12.977267	-0.087839	2.499665
490.613819	1731.564828	12.982272	-0.087860	2.499433
490.305720	1731.512484	12.987277	-0.087805	2.499348
490.455470	1731.458444	12.992282	-0.087832	2.499347
490.416553	1731.465096	12.997287	-0.087825	2.499344
490.556576	1731.441097	13.002291	-0.087850	2.499357
490.392944	1731.215012	13.007296	-0.087821	2.499206
490.510794	1730.848382	13.012301	-0.087842	2.499033
490.733642	1730.759124	13.017306	-0.087882	2.499027
490.583784	1730.798126	13.022311	-0.087856	2.499020
490.665020	1730.308808	13.027315	-0.087870	2.498774
490.426157	1730.284695	13.032320	-0.087828	2.498717
490.326739	1730.327430	13.037325	-0.087810	2.498721
490.593873	1730.227953	13.042330	-0.087858	2.498718
490.467788	1730.194847	13.047335	-0.087835	2.498677
490.563343	1729.660495	13.052339	-0.087852	2.498410
490.455491	1729.676624	13.057344	-0.087833	2.498399
490.429541	1729.700108	13.062349	-0.087829	2.498406
490.545525	1729.660795	13.067354	-0.087850	2.498407
490.394815	1729.438207	13.072359	-0.087823	2.498260
490.682849	1729.163753	13.077363	-0.087874	2.498168
490.542761	1729.190279	13.082368	-0.087849	2.498156
490.423341	1729.217771	13.087373	-0.087828	2.498148
490.572751	1728.870080	13.092378	-0.087855	2.497991
490.284243	1728.642480	13.097383	-0.087803	2.497816
490.474404	1728.584832	13.102387	-0.087838	2.497821
490.381271	1728.607816	13.107392	-0.087821	2.497816
490.375134	1728.605061	13.112397	-0.087820	2.497813
490.460882	1728.602648	13.117402	-0.087835	2.497828
490.304922	1728.400980	13.122407	-0.087808	2.497691
490.290667	1728.076349	13.127411	-0.087805	2.497516
490.286777	1728.057889	13.132416	-0.087805	2.497505
490.259747	1728.065658	13.137421	-0.087800	2.497504
490.472155	1728.010172	13.142426	-0.087838	2.497515
490.473549	1727.999810	13.147431	-0.087838	2.497509
490.525059	1727.986257	13.152435	-0.087848	2.497512
490.482076	1727.646831	13.157440	-0.087840	2.497323
490.329384	1727.451972	13.162445	-0.087813	2.497190
490.383291	1727.441674	13.167450	-0.087823	2.497195
490.501143	1727.384736	13.172455	-0.087844	2.497187
490.623223	1727.363174	13.177459	-0.087866	2.497198
490.434032	1727.191036	13.182464	-0.087832	2.497071
490.496204	1726.826011	13.187469	-0.087843	2.496888
490.521152	1726.820867	13.192474	-0.087848	2.496890
490.562466	1726.806198	13.197479	-0.087855	2.496890
490.551547	1726.701004	13.202483	-0.087853	2.496832
490.562843	1726.177182	13.207488	-0.087855	2.496555
490.402710	1726.249927	13.212493	-0.087827	2.496564
490.321368	1726.255347	13.217498	-0.087812	2.496552
490.409490	1726.213195	13.222503	-0.087828	2.496546
490.568081	1726.149904	13.227507	-0.087857	2.496542
490.619660	1725.571120	13.232512	-0.087866	2.496242
490.539273	1725.613926	13.237517	-0.087852	2.496250
490.464073	1725.648779	13.242522	-0.087838	2.496255
490.512708	1725.613713	13.247527	-0.087847	2.496245
490.430273	1725.077484	13.252531	-0.087833	2.495944
490.550040	1725.009646	13.257536	-0.087854	2.495930
490.344047	1725.082061	13.262541	-0.087817	2.495930
490.428716	1725.062749	13.267546	-0.087833	2.495936
490.326853	1725.093480	13.272551	-0.087815	2.495934
490.340342	1725.097604	13.277555	-0.087817	2.495938
490.565268	1724.531691	13.282560	-0.087857	2.495678
490.203607	1724.574960	13.287565	-0.087793	2.495634
490.119511	1724.620525	13.292570	-0.087778	2.495643
490.053554	1724.615314	13.297575	-0.087766	2.495628
490.128556	1724.618088	13.302579	-0.087780	2.495643
490.081182	1724.631223	13.307584	-0.087771	2.495642
490.067189	1724.633266	13.312589	-0.087769	2.495640
490.059461	1724.644225	13.317594	-0.087768	2.495645
490.049980	1724.666028	13.322599	-0.087766	2.495655
490.012014	1725.184512	13.327603	-0.087759	2.495925
489.904202	1725.220832	13.332608	-0.087740	2.495924
490.040745	1725.182206	13.337613	-0.087765	2.495929
490.092905	1725.176312	13.342618	-0.087774	2.495936
490.076743	1725.160695	13.347623	-0.087771	2.495924
490.071340	1725.199491	13.352627	-0.087771	2.495944
490.025826	1725.204666	13.357632	-0.087763	2.495939
490.042049	1725.198479	13.362637	-0.087766	2.495939
490.021120	1725.215810	13.367642	-0.087762	2.495944
490.071505	1725.174286	13.372647	-0.087771	2.495931
490.114010	1725.170599	13.377651	-0.087779	2.495937
490.030745	1725.197164	13.382656	-0.087764	2.495936
490.212129	1725.135253	13.387661	-0.087797	2.495937
490.141131	1725.164836	13.392666	-0.087784	2.495940
490.076592	1725.160002	13.397671	-0.087773	2.495925
490.086635	1725.179947	13.402675	-0.087775	2.495938
490.104723	1725.159075	13.407680	-0.087778	2.495930
490.006127	1725.196265	13.412685	-0.087760	2.495932
490.152470	1725.179352	13.417690	-0.087787	2.495950
490.168669	1725.129907	13.422695	-0.087790	2.495927
490.118000	1725.176351	13.427699	-0.087781	2.495942
490.216929	1725.119601	13.432704	-0.087798	2.495931
490.277397	1725.084490	13.437709	-0.087809	2.495923
490.301030	1725.088574	13.442714	-0.087814	2.495930
490.157551	1725.129476	13.447719	-0.087788	2.495925
490.146652	1725.152362	13.452723	-0.087786	2.495936
490.278845	1725.096548	13.457728	-0.087810	2.495931
490.330242	1725.087997	13.462733	-0.087819	2.495936
490.200345	1725.125610	13.467738	-0.087796	2.495932
490.223004	1725.117464	13.472743	-0.087800	2.495932
490.108096	1725.164744	13.477747	-0.087780	2.495936
490.398641	1725.042141	13.482752	-0.087832	2.495924
490.585863	1724.975849	13.487757	-0.087866	2.495924
490.468036	1724.673646	13.492762	-0.087845	2.495741
490.418292	1724.488837	13.497767	-0.087836	2.495633
490.525215	1724.464077	13.502771	-0.087855	2.495640
490.390017	1724.516409	13.507776	-0.087831	2.495643
490.351644	1724.524934	13.512781	-0.087824	2.495640
490.433356	1724.447023	13.517786	-0.087839	2.495614
490.411043	1723.870328	13.522791	-0.087835	2.495302
490.396866	1723.901371	13.527795	-0.087833	2.495316
490.455214	1723.856773	13.532800	-0.087843	2.495303
490.480102	1723.858953	13.537805	-0.087848	2.495309
490.391211	1723.899471	13.542810	-0.087832	2.495314
490.136958	1723.969485	13.547815	-0.087787	2.495304
490.363620	1723.728647	13.552819	-0.087827	2.495218
490.170624	1723.383583	13.557824	-0.087793	2.494998
490.086693	1723.427043	13.562829	-0.087778	2.495006
490.216651	1723.369086	13.567834	-0.087801	2.494999
490.239812	1723.345275	13.572839	-0.087806	2.494991
490.309920	1723.328419	13.577843	-0.087818	2.494995
490.090296	1723.397137	13.582848	-0.087779	2.494991
490.091468	1723.391830	13.587853	-0.087779	2.494988
490.084887	1723.399756	13.592858	-0.087778	2.494991
490.072967	1723.400198	13.597863	-0.087776	2.494989
490.076966	1723.407638	13.602867	-0.087777	2.494994
490.193546	1723.764669	13.607872	-0.087798	2.495207
490.107934	1723.404545	13.612877	-0.087783	2.494999
490.272804	1723.330285	13.617882	-0.087812	2.494990
490.219099	1723.349728	13.622887	-0.087803	2.494990
490.137246	1723.384862	13.627891	-0.087788	2.494994
490.078527	1723.401383	13.632896	-0.087778	2.494992
490.177883	1723.356470	13.637901	-0.087796	2.494987
490.349384	1723.313788	13.642906	-0.087827	2.494996
490.257504	1723.338111	13.647911	-0.087810	2.494992
490.274477	1723.352409	13.652915	-0.087814	2.495003
490.270139	1723.349906	13.657920	-0.087813	2.495001
490.390212	1723.312650	13.662925	-0.087834	2.495003
490.480009	1723.292413	13.667930	-0.087851	2.495010
490.382245	1723.308858	13.672935	-0.087833	2.495000
490.357866	1722.879423	13.677939	-0.087829	2.494766
490.376115	1722.705095	13.682944	-0.087832	2.494677
490.317939	1722.724934	13.687949	-0.087822	2.494677
490.420232	1722.692726	13.692954	-0.087840	2.494679
490.254392	1722.739127	13.697959	-0.087811	2.494673
490.395348	1722.705080	13.702963	-0.087836	2.494681
490.438303	1722.683989	13.707968	-0.087844	2.494678
490.347023	1722.474647	13.712973	-0.087828	2.494549
490.534304	1722.089565	13.717978	-0.087861	2.494378
490.493103	1722.087397	13.722983	-0.087854	2.494370
490.389867	1722.130597	13.727987	-0.087836	2.494373
490.278610	1722.181570	13.732992	-0.087816	2.494380
490.234294	1722.188673	13.737997	-0.087808	2.494376
490.234637	1722.199434	13.743002	-0.087808	2.494382
490.079313	1722.258520	13.748007	-0.087781	2.494384
490.140376	1722.230509	13.753011	-0.087792	2.494381
490.389458	1722.134382	13.758016	-0.087836	2.494376
490.396415	1721.577242	13.763021	-0.087838	2.494080
490.200549	1721.593258	13.768026	-0.087803	2.494052
490.100703	1721.623880	13.773031	-0.087785	2.494050
490.178011	1721.604499	13.778035	-0.087799	2.494054
490.293022	1721.554400	13.783040	-0.087820	2.494049
490.285359	1721.550726	13.788045	-0.087818	2.494045
490.161605	1721.614250	13.793050	-0.087796	2.494056
489.943305	1721.661777	13.798055	-0.087757	2.494041
489.994919	1721.655767	13.803059	-0.087767	2.494048
490.305033	1721.544128	13.808064	-0.087822	2.494046
490.208467	1721.562793	13.813069	-0.087805	2.494038
490.251028	1721.559075	13.818074	-0.087813	2.494044
489.961411	1721.668652	13.823079	-0.087761	2.494049
490.099697	1721.632319	13.828083	-0.087786	2.494055
490.109272	1721.620277	13.833088	-0.087788	2.494051
490.165922	1721.586798	13.838093	-0.087798	2.494044
490.136315	1721.614463	13.843098	-0.087793	2.494053
490.008062	1721.640418	13.848103	-0.087770	2.494043
490.080015	1721.636640	13.853107	-0.087783	2.494055
490.483020	1721.489579	13.858112	-0.087855	2.494051
490.411273	1721.499854	13.863117	-0.087843	2.494044
490.416308	1721.507220	13.868122	-0.087844	2.494049
490.289784	1721.555063	13.873127	-0.087821	2.494051
490.341307	1721.523378	13.878131	-0.087830	2.494043
490.361333	1721.538352	13.883136	-0.087834	2.494055
490.436320	1721.172170	13.888141	-0.087848	2.493874
490.513698	1720.897766	13.893146	-0.087861	2.493742
490.435625	1720.907628	13.898151	-0.087848	2.493733
490.494922	1720.909443	13.903155	-0.087858	2.493745
490.415247	1720.949075	13.908160	-0.087844	2.493751
490.384575	1720.629248	13.913165	-0.087839	2.493575
490.386646	1720.352016	13.918170	-0.087839	2.493427
490.355583	1720.355655	13.923175	-0.087834	2.493423
490.303295	1720.377526	13.928179	-0.087825	2.493425
490.421402	1720.345326	13.933184	-0.087846	2.493430
490.364319	1720.361573	13.938189	-0.087836	2.493428
490.352395	1720.368445	13.943194	-0.087834	2.493430
490.308675	1720.380601	13.948199	-0.087826	2.493428
490.300542	1719.957440	13.953203	-0.087825	2.493201
490.284155	1719.950980	13.958208	-0.087822	2.493194
490.518779	1719.864867	13.963213	-0.087864	2.493192
490.493601	1719.876668	13.968218	-0.087859	2.493194
490.199361	1719.968598	13.973223	-0.087807	2.493188
490.318396	1719.934319	13.978227	-0.087828	2.493192
490.381794	1719.922136	13.983232	-0.087840	2.493198
490.469370	1719.412381	13.988237	-0.087855	2.492942
490.434917	1719.272674	13.993242	-0.087849	2.492861
490.466805	1719.247572	13.998247	-0.087855	2.492853
490.375344	1719.295706	14.003251	-0.087839	2.492862
490.480912	1719.258837	14.008256	-0.087858	2.492862
490.580698	1718.912455	14.013261	-0.087876	2.492696
490.456922	1718.695706	14.018266	-0.087854	2.492557
490.243795	1718.753133	14.023271	-0.087816	2.492548
490.186482	1718.786397	14.028275	-0.087806	2.492555
490.265656	1718.751172	14.033280	-0.087820	2.492551
490.301745	1718.720806	14.038285	-0.087827	2.492542
490.341076	1718.734848	14.043290	-0.087834	2.492557
490.378689	1718.709204	14.048295	-0.087841	2.492550
490.399588	1718.489430	14.053299	-0.087844	2.492437
490.377251	1718.104102	14.058304	-0.087840	2.492227
490.446718	1718.067019	14.063309	-0.087853	2.492220
490.375714	1718.105657	14.068314	-0.087840	2.492227
490.434704	1718.080122	14.073319	-0.087851	2.492225
490.285324	1718.137723	14.078323	-0.087824	2.492228
490.451608	1718.068802	14.083328	-0.087854	2.492222
490.449882	1717.530356	14.088333	-0.087854	2.491934
490.516033	1717.479256	14.093338	-0.087866	2.491919
490.276991	1717.554227	14.098343	-0.087823	2.491915
490.454989	1717.500469	14.103347	-0.087855	2.491919
490.435056	1717.495841	14.108352	-0.087852	2.491913
490.439889	1717.247304	14.113357	-0.087853	2.491781
490.299922	1716.945271	14.118362	-0.087828	2.491594
490.320963	1716.912881	14.123367	-0.087832	2.491581
490.371867	1716.908560	14.128371	-0.087841	2.491588
490.368466	1716.892312	14.133376	-0.087840	2.491579
490.367763	1716.916559	14.138381	-0.087840	2.491592
490.430850	1716.879667	14.143386	-0.087852	2.491584
490.253771	1716.933832	14.148391	-0.087820	2.491580
490.435548	1716.467574	14.153395	-0.087853	2.491364
490.404279	1716.297672	14.158400	-0.087847	2.491268
490.422573	1716.293966	14.163405	-0.087851	2.491269
490.519127	1716.280378	14.168410	-0.087868	2.491280
490.407614	1716.306930	14.173415	-0.087848	2.491274
490.507645	1716.000044	14.178419	-0.087866	2.491128
490.400977	1715.727881	14.183424	-0.087847	2.490963
490.487248	1715.679376	14.188429	-0.087863	2.490953
490.289695	1715.769015	14.193434	-0.087828	2.490964
490.311217	1715.749591	14.198439	-0.087831	2.490958
490.332774	1715.758455	14.203443	-0.087835	2.490967
490.377962	1715.739792	14.208448	-0.087844	2.490966
490.520873	1715.407719	14.213453	-0.087869	2.490815
490.331102	1715.208151	14.218458	-0.087835	2.490673
490.275214	1715.230117	14.223463	-0.087826	2.490674
490.490466	1715.164181	14.228467	-0.087864	2.490679
490.287206	1715.226061	14.233472	-0.087828	2.490674
490.461452	1715.156099	14.238477	-0.087859	2.490670
490.268154	1715.242498	14.243482	-0.087825	2.490680
490.353320	1715.059605	14.248487	-0.087840	2.490598
490.292532	1714.604022	14.253491	-0.087829	2.490343
490.315611	1714.620808	14.258496	-0.087833	2.490356
490.511204	1714.513911	14.263501	-0.087869	2.490336
490.341302	1714.598247	14.268506	-0.087838	2.490349
490.365773	1714.573126	14.273511	-0.087843	2.490341
490.418215	1714.553965	14.278515	-0.087852	2.490340
490.460421	1714.276459	14.283520	-0.087860	2.490200
490.360787	1714.005162	14.288525	-0.087842	2.490036
490.524226	1713.949187	14.293530	-0.087871	2.490037
490.481178	1713.937204	14.298535	-0.087864	2.490022
490.495042	1713.951670	14.303539	-0.087866	2.490033
490.440867	1713.708226	14.308544	-0.087857	2.489893
490.478056	1713.354661	14.313549	-0.087864	2.489710
490.429475	1713.376987	14.318554	-0.087855	2.489713
490.335415	1713.400362	14.323559	-0.087838	2.489708
490.361936	1713.406604	14.328563	-0.087843	2.489717
490.361305	1713.405437	14.333568	-0.087843	2.489716
490.479438	1713.103166	14.338573	-0.087864	2.489577
490.632074	1712.743634	14.343578	-0.087892	2.489413
490.574672	1712.748346	14.348583	-0.087882	2.489405
490.550913	1712.757318	14.353587	-0.087877	2.489405
490.484492	1712.403063	14.358592	-0.087866	2.489203
490.577684	1712.128232	14.363597	-0.087882	2.489074
490.511644	1712.164250	14.368602	-0.087871	2.489081
490.369801	1712.205525	14.373607	-0.087845	2.489076
490.554721	1712.078466	14.378611	-0.087879	2.489043
490.339965	1711.658431	14.383616	-0.087840	2.488778
490.257747	1711.668922	14.388621	-0.087826	2.488768
490.338101	1711.660391	14.393626	-0.087840	2.488779
490.119736	1711.722921	14.398631	-0.087801	2.488772
490.093138	1711.736385	14.403635	-0.087797	2.488774
490.054429	1711.757004	14.408640	-0.087790	2.488778
490.226326	1711.692810	14.413645	-0.087821	2.488776
490.386817	1711.642230	14.418650	-0.087849	2.488779
490.291339	1711.665817	14.423655	-0.087832	2.488774
490.236432	1711.689775	14.428659	-0.087823	2.488776
490.410395	1711.633895	14.433664	-0.087854	2.488779
490.448065	1711.605910	14.438669	-0.087861	2.488771
490.463063	1711.168741	14.443674	-0.087864	2.488540
490.386677	1711.027669	14.448679	-0.087850	2.488451
490.577642	1710.989442	14.453683	-0.087884	2.488466
490.391014	1711.052523	14.458688	-0.087851	2.488465
490.557745	1710.967985	14.463693	-0.087881	2.488451
490.503879	1710.594618	14.468698	-0.087871	2.488241
490.539037	1710.493198	14.473703	-0.087878	2.488193
490.355547	1710.591030	14.478707	-0.087845	2.488212
490.450040	1710.561512	14.483712	-0.087862	2.488214
490.477457	1710.534205	14.488717	-0.087867	2.488204
490.603910	1709.952327	14.493722	-0.087890	2.487916
490.451546	1709.911043	14.498727	-0.087863	2.487866
490.410426	1709.948532	14.503731	-0.087855	2.487878
490.424419	1709.934378	14.508736	-0.087858	2.487873
490.299694	1709.983949	14.513741	-0.087836	2.487877
490.270868	1709.985370	14.518746	-0.087831	2.487872
490.252314	1709.492801	14.523751	-0.087827	2.487605
490.341313	1709.365558	14.528755	-0.087844	2.487554
490.253627	1709.396915	14.533760	-0.087828	2.487554
490.232376	1709.405884	14.538765	-0.087824	2.487555
490.323054	1709.372453	14.543770	-0.087841	2.487554
490.317243	1709.372228	14.548775	-0.087840	2.487553
490.312959	1709.370885	14.553779	-0.087839	2.487552
490.220850	1709.411075	14.558784	-0.087823	2.487556
490.282673	1709.388914	14.563789	-0.087834	2.487556
490.224979	1709.421424	14.568794	-0.087824	2.487563
490.271385	1709.376109	14.573799	-0.087832	2.487547
490.238830	1709.409139	14.578803	-0.087826	2.487559
490.289033	1709.393961	14.583808	-0.087835	2.487560
490.061039	1709.345088	14.588813	-0.087795	2.487491
490.242843	1709.227888	14.593818	-0.087827	2.487463
490.116240	1709.311623	14.598823	-0.087805	2.487484
490.111364	1709.376333	14.603827	-0.087804	2.487518
490.119834	1709.462884	14.608832	-0.087806	2.487566
490.170758	1709.429680	14.613837	-0.087815	2.487558
490.186596	1709.428284	14.618842	-0.087818	2.487560
490.116212	1709.360640	14.623847	-0.087805	2.487511
490.140081	1709.337784	14.628851	-0.087810	2.487503
490.081011	1709.466632	14.633856	-0.087799	2.487561
490.175843	1709.419219	14.638861	-0.087816	2.487554
490.115093	1709.455130	14.643866	-0.087806	2.487562
490.195835	1709.438290	14.648871	-0.087820	2.487568
490.146943	1709.437416	14.653875	-0.087812	2.487559
490.059531	1709.468096	14.658880	-0.087796	2.487559
489.969826	1709.501034	14.663885	-0.087780	2.487560
490.127811	1709.446658	14.668890	-0.087808	2.487560
490.089281	1709.445360	14.673895	-0.087802	2.487553
490.231227	1709.400679	14.678899	-0.087827	2.487555
489.920284	1709.516333	14.683904	-0.087772	2.487559
489.971257	1709.490978	14.688909	-0.087781	2.487555
490.118596	1709.454898	14.693914	-0.087807	2.487564
490.149783	1709.417534	14.698919	-0.087813	2.487550
490.261555	1709.397986	14.703923	-0.087833	2.487560
490.328503	1709.376945	14.708928	-0.087845	2.487562
490.226210	1709.397101	14.713933	-0.087827	2.487553
490.247499	1709.399331	14.718938	-0.087831	2.487559
490.323013	1709.372376	14.723943	-0.087845	2.487558
490.355695	1708.990406	14.728947	-0.087851	2.487360
490.358941	1708.749284	14.733952	-0.087851	2.487232
490.213609	1708.788885	14.738957	-0.087825	2.487226
490.262054	1708.792674	14.743962	-0.087834	2.487237
490.151098	1708.802467	14.748967	-0.087814	2.487221
490.030886	1708.870561	14.753971	-0.087793	2.487235
490.080164	1708.852210	14.758976	-0.087802	2.487235
489.968695	1708.894519	14.763981	-0.087782	2.487237
490.050911	1708.873955	14.768986	-0.087797	2.487241
490.045507	1709.070525	14.773991	-0.087796	2.487346
490.278863	1709.005195	14.778995	-0.087838	2.487355
490.422218	1708.738607	14.784000	-0.087864	2.487239
490.266142	1708.780805	14.789005	-0.087836	2.487232
490.372292	1708.768174	14.794010	-0.087855	2.487246
490.254076	1708.789832	14.799015	-0.087834	2.487235
490.293861	1708.776844	14.804019	-0.087841	2.487236
490.213367	1708.818503	14.809024	-0.087827	2.487243
490.240395	1708.801534	14.814029	-0.087832	2.487239
490.545110	1708.689946	14.819034	-0.087886	2.487237
490.397453	1708.312332	14.824039	-0.087860	2.487007
490.508145	1708.121875	14.829043	-0.087880	2.486926
490.003792	1708.296528	14.834048	-0.087790	2.486925
490.101725	1708.259973	14.839053	-0.087808	2.486924
490.094054	1708.266516	14.844058	-0.087806	2.486926
489.929033	1708.310685	14.849063	-0.087777	2.486919
490.002256	1708.518728	14.854067	-0.087790	2.487044
490.082307	1708.865391	14.859072	-0.087805	2.487245
489.914717	1708.918613	14.864077	-0.087775	2.487242
490.064903	1708.866091	14.869082	-0.087802	2.487242
490.016828	1708.867848	14.874087	-0.087793	2.487234
489.972824	1708.895271	14.879091	-0.087785	2.487241
489.969140	1708.894010	14.884096	-0.087785	2.487240
489.895034	1708.923235	14.889101	-0.087772	2.487241
490.163909	1708.830024	14.894106	-0.087820	2.487242
489.937153	1708.882699	14.899111	-0.087779	2.487228
490.139916	1708.816426	14.904115	-0.087816	2.487230
490.159509	1708.826241	14.909120	-0.087819	2.487240
489.823653	1709.087836	14.914125	-0.087760	2.487317
490.084243	1709.455814	14.919130	-0.087806	2.487563
490.082802	1709.443569	14.924135	-0.087806	2.487556
490.062211	1709.445314	14.929139	-0.087803	2.487553
490.047286	1709.455272	14.934144	-0.087800	2.487556
490.230905	1709.394250	14.939149	-0.087833	2.487558
490.272319	1709.392056	14.944154	-0.087841	2.487565
490.202810	1709.398110	14.949159	-0.087828	2.487555
490.206210	1709.403691	14.954163	-0.087829	2.487559
490.320034	1709.024772	14.959168	-0.087849	2.487377
490.362854	1708.727257	14.964173	-0.087857	2.487226
490.430230	1708.718008	14.969178	-0.087869	2.487234
490.350070	1708.748770	14.974183	-0.087855	2.487235
490.354353	1708.739475	14.979187	-0.087856	2.487231
490.357311	1708.753367	14.984192	-0.087857	2.487239
490.311464	1708.766287	14.989197	-0.087848	2.487238
490.514806	1708.497346	14.994202	-0.087885	2.487132
490.431361	1708.158143	14.999207	-0.087870	2.486935
490.438425	1708.148457	15.004211	-0.087871	2.486931
490.408283	1708.161996	15.009216	-0.087866	2.486933
490.313625	1708.180941	15.014221	-0.087849	2.486925
490.175747	1708.246482	15.019226	-0.087825	2.486935
490.324682	1708.187696	15.024231	-0.087852	2.486931
490.295634	1708.196774	15.029235	-0.087846	2.486931
490.270557	1708.063188	15.034240	-0.087842	2.486854
490.155601	1707.632835	15.039245	-0.087822	2.486602
490.386301	1707.543957	15.044250	-0.087863	2.486598
490.358288	1707.552964	15.049255	-0.087858	2.486598
490.387060	1707.538589	15.054259	-0.087863	2.486596
490.395631	1707.557210	15.059264	-0.087865	2.486607

490.238616	1707.305593	15.064269	-0.087837	2.486443
490.299922	1706.930070	15.069274	-0.087848	2.486253
490.065972	1706.431155	15.074279	-0.087806	2.485942
489.929586	1705.845162	15.079283	-0.087782	2.485603
490.008700	1705.036777	15.084288	-0.087796	2.485184
490.081905	1703.945388	15.089293	-0.087809	2.484613
490.142850	1702.684843	15.094298	-0.087820	2.483948
489.948793	1701.441546	15.099303	-0.087785	2.483244
489.923864	1699.927403	15.104307	-0.087781	2.482427
489.894542	1698.223181	15.109312	-0.087775	2.481506
489.910808	1696.364742	15.114317	-0.087778	2.480511
489.871163	1694.295769	15.119322	-0.087771	2.479392
489.816991	1692.178262	15.124327	-0.087761	2.478243
489.591490	1689.892341	15.129331	-0.087720	2.476971
489.645828	1687.397881	15.134336	-0.087730	2.475639
489.492168	1684.766735	15.139341	-0.087702	2.474193
489.474466	1682.121915	15.144346	-0.087699	2.472765
489.300604	1679.215619	15.149351	-0.087668	2.471165
489.119729	1676.200926	15.154355	-0.087635	2.469505
489.026299	1673.143178	15.159360	-0.087618	2.467836
488.824111	1669.882813	15.164365	-0.087581	2.466037
488.897554	1666.425638	15.169370	-0.087594	2.464182
488.760761	1662.914544	15.174375	-0.087569	2.462256
488.412441	1659.322973	15.179379	-0.087507	2.460245
488.383456	1655.579925	15.184384	-0.087501	2.458211
488.199164	1651.682588	15.189389	-0.087468	2.456062
488.317331	1647.590977	15.194394	-0.087489	2.453863
488.137220	1643.407779	15.199399	-0.087456	2.451556
487.751861	1639.209916	15.204403	-0.087387	2.449199
487.803426	1634.755597	15.209408	-0.087395	2.446784
487.578560	1630.238382	15.214413	-0.087355	2.444279
487.663136	1625.523975	15.219418	-0.087369	2.441723
487.384297	1620.752548	15.224423	-0.087319	2.439064
487.185589	1615.870648	15.229427	-0.087283	2.436356
487.032735	1610.920267	15.234432	-0.087255	2.433617
486.874878	1605.793977	15.239437	-0.087226	2.430777
486.687994	1600.613789	15.244442	-0.087192	2.427899
486.530347	1595.266242	15.249447	-0.087164	2.424931
486.393919	1589.831340	15.254451	-0.087139	2.421916
486.276280	1584.274564	15.259456	-0.087117	2.418833
486.108303	1578.570450	15.264461	-0.087086	2.415655
485.923190	1572.808258	15.269466	-0.087053	2.412438
485.642553	1566.944913	15.274471	-0.087002	2.409141
485.436048	1560.970592	15.279475	-0.086964	2.405793
485.256708	1554.983309	15.284480	-0.086932	2.402438
484.904680	1548.899929	15.289485	-0.086868	2.398992
484.834084	1542.667768	15.294490	-0.086855	2.395513
484.536105	1536.494790	15.299495	-0.086801	2.392017
484.538827	1529.991142	15.304499	-0.086800	2.388391
484.438524	1523.430028	15.309504	-0.086782	2.384706
484.118996	1516.801928	15.314509	-0.086724	2.380935
483.945359	1510.146707	15.319514	-0.086692	2.377172
483.780511	1503.323111	15.324519	-0.086662	2.373310
483.622058	1496.399164	15.329523	-0.086633	2.369386
483.277659	1489.466816	15.334528	-0.086570	2.365414
482.971427	1482.463157	15.339533	-0.086515	2.361403
482.786729	1475.405769	15.344538	-0.086481	2.357378
482.420853	1468.303609	15.349543	-0.086415	2.353285
482.118768	1461.141071	15.354547	-0.086360	2.349164
481.992709	1453.825364	15.359552	-0.086337	2.344983
481.545805	1446.559444	15.364557	-0.086256	2.340759
481.461039	1439.148527	15.369562	-0.086240	2.336517
481.302121	1431.642708	15.374567	-0.086211	2.332199
481.021456	1424.028443	15.379571	-0.086160	2.327785
480.828328	1416.392976	15.384576	-0.086124	2.323369
480.551089	1408.636396	15.389581	-0.086074	2.318857
480.217643	1400.935096	15.394586	-0.086013	2.314357
480.041951	1393.086597	15.399591	-0.085981	2.309796
479.868358	1385.123459	15.404595	-0.085949	2.305159
479.732178	1377.075555	15.409600	-0.085924	2.300472
479.211215	1369.115559	15.414605	-0.085830	2.295746
478.939313	1361.056571	15.419610	-0.085780	2.291005
478.728132	1352.880582	15.424615	-0.085741	2.286199
478.359105	1344.750420	15.429619	-0.085674	2.281375
478.210765	1336.468146	15.434624	-0.085647	2.276499
477.804509	1328.236186	15.439629	-0.085573	2.271588
477.517639	1319.903344	15.444634	-0.085521	2.266631
477.368031	1311.485057	15.449639	-0.085493	2.261643
477.087149	1303.010744	15.454643	-0.085442	2.256582
476.742977	1294.506882	15.459648	-0.085380	2.251479
476.364962	1285.973896	15.464653	-0.085311	2.246340
476.123799	1277.392843	15.469658	-0.085267	2.241190
475.786345	1268.796156	15.474663	-0.085206	2.235997
475.374438	1260.224814	15.479667	-0.085131	2.230792
475.220528	1251.486069	15.484672	-0.085102	2.225530
474.937224	1242.732330	15.489677	-0.085051	2.220218
474.647717	1233.959859	15.494682	-0.084998	2.214881
474.314132	1225.133798	15.499687	-0.084937	2.209489
474.073305	1216.229484	15.504691	-0.084893	2.204056
473.756079	1207.325970	15.509696	-0.084836	2.198594
473.295499	1198.485726	15.514701	-0.084752	2.193125
473.041890	1189.534029	15.519706	-0.084706	2.187620
472.613007	1180.596594	15.524711	-0.084628	2.182070
472.390045	1171.567800	15.529715	-0.084587	2.176497
471.849900	1162.654467	15.534720	-0.084489	2.170909
471.529714	1153.616504	15.539725	-0.084431	2.165279
471.277220	1144.552509	15.544730	-0.084385	2.159634
470.730502	1135.604188	15.549735	-0.084286	2.153978
470.262279	1126.619774	15.554739	-0.084201	2.148304
469.923680	1117.633972	15.559744	-0.084140	2.142642
468.990251	1108.879165	15.564749	-0.083972	2.136974
468.673054	1100.011431	15.569754	-0.083914	2.131361
468.169599	1091.189812	15.574759	-0.083823	2.125719
467.849265	1082.285807	15.579763	-0.083765	2.120053
467.548928	1073.404893	15.584768	-0.083710	2.114390
467.109652	1064.512682	15.589773	-0.083630	2.108673
466.901866	1055.537900	15.594778	-0.083592	2.102941
466.063294	1046.745149	15.599783	-0.083441	2.097162
464.638456	1038.413874	15.604787	-0.083185	2.091525
464.169281	1029.934481	15.609792	-0.083100	2.086001
463.860000	1021.365096	15.614797	-0.083044	2.080442
463.562269	1012.811854	15.619802	-0.082990	2.074882
463.134117	1004.231828	15.624807	-0.082912	2.069258
462.785576	995.660157	15.629811	-0.082849	2.063643
462.374109	987.081987	15.634816	-0.082774	2.057994
460.154747	979.371676	15.639821	-0.082376	2.052460
459.601591	971.439632	15.644826	-0.082277	2.047166
459.080510	963.492613	15.649831	-0.082183	2.041856
458.834214	955.468340	15.654835	-0.082138	2.036548
458.417597	947.471165	15.659840	-0.082062	2.031203
458.204904	939.351444	15.664845	-0.082023	2.025812
458.004849	931.173734	15.669850	-0.081986	2.020372
455.816226	923.876354	15.674855	-0.081594	2.015013
454.905090	916.539015	15.679859	-0.081430	2.009926
454.724137	908.961718	15.684864	-0.081397	2.004846
454.237923	901.452859	15.689869	-0.081309	1.999724
454.127423	893.799555	15.694874	-0.081289	1.994585
453.627674	886.228805	15.699879	-0.081198	1.989391
452.930400	878.750868	15.704883	-0.081073	1.984196
450.795352	872.119687	15.709888	-0.080690	1.979199
450.429751	865.092597	15.714893	-0.080624	1.974365
450.099417	858.009436	15.719898	-0.080564	1.969490
449.773882	850.926333	15.724903	-0.080505	1.964604
449.295460	843.853245	15.729907	-0.080419	1.959674
448.968348	836.764630	15.734912	-0.080359	1.954759
445.992316	830.906783	15.739917	-0.079826	1.949999
445.648812	824.526326	15.744922	-0.079764	1.945540
445.425841	818.041457	15.749927	-0.079724	1.941031
445.180551	811.540127	15.754931	-0.079679	1.936494
444.828183	805.007469	15.759936	-0.079615	1.931897
444.469123	798.412547	15.764941	-0.079550	1.927244
444.215417	791.781804	15.769946	-0.079504	1.922582
442.404191	785.755227	15.774951	-0.079180	1.917925
440.625007	780.305886	15.779955	-0.078861	1.913666
440.466164	774.329525	15.784960	-0.078832	1.909453
440.103702	768.387641	15.789965	-0.078766	1.905201
439.915662	762.327428	15.794970	-0.078732	1.900902
439.605184	756.286807	15.799975	-0.078676	1.896575
439.239979	750.175009	15.804979	-0.078610	1.892174
438.546918	744.195839	15.809984	-0.078485	1.887769
435.756137	739.380871	15.814989	-0.077985	1.883621
435.607580	733.900258	15.819994	-0.077958	1.879694
435.486410	728.364582	15.824999	-0.077936	1.875728
434.951062	722.881449	15.830003	-0.077839	1.871679
434.646586	717.343079	15.835008	-0.077784	1.867644
434.393985	711.703131	15.840013	-0.077739	1.863542
434.181636	706.014856	15.845018	-0.077700	1.859406
431.699080	701.298839	15.850023	-0.077255	1.855347
430.488426	696.652247	15.855027	-0.077038	1.851674
430.122410	691.737729	15.860032	-0.076972	1.848028
429.869562	686.724679	15.865037	-0.076927	1.844335
429.587410	681.701513	15.870042	-0.076876	1.840620
429.460615	676.566043	15.875047	-0.076852	1.836857
428.941724	671.489204	15.880051	-0.076759	1.833022
428.242599	666.500838	15.885056	-0.076633	1.829194
425.316191	662.746461	15.890061	-0.076110	1.825646
425.092993	658.300376	15.895066	-0.076069	1.822331
424.934915	653.763148	15.900071	-0.076040	1.818960
424.744548	649.156420	15.905075	-0.076006	1.815524
424.547242	644.490643	15.910080	-0.075970	1.812035
424.057379	639.856912	15.915085	-0.075882	1.808482
423.744209	635.169839	15.920090	-0.075825	1.804931
422.816554	630.707528	15.925095	-0.075659	1.801368
420.012103	627.386377	15.930099	-0.075157	1.798119
419.812806	623.384892	15.935104	-0.075121	1.795089
419.634389	619.273060	15.940109	-0.075089	1.791978
419.275000	615.175456	15.945114	-0.075024	1.788822
419.164001	610.922966	15.950119	-0.075004	1.785614
418.896581	606.666329	15.955123	-0.074955	1.782352
418.802859	602.273357	15.960128	-0.074938	1.779032
417.180105	598.372837	15.965133	-0.074648	1.775641
414.819384	595.394196	15.970138	-0.074225	1.772726
414.671263	591.706391	15.975143	-0.074198	1.769904
414.341010	588.051852	15.980147	-0.074139	1.767051
414.142603	584.297828	15.985152	-0.074103	1.764155
413.911943	580.461051	15.990157	-0.074061	1.761182
413.597258	576.652723	15.995162	-0.074004	1.758202
413.370418	572.735106	16.000167	-0.073963	1.755159
413.134921	568.759141	16.005171	-0.073921	1.752063
410.725111	565.678205	16.010176	-0.073490	1.749016
408.743942	563.111288	16.015181	-0.073135	1.746480
408.522191	559.947046	16.020186	-0.073095	1.743994
408.510786	556.641241	16.025191	-0.073093	1.741458
408.259481	553.318561	16.030195	-0.073047	1.738835
407.862758	550.047388	16.035200	-0.072976	1.736205
407.727928	546.575781	16.040205	-0.072952	1.733493
407.617178	543.019838	16.045210	-0.072931	1.730719
407.519886	539.402761	16.050215	-0.072914	1.727897
407.204671	535.726936	16.055219	-0.072857	1.724961
404.725173	532.992461	16.060224	-0.072413	1.722112
401.340081	531.444811	16.065229	-0.071807	1.719911
401.145904	529.009836	16.070234	-0.071773	1.717962
401.059362	526.393792	16.075239	-0.071757	1.715901
401.017244	523.651476	16.080243	-0.071749	1.713753
400.760266	520.915202	16.085248	-0.071703	1.711543
400.584791	518.093063	16.090253	-0.071671	1.709287
400.309395	515.260347	16.095258	-0.071622	1.706990
400.103523	512.314900	16.100263	-0.071585	1.704622
399.901441	509.291873	16.105267	-0.071548	1.702191
399.742496	506.226671	16.110272	-0.071519	1.699737
399.830862	502.913279	16.115277	-0.071535	1.697158
399.473042	499.689198	16.120282	-0.071471	1.694511
399.277769	496.366531	16.125287	-0.071435	1.691831
395.168340	494.692050	16.130291	-0.070700	1.689269
392.827971	493.448485	16.135296	-0.070281	1.687579
392.717787	491.343135	16.140301	-0.070262	1.685879
392.607844	489.205434	16.145306	-0.070242	1.684151
392.502785	486.945853	16.150311	-0.070223	1.682326
392.256260	484.624572	16.155315	-0.070178	1.680406
392.248089	482.228821	16.160320	-0.070177	1.678498
392.181380	479.676173	16.165325	-0.070165	1.676445
391.878351	477.134568	16.170330	-0.070110	1.674326
391.796636	474.477650	16.175335	-0.070095	1.672180
391.780780	471.650163	16.180339	-0.070092	1.669915
391.688316	468.808052	16.185344	-0.070076	1.667611
391.523125	465.824172	16.190349	-0.070046	1.665168
391.294239	462.880977	16.195354	-0.070004	1.662735
391.099282	459.806687	16.200359	-0.069969	1.660203
390.828210	456.756065	16.205363	-0.069921	1.657663
386.991645	455.139076	16.210368	-0.069234	1.655175
384.535908	454.060253	16.215373	-0.068795	1.653545
384.249518	452.209175	16.220378	-0.068743	1.651960
384.219263	450.203017	16.225383	-0.068738	1.650327
384.230471	448.090550	16.230387	-0.068740	1.648620
383.949228	445.975606	16.235392	-0.068689	1.646817
383.919259	443.677402	16.240397	-0.068684	1.644942
383.700953	441.396354	16.245402	-0.068644	1.643020
383.531164	438.981051	16.250407	-0.068614	1.641002
383.391988	436.538143	16.255411	-0.068589	1.638968
383.320573	433.968950	16.260416	-0.068576	1.636850
383.115518	431.337840	16.265421	-0.068539	1.634636
382.986864	428.623756	16.270426	-0.068516	1.632376
382.844400	425.813320	16.275431	-0.068490	1.630029
382.666020	422.974592	16.280435	-0.068458	1.627644
382.514461	420.030197	16.285440	-0.068430	1.625177
378.503031	418.777000	16.290445	-0.067713	1.622881
377.476626	417.110682	16.295450	-0.067529	1.621183
377.153584	415.152080	16.300455	-0.067471	1.619466
377.044367	413.028108	16.305459	-0.067451	1.617678
376.960270	410.815188	16.310464	-0.067436	1.615822
376.958895	408.488668	16.315469	-0.067436	1.613896
376.880681	406.051145	16.320474	-0.067421	1.611851
376.714420	403.582872	16.325479	-0.067392	1.609751
376.623481	401.016908	16.330483	-0.067375	1.607590
376.454893	398.367266	16.335488	-0.067345	1.605332
376.254263	395.685651	16.340493	-0.067309	1.603033
375.958420	392.964948	16.345498	-0.067255	1.600669
372.585057	391.684078	16.350503	-0.066652	1.598516
371.454712	390.060785	16.355507	-0.066450	1.596794
371.327181	388.079989	16.360512	-0.066427	1.595094
371.287715	385.949743	16.365517	-0.066419	1.593296
370.943655	383.869310	16.370522	-0.066358	1.591438
370.833214	381.663074	16.375527	-0.066338	1.589549
370.689906	379.357031	16.380531	-0.066312	1.587562
370.518140	377.002135	16.385536	-0.066281	1.585522
370.297674	374.612521	16.390541	-0.066241	1.583435
370.053426	372.153541	16.395546	-0.066197	1.581278
367.292113	370.813462	16.400551	-0.065703	1.579246
365.922933	369.443003	16.405555	-0.065458	1.577640
365.777083	367.614125	16.410560	-0.065432	1.576042
365.683476	365.704378	16.415565	-0.065415	1.574390
365.379710	363.785396	16.420570	-0.065361	1.572661
365.414938	361.675628	16.425575	-0.065367	1.570878
365.293569	359.540228	16.430579	-0.065345	1.569020
365.194455	357.278456	16.435584	-0.065327	1.567059
364.927326	355.021058	16.440589	-0.065279	1.565044
364.594499	352.746230	16.445594	-0.065219	1.562990
362.715262	351.096642	16.450599	-0.064883	1.560959
361.152154	349.823291	16.455603	-0.064603	1.559352
361.078850	347.966063	16.460608	-0.064590	1.557734
360.825398	346.074140	16.465613	-0.064545	1.556026
360.523102	344.198717	16.470618	-0.064491	1.554313
360.264906	342.228583	16.475623	-0.064444	1.552532
360.069696	340.178087	16.480627	-0.064409	1.550700
359.221894	338.377985	16.485632	-0.064257	1.548866
357.017727	337.355386	16.490637	-0.063863	1.547248
356.939428	335.662360	16.495642	-0.063849	1.545758
356.784550	333.955296	16.500647	-0.063821	1.544229
356.697562	332.093965	16.505651	-0.063805	1.542588
356.585946	330.164654	16.510656	-0.063785	1.540877
356.516202	328.168920	16.515661	-0.063773	1.539121
356.451798	326.023595	16.520666	-0.063761	1.537235
355.536360	324.169132	16.525671	-0.063597	1.535313
354.006258	322.797563	16.530675	-0.063323	1.533603
353.722741	321.009759	16.535680	-0.063272	1.531948
353.569696	319.136672	16.540685	-0.063245	1.530261
353.399198	317.189862	16.545690	-0.063214	1.528501
353.110878	315.213735	16.550695	-0.063163	1.526674
351.577100	313.795147	16.555699	-0.062888	1.524911
350.702448	312.335935	16.560704	-0.062732	1.523334
350.290247	310.688418	16.565709	-0.062658	1.521747
350.198067	308.921631	16.570714	-0.062641	1.520163
349.813858	307.211289	16.575719	-0.062572	1.518527
348.775580	305.718461	16.580723	-0.062386	1.516858
347.884884	304.353439	16.585728	-0.062227	1.515350
347.796617	302.682593	16.590733	-0.062211	1.513844
347.386151	301.049614	16.595738	-0.062138	1.512261
346.914102	299.441304	16.600743	-0.062053	1.510676
345.608300	298.247734	16.605747	-0.061819	1.509172
344.795406	296.982487	16.610752	-0.061674	1.507771
344.122517	295.723852	16.615757	-0.061554	1.506423
343.236592	294.593131	16.620762	-0.061395	1.505114
342.106383	293.710250	16.625767	-0.061193	1.503941
341.512945	292.687580	16.630771	-0.061087	1.502827
340.633120	291.800883	16.635776	-0.060929	1.501734
339.950080	290.944040	16.640781	-0.060807	1.500735
339.443558	290.088261	16.645786	-0.060716	1.499798
338.813935	289.225724	16.650791	-0.060604	1.498811
338.404160	288.279548	16.655795	-0.060530	1.497825
336.812283	287.829287	16.660800	-0.060246	1.496872
333.622156	288.521682	16.665805	-0.059675	1.496387
333.437885	288.333373	16.670810	-0.059642	1.496155
333.198862	288.069970	16.675815	-0.059600	1.495837
333.107939	287.700980	16.680819	-0.059583	1.495476
332.976073	287.278171	16.685824	-0.059560	1.495052
332.747093	286.807488	16.690829	-0.059519	1.494551
332.863862	286.076237	16.695834	-0.059540	1.493937
332.518319	285.452331	16.700839	-0.059478	1.493259
332.318572	284.741328	16.705843	-0.059442	1.492552
329.925624	284.877097	16.710848	-0.059014	1.491843
328.136878	285.335700	16.715853	-0.058695	1.491633
328.101632	285.278811	16.720858	-0.058688	1.491570
328.166381	284.932679	16.725863	-0.058700	1.491283
328.012244	284.580245	16.730867	-0.058672	1.490913
328.076870	284.137626	16.735872	-0.058684	1.490538
328.229831	283.509150	16.740877	-0.058711	1.490027
328.249455	282.773708	16.745882	-0.058715	1.489374
328.150259	281.953848	16.750887	-0.058697	1.488603
327.976291	281.107344	16.755891	-0.058666	1.487781
327.905309	280.141495	16.760896	-0.058653	1.486888
327.943181	279.044631	16.765901	-0.058660	1.485913
327.961748	277.871599	16.770906	-0.058663	1.484863
327.849095	276.606061	16.775911	-0.058643	1.483683
327.772119	275.243701	16.780915	-0.058629	1.482427
324.698023	275.017837	16.785920	-0.058080	1.481148
320.860510	276.079636	16.790925	-0.057393	1.480763
320.872698	275.955853	16.795930	-0.057396	1.480656
320.876601	275.672120	16.800935	-0.057396	1.480401
320.951669	275.269360	16.805939	-0.057410	1.480063
320.883352	274.779717	16.810944	-0.057398	1.479597
320.808816	274.177070	16.815949	-0.057384	1.479026
320.741741	273.471770	16.820954	-0.057372	1.478364
320.827043	272.666368	16.825959	-0.057388	1.477665
320.477156	271.859172	16.830963	-0.057325	1.476811
320.364322	270.968549	16.835968	-0.057305	1.475964
320.291919	270.005673	16.840973	-0.057292	1.475065
320.174625	268.943561	16.845978	-0.057271	1.474060
320.222045	267.684166	16.850983	-0.057279	1.472933
320.000899	266.460699	16.855987	-0.057240	1.471743
319.942545	265.137261	16.860992	-0.057229	1.470519
319.762151	263.773524	16.865997	-0.057197	1.469213
319.734491	262.227197	16.871002	-0.057192	1.467794
316.713866	261.880845	16.876007	-0.056652	1.466409
313.025295	262.686469	16.881011	-0.055992	1.465839
312.997882	262.305827	16.886016	-0.055987	1.465481
312.833923	261.963057	16.891021	-0.055958	1.465110
313.014527	261.263477	16.896026	-0.055990	1.464535
312.910774	260.604492	16.901031	-0.055972	1.463896
312.765941	259.853243	16.906035	-0.055946	1.463158
312.697340	259.029681	16.911040	-0.055933	1.462380
312.669487	258.070268	16.916045	-0.055928	1.461492
312.463702	257.105741	16.921050	-0.055892	1.460535
312.508228	255.968672	16.926055	-0.055899	1.459508
312.220404	254.841511	16.931059	-0.055848	1.458372
312.223383	253.578817	16.936064	-0.055848	1.457214
312.019932	252.278430	16.941069	-0.055812	1.455946
311.922827	250.924733	16.946074	-0.055795	1.454666
311.836666	249.401606	16.951079	-0.055779	1.453233
307.598317	249.724023	16.956083	-0.055021	1.452014
305.811419	249.841954	16.961088	-0.054701	1.451483
305.591707	249.451431	16.966093	-0.054662	1.451044
305.553706	248.889856	16.971098	-0.054655	1.450512
305.366152	248.327081	16.976103	-0.054622	1.449926
305.315256	247.567866	16.981107	-0.054613	1.449206
305.370679	246.716908	16.986112	-0.054623	1.448440
305.087295	245.869577	16.991117	-0.054572	1.447555
305.060879	244.882361	16.996122	-0.054567	1.446632
305.024845	243.809182	17.001127	-0.054561	1.445626
304.921712	242.692604	17.006131	-0.054542	1.444554
304.968678	241.381078	17.011136	-0.054551	1.443355
305.051807	239.940393	17.016141	-0.054565	1.442049
305.096758	238.429651	17.021146	-0.054573	1.440662
303.690996	237.398179	17.026151	-0.054322	1.439195
298.007638	238.775636	17.031155	-0.053305	1.438421
297.904922	238.504330	17.036160	-0.053287	1.438131
297.895705	238.110595	17.041165	-0.053286	1.437761
297.800569	237.605948	17.046170	-0.053269	1.437257
297.877999	236.984663	17.051175	-0.053282	1.436706
297.757595	236.313802	17.056179	-0.053261	1.436037
297.673392	235.614648	17.061184	-0.053246	1.435355
297.575904	234.769843	17.066189	-0.053228	1.434531
297.729953	233.716439	17.071194	-0.053256	1.433604
297.717437	232.621571	17.076199	-0.053254	1.432576
297.494039	231.537593	17.081203	-0.053214	1.431481
297.418538	230.365653	17.086208	-0.053200	1.430357
297.222119	229.107927	17.091213	-0.053165	1.429108
297.050044	227.778335	17.096218	-0.053134	1.427799
296.899811	226.406286	17.101223	-0.053107	1.426457
296.958122	224.857444	17.106227	-0.053118	1.425023
294.796837	224.117440	17.111232	-0.052731	1.423537
289.753644	225.352739	17.116237	-0.051829	1.422853
289.780690	224.998430	17.121242	-0.051834	1.422529
289.734999	224.555165	17.126247	-0.051826	1.422096
289.663656	224.064867	17.131251	-0.051813	1.421608
289.626252	223.428886	17.136256	-0.051806	1.420995
289.534825	222.806103	17.141261	-0.051790	1.420374
289.465504	222.037187	17.146266	-0.051778	1.419624
289.529889	221.082551	17.151271	-0.051789	1.418747
289.313669	220.182370	17.156275	-0.051750	1.417817
289.279213	219.114168	17.161280	-0.051744	1.416795
289.189582	218.029291	17.166285	-0.051728	1.415736
289.293090	216.728607	17.171290	-0.051747	1.414544
289.126608	215.431504	17.176295	-0.051717	1.413254
288.886674	214.094001	17.181299	-0.051674	1.411897
288.788523	212.715818	17.186304	-0.051656	1.410553
288.636254	211.215232	17.191309	-0.051629	1.409071
286.698925	210.366414	17.196314	-0.051282	1.407546
282.792135	211.031261	17.201319	-0.050584	1.406730
282.651352	210.453793	17.206323	-0.050558	1.406128
282.526061	209.869745	17.211328	-0.050536	1.405525
282.494070	209.097060	17.216333	-0.050530	1.404777
282.448278	208.252302	17.221338	-0.050522	1.403954
282.316897	207.370778	17.226343	-0.050499	1.403064
282.045478	206.451139	17.231347	-0.050450	1.402085
282.015626	205.427145	17.236352	-0.050445	1.401095
281.834727	204.355579	17.241357	-0.050412	1.400003
281.733522	203.172029	17.246362	-0.050394	1.398833
281.630601	201.909894	17.251367	-0.050376	1.397585
281.426838	200.625116	17.256371	-0.050339	1.396277
281.264435	199.267480	17.261376	-0.050310	1.394913
278.327763	199.075494	17.266381	-0.049785	1.393628
277.177818	198.692426	17.271386	-0.049579	1.392829
277.186060	197.817681	17.276391	-0.049581	1.391991
277.062740	196.911952	17.281395	-0.049559	1.391072
276.969076	195.939579	17.286400	-0.049542	1.390101
276.794594	194.893277	17.291405	-0.049511	1.389026
276.554583	193.782213	17.296410	-0.049468	1.387864
276.469819	192.561690	17.301415	-0.049452	1.386653
273.821544	192.554325	17.306419	-0.048979	1.385648
273.604472	191.781893	17.311424	-0.048940	1.384819
273.445766	190.907406	17.316429	-0.048911	1.383913
273.368329	189.930780	17.321434	-0.048898	1.382938
273.355437	188.866091	17.326439	-0.048895	1.381901
272.731889	187.933553	17.331443	-0.048784	1.380761
271.237508	187.531870	17.336448	-0.048516	1.379805
270.750004	186.811188	17.341453	-0.048429	1.378920
270.750244	185.840375	17.346458	-0.048429	1.377976
270.698714	184.817935	17.351463	-0.048420	1.376962
270.283777	183.884443	17.356467	-0.048346	1.375896
267.733823	183.878090	17.361472	-0.047890	1.374920
266.523207	183.774099	17.366477	-0.047673	1.374358
266.598892	183.151510	17.371482	-0.047687	1.373780
266.571153	182.458556	17.376487	-0.047682	1.373093
266.503996	181.674893	17.381491	-0.047670	1.372303
266.412718	180.839938	17.386496	-0.047654	1.371453
266.265312	179.986100	17.391501	-0.047627	1.370562
266.120045	178.998827	17.396506	-0.047601	1.369541
265.983162	177.992328	17.401511	-0.047577	1.368504
266.014628	176.776909	17.406515	-0.047582	1.367325
265.829759	175.612824	17.411520	-0.047549	1.366113
265.637725	174.360605	17.416525	-0.047515	1.364810
263.906308	173.706188	17.421530	-0.047205	1.363503
260.192871	174.394216	17.426535	-0.046541	1.362753
260.040952	173.990485	17.431539	-0.046514	1.362298
260.033396	173.404745	17.436544	-0.046512	1.361719
259.969489	172.808623	17.441549	-0.046501	1.361107
259.878705	172.124267	17.446554	-0.046485	1.360398
259.983805	171.236912	17.451559	-0.046504	1.359565
259.798360	170.388310	17.456563	-0.046470	1.358656
259.783814	169.388947	17.461568	-0.046468	1.357665
259.444448	168.429920	17.466573	-0.046407	1.356587
259.402576	167.361010	17.471578	-0.046400	1.355514
259.334346	166.162738	17.476583	-0.046387	1.354302
259.292171	164.864936	17.481587	-0.046380	1.353001
259.251257	163.516436	17.486592	-0.046372	1.351649
255.871592	163.604146	17.491597	-0.045768	1.350425
254.698375	163.319914	17.496602	-0.045558	1.349687
254.702916	162.551661	17.501607	-0.045559	1.348926
254.598491	161.724584	17.506611	-0.045540	1.348063
254.544587	160.820736	17.511616	-0.045530	1.347144
254.198943	159.990882	17.516621	-0.045469	1.346183
254.066723	158.982391	17.521626	-0.045445	1.345127
254.147566	157.847570	17.526631	-0.045459	1.344027
254.106388	156.605184	17.531635	-0.045452	1.342772
253.901784	155.393556	17.536640	-0.045415	1.341482
250.106943	155.830762	17.541645	-0.044737	1.340434
249.716481	155.301342	17.546650	-0.044667	1.339752
249.726868	154.556647	17.551655	-0.044669	1.339011
249.595099	153.761582	17.556659	-0.044645	1.338163
249.636353	152.819863	17.561664	-0.044652	1.337236
249.428837	151.950403	17.566669	-0.044615	1.336282
249.454672	150.834684	17.571674	-0.044620	1.335173
249.391874	149.705653	17.576679	-0.044609	1.334014
249.148545	148.543796	17.581683	-0.044565	1.332750
246.547994	148.368036	17.586688	-0.044100	1.331549
242.904794	149.406488	17.591693	-0.043448	1.331158
243.001165	149.030058	17.596698	-0.043466	1.330817
243.029871	148.642342	17.601703	-0.043471	1.330438
243.033434	148.141961	17.606707	-0.043472	1.329935
242.939653	147.609784	17.611712	-0.043455	1.329362
242.735795	147.046564	17.616717	-0.043418	1.328713
242.614077	146.383556	17.621722	-0.043397	1.327996
242.718142	145.533098	17.626727	-0.043415	1.327178
242.583246	144.725619	17.631731	-0.043391	1.326309
242.584703	143.768031	17.636736	-0.043391	1.325341
242.373968	142.785191	17.641741	-0.043354	1.324263
242.146515	141.767885	17.646746	-0.043313	1.323143
242.162899	140.597838	17.651751	-0.043316	1.321963
241.905220	139.486158	17.656755	-0.043270	1.320732
241.882325	138.182418	17.661760	-0.043266	1.319399
239.135493	137.968853	17.666765	-0.042774	1.318088
236.882997	138.173666	17.671770	-0.042371	1.317398
237.183919	137.405087	17.676775	-0.042425	1.316736
237.074314	136.731388	17.681779	-0.042406	1.316006
236.961536	135.916134	17.686784	-0.042386	1.315130
236.811700	135.068718	17.691789	-0.042359	1.314206
236.756727	134.096496	17.696794	-0.042349	1.313191
236.768155	133.032430	17.701799	-0.042351	1.312109
236.515427	132.016109	17.706803	-0.042306	1.310968
236.561539	130.794891	17.711808	-0.042314	1.309737
236.323181	129.581259	17.716813	-0.042271	1.308398
236.000720	128.389257	17.721818	-0.042213	1.307046
232.533595	128.580818	17.726823	-0.041593	1.305847
231.070549	128.519948	17.731827	-0.041332	1.305196
230.990090	127.927007	17.736832	-0.041317	1.304554
231.021656	127.231265	17.741837	-0.041323	1.303851
230.965558	126.423790	17.746842	-0.041313	1.302998
230.933653	125.567292	17.751847	-0.041307	1.302103
230.635592	124.729943	17.756851	-0.041254	1.301120
230.640916	123.701468	17.761856	-0.041255	1.300062
230.374861	122.715296	17.766861	-0.041207	1.298936
230.094517	121.690684	17.771866	-0.041157	1.297764
230.158932	120.498645	17.776871	-0.041169	1.296558
229.386269	119.523717	17.781875	-0.041030	1.295235
228.062817	118.927555	17.786880	-0.040794	1.294079
227.293325	118.175683	17.791885	-0.040656	1.292987
225.789623	117.884886	17.796890	-0.040387	1.292073
225.804172	117.115818	17.801895	-0.040390	1.291280
225.564213	116.280759	17.806899	-0.040347	1.290314
225.413158	115.382178	17.811904	-0.040320	1.289318
225.155527	114.436020	17.816909	-0.040274	1.288228
223.632962	114.059862	17.821914	-0.040001	1.287214
223.274351	113.407885	17.826919	-0.039937	1.286388
223.069804	112.582120	17.831923	-0.039901	1.285442
223.138907	111.586513	17.836928	-0.039913	1.284431
222.723720	110.698298	17.841933	-0.039839	1.283333
220.596568	110.627290	17.846938	-0.039458	1.282385
220.626490	109.883422	17.851943	-0.039464	1.281620
220.294977	109.179058	17.856947	-0.039404	1.280746
220.233472	108.305719	17.861952	-0.039393	1.279805
220.029357	107.447104	17.866957	-0.039357	1.278821
219.821899	106.476368	17.871962	-0.039320	1.277717
219.803146	105.429523	17.876967	-0.039316	1.276609
216.418084	105.845781	17.881971	-0.038711	1.275649
216.128374	105.367785	17.886976	-0.038659	1.275027
216.003084	104.763148	17.891981	-0.038637	1.274339
216.173679	103.930752	17.896986	-0.038667	1.273533
216.297805	103.030781	17.901991	-0.038689	1.272636
216.066829	102.198833	17.906995	-0.038648	1.271663
215.839051	101.275219	17.912000	-0.038607	1.270593
215.792409	100.243400	17.917005	-0.038599	1.269484
215.607290	99.163063	17.922010	-0.038566	1.268265
215.479192	98.051628	17.927015	-0.038543	1.267035
210.097497	99.281405	17.932019	-0.037580	1.266097
209.734422	99.144201	17.937024	-0.037515	1.265800
209.618916	98.798695	17.942029	-0.037495	1.265386
209.585130	98.369184	17.947034	-0.037489	1.264917
209.583960	97.834221	17.952039	-0.037489	1.264349
209.494511	97.229409	17.957043	-0.037473	1.263669
209.284511	96.617992	17.962048	-0.037435	1.262932
209.322976	95.862389	17.967053	-0.037442	1.262145
209.195554	95.128611	17.972058	-0.037419	1.261312
209.217750	94.185530	17.977063	-0.037423	1.260318
209.102447	93.218901	17.982067	-0.037403	1.259240
209.124436	92.124154	17.987072	-0.037406	1.258082
208.953074	91.041987	17.992077	-0.037376	1.256855
208.663441	89.946943	17.997082	-0.037324	1.255564
208.561193	88.735025	18.002087	-0.037306	1.254225
206.113438	88.445387	18.007091	-0.036868	1.252884
204.389141	88.371054	18.012096	-0.036559	1.252077
204.236626	87.747094	18.017101	-0.036532	1.251344
204.123724	86.972997	18.022106	-0.036512	1.250466
204.170870	86.066460	18.027111	-0.036520	1.249513
203.939583	85.189729	18.032115	-0.036479	1.248473
203.844234	84.211722	18.037120	-0.036462	1.247381
203.840823	83.156829	18.042125	-0.036461	1.246244
203.488076	82.112479	18.047130	-0.036398	1.244969
202.624080	81.283330	18.052135	-0.036244	1.243708
200.105057	81.356607	18.057139	-0.035793	1.242717
199.973223	80.693981	18.062144	-0.035770	1.241945
199.789612	79.971803	18.067149	-0.035737	1.241086
199.618085	79.145272	18.072154	-0.035706	1.240119
199.666778	78.209396	18.077159	-0.035715	1.239127
199.516157	77.197472	18.082163	-0.035688	1.237966
199.268215	76.237541	18.087168	-0.035643	1.236819
197.281639	75.941321	18.092173	-0.035288	1.235648
194.619016	76.410489	18.097178	-0.034812	1.235018
194.453654	76.027458	18.102183	-0.034782	1.234531
194.435836	75.476026	18.107187	-0.034779	1.233924
194.291371	74.900837	18.112192	-0.034753	1.233236
194.248689	74.247294	18.117197	-0.034746	1.232506
194.232668	73.524432	18.122202	-0.034743	1.231712
194.086299	72.748492	18.127207	-0.034717	1.230803
193.872997	71.926047	18.132211	-0.034679	1.229814
193.766671	71.008621	18.137216	-0.034660	1.228767
193.570787	70.077703	18.142221	-0.034625	1.227665
193.418094	69.084835	18.147226	-0.034597	1.226513
193.416978	67.946621	18.152231	-0.034597	1.225266
192.557597	67.068461	18.157235	-0.034443	1.223933
189.050067	67.586319	18.162240	-0.033816	1.222984
189.052015	66.978685	18.167245	-0.033816	1.222318
188.850795	66.424476	18.172250	-0.033780	1.221622
188.970417	65.571598	18.177255	-0.033802	1.220736
188.610364	64.875834	18.182259	-0.033737	1.219815
188.503837	64.031186	18.187264	-0.033718	1.218839
188.323826	63.151808	18.192269	-0.033686	1.217791
188.403409	62.141844	18.197274	-0.033700	1.216712
188.259665	61.082601	18.202279	-0.033675	1.215480
185.908695	60.942313	18.207283	-0.033254	1.214301
184.743843	60.703980	18.212288	-0.033046	1.213529
184.736755	59.976171	18.217293	-0.033044	1.212721
184.698325	59.228316	18.222298	-0.033038	1.211876
184.424823	58.478900	18.227303	-0.032989	1.210926
184.236970	57.643298	18.232307	-0.032955	1.209917
184.133261	56.687384	18.237312	-0.032937	1.208810
183.860845	55.770860	18.242317	-0.032888	1.207672
180.625430	56.248407	18.247322	-0.032309	1.206784
180.334318	55.786062	18.252327	-0.032257	1.206141
180.398798	55.124137	18.257331	-0.032269	1.205433
180.172466	54.473218	18.262336	-0.032228	1.204608
180.228372	53.691941	18.267341	-0.032238	1.203761
180.005990	52.909788	18.272346	-0.032198	1.202791
179.785442	52.174485	18.277351	-0.032159	1.201872
179.703061	51.211121	18.282355	-0.032144	1.200759
178.016549	50.948164	18.287360	-0.031843	1.199720
177.229655	50.536332	18.292365	-0.031702	1.198912
176.972183	49.870123	18.297370	-0.031656	1.198051
177.001890	49.083058	18.302375	-0.031661	1.197182
176.863539	48.226025	18.307379	-0.031636	1.196159
176.673470	47.342831	18.312384	-0.031602	1.195083
175.935314	46.638229	18.317389	-0.031470	1.193963
173.479624	46.836541	18.322394	-0.031031	1.193096
173.352805	46.312814	18.327399	-0.031009	1.192450
173.265333	45.687728	18.332403	-0.030993	1.191707
173.185438	44.950601	18.337408	-0.030979	1.190840
173.196984	44.108448	18.342413	-0.030981	1.189895
172.937432	43.317158	18.347418	-0.030934	1.188886
172.784282	42.431823	18.352423	-0.030907	1.187817
172.739140	41.476353	18.357427	-0.030899	1.186716
169.192299	42.024837	18.362432	-0.030264	1.185751
169.017375	41.551193	18.367437	-0.030233	1.185136
168.935934	40.958819	18.372442	-0.030219	1.184428
168.775854	40.370581	18.377447	-0.030190	1.183690
168.691492	39.646674	18.382451	-0.030175	1.182830
168.510172	38.982221	18.387456	-0.030143	1.181994
168.497902	38.119840	18.392461	-0.030140	1.181008
168.319684	37.249368	18.397466	-0.030109	1.179938
168.305982	36.250794	18.402471	-0.030106	1.178794
166.969012	35.763664	18.407475	-0.029867	1.177637
164.476113	36.047616	18.412480	-0.029421	1.176837
164.504502	35.448820	18.417485	-0.029426	1.176166
164.247265	34.875353	18.422490	-0.029380	1.175395
164.305402	34.138745	18.427495	-0.029391	1.174579
164.166952	33.385623	18.432499	-0.029366	1.173655
163.916259	32.654547	18.437504	-0.029321	1.172704
163.862026	31.793073	18.442509	-0.029311	1.171693
162.714146	31.304409	18.447514	-0.029106	1.170612
162.048092	30.777838	18.452519	-0.028987	1.169705
161.828380	30.038053	18.457523	-0.028948	1.168755
161.629282	29.257630	18.462528	-0.028912	1.167767
161.426986	28.428581	18.467533	-0.028876	1.166721
159.228882	28.443497	18.472538	-0.028483	1.165737
158.808891	27.972723	18.477543	-0.028408	1.165003
158.708226	27.323488	18.482547	-0.028390	1.164208
158.835993	26.481829	18.487552	-0.028412	1.163295
158.697590	25.717823	18.492557	-0.028388	1.162349
158.544324	24.862563	18.497562	-0.028360	1.161290
157.629276	24.281467	18.502567	-0.028197	1.160199
156.816372	23.750773	18.507571	-0.028051	1.159211
155.260738	23.602408	18.512576	-0.027773	1.158326
155.111144	23.031946	18.517581	-0.027746	1.157596
154.808138	22.442423	18.522586	-0.027692	1.156772
154.841912	21.650104	18.527591	-0.027698	1.155867
154.517583	20.945602	18.532595	-0.027640	1.154899
154.329820	20.136986	18.537600	-0.027607	1.153871
153.352238	19.653514	18.542605	-0.027432	1.152857
151.834536	19.575083	18.547610	-0.027160	1.152066
151.722284	18.925128	18.552615	-0.027140	1.151256
151.543160	18.277943	18.557619	-0.027108	1.150417
149.973325	18.200928	18.562624	-0.026828	1.149601
149.738343	17.734157	18.567629	-0.026786	1.148947
149.782644	17.017233	18.572634	-0.026793	1.148129
149.616727	16.413186	18.577639	-0.026764	1.147345
149.290087	15.757977	18.582643	-0.026705	1.146426
147.706333	15.660664	18.587648	-0.026422	1.145577
147.476289	15.151935	18.592653	-0.026381	1.144873
147.379918	14.502910	18.597658	-0.026364	1.144066
147.317708	13.780974	18.602663	-0.026353	1.143189
146.837687	13.199284	18.607667	-0.026267	1.142281
145.268147	13.109683	18.612672	-0.025986	1.141445
145.102677	12.530451	18.617677	-0.025957	1.140685
144.905419	11.944516	18.622682	-0.025921	1.139903
144.768252	11.266667	18.627687	-0.025897	1.139039
144.500776	10.576284	18.632691	-0.025849	1.138100
143.076323	10.401178	18.637696	-0.025594	1.137226
142.357339	10.099331	18.642701	-0.025466	1.136533
142.347590	9.433902	18.647706	-0.025464	1.135741
141.828102	8.968183	18.652711	-0.025371	1.134947
140.996704	8.624183	18.657715	-0.025222	1.134149
140.292815	8.278606	18.662720	-0.025097	1.133409
139.770532	7.950629	18.667725	-0.025003	1.132775
139.656667	7.383571	18.672730	-0.024983	1.132048
139.490057	6.797150	18.677735	-0.024953	1.131273
139.169652	6.192436	18.682739	-0.024896	1.130404
138.216162	5.861720	18.687744	-0.024725	1.129561
137.594868	5.487696	18.692749	-0.024614	1.128823
136.379596	5.374440	18.697754	-0.024397	1.128115
136.195007	4.977846	18.702759	-0.024364	1.127555
136.085914	4.429183	18.707763	-0.024344	1.126849
135.888756	3.857481	18.712768	-0.024309	1.126074
135.505359	3.342326	18.717773	-0.024241	1.125278
133.875375	3.363932	18.722778	-0.023949	1.124532
133.560187	3.000466	18.727783	-0.023893	1.123948
133.343055	2.527463	18.732787	-0.023854	1.123279
132.156058	2.531366	18.737792	-0.023642	1.122721
132.033885	2.109029	18.742797	-0.023620	1.122157
131.819914	1.639208	18.747802	-0.023582	1.121493
131.696847	1.111379	18.752807	-0.023560	1.120801
131.265646	0.665147	18.757811	-0.023483	1.120061
129.300742	0.881568	18.762816	-0.023131	1.119386
129.121396	0.570543	18.767821	-0.023099	1.118927
128.838267	0.235128	18.772826	-0.023049	1.118389
128.746830	-0.218418	18.777831	-0.023032	1.117800
128.698337	-0.767958	18.782835	-0.023024	1.117116
127.442047	-0.847798	18.787840	-0.022799	1.116421
127.031885	-1.161346	18.792845	-0.022726	1.115847
125.717070	-1.067633	18.797850	-0.022491	1.115332
125.593695	-1.408733	18.802855	-0.022469	1.114862
125.425805	-1.783364	18.807859	-0.022439	1.114330
125.103511	-2.162230	18.812864	-0.022381	1.113718
124.762502	-2.525379	18.817869	-0.022320	1.113117
124.160330	-2.756094	18.822874	-0.022213	1.112550
123.543488	-3.024424	18.827879	-0.022102	1.111930
122.701923	-3.178576	18.832883	-0.021952	1.111340
120.968978	-2.838130	18.837888	-0.021642	1.110920
120.849146	-3.021027	18.842893	-0.021621	1.110642
120.319955	-3.082569	18.847898	-0.021526	1.110313
120.256728	-3.365394	18.852903	-0.021515	1.109940
119.801230	-3.573216	18.857907	-0.021433	1.109470
118.975879	-3.558186	18.862912	-0.021286	1.109091
118.239701	-3.563092	18.867917	-0.021154	1.108732
113.731504	-1.743242	18.872922	-0.020348	1.108771
115.741693	-2.375514	18.877927	-0.020708	1.108971
114.829207	-2.020571	18.882931	-0.020545	1.108963
115.195090	-2.166957	18.887936	-0.020610	1.108962
115.097761	-2.128157	18.892941	-0.020593	1.108962
114.777730	-2.234428	18.897946	-0.020536	1.108680
114.597675	-2.310426	18.902951	-0.020504	1.108501
112.940475	-1.795218	18.907955	-0.020207	1.108329
113.720674	-2.270845	18.912960	-0.020347	1.108127
112.758963	-2.056546	18.917965	-0.020175	1.107925
111.794745	-1.805226	18.922970	-0.020003	1.107766
112.476192	-2.228498	18.927975	-0.020125	1.107580
111.080327	-1.818326	18.932979	-0.019875	1.107406
111.106625	-2.058647	18.937984	-0.019880	1.107127
110.063140	-1.896810	18.942989	-0.019693	1.106821
110.094519	-1.974675	18.947994	-0.019699	1.106742
109.823890	-2.153431	18.952999	-0.019651	1.106395
108.073867	-1.643331	18.958003	-0.019338	1.106171
109.113317	-2.168554	18.963008	-0.019524	1.106034
107.631769	-1.758520	18.968013	-0.019259	1.105818
106.761065	-1.631588	18.973018	-0.019103	1.105553
107.911929	-2.203453	18.978023	-0.019309	1.105413
106.240115	-1.747567	18.983027	-0.019010	1.105161
105.878074	-1.795729	18.988032	-0.018946	1.104927
105.245293	-1.739653	18.993037	-0.018832	1.104690
104.879787	-1.656680	18.998042	-0.018767	1.104615
104.973682	-1.941842	19.003047	-0.018784	1.104313
103.528779	-1.629180	19.008051	-0.018526	1.103996
104.117899	-1.947782	19.013056	-0.018631	1.103893
102.867714	-1.654320	19.018061	-0.018408	1.103646
101.753905	-1.445618	19.023066	-0.018208	1.103362
102.959574	-2.018560	19.028071	-0.018424	1.103247
101.410654	-1.582004	19.033075	-0.018147	1.103030
101.110563	-1.632780	19.038080	-0.018094	1.102823
100.655921	-1.679503	19.043085	-0.018012	1.102547
100.379261	-1.705162	19.048090	-0.017963	1.102382
99.944865	-1.823159	19.053095	-0.017885	1.102027
98.528922	-1.397960	19.058099	-0.017632	1.101861
99.003514	-1.759468	19.063104	-0.017717	1.101650
98.209091	-1.669840	19.068109	-0.017575	1.101374
97.259266	-1.422573	19.073114	-0.017405	1.101216
97.972122	-1.970712	19.078119	-0.017533	1.100892
95.918269	-1.402140	19.083123	-0.017166	1.100591
96.559032	-1.704558	19.088128	-0.017281	1.100533
95.666202	-1.558843	19.093133	-0.017121	1.100278
94.540801	-1.363845	19.098138	-0.016920	1.099971
95.807347	-1.974052	19.103143	-0.017146	1.099839
93.653916	-1.285654	19.108147	-0.016761	1.099636
93.522338	-1.476287	19.113152	-0.016738	1.099339
93.575724	-1.666253	19.118157	-0.016747	1.099133
92.342930	-1.257630	19.123162	-0.016527	1.099035
92.753372	-1.667659	19.128167	-0.016601	1.098732
91.646491	-1.491959	19.133171	-0.016403	1.098410
91.612627	-1.595063	19.138176	-0.016397	1.098267
90.780874	-1.461882	19.143181	-0.016248	1.098026
89.748756	-1.199299	19.148186	-0.016064	1.097846
91.089420	-1.949370	19.153191	-0.016303	1.097579
89.003598	-1.430232	19.158195	-0.015930	1.097201
89.057407	-1.630326	19.163200	-0.015940	1.096982
88.881042	-1.788639	19.168205	-0.015909	1.096702
87.073331	-1.180916	19.173210	-0.015585	1.096568
87.743766	-1.667056	19.178215	-0.015705	1.096298
86.637090	-1.424299	19.183219	-0.015508	1.096057
86.677017	-1.561442	19.188224	-0.015515	1.095908
86.294532	-1.743276	19.193229	-0.015446	1.095498
85.036665	-1.381100	19.198234	-0.015222	1.095330
85.414077	-1.704736	19.203239	-0.015289	1.095117
83.951197	-1.371068	19.208243	-0.015028	1.094814
83.988816	-1.491349	19.213248	-0.015034	1.094684
83.519915	-1.531263	19.218253	-0.014951	1.094407
82.746387	-1.348017	19.223258	-0.014812	1.094255
83.300024	-1.787979	19.228263	-0.014912	1.093984
81.821819	-1.529265	19.233267	-0.014647	1.093581
81.724421	-1.615672	19.238272	-0.014630	1.093427
81.341954	-1.706973	19.243277	-0.014562	1.093128
79.425725	-1.146640	19.248282	-0.014219	1.092881
81.098998	-1.858391	19.253287	-0.014518	1.092823
79.458290	-1.445987	19.258291	-0.014225	1.092529
78.992740	-1.510989	19.263296	-0.014142	1.092222
79.317230	-1.866610	19.268301	-0.014200	1.091942
77.291058	-1.277357	19.273306	-0.013838	1.091677
78.255566	-1.789430	19.278311	-0.014010	1.091518
77.035516	-1.611153	19.283315	-0.013792	1.091141
75.929317	-1.308874	19.288320	-0.013594	1.090972
76.473978	-1.626005	19.293325	-0.013692	1.090848
75.109958	-1.242951	19.298330	-0.013448	1.090653
75.967220	-1.761010	19.303335	-0.013601	1.090434
74.490197	-1.495278	19.308339	-0.013337	1.090038
74.063825	-1.410095	19.313344	-0.013261	1.089934
73.762438	-1.488337	19.318349	-0.013207	1.089690
72.100591	-1.053698	19.323354	-0.012910	1.089412
73.738796	-1.798968	19.328359	-0.013203	1.089295
72.091026	-1.443918	19.333363	-0.012909	1.088926
71.404453	-1.295462	19.338368	-0.012786	1.088772
72.307914	-1.925382	19.343373	-0.012947	1.088437
70.218297	-1.320281	19.348378	-0.012574	1.088160
70.649621	-1.618340	19.353383	-0.012651	1.088003
69.429187	-1.377006	19.358387	-0.012433	1.087702
68.755710	-1.201821	19.363392	-0.012313	1.087588
69.742689	-1.798008	19.368397	-0.012489	1.087336
67.767903	-1.331125	19.373402	-0.012136	1.086943
68.625639	-1.775431	19.378407	-0.012289	1.086815
67.279114	-1.564312	19.383411	-0.012049	1.086414
66.105888	-1.174759	19.388416	-0.011839	1.086320
67.004853	-1.721549	19.393421	-0.012000	1.086085
65.279200	-1.340069	19.398426	-0.011691	1.085708
66.048017	-1.739718	19.403431	-0.011829	1.085591
65.004247	-1.599604	19.408435	-0.011642	1.085251
63.754437	-1.256360	19.413440	-0.011419	1.085062
64.864200	-1.928327	19.418445	-0.011617	1.084775
62.595743	-1.299700	19.423450	-0.011212	1.084437
63.094578	-1.529397	19.428455	-0.011301	1.084398
62.574827	-1.618765	19.433459	-0.011208	1.084031
61.262769	-1.275519	19.438464	-0.010974	1.083810
62.762488	-2.025247	19.443469	-0.011242	1.083619
60.210891	-1.360136	19.448474	-0.010786	1.083186
60.629826	-1.544395	19.453479	-0.010861	1.083164
59.911766	-1.413472	19.458483	-0.010732	1.082973
58.835769	-1.246627	19.463488	-0.010540	1.082649
60.436804	-2.010928	19.468493	-0.010826	1.082490
57.414989	-1.201627	19.473498	-0.010286	1.082003
58.172377	-1.497165	19.478503	-0.010422	1.082010
58.280988	-1.820157	19.483507	-0.010441	1.081662
55.947905	-1.134257	19.488512	-0.010024	1.081363
57.370385	-1.793947	19.493517	-0.010278	1.081245
55.880766	-1.433669	19.498522	-0.010012	1.080957
55.326834	-1.381281	19.503527	-0.009913	1.080748
55.590786	-1.686136	19.508531	-0.009960	1.080499
53.709898	-1.212493	19.513536	-0.009624	1.080159
55.027805	-1.830509	19.518541	-0.009860	1.080041
53.232854	-1.378854	19.523546	-0.009539	1.079715
52.830344	-1.396338	19.528551	-0.009467	1.079494
53.542239	-1.866945	19.533555	-0.009594	1.079260
51.181508	-1.247569	19.538560	-0.009172	1.078863
52.267354	-1.719391	19.543565	-0.009367	1.078813
50.889210	-1.374343	19.548570	-0.009120	1.078560
50.346263	-1.368062	19.553575	-0.009023	1.078299
50.739293	-1.656034	19.558579	-0.009094	1.078134
49.414592	-1.280115	19.563584	-0.008857	1.077947
49.859430	-1.771961	19.568589	-0.008936	1.077553
48.389076	-1.461631	19.573594	-0.008673	1.077211
47.767386	-1.261143	19.578599	-0.008562	1.077153
48.221435	-1.698220	19.583603	-0.008644	1.076832
46.914532	-1.361073	19.588608	-0.008410	1.076605
46.988650	-1.561111	19.593613	-0.008423	1.076392
46.340286	-1.553247	19.598618	-0.008307	1.076079
45.570447	-1.444579	19.603623	-0.008170	1.075833
45.574432	-1.598250	19.608627	-0.008171	1.075642
44.251057	-1.208596	19.613632	-0.007934	1.075472
45.272372	-1.923382	19.618637	-0.008117	1.075085
43.553646	-1.456187	19.623642	-0.007809	1.074815
42.211697	-1.150751	19.628647	-0.007570	1.074530
43.565958	-1.751981	19.633651	-0.007812	1.074451
41.310727	-1.048570	19.638656	-0.007409	1.074210
42.546055	-1.636623	19.643661	-0.007630	1.074088
41.319250	-1.457596	19.648666	-0.007410	1.073701
40.768636	-1.340853	19.653671	-0.007312	1.073573
41.180882	-1.809743	19.658675	-0.007386	1.073191
39.180950	-1.143044	19.663680	-0.007028	1.073030
39.983262	-1.633265	19.668685	-0.007172	1.072815
39.100441	-1.593611	19.673690	-0.007014	1.072425
37.959717	-1.287817	19.678695	-0.006810	1.072239
38.882215	-1.876767	19.683699	-0.006975	1.071960
36.715122	-1.359454	19.688704	-0.006587	1.071528
36.840506	-1.476662	19.693709	-0.006610	1.071444
36.349497	-1.458661	19.698714	-0.006522	1.071221
35.569438	-1.220322	19.703719	-0.006383	1.071131
35.994869	-1.643518	19.708723	-0.006459	1.070812
34.509668	-1.289081	19.713728	-0.006193	1.070515
35.417942	-1.779074	19.718733	-0.006356	1.070353
33.794199	-1.489590	19.723738	-0.006066	1.069905
32.648992	-1.051328	19.728743	-0.005861	1.069884
33.598770	-1.622530	19.733747	-0.006031	1.069641
31.833204	-1.212580	19.738752	-0.005715	1.069273
32.384746	-1.483780	19.743757	-0.005814	1.069208
32.016802	-1.643686	19.748762	-0.005748	1.068822
30.618206	-1.237957	19.753767	-0.005498	1.068633
31.274540	-1.742052	19.758771	-0.005616	1.068327
29.311554	-1.168876	19.763776	-0.005265	1.068066
30.146032	-1.570165	19.768781	-0.005414	1.067978
29.522976	-1.676011	19.773786	-0.005303	1.067532
28.226178	-1.281288	19.778791	-0.005071	1.067380
28.664188	-1.698016	19.783795	-0.005149	1.067074
27.579651	-1.498581	19.788800	-0.004955	1.066781
26.922186	-1.483700	19.793805	-0.004838	1.066470
26.739601	-1.568057	19.798810	-0.004805	1.066272
25.606799	-1.200934	19.803815	-0.004603	1.066167
25.941533	-1.565719	19.808819	-0.004663	1.065875
24.751361	-1.310853	19.813824	-0.004450	1.065599
25.105877	-1.534801	19.818829	-0.004513	1.065494
24.687712	-1.717189	19.823834	-0.004439	1.065053
22.962459	-1.142791	19.828839	-0.004130	1.064912
23.417942	-1.523372	19.833843	-0.004212	1.064660
22.470718	-1.374957	19.838848	-0.004042	1.064371
22.067586	-1.274654	19.843853	-0.003970	1.064296
22.143229	-1.593305	19.848858	-0.003984	1.063930
21.206975	-1.428879	19.853863	-0.003817	1.063667
21.633079	-1.829128	19.858867	-0.003893	1.063375
20.252063	-1.487461	19.863872	-0.003646	1.063112
19.205168	-1.324141	19.868877	-0.003459	1.062792
20.065018	-1.804812	19.873882	-0.003613	1.062616
17.897993	-1.053140	19.878887	-0.003225	1.062477
18.202372	-1.376572	19.883891	-0.003280	1.062220
18.400748	-1.664697	19.888896	-0.003315	1.061955
17.526935	-1.552430	19.893901	-0.003159	1.061657
17.013707	-1.620794	19.898906	-0.003067	1.061311
15.980779	-1.350960	19.903911	-0.002883	1.061132
15.806530	-1.473951	19.908915	-0.002852	1.060888
15.157775	-1.417380	19.913920	-0.002736	1.060633
14.798162	-1.355120	19.918925	-0.002671	1.060530
14.854967	-1.633309	19.923930	-0.002682	1.060205
13.498543	-1.284301	19.928935	-0.002439	1.059964
13.579803	-1.514852	19.933939	-0.002454	1.059712
13.172832	-1.572931	19.938944	-0.002381	1.059432
12.396270	-1.432563	19.943949	-0.002242	1.059218
12.246130	-1.647191	19.948954	-0.002216	1.058869
10.752325	-1.186844	19.953959	-0.001948	1.058699
11.340158	-1.589669	19.958963	-0.002054	1.058484
10.508647	-1.500762	19.963968	-0.001905	1.058176
9.936328	-1.396382	19.968973	-0.001803	1.058019
9.850498	-1.610425	19.973978	-0.001787	1.057703
8.463209	-1.222780	19.978983	-0.001539	1.057495
8.605281	-1.461554	19.983987	-0.001565	1.057262
8.080223	-1.476950	19.988992	-0.001471	1.056977
7.350537	-1.310807	19.993997	-0.001341	1.056819
7.357935	-1.592619	19.999002	-0.001342	1.056463
6.150786	-1.303206	20.004007	-0.001126	1.056220
6.305526	-1.527911	20.009011	-0.001154	1.056012
5.937079	-1.620694	20.014016	-0.001088	1.055706
4.701811	-1.262164	20.019021	-0.000867	1.055537
4.685665	-1.460929	20.024026	-0.000865	1.055275
3.726349	-1.308526	20.029031	-0.000693	1.054982
3.890348	-1.492226	20.034035	-0.000723	1.054831
2.960585	-1.394480	20.039040	-0.000556	1.054484
2.149346	-1.177623	20.044045	-0.000411	1.054349
2.837204	-1.668953	20.049050	-0.000534	1.054070
1.035414	-1.223666	20.054055	-0.000212	1.053723
1.283871	-1.352609	20.059059	-0.000257	1.053685
