Fri Mar 06 11:25:33 2026

Number of Points = 3605
Depth (nm)	Load (µN)	Time (s)	Depth (V)	Load (V)
-0.115678	1.617183	0.000000	0.000820	1.049742

-0.112043	1.588331	0.005005	0.000820	1.049707
0.012862	1.541711	0.010010	0.000797	1.049711
-0.324403	1.603009	0.015014	0.000858	1.049617
-0.229190	1.394913	0.020019	0.000841	1.049398
-0.133014	1.355958	0.025024	0.000824	1.049398
-0.641551	1.311940	0.030029	0.000914	1.049081
-0.605129	1.292509	0.035034	0.000908	1.049074
-0.751107	1.266533	0.040038	0.000934	1.048966
-0.852673	1.147625	0.045043	0.000952	1.048761
-0.575566	0.983437	0.050048	0.000903	1.048692
-0.816460	0.889502	0.055053	0.000946	1.048448
-0.604408	0.679548	0.060058	0.000908	1.048286
-0.849586	0.609819	0.065062	0.000952	1.048071
-1.282144	0.625341	0.070067	0.001029	1.047869
-1.091720	0.361231	0.075072	0.000995	1.047627
-1.622048	0.481872	0.080077	0.001090	1.047510
-1.655715	0.289724	0.085082	0.001096	1.047245
-1.586046	0.158846	0.090086	0.001083	1.047112
-2.229655	0.277444	0.095091	0.001199	1.046935
-1.914001	0.088318	0.100096	0.001142	1.046853
-2.667029	0.203582	0.105101	0.001277	1.046616
-2.565053	0.155295	0.110106	0.001259	1.046606
-2.721236	0.075190	0.115110	0.001287	1.046422
-3.174906	0.162425	0.120115	0.001368	1.046302
-2.508488	-0.098947	0.125120	0.001248	1.046307
-3.180479	-0.026225	0.130125	0.001369	1.046056
-3.377329	-0.003578	0.135130	0.001404	1.045984
-3.058647	-0.136211	0.140134	0.001347	1.045977
-3.802238	-0.021023	0.145139	0.001480	1.045744
-3.482505	-0.189089	0.150144	0.001423	1.045691
-3.833620	-0.051343	0.155149	0.001485	1.045688
-3.941402	-0.003948	0.160154	0.001505	1.045694
-3.855681	-0.294435	0.165158	0.001489	1.045363
-4.879572	0.108958	0.170163	0.001673	1.045358
-3.846267	-0.300229	0.175168	0.001488	1.045361
-4.819852	-0.111898	0.180173	0.001662	1.045104
-4.953185	0.134301	0.185178	0.001686	1.045353
-4.424352	-0.294827	0.190182	0.001591	1.045071
-5.340300	0.054201	0.195187	0.001755	1.045051
-4.694964	-0.203638	0.200192	0.001639	1.045050
-5.274158	-0.143595	0.205197	0.001743	1.044829
-5.220321	-0.079246	0.210202	0.001733	1.044940
-5.219005	-0.237911	0.215206	0.001733	1.044736
-6.195593	0.146675	0.220211	0.001908	1.044731
-5.391072	-0.165690	0.225216	0.001764	1.044741
-5.896265	-0.039056	0.230221	0.001854	1.044645
-6.409494	0.198666	0.235226	0.001946	1.044688
-5.668033	-0.263233	0.240230	0.001813	1.044473
-6.494650	0.025869	0.245235	0.001961	1.044421
-5.929404	-0.197813	0.250240	0.001860	1.044423
-6.713800	-0.071095	0.255245	0.002001	1.044183
-6.382364	-0.062675	0.260250	0.001941	1.044365
-6.379290	-0.268559	0.265254	0.001941	1.044100
-7.399189	0.138287	0.270259	0.002123	1.044101
-6.589954	-0.178685	0.275264	0.001978	1.044108
-6.889820	-0.263847	0.280269	0.002032	1.043844
-7.719335	0.030367	0.285274	0.002180	1.043797
-7.024179	-0.244475	0.290278	0.002056	1.043800
-8.006556	0.141531	0.295283	0.002232	1.043793
-7.220174	-0.165087	0.300288	0.002091	1.043801
-7.405558	-0.269733	0.305293	0.002124	1.043571
-8.391392	0.060755	0.310298	0.002300	1.043491
-7.761517	-0.190346	0.315302	0.002188	1.043490
-8.906033	0.262784	0.320307	0.002393	1.043487
-7.845074	-0.155942	0.325312	0.002203	1.043492
-7.572510	-0.359760	0.330317	0.002154	1.043368
-9.176715	0.212298	0.335322	0.002441	1.043283
-8.142365	-0.193913	0.340326	0.002256	1.043290
-9.019042	0.132610	0.345331	0.002413	1.043261
-8.153145	-0.209402	0.350336	0.002258	1.043264
-8.492793	-0.332347	0.355341	0.002319	1.042930
-9.518816	0.078346	0.360346	0.002502	1.042933
-9.013781	-0.128268	0.365350	0.002412	1.042926
-10.148924	0.236850	0.370355	0.002615	1.042814
-8.871490	-0.202674	0.375360	0.002386	1.042903
-9.190586	-0.306153	0.380365	0.002443	1.042605
-10.240401	0.113713	0.385370	0.002631	1.042608
-9.231162	-0.295243	0.390374	0.002451	1.042598
-10.615858	0.030724	0.395379	0.002698	1.042307
-9.597728	-0.239776	0.400384	0.002516	1.042481
-10.129493	-0.179759	0.405389	0.002611	1.042285
-11.131267	0.227924	0.410394	0.002790	1.042297
-9.769001	-0.320743	0.415398	0.002547	1.042288
-11.214597	0.060263	0.420403	0.002805	1.042036
-10.629391	0.010640	0.425408	0.002701	1.042274
-10.360142	-0.322371	0.430413	0.002652	1.041981
-11.231384	0.031561	0.435418	0.002808	1.041991
-10.721315	-0.214653	0.440422	0.002717	1.041935
-11.991645	0.125773	0.445427	0.002944	1.041721
-10.913474	-0.190701	0.450432	0.002751	1.041867
-11.338223	-0.181183	0.455437	0.002827	1.041660
-11.907574	0.050076	0.460442	0.002929	1.041666
-11.177352	-0.297232	0.465446	0.002799	1.041593
-12.457047	0.018447	0.470451	0.003028	1.041342
-11.977567	-0.023500	0.475456	0.002942	1.041535
-12.036632	-0.146756	0.480461	0.002952	1.041345
-12.573704	0.074729	0.485466	0.003048	1.041355
-12.169579	-0.089805	0.490470	0.002976	1.041350
-12.404672	-0.082118	0.495475	0.003018	1.041239
-12.638833	-0.051617	0.500480	0.003060	1.041157
-12.432282	-0.228529	0.505485	0.003023	1.041035
-13.079769	0.029859	0.510490	0.003139	1.041036
-12.501941	-0.221021	0.515494	0.003035	1.041008
-13.249164	-0.131333	0.520499	0.003169	1.040739
-13.448061	-0.042031	0.525504	0.003205	1.040752
-12.739728	-0.331731	0.530509	0.003078	1.040742
-14.144090	0.164477	0.535514	0.003329	1.040661
-13.165913	-0.250610	0.540518	0.003154	1.040627
-13.995034	-0.085477	0.545523	0.003303	1.040414
-14.232623	0.012547	0.550528	0.003345	1.040418
-13.618572	-0.235241	0.555533	0.003235	1.040414
-14.366906	0.063953	0.560538	0.003369	1.040416
-13.748021	-0.242778	0.565542	0.003258	1.040337
-14.547620	-0.111891	0.570547	0.003401	1.040094
-15.285670	0.185380	0.575552	0.003533	1.040099
-14.234112	-0.231972	0.580557	0.003345	1.040100
-15.021125	0.080397	0.585562	0.003486	1.040099
-14.788999	-0.012017	0.590566	0.003444	1.040099
-14.868290	-0.152199	0.595571	0.003459	1.039876
-15.354357	0.047367	0.600576	0.003546	1.039884
-15.075950	-0.142459	0.605581	0.003496	1.039782
-15.368402	-0.024703	0.610586	0.003548	1.039783
-15.144580	-0.120185	0.615590	0.003508	1.039775
-15.653665	-0.145135	0.620595	0.003599	1.039480
-16.419614	0.160303	0.625600	0.003736	1.039480
-16.053588	0.003654	0.630605	0.003671	1.039466
-16.326495	0.122405	0.635610	0.003719	1.039479
-15.691809	-0.130959	0.640614	0.003606	1.039479
-15.605257	-0.303698	0.645619	0.003590	1.039299
-16.781774	0.053414	0.650624	0.003801	1.039155
-16.334471	-0.125011	0.655629	0.003721	1.039154
-16.672621	0.012558	0.660634	0.003781	1.039158
-16.773384	0.053179	0.665638	0.003799	1.039159
-16.650330	-0.192962	0.670643	0.003777	1.038903
-17.594133	0.144779	0.675648	0.003946	1.038853
-17.092147	-0.058477	0.680653	0.003856	1.038849
-16.814954	-0.160847	0.685658	0.003807	1.038859
-17.025375	-0.138194	0.690662	0.003844	1.038780
-17.574702	-0.098799	0.695667	0.003943	1.038547
-17.888551	0.023397	0.700672	0.003999	1.038543
-17.862387	0.012776	0.705677	0.003994	1.038543
-18.262810	0.172193	0.710682	0.004066	1.038543
-17.904170	0.029775	0.715686	0.004001	1.038544
-17.565248	-0.256673	0.720691	0.003941	1.038347
-18.637036	0.124961	0.725696	0.004133	1.038288
-18.005821	-0.132258	0.730701	0.004020	1.038280
-18.639313	-0.044624	0.735706	0.004133	1.038067
-17.970683	-0.257868	0.740710	0.004013	1.038135
-18.856179	-0.053399	0.745715	0.004172	1.037943
-19.475486	0.193570	0.750720	0.004282	1.037944
-18.315073	-0.310298	0.755725	0.004075	1.037889
-19.574770	-0.001883	0.760730	0.004300	1.037638
-19.282975	-0.115901	0.765734	0.004248	1.037641
-18.610962	-0.399801	0.770739	0.004128	1.037619
-20.123164	0.122046	0.775744	0.004398	1.037515
-19.467384	-0.190895	0.780749	0.004281	1.037448
-20.154286	-0.016976	0.785754	0.004404	1.037318
-20.173960	-0.016726	0.790758	0.004407	1.037308
-19.494284	-0.282689	0.795763	0.004286	1.037314
-20.110807	-0.034363	0.800768	0.004396	1.037318
-20.070310	-0.169465	0.805773	0.004389	1.037163
-20.712201	-0.031834	0.810778	0.004504	1.037010
-20.884937	0.034323	0.815782	0.004535	1.037007
-20.158151	-0.257471	0.820787	0.004405	1.037003
-20.834137	0.014828	0.825792	0.004525	1.037008
-20.798475	-0.136472	0.830797	0.004519	1.036829
-21.015579	-0.157706	0.835802	0.004558	1.036689
-21.127317	-0.113792	0.840806	0.004578	1.036688
-21.090888	-0.128260	0.845811	0.004571	1.036688
-21.880142	0.187034	0.850816	0.004712	1.036690
-21.453046	-0.084812	0.855821	0.004636	1.036557
-22.100180	0.035518	0.860826	0.004752	1.036378
-21.905549	0.041644	0.865830	0.004717	1.036487
-21.709821	-0.127238	0.870835	0.004682	1.036369
-21.957409	-0.025589	0.875840	0.004726	1.036373
-21.707209	-0.186255	0.880845	0.004682	1.036293
-22.698705	0.031614	0.885850	0.004859	1.036063
-22.601632	-0.004421	0.890854	0.004841	1.036066
-22.415483	-0.087654	0.895859	0.004808	1.036054
-22.764972	0.059831	0.900864	0.004871	1.036065
-22.036695	-0.317243	0.905869	0.004740	1.035952
-22.720746	-0.184941	0.910874	0.004863	1.035769
-23.413212	0.089561	0.915878	0.004987	1.035768
-22.756855	-0.214860	0.920883	0.004869	1.035712
-23.648432	-0.070109	0.925888	0.005029	1.035438
-23.256438	-0.233130	0.930893	0.004959	1.035429
-23.066687	-0.304866	0.935898	0.004925	1.035434
-23.522315	-0.187003	0.940902	0.005006	1.035351
-24.046751	-0.152552	0.945907	0.005100	1.035123
-23.986055	-0.178477	0.950912	0.005089	1.035121
-23.942349	-0.202305	0.955917	0.005081	1.035113
-24.594380	0.061912	0.960922	0.005198	1.035119
-24.467339	0.016216	0.965926	0.005175	1.035125
-23.951538	-0.267645	0.970931	0.005083	1.035023
-25.056994	0.012471	0.975936	0.005281	1.034814
-24.828737	-0.087997	0.980941	0.005240	1.034802
-25.153785	0.043775	0.985946	0.005298	1.034805
-25.341989	0.121067	0.990950	0.005332	1.034808
-24.998247	-0.015688	0.995955	0.005270	1.034808
-25.006794	-0.009497	1.000960	0.005272	1.034812

-25.180108	0.056874	1.010957	0.005303	1.034808
-24.834130	-0.135711	1.020954	0.005241	1.034737
-25.475220	0.050423	1.030950	0.005355	1.034647
-24.765945	-0.107030	1.040947	0.005228	1.034810
-24.975506	-0.022816	1.050944	0.005266	1.034811
-24.954617	-0.032442	1.060941	0.005262	1.034809
-24.951053	-0.039244	1.070938	0.005261	1.034802
-24.886581	-0.063885	1.080934	0.005250	1.034804
-25.026023	-0.004892	1.090931	0.005275	1.034808
-24.655492	-0.056154	1.100928	0.005208	1.034934
-24.857674	0.046685	1.110925	0.005245	1.034963
-24.380982	-0.124695	1.120922	0.005159	1.034987
-24.574494	-0.044295	1.130918	0.005194	1.034992
-24.467306	0.011876	1.140915	0.005175	1.035121
-24.358789	-0.025387	1.150912	0.005155	1.035129
-24.583824	0.060134	1.160909	0.005195	1.035123
-24.251988	-0.069089	1.170906	0.005136	1.035127
-24.354562	-0.031601	1.180902	0.005154	1.035123
-24.247348	0.143269	1.190899	0.005135	1.035407
-23.566488	-0.216514	1.200896	0.005013	1.035291
-24.506008	0.074839	1.210893	0.005181	1.035183
-23.981792	-0.012760	1.220890	0.005088	1.035341
-23.434693	-0.220127	1.230886	0.004990	1.035355
-23.931935	-0.086339	1.240883	0.005079	1.035271
-23.966948	0.056134	1.250880	0.005085	1.035439
-23.808384	-0.006684	1.260877	0.005057	1.035440
-23.414679	-0.162811	1.270874	0.004986	1.035440
-23.540312	-0.118902	1.280870	0.005009	1.035433
-23.456105	-0.154275	1.290867	0.004993	1.035430
-23.917056	0.115771	1.300864	0.005076	1.035543
-23.095034	-0.276729	1.310861	0.004929	1.035458
-23.414014	-0.164119	1.320858	0.004986	1.035439
-23.277687	-0.140237	1.330854	0.004961	1.035541
-23.272187	0.015874	1.340851	0.004960	1.035748
-22.997915	-0.107511	1.350848	0.004911	1.035729
-23.255785	-0.018574	1.360845	0.004957	1.035712
-22.785014	-0.210773	1.370842	0.004873	1.035705
-22.798451	-0.200142	1.380838	0.004876	1.035712
-22.861891	-0.183512	1.390835	0.004887	1.035701
-23.132876	-0.071431	1.400832	0.004935	1.035707
-22.754185	-0.176082	1.410829	0.004868	1.035767
-22.371058	-0.329914	1.420826	0.004799	1.035765
-22.779305	-0.164989	1.430822	0.004872	1.035769
-22.923630	-0.068382	1.440819	0.004898	1.035820
-22.636951	-0.130942	1.450816	0.004846	1.035887
-22.621768	-0.085300	1.460813	0.004844	1.035954
-21.971228	-0.303254	1.470810	0.004727	1.036008
-22.628625	-0.023497	1.480806	0.004845	1.036032
-22.258876	-0.147237	1.490803	0.004779	1.036062
-22.221508	-0.161026	1.500800	0.004772	1.036064
-22.100994	-0.206056	1.510797	0.004750	1.036068
-21.830517	-0.320558	1.520794	0.004702	1.036059
-22.340107	-0.040874	1.530790	0.004793	1.036159
-21.988365	-0.121579	1.540787	0.004730	1.036236
-22.381412	-0.000849	1.550784	0.004801	1.036190
-21.801268	-0.092524	1.560781	0.004697	1.036371
-21.424226	-0.243570	1.570778	0.004629	1.036370
-21.648161	-0.153698	1.580774	0.004669	1.036371
-22.085183	0.021598	1.590771	0.004747	1.036373
-21.754094	-0.041513	1.600768	0.004688	1.036463
-21.173150	-0.284765	1.610765	0.004584	1.036447
-21.454601	-0.096652	1.620762	0.004635	1.036546
-21.398497	-0.041525	1.630758	0.004624	1.036647
-21.640850	-0.027655	1.640755	0.004668	1.036540
-21.071367	-0.140953	1.650752	0.004566	1.036687
-21.178802	-0.172036	1.660749	0.004585	1.036591
-21.274875	-0.057768	1.670746	0.004602	1.036690
-21.086625	-0.072695	1.680742	0.004569	1.036769
-21.130976	-0.115516	1.690739	0.004576	1.036690
-20.984925	-0.173287	1.700736	0.004550	1.036690
-20.915459	-0.074141	1.710733	0.004538	1.036856
-20.535912	-0.176370	1.720730	0.004470	1.036919
-21.029265	0.001482	1.730726	0.004558	1.036895
-21.111897	0.052927	1.740723	0.004573	1.036919
-20.128086	-0.264869	1.750720	0.004397	1.037016
-20.414841	-0.147292	1.760717	0.004448	1.037020
-20.410491	-0.153759	1.770714	0.004447	1.037014
-20.992232	0.054954	1.780710	0.004551	1.036984
-20.256154	-0.218662	1.790707	0.004420	1.037010
-20.212308	-0.236769	1.800704	0.004412	1.037009
-20.319438	-0.191715	1.810701	0.004431	1.037012
-20.157647	-0.118413	1.820698	0.004402	1.037192
-20.394665	-0.083905	1.830694	0.004444	1.037114
-20.059221	-0.255363	1.840691	0.004384	1.037064
-19.902005	-0.123136	1.850688	0.004356	1.037318
-20.078371	-0.047041	1.860685	0.004388	1.037326
-19.987053	-0.092869	1.870682	0.004371	1.037313
-20.273190	0.102033	1.880678	0.004423	1.037419
-19.658931	-0.147575	1.890675	0.004313	1.037412
-19.664410	-0.104195	1.900672	0.004314	1.037466
-19.290514	-0.187325	1.910669	0.004247	1.037552
-19.740377	0.012412	1.920666	0.004327	1.037579
-19.874051	-0.002770	1.930662	0.004351	1.037490
-19.157420	-0.177404	1.940659	0.004223	1.037634
-19.332113	-0.104976	1.950656	0.004254	1.037638
-19.491210	-0.043381	1.960653	0.004282	1.037635
-19.226619	-0.097525	1.970650	0.004235	1.037702
-19.715118	0.082037	1.980646	0.004322	1.037683
-18.879477	-0.217072	1.990643	0.004173	1.037726
-19.069904	-0.047199	2.000640	0.004207	1.037849
-18.938177	-0.022491	2.010637	0.004183	1.037949
-18.787170	-0.155642	2.020634	0.004156	1.037854
-19.225536	-0.024874	2.030630	0.004235	1.037798
-18.866674	-0.051893	2.040627	0.004171	1.037948
-18.732578	-0.104721	2.050624	0.004147	1.037949
-18.527402	-0.146011	2.060621	0.004110	1.038002
-19.093107	0.089928	2.070618	0.004211	1.038016
-18.540504	-0.135675	2.080614	0.004112	1.038008
-18.225418	-0.212479	2.090611	0.004056	1.038072
-18.154291	-0.248715	2.100608	0.004043	1.038062
-18.507945	-0.101748	2.110605	0.004106	1.038070
-18.581407	-0.023469	2.120602	0.004119	1.038134
-18.255570	-0.190955	2.130598	0.004061	1.038084
-18.143779	-0.177521	2.140595	0.004041	1.038160
-17.891208	-0.180696	2.150592	0.003996	1.038287
-18.224101	-0.100887	2.160589	0.004055	1.038218
-18.244551	-0.043762	2.170586	0.004059	1.038282
-17.693962	-0.264655	2.180582	0.003960	1.038280
-17.955053	-0.160542	2.190579	0.004007	1.038280
-17.827039	-0.207944	2.200576	0.003984	1.038285
-18.000765	-0.063240	2.210573	0.004015	1.038383
-17.893891	-0.080108	2.220570	0.003996	1.038416
-17.684170	-0.067103	2.230566	0.003959	1.038542
-17.528653	-0.129779	2.240563	0.003931	1.038541
-17.815162	-0.017894	2.250560	0.003982	1.038538
-17.540357	0.018638	2.260557	0.003933	1.038728
-17.543573	0.020707	2.270554	0.003933	1.038729
-17.129563	-0.139146	2.280550	0.003859	1.038736
-17.361804	0.038202	2.290547	0.003901	1.038846
-17.259076	-0.003281	2.300544	0.003882	1.038845
-17.404126	0.054761	2.310541	0.003908	1.038846
-17.247095	0.034719	2.320538	0.003880	1.038901
-16.874095	-0.027020	2.330534	0.003813	1.039014
-16.662578	-0.048171	2.340531	0.003775	1.039096
-17.091292	0.125904	2.350528	0.003852	1.039100
-16.855913	-0.011260	2.360525	0.003810	1.039044
-16.767972	0.040836	2.370522	0.003794	1.039157
-16.591369	-0.034080	2.380518	0.003763	1.039151
-16.674503	-0.002006	2.390515	0.003777	1.039150
-16.636182	-0.014424	2.400512	0.003771	1.039154
-16.557222	-0.046988	2.410509	0.003756	1.039152
-16.506690	-0.068357	2.420506	0.003747	1.039151
-16.318619	-0.090754	2.430502	0.003714	1.039219
-16.489307	0.029226	2.440499	0.003744	1.039287
-16.302736	0.062424	2.450496	0.003711	1.039426
-16.054773	-0.046973	2.460493	0.003666	1.039412
-16.303105	0.010965	2.470490	0.003711	1.039359
-16.034623	-0.000466	2.480486	0.003663	1.039483
-15.863881	-0.071967	2.490483	0.003632	1.039479
-16.062587	0.006888	2.500480	0.003668	1.039479
-16.487613	0.236837	2.510477	0.003744	1.039558
-15.182566	-0.272117	2.520474	0.003510	1.039571
-15.993296	0.026927	2.530470	0.003655	1.039541
-15.619910	-0.020100	2.540467	0.003588	1.039673
-15.671138	-0.067886	2.550464	0.003598	1.039584
-15.780178	0.118753	2.560461	0.003617	1.039770
-15.235570	-0.188398	2.570458	0.003520	1.039653
-15.735638	0.114583	2.580454	0.003609	1.039788
-15.467702	0.003855	2.590451	0.003561	1.039783
-15.503326	0.055359	2.600448	0.003567	1.039831
-15.076235	-0.126720	2.610445	0.003491	1.039816
-15.153759	-0.050291	2.620442	0.003505	1.039875
-15.156374	-0.019627	2.630438	0.003505	1.039913
-14.906827	-0.078369	2.640435	0.003461	1.039966
-15.189402	0.023030	2.650432	0.003511	1.039952
-15.122990	0.058732	2.660429	0.003499	1.040033
-14.449241	-0.188166	2.670426	0.003379	1.040060
-15.160958	0.121841	2.680422	0.003506	1.040095
-14.691108	-0.056124	2.690419	0.003422	1.040107
-14.505700	-0.129128	2.700416	0.003389	1.040108
-14.695880	-0.055173	2.710413	0.003423	1.040106
-14.640255	-0.072127	2.720410	0.003413	1.040113
-14.670889	-0.065767	2.730406	0.003418	1.040105
-14.412156	-0.010855	2.740403	0.003372	1.040310
-14.304737	-0.118576	2.750400	0.003353	1.040226
-14.604391	0.092648	2.760397	0.003406	1.040345
-14.070356	-0.070507	2.770394	0.003311	1.040409
-14.431802	0.079258	2.780390	0.003375	1.040417
-14.142268	-0.036270	2.790387	0.003324	1.040417
-14.088105	-0.057820	2.800384	0.003314	1.040417
-14.330232	0.110408	2.810381	0.003357	1.040510
-13.550111	-0.138030	2.820378	0.003218	1.040591
-13.940668	-0.004327	2.830374	0.003287	1.040563
-13.910494	0.025416	2.840371	0.003282	1.040617
-13.830364	-0.008275	2.850368	0.003268	1.040615
-13.751325	0.067326	2.860365	0.003253	1.040754
-13.142684	-0.306291	2.870362	0.003145	1.040583
-13.530226	-0.199931	2.880358	0.003214	1.040521
-13.701092	0.005004	2.890355	0.003244	1.040699
-13.251597	-0.132256	2.900352	0.003164	1.040753
-13.270325	-0.221848	2.910349	0.003167	1.040627
-13.451548	-0.127726	2.920346	0.003200	1.040656
-13.608980	0.003014	2.930342	0.003228	1.040744
-13.221109	-0.077784	2.940339	0.003158	1.040840
-13.278475	-0.074708	2.950336	0.003169	1.040814
-12.995174	-0.148227	2.960333	0.003118	1.040865
-12.892956	-0.141540	2.970330	0.003100	1.040927
-12.870373	-0.150038	2.980326	0.003096	1.040927
-13.119436	-0.062174	2.990323	0.003140	1.040913
-13.023822	0.004272	3.000320	0.003123	1.041048
-12.629069	-0.154575	3.010317	0.003052	1.041046
-12.698132	-0.131662	3.020314	0.003065	1.041040
-12.719334	-0.021542	3.030310	0.003068	1.041172
-12.758657	0.063311	3.040307	0.003075	1.041262
-12.305575	-0.172696	3.050304	0.002994	1.041190
-12.472186	-0.170569	3.060301	0.003024	1.041107
-12.426873	0.000793	3.070298	0.003016	1.041352
-12.467546	0.020001	3.080294	0.003023	1.041356
-12.250009	-0.068979	3.090291	0.002984	1.041353
-12.439905	0.005760	3.100288	0.003018	1.041352
-12.002404	-0.115117	3.110285	0.002940	1.041421
-11.893627	-0.209825	3.120282	0.002920	1.041355
-12.042638	-0.023967	3.130278	0.002947	1.041519
-12.116131	-0.094913	3.140275	0.002960	1.041389
-11.937071	-0.052038	3.150272	0.002928	1.041537
-11.488847	-0.215883	3.160269	0.002848	1.041556
-11.783820	-0.139302	3.170266	0.002901	1.041503
-11.581499	-0.097288	3.180262	0.002864	1.041662
-11.958906	-0.042836	3.190259	0.002932	1.041538
-11.469557	-0.139713	3.200256	0.002844	1.041665
-11.144990	-0.406175	3.210253	0.002786	1.041487
-11.693314	-0.058246	3.220250	0.002884	1.041655
-11.622230	0.020515	3.230246	0.002872	1.041794
-11.589283	-0.044515	3.240243	0.002866	1.041727
-11.373847	-0.015473	3.250240	0.002827	1.041876
-10.824783	-0.144886	3.260237	0.002729	1.041991
-11.408437	0.083417	3.270234	0.002833	1.041986
-11.281413	0.039870	3.280230	0.002811	1.041995
-11.046883	-0.056595	3.290227	0.002769	1.041991
-11.078283	0.035418	3.300224	0.002774	1.042094
-10.478925	-0.143553	3.310221	0.002667	1.042171
-10.714444	-0.091506	3.320218	0.002709	1.042118
-11.148294	0.132502	3.330214	0.002787	1.042184
-10.782284	-0.008082	3.340211	0.002721	1.042191
-10.247644	-0.199061	3.350208	0.002625	1.042219
-10.642939	0.022340	3.360205	0.002696	1.042302
-10.379285	-0.079560	3.370202	0.002649	1.042306
-10.700025	0.043806	3.380198	0.002706	1.042301
-10.154933	-0.180717	3.390195	0.002609	1.042291
-10.176567	-0.165160	3.400192	0.002613	1.042300
-10.624560	0.014761	3.410189	0.002693	1.042302
-9.960328	-0.173234	3.420186	0.002574	1.042401
-10.653847	0.116405	3.430182	0.002698	1.042419
-9.944694	-0.156448	3.440179	0.002571	1.042431
-9.680805	-0.278175	3.450176	0.002524	1.042409
-9.872096	-0.114350	3.460173	0.002558	1.042523
-9.960407	-0.074309	3.470170	0.002574	1.042529
-10.152690	-0.061695	3.480166	0.002608	1.042447
-9.545182	-0.204530	3.490163	0.002499	1.042575
-9.488860	-0.270695	3.500160	0.002489	1.042518
-10.024383	0.015522	3.510157	0.002585	1.042613
-9.563380	-0.079678	3.520154	0.002503	1.042727
-10.038580	0.105031	3.530150	0.002588	1.042722
-9.047898	-0.245923	3.540147	0.002410	1.042778
-9.191456	-0.140609	3.550144	0.002436	1.042840
-9.876194	0.183634	3.560141	0.002558	1.042907
-9.164374	-0.079703	3.570138	0.002431	1.042933
-9.223454	-0.061197	3.580134	0.002442	1.042927
-9.169479	-0.078743	3.590131	0.002432	1.042932
-8.809971	-0.095779	3.600128	0.002368	1.043095
-9.082403	0.024116	3.610125	0.002416	1.043110
-8.847659	-0.094172	3.620122	0.002374	1.043078
-9.371742	0.043018	3.630118	0.002468	1.042986
-8.253203	-0.278058	3.640115	0.002268	1.043146
-8.481638	-0.246933	3.650112	0.002309	1.043069
-8.855671	-0.076883	3.660109	0.002376	1.043097
-8.592688	-0.185816	3.670106	0.002329	1.043091
-8.835139	-0.179482	3.680102	0.002372	1.042974
-8.171847	-0.344638	3.690099	0.002253	1.043102
-8.465603	-0.110021	3.700096	0.002306	1.043255
-8.694325	-0.017847	3.710093	0.002347	1.043256
-8.403794	-0.128985	3.720090	0.002295	1.043262
-8.617847	-0.026522	3.730086	0.002333	1.043285
-8.314523	0.012316	3.740083	0.002279	1.043491
-7.788911	-0.197865	3.750080	0.002185	1.043490
-7.935434	-0.140940	3.760077	0.002211	1.043488
-8.238460	-0.075199	3.770074	0.002265	1.043417
-7.926534	-0.149239	3.780070	0.002209	1.043482
-7.439624	-0.339005	3.790067	0.002122	1.043487
-8.190134	-0.037681	3.800064	0.002256	1.043491
-8.025908	0.006754	3.810061	0.002227	1.043633
-7.840971	-0.124231	3.820058	0.002194	1.043559
-7.296197	-0.297749	3.830054	0.002096	1.043615
-7.527757	-0.199855	3.840051	0.002138	1.043622
-7.741421	0.006031	3.850048	0.002176	1.043779
-7.353893	-0.128230	3.860045	0.002106	1.043805
-7.244442	-0.229669	3.870042	0.002087	1.043730
-7.207847	-0.328518	3.880038	0.002080	1.043621
-7.623009	-0.028791	3.890035	0.002155	1.043795
-7.076049	-0.152096	3.900032	0.002057	1.043917
-7.389387	-0.116303	3.910029	0.002113	1.043802
-7.129625	-0.126349	3.920026	0.002066	1.043923
-6.836504	-0.166462	3.930022	0.002014	1.044022
-7.107750	0.001205	3.940019	0.002062	1.044099
-6.982304	-0.047134	3.950016	0.002040	1.044101
-6.842996	-0.102259	3.960013	0.002015	1.044102
-6.403638	-0.275028	3.970010	0.001936	1.044104
-6.389171	-0.281261	3.980006	0.001934	1.044104
-6.534557	-0.222070	3.990003	0.001960	1.044106
-6.860796	-0.148219	4.000000	0.002018	1.044033
-6.667562	-0.168766	4.009997	0.001983	1.044106
-6.592046	-0.202435	4.019994	0.001970	1.044102
-6.215127	-0.255383	4.029990	0.001902	1.044227
-6.447623	-0.046347	4.039987	0.001944	1.044378
-6.212321	-0.179758	4.049984	0.001902	1.044327
-5.972588	-0.277201	4.059981	0.001859	1.044324
-6.351305	-0.217971	4.069978	0.001927	1.044206
-5.987060	-0.188102	4.079974	0.001861	1.044432
-5.645024	-0.332240	4.089971	0.001800	1.044421
-6.379805	-0.163802	4.099968	0.001932	1.044261
-6.213138	-0.095638	4.109965	0.001902	1.044435
-5.674124	-0.229986	4.119962	0.001805	1.044539
-5.618002	-0.256000	4.129958	0.001795	1.044534
-5.748535	-0.122160	4.139955	0.001819	1.044640
-5.744650	-0.147226	4.149952	0.001818	1.044610
-5.567689	-0.184610	4.159949	0.001786	1.044652
-5.113937	-0.427334	4.169946	0.001705	1.044572
-5.559792	-0.169591	4.179942	0.001785	1.044676
-5.675600	-0.080495	4.189939	0.001805	1.044732
-5.402331	-0.185535	4.199936	0.001757	1.044737
-5.236536	-0.251802	4.209933	0.001727	1.044736
-5.342058	-0.108055	4.219930	0.001746	1.044868
-4.958910	-0.121894	4.229926	0.001677	1.045047
-4.988030	-0.202569	4.239923	0.001682	1.044928
-5.171008	-0.199749	4.249920	0.001715	1.044837
-4.970810	-0.112174	4.259917	0.001679	1.045054
-4.466282	-0.321151	4.269914	0.001589	1.045043
-4.936157	-0.185001	4.279910	0.001673	1.044977
-4.988470	-0.104458	4.289907	0.001682	1.045055
-5.096500	-0.041980	4.299904	0.001702	1.045080
-4.637995	-0.001765	4.309901	0.001619	1.045367
-4.575597	-0.025738	4.319898	0.001608	1.045369
-4.725481	0.032335	4.329894	0.001635	1.045367
-4.593717	0.047465	4.339891	0.001611	1.045454
-4.429731	-0.040658	4.349888	0.001582	1.045425
-4.323785	0.100806	4.359885	0.001563	1.045662
-4.074689	0.022224	4.369882	0.001519	1.045688
-4.190696	0.071055	4.379878	0.001539	1.045692
-4.110566	0.036455	4.389875	0.001525	1.045688
-4.047561	0.015207	4.399872	0.001514	1.045693
-4.123849	0.049990	4.409869	0.001527	1.045699
-4.104736	0.039244	4.419866	0.001524	1.045695
-3.983327	0.045862	4.429862	0.001502	1.045766
-3.784843	0.088976	4.439859	0.001467	1.045924
-3.622977	-0.055358	4.449856	0.001438	1.045821
-3.553438	-0.143270	4.459853	0.001425	1.045743
-3.685927	-0.054759	4.469850	0.001449	1.045789
-3.474002	0.009537	4.479846	0.001411	1.045981
-3.457022	-0.152182	4.489843	0.001408	1.045781
-3.358614	-0.078450	4.499840	0.001390	1.045927
-3.324056	-0.176673	4.509837	0.001384	1.045818
-3.369860	-0.063665	4.519834	0.001392	1.045940
-3.241925	-0.079737	4.529830	0.001369	1.045985
-3.497051	0.021905	4.539827	0.001415	1.045986
-3.374964	0.053406	4.549824	0.001393	1.046089
-3.215753	0.149809	4.559821	0.001364	1.046295
-3.162913	0.130065	4.569818	0.001355	1.046297
-3.203919	0.181042	4.579814	0.001362	1.046342
-3.086757	0.334393	4.589811	0.001341	1.046600
-3.032660	0.317179	4.599808	0.001332	1.046605
-2.923615	0.343435	4.609805	0.001312	1.046695
-2.638399	0.412229	4.619802	0.001261	1.046930
-2.811508	0.479233	4.629798	0.001292	1.046928
-2.581011	0.384320	4.639795	0.001251	1.046924
-2.668710	0.417402	4.649792	0.001266	1.046921
-2.705423	0.576731	4.659789	0.001273	1.047108
-2.645503	0.655614	4.669786	0.001262	1.047241
-2.448164	0.577290	4.679782	0.001227	1.047241
-2.193431	0.480253	4.689779	0.001181	1.047247
-2.147752	0.462026	4.699776	0.001173	1.047247
-2.188705	0.621997	4.709773	0.001180	1.047432
-1.936725	0.625168	4.719770	0.001135	1.047565
-2.045638	0.667538	4.729766	0.001155	1.047564
-2.032384	0.654326	4.739763	0.001152	1.047554
-1.917055	0.615728	4.749760	0.001132	1.047563
-1.882719	0.598618	4.759757	0.001125	1.047559
-1.640735	0.503988	4.769754	0.001082	1.047561
-1.944673	0.623040	4.779750	0.001136	1.047559
-1.754667	0.789274	4.789747	0.001102	1.047870
-1.793968	0.809590	4.799744	0.001109	1.047876
-1.811570	0.857984	4.809741	0.001113	1.047930
-1.663263	1.019469	4.819738	0.001086	1.048214
-1.601960	0.991628	4.829734	0.001075	1.048209
-1.603958	1.116019	4.839731	0.001075	1.048369
-1.320790	1.069179	4.849728	0.001025	1.048453
-1.351262	1.083677	4.859725	0.001030	1.048456
-1.175973	1.015648	4.869722	0.000999	1.048459
-1.122530	1.101375	4.879718	0.000989	1.048596
-1.055228	1.208688	4.889715	0.000977	1.048769
-0.921021	1.156093	4.899712	0.000953	1.048770
-0.866820	1.134599	4.909709	0.000943	1.048770
-0.860899	1.134559	4.919706	0.000942	1.048773
-1.065225	1.207050	4.929702	0.000979	1.048762
-0.761163	1.211690	4.939699	0.000924	1.048924
-0.637540	1.271855	4.949696	0.000902	1.049065
-0.808881	1.342336	4.959693	0.000933	1.049068
-0.759270	1.362459	4.969690	0.000924	1.049119
-0.737728	1.563088	4.979686	0.000920	1.049388
-0.613627	1.517979	4.989683	0.000898	1.049394
-0.398015	1.600311	4.999680	0.000859	1.049610
-0.313629	1.636466	5.009677	0.000844	1.049700
-0.370766	1.661331	5.019674	0.000854	1.049702
-0.461773	1.715232	5.029670	0.000870	1.049725
-0.171902	1.828514	5.039667	0.000818	1.050019
0.000000	1.768140	5.049664	0.000788	1.050030

-0.046695	1.778309	5.054669	0.000796	1.050019
-0.092277	2.015605	5.059674	0.000804	1.050300
0.341707	2.045783	5.064678	0.000727	1.050561
0.162114	2.354735	5.069683	0.000759	1.050866
0.624297	2.528113	5.074688	0.000676	1.051325
0.941216	2.719110	5.079693	0.000619	1.051732
1.125549	3.024981	5.084698	0.000586	1.052218
1.672668	3.194097	5.089702	0.000488	1.052714
1.757528	3.577848	5.094707	0.000473	1.053249
2.203444	3.823510	5.099712	0.000393	1.053791
2.361748	4.226598	5.104717	0.000365	1.054388
2.419740	4.748565	5.109722	0.000354	1.055085
2.977066	5.118231	5.114726	0.000255	1.055841
3.407728	5.498131	5.119731	0.000177	1.056546
3.910277	5.891835	5.124736	0.000087	1.057304
4.373448	6.294601	5.129741	0.000005	1.058052
4.590074	6.760864	5.134746	-0.000034	1.058757
5.206240	7.158780	5.139750	-0.000145	1.059576
5.329581	7.725811	5.144755	-0.000167	1.060360
5.988655	8.120500	5.149760	-0.000285	1.061196
6.309631	8.636204	5.154765	-0.000342	1.062013
6.624458	9.200107	5.159770	-0.000399	1.062889
7.200958	9.604139	5.164774	-0.000502	1.063692
7.162794	10.331464	5.169779	-0.000495	1.064595
7.788432	10.839716	5.174784	-0.000607	1.065554
8.112046	11.462556	5.179789	-0.000665	1.066505
8.356313	12.167263	5.184794	-0.000709	1.067519
8.884562	12.727299	5.189798	-0.000804	1.068492
8.964327	13.511895	5.194803	-0.000818	1.069522
9.664202	14.099333	5.199808	-0.000943	1.070614
9.881708	14.852528	5.204813	-0.000982	1.071672
10.334884	15.569325	5.209818	-0.001063	1.072800
10.767883	16.233663	5.214822	-0.001141	1.073852
11.144420	16.991105	5.219827	-0.001208	1.074991
11.770969	17.651131	5.224832	-0.001321	1.076131
12.050367	18.443893	5.229837	-0.001371	1.077263
12.474648	19.185866	5.234842	-0.001447	1.078403
12.944763	19.941654	5.239846	-0.001531	1.079582
13.282640	20.763775	5.244851	-0.001592	1.080776
13.920371	21.466432	5.249856	-0.001706	1.081969
14.235307	22.280328	5.254861	-0.001762	1.083139
14.635142	23.072892	5.259866	-0.001834	1.084323
15.227757	23.827202	5.264870	-0.001940	1.085554
15.381468	24.754557	5.269875	-0.001968	1.086782
15.791734	25.637319	5.274880	-0.002041	1.088079
16.225267	26.483562	5.279885	-0.002119	1.089341
16.553553	27.432422	5.284890	-0.002178	1.090677
17.378217	28.166678	5.289894	-0.002325	1.091989
17.752324	29.022594	5.294899	-0.002392	1.093229
18.418476	29.793448	5.299904	-0.002512	1.094506
18.908111	30.615823	5.304909	-0.002599	1.095758
19.162492	31.562396	5.309914	-0.002645	1.097047
19.853150	32.322777	5.314918	-0.002769	1.098318
20.094088	33.269343	5.319923	-0.002812	1.099598
20.727954	34.085427	5.324928	-0.002925	1.100906
21.086065	35.000874	5.329933	-0.002990	1.102201
21.226317	35.996101	5.334938	-0.003015	1.103487
21.869609	36.886459	5.339942	-0.003130	1.104886
22.168746	37.862595	5.344947	-0.003184	1.106222
22.809461	38.747518	5.349952	-0.003298	1.107610
23.435615	39.586547	5.354957	-0.003411	1.108933
23.713228	40.579149	5.359962	-0.003460	1.110274
24.419118	41.435995	5.364966	-0.003587	1.111654
24.784027	42.373088	5.369971	-0.003652	1.112966
25.128208	43.348263	5.374976	-0.003714	1.114312
25.646693	44.293460	5.379981	-0.003807	1.115704
26.094605	45.265258	5.384986	-0.003887	1.117093
26.638828	46.187773	5.389990	-0.003985	1.118466
27.058538	47.159067	5.394995	-0.004060	1.119837
27.703349	48.050663	5.400000	-0.004175	1.121218
28.227259	48.966876	5.405005	-0.004269	1.122569
28.597354	49.905821	5.410010	-0.004336	1.123873
29.064654	50.900714	5.415014	-0.004419	1.125288
29.450364	51.899521	5.420019	-0.004488	1.126667
29.948999	52.864809	5.425024	-0.004578	1.128058
30.631520	53.750270	5.430029	-0.004700	1.129439
30.949719	54.769807	5.435034	-0.004757	1.130806
31.395702	55.796351	5.440038	-0.004837	1.132240
32.251951	56.548355	5.445043	-0.004990	1.133539
32.525809	57.607356	5.450048	-0.005039	1.134927
33.345275	58.416582	5.455053	-0.005186	1.136274
33.675174	59.397910	5.460058	-0.005245	1.137593
34.142085	60.335187	5.465062	-0.005329	1.138922
34.726503	61.243703	5.470067	-0.005434	1.140271
35.092929	62.244610	5.475072	-0.005499	1.141625
35.618032	63.176531	5.480077	-0.005593	1.142971
35.869233	64.229059	5.485082	-0.005638	1.144329
36.642458	65.097139	5.490086	-0.005777	1.145712
37.018785	66.092650	5.495091	-0.005844	1.147058
37.459033	67.058442	5.500096	-0.005923	1.148397
38.079555	67.967018	5.505101	-0.006034	1.149751
38.399923	69.000643	5.510106	-0.006092	1.151112
38.999166	69.941045	5.515110	-0.006199	1.152490
39.361583	70.931783	5.520115	-0.006264	1.153816
39.828829	71.934729	5.525120	-0.006348	1.155203
40.414099	72.883530	5.530125	-0.006453	1.156580
40.648592	73.987023	5.535130	-0.006495	1.157974
41.022345	75.065206	5.540134	-0.006562	1.159400
41.422934	76.139683	5.545139	-0.006634	1.160833
41.843632	77.253107	5.550144	-0.006709	1.162319
42.650265	78.126088	5.555149	-0.006854	1.163700
42.924563	79.257323	5.560154	-0.006903	1.165136
43.452306	80.313051	5.565158	-0.006997	1.166598
44.087507	81.260894	5.570163	-0.007111	1.167983
44.456693	82.374002	5.575168	-0.007177	1.169435
45.208373	83.303388	5.580173	-0.007312	1.170848
45.526462	84.408279	5.585178	-0.007369	1.172264
46.270969	85.292307	5.590182	-0.007502	1.173618
46.864990	86.256810	5.595187	-0.007609	1.174995
47.290133	87.286774	5.600192	-0.007685	1.176369
48.163431	88.090528	5.605197	-0.007841	1.177684
48.371424	89.147458	5.610202	-0.007879	1.178988
49.008604	90.081592	5.615206	-0.007993	1.180343
49.388494	91.089290	5.620211	-0.008061	1.181664
49.854760	92.037397	5.625216	-0.008144	1.182955
50.492227	92.971323	5.630221	-0.008259	1.184305
50.946264	93.933027	5.635226	-0.008340	1.185603
51.428620	94.920081	5.640230	-0.008426	1.186941
51.995362	95.816469	5.645235	-0.008528	1.188213
52.453892	96.811379	5.650240	-0.008610	1.189546
53.061542	97.739025	5.655245	-0.008719	1.190868
53.422467	98.734428	5.660250	-0.008784	1.192156
53.952936	99.664000	5.665254	-0.008879	1.193443
54.616745	100.554295	5.670259	-0.008998	1.194743
55.298094	101.414508	5.675264	-0.009120	1.196016
55.749359	102.333645	5.680269	-0.009200	1.197252
56.066100	103.295034	5.685274	-0.009257	1.198475
56.581825	104.253354	5.690278	-0.009350	1.199780
57.206797	105.124709	5.695283	-0.009462	1.201036
57.486252	106.144069	5.700288	-0.009512	1.202303
58.165880	106.974377	5.705293	-0.009633	1.203533
58.695797	107.875249	5.710298	-0.009728	1.204776
59.381262	108.721509	5.715302	-0.009851	1.206024
60.044042	109.518620	5.720307	-0.009970	1.207206
60.620944	110.318767	5.725312	-0.010073	1.208353
61.063664	111.195691	5.730317	-0.010152	1.209525
61.434956	112.093978	5.735322	-0.010219	1.210689
62.001160	112.961616	5.740326	-0.010320	1.211902
62.473392	113.779398	5.745331	-0.010405	1.213018
62.745998	114.752671	5.750336	-0.010454	1.214218
63.460360	115.556976	5.755341	-0.010582	1.215423
63.762452	116.523624	5.760346	-0.010636	1.216626
64.450949	117.303734	5.765350	-0.010759	1.217790
65.050812	118.141791	5.770355	-0.010867	1.218978
65.382900	119.054408	5.775360	-0.010926	1.220131
65.969005	119.916142	5.780365	-0.011031	1.221338
66.309821	120.805213	5.785370	-0.011092	1.222466
66.872734	121.669941	5.790374	-0.011193	1.223663
67.425783	122.525033	5.795379	-0.011292	1.224844
68.075414	123.312941	5.800384	-0.011409	1.225992
68.756940	124.071235	5.805389	-0.011531	1.227120
69.264353	124.838637	5.810394	-0.011622	1.228182
69.725772	125.660276	5.815398	-0.011704	1.229282
70.432762	126.372607	5.820403	-0.011831	1.230367
70.794143	127.222654	5.825408	-0.011896	1.231454
71.293322	127.971609	5.830413	-0.011985	1.232488
71.563178	128.861174	5.835418	-0.012033	1.233576
71.993979	129.748180	5.840422	-0.012111	1.234729
72.433679	130.611353	5.845427	-0.012189	1.235860
72.684323	131.592602	5.850432	-0.012234	1.237036
73.189669	132.470709	5.855437	-0.012325	1.238209
73.623867	133.403230	5.860442	-0.012403	1.239409
73.785185	134.486348	5.865446	-0.012432	1.240654
74.277594	135.441630	5.870451	-0.012520	1.241902
74.871241	136.326830	5.875456	-0.012626	1.243115
75.305842	137.326601	5.880461	-0.012704	1.244383
75.736936	138.322116	5.885466	-0.012781	1.245644
75.880122	139.474719	5.890470	-0.012807	1.246950
76.319074	140.519274	5.895475	-0.012886	1.248265
76.821236	141.572771	5.900480	-0.012976	1.249614
77.517803	142.549696	5.905485	-0.013101	1.250962
78.074555	143.509887	5.910490	-0.013200	1.252231
78.525934	144.544002	5.915494	-0.013281	1.253534
79.004481	145.562753	5.920499	-0.013367	1.254830
79.475527	146.595194	5.925504	-0.013451	1.256137
79.839077	147.657373	5.930509	-0.013517	1.257428
80.230569	148.767301	5.935514	-0.013587	1.258781
80.734257	149.832294	5.940518	-0.013677	1.260132
81.110561	150.952426	5.945523	-0.013745	1.261487
81.473647	152.064507	5.950528	-0.013810	1.262826
81.971463	153.181300	5.955533	-0.013899	1.264225
82.374514	154.341241	5.960538	-0.013971	1.265629
82.864095	155.460942	5.965542	-0.014059	1.267025
83.313504	156.612248	5.970547	-0.014139	1.268435
83.611728	157.856137	5.975552	-0.014193	1.269880
83.883912	159.139607	5.980557	-0.014242	1.271354
84.253165	160.380362	5.985562	-0.014308	1.272821
84.748233	161.645896	5.990566	-0.014397	1.274365
85.309319	162.861338	5.995571	-0.014497	1.275881
85.581600	164.182159	6.000576	-0.014546	1.277388
85.866607	165.580552	6.005581	-0.014597	1.278979
86.329440	166.903493	6.010586	-0.014680	1.280563
87.009726	168.108434	6.015590	-0.014802	1.282110
87.236891	169.514380	6.020595	-0.014843	1.283679
87.681159	170.891213	6.025600	-0.014923	1.285306
88.026367	172.312452	6.030605	-0.014985	1.286936
88.374967	173.747877	6.035610	-0.015047	1.288580
88.909541	175.171550	6.040614	-0.015143	1.290286
89.196940	176.639571	6.045619	-0.015195	1.291935
89.750321	178.043093	6.050624	-0.015294	1.293623
90.179340	179.538205	6.055629	-0.015371	1.295354
90.707929	180.942595	6.060634	-0.015466	1.297028
90.989453	182.497478	6.065638	-0.015516	1.298756
91.544266	183.969080	6.070643	-0.015616	1.300506
92.006834	185.467269	6.075648	-0.015699	1.302244
92.330545	187.030146	6.080653	-0.015757	1.303990
92.795864	188.570955	6.085658	-0.015840	1.305768
93.098890	190.140969	6.090662	-0.015895	1.307509
93.580571	191.726607	6.095667	-0.015981	1.309335
93.835465	193.404905	6.100672	-0.016027	1.311162
94.322619	195.001420	6.105677	-0.016114	1.312997
94.769564	196.635066	6.110682	-0.016194	1.314850
95.076565	198.349440	6.115686	-0.016250	1.316728
95.542398	200.022325	6.120691	-0.016333	1.318624
96.132114	201.664380	6.125696	-0.016439	1.320535
96.474596	203.358317	6.130701	-0.016500	1.322397
96.892719	205.092172	6.135706	-0.016575	1.324328
97.310370	206.837478	6.140710	-0.016650	1.326267
97.873971	208.500652	6.145715	-0.016751	1.328178
98.406038	210.186036	6.150720	-0.016847	1.330097
98.833322	211.919870	6.155725	-0.016923	1.332019
99.318283	213.630272	6.160730	-0.017010	1.333939
99.658733	215.441857	6.165734	-0.017072	1.335900
99.999974	217.242759	6.170739	-0.017133	1.337848
100.618452	218.987248	6.175744	-0.017244	1.339846
100.902045	220.837894	6.180749	-0.017295	1.341815
101.417066	222.636885	6.185754	-0.017387	1.343821
101.898717	224.451347	6.190758	-0.017474	1.345826
102.384558	226.248449	6.195763	-0.017561	1.347812
102.766652	228.133408	6.200768	-0.017629	1.349842
103.368622	229.895969	6.205773	-0.017737	1.351833
103.917406	231.683903	6.210778	-0.017836	1.353826
104.633844	233.408659	6.215782	-0.017964	1.355818
105.034360	235.190979	6.220787	-0.018036	1.357742
105.637703	236.958927	6.225792	-0.018144	1.359727
106.088117	238.719364	6.230797	-0.018225	1.361642
106.629481	240.473752	6.235802	-0.018322	1.363584
107.182315	242.250427	6.240806	-0.018421	1.365550
107.648450	243.997926	6.245811	-0.018505	1.367451
108.094640	245.804384	6.250816	-0.018585	1.369399
108.573622	247.584198	6.255821	-0.018671	1.371331
109.231246	249.281451	6.260826	-0.018789	1.373248
109.666371	251.091355	6.265830	-0.018867	1.375187
110.083847	252.872654	6.270835	-0.018942	1.377088
110.594166	254.669376	6.275840	-0.019033	1.379038
111.037219	256.496992	6.280845	-0.019113	1.380989
111.651704	258.211806	6.285850	-0.019223	1.382892
112.256589	259.957212	6.290854	-0.019331	1.384819
112.894699	261.633602	6.295859	-0.019446	1.386689
113.472873	263.318159	6.300864	-0.019549	1.388542
113.992024	265.039798	6.305869	-0.019643	1.390406
114.473305	266.720219	6.310874	-0.019729	1.392213
114.975781	268.445296	6.315878	-0.019819	1.394068
115.570679	270.123983	6.320883	-0.019926	1.395912
116.299320	271.700728	6.325888	-0.020056	1.397704
116.798160	273.361898	6.330893	-0.020146	1.399490
117.174918	275.040079	6.335898	-0.020213	1.401244
117.671132	276.723168	6.340902	-0.020302	1.403045
118.135259	278.437680	6.345907	-0.020386	1.404861
118.542924	280.115988	6.350912	-0.020459	1.406620
119.041675	281.844795	6.355917	-0.020548	1.408458
119.455148	283.600225	6.360922	-0.020622	1.410288
120.032376	285.262116	6.365926	-0.020726	1.412087
120.617386	286.947713	6.370931	-0.020831	1.413909
121.067697	288.661030	6.375936	-0.020912	1.415706
121.387098	290.442075	6.380941	-0.020969	1.417516
121.846393	292.214585	6.385946	-0.021051	1.419367
122.272330	293.983217	6.390950	-0.021128	1.421199
122.858713	295.694405	6.395955	-0.021233	1.423034
123.242966	297.513608	6.400960	-0.021302	1.424894
123.668953	299.289548	6.405965	-0.021378	1.426727
123.963272	301.184899	6.410970	-0.021431	1.428621
124.335814	303.082385	6.415974	-0.021498	1.430543
124.719819	304.964402	6.420979	-0.021567	1.432452
125.217352	306.876239	6.425984	-0.021656	1.434428
125.742551	308.741772	6.430989	-0.021751	1.436368
126.077929	310.699159	6.435994	-0.021811	1.438323
126.649794	312.583345	6.440998	-0.021913	1.440292
127.063124	314.504160	6.446003	-0.021988	1.442235
127.454997	316.480236	6.451008	-0.022058	1.444219
127.886920	318.462342	6.456013	-0.022136	1.446220
128.476481	320.385539	6.461018	-0.022241	1.448221
128.976979	322.325514	6.466022	-0.022331	1.450202
129.395303	324.298532	6.471027	-0.022406	1.452182
129.924440	326.245300	6.476032	-0.022501	1.454174
130.346128	328.241539	6.481037	-0.022577	1.456171
130.945689	330.173744	6.486042	-0.022684	1.458170
131.535636	332.109835	6.491046	-0.022790	1.460166
132.055889	334.049200	6.496051	-0.022883	1.462137
132.685091	335.918804	6.501056	-0.022996	1.464081
133.187091	337.817346	6.506061	-0.023086	1.466003
133.676130	339.709577	6.511066	-0.023174	1.467912
134.309717	341.586179	6.516070	-0.023288	1.469855
134.684907	343.479479	6.521075	-0.023355	1.471720
135.112743	345.437242	6.526080	-0.023432	1.473660
135.589432	347.386434	6.531085	-0.023517	1.475606
136.027546	349.327731	6.536090	-0.023596	1.477529
136.685781	351.223216	6.541094	-0.023714	1.479486
137.201353	353.072565	6.546099	-0.023807	1.481348
137.570577	355.056679	6.551104	-0.023873	1.483278
138.060985	356.999044	6.556109	-0.023961	1.485210
138.309674	359.051206	6.561114	-0.024006	1.487155
138.749640	361.091543	6.566118	-0.024085	1.489153
139.316810	363.042518	6.571123	-0.024186	1.491112
139.647076	365.135146	6.576128	-0.024246	1.493114
140.128689	367.178417	6.581133	-0.024332	1.495121
140.648330	369.193500	6.586138	-0.024425	1.497113
141.289374	371.207041	6.591142	-0.024540	1.499143
141.645927	373.218689	6.596147	-0.024604	1.501071
142.166387	375.272100	6.601152	-0.024698	1.503089
142.563547	377.349419	6.606157	-0.024769	1.505084
143.030902	379.408698	6.611162	-0.024853	1.507085
143.630947	381.447866	6.616166	-0.024961	1.509110
144.150052	383.450775	6.621171	-0.025054	1.511072
144.531695	385.551055	6.626176	-0.025122	1.513072
144.995833	387.650232	6.631181	-0.025206	1.515095
145.508899	389.710163	6.636186	-0.025298	1.517099
146.079411	391.773849	6.641190	-0.025400	1.519122
146.425703	393.857225	6.646195	-0.025462	1.521083
146.963150	395.929372	6.651200	-0.025559	1.523097
147.435441	398.065191	6.656205	-0.025643	1.525143
147.972585	400.122026	6.661210	-0.025740	1.527138
148.291603	402.333798	6.666214	-0.025797	1.529193
148.666703	404.472151	6.671219	-0.025865	1.531199
149.237161	406.614268	6.676224	-0.025967	1.533272
149.865407	408.718792	6.681229	-0.026080	1.535329
150.366102	410.826349	6.686234	-0.026169	1.537343
150.865073	412.961951	6.691238	-0.026259	1.539378
151.158701	415.143630	6.696243	-0.026312	1.541381
151.574229	417.369979	6.701248	-0.026386	1.543461
152.123365	419.512149	6.706253	-0.026485	1.545511
152.443328	421.776659	6.711258	-0.026542	1.547587
152.987979	423.975542	6.716262	-0.026640	1.549678
153.534161	426.149768	6.721267	-0.026738	1.551746
154.015611	428.367900	6.726272	-0.026825	1.553827
154.627235	430.498107	6.731277	-0.026934	1.555873
155.050079	432.731779	6.736282	-0.027010	1.557942
155.676350	434.853860	6.741286	-0.027123	1.559981
156.096321	437.064061	6.746291	-0.027198	1.562024
156.474552	439.306578	6.751296	-0.027266	1.564078
157.016073	441.480086	6.756301	-0.027363	1.566124
157.638579	443.663632	6.761306	-0.027475	1.568203
158.192009	445.805962	6.766310	-0.027574	1.570220
158.677776	447.990957	6.771315	-0.027661	1.572250
159.364481	450.075553	6.776320	-0.027784	1.574257
159.882554	452.207104	6.781325	-0.027877	1.576246
160.332164	454.357384	6.786330	-0.027958	1.578226
160.740608	456.519872	6.791334	-0.028031	1.580201
161.230847	458.704542	6.796339	-0.028119	1.582219
161.816073	460.820976	6.801344	-0.028224	1.584207
162.329840	462.970675	6.806349	-0.028317	1.586197
163.005761	465.035737	6.811354	-0.028438	1.588166
163.351789	467.183736	6.816358	-0.028500	1.590095
163.698410	469.440264	6.821363	-0.028562	1.592114
164.317567	471.558049	6.826368	-0.028673	1.594102
164.852604	473.683935	6.831373	-0.028769	1.596067
165.226884	475.904429	6.836378	-0.028837	1.598056
165.825273	477.991608	6.841382	-0.028944	1.600004
166.384831	480.124696	6.846387	-0.029044	1.601975
166.953368	482.244436	6.851392	-0.029146	1.603936
167.495017	484.331174	6.856397	-0.029244	1.605858
168.085095	486.411272	6.861402	-0.029349	1.607787
168.691911	488.456742	6.866406	-0.029458	1.609690
169.130012	490.552725	6.871411	-0.029537	1.611580
169.723094	492.606345	6.876416	-0.029643	1.613481
170.114568	494.705210	6.881421	-0.029714	1.615353
170.559931	496.825307	6.886426	-0.029794	1.617258
171.026289	498.985239	6.891430	-0.029877	1.619201
171.556472	501.072888	6.896435	-0.029972	1.621101
172.054871	503.188676	6.901440	-0.030062	1.623012
172.455150	505.329208	6.906445	-0.030134	1.624910
172.924080	507.476377	6.911450	-0.030218	1.626834
173.449234	509.619930	6.916454	-0.030312	1.628770
174.128059	511.627285	6.921459	-0.030434	1.630639
174.527136	513.771110	6.926464	-0.030505	1.632531
174.897437	515.949559	6.931469	-0.030572	1.634440
175.384399	518.083204	6.936474	-0.030659	1.636346
175.808385	520.301598	6.941478	-0.030736	1.638300
176.512522	522.333999	6.946483	-0.030862	1.640187
177.040350	524.437622	6.951488	-0.030957	1.642075
177.294144	526.693412	6.956493	-0.031002	1.643999
177.808703	528.840085	6.961498	-0.031095	1.645914
178.351416	531.004229	6.966502	-0.031192	1.647849
178.668531	533.246470	6.971507	-0.031249	1.649775
179.123980	535.449308	6.976512	-0.031331	1.651710
179.617870	537.696762	6.981517	-0.031419	1.653691
180.003083	539.956655	6.986522	-0.031489	1.655645
180.513523	542.222951	6.991526	-0.031580	1.657642
180.891850	544.504246	6.996531	-0.031648	1.659607
181.504216	546.722312	7.001536	-0.031758	1.661591
181.964492	549.002121	7.006541	-0.031841	1.663575
182.290872	551.310759	7.011546	-0.031899	1.665539
182.901535	553.586488	7.016550	-0.032009	1.667562
183.407620	555.842260	7.021555	-0.032100	1.669534
183.978937	558.080917	7.026560	-0.032202	1.671510
184.414193	560.385038	7.031565	-0.032280	1.673494
184.765679	562.702145	7.036570	-0.032344	1.675461
185.158112	565.105166	7.041574	-0.032414	1.677507
185.697353	567.379562	7.046579	-0.032511	1.679492
186.027918	569.805810	7.051584	-0.032570	1.681532
186.555374	572.166879	7.056589	-0.032665	1.683578
187.019110	574.528422	7.061594	-0.032748	1.685603
187.472928	576.957264	7.066598	-0.032830	1.687675
187.821152	579.396469	7.071603	-0.032892	1.689721
188.356515	581.815803	7.076608	-0.032989	1.691805
188.988201	584.186936	7.081613	-0.033102	1.693878
189.399637	586.612830	7.086618	-0.033176	1.695925
189.932735	589.034970	7.091622	-0.033272	1.698003
190.435113	591.387151	7.096627	-0.033362	1.700014
191.043087	593.745277	7.101632	-0.033471	1.702059
191.490073	596.158050	7.106637	-0.033551	1.704097
191.960950	598.541666	7.111642	-0.033636	1.706116
192.523941	600.930208	7.116646	-0.033737	1.708164
192.916788	603.327131	7.121651	-0.033807	1.710165
193.374757	605.785862	7.126656	-0.033890	1.712232
193.886570	608.194853	7.131661	-0.033981	1.714273
194.492357	610.581009	7.136666	-0.034090	1.716322
195.164928	612.893218	7.141670	-0.034211	1.718330
195.664950	615.203208	7.146675	-0.034300	1.720283
196.229086	617.534541	7.151680	-0.034402	1.722270
196.789504	619.840838	7.156685	-0.034502	1.724234
197.264894	622.184630	7.161690	-0.034588	1.726199
197.846143	624.471206	7.166694	-0.034692	1.728149
198.109079	626.872087	7.171699	-0.034739	1.730091
198.566788	629.293559	7.176704	-0.034821	1.732105
199.190640	631.599112	7.181709	-0.034933	1.734075
199.519449	634.040770	7.186714	-0.034993	1.736061
200.017578	636.444900	7.191718	-0.035082	1.738066
200.449608	638.839380	7.196723	-0.035160	1.740042
200.877058	641.310249	7.201728	-0.035236	1.742073
201.596150	643.614874	7.206733	-0.035365	1.744059
201.973392	646.062911	7.211738	-0.035433	1.746053
202.594021	648.416054	7.216742	-0.035544	1.748043
202.818955	650.905159	7.221747	-0.035585	1.750019
203.121148	653.450976	7.226752	-0.035639	1.752060
203.474921	656.045206	7.231757	-0.035703	1.754150
203.956106	658.603170	7.236762	-0.035790	1.756246
204.548275	661.083937	7.241766	-0.035896	1.758313
205.069502	663.580551	7.246771	-0.035989	1.760370
205.604968	666.105309	7.251776	-0.036085	1.762449
206.131501	668.558999	7.256781	-0.036180	1.764469
206.541729	671.150874	7.261786	-0.036254	1.766559
207.056608	673.659096	7.266790	-0.036346	1.768612
207.579363	676.154163	7.271795	-0.036440	1.770656
208.026447	678.718593	7.276800	-0.036520	1.772727
208.540620	681.241261	7.281805	-0.036613	1.774784
208.941165	683.839320	7.286810	-0.036685	1.776863
209.524977	686.378696	7.291814	-0.036789	1.778948
209.969470	688.944941	7.296819	-0.036869	1.781010
210.639221	691.410481	7.301824	-0.036989	1.783059
211.327304	693.805464	7.306829	-0.037113	1.785057
211.657280	696.391605	7.311834	-0.037172	1.787095
212.177197	698.830171	7.316838	-0.037266	1.789073
212.723067	701.332923	7.321843	-0.037364	1.791105
213.353978	703.759954	7.326848	-0.037477	1.793102
214.028770	706.134411	7.331853	-0.037598	1.795070
214.583221	708.531637	7.336858	-0.037697	1.797018
215.284132	710.790837	7.341862	-0.037823	1.798903
215.706252	713.182857	7.346867	-0.037899	1.800806
216.425747	715.458121	7.351872	-0.038028	1.802703
216.982427	717.708488	7.356877	-0.038128	1.804535
217.381583	720.071140	7.361882	-0.038199	1.806403
218.025459	722.303000	7.366886	-0.038315	1.808242
218.447217	724.608923	7.371891	-0.038391	1.810071
218.993985	726.900531	7.376896	-0.038489	1.811922
219.720808	729.067931	7.381901	-0.038619	1.813730
220.217497	731.308255	7.386906	-0.038708	1.815526
220.677997	733.579708	7.391910	-0.038791	1.817333
221.099564	735.806773	7.396915	-0.038867	1.819094
221.622307	738.064737	7.401920	-0.038961	1.820905
222.208501	740.298941	7.406925	-0.039066	1.822714
222.778348	742.475187	7.411930	-0.039168	1.824474
223.441008	744.614348	7.416934	-0.039287	1.826230
223.843334	746.810248	7.421939	-0.039359	1.827955
224.190389	749.087772	7.426944	-0.039421	1.829722
225.036231	751.172201	7.431949	-0.039573	1.831484
225.447774	753.348088	7.436954	-0.039647	1.833191
225.977378	755.503263	7.441958	-0.039742	1.834914
226.582181	757.638578	7.446963	-0.039850	1.836642
226.899363	759.786596	7.451968	-0.039907	1.838298
227.292331	762.010243	7.456973	-0.039978	1.840028
227.575854	764.369508	7.461978	-0.040029	1.841826
228.408881	766.416018	7.466982	-0.040178	1.843545
229.035714	768.552756	7.471987	-0.040291	1.845271
229.442998	770.774426	7.476992	-0.040364	1.846997
229.919862	772.901856	7.481997	-0.040450	1.848673
230.367011	775.100733	7.487002	-0.040530	1.850390
230.683209	777.407579	7.492006	-0.040587	1.852148
231.122189	779.668857	7.497011	-0.040666	1.853906
231.488958	781.985768	7.502016	-0.040731	1.855681
232.067100	784.250225	7.507021	-0.040835	1.857475
232.530550	786.494301	7.512026	-0.040918	1.859221
232.908394	788.862088	7.517030	-0.040986	1.861032
233.418637	791.156595	7.522035	-0.041078	1.862824
233.848029	793.462683	7.527040	-0.041155	1.864600
234.447878	795.781610	7.532045	-0.041263	1.866430
234.753687	798.147492	7.537050	-0.041318	1.868212
235.166103	800.516859	7.542054	-0.041392	1.870024
235.792409	802.861540	7.547059	-0.041504	1.871875
235.890624	805.370731	7.552064	-0.041522	1.873699
236.515223	807.779076	7.557069	-0.041634	1.875590
236.834124	810.293989	7.562074	-0.041691	1.877474
237.462029	812.652331	7.567078	-0.041804	1.879326
237.911809	815.124800	7.572083	-0.041885	1.881211
238.199024	817.643433	7.577088	-0.041937	1.883083
238.846327	820.102471	7.582093	-0.042053	1.885007
239.213548	822.649191	7.587098	-0.042119	1.886917
239.711934	825.095653	7.592102	-0.042208	1.888788
240.246291	827.608746	7.597107	-0.042304	1.890714
240.594994	830.161448	7.602112	-0.042367	1.892617
241.017236	832.749964	7.607117	-0.042443	1.894563
241.500526	835.338128	7.612122	-0.042530	1.896523
242.123634	837.772133	7.617126	-0.042641	1.898409
242.674588	840.296266	7.622131	-0.042740	1.900337
243.047192	842.865684	7.627136	-0.042807	1.902249
243.616072	845.372588	7.632141	-0.042909	1.904166
243.979076	847.983775	7.637146	-0.042975	1.906100
244.227530	850.642671	7.642150	-0.043019	1.908036
244.750295	853.279545	7.647155	-0.043113	1.910026
245.104500	855.996749	7.652160	-0.043177	1.912026
245.763518	858.585596	7.657165	-0.043295	1.914014
246.253173	861.233464	7.662170	-0.043383	1.915997
246.646482	863.866786	7.667174	-0.043454	1.917943
247.218000	866.499150	7.672179	-0.043557	1.919932
247.371327	869.310312	7.677184	-0.043584	1.921935
247.830485	872.056550	7.682189	-0.043667	1.923970
248.347438	874.854287	7.687194	-0.043760	1.926054
248.882969	877.521388	7.692198	-0.043856	1.928050
249.354396	880.306903	7.697203	-0.043941	1.930109
249.629933	883.150580	7.702208	-0.043990	1.932155
250.049013	886.010017	7.707213	-0.044066	1.934248
250.682278	888.813572	7.712218	-0.044179	1.936354
251.190944	891.491951	7.717222	-0.044271	1.938340
251.639643	894.339131	7.722227	-0.044351	1.940425
251.936553	897.225892	7.727232	-0.044405	1.942495
252.431284	900.101871	7.732237	-0.044494	1.944607
252.924137	902.973567	7.737242	-0.044582	1.946713
253.405304	905.828958	7.742246	-0.044669	1.948803
253.813078	908.791789	7.747251	-0.044742	1.950945
254.106941	911.745764	7.752256	-0.044795	1.953050
254.781657	914.657238	7.757261	-0.044916	1.955220
255.163399	917.609688	7.762266	-0.044985	1.957342
255.782255	920.469952	7.767270	-0.045096	1.959458
256.361875	923.370866	7.772275	-0.045200	1.961590
256.816492	926.254815	7.777280	-0.045282	1.963676
257.297981	929.235513	7.782285	-0.045368	1.965833
257.962607	931.991933	7.787290	-0.045487	1.967881
258.286656	934.981943	7.792294	-0.045546	1.969999
258.793083	937.898790	7.797299	-0.045637	1.972112
259.063726	940.916148	7.802304	-0.045686	1.974231
259.681040	943.876343	7.807309	-0.045796	1.976396
260.282221	946.746393	7.812314	-0.045904	1.978494
260.743165	949.706291	7.817318	-0.045987	1.980614
261.316406	952.566491	7.822323	-0.046090	1.982694
261.754209	955.516364	7.827328	-0.046169	1.984798
262.253284	958.458185	7.832333	-0.046258	1.986909
262.690236	961.414898	7.837338	-0.046337	1.989013
263.116900	964.424699	7.842342	-0.046414	1.991147
263.721624	967.336138	7.847347	-0.046522	1.993258
264.096423	970.353043	7.852352	-0.046590	1.995379
264.669145	973.252256	7.857357	-0.046693	1.997469
265.159300	976.239690	7.862362	-0.046781	1.999595
265.409036	979.327190	7.867366	-0.046826	2.001726
266.171660	982.233087	7.872371	-0.046963	2.003861
266.473596	985.301365	7.877376	-0.047017	2.005987
267.211220	988.164127	7.882381	-0.047149	2.008082
267.762552	991.122011	7.887386	-0.047248	2.010192
268.181041	994.086355	7.892390	-0.047324	2.012271
268.777840	997.023601	7.897395	-0.047431	2.014374
269.112016	1000.035425	7.902400	-0.047491	2.016460
269.615383	1002.999896	7.907405	-0.047581	2.018554
270.236925	1005.957624	7.912410	-0.047693	2.020670
270.611392	1008.904226	7.917414	-0.047760	2.022715
271.208190	1011.880920	7.922419	-0.047867	2.024833
271.775258	1014.794395	7.927424	-0.047969	2.026900
272.182886	1017.772001	7.932429	-0.048043	2.028968
272.522236	1020.832743	7.937434	-0.048104	2.031072
273.065465	1023.797324	7.942438	-0.048201	2.033160
273.648950	1026.824554	7.947443	-0.048306	2.035297
274.068313	1029.746754	7.952448	-0.048381	2.037322
274.618685	1032.751460	7.957453	-0.048480	2.039432
275.135886	1035.741394	7.962458	-0.048573	2.041521
275.643847	1038.686671	7.967462	-0.048664	2.043577
276.137681	1041.713537	7.972467	-0.048753	2.045681
276.730679	1044.589129	7.977472	-0.048860	2.047707
277.118400	1047.648196	7.982477	-0.048929	2.049802
277.459177	1050.694939	7.987482	-0.048991	2.051875
278.064383	1053.697641	7.992486	-0.049099	2.053982
278.692873	1056.661876	7.997491	-0.049212	2.056066
279.158498	1059.596014	8.002496	-0.049296	2.058089
279.549161	1062.658815	8.007501	-0.049366	2.060177
280.049124	1065.656063	8.012506	-0.049456	2.062245
280.520826	1068.671805	8.017510	-0.049541	2.064317
281.162220	1071.626146	8.022515	-0.049656	2.066387
281.571080	1074.635221	8.027520	-0.049730	2.068436
282.060144	1077.660403	8.032525	-0.049817	2.070511
282.417907	1080.708972	8.037530	-0.049882	2.072569
282.890896	1083.835554	8.042534	-0.049967	2.074702
283.416432	1086.836199	8.047539	-0.050061	2.076764
283.782879	1089.943431	8.052544	-0.050127	2.078855
284.542394	1092.928796	8.057549	-0.050264	2.080958
284.989422	1095.981303	8.062554	-0.050344	2.083029
285.550524	1099.004370	8.067558	-0.050445	2.085105
285.936106	1102.042017	8.072563	-0.050514	2.087148
286.540866	1105.057535	8.077568	-0.050623	2.089225
286.899744	1108.149176	8.082573	-0.050687	2.091292
287.299359	1111.277871	8.087578	-0.050759	2.093389
287.836289	1114.399766	8.092582	-0.050856	2.095513
288.565115	1117.367413	8.097587	-0.050986	2.097580
289.069697	1120.388401	8.102592	-0.051077	2.099628
289.395086	1123.489137	8.107597	-0.051136	2.101682
290.029620	1126.505619	8.112602	-0.051250	2.103752
290.584201	1129.495852	8.117606	-0.051349	2.105785
291.257833	1132.396724	8.122611	-0.051470	2.107787
291.664782	1135.409056	8.127616	-0.051543	2.109796
292.185282	1138.358475	8.132621	-0.051637	2.111789
292.747042	1141.338425	8.137626	-0.051738	2.113809
293.341345	1144.218372	8.142630	-0.051844	2.115772
294.107845	1147.001677	8.147635	-0.051982	2.117711
294.510027	1149.929263	8.152640	-0.052054	2.119656
294.905442	1152.825377	8.157645	-0.052125	2.121577
295.536894	1155.687120	8.162650	-0.052239	2.123529
295.855488	1158.640083	8.167654	-0.052296	2.125464
296.399322	1161.558570	8.172659	-0.052394	2.127429
296.846150	1164.470112	8.177664	-0.052474	2.129364
297.407585	1167.367674	8.182669	-0.052575	2.131315
298.035874	1170.230041	8.187674	-0.052688	2.133258
298.546547	1173.118677	8.192678	-0.052779	2.135188
299.077183	1175.922185	8.197683	-0.052875	2.137068
299.568079	1178.784065	8.202688	-0.052963	2.138974
300.248752	1181.560165	8.207693	-0.053085	2.140867
300.669201	1184.410653	8.212698	-0.053161	2.142746
301.168923	1187.245878	8.217702	-0.053250	2.144632
301.584946	1190.071628	8.222707	-0.053325	2.146491
301.905095	1193.023911	8.227712	-0.053383	2.148405
302.213021	1196.064637	8.232717	-0.053438	2.150370
302.776851	1198.969738	8.237722	-0.053540	2.152307
303.092437	1202.052175	8.242726	-0.053596	2.154296
303.510145	1205.042056	8.247731	-0.053672	2.156249
304.147444	1208.002038	8.252736	-0.053786	2.158231
304.529003	1211.062098	8.257741	-0.053855	2.160215
305.027827	1214.089207	8.262746	-0.053944	2.162204
305.336701	1217.217346	8.267750	-0.054000	2.164211
305.897238	1220.268691	8.272755	-0.054101	2.166224
306.484249	1223.283436	8.277760	-0.054206	2.168220
306.758670	1226.473551	8.282765	-0.054256	2.170251
307.447854	1229.475986	8.287770	-0.054379	2.172258
307.869469	1232.610138	8.292774	-0.054455	2.174284
308.245221	1235.706031	8.297779	-0.054523	2.176274
308.614716	1238.900401	8.302784	-0.054589	2.178322
309.184831	1242.018103	8.307789	-0.054692	2.180365
309.538742	1245.233186	8.312794	-0.054755	2.182418
310.042967	1248.452826	8.317798	-0.054846	2.184505
310.570944	1251.549671	8.322803	-0.054941	2.186520
311.006026	1254.802799	8.327808	-0.055019	2.188609
311.529862	1257.973119	8.332813	-0.055113	2.190664
311.976589	1261.183646	8.337818	-0.055194	2.192725
312.257047	1264.514877	8.342822	-0.055244	2.194821
312.785059	1267.717015	8.347827	-0.055339	2.196890
313.114584	1271.103459	8.352832	-0.055398	2.199026
313.562817	1274.422050	8.357837	-0.055479	2.201145
314.219377	1277.717522	8.362842	-0.055597	2.203294
314.513572	1281.092762	8.367846	-0.055650	2.205409
315.186183	1284.361660	8.372851	-0.055771	2.207541
315.600696	1287.708610	8.377856	-0.055845	2.209661
315.965743	1291.102712	8.382861	-0.055911	2.211797
316.574405	1294.464632	8.387866	-0.056020	2.213965
317.077708	1297.715144	8.392870	-0.056111	2.216040
317.486709	1301.144324	8.397875	-0.056184	2.218201
317.971201	1304.508302	8.402880	-0.056272	2.220336
318.410005	1307.897757	8.407885	-0.056351	2.222475
318.918213	1311.308376	8.412890	-0.056442	2.224639
319.270414	1314.746860	8.417894	-0.056505	2.226784
319.844799	1318.192384	8.422899	-0.056609	2.228980
320.305654	1321.590857	8.427904	-0.056691	2.231120
320.655906	1325.125797	8.432909	-0.056755	2.233317
321.285157	1328.521294	8.437914	-0.056868	2.235487
321.823557	1331.920656	8.442918	-0.056964	2.237639
322.507590	1335.270155	8.447923	-0.057087	2.239790
322.987178	1338.628352	8.452928	-0.057173	2.241900
323.497337	1342.016856	8.457933	-0.057265	2.244032
323.903370	1345.403500	8.462938	-0.057338	2.246139
324.393381	1348.829538	8.467942	-0.057426	2.248285
324.828884	1352.298987	8.472947	-0.057505	2.250444
325.290941	1355.733781	8.477952	-0.057588	2.252585
325.985283	1359.119831	8.482957	-0.057712	2.254745
326.449250	1362.512844	8.487962	-0.057796	2.256858
326.874509	1365.932190	8.492966	-0.057872	2.258976
327.262917	1369.373786	8.497971	-0.057942	2.261098
327.702357	1372.867458	8.502976	-0.058021	2.263259
328.333368	1376.242570	8.507981	-0.058135	2.265388
329.153088	1379.536279	8.512986	-0.058282	2.267508
329.568605	1382.889075	8.517990	-0.058357	2.269575
330.088946	1386.221696	8.522995	-0.058450	2.271650
330.645949	1389.569356	8.528000	-0.058550	2.273739
331.148707	1392.819665	8.533005	-0.058641	2.275758
331.750988	1396.104508	8.538010	-0.058749	2.277817
332.242625	1399.389348	8.543014	-0.058837	2.279850
332.726732	1402.718660	8.548019	-0.058924	2.281906
333.284408	1406.001056	8.553024	-0.059024	2.283948
333.717129	1409.238796	8.558029	-0.059102	2.285935
334.245785	1412.573444	8.563034	-0.059197	2.287998
334.651857	1415.903321	8.568039	-0.059270	2.290030
335.295461	1419.166006	8.573043	-0.059386	2.292071
336.039515	1422.348215	8.578048	-0.059519	2.294085
336.250556	1425.598266	8.583053	-0.059558	2.296024
336.860919	1428.867855	8.588058	-0.059667	2.298057
337.302230	1432.142546	8.593063	-0.059747	2.300055
337.905951	1435.356928	8.598067	-0.059855	2.302050
338.334784	1438.655931	8.603072	-0.059932	2.304057
338.715175	1441.903028	8.608077	-0.060001	2.306021
339.308385	1445.214891	8.613082	-0.060107	2.308066
339.927381	1448.381962	8.618087	-0.060218	2.310030
340.426122	1451.645546	8.623091	-0.060308	2.312023
340.850753	1454.909852	8.628096	-0.060384	2.313999
341.299144	1458.119469	8.633101	-0.060465	2.315948
341.871476	1461.420115	8.638106	-0.060568	2.317972
342.401085	1464.600922	8.643111	-0.060663	2.319917
342.812113	1467.901032	8.648115	-0.060737	2.321905
343.290368	1471.216982	8.653120	-0.060823	2.323913
343.779438	1474.428509	8.658125	-0.060911	2.325862
344.281941	1477.770139	8.663130	-0.061001	2.327887
344.642359	1481.077386	8.668135	-0.061066	2.329861
345.068543	1484.460404	8.673139	-0.061143	2.331891
345.550054	1487.837695	8.678144	-0.061229	2.333927
346.022116	1491.157772	8.683149	-0.061314	2.335926
346.675002	1494.481793	8.688154	-0.061431	2.337962
347.034645	1497.845226	8.693159	-0.061496	2.339960
347.700263	1501.131974	8.698163	-0.061616	2.341974
348.187368	1504.424876	8.703168	-0.061703	2.343954
348.698600	1507.722037	8.708173	-0.061795	2.345939
349.039982	1511.112689	8.713178	-0.061857	2.347941
349.679642	1514.401656	8.718183	-0.061972	2.349945
350.156962	1517.727748	8.723187	-0.062057	2.351934
350.749305	1520.993631	8.728192	-0.062164	2.353911
351.285175	1524.227686	8.733197	-0.062260	2.355857
351.846554	1527.516377	8.738202	-0.062361	2.357837
352.441043	1530.677073	8.743207	-0.062468	2.359750
352.902291	1533.903767	8.748211	-0.062551	2.361672
353.387251	1537.183052	8.753216	-0.062638	2.363626
353.939936	1540.351179	8.758221	-0.062737	2.365530
354.513265	1543.552610	8.763226	-0.062840	2.367455
354.990825	1546.730985	8.768231	-0.062926	2.369346
355.441959	1549.955828	8.773235	-0.063007	2.371257
356.030959	1553.205343	8.778240	-0.063113	2.373207
356.433388	1556.325407	8.783245	-0.063185	2.375046
357.099743	1559.495715	8.788250	-0.063305	2.376964
357.652389	1562.601026	8.793255	-0.063404	2.378821
358.011203	1565.824554	8.798259	-0.063469	2.380704
358.583421	1568.975823	8.803264	-0.063572	2.382588
358.919768	1572.198303	8.808269	-0.063632	2.384464
359.743050	1575.272305	8.813274	-0.063780	2.386351
360.136741	1578.449757	8.818279	-0.063851	2.388210
360.431456	1581.668330	8.823283	-0.063904	2.390070
361.122832	1584.810500	8.828288	-0.064028	2.391965
361.608218	1587.948913	8.833293	-0.064115	2.393816
362.127405	1591.061203	8.838298	-0.064209	2.395657
362.539086	1594.246690	8.843303	-0.064283	2.397516
362.929256	1597.467940	8.848307	-0.064353	2.399389
363.452955	1600.679033	8.853312	-0.064447	2.401282
363.970063	1603.877558	8.858317	-0.064540	2.403164
364.461101	1607.043981	8.863322	-0.064628	2.405023
364.936129	1610.256104	8.868327	-0.064714	2.406902
365.324153	1613.543926	8.873331	-0.064783	2.408804
365.966213	1616.715902	8.878336	-0.064899	2.410691
366.447855	1619.943472	8.883341	-0.064985	2.412575
366.984349	1623.143100	8.888346	-0.065082	2.414453
367.331516	1626.410448	8.893351	-0.065144	2.416330
367.791524	1629.695350	8.898355	-0.065227	2.418237
368.464022	1632.814420	8.903360	-0.065348	2.420093
368.988895	1636.022849	8.908365	-0.065442	2.421967
369.261626	1639.329033	8.913370	-0.065491	2.423845
369.704164	1642.564887	8.918375	-0.065571	2.425716
370.369643	1645.817082	8.923379	-0.065690	2.427637
370.855727	1649.009569	8.928384	-0.065778	2.429490
371.599120	1652.122668	8.933389	-0.065911	2.431347
372.063172	1655.318597	8.938394	-0.065994	2.433194
372.585760	1658.362038	8.943399	-0.066088	2.434967
373.136270	1661.520679	8.948403	-0.066187	2.436807
373.674472	1664.617388	8.953408	-0.066284	2.438610
374.187352	1667.702750	8.958413	-0.066376	2.440400
374.736452	1670.811471	8.963418	-0.066475	2.442209
375.127046	1673.894416	8.968423	-0.066545	2.443971
375.428774	1677.143844	8.973427	-0.066599	2.445806
376.073957	1680.293714	8.978432	-0.066715	2.447652
376.498605	1683.416661	8.983437	-0.066792	2.449439
377.070406	1686.580981	8.988442	-0.066894	2.451275
377.551081	1689.750496	8.993447	-0.066981	2.453095
378.112840	1692.769919	8.998451	-0.067082	2.454848
378.639766	1695.926757	9.003456	-0.067176	2.456667
379.165782	1699.020743	9.008461	-0.067271	2.458451
379.640380	1702.106838	9.013466	-0.067356	2.460220
380.063544	1705.248220	9.018471	-0.067432	2.462007
380.743083	1708.317763	9.023475	-0.067554	2.463803
381.115136	1711.441463	9.028480	-0.067621	2.465568
381.617520	1714.562675	9.033485	-0.067711	2.467355
382.127339	1717.659240	9.038490	-0.067803	2.469129
382.533529	1720.820029	9.043495	-0.067876	2.470917
382.973860	1724.053585	9.048499	-0.067955	2.472749
383.259048	1727.209526	9.053504	-0.068007	2.474509
383.668158	1730.523008	9.058509	-0.068080	2.476376
384.189211	1733.812627	9.063514	-0.068174	2.478249
384.602324	1737.095036	9.068519	-0.068248	2.480097
385.039355	1740.445885	9.073523	-0.068327	2.481985
385.483036	1743.762917	9.078528	-0.068407	2.483855
386.046052	1747.051264	9.083533	-0.068508	2.485730
386.465998	1750.464234	9.088538	-0.068583	2.487643
387.131399	1753.711165	9.093543	-0.068703	2.489512
387.532882	1757.053262	9.098547	-0.068775	2.491381
388.058693	1760.362079	9.103552	-0.068870	2.493255
388.587880	1763.600745	9.108557	-0.068965	2.495089
389.140132	1766.919105	9.113562	-0.069064	2.496970
389.661127	1770.135863	9.118567	-0.069158	2.498789
390.015591	1773.495800	9.123571	-0.069222	2.500651
390.533173	1776.836426	9.128576	-0.069315	2.502533
391.024495	1780.064363	9.133581	-0.069403	2.504348
391.481847	1783.443135	9.138586	-0.069485	2.506236
392.034820	1786.743780	9.143591	-0.069584	2.508098
392.377539	1790.134352	9.148595	-0.069646	2.509968
392.878316	1793.526088	9.153600	-0.069736	2.511866
393.258561	1796.865802	9.158605	-0.069805	2.513713
393.875750	1800.237665	9.163610	-0.069916	2.515619
394.361232	1803.628626	9.168615	-0.070003	2.517510
394.763515	1806.995755	9.173619	-0.070075	2.519371
395.370570	1810.394843	9.178624	-0.070184	2.521286
395.693395	1813.808660	9.183629	-0.070243	2.523154
396.182726	1817.231692	9.188634	-0.070331	2.525057
396.653803	1820.713182	9.193639	-0.070415	2.526985
397.283120	1824.054660	9.198643	-0.070528	2.528868
397.747125	1827.511186	9.203648	-0.070612	2.530779
398.171444	1830.949440	9.208653	-0.070688	2.532671
398.623246	1834.348904	9.213658	-0.070769	2.534547
399.116839	1837.838468	9.218663	-0.070858	2.536477
399.523732	1841.319268	9.223667	-0.070931	2.538384
400.149712	1844.753350	9.228672	-0.071044	2.540306
400.595027	1848.229392	9.233677	-0.071124	2.542215
401.164384	1851.612498	9.238682	-0.071226	2.544097
401.605203	1855.082901	9.243687	-0.071306	2.545999
402.290242	1858.476571	9.248691	-0.071429	2.547904
402.797306	1861.845551	9.253696	-0.071520	2.549762
403.194943	1865.268337	9.258701	-0.071591	2.551628
403.663412	1868.658458	9.263706	-0.071675	2.553487
404.268947	1872.045760	9.268711	-0.071784	2.555369
404.722011	1875.474702	9.273715	-0.071866	2.557243
405.015662	1878.926691	9.278720	-0.071919	2.559099
405.788570	1882.293441	9.283725	-0.072057	2.560996
406.314437	1885.678635	9.288730	-0.072152	2.562857
406.818619	1888.998515	9.293735	-0.072243	2.564678
407.349406	1892.365424	9.298739	-0.072338	2.566527
407.741391	1895.798397	9.303744	-0.072409	2.568384
408.278917	1899.160469	9.308749	-0.072505	2.570229
408.979550	1902.516474	9.313754	-0.072631	2.572098
409.605503	1905.794008	9.318759	-0.072743	2.573913
410.138571	1909.019890	9.323763	-0.072839	2.575682
410.661462	1912.293295	9.328768	-0.072933	2.577473
411.190724	1915.423818	9.333773	-0.073028	2.579190
411.643816	1918.695791	9.338778	-0.073110	2.580965
412.277159	1921.893671	9.343783	-0.073223	2.582733
412.822950	1924.976883	9.348787	-0.073321	2.584424
413.267557	1928.217897	9.353792	-0.073401	2.586178
413.720242	1931.407688	9.358797	-0.073483	2.587906
414.104135	1934.638390	9.363802	-0.073552	2.589641
414.581599	1937.915105	9.368807	-0.073638	2.591416
415.125819	1941.100286	9.373811	-0.073736	2.593154
415.575463	1944.350804	9.378816	-0.073816	2.594908
416.022461	1947.642551	9.383821	-0.073897	2.596681
416.364287	1950.943869	9.388826	-0.073958	2.598439
416.759570	1954.340042	9.393831	-0.074030	2.600254
417.462525	1957.613164	9.398835	-0.074156	2.602059
417.828511	1960.911619	9.403840	-0.074222	2.603816
418.202261	1964.337377	9.408845	-0.074289	2.605639
418.612052	1967.806601	9.413850	-0.074363	2.607489
419.057212	1971.230591	9.418855	-0.074443	2.609321
419.531881	1974.682717	9.423859	-0.074528	2.611171
419.932249	1978.176214	9.428864	-0.074600	2.613027
420.509689	1981.580835	9.433869	-0.074704	2.614868
421.049591	1985.053934	9.438874	-0.074801	2.616736
421.227909	1988.582549	9.443879	-0.074833	2.618568
421.767008	1992.150706	9.448883	-0.074930	2.620481
422.238268	1995.719902	9.453888	-0.075015	2.622382
422.772580	1999.193523	9.458893	-0.075111	2.624244
423.366611	2002.734652	9.463898	-0.075218	2.626149
423.633593	2006.347069	9.468903	-0.075266	2.628032
424.218033	2009.880181	9.473907	-0.075371	2.629929
424.544209	2013.570639	9.478912	-0.075430	2.631859
424.981385	2017.142706	9.483917	-0.075509	2.633747
425.706357	2020.709009	9.488922	-0.075639	2.635680
426.151380	2024.250059	9.493927	-0.075719	2.637551
426.573580	2027.872305	9.498931	-0.075795	2.639457
426.972684	2031.574136	9.503936	-0.075867	2.641399
427.415416	2035.194375	9.508941	-0.075946	2.643305
427.950056	2038.860753	9.513946	-0.076043	2.645249
428.249768	2042.613979	9.518951	-0.076097	2.647194
428.896901	2046.250761	9.523955	-0.076213	2.649140
429.391351	2049.994870	9.528960	-0.076302	2.651112
429.914135	2053.617208	9.533965	-0.076396	2.653025
430.440576	2057.271558	9.538970	-0.076490	2.654954
430.880787	2060.949608	9.543975	-0.076570	2.656879
431.236419	2064.666292	9.548979	-0.076634	2.658807
431.734025	2068.420645	9.553984	-0.076723	2.660777
432.236801	2072.112724	9.558989	-0.076814	2.662715
432.690037	2075.880106	9.563994	-0.076895	2.664681
433.182695	2079.652591	9.568999	-0.076984	2.666655
433.771609	2083.298479	9.574003	-0.077090	2.668580
434.174523	2087.088847	9.579008	-0.077162	2.670545
434.699672	2090.797951	9.584013	-0.077257	2.672488
435.034379	2094.610015	9.589018	-0.077317	2.674449
435.331781	2098.547290	9.594023	-0.077371	2.676464
436.057947	2102.276258	9.599027	-0.077501	2.678447
436.478981	2106.122405	9.604032	-0.077577	2.680434
436.779583	2110.044650	9.609037	-0.077631	2.682438
437.137263	2113.990690	9.614042	-0.077696	2.684462
437.531063	2118.064536	9.619047	-0.077767	2.686554
438.119920	2121.986641	9.624051	-0.077873	2.688601
438.558750	2126.000853	9.629056	-0.077952	2.690668
438.962983	2129.970934	9.634061	-0.078025	2.692705
439.484442	2134.004527	9.639066	-0.078118	2.694792
439.932990	2138.042328	9.644071	-0.078199	2.696866
440.696795	2141.949088	9.649075	-0.078336	2.698928
441.091293	2145.959482	9.654080	-0.078407	2.700977
441.646387	2149.854032	9.659085	-0.078507	2.702994
442.184950	2153.797222	9.664090	-0.078604	2.705031
442.769901	2157.691150	9.669095	-0.078709	2.707049
443.352610	2161.552259	9.674099	-0.078814	2.709050
444.124570	2165.300240	9.679104	-0.078953	2.711025
444.325871	2169.104720	9.684109	-0.078989	2.712931
444.943845	2172.952219	9.689114	-0.079100	2.714926
445.364846	2176.846120	9.694119	-0.079176	2.716910
445.793881	2180.712982	9.699123	-0.079253	2.718880
446.387629	2184.581744	9.704128	-0.079360	2.720877
446.737366	2188.422289	9.709133	-0.079423	2.722819
447.307648	2192.354193	9.714138	-0.079525	2.724840
447.722019	2196.292959	9.719143	-0.079600	2.726837
448.360920	2200.120479	9.724147	-0.079715	2.728815
448.991729	2203.939746	9.729152	-0.079828	2.730787
449.473576	2207.772180	9.734157	-0.079915	2.732739
449.998441	2211.613486	9.739162	-0.080009	2.734701
450.386746	2215.436098	9.744167	-0.080079	2.736629
450.896632	2219.253147	9.749171	-0.080171	2.738574
451.455233	2223.123351	9.754176	-0.080271	2.740551
451.822049	2226.909970	9.759181	-0.080338	2.742455
452.500988	2230.682560	9.764186	-0.080460	2.744401
453.001104	2234.474172	9.769191	-0.080550	2.746326
453.442688	2238.293563	9.774195	-0.080629	2.748254
453.942940	2242.162949	9.779200	-0.080719	2.750214
454.326835	2245.974116	9.784205	-0.080788	2.752125
454.834908	2249.811299	9.789210	-0.080880	2.754068
455.294380	2253.707137	9.794215	-0.080962	2.756030
455.631460	2257.595579	9.799219	-0.081023	2.757967
456.249093	2261.501505	9.804224	-0.081134	2.759956
456.733816	2265.393256	9.809229	-0.081221	2.761916
457.253889	2269.264439	9.814234	-0.081315	2.763870
457.710735	2273.170877	9.819239	-0.081397	2.765830
458.009200	2277.147836	9.824243	-0.081451	2.767796
458.529544	2281.176897	9.829248	-0.081545	2.769822
459.097234	2285.071930	9.834253	-0.081647	2.771789
459.536640	2289.042972	9.839258	-0.081726	2.773771
459.960687	2293.065083	9.844263	-0.081802	2.775773
460.488294	2297.001536	9.849267	-0.081897	2.777750
461.040401	2300.995246	9.854272	-0.081996	2.779757
461.524718	2304.919812	9.859277	-0.082084	2.781717
462.165940	2308.820743	9.864282	-0.082199	2.783691
462.416992	2312.871967	9.869287	-0.082244	2.785672
462.926904	2316.847166	9.874291	-0.082336	2.787657
463.499611	2320.859204	9.879296	-0.082439	2.789668
463.895397	2324.821342	9.884301	-0.082510	2.791626
464.330004	2328.870184	9.889306	-0.082588	2.793629
464.773807	2332.948488	9.894311	-0.082668	2.795647
465.370475	2336.928971	9.899315	-0.082776	2.797641
465.991391	2340.935892	9.904320	-0.082887	2.799650
466.346461	2344.949723	9.909325	-0.082951	2.801619
467.175130	2348.819850	9.914330	-0.083100	2.803593
467.590489	2352.788007	9.919335	-0.083175	2.805546
468.149401	2356.641447	9.924339	-0.083275	2.807466
468.745397	2360.570192	9.929344	-0.083383	2.809427
469.142928	2364.454439	9.934349	-0.083454	2.811334
469.662459	2368.321139	9.939354	-0.083548	2.813250
470.174376	2372.236732	9.944359	-0.083640	2.815187
470.654010	2376.075685	9.949363	-0.083726	2.817081
471.376797	2379.918072	9.954368	-0.083856	2.819014
471.970096	2383.648810	9.959373	-0.083962	2.820872
472.459601	2387.408294	9.964378	-0.084050	2.822726
472.912112	2391.197338	9.969383	-0.084132	2.824587
473.382349	2394.983158	9.974387	-0.084217	2.826448
474.081573	2398.677460	9.979392	-0.084342	2.828301
474.401411	2402.541979	9.984397	-0.084400	2.830173
474.963238	2406.204599	9.989402	-0.084501	2.831986
475.438934	2409.981403	9.994407	-0.084586	2.833839
475.892518	2413.796119	9.999411	-0.084668	2.835705
476.485379	2417.529313	10.004416	-0.084775	2.837553
477.196261	2421.163431	10.009421	-0.084902	2.839371
477.862683	2424.743120	10.014426	-0.085022	2.841156
478.300359	2428.302227	10.019431	-0.085101	2.842894
479.044253	2431.829805	10.024435	-0.085234	2.844665
479.775265	2435.218880	10.029440	-0.085365	2.846367
480.367927	2438.612890	10.034445	-0.085472	2.848048
481.500574	2441.676960	10.039450	-0.085675	2.849659
482.240573	2444.613887	10.044455	-0.085808	2.851148
482.919656	2447.478644	10.049459	-0.085930	2.852593
483.625670	2450.121625	10.054464	-0.086056	2.853937

484.416223	2452.431144	10.059469	-0.086198	2.855139
485.486082	2454.202405	10.064474	-0.086390	2.856131
486.222197	2455.754761	10.069479	-0.086522	2.856970
487.235291	2456.821009	10.074483	-0.086703	2.857624
487.972957	2457.637668	10.079488	-0.086835	2.858119
488.782790	2458.111978	10.084493	-0.086980	2.858466
489.515516	2458.039609	10.089498	-0.087111	2.858546
490.229119	2457.787493	10.094503	-0.087239	2.858538
490.843818	2457.588935	10.099507	-0.087349	2.858541
491.301711	2457.195370	10.104512	-0.087431	2.858428
491.598422	2456.470382	10.109517	-0.087484	2.858136
491.860738	2455.647767	10.114522	-0.087530	2.857793
492.248891	2454.701173	10.119527	-0.087600	2.857411
492.625655	2453.508878	10.124531	-0.087667	2.856913
493.074575	2452.223236	10.129536	-0.087747	2.856383
493.134168	2450.974000	10.134541	-0.087758	2.855809
493.426316	2449.524123	10.139546	-0.087810	2.855178
493.636517	2447.975369	10.144551	-0.087847	2.854487
493.765223	2446.383830	10.149555	-0.087870	2.853764
494.110978	2444.618386	10.154560	-0.087932	2.852992
494.171942	2442.891802	10.159565	-0.087942	2.852195
494.443175	2441.015730	10.164570	-0.087991	2.851360
494.384600	2439.296422	10.169575	-0.087980	2.850547
494.340456	2437.450016	10.174579	-0.087972	2.849677
494.664044	2435.489361	10.179584	-0.088030	2.848810
494.750665	2433.489244	10.184589	-0.088045	2.847887
494.833781	2431.433578	10.189594	-0.088059	2.846938
494.816501	2429.458605	10.194599	-0.088056	2.846010
494.863924	2427.444781	10.199603	-0.088064	2.845074
494.966971	2425.349170	10.204608	-0.088083	2.844109
494.949208	2423.287093	10.209613	-0.088079	2.843139
495.061334	2421.154570	10.214618	-0.088099	2.842157
495.198446	2419.006464	10.219623	-0.088123	2.841170
495.097100	2416.922432	10.224627	-0.088105	2.840177
495.141443	2414.790016	10.229632	-0.088113	2.839183
495.083311	2412.671164	10.234637	-0.088102	2.838179
495.254375	2410.475466	10.239642	-0.088132	2.837174
495.296359	2408.285611	10.244647	-0.088139	2.836151
495.240108	2406.128577	10.249651	-0.088129	2.835129
495.236970	2403.971906	10.254656	-0.088128	2.834114
495.036460	2401.925533	10.259661	-0.088092	2.833120
495.195137	2399.664103	10.264666	-0.088120	2.832081
495.189683	2397.623251	10.269671	-0.088119	2.831119
494.999131	2395.606319	10.274675	-0.088085	2.830139
495.198314	2393.438386	10.279680	-0.088120	2.829149
494.955331	2391.382769	10.284685	-0.088076	2.828143
495.042815	2389.240292	10.289690	-0.088092	2.827146
495.140132	2387.150873	10.294695	-0.088109	2.826176
495.140879	2385.054650	10.299699	-0.088109	2.825188
495.197181	2382.898300	10.304704	-0.088119	2.824179
494.859268	2380.904614	10.309709	-0.088058	2.823185
494.944961	2378.829217	10.314714	-0.088073	2.822218
494.967676	2376.821119	10.319719	-0.088077	2.821273
494.975191	2374.793659	10.324723	-0.088078	2.820316
494.971276	2372.735044	10.329728	-0.088077	2.819342
495.020546	2370.653445	10.334733	-0.088086	2.818366
495.006543	2368.594342	10.339738	-0.088083	2.817389
494.951727	2366.568052	10.344743	-0.088073	2.816422
494.736120	2364.665407	10.349747	-0.088034	2.815487
494.793919	2362.707716	10.354752	-0.088044	2.814569
494.832388	2360.709002	10.359757	-0.088051	2.813629
494.691259	2358.746579	10.364762	-0.088025	2.812676
494.637773	2356.845125	10.369767	-0.088015	2.811767
494.727343	2354.995897	10.374771	-0.088031	2.810904
494.704482	2353.048565	10.379776	-0.088027	2.809977
494.881379	2351.012075	10.384781	-0.088058	2.809039
494.851190	2349.016529	10.389786	-0.088053	2.808087
494.781617	2347.038122	10.394791	-0.088040	2.807136
494.726005	2345.136571	10.399795	-0.088030	2.806225
494.758754	2343.207408	10.404800	-0.088036	2.805313
494.608925	2341.286086	10.409805	-0.088008	2.804376
494.586829	2339.414622	10.414810	-0.088004	2.803483
494.594901	2337.527100	10.419815	-0.088006	2.802587
494.575609	2335.623091	10.424819	-0.088002	2.801678
494.399536	2333.955199	10.429824	-0.087970	2.800856
494.296201	2332.144127	10.434829	-0.087951	2.799978
494.268768	2330.418366	10.439834	-0.087946	2.799152
494.184721	2328.706178	10.444839	-0.087931	2.798323
494.136078	2326.976760	10.449843	-0.087922	2.797491
494.086911	2325.372491	10.454848	-0.087913	2.796719
494.142613	2323.684432	10.459853	-0.087923	2.795923
494.315293	2321.906592	10.464858	-0.087954	2.795103
494.326057	2320.144882	10.469863	-0.087955	2.794264
494.226066	2318.385486	10.474867	-0.087937	2.793409
494.200522	2316.687376	10.479872	-0.087932	2.792594
494.142476	2314.992160	10.484877	-0.087922	2.791776
493.930551	2313.516378	10.489882	-0.087884	2.791037
493.798808	2312.011523	10.494887	-0.087860	2.790297
493.747043	2310.457406	10.499891	-0.087851	2.789546
493.788313	2308.896028	10.504896	-0.087858	2.788807
493.793092	2307.349256	10.509901	-0.087858	2.788068
493.685426	2305.882390	10.514906	-0.087839	2.787349
493.696861	2304.330280	10.519911	-0.087841	2.786609
493.463529	2302.976842	10.524915	-0.087799	2.785924
493.633077	2301.544687	10.529920	-0.087829	2.785266
493.748695	2299.954209	10.534925	-0.087850	2.784523
493.833164	2298.379806	10.539930	-0.087865	2.783783
493.673913	2296.909775	10.544935	-0.087836	2.783053
493.485828	2295.498056	10.549939	-0.087802	2.782347
493.479264	2294.107216	10.554944	-0.087801	2.781679
493.421219	2292.799781	10.559949	-0.087790	2.781043
493.423329	2291.404079	10.564954	-0.087790	2.780374
493.386218	2290.027093	10.569959	-0.087784	2.779708
493.349479	2288.663335	10.574963	-0.087777	2.779048
493.418753	2287.295530	10.579968	-0.087789	2.778403
493.330982	2285.918987	10.584973	-0.087773	2.777728
493.332022	2284.572140	10.589978	-0.087773	2.777082
493.180994	2283.351479	10.594983	-0.087746	2.776472
493.143207	2282.082653	10.599987	-0.087739	2.775857
493.201037	2280.781330	10.604992	-0.087749	2.775241
493.114673	2279.497559	10.609997	-0.087734	2.774610
493.035946	2278.288837	10.615002	-0.087720	2.774017
492.983624	2277.063063	10.620007	-0.087710	2.773419
493.008295	2275.844795	10.625011	-0.087714	2.772838
493.005526	2274.641200	10.630016	-0.087714	2.772258
492.896593	2273.504062	10.635021	-0.087694	2.771694
492.881482	2272.482295	10.640026	-0.087691	2.771200
492.968636	2271.201157	10.645031	-0.087707	2.770598
492.811609	2270.059501	10.650035	-0.087679	2.770023
493.028509	2268.833837	10.655040	-0.087717	2.769468
492.789107	2267.738543	10.660045	-0.087674	2.768902
492.733320	2266.632301	10.665050	-0.087664	2.768361
492.728285	2265.472259	10.670055	-0.087663	2.767801
492.788224	2264.352807	10.675059	-0.087674	2.767272
492.985137	2263.168678	10.680064	-0.087709	2.766733
492.951667	2262.043500	10.685069	-0.087703	2.766185
492.792951	2260.899169	10.690074	-0.087674	2.765608
492.903229	2259.692403	10.695079	-0.087694	2.765044
492.649024	2258.631868	10.700083	-0.087648	2.764492
492.689911	2257.617881	10.705088	-0.087655	2.764009
492.792022	2256.393177	10.710093	-0.087673	2.763435
492.745815	2255.312477	10.715098	-0.087665	2.762906
492.457406	2254.425467	10.720103	-0.087613	2.762432
492.310095	2253.425796	10.725107	-0.087587	2.761925
492.335842	2252.618325	10.730112	-0.087591	2.761540
492.478305	2251.550505	10.735117	-0.087617	2.761047
492.370830	2250.667901	10.740122	-0.087597	2.760604
492.323744	2249.673317	10.745127	-0.087589	2.760116
492.332281	2248.756475	10.750131	-0.087590	2.759674
492.445857	2247.746881	10.755136	-0.087611	2.759205
492.419942	2246.812224	10.760141	-0.087606	2.758749
492.440774	2245.781874	10.765146	-0.087609	2.758255
492.451548	2244.862953	10.770151	-0.087611	2.757812
492.309137	2243.875044	10.775155	-0.087586	2.757312
492.404269	2242.959000	10.780160	-0.087603	2.756884
492.447827	2242.026258	10.785165	-0.087610	2.756440
492.247816	2241.136386	10.790170	-0.087574	2.755977
492.320583	2240.231531	10.795175	-0.087587	2.755551
492.235967	2239.254688	10.800179	-0.087572	2.755065
492.361703	2238.400647	10.805184	-0.087594	2.754672
492.281567	2237.412943	10.810189	-0.087580	2.754181
492.203118	2236.584791	10.815194	-0.087566	2.753767
492.152959	2235.696937	10.820199	-0.087557	2.753329
492.082976	2234.849438	10.825203	-0.087544	2.752908
492.159677	2234.011914	10.830208	-0.087558	2.752515
492.170247	2233.151044	10.835213	-0.087560	2.752099
492.099432	2232.324842	10.840218	-0.087547	2.751688
491.939578	2231.715660	10.845223	-0.087518	2.751366
491.932998	2230.892506	10.850227	-0.087517	2.750966
491.974309	2230.131904	10.855232	-0.087524	2.750605
491.908193	2229.291062	10.860237	-0.087512	2.750186
491.895303	2228.524486	10.865242	-0.087510	2.749812
491.813414	2227.859851	10.870247	-0.087495	2.749477
491.796503	2227.150201	10.875251	-0.087492	2.749130
491.924358	2226.384713	10.880256	-0.087515	2.748780
491.858230	2225.640359	10.885261	-0.087503	2.748408
491.799919	2224.867730	10.890266	-0.087492	2.748024
491.645884	2224.281956	10.895271	-0.087465	2.747714
491.671064	2223.582370	10.900275	-0.087469	2.747379
491.906210	2222.779189	10.905280	-0.087511	2.747028
491.872789	2222.128497	10.910285	-0.087505	2.746706
491.747300	2221.505745	10.915290	-0.087483	2.746384
491.732228	2220.817506	10.920295	-0.087480	2.746047
491.611844	2220.146900	10.925299	-0.087458	2.745702
491.787752	2219.444509	10.930304	-0.087490	2.745390
491.757814	2218.725539	10.935309	-0.087484	2.745035
491.574850	2218.100756	10.940314	-0.087451	2.744702
491.750910	2217.415250	10.945319	-0.087483	2.744398
491.581797	2216.789168	10.950323	-0.087453	2.744066
491.708445	2216.112777	10.955328	-0.087475	2.743758
491.662543	2215.453604	10.960333	-0.087467	2.743430
491.673161	2214.757438	10.965338	-0.087469	2.743094
491.634648	2214.137687	10.970343	-0.087462	2.742786
491.509073	2213.481261	10.975347	-0.087439	2.742447
491.673732	2212.877806	10.980352	-0.087469	2.742180
491.735618	2212.170416	10.985357	-0.087480	2.741847
491.766909	2211.545994	10.990362	-0.087485	2.741548
491.950618	2210.761655	10.995367	-0.087518	2.741197
491.652109	2210.124907	11.000371	-0.087464	2.740838
491.500509	2209.565067	11.005376	-0.087437	2.740541
491.699761	2208.856595	11.010381	-0.087473	2.740229
491.670380	2208.200417	11.015386	-0.087468	2.739905
491.703505	2207.524480	11.020391	-0.087473	2.739582
491.520412	2206.928741	11.025395	-0.087441	2.739262
491.665234	2206.230610	11.030400	-0.087466	2.738946
491.667212	2205.569279	11.035405	-0.087467	2.738624
491.692958	2204.919232	11.040410	-0.087471	2.738312
491.726956	2204.243383	11.045415	-0.087477	2.737989
491.523543	2203.617083	11.050419	-0.087441	2.737650
491.558299	2203.027684	11.055424	-0.087447	2.737369
491.557833	2202.429737	11.060429	-0.087447	2.737078
491.478454	2201.840585	11.065434	-0.087432	2.736777
491.592292	2201.312433	11.070439	-0.087453	2.736539
491.475946	2200.715396	11.075443	-0.087432	2.736229
491.512783	2200.112135	11.080448	-0.087438	2.735941
491.606160	2199.444974	11.085453	-0.087455	2.735631
491.489788	2198.884675	11.090458	-0.087434	2.735339
491.612769	2198.226856	11.095463	-0.087456	2.735039
491.433924	2197.637861	11.100467	-0.087424	2.734722
491.568552	2197.014022	11.105472	-0.087448	2.734440
491.535800	2196.420590	11.110477	-0.087442	2.734146
491.398544	2195.858086	11.115482	-0.087418	2.733849
491.493887	2195.264357	11.120487	-0.087435	2.733575
491.282080	2194.788649	11.125491	-0.087397	2.733308
491.389699	2194.264484	11.130496	-0.087416	2.733070
491.584005	2193.609918	11.135501	-0.087451	2.732783
491.395148	2193.067741	11.140506	-0.087417	2.732487
491.328370	2192.550242	11.145511	-0.087405	2.732224
491.292927	2191.985090	11.150515	-0.087398	2.731942
491.253218	2191.592249	11.155520	-0.087391	2.731744
491.237316	2191.155562	11.160525	-0.087388	2.731528
491.138157	2190.699745	11.165530	-0.087370	2.731289
491.083175	2190.158674	11.170535	-0.087361	2.731016
490.901736	2189.925207	11.175539	-0.087328	2.730872
490.824570	2189.524103	11.180544	-0.087314	2.730664
490.828555	2189.344959	11.185549	-0.087315	2.730577
490.810765	2188.879053	11.190554	-0.087312	2.730346
490.968831	2188.580016	11.195559	-0.087340	2.730227
490.977070	2188.166737	11.200563	-0.087341	2.730026
490.821182	2187.812865	11.205568	-0.087313	2.729828
490.997775	2187.535090	11.210573	-0.087345	2.729721
490.897918	2186.985243	11.215578	-0.087327	2.729436
490.992416	2186.820928	11.220583	-0.087344	2.729371
490.943807	2186.288326	11.225587	-0.087335	2.729103
490.917193	2186.041669	11.230592	-0.087330	2.728978
490.724751	2185.713114	11.235597	-0.087296	2.728786
490.835145	2185.431619	11.240602	-0.087316	2.728667
490.804047	2185.045947	11.245607	-0.087310	2.728473
490.803220	2184.886465	11.250611	-0.087310	2.728395
490.785718	2184.397201	11.255616	-0.087307	2.728153
490.814603	2184.248763	11.260621	-0.087312	2.728086
490.854086	2183.761987	11.265626	-0.087319	2.727854
491.047333	2183.451884	11.270631	-0.087354	2.727735
491.021836	2183.012073	11.275635	-0.087349	2.727515
490.926101	2182.573084	11.280640	-0.087332	2.727285
491.013367	2182.377461	11.285645	-0.087347	2.727204
490.926353	2181.788694	11.290650	-0.087332	2.726902
491.029890	2181.565234	11.295655	-0.087350	2.726810
490.892775	2181.268725	11.300659	-0.087326	2.726642
490.890276	2180.848127	11.305664	-0.087325	2.726436
490.780032	2180.648555	11.310669	-0.087305	2.726320
490.722627	2180.296395	11.315674	-0.087295	2.726138
490.842805	2179.981805	11.320679	-0.087317	2.726004
490.878182	2179.672959	11.325683	-0.087323	2.725859
491.004862	2179.262998	11.330688	-0.087346	2.725680
490.974086	2178.806806	11.335693	-0.087340	2.725451
490.879886	2178.667630	11.340698	-0.087323	2.725368
490.765122	2178.069541	11.345703	-0.087303	2.725056
490.747899	2178.039614	11.350707	-0.087299	2.725039
490.706496	2177.574373	11.355712	-0.087292	2.724804
490.713828	2177.445523	11.360717	-0.087293	2.724742
490.907112	2177.004855	11.365722	-0.087328	2.724559
490.816737	2176.777034	11.370727	-0.087312	2.724432
490.846562	2176.375816	11.375731	-0.087317	2.724241
490.828601	2176.154123	11.380736	-0.087314	2.724130
490.814311	2175.751304	11.385741	-0.087311	2.723930
490.873934	2175.471465	11.390746	-0.087322	2.723803
490.720905	2175.162888	11.395751	-0.087294	2.723627
490.779667	2174.867425	11.400755	-0.087305	2.723492
490.740190	2174.610353	11.405760	-0.087298	2.723359
490.786198	2174.228040	11.410765	-0.087306	2.723180
490.811638	2174.015330	11.415770	-0.087311	2.723080
490.706974	2173.634356	11.420775	-0.087292	2.722876
490.780526	2173.554579	11.425779	-0.087305	2.722849
490.657955	2172.969942	11.430784	-0.087283	2.722543
490.713852	2172.949708	11.435789	-0.087293	2.722542
490.698404	2172.486956	11.440794	-0.087290	2.722313
490.578446	2172.376483	11.445799	-0.087269	2.722239
490.589135	2172.358176	11.450803	-0.087271	2.722232
490.657830	2171.738208	11.455808	-0.087283	2.721940
490.740629	2171.692922	11.460813	-0.087298	2.721931
490.641350	2171.409740	11.465818	-0.087280	2.721776
490.702725	2171.198981	11.470823	-0.087291	2.721683
490.714599	2171.124187	11.475827	-0.087293	2.721648
490.727178	2170.509337	11.480832	-0.087295	2.721349
490.740196	2170.513188	11.485837	-0.087297	2.721353
490.739054	2169.946384	11.490842	-0.087297	2.721075
490.526913	2169.948150	11.495847	-0.087259	2.721041
490.481194	2169.961707	11.500851	-0.087251	2.721040
490.516457	2169.348229	11.505856	-0.087257	2.720745
490.561915	2169.284379	11.510861	-0.087265	2.720722
490.613999	2169.258424	11.515866	-0.087275	2.720718
490.549555	2168.678804	11.520871	-0.087263	2.720423
490.632306	2168.623982	11.525875	-0.087278	2.720410
490.543883	2168.645005	11.530880	-0.087262	2.720405
490.385706	2168.055179	11.535885	-0.087234	2.720090
490.561619	2167.969423	11.540890	-0.087265	2.720077
490.509547	2168.022083	11.545895	-0.087256	2.720094
490.691791	2167.538617	11.550899	-0.087289	2.719888
490.683321	2167.313440	11.555904	-0.087287	2.719776
490.784337	2167.107213	11.560909	-0.087305	2.719692
490.719920	2166.644354	11.565914	-0.087294	2.719454
490.779694	2166.617704	11.570919	-0.087304	2.719451
490.825255	2166.016363	11.575923	-0.087312	2.719164
490.655453	2166.063068	11.580928	-0.087282	2.719158
490.603402	2165.541358	11.585933	-0.087273	2.718894
490.638768	2165.403915	11.590938	-0.087279	2.718833
490.624205	2165.313960	11.595943	-0.087276	2.718786
490.687407	2164.751347	11.600947	-0.087288	2.718521
490.751268	2164.727767	11.605952	-0.087299	2.718520
490.666599	2164.295541	11.610957	-0.087284	2.718294
490.701293	2164.106153	11.615962	-0.087290	2.718207
490.735379	2163.849504	11.620967	-0.087296	2.718086
490.598399	2163.515921	11.625971	-0.087272	2.717900
490.623416	2163.518238	11.630976	-0.087276	2.717905
490.553789	2163.018649	11.635981	-0.087264	2.717649
490.771511	2162.801619	11.640986	-0.087302	2.717578
490.775731	2162.597788	11.645991	-0.087303	2.717479
490.614615	2162.234296	11.650995	-0.087274	2.717274
490.689773	2162.197974	11.656000	-0.087288	2.717269
490.677112	2161.649926	11.661005	-0.087286	2.716998
490.714632	2161.551922	11.666010	-0.087292	2.716956
490.690368	2161.375611	11.671015	-0.087288	2.716865
490.625728	2161.074301	11.676019	-0.087276	2.716707
490.583280	2161.089943	11.681024	-0.087269	2.716707
490.755875	2160.523725	11.686029	-0.087300	2.716458
490.830657	2160.324678	11.691034	-0.087313	2.716373
490.727525	2159.935977	11.696039	-0.087294	2.716165
490.679388	2159.743010	11.701043	-0.087286	2.716062
490.757424	2159.489455	11.706048	-0.087300	2.715951
490.651936	2159.117522	11.711053	-0.087281	2.715751
490.661429	2159.094565	11.716058	-0.087283	2.715741
490.738790	2158.559542	11.721063	-0.087296	2.715491
490.864584	2158.402393	11.726067	-0.087319	2.715435
490.601894	2158.011365	11.731072	-0.087272	2.715199
490.517025	2157.863360	11.736077	-0.087257	2.715113
490.634670	2157.817716	11.741082	-0.087278	2.715110
490.768702	2157.264860	11.746087	-0.087302	2.714861
490.723669	2157.156772	11.751091	-0.087293	2.714800
490.827694	2156.701877	11.756096	-0.087312	2.714594
490.758224	2156.524534	11.761101	-0.087300	2.714495
490.596842	2156.306544	11.766106	-0.087271	2.714361
490.675709	2155.958135	11.771111	-0.087285	2.714204
490.641073	2155.953335	11.776115	-0.087279	2.714195
490.715970	2155.355240	11.781120	-0.087292	2.713914
490.661043	2155.279152	11.786125	-0.087282	2.713868
490.579190	2155.108609	11.791130	-0.087267	2.713770
490.471541	2154.707247	11.796135	-0.087248	2.713555
490.437603	2154.717466	11.801139	-0.087242	2.713554
490.501465	2154.692603	11.806144	-0.087254	2.713553
490.673785	2154.130218	11.811149	-0.087284	2.713305
490.734086	2153.973126	11.816154	-0.087295	2.713238
490.652522	2153.700874	11.821159	-0.087280	2.713091
490.622142	2153.380143	11.826163	-0.087275	2.712928
490.636956	2153.390343	11.831168	-0.087278	2.712936
490.618647	2152.887023	11.836173	-0.087274	2.712685
490.627150	2152.718948	11.841178	-0.087276	2.712604
490.488143	2152.788321	11.846183	-0.087251	2.712615
490.489805	2152.266854	11.851187	-0.087251	2.712359
490.588976	2152.125203	11.856192	-0.087269	2.712306
490.571123	2152.139495	11.861197	-0.087266	2.712310
490.514095	2151.638000	11.866202	-0.087256	2.712054
490.556658	2151.501594	11.871207	-0.087263	2.711994
490.530517	2151.514252	11.876211	-0.087259	2.711996
490.576088	2151.211071	11.881216	-0.087267	2.711855
490.678428	2150.983264	11.886221	-0.087285	2.711760
490.517295	2151.031566	11.891226	-0.087256	2.711756
490.616694	2150.487258	11.896231	-0.087274	2.711505
490.580754	2150.319732	11.901235	-0.087267	2.711417
490.560396	2150.327887	11.906240	-0.087264	2.711418
490.175549	2150.101619	11.911245	-0.087195	2.711242
490.181946	2149.827685	11.916250	-0.087196	2.711109
490.257641	2149.802610	11.921255	-0.087210	2.711109
490.275129	2149.809986	11.926259	-0.087213	2.711116
490.289625	2149.806314	11.931264	-0.087215	2.711116
490.323436	2149.787834	11.936269	-0.087221	2.711113
490.280606	2149.802981	11.941274	-0.087214	2.711113
490.194387	2149.636038	11.946279	-0.087198	2.711017
490.129720	2149.219283	11.951283	-0.087187	2.710801
490.369982	2149.131375	11.956288	-0.087230	2.710798
490.173449	2149.193606	11.961293	-0.087195	2.710796
490.119112	2149.209485	11.966298	-0.087185	2.710794
490.252228	2149.185870	11.971303	-0.087209	2.710805
490.389576	2149.116383	11.976307	-0.087233	2.710794
490.469619	2148.957155	11.981312	-0.087248	2.710729
490.555960	2148.447936	11.986317	-0.087263	2.710493
490.582806	2148.407699	11.991322	-0.087268	2.710477
490.643638	2148.192800	11.996327	-0.087279	2.710382
490.493129	2147.789414	12.001331	-0.087252	2.710158
490.473001	2147.780356	12.006336	-0.087248	2.710151
490.547219	2147.763394	12.011341	-0.087261	2.710155
490.514800	2147.161948	12.016346	-0.087255	2.709853
490.682011	2147.119767	12.021351	-0.087285	2.709861
490.594478	2147.039669	12.026355	-0.087270	2.709806
490.453258	2146.531071	12.031360	-0.087244	2.709533
490.600398	2146.493795	12.036365	-0.087271	2.709539
490.609982	2146.418183	12.041370	-0.087272	2.709503
490.625444	2145.891993	12.046375	-0.087275	2.709247
490.648286	2145.884217	12.051379	-0.087279	2.709247
490.559347	2145.631422	12.056384	-0.087263	2.709108
490.578477	2145.239186	12.061389	-0.087267	2.708918
490.533416	2145.248750	12.066394	-0.087259	2.708915
490.697695	2144.877680	12.071399	-0.087288	2.708760
490.627379	2144.583728	12.076403	-0.087275	2.708604
490.450378	2144.633010	12.081408	-0.087244	2.708598
490.436185	2144.402482	12.086413	-0.087241	2.708482
490.305500	2144.035828	12.091418	-0.087218	2.708280
490.341197	2144.048422	12.096423	-0.087224	2.708292
490.239418	2144.063926	12.101427	-0.087206	2.708283
490.312065	2144.032263	12.106432	-0.087219	2.708280
490.316518	2144.041511	12.111437	-0.087220	2.708285
490.289167	2143.601756	12.116442	-0.087215	2.708064
490.429606	2143.399315	12.121447	-0.087240	2.707988
490.156008	2143.478864	12.126451	-0.087191	2.707981
490.104564	2143.491234	12.131456	-0.087182	2.707979
490.244509	2143.450040	12.136461	-0.087207	2.707982
490.286459	2143.411677	12.141466	-0.087214	2.707970
490.261445	2143.449953	12.146471	-0.087210	2.707984
490.177143	2143.427185	12.151475	-0.087195	2.707959
490.042445	2142.871751	12.156480	-0.087171	2.707663
490.157968	2142.819189	12.161485	-0.087191	2.707657
490.152888	2142.815185	12.166490	-0.087191	2.707654
490.012742	2142.874793	12.171495	-0.087166	2.707660
490.038745	2142.871015	12.176499	-0.087170	2.707662
490.028927	2142.856571	12.181504	-0.087168	2.707654
490.139471	2142.827893	12.186509	-0.087188	2.707658
490.084702	2142.838857	12.191514	-0.087178	2.707654
490.054673	2142.874394	12.196519	-0.087173	2.707667
489.992819	2142.878252	12.201523	-0.087162	2.707658
490.173407	2142.813744	12.206528	-0.087194	2.707657
490.346191	2142.756959	12.211533	-0.087225	2.707658
490.281392	2142.762451	12.216538	-0.087214	2.707650
490.264622	2142.785877	12.221543	-0.087211	2.707658
490.319057	2142.751520	12.226547	-0.087220	2.707650
490.351646	2142.140621	12.231552	-0.087226	2.707355
490.269057	2142.163569	12.236557	-0.087211	2.707353
490.314384	2142.131672	12.241562	-0.087220	2.707344
490.267553	2142.175447	12.246567	-0.087211	2.707358
490.045662	2142.239354	12.251571	-0.087172	2.707353
490.178138	2142.194984	12.256576	-0.087195	2.707353
490.377921	2142.130296	12.261581	-0.087231	2.707354
490.178200	2141.605952	12.266586	-0.087195	2.707063
490.271809	2141.541178	12.271591	-0.087212	2.707047
490.199973	2141.549700	12.276595	-0.087199	2.707039
490.149988	2141.581864	12.281600	-0.087190	2.707046
490.247890	2141.539089	12.286605	-0.087208	2.707042
490.096999	2141.602982	12.291610	-0.087181	2.707048
490.066394	2141.605111	12.296615	-0.087175	2.707044
489.972249	2141.621207	12.301619	-0.087158	2.707036
490.161781	2141.554926	12.306624	-0.087192	2.707035
490.363908	2141.490706	12.311629	-0.087228	2.707037
490.309676	2141.358223	12.316634	-0.087219	2.706963
490.107182	2141.054228	12.321639	-0.087183	2.706779
490.130021	2141.051521	12.326643	-0.087187	2.706782
490.171366	2141.020344	12.331648	-0.087194	2.706773
490.239292	2141.033387	12.336653	-0.087206	2.706791
490.305458	2140.988710	12.341658	-0.087218	2.706780
490.099421	2141.073231	12.346663	-0.087181	2.706788
490.131605	2141.041996	12.351667	-0.087187	2.706778
490.167922	2141.025838	12.356672	-0.087193	2.706776
490.300066	2140.988549	12.361677	-0.087217	2.706779
490.228136	2140.975553	12.366682	-0.087204	2.706761
490.188288	2140.393253	12.371687	-0.087197	2.706468
490.132077	2140.359713	12.376691	-0.087187	2.706442
490.228497	2140.332018	12.381696	-0.087204	2.706444
490.203711	2140.354990	12.386701	-0.087200	2.706451
490.129247	2140.379621	12.391706	-0.087187	2.706451
490.060939	2140.411034	12.396711	-0.087174	2.706455
489.971203	2140.439584	12.401715	-0.087158	2.706454
490.205363	2140.342930	12.406720	-0.087200	2.706446
490.180685	2140.368401	12.411725	-0.087196	2.706454
490.204575	2140.343787	12.416730	-0.087200	2.706446
490.182358	2140.359548	12.421735	-0.087196	2.706450
490.079758	2140.379156	12.426739	-0.087178	2.706443
490.108436	2140.370029	12.431744	-0.087183	2.706443
490.165152	2140.349479	12.436749	-0.087193	2.706442
490.170240	2140.075201	12.441754	-0.087194	2.706308
490.199606	2139.707139	12.446759	-0.087199	2.706132
490.170203	2139.704427	12.451763	-0.087194	2.706125
490.111168	2139.732692	12.456768	-0.087183	2.706129
490.281920	2139.696228	12.461773	-0.087214	2.706140
490.254324	2139.684664	12.466778	-0.087209	2.706130
490.367539	2139.656966	12.471783	-0.087229	2.706135
490.390015	2139.626496	12.476787	-0.087233	2.706124
490.307330	2139.008825	12.481792	-0.087218	2.705806
490.428460	2138.970199	12.486797	-0.087240	2.705807
490.394398	2139.001387	12.491802	-0.087234	2.705817
490.480415	2138.955677	12.496807	-0.087249	2.705808
490.294526	2138.612629	12.501811	-0.087216	2.705608
490.220911	2138.436126	12.506816	-0.087203	2.705509
490.270317	2138.418690	12.511821	-0.087212	2.705509
490.408686	2138.370405	12.516826	-0.087237	2.705508
490.404958	2138.382420	12.521831	-0.087236	2.705513
490.476782	2138.122314	12.526835	-0.087249	2.705397
490.302425	2137.744374	12.531840	-0.087218	2.705182
490.221081	2137.780216	12.536845	-0.087203	2.705186
490.187157	2137.770810	12.541850	-0.087197	2.705176
490.277684	2137.747642	12.546855	-0.087213	2.705179
490.315466	2137.743022	12.551859	-0.087220	2.705183
490.166335	2137.784783	12.556864	-0.087193	2.705179
490.151592	2137.795470	12.561869	-0.087191	2.705182
490.388309	2137.163289	12.566874	-0.087233	2.704910
490.515274	2137.046661	12.571879	-0.087256	2.704874
490.463330	2137.071250	12.576883	-0.087246	2.704877
490.466765	2136.978213	12.581888	-0.087247	2.704832
490.422631	2136.441495	12.586893	-0.087239	2.704560
490.350673	2136.468449	12.591898	-0.087226	2.704561
490.398985	2136.455182	12.596903	-0.087235	2.704563
490.303787	2136.495731	12.601907	-0.087218	2.704567
490.210253	2136.496446	12.606912	-0.087201	2.704552
490.224099	2135.940727	12.611917	-0.087203	2.704280
490.352518	2135.850217	12.616922	-0.087226	2.704257
490.492301	2135.807143	12.621927	-0.087251	2.704259
490.408380	2135.863493	12.626931	-0.087236	2.704273
490.251898	2135.891296	12.631936	-0.087209	2.704260
490.324859	2135.332017	12.636941	-0.087222	2.703997
490.363003	2135.198724	12.641946	-0.087228	2.703937
490.323113	2135.221118	12.646951	-0.087221	2.703942
490.321252	2135.214129	12.651955	-0.087221	2.703938
490.379332	2135.192477	12.656960	-0.087231	2.703937
490.370014	2134.775180	12.661965	-0.087230	2.703730
490.344026	2134.569347	12.666970	-0.087225	2.703624
490.306921	2134.585096	12.671975	-0.087218	2.703626
490.279098	2134.585662	12.676979	-0.087213	2.703621
490.294681	2134.587943	12.681984	-0.087216	2.703625
490.434233	2134.406286	12.686989	-0.087241	2.703559
490.290410	2133.954978	12.691994	-0.087215	2.703312
490.438982	2133.899415	12.696999	-0.087242	2.703310
490.273704	2133.949214	12.702003	-0.087212	2.703306
490.238403	2133.959285	12.707008	-0.087206	2.703306
490.290849	2133.961069	12.712013	-0.087215	2.703315
490.166709	2133.981699	12.717018	-0.087193	2.703305
490.383713	2133.309734	12.722023	-0.087232	2.703010
490.423465	2133.294939	12.727027	-0.087239	2.703009
490.159071	2133.390444	12.732032	-0.087192	2.703012
490.253198	2133.365404	12.737037	-0.087209	2.703015
490.229195	2133.361510	12.742042	-0.087204	2.703009
490.278591	2133.358630	12.747047	-0.087213	2.703016
490.191813	2132.900073	12.752051	-0.087198	2.702775
490.368122	2132.638240	12.757056	-0.087229	2.702676
490.272469	2132.705529	12.762061	-0.087212	2.702693
490.272082	2132.696144	12.767066	-0.087212	2.702688
490.301098	2132.671705	12.772071	-0.087217	2.702681
490.319564	2132.683763	12.777075	-0.087221	2.702690
490.317684	2132.314132	12.782080	-0.087220	2.702508
490.285293	2132.062477	12.787085	-0.087214	2.702378
490.154535	2132.110682	12.792090	-0.087191	2.702380
490.233221	2132.097845	12.797095	-0.087205	2.702387
490.109950	2132.123888	12.802099	-0.087183	2.702379
490.153573	2132.109042	12.807104	-0.087191	2.702379
490.223204	2132.101181	12.812109	-0.087203	2.702387
490.053448	2132.161372	12.817114	-0.087173	2.702388
490.105430	2132.125334	12.822119	-0.087182	2.702379
490.054247	2132.154094	12.827123	-0.087173	2.702385
490.228026	2132.078568	12.832128	-0.087204	2.702376
490.218786	2132.018401	12.837133	-0.087203	2.702345
490.176077	2131.470958	12.842138	-0.087195	2.702068
490.203116	2131.466177	12.847143	-0.087200	2.702070
490.325562	2131.416952	12.852147	-0.087222	2.702066
490.275147	2131.440389	12.857152	-0.087213	2.702070
490.274419	2131.450106	12.862157	-0.087213	2.702074
490.119954	2131.477894	12.867162	-0.087185	2.702062
490.197819	2131.469762	12.872167	-0.087199	2.702071
490.220045	2131.485600	12.877171	-0.087203	2.702083
490.134317	2131.397013	12.882176	-0.087188	2.702025
490.150298	2130.985340	12.887181	-0.087190	2.701824
490.293152	2130.918424	12.892186	-0.087216	2.701815
490.211363	2130.966442	12.897191	-0.087201	2.701825
490.313356	2130.922902	12.902195	-0.087220	2.701821
490.356872	2130.906194	12.907200	-0.087227	2.701820
490.516229	2130.712189	12.912205	-0.087256	2.701751
490.432531	2130.215489	12.917210	-0.087241	2.701492
490.437644	2130.217525	12.922215	-0.087242	2.701494
490.539794	2130.182788	12.927219	-0.087260	2.701494
490.526857	2129.717126	12.932224	-0.087258	2.701262
490.681871	2129.494890	12.937229	-0.087285	2.701178
490.515989	2129.550610	12.942234	-0.087256	2.701178
490.443271	2129.105321	12.947239	-0.087243	2.700946
490.488442	2128.905887	12.952243	-0.087251	2.700855
490.466680	2128.894919	12.957248	-0.087247	2.700846
490.444284	2128.931603	12.962253	-0.087243	2.700860
490.368230	2128.344576	12.967258	-0.087229	2.700558
490.430795	2128.302418	12.972263	-0.087240	2.700547
490.392864	2128.331098	12.977267	-0.087234	2.700555
490.440047	2128.294801	12.982272	-0.087242	2.700545
490.422933	2127.953407	12.987277	-0.087239	2.700374
490.274839	2127.683746	12.992282	-0.087212	2.700216
490.331158	2127.682918	12.997287	-0.087223	2.700225
490.335283	2127.694141	13.002291	-0.087223	2.700231
490.146717	2127.749359	13.007296	-0.087190	2.700227
490.245201	2127.731670	13.012301	-0.087207	2.700234
490.179494	2127.709718	13.017306	-0.087195	2.700213
490.123826	2127.134883	13.022311	-0.087185	2.699919
490.456479	2127.026844	13.027315	-0.087245	2.699922
490.427194	2127.010852	13.032320	-0.087240	2.699909
490.460010	2127.011688	13.037325	-0.087246	2.699915
490.037060	2127.154169	13.042330	-0.087170	2.699914
490.050512	2127.161587	13.047335	-0.087172	2.699920
490.120213	2127.130917	13.052339	-0.087185	2.699917
490.083116	2127.136550	13.057344	-0.087178	2.699913
490.132163	2126.853044	13.062349	-0.087187	2.699782
490.113749	2126.498284	13.067354	-0.087184	2.699603
490.126770	2126.499525	13.072359	-0.087186	2.699606
489.955931	2126.548094	13.077363	-0.087155	2.699602
489.963127	2126.534246	13.082368	-0.087157	2.699596
489.943461	2126.566196	13.087373	-0.087153	2.699608
490.111369	2126.853654	13.092378	-0.087183	2.699779
490.105223	2126.501679	13.097383	-0.087182	2.699604
490.206771	2126.471563	13.102387	-0.087200	2.699606
489.985535	2126.534102	13.107392	-0.087161	2.699600
490.180570	2126.474102	13.112397	-0.087196	2.699603
490.162073	2126.472781	13.117402	-0.087192	2.699599
489.980755	2126.533130	13.122407	-0.087160	2.699598
490.061515	2126.518298	13.127411	-0.087174	2.699605
490.075629	2126.515375	13.132416	-0.087177	2.699606
489.998593	2126.552287	13.137421	-0.087163	2.699611
490.167255	2126.463953	13.142426	-0.087193	2.699596
490.168526	2126.500165	13.147431	-0.087194	2.699614
490.258192	2126.460179	13.152435	-0.087210	2.699609
490.220169	2126.464231	13.157440	-0.087203	2.699605
490.162717	2126.490060	13.162445	-0.087193	2.699608
490.072108	2126.519575	13.167450	-0.087176	2.699607
490.079187	2126.516513	13.172455	-0.087178	2.699607
490.051418	2126.517712	13.177459	-0.087173	2.699603
490.021132	2126.530513	13.182464	-0.087167	2.699604
490.080838	2126.522207	13.187469	-0.087178	2.699610
490.111274	2126.494136	13.192474	-0.087184	2.699601
489.845406	2126.593342	13.197479	-0.087136	2.699606
490.024244	2126.535055	13.202483	-0.087168	2.699607
490.086592	2126.491711	13.207488	-0.087179	2.699596
490.102993	2126.494332	13.212493	-0.087182	2.699600
490.193432	2126.440175	13.217498	-0.087198	2.699588
490.184118	2125.940747	13.222503	-0.087197	2.699340
490.129728	2125.877038	13.227507	-0.087187	2.699300
490.130109	2125.861082	13.232512	-0.087187	2.699292
490.095495	2125.901904	13.237517	-0.087181	2.699306
490.145059	2125.892618	13.242522	-0.087190	2.699310
489.979899	2125.930410	13.247527	-0.087160	2.699301
490.181640	2125.872552	13.252531	-0.087196	2.699306
490.159160	2125.874482	13.257536	-0.087192	2.699303
490.163334	2125.893269	13.262541	-0.087193	2.699313
490.167205	2125.877391	13.267546	-0.087194	2.699306
490.057951	2125.898706	13.272551	-0.087174	2.699298
490.138160	2125.892909	13.277555	-0.087188	2.699309
490.252708	2125.829925	13.282560	-0.087209	2.699297
490.529183	2125.502664	13.287565	-0.087258	2.699182
490.459539	2125.106617	13.292570	-0.087246	2.698975
490.557606	2125.061245	13.297575	-0.087263	2.698969
490.583120	2124.976071	13.302579	-0.087268	2.698931
490.487651	2124.469397	13.307584	-0.087251	2.698665
490.336046	2124.539876	13.312589	-0.087224	2.698674
490.429757	2124.486507	13.317594	-0.087241	2.698663
490.228435	2124.535971	13.322599	-0.087205	2.698654
490.290466	2124.244379	13.327603	-0.087216	2.698520
490.227492	2123.900515	13.332608	-0.087204	2.698340
490.081560	2123.969698	13.337613	-0.087178	2.698350
490.059295	2123.975982	13.342618	-0.087174	2.698349
489.932635	2124.012072	13.347623	-0.087152	2.698346
490.073552	2123.984359	13.352627	-0.087177	2.698356
490.231126	2123.921915	13.357632	-0.087205	2.698351
490.229646	2123.916709	13.362637	-0.087205	2.698348
490.149126	2123.943431	13.367642	-0.087190	2.698348
489.911851	2124.015866	13.372647	-0.087148	2.698344
490.108509	2123.975521	13.377651	-0.087183	2.698357
490.183229	2123.940615	13.382656	-0.087197	2.698352
490.113563	2123.965542	13.387661	-0.087184	2.698353
490.268524	2123.896404	13.392666	-0.087212	2.698345
490.208515	2123.913625	13.397671	-0.087201	2.698343
490.116475	2123.961957	13.402675	-0.087185	2.698352
490.084223	2123.979219	13.407680	-0.087179	2.698355
490.045062	2123.971658	13.412685	-0.087172	2.698345
490.011769	2123.996225	13.417690	-0.087166	2.698351
490.061346	2123.967972	13.422695	-0.087175	2.698346
490.198735	2123.683015	13.427699	-0.087199	2.698228
489.985024	2123.356958	13.432704	-0.087161	2.698031
490.127681	2123.336863	13.437709	-0.087187	2.698045
490.157724	2123.325362	13.442714	-0.087192	2.698044
490.076290	2123.335337	13.447719	-0.087177	2.698036
490.199971	2123.313479	13.452723	-0.087200	2.698046
490.123500	2123.321767	13.457728	-0.087186	2.698037
490.126739	2123.351602	13.462733	-0.087187	2.698052
490.208549	2123.316813	13.467738	-0.087201	2.698049
490.101575	2123.353163	13.472743	-0.087182	2.698049
490.198864	2123.329539	13.477747	-0.087199	2.698053
490.128516	2123.316157	13.482752	-0.087187	2.698035
490.178409	2123.304225	13.487757	-0.087196	2.698037
490.082335	2123.348873	13.492762	-0.087179	2.698043
490.144623	2123.313772	13.497767	-0.087190	2.698037
490.091956	2123.360089	13.502771	-0.087180	2.698051
490.156351	2123.196643	13.507776	-0.087192	2.697981
489.939455	2123.135794	13.512781	-0.087153	2.697914
490.110122	2123.065105	13.517786	-0.087184	2.697908
489.992874	2122.822543	13.522791	-0.087163	2.697768
490.198182	2122.732494	13.527795	-0.087199	2.697758
490.150935	2122.670198	13.532800	-0.087191	2.697720
490.217352	2122.655804	13.537805	-0.087203	2.697724
490.241453	2122.642533	13.542810	-0.087207	2.697721
490.200031	2122.671125	13.547815	-0.087200	2.697728
490.362405	2122.607678	13.552819	-0.087229	2.697724
490.335937	2122.619814	13.557824	-0.087224	2.697726
490.477440	2122.144622	13.562829	-0.087249	2.697515
490.408127	2121.976131	13.567834	-0.087237	2.697420
490.414286	2121.963276	13.572839	-0.087238	2.697415
490.336542	2121.999165	13.577843	-0.087224	2.697419
490.292609	2121.876375	13.582848	-0.087216	2.697351
490.307668	2121.379181	13.587853	-0.087219	2.697108
490.430828	2121.323381	13.592858	-0.087241	2.697101
490.357402	2121.344538	13.597863	-0.087228	2.697099
490.283627	2121.395500	13.602867	-0.087215	2.697112
490.452807	2121.269100	13.607872	-0.087245	2.697078
490.384392	2120.830024	13.612877	-0.087233	2.696850
490.426596	2120.818176	13.617882	-0.087240	2.696851
490.430250	2120.801753	13.622887	-0.087241	2.696843
490.360360	2120.834340	13.627891	-0.087228	2.696848
490.312871	2120.259996	13.632896	-0.087220	2.696556
490.322402	2120.182217	13.637901	-0.087222	2.696519
490.299863	2120.191123	13.642906	-0.087218	2.696520
490.294073	2120.187386	13.647911	-0.087216	2.696517
490.334100	2120.169962	13.652915	-0.087224	2.696515
490.373705	2119.897570	13.657920	-0.087231	2.696387
490.318106	2119.535076	13.662925	-0.087221	2.696198
490.445622	2119.489160	13.667930	-0.087244	2.696197
490.134105	2119.595717	13.672935	-0.087188	2.696197
490.355977	2119.525286	13.677939	-0.087228	2.696200
490.402666	2119.493599	13.682944	-0.087236	2.696192
490.126645	2118.983238	13.687949	-0.087186	2.695893
490.125104	2118.986265	13.692954	-0.087186	2.695895
490.285361	2118.908376	13.697959	-0.087215	2.695883
490.231458	2118.927950	13.702963	-0.087205	2.695884
490.017246	2119.005836	13.707968	-0.087167	2.695886
490.231870	2118.929027	13.712973	-0.087205	2.695884
490.387593	2118.861520	13.717978	-0.087233	2.695877
490.197759	2118.936165	13.722983	-0.087199	2.695882
490.332045	2118.877842	13.727987	-0.087223	2.695876
490.202251	2118.327921	13.732992	-0.087200	2.695582
490.331571	2118.275075	13.737997	-0.087223	2.695578
490.313500	2118.288142	13.743002	-0.087220	2.695581
490.182907	2118.333170	13.748007	-0.087197	2.695581
490.267813	2118.316262	13.753011	-0.087212	2.695587
490.330631	2118.302448	13.758016	-0.087223	2.695591
490.279497	2117.950543	13.763021	-0.087214	2.695408
490.370730	2117.620299	13.768026	-0.087230	2.695260
490.391494	2117.621419	13.773031	-0.087234	2.695265
490.311844	2117.651646	13.778035	-0.087220	2.695266
490.276715	2117.650317	13.783040	-0.087213	2.695260
490.369957	2117.488556	13.788045	-0.087230	2.695195
490.312085	2117.023504	13.793050	-0.087220	2.694955
490.273194	2117.020933	13.798055	-0.087213	2.694948
490.408554	2116.985594	13.803059	-0.087237	2.694953
490.311079	2117.008001	13.808064	-0.087220	2.694948
490.176548	2117.070150	13.813069	-0.087195	2.694956
490.264810	2117.011073	13.818074	-0.087211	2.694941
490.180530	2116.411174	13.823079	-0.087196	2.694630
490.292263	2116.397753	13.828083	-0.087216	2.694643
490.243722	2116.392157	13.833088	-0.087207	2.694632
490.331403	2116.383130	13.838093	-0.087223	2.694642
490.285193	2116.398197	13.843098	-0.087215	2.694642
490.416695	2116.343343	13.848103	-0.087238	2.694637
490.269232	2115.872274	13.853107	-0.087212	2.694379
490.366100	2115.749699	13.858112	-0.087229	2.694334
490.238707	2115.820778	13.863117	-0.087207	2.694348
490.235698	2115.817363	13.868122	-0.087206	2.694346
490.122406	2115.842631	13.873127	-0.087186	2.694339
490.241300	2115.804685	13.878131	-0.087207	2.694341
490.186964	2115.819993	13.883136	-0.087197	2.694339
490.345699	2115.500969	13.888141	-0.087226	2.694208
490.330090	2115.112567	13.893146	-0.087223	2.694013
490.251108	2115.124904	13.898151	-0.087209	2.694006
490.296941	2115.148404	13.903155	-0.087217	2.694025
490.282761	2115.133648	13.908160	-0.087214	2.694016
490.305006	2115.121641	13.913165	-0.087218	2.694014
490.367188	2114.926971	13.918170	-0.087230	2.693928
490.449967	2114.442684	13.923175	-0.087244	2.693702
490.420320	2114.476719	13.928179	-0.087239	2.693714
490.304307	2114.495351	13.933184	-0.087218	2.693704
490.449818	2114.370123	13.938189	-0.087244	2.693666
490.341221	2113.842503	13.943194	-0.087225	2.693387
490.441744	2113.796294	13.948199	-0.087243	2.693381
490.643694	2113.751527	13.953203	-0.087279	2.693393
490.359138	2113.592877	13.958208	-0.087228	2.693266
490.410116	2113.198984	13.963213	-0.087237	2.693080
490.425917	2113.201784	13.968218	-0.087240	2.693084
490.416869	2113.178352	13.973223	-0.087238	2.693071
490.457762	2113.013055	13.978227	-0.087246	2.692996
490.451005	2112.521552	13.983232	-0.087244	2.692751
490.406087	2112.559516	13.988237	-0.087236	2.692763
490.504039	2112.524270	13.993242	-0.087254	2.692762
490.367143	2112.382916	13.998247	-0.087229	2.692669
490.505108	2111.897711	14.003251	-0.087254	2.692452
490.348721	2111.945232	14.008256	-0.087226	2.692449
490.029231	2112.068431	14.013261	-0.087169	2.692456
490.059262	2112.073952	14.018266	-0.087174	2.692464
490.108735	2112.038809	14.023271	-0.087183	2.692455
490.290029	2111.978355	14.028275	-0.087216	2.692455
490.087230	2112.033472	14.033280	-0.087179	2.692448
490.043842	2112.066499	14.038285	-0.087172	2.692458
490.131259	2112.044926	14.043290	-0.087187	2.692462
490.205060	2112.000874	14.048295	-0.087200	2.692452
490.075875	2111.671556	14.053299	-0.087177	2.692267
490.156870	2111.398720	14.058304	-0.087192	2.692146
490.079348	2111.427600	14.063309	-0.087178	2.692147
490.019164	2111.461298	14.068314	-0.087167	2.692154
489.938109	2111.474990	14.073319	-0.087153	2.692147
489.965620	2111.497127	14.078323	-0.087158	2.692162
489.967796	2111.954722	14.083328	-0.087158	2.692389
490.001403	2112.071257	14.088333	-0.087164	2.692453
490.040218	2112.071897	14.093338	-0.087171	2.692460
490.037043	2112.072325	14.098343	-0.087171	2.692459
490.048757	2112.068946	14.103347	-0.087173	2.692460
490.146799	2111.982597	14.108352	-0.087190	2.692433
490.015307	2111.444125	14.113357	-0.087167	2.692145
490.003589	2112.041374	14.118362	-0.087165	2.692438
490.075424	2111.532690	14.123367	-0.087177	2.692199
490.064553	2111.465125	14.128371	-0.087175	2.692163
489.916005	2111.765319	14.133376	-0.087149	2.692287
489.911549	2112.116110	14.138381	-0.087148	2.692460
490.043585	2112.077461	14.143386	-0.087172	2.692463
489.976274	2112.087734	14.148391	-0.087160	2.692457
490.123312	2112.041458	14.153395	-0.087186	2.692459
489.990000	2112.076082	14.158400	-0.087162	2.692453
490.049113	2112.058466	14.163405	-0.087173	2.692455
489.990291	2112.094223	14.168410	-0.087162	2.692463
490.079634	2112.048665	14.173415	-0.087178	2.692455
490.056804	2112.082893	14.178419	-0.087174	2.692468
489.983112	2112.093445	14.183424	-0.087161	2.692461
490.067922	2112.058888	14.188429	-0.087176	2.692458
490.183938	2112.002362	14.193434	-0.087197	2.692450
490.177986	2111.685960	14.198439	-0.087196	2.692292
490.301996	2111.349307	14.203443	-0.087218	2.692146
490.272315	2111.354972	14.208448	-0.087213	2.692144
490.094595	2111.417951	14.213453	-0.087181	2.692145
490.136528	2111.404289	14.218458	-0.087189	2.692146
490.182233	2111.376103	14.223463	-0.087197	2.692139
490.220396	2111.372550	14.228467	-0.087204	2.692144
490.068096	2111.423096	14.233472	-0.087176	2.692143
490.193750	2111.387878	14.238477	-0.087199	2.692147
489.991538	2111.460452	14.243482	-0.087163	2.692149
490.086005	2111.417564	14.248487	-0.087180	2.692144
489.989979	2111.472285	14.253491	-0.087162	2.692155
490.038025	2111.451500	14.258496	-0.087171	2.692153
490.065290	2111.434633	14.263501	-0.087176	2.692149
489.939111	2111.485746	14.268506	-0.087153	2.692153
490.014171	2111.433701	14.273511	-0.087167	2.692140
490.174718	2111.408674	14.278515	-0.087196	2.692154
490.135712	2111.414360	14.283520	-0.087189	2.692151
490.075546	2111.422834	14.288525	-0.087178	2.692145
490.107654	2111.421972	14.293530	-0.087184	2.692150
490.151926	2111.338164	14.298535	-0.087192	2.692116
490.030532	2110.940053	14.303539	-0.087170	2.691898
490.038787	2110.971893	14.308544	-0.087171	2.691915
489.871170	2111.247034	14.313549	-0.087141	2.692023
490.014713	2111.442140	14.318554	-0.087167	2.692144
490.285642	2111.168980	14.323559	-0.087215	2.692054
490.132730	2110.925963	14.328563	-0.087188	2.691908
490.040775	2110.930128	14.333568	-0.087172	2.691895
489.943900	2110.950466	14.338573	-0.087154	2.691889
490.065886	2110.935405	14.343578	-0.087176	2.691902
490.153711	2110.877757	14.348583	-0.087192	2.691888
490.015084	2110.948236	14.353587	-0.087167	2.691900
490.163377	2110.900899	14.358592	-0.087194	2.691901
490.138326	2110.914445	14.363597	-0.087189	2.691904
490.117265	2110.914025	14.368602	-0.087185	2.691900
490.192980	2110.861758	14.373607	-0.087199	2.691887
490.198771	2110.907675	14.378611	-0.087200	2.691911
490.160528	2110.913733	14.383616	-0.087193	2.691907
490.128776	2110.917582	14.388621	-0.087188	2.691904
490.177262	2110.889711	14.393626	-0.087196	2.691898
490.308705	2110.841804	14.398631	-0.087220	2.691896
490.165112	2110.530077	14.403635	-0.087194	2.691718
490.143451	2110.218478	14.408640	-0.087190	2.691560
489.959615	2110.292998	14.413645	-0.087157	2.691566
489.961455	2110.295500	14.418650	-0.087158	2.691567
490.054973	2110.440771	14.423655	-0.087174	2.691655
490.145406	2110.239153	14.428659	-0.087191	2.691571
489.987335	2110.277800	14.433664	-0.087162	2.691563
489.957164	2110.281112	14.438669	-0.087157	2.691560
490.001786	2110.476431	14.443674	-0.087165	2.691664
490.070821	2110.540531	14.448679	-0.087177	2.691707
490.195675	2110.245883	14.453683	-0.087200	2.691582
490.358167	2110.169128	14.458688	-0.087229	2.691572
490.293359	2110.186750	14.463693	-0.087217	2.691570
490.105325	2110.259546	14.468698	-0.087183	2.691574
490.155126	2110.223665	14.473703	-0.087192	2.691565
490.184009	2110.233983	14.478707	-0.087198	2.691575
490.240934	2110.224671	14.483712	-0.087208	2.691580
490.301518	2110.131544	14.488717	-0.087219	2.691544
490.180729	2109.649498	14.493722	-0.087197	2.691285
490.032016	2109.639587	14.498727	-0.087170	2.691255
490.039535	2109.631963	14.503731	-0.087172	2.691252
490.128641	2109.612327	14.508736	-0.087188	2.691257
489.985356	2109.639014	14.513741	-0.087162	2.691246
489.978396	2109.670981	14.518746	-0.087161	2.691261
489.976116	2109.640223	14.523751	-0.087160	2.691246
489.924596	2109.683575	14.528755	-0.087151	2.691258
490.067981	2110.181198	14.533760	-0.087177	2.691529
490.049036	2109.651260	14.538765	-0.087173	2.691263
490.143237	2109.599008	14.543770	-0.087190	2.691253
490.226573	2109.564319	14.548775	-0.087205	2.691250
490.073395	2109.623994	14.553779	-0.087178	2.691254
490.198562	2109.583262	14.558784	-0.087200	2.691255
490.243493	2109.569837	14.563789	-0.087208	2.691256
490.116227	2109.615651	14.568794	-0.087186	2.691257
490.023117	2109.634084	14.573799	-0.087169	2.691251
490.113795	2109.627778	14.578803	-0.087185	2.691263
490.232711	2109.558921	14.583808	-0.087206	2.691249
490.025427	2109.632599	14.588813	-0.087169	2.691250
490.030750	2109.645261	14.593818	-0.087170	2.691257
490.006473	2109.644047	14.598823	-0.087166	2.691253
490.044412	2109.648759	14.603827	-0.087173	2.691261
490.014839	2109.655020	14.608832	-0.087168	2.691260
490.159386	2109.584372	14.613837	-0.087193	2.691249
490.227765	2109.571790	14.618842	-0.087206	2.691254
490.217284	2109.570293	14.623847	-0.087204	2.691252
490.155283	2109.317855	14.628851	-0.087193	2.691116
489.982885	2109.256772	14.633856	-0.087162	2.691057
490.267384	2108.995437	14.638861	-0.087213	2.690976
490.274679	2108.917941	14.643866	-0.087214	2.690938
490.383820	2108.868167	14.648871	-0.087234	2.690932
490.421709	2108.866591	14.653875	-0.087240	2.690938
490.390065	2108.872298	14.658880	-0.087235	2.690935
490.385634	2108.329973	14.663885	-0.087234	2.690666
490.337942	2108.279393	14.668890	-0.087225	2.690633
490.404109	2108.234165	14.673895	-0.087237	2.690621
490.431301	2108.244419	14.678899	-0.087242	2.690631
490.491272	2107.936035	14.683904	-0.087253	2.690488
490.274560	2107.610963	14.688909	-0.087214	2.690291
490.280690	2107.640355	14.693914	-0.087215	2.690306
490.419338	2107.583056	14.698919	-0.087240	2.690301
490.331669	2107.617916	14.703923	-0.087224	2.690304
490.288175	2107.490946	14.708928	-0.087216	2.690234
490.260478	2106.999521	14.713933	-0.087211	2.689986
490.263404	2107.009211	14.718938	-0.087212	2.689991
490.220463	2107.027586	14.723943	-0.087204	2.689993
490.415991	2106.965413	14.728947	-0.087239	2.689995
490.122698	2107.057042	14.733952	-0.087187	2.689991
490.056963	2107.074357	14.738957	-0.087175	2.689988
490.209007	2107.043995	14.743962	-0.087202	2.689999
490.143509	2107.034771	14.748967	-0.087191	2.689983
490.155600	2106.727638	14.753971	-0.087193	2.689833
490.013746	2106.580009	14.758976	-0.087167	2.689736
490.215630	2106.395361	14.763981	-0.087203	2.689679
490.162540	2106.422230	14.768986	-0.087194	2.689683
490.223028	2106.387758	14.773991	-0.087205	2.689676
490.242802	2106.401160	14.778995	-0.087208	2.689686
490.089415	2106.447056	14.784000	-0.087181	2.689683
489.957955	2106.484858	14.789005	-0.087157	2.689680
490.032379	2106.485324	14.794010	-0.087171	2.689692
490.033370	2106.454100	14.799015	-0.087171	2.689677
490.084026	2106.443132	14.804019	-0.087180	2.689680
490.167411	2106.417871	14.809024	-0.087195	2.689682
490.287138	2106.356934	14.814029	-0.087216	2.689672
490.363242	2106.371945	14.819034	-0.087230	2.689692
490.236292	2106.277199	14.824039	-0.087207	2.689624
490.178472	2105.817558	14.829043	-0.087197	2.689386
490.109894	2105.845291	14.834048	-0.087185	2.689388
490.222744	2105.794253	14.839053	-0.087205	2.689382
490.233795	2105.803693	14.844058	-0.087207	2.689389
490.087712	2105.854034	14.849063	-0.087181	2.689389
490.262295	2105.798984	14.854067	-0.087212	2.689391
489.963051	2105.900838	14.859072	-0.087158	2.689391
490.006143	2105.867251	14.864077	-0.087166	2.689382
490.133224	2105.817666	14.869082	-0.087189	2.689379
490.132497	2105.827338	14.874087	-0.087189	2.689383
490.183200	2105.827058	14.879091	-0.087198	2.689392
490.180140	2105.818001	14.884096	-0.087197	2.689387
490.069959	2105.839744	14.889101	-0.087178	2.689379
490.155989	2105.852629	14.894106	-0.087193	2.689400
490.112001	2105.808381	14.899111	-0.087185	2.689370
490.122265	2105.540984	14.904115	-0.087187	2.689240
490.044835	2105.205218	14.909120	-0.087173	2.689060
490.151847	2105.158686	14.914125	-0.087192	2.689055
489.982082	2105.230316	14.919130	-0.087162	2.689062
490.126744	2105.150815	14.924135	-0.087188	2.689047
490.050576	2105.194357	14.929139	-0.087174	2.689056
490.195863	2105.156204	14.934144	-0.087200	2.689061
490.236063	2105.124233	14.939149	-0.087207	2.689052
490.338315	2105.099473	14.944154	-0.087226	2.689057
490.316170	2105.090617	14.949159	-0.087222	2.689049
490.272741	2105.104751	14.954163	-0.087214	2.689049
490.177762	2105.143992	14.959168	-0.087197	2.689052
490.310278	2104.576203	14.964173	-0.087221	2.688793
490.436926	2104.444277	14.969178	-0.087243	2.688749
490.311798	2104.474265	14.974183	-0.087221	2.688743
490.316795	2104.485763	14.979187	-0.087222	2.688750
490.160673	2104.542675	14.984192	-0.087194	2.688751
490.298560	2104.481852	14.989197	-0.087219	2.688745
490.278659	2103.915649	14.994202	-0.087215	2.688460
490.130111	2103.904507	14.999207	-0.087188	2.688430
490.162337	2103.889734	15.004211	-0.087194	2.688428
490.246759	2103.862854	15.009216	-0.087209	2.688429
490.290926	2103.850941	15.014221	-0.087217	2.688430
490.176745	2103.900500	15.019226	-0.087197	2.688436
490.074850	2103.926358	15.024231	-0.087179	2.688431
490.013756	2103.935175	15.029235	-0.087168	2.688425
489.815083	2104.016651	15.034240	-0.087132	2.688432
489.937255	2103.969363	15.039245	-0.087154	2.688430
490.053102	2103.921710	15.044250	-0.087175	2.688425
489.917760	2103.975326	15.049255	-0.087150	2.688429
489.903017	2103.985990	15.054259	-0.087148	2.688432
489.997863	2103.947377	15.059264	-0.087165	2.688429

490.042420	2103.922739	15.064269	-0.087173	2.688424
490.063962	2103.436294	15.069274	-0.087177	2.688187
490.140426	2102.858171	15.074279	-0.087190	2.687913
490.005352	2102.139408	15.079283	-0.087166	2.687534
489.937047	2101.232521	15.084288	-0.087154	2.687072
489.845002	2100.196730	15.089293	-0.087137	2.686543
489.999752	2098.870150	15.094298	-0.087165	2.685910
489.990702	2097.291537	15.099303	-0.087163	2.685125
489.915347	2095.627857	15.104307	-0.087149	2.684286
489.820856	2093.802192	15.109312	-0.087132	2.683363
489.857222	2091.769256	15.114317	-0.087138	2.682359
489.734698	2089.636137	15.119322	-0.087116	2.681278
489.711942	2087.227004	15.124327	-0.087112	2.680076
489.647552	2084.700788	15.129331	-0.087100	2.678808
489.469788	2082.100335	15.134336	-0.087068	2.677484
489.317354	2079.304576	15.139341	-0.087040	2.676065
489.387780	2076.289629	15.144346	-0.087052	2.674575
489.211803	2073.162624	15.149351	-0.087021	2.672986
489.127219	2069.959426	15.154355	-0.087005	2.671373
488.871301	2066.592878	15.159360	-0.086959	2.669649
488.726471	2063.061968	15.164365	-0.086932	2.667861
488.710918	2059.399419	15.169370	-0.086929	2.666027
488.472629	2055.623356	15.174375	-0.086886	2.664097
488.336460	2051.716106	15.179379	-0.086861	2.662118
488.321438	2047.606573	15.184384	-0.086858	2.660056
488.095757	2043.425393	15.189389	-0.086817	2.657921
488.104417	2039.060538	15.194394	-0.086818	2.655732
487.840129	2034.565273	15.199399	-0.086770	2.653429
488.011046	2029.851794	15.204403	-0.086800	2.651089
488.074742	2024.844799	15.209408	-0.086811	2.648581
487.836669	2019.825690	15.214413	-0.086768	2.646012
487.801880	2014.585622	15.219418	-0.086761	2.643365
487.472714	2009.367349	15.224423	-0.086702	2.640675
487.402171	2003.945120	15.229427	-0.086688	2.637923
487.180782	1998.462494	15.234432	-0.086648	2.635112
487.031804	1992.832175	15.239437	-0.086621	2.632236
486.880346	1987.084279	15.244442	-0.086593	2.629297
486.593233	1981.230545	15.249447	-0.086541	2.626277
486.430092	1975.266800	15.254451	-0.086511	2.623219
486.317138	1969.200831	15.259456	-0.086490	2.620114
485.945884	1963.110581	15.264461	-0.086423	2.616948
485.863036	1956.804149	15.269466	-0.086407	2.613719
485.595388	1950.487604	15.274471	-0.086358	2.610448
485.553662	1943.939561	15.279475	-0.086350	2.607094
485.309175	1937.331467	15.284480	-0.086306	2.603669
485.136146	1930.615066	15.289485	-0.086274	2.600196
484.928316	1923.835565	15.294490	-0.086236	2.596681
484.681920	1916.915995	15.299495	-0.086191	2.593082
484.356165	1910.019995	15.304499	-0.086132	2.589475
484.225312	1902.958440	15.309504	-0.086107	2.585813
484.006483	1895.764495	15.314509	-0.086067	2.582062
483.889577	1888.488577	15.319514	-0.086046	2.578281
483.548753	1881.150829	15.324519	-0.085984	2.574423
483.163088	1873.680111	15.329523	-0.085914	2.570481
482.936061	1866.201380	15.334528	-0.085872	2.566558
482.800524	1858.586762	15.339533	-0.085847	2.562574
482.556166	1850.937379	15.344538	-0.085802	2.558547
482.098277	1843.267308	15.349543	-0.085720	2.554463
481.656858	1835.672275	15.354547	-0.085640	2.550416
481.394393	1827.948531	15.359552	-0.085592	2.546326
481.255767	1820.073852	15.364557	-0.085566	2.542174
481.124683	1812.096042	15.369562	-0.085542	2.537962
480.787566	1804.057966	15.374567	-0.085480	2.533673
480.419947	1796.047405	15.379571	-0.085413	2.529386
480.179101	1787.899304	15.384576	-0.085369	2.525043
479.987173	1779.669318	15.389581	-0.085334	2.520657
479.836674	1771.304184	15.394586	-0.085306	2.516200
479.444950	1762.985887	15.399591	-0.085235	2.511715
478.953545	1754.661311	15.404595	-0.085146	2.507200
478.780133	1746.233177	15.409600	-0.085114	2.502681
478.433029	1737.739356	15.414605	-0.085051	2.498086
478.150725	1729.222204	15.419610	-0.084999	2.493483
477.898369	1720.611238	15.424615	-0.084953	2.488826
477.584224	1711.930419	15.429619	-0.084896	2.484111
477.325359	1703.192757	15.434624	-0.084848	2.479367
477.229520	1694.334371	15.439629	-0.084830	2.474579
476.966033	1685.422268	15.444634	-0.084782	2.469722
476.498850	1676.538079	15.449639	-0.084697	2.464831
476.414385	1667.479064	15.454643	-0.084681	2.459909
476.012694	1658.440931	15.459648	-0.084608	2.454927
475.519831	1649.473467	15.464653	-0.084519	2.449956
475.131675	1640.418629	15.469658	-0.084448	2.444948
474.765169	1631.363156	15.474663	-0.084381	2.439932
474.638178	1622.134809	15.479667	-0.084357	2.434858
474.237906	1613.017713	15.484672	-0.084285	2.429782
473.893833	1603.777119	15.489677	-0.084222	2.424638
473.642901	1594.456506	15.494682	-0.084176	2.419456
473.221422	1585.175755	15.499687	-0.084099	2.414253
472.901440	1575.795858	15.504691	-0.084041	2.409002
472.762185	1566.325531	15.509696	-0.084015	2.403726
472.393843	1556.855415	15.514701	-0.083948	2.398393
472.165084	1547.332668	15.519706	-0.083906	2.393046
471.745945	1537.823839	15.524711	-0.083830	2.387658
471.411651	1528.245806	15.529715	-0.083769	2.382235
470.963397	1518.730471	15.534720	-0.083687	2.376812
470.681100	1509.112911	15.539725	-0.083636	2.371352
470.349249	1499.472338	15.544730	-0.083575	2.365857
469.931723	1489.840319	15.549735	-0.083499	2.360336
469.581087	1480.160680	15.554739	-0.083435	2.354789
469.147787	1470.549148	15.559744	-0.083356	2.349250
468.809651	1460.850631	15.564749	-0.083295	2.343669
468.624545	1451.055621	15.569754	-0.083260	2.338049
468.268257	1441.269098	15.574759	-0.083195	2.332387
467.955907	1431.426014	15.579763	-0.083138	2.326686
467.575669	1421.577680	15.584768	-0.083069	2.320955
467.237321	1411.714514	15.589773	-0.083007	2.315210
466.882463	1401.833804	15.594778	-0.082943	2.309436
466.502479	1391.933892	15.599783	-0.082873	2.303632
466.076351	1382.047210	15.604787	-0.082796	2.297811
465.631158	1372.210153	15.609792	-0.082715	2.292000
465.268151	1362.285647	15.614797	-0.082649	2.286141
464.950468	1352.347826	15.619802	-0.082591	2.280267
464.573345	1342.412695	15.624807	-0.082522	2.274368
464.179162	1332.463533	15.629811	-0.082450	2.268441
463.898930	1322.466234	15.634816	-0.082399	2.262495
463.303863	1312.580556	15.639821	-0.082291	2.256532
463.001835	1302.560043	15.644826	-0.082236	2.250535
462.503700	1292.632438	15.649831	-0.082146	2.244535
462.135437	1282.659748	15.654835	-0.082079	2.238521
461.842969	1272.692451	15.659840	-0.082025	2.232509
461.242412	1262.780732	15.664845	-0.081916	2.226448
461.063231	1252.778881	15.669850	-0.081883	2.220408
460.646454	1242.778612	15.674855	-0.081807	2.214300
460.239634	1232.770097	15.679859	-0.081733	2.208172
459.914894	1222.748569	15.684864	-0.081674	2.202037
459.351990	1212.800503	15.689869	-0.081572	2.195878
459.082071	1202.794467	15.694874	-0.081522	2.189730
458.675383	1192.792527	15.699879	-0.081448	2.183537
458.320024	1182.769538	15.704883	-0.081384	2.177324
458.019716	1172.706597	15.709888	-0.081329	2.171082
457.541888	1162.671829	15.714893	-0.081242	2.164799
457.268921	1152.578331	15.719898	-0.081192	2.158507
456.795670	1142.587698	15.724903	-0.081106	2.152216
456.383113	1132.516954	15.729907	-0.081031	2.145869
455.837290	1122.590863	15.734912	-0.080932	2.139564
455.252997	1112.698676	15.739917	-0.080826	2.133252
454.942730	1102.723971	15.744922	-0.080769	2.126933
454.561181	1092.760790	15.749927	-0.080700	2.120585
454.183090	1082.806207	15.754931	-0.080631	2.114224
453.675242	1072.925995	15.759936	-0.080539	2.107861
453.305214	1062.982076	15.764941	-0.080471	2.101471
452.967446	1052.992166	15.769946	-0.080410	2.095039
452.479326	1043.052251	15.774951	-0.080321	2.088583
451.994547	1033.170106	15.779955	-0.080233	2.082145
451.660666	1023.275907	15.784960	-0.080172	2.075716
451.332139	1013.327139	15.789965	-0.080112	2.069232
450.861851	1003.466353	15.794970	-0.080027	2.062750
450.434848	993.583809	15.799975	-0.079949	2.056245
449.881316	983.763315	15.804979	-0.079849	2.049728
449.573496	973.914833	15.809984	-0.079793	2.043232
449.074388	964.091346	15.814989	-0.079702	2.036685
448.612822	954.312952	15.819994	-0.079618	2.030155
448.249197	944.530048	15.824999	-0.079552	2.023625
447.741606	934.789844	15.830003	-0.079460	2.017067
447.412069	924.960463	15.835008	-0.079400	2.010472
446.830822	915.275618	15.840013	-0.079295	2.003889
446.215809	905.683705	15.845018	-0.079184	1.997338
445.801481	896.040482	15.850023	-0.079108	1.990780
445.407221	886.397400	15.855027	-0.079037	1.984206
445.166199	876.708454	15.860032	-0.078992	1.977618
444.720090	867.050246	15.865037	-0.078911	1.970976
444.251332	857.456704	15.870042	-0.078826	1.964351
443.590503	847.957018	15.875047	-0.078707	1.957717
443.116476	838.450932	15.880051	-0.078621	1.951105
442.793787	828.925982	15.885056	-0.078562	1.944495
442.117710	819.551663	15.890061	-0.078440	1.937876
441.804554	810.080704	15.895066	-0.078382	1.931260
441.220823	800.710862	15.900071	-0.078277	1.924622
440.658826	791.376510	15.905075	-0.078175	1.917991
440.241788	782.060281	15.910080	-0.078099	1.911388
439.794464	772.734794	15.915085	-0.078018	1.904747
439.379269	763.434306	15.920090	-0.077943	1.898108
438.914455	754.166596	15.925095	-0.077858	1.891456
438.395696	744.956220	15.930099	-0.077765	1.884807
437.810391	735.809659	15.935104	-0.077659	1.878162
437.060082	726.805431	15.940109	-0.077523	1.871550
436.745358	717.705831	15.945114	-0.077466	1.864963
436.277955	708.669084	15.950119	-0.077381	1.858357
435.833168	699.615818	15.955123	-0.077300	1.851721
435.249611	690.658737	15.960128	-0.077195	1.845093
434.759359	681.739902	15.965133	-0.077106	1.838495
434.252247	672.835196	15.970138	-0.077014	1.831878
433.660238	664.034144	15.975143	-0.076907	1.825289
433.146508	655.234014	15.980147	-0.076814	1.818699
432.539682	646.528897	15.985152	-0.076705	1.812128
432.276858	637.720801	15.990157	-0.076657	1.805554
431.944264	628.909302	15.995162	-0.076596	1.798933
431.321631	620.230785	16.000167	-0.076483	1.792305
430.449371	611.759616	16.005171	-0.076326	1.785737
429.971131	603.209258	16.010176	-0.076240	1.779196
429.399798	594.707956	16.015181	-0.076136	1.772642
428.888365	586.249003	16.020186	-0.076044	1.766112
428.178628	577.945928	16.025191	-0.075916	1.759619
427.631809	569.637321	16.030195	-0.075817	1.753145
427.093344	561.390451	16.035200	-0.075720	1.746696
426.417008	553.242157	16.040205	-0.075598	1.740259
425.834511	545.109797	16.045210	-0.075492	1.733837
425.352252	537.002566	16.050215	-0.075405	1.727440
424.688330	528.999500	16.055219	-0.075285	1.721046
424.216589	521.017722	16.060224	-0.075200	1.714702
423.424440	513.164112	16.065229	-0.075057	1.708339
422.958160	505.289418	16.070234	-0.074973	1.702033
422.225142	497.565390	16.075239	-0.074841	1.695741
421.395100	489.936927	16.080243	-0.074691	1.689473
420.805533	482.360180	16.085248	-0.074585	1.683294
420.052915	474.901934	16.090253	-0.074449	1.677138
419.531443	467.425482	16.095258	-0.074355	1.671014
418.947639	460.029535	16.100263	-0.074250	1.664913
418.077709	452.787934	16.105267	-0.074093	1.658826
417.438597	445.565700	16.110272	-0.073978	1.652804
416.765257	438.435350	16.115277	-0.073857	1.646822
416.101147	431.363208	16.120282	-0.073737	1.640870
415.518055	424.313556	16.125287	-0.073632	1.634939
414.690288	417.446852	16.130291	-0.073483	1.629059
414.140975	410.557232	16.135296	-0.073384	1.623227
413.398886	403.755688	16.140301	-0.073250	1.617385
412.518490	397.130019	16.145306	-0.073092	1.611624
411.837249	390.536365	16.150311	-0.072969	1.605932
410.985539	384.065025	16.155315	-0.072816	1.600266
410.442473	377.599087	16.160320	-0.072718	1.594685
409.694378	371.237141	16.165325	-0.072583	1.589105
409.096914	364.892816	16.170330	-0.072476	1.583569
408.202634	358.742807	16.175335	-0.072315	1.578081
407.410697	352.651026	16.180339	-0.072172	1.572656
406.808761	346.579775	16.185344	-0.072064	1.567293
406.000175	340.629930	16.190349	-0.071919	1.561946
405.324873	334.743668	16.195354	-0.071797	1.556680
404.631959	328.895131	16.200359	-0.071672	1.551422
403.764092	323.224393	16.205363	-0.071516	1.546241
403.257934	317.473693	16.210368	-0.071425	1.541095
402.446144	311.894132	16.215373	-0.071279	1.535977
401.602390	306.403268	16.220378	-0.071128	1.530909
400.881862	300.973583	16.225383	-0.070998	1.525919
399.969581	295.689249	16.230387	-0.070834	1.520975
399.397073	290.385993	16.235392	-0.070731	1.516114
398.808238	285.073881	16.240397	-0.070625	1.511223
397.976811	279.968340	16.245402	-0.070476	1.506417
397.243112	274.893015	16.250407	-0.070344	1.501655
396.203675	270.019294	16.255411	-0.070157	1.496953
395.599040	265.077877	16.260416	-0.070048	1.492325
394.915515	260.227162	16.265421	-0.069926	1.487737
394.093502	255.501815	16.270426	-0.069778	1.483200
393.354197	250.837920	16.275431	-0.069645	1.478733
392.529530	246.241866	16.280435	-0.069497	1.474283
391.912585	241.669710	16.285440	-0.069386	1.469915
391.203101	237.173042	16.290445	-0.069259	1.465570
390.442628	232.756365	16.295450	-0.069122	1.461266
389.787406	228.333796	16.300455	-0.069004	1.456982
388.783559	224.111550	16.305459	-0.068824	1.452745
388.118676	219.934561	16.310464	-0.068705	1.448659
387.646161	215.670000	16.315469	-0.068620	1.444549
386.915999	211.538665	16.320474	-0.068488	1.440458
386.228558	207.453393	16.325479	-0.068365	1.436413
385.137754	203.590046	16.330483	-0.068169	1.432418
384.619472	199.658815	16.335488	-0.068076	1.428556
383.965632	195.753323	16.340493	-0.067959	1.424658
382.957995	192.077150	16.345498	-0.067778	1.420836
382.414113	188.296288	16.350503	-0.067680	1.417075
381.585637	184.663497	16.355507	-0.067531	1.413338
381.105853	180.965589	16.360512	-0.067445	1.409659
380.377900	177.379500	16.365517	-0.067315	1.405984
379.376149	173.980907	16.370522	-0.067135	1.402377
378.764867	170.548831	16.375527	-0.067025	1.398874
377.914291	167.208251	16.380531	-0.066873	1.395360
377.301008	163.871156	16.385536	-0.066762	1.391929
376.542521	160.629920	16.390541	-0.066626	1.388527
375.727912	157.478552	16.395546	-0.066480	1.385183
375.133169	154.297497	16.400551	-0.066373	1.381885
374.498587	151.161151	16.405555	-0.066259	1.378606
373.827867	148.078044	16.410560	-0.066139	1.375359
372.912039	145.133716	16.415565	-0.065975	1.372145
371.867776	142.403238	16.420570	-0.065788	1.369083
371.569588	139.399215	16.425575	-0.065734	1.366032
371.048660	136.443552	16.430579	-0.065640	1.362936
370.405342	133.632335	16.435584	-0.065525	1.359928
369.611582	130.845754	16.440589	-0.065383	1.356880
368.661754	128.252577	16.445594	-0.065212	1.353955
368.278996	125.470096	16.450599	-0.065144	1.351056
367.548700	122.815378	16.455603	-0.065013	1.348142
366.602547	120.386269	16.460608	-0.064843	1.345363
365.911125	117.859349	16.465613	-0.064719	1.342579
364.735468	115.673292	16.470618	-0.064508	1.339941
364.346816	113.210076	16.475623	-0.064439	1.337328
363.680774	110.845312	16.480627	-0.064319	1.334700
362.807540	108.634689	16.485632	-0.064163	1.332140
361.777652	106.596008	16.490637	-0.063978	1.329686
360.314624	104.863300	16.495642	-0.063716	1.327365
359.818669	102.883497	16.500647	-0.063627	1.325172
358.296068	101.340244	16.505651	-0.063355	1.323011
357.832599	99.576452	16.510656	-0.063272	1.321043
357.423361	97.737402	16.515661	-0.063198	1.319016
356.056820	96.325186	16.520666	-0.062953	1.317040
355.710891	94.642925	16.525671	-0.062891	1.315192
354.514762	93.269472	16.530675	-0.062677	1.313317
353.320656	92.121400	16.535680	-0.062463	1.311670
352.904995	90.693244	16.540685	-0.062389	1.310046
351.623875	89.674845	16.545690	-0.062160	1.308493
351.507101	88.247755	16.550695	-0.062139	1.306986
351.062023	86.931981	16.555699	-0.062059	1.305459
350.746010	85.514579	16.560704	-0.062002	1.303879
349.932433	84.279538	16.565709	-0.061856	1.302283
348.241642	83.574606	16.570714	-0.061554	1.300877
348.183434	82.304961	16.575719	-0.061543	1.299547
347.760900	81.112235	16.580723	-0.061467	1.298148
347.374881	79.911820	16.585728	-0.061398	1.296754
347.112708	78.627419	16.590733	-0.061351	1.295322
345.260661	78.048407	16.595738	-0.061020	1.293972
345.158851	76.900715	16.600743	-0.061001	1.292744
344.756669	75.847852	16.605747	-0.060929	1.291490
344.497205	74.704955	16.610752	-0.060883	1.290200
344.176820	73.535807	16.615757	-0.060825	1.288856
342.393631	72.978876	16.620762	-0.060506	1.287550
341.940459	72.163892	16.625767	-0.060425	1.286518
341.724747	71.151391	16.630771	-0.060386	1.285376
341.315504	70.174888	16.635776	-0.060313	1.284192
341.117729	69.090010	16.640781	-0.060278	1.282980
339.439413	68.638367	16.645786	-0.059977	1.281821
338.734077	68.031468	16.650791	-0.059851	1.280898
338.344970	67.230657	16.655795	-0.059781	1.279901
338.178088	66.338332	16.660800	-0.059751	1.278899
338.012332	65.357713	16.665805	-0.059722	1.277805
338.016331	64.263817	16.670810	-0.059722	1.276660
337.777704	63.189963	16.675815	-0.059679	1.275436
337.205957	62.174322	16.680819	-0.059577	1.274133
335.207213	61.916826	16.685824	-0.059219	1.273038
335.085225	61.043036	16.690829	-0.059197	1.272068
334.867230	60.176990	16.695834	-0.059158	1.271067
334.692709	59.174865	16.700839	-0.059127	1.269939
334.410854	58.195903	16.705843	-0.059076	1.268790
333.284838	57.544531	16.710848	-0.058875	1.267635
332.827574	56.771108	16.715853	-0.058793	1.266629
331.599058	56.285374	16.720858	-0.058573	1.265605
331.218449	55.575366	16.725863	-0.058505	1.264695
330.887422	54.808108	16.730867	-0.058446	1.263745
330.939191	53.829570	16.735872	-0.058455	1.262730
330.746255	52.921153	16.740877	-0.058420	1.261686
330.429397	51.972093	16.745882	-0.058363	1.260547
330.149309	50.960582	16.750887	-0.058313	1.259355
329.371650	50.102747	16.755891	-0.058174	1.258118
328.230969	49.561093	16.760896	-0.057970	1.257064
328.083337	48.630362	16.765901	-0.057943	1.256010
327.735431	47.747553	16.770906	-0.057881	1.254923
327.561953	46.736727	16.775911	-0.057850	1.253771
326.524050	46.021070	16.780915	-0.057664	1.252571
325.207573	45.694138	16.785920	-0.057429	1.251668
324.833399	44.983962	16.790925	-0.057361	1.250750
324.594819	44.154705	16.795930	-0.057319	1.249762
324.506688	43.252506	16.800935	-0.057303	1.248758
324.503460	42.199670	16.805939	-0.057302	1.247627
323.252470	41.723528	16.810944	-0.057078	1.246588
322.856801	40.909409	16.815949	-0.057007	1.245546
321.273736	40.636049	16.820954	-0.056724	1.244582
320.853196	40.062808	16.825959	-0.056649	1.243787
320.575867	39.394560	16.830963	-0.056599	1.242950
320.519613	38.604856	16.835968	-0.056589	1.242075
320.326743	37.797366	16.840973	-0.056554	1.241123
320.093957	36.910055	16.845978	-0.056513	1.240066
319.635077	36.107614	16.850983	-0.056430	1.239004
318.240820	35.689458	16.855987	-0.056181	1.237959
316.812124	35.546340	16.860992	-0.055925	1.237195
316.470080	35.054840	16.865997	-0.055864	1.236518
316.338339	34.365057	16.871002	-0.055841	1.235714
316.072198	33.722710	16.876007	-0.055793	1.234904
315.838506	33.000398	16.881011	-0.055751	1.234021
314.326252	32.801894	16.886016	-0.055480	1.233159
313.627973	32.474140	16.891021	-0.055355	1.232504
313.572757	31.916720	16.896026	-0.055345	1.231875
313.329694	31.298104	16.901031	-0.055302	1.231098
313.344683	30.512908	16.906035	-0.055305	1.230250
311.740137	30.388405	16.911040	-0.055017	1.229427
311.182207	30.004853	16.916045	-0.054918	1.228769
310.811226	29.524161	16.921050	-0.054851	1.228086
310.708785	28.927236	16.926055	-0.054833	1.227391
310.413986	28.366923	16.931059	-0.054780	1.226653
309.999746	27.750636	16.936064	-0.054706	1.225801
309.180227	27.370050	16.941069	-0.054559	1.225033
309.028725	26.708740	16.946074	-0.054532	1.224244
308.664016	26.108810	16.951079	-0.054467	1.223430
308.084041	25.551824	16.956083	-0.054363	1.222570
305.846314	25.875765	16.961088	-0.053963	1.221959
305.762460	25.447097	16.966093	-0.053947	1.221453
305.427859	25.033704	16.971098	-0.053888	1.220855
305.300152	24.501644	16.976103	-0.053865	1.220216
304.901278	24.058788	16.981107	-0.053793	1.219557
304.782751	23.460740	16.986112	-0.053772	1.218848
304.696249	22.763850	16.991117	-0.053756	1.218045
304.182566	22.233281	16.996122	-0.053664	1.217239
302.927125	22.040914	17.001127	-0.053440	1.216482
302.791667	21.441218	17.006131	-0.053416	1.215763
301.085874	21.485561	17.011136	-0.053110	1.215071
300.623941	21.267289	17.016141	-0.053028	1.214629
300.475712	20.800208	17.021146	-0.053001	1.214049
300.284318	20.336401	17.026151	-0.052967	1.213454
300.121343	19.784280	17.031155	-0.052938	1.212774
299.807550	19.286399	17.036160	-0.052881	1.212087
299.730468	18.648675	17.041165	-0.052868	1.211348
299.486613	17.954047	17.046170	-0.052824	1.210474
298.499842	17.577292	17.051175	-0.052647	1.209626
298.002213	17.094267	17.056179	-0.052558	1.208873
296.694175	16.942283	17.061184	-0.052324	1.208133
296.225346	16.602774	17.066189	-0.052240	1.207551
296.019733	16.159220	17.071194	-0.052203	1.206969
295.735977	15.636830	17.076199	-0.052153	1.206265
295.355448	15.123634	17.081203	-0.052085	1.205528
293.657729	15.202320	17.086208	-0.051781	1.204871
292.951403	15.074806	17.091213	-0.051654	1.204419
292.869359	14.669835	17.096218	-0.051640	1.203933
292.858988	14.161195	17.101223	-0.051638	1.203362
292.597111	13.660517	17.106227	-0.051591	1.202689
292.311545	13.231572	17.111232	-0.051540	1.202086
292.113769	12.654471	17.116237	-0.051504	1.201356
291.640171	12.117575	17.121242	-0.051420	1.200548
289.973601	12.179179	17.126247	-0.051121	1.199883
289.823837	11.722905	17.131251	-0.051095	1.199307
289.598157	11.239932	17.136256	-0.051054	1.198668
289.372520	10.734085	17.141261	-0.051014	1.198003
289.031244	10.235364	17.146266	-0.050953	1.197294
287.736874	10.149973	17.151271	-0.050721	1.196627
287.394036	9.739290	17.156275	-0.050660	1.196015
286.804982	9.415003	17.161280	-0.050554	1.195391
286.343159	9.078871	17.166285	-0.050472	1.194810
286.092627	8.614116	17.171290	-0.050427	1.194178
285.337790	8.338229	17.176295	-0.050292	1.193534
284.731309	8.059349	17.181299	-0.050183	1.192952
284.398408	7.708992	17.186304	-0.050124	1.192411
284.087870	7.313175	17.191309	-0.050068	1.191828
283.349619	7.025973	17.196314	-0.049936	1.191177
282.738611	6.747325	17.201319	-0.049827	1.190592
282.187878	6.482994	17.206323	-0.049728	1.190050
281.322842	6.350677	17.211328	-0.049573	1.189516
281.115811	5.984553	17.216333	-0.049536	1.189011
280.797127	5.619105	17.221338	-0.049479	1.188457
280.448573	5.232896	17.226343	-0.049417	1.187867
279.797109	5.023541	17.231347	-0.049300	1.187340
279.208221	4.734545	17.236352	-0.049195	1.186751
278.704039	4.459140	17.241357	-0.049104	1.186215
278.608716	3.977485	17.246362	-0.049087	1.185628
277.777972	3.777960	17.251367	-0.048939	1.185032
277.146648	3.582116	17.256371	-0.048826	1.184528
276.375895	3.374181	17.261376	-0.048688	1.183949
275.840099	3.232634	17.266381	-0.048592	1.183549
275.488095	2.907092	17.271386	-0.048529	1.183022
275.400011	2.523245	17.276391	-0.048513	1.182548
274.739817	2.360309	17.281395	-0.048395	1.182068
273.963718	2.155005	17.286400	-0.048256	1.181487
273.512998	1.927066	17.291405	-0.048176	1.181027
273.033588	1.668491	17.296410	-0.048090	1.180518
272.078116	1.645036	17.301415	-0.047919	1.180063
271.566813	1.493202	17.306419	-0.047827	1.179661
271.102328	1.336872	17.311424	-0.047744	1.179275
271.009712	0.999641	17.316429	-0.047728	1.178850
270.844450	0.597732	17.321434	-0.047698	1.178318
269.787424	0.558708	17.326439	-0.047509	1.177799
269.306300	0.412608	17.331443	-0.047423	1.177416
268.939692	0.189036	17.336448	-0.047357	1.176997
268.576144	-0.083077	17.341453	-0.047292	1.176523
268.273195	-0.413055	17.346458	-0.047238	1.176010
267.573026	-0.572190	17.351463	-0.047113	1.175514
266.960399	-0.757166	17.356467	-0.047003	1.175026
266.398601	-0.912805	17.361472	-0.046903	1.174596
265.812048	-1.070064	17.366477	-0.046798	1.174151
265.142985	-1.184036	17.371482	-0.046678	1.173719
264.248278	-1.114496	17.376487	-0.046518	1.173395
263.897924	-1.264216	17.381491	-0.046455	1.173066
263.205765	-1.258497	17.386496	-0.046331	1.172759
262.883494	-1.369666	17.391501	-0.046274	1.172487
262.427216	-1.447809	17.396506	-0.046192	1.172191
261.680815	-1.426979	17.401511	-0.046059	1.171878
259.716876	-0.808529	17.406515	-0.045707	1.171697
259.157618	-0.579754	17.411520	-0.045607	1.171706
259.677819	-0.786326	17.416525	-0.045700	1.171705
259.060407	-0.796834	17.421530	-0.045590	1.171414
258.963513	-0.826814	17.426535	-0.045572	1.171336
257.795194	-0.601776	17.431539	-0.045364	1.171065
258.107216	-0.802278	17.436544	-0.045419	1.170976
257.442254	-0.736099	17.441549	-0.045300	1.170751
256.528088	-0.640118	17.446554	-0.045137	1.170447
256.893841	-0.904323	17.451559	-0.045202	1.170310
255.249955	-0.412210	17.456563	-0.044908	1.170129
255.556331	-0.687504	17.461568	-0.044963	1.169953
255.567170	-0.919490	17.466573	-0.044965	1.169692
254.243657	-0.581871	17.471578	-0.044728	1.169479
253.912387	-0.691120	17.476583	-0.044669	1.169204
253.233621	-0.576620	17.481587	-0.044548	1.169027
252.741389	-0.513308	17.486592	-0.044459	1.168877
252.731902	-0.726832	17.491597	-0.044458	1.168627
252.182333	-0.706151	17.496602	-0.044359	1.168402
251.718523	-0.696483	17.501607	-0.044276	1.168202
250.373932	-0.396452	17.506611	-0.044036	1.167937
250.764164	-0.653090	17.511616	-0.044106	1.167819
250.394763	-0.702931	17.516621	-0.044040	1.167594
249.439362	-0.517138	17.521626	-0.043869	1.167374
249.040113	-0.578594	17.526631	-0.043797	1.167122
248.518150	-0.498798	17.531635	-0.043704	1.166976
247.738374	-0.397722	17.536640	-0.043565	1.166738
248.091690	-0.734157	17.541645	-0.043628	1.166512
246.850382	-0.395081	17.546650	-0.043406	1.166338
246.375768	-0.415940	17.551655	-0.043321	1.166098
245.823411	-0.385663	17.556659	-0.043222	1.165882
245.621774	-0.394091	17.561664	-0.043186	1.165780
245.396994	-0.526428	17.566669	-0.043146	1.165526
244.367198	-0.320442	17.571674	-0.042961	1.165294
244.673269	-0.587309	17.576679	-0.043016	1.165126
243.185953	-0.226175	17.581683	-0.042750	1.164865
243.231515	-0.399612	17.586688	-0.042758	1.164686
243.090734	-0.523538	17.591693	-0.042733	1.164479
241.480006	-0.113248	17.596698	-0.042445	1.164218
242.066346	-0.463160	17.601703	-0.042550	1.164082
241.042871	-0.211093	17.606707	-0.042367	1.163906
240.616540	-0.302613	17.611712	-0.042291	1.163607
241.180568	-0.718645	17.616717	-0.042391	1.163384
239.108760	-0.209952	17.621722	-0.042021	1.163026
239.131281	-0.264553	17.626727	-0.042025	1.162973
238.627446	-0.257284	17.631731	-0.041935	1.162752
238.471446	-0.296343	17.636736	-0.041907	1.162636
238.399070	-0.489374	17.641741	-0.041894	1.162380
236.959003	-0.163635	17.646746	-0.041636	1.162099
237.186386	-0.433049	17.651751	-0.041677	1.161891
236.284726	-0.284819	17.656755	-0.041516	1.161651
235.387614	-0.090501	17.661760	-0.041355	1.161466
235.912154	-0.496847	17.666765	-0.041449	1.161236
234.633065	-0.210029	17.671770	-0.041220	1.160983
234.256526	-0.191078	17.676775	-0.041153	1.160833
233.899354	-0.301019	17.681779	-0.041089	1.160542
233.483463	-0.310324	17.686784	-0.041015	1.160341
233.376008	-0.443936	17.691789	-0.040995	1.160138
232.054954	-0.114766	17.696794	-0.040759	1.159914
231.879637	-0.290406	17.701799	-0.040728	1.159631
231.574279	-0.334976	17.706803	-0.040673	1.159439
230.615900	-0.100347	17.711808	-0.040502	1.159272
230.812313	-0.415040	17.716813	-0.040537	1.158998
229.640423	-0.172128	17.721818	-0.040327	1.158743
229.872251	-0.383533	17.726823	-0.040369	1.158604
228.922775	-0.248037	17.731827	-0.040199	1.158326
228.013482	-0.121965	17.736832	-0.040036	1.158055
228.515249	-0.421950	17.741837	-0.040126	1.157938
226.716466	0.090100	17.746842	-0.039804	1.157707
227.885413	-0.501821	17.751847	-0.040013	1.157556
226.955547	-0.451970	17.756851	-0.039847	1.157188
225.929665	-0.207387	17.761856	-0.039663	1.157001
225.940418	-0.453407	17.766861	-0.039665	1.156721
224.165075	0.050517	17.771866	-0.039348	1.156490
225.024591	-0.377601	17.776871	-0.039501	1.156388
224.328370	-0.412343	17.781875	-0.039377	1.156028
222.806430	0.042580	17.786880	-0.039105	1.155857
223.501726	-0.349909	17.791885	-0.039229	1.155721
222.535409	-0.169896	17.796890	-0.039056	1.155486
222.601931	-0.429781	17.801895	-0.039068	1.155215
222.344725	-0.689284	17.806899	-0.039022	1.154795
220.393905	-0.077248	17.811904	-0.038673	1.154610
220.901791	-0.392865	17.816909	-0.038764	1.154476
219.206614	0.123537	17.821914	-0.038461	1.154297
219.741196	-0.138917	17.826919	-0.038556	1.154238
219.919581	-0.542969	17.831923	-0.038588	1.153850
218.600345	-0.200207	17.836928	-0.038352	1.153642
218.696723	-0.499812	17.841933	-0.038369	1.153337
217.454322	-0.254530	17.846938	-0.038147	1.153051
217.280163	-0.313164	17.851943	-0.038116	1.152902
216.751281	-0.280701	17.856947	-0.038021	1.152696
215.752949	-0.054290	17.861952	-0.037843	1.152500
216.639966	-0.565340	17.866957	-0.038001	1.152314
214.916329	-0.212113	17.871962	-0.037693	1.151931
214.916138	-0.287007	17.876967	-0.037693	1.151843
214.786458	-0.532493	17.881971	-0.037670	1.151497
213.318820	-0.178480	17.886976	-0.037407	1.151233
213.730996	-0.465814	17.891981	-0.037481	1.151088
212.287292	-0.046233	17.896986	-0.037223	1.150911
211.974966	-0.167210	17.901991	-0.037167	1.150626
212.350043	-0.467759	17.906995	-0.037234	1.150449
210.494232	0.123561	17.912000	-0.036902	1.150282
211.734880	-0.533955	17.917005	-0.037124	1.150087
210.319018	-0.313721	17.922010	-0.036871	1.149690
209.587331	-0.084630	17.927015	-0.036740	1.149620
209.465118	-0.266908	17.932019	-0.036718	1.149350
208.360260	-0.061544	17.937024	-0.036520	1.149080
209.194093	-0.490797	17.942029	-0.036670	1.148964
207.664759	-0.205973	17.947034	-0.036396	1.148589
206.937907	-0.068109	17.952039	-0.036266	1.148414
207.820284	-0.571928	17.957043	-0.036424	1.148233
206.114393	-0.134050	17.962048	-0.036119	1.147956
206.534811	-0.472206	17.967053	-0.036194	1.147755
205.350795	-0.297768	17.972058	-0.035982	1.147411
204.345851	-0.071271	17.977063	-0.035802	1.147211
205.611640	-0.691678	17.982067	-0.036029	1.147071
203.459115	-0.187917	17.987072	-0.035644	1.146663
203.761369	-0.377349	17.992077	-0.035698	1.146582
202.810471	-0.275036	17.997082	-0.035528	1.146261
202.477735	-0.217256	18.002087	-0.035468	1.146174
202.431027	-0.445860	18.007091	-0.035460	1.145885
200.891563	-0.062128	18.012096	-0.035184	1.145620
201.682760	-0.503415	18.017101	-0.035326	1.145470
200.857658	-0.465831	18.022106	-0.035178	1.145131
199.522374	-0.023391	18.027111	-0.034939	1.145030
199.959415	-0.465228	18.032115	-0.035018	1.144715
198.905484	-0.310114	18.037120	-0.034829	1.144408
199.010319	-0.440227	18.042125	-0.034848	1.144304
197.957734	-0.338990	18.047130	-0.034659	1.143933
196.841978	-0.047594	18.052135	-0.034460	1.143757
197.805891	-0.529478	18.057139	-0.034632	1.143639
196.504739	-0.234953	18.062144	-0.034400	1.143380
196.654729	-0.525633	18.067149	-0.034426	1.143109
195.793751	-0.497413	18.072154	-0.034272	1.142741
194.121157	0.029483	18.077159	-0.033973	1.142582
195.659767	-0.686194	18.082163	-0.034248	1.142457
193.983696	-0.236536	18.087168	-0.033949	1.142206
193.837226	-0.431703	18.092173	-0.033922	1.141908
193.659112	-0.585681	18.097178	-0.033890	1.141644
192.307420	-0.170991	18.102183	-0.033649	1.141502
192.475207	-0.451209	18.107187	-0.033679	1.141251
190.970175	-0.118370	18.112192	-0.033410	1.140941
191.599652	-0.433905	18.117197	-0.033522	1.140863
190.651939	-0.264212	18.122202	-0.033353	1.140621
189.085168	0.100669	18.127207	-0.033072	1.140320
190.781057	-0.610809	18.132211	-0.033376	1.140273
188.772718	-0.015702	18.137216	-0.033016	1.140038
188.761059	-0.204386	18.142221	-0.033014	1.139810
188.842281	-0.450729	18.147226	-0.033029	1.139557
186.889772	0.179304	18.152231	-0.032680	1.139389
187.871968	-0.381853	18.157235	-0.032855	1.139186
186.979673	-0.309977	18.162240	-0.032696	1.138854
186.313715	-0.147022	18.167245	-0.032577	1.138735
186.169507	-0.398608	18.172250	-0.032551	1.138371
184.844745	-0.069568	18.177255	-0.032314	1.138140
185.796306	-0.607249	18.182259	-0.032484	1.137950
183.463124	0.023827	18.187264	-0.032067	1.137605
183.546618	-0.001131	18.192269	-0.032082	1.137614
184.386202	-0.565440	18.197274	-0.032232	1.137340
182.466269	-0.121058	18.202279	-0.031888	1.136967
183.309559	-0.584145	18.207283	-0.032039	1.136815
181.333147	0.013244	18.212288	-0.031686	1.136596
180.544913	0.083792	18.217293	-0.031545	1.136310
182.042617	-0.622737	18.222298	-0.031812	1.136176
180.068356	-0.021641	18.227303	-0.031459	1.135962
180.676028	-0.542537	18.232307	-0.031568	1.135631
179.585069	-0.425413	18.237312	-0.031373	1.135258
178.213713	0.113764	18.242317	-0.031128	1.135254
178.973431	-0.424051	18.247322	-0.031263	1.134973
177.569514	-0.090497	18.252327	-0.031012	1.134710
177.977015	-0.399942	18.257331	-0.031085	1.134535
176.759484	-0.198607	18.262336	-0.030867	1.134202
175.855986	0.063214	18.267341	-0.030706	1.134088
176.744276	-0.436832	18.272346	-0.030865	1.133913
175.132318	-0.079955	18.277351	-0.030576	1.133579
175.360850	-0.276893	18.282355	-0.030617	1.133453
174.622163	-0.253251	18.287360	-0.030485	1.133134
173.508893	0.011225	18.292365	-0.030286	1.132925
174.416021	-0.464957	18.297370	-0.030448	1.132786
172.451695	0.162066	18.302375	-0.030097	1.132607
173.086264	-0.300316	18.307379	-0.030210	1.132357
172.496617	-0.342056	18.312384	-0.030105	1.132030
171.401719	-0.088856	18.317389	-0.029909	1.131816
171.921601	-0.541617	18.322394	-0.030002	1.131523
170.010402	0.046919	18.327399	-0.029660	1.131322
170.015842	-0.165756	18.332403	-0.029661	1.131072
170.196410	-0.436396	18.337408	-0.029693	1.130836
168.396397	0.156957	18.342413	-0.029371	1.130694
169.232118	-0.398478	18.347418	-0.029521	1.130427
168.054769	-0.187394	18.352423	-0.029310	1.130123
167.846550	-0.179425	18.357427	-0.029273	1.130035
167.451301	-0.347536	18.362432	-0.029202	1.129649
166.299654	-0.062935	18.367437	-0.028996	1.129444
166.959214	-0.507753	18.372442	-0.029114	1.129226
164.873646	0.027463	18.377447	-0.028741	1.128880
165.301514	-0.201723	18.382451	-0.028818	1.128809
165.330234	-0.427324	18.387456	-0.028823	1.128554
163.603170	0.031328	18.392461	-0.028514	1.128285
164.713774	-0.547980	18.397466	-0.028713	1.128119
163.105511	-0.133669	18.402471	-0.028425	1.127853
162.784773	-0.195612	18.407475	-0.028368	1.127628
163.017098	-0.513558	18.412480	-0.028409	1.127359
160.990559	-0.014943	18.417485	-0.028047	1.126996
162.114520	-0.531684	18.422490	-0.028248	1.126911
160.504486	-0.099956	18.427495	-0.027960	1.126665
160.246889	-0.210700	18.432499	-0.027914	1.126411
160.518016	-0.532914	18.437504	-0.027962	1.126155
158.694618	0.087670	18.442509	-0.027636	1.126033
158.956068	-0.277954	18.447514	-0.027683	1.125720
158.394305	-0.267591	18.452519	-0.027582	1.125467
157.693517	-0.048745	18.457523	-0.027457	1.125397
157.375435	-0.165244	18.462528	-0.027400	1.125107
156.869252	-0.172398	18.467533	-0.027309	1.124859
157.912225	-0.813478	18.472538	-0.027496	1.124587
155.147054	-0.080130	18.477543	-0.027001	1.124153
154.564200	0.145068	18.482547	-0.026897	1.124146
155.618089	-0.411715	18.487552	-0.027086	1.123980
154.218655	-0.076734	18.492557	-0.026835	1.123717
154.600607	-0.441422	18.497562	-0.026904	1.123462
153.658188	-0.415159	18.502567	-0.026735	1.123047
152.460437	-0.056631	18.507571	-0.026521	1.122908
153.116452	-0.441917	18.512576	-0.026638	1.122758
151.681704	-0.080726	18.517581	-0.026381	1.122509
151.689122	-0.216941	18.522586	-0.026383	1.122350
150.860742	-0.151527	18.527591	-0.026235	1.122035
150.601611	-0.172080	18.532595	-0.026188	1.121887
151.135686	-0.645540	18.537600	-0.026284	1.121573
148.847968	-0.108801	18.542605	-0.025874	1.121130
149.089146	-0.239686	18.547610	-0.025918	1.121087
148.376682	-0.187676	18.552615	-0.025790	1.120811
147.934728	-0.065234	18.557619	-0.025711	1.120748
147.930177	-0.318891	18.562624	-0.025710	1.120441
146.498115	0.024142	18.567629	-0.025454	1.120172
147.189852	-0.329249	18.572634	-0.025578	1.120077
146.349821	-0.309829	18.577639	-0.025428	1.119700
144.735722	0.184353	18.582643	-0.025139	1.119526
145.642060	-0.331766	18.587648	-0.025301	1.119337
144.366594	0.018964	18.592653	-0.025073	1.119151
143.791519	0.036842	18.597658	-0.024970	1.118899
144.586189	-0.477917	18.602663	-0.025112	1.118659
143.464859	-0.305334	18.607667	-0.024911	1.118332
143.009853	-0.371222	18.612672	-0.024830	1.118036
141.453340	0.063765	18.617677	-0.024552	1.117817
141.588373	-0.087549	18.622682	-0.024576	1.117699
142.073095	-0.481118	18.627687	-0.024663	1.117457
140.386482	-0.103103	18.632691	-0.024361	1.117107
140.668886	-0.331834	18.637696	-0.024411	1.116966
139.340083	0.005195	18.642701	-0.024174	1.116738
139.591230	-0.304608	18.647706	-0.024219	1.116485
139.194414	-0.396095	18.652711	-0.024148	1.116185
137.865592	-0.011555	18.657715	-0.023910	1.116014
137.678628	-0.122795	18.662720	-0.023876	1.115790
136.700149	0.041027	18.667725	-0.023701	1.115520
137.313045	-0.270148	18.672730	-0.023811	1.115438
136.757025	-0.382381	18.677735	-0.023712	1.115037
135.114963	0.113533	18.682739	-0.023418	1.114850
136.029124	-0.397906	18.687744	-0.023581	1.114670
134.746257	-0.167073	18.692749	-0.023352	1.114335
134.330093	-0.098567	18.697754	-0.023277	1.114218
134.161417	-0.316084	18.702759	-0.023247	1.113875
132.469055	0.133043	18.707763	-0.022945	1.113607
133.583408	-0.368524	18.712768	-0.023144	1.113535
132.177535	-0.006617	18.717773	-0.022892	1.113299
131.839288	-0.119641	18.722778	-0.022832	1.113000
132.594306	-0.604494	18.727783	-0.022967	1.112776
130.024358	0.109229	18.732787	-0.022507	1.112407
130.700051	-0.186671	18.737792	-0.022628	1.112373
130.132182	-0.198356	18.742797	-0.022526	1.112087
129.384185	-0.157834	18.747802	-0.022393	1.111777
129.357790	-0.327988	18.752807	-0.022388	1.111558
128.000981	0.112833	18.757811	-0.022145	1.111441
128.063244	-0.159786	18.762816	-0.022156	1.111141
127.704581	-0.241637	18.767821	-0.022092	1.110869
127.360802	-0.262384	18.772826	-0.022031	1.110679
126.795151	-0.307853	18.777831	-0.021930	1.110352
125.698109	-0.068375	18.782835	-0.021733	1.110115
125.472097	-0.156053	18.787840	-0.021693	1.109900
125.255378	-0.294952	18.792845	-0.021654	1.109628
124.765677	-0.282671	18.797850	-0.021566	1.109407
124.325354	-0.309171	18.802855	-0.021488	1.109163
122.585720	0.227540	18.807859	-0.021177	1.108978
123.803448	-0.425125	18.812864	-0.021394	1.108772
122.816926	-0.300142	18.817869	-0.021218	1.108448
121.436073	0.153422	18.822874	-0.020971	1.108334
121.698610	-0.186137	18.827879	-0.021018	1.108048
121.383079	-0.207877	18.832883	-0.020961	1.107870
120.914425	-0.173420	18.837888	-0.020878	1.107686
120.128299	-0.212916	18.842893	-0.020737	1.107259
119.679239	-0.144010	18.847898	-0.020657	1.107127
119.064232	-0.162397	18.852903	-0.020547	1.106808
118.289677	0.036115	18.857907	-0.020408	1.106676
118.450612	-0.173254	18.862912	-0.020437	1.106499
118.077467	-0.338868	18.867917	-0.020370	1.106117
117.048156	-0.133581	18.872922	-0.020186	1.105870
117.585269	-0.534257	18.877927	-0.020282	1.105642
115.750100	-0.111913	18.882931	-0.019954	1.105270
115.677727	-0.114257	18.887936	-0.019941	1.105232
115.587262	-0.359701	18.892941	-0.019925	1.104890
114.280579	-0.063020	18.897946	-0.019691	1.104620
115.019059	-0.505253	18.902951	-0.019823	1.104438
113.573980	-0.147865	18.907955	-0.019564	1.104175
113.439497	-0.259681	18.912960	-0.019540	1.103974
113.325210	-0.547245	18.917965	-0.019520	1.103568
111.976942	-0.174372	18.922970	-0.019279	1.103370
111.766114	-0.285520	18.927975	-0.019241	1.103133
111.544926	-0.330662	18.932979	-0.019201	1.102971
110.691194	-0.107826	18.937984	-0.019049	1.102829
110.632576	-0.352658	18.942989	-0.019038	1.102502
109.751181	-0.253407	18.947994	-0.018881	1.102196
109.724380	-0.408075	18.952999	-0.018876	1.101995
108.621804	-0.113605	18.958003	-0.018679	1.101820
108.194594	-0.165819	18.963008	-0.018602	1.101549
108.025313	-0.308176	18.968013	-0.018572	1.101293
107.312512	-0.144359	18.973018	-0.018444	1.101148
106.816731	-0.132575	18.978023	-0.018356	1.100922
106.690341	-0.325519	18.983027	-0.018333	1.100624
106.300993	-0.403149	18.988032	-0.018263	1.100341
105.683802	-0.408044	18.993037	-0.018153	1.100035
104.873868	-0.284922	18.998042	-0.018008	1.099792
104.305768	-0.200196	19.003047	-0.017906	1.099620
102.727227	0.209829	19.008051	-0.017624	1.099355
103.855248	-0.243721	19.013056	-0.017826	1.099348
103.961374	-0.621530	19.018061	-0.017845	1.098937
102.341906	-0.170517	19.023066	-0.017555	1.098702
101.835074	-0.216175	19.028071	-0.017465	1.098400
101.409262	-0.191655	19.033075	-0.017388	1.098223
100.914717	-0.095715	19.038080	-0.017300	1.098100
100.618729	-0.175309	19.043085	-0.017247	1.097858
100.073236	-0.193007	19.048090	-0.017149	1.097571
100.166492	-0.414115	19.053095	-0.017166	1.097346
98.864827	-0.108079	19.058099	-0.016933	1.097087
98.120932	0.012343	19.063104	-0.016800	1.096873
98.131243	-0.185768	19.068109	-0.016802	1.096635
97.351681	0.037184	19.073114	-0.016663	1.096529
97.107994	-0.097366	19.078119	-0.016619	1.096245
96.768868	-0.182605	19.083123	-0.016558	1.095975
96.217683	-0.112098	19.088128	-0.016460	1.095793
95.640475	-0.065849	19.093133	-0.016356	1.095568
94.747991	0.090839	19.098138	-0.016197	1.095325
95.234520	-0.302463	19.103143	-0.016284	1.095079
94.155481	-0.143347	19.108147	-0.016091	1.094748
93.693021	-0.085975	19.113152	-0.016008	1.094593
93.193479	-0.095954	19.118157	-0.015919	1.094337
92.323176	0.030434	19.123162	-0.015763	1.094067
92.651578	-0.276986	19.128167	-0.015822	1.093849
92.076177	-0.259553	19.133171	-0.015719	1.093590
91.093846	-0.065714	19.138176	-0.015543	1.093348
90.501731	-0.009476	19.143181	-0.015437	1.093128
90.248581	-0.084386	19.148186	-0.015392	1.092912
90.169031	-0.234690	19.153191	-0.015378	1.092688
89.413241	-0.180923	19.158195	-0.015242	1.092385
88.876405	-0.150946	19.163200	-0.015146	1.092159
88.136728	-0.047812	19.168205	-0.015014	1.091924
87.671646	-0.109374	19.173210	-0.014931	1.091620
87.889275	-0.389945	19.178215	-0.014970	1.091381
86.691577	-0.165736	19.183219	-0.014756	1.091071
86.065720	-0.001477	19.188224	-0.014644	1.090967
85.927159	-0.189769	19.193229	-0.014619	1.090667
85.418874	-0.174342	19.198234	-0.014528	1.090437
85.410059	-0.374530	19.203239	-0.014526	1.090185
84.360962	-0.230660	19.208243	-0.014339	1.089848
83.609547	-0.039111	19.213248	-0.014204	1.089716
83.231368	-0.131472	19.218253	-0.014137	1.089417
82.785113	-0.116319	19.223258	-0.014057	1.089216
83.049716	-0.407273	19.228263	-0.014104	1.088986
81.632269	-0.105714	19.233267	-0.013851	1.088663
81.009958	-0.011202	19.238272	-0.013739	1.088475
81.273944	-0.278572	19.243277	-0.013786	1.088274
80.562696	-0.152093	19.248282	-0.013659	1.088081
80.284164	-0.288602	19.253287	-0.013609	1.087775
79.690648	-0.315918	19.258291	-0.013503	1.087449
78.594162	-0.033445	19.263296	-0.013307	1.087260
78.449534	-0.182166	19.268301	-0.013281	1.087004
78.230560	-0.255031	19.273306	-0.013242	1.086806
78.007727	-0.413220	19.278311	-0.013202	1.086501
76.998036	-0.280546	19.283315	-0.013022	1.086168
75.763422	0.078073	19.288320	-0.012801	1.086005
76.423005	-0.340657	19.293325	-0.012919	1.085810
75.636008	-0.198348	19.298330	-0.012778	1.085599
74.987628	-0.110098	19.303335	-0.012662	1.085389
74.478806	-0.164181	19.308339	-0.012571	1.085071
74.221738	-0.232296	19.313344	-0.012525	1.084860
73.875946	-0.326728	19.318349	-0.012463	1.084572
73.193256	-0.263813	19.323354	-0.012341	1.084314
72.686468	-0.263597	19.328359	-0.012250	1.084064
71.193239	0.130983	19.333363	-0.011983	1.083817
71.638213	-0.083490	19.338368	-0.012063	1.083771
71.474897	-0.256662	19.343373	-0.012034	1.083475
70.660889	-0.155162	19.348378	-0.011888	1.083199
70.619412	-0.300421	19.353383	-0.011880	1.082998
69.413336	-0.104573	19.358387	-0.011665	1.082646
69.386291	-0.203864	19.363392	-0.011660	1.082509
68.836333	-0.231397	19.368397	-0.011562	1.082203
67.187870	0.265932	19.373402	-0.011267	1.082007
68.162427	-0.240237	19.378407	-0.011441	1.081858
67.173153	-0.059479	19.383411	-0.011264	1.081594
66.439053	0.051627	19.388416	-0.011133	1.081369
67.255269	-0.558061	19.393421	-0.011279	1.081014
65.551076	-0.093660	19.398426	-0.010974	1.080749
64.979354	-0.073050	19.403431	-0.010872	1.080491
64.840813	-0.173319	19.408435	-0.010847	1.080298
63.898344	0.060151	19.413440	-0.010678	1.080122
64.040691	-0.207864	19.418445	-0.010704	1.079858
63.191097	-0.072941	19.423450	-0.010552	1.079605
63.132410	-0.191099	19.428455	-0.010541	1.079429
62.171544	-0.045575	19.433459	-0.010369	1.079134
61.343544	0.071118	19.438464	-0.010221	1.078869
62.124512	-0.393343	19.443469	-0.010361	1.078677
60.601302	-0.057416	19.448474	-0.010088	1.078340
60.211777	0.010979	19.453479	-0.010019	1.078232
59.657775	0.038885	19.458483	-0.009920	1.077992
59.498974	-0.083349	19.463488	-0.009891	1.077761
59.801881	-0.437323	19.468493	-0.009945	1.077468
57.943293	-0.031563	19.473498	-0.009613	1.077052
58.206259	-0.214776	19.478503	-0.009660	1.076954
57.298029	-0.078070	19.483507	-0.009497	1.076674
56.125957	0.161216	19.488512	-0.009288	1.076390
57.526730	-0.518416	19.493517	-0.009538	1.076236
55.777067	-0.125455	19.498522	-0.009225	1.075858
55.359950	-0.058079	19.503527	-0.009151	1.075734
54.648462	0.021993	19.508531	-0.009024	1.075481
54.435356	-0.078826	19.513536	-0.008985	1.075248
54.618660	-0.352911	19.518541	-0.009018	1.074996
53.031503	0.088359	19.523546	-0.008734	1.074759
52.863085	-0.036241	19.528551	-0.008704	1.074518
52.854734	-0.231982	19.533555	-0.008703	1.074269
51.758093	0.032030	19.538560	-0.008506	1.074053
51.901061	-0.207514	19.543565	-0.008532	1.073824
51.037008	-0.153448	19.548570	-0.008377	1.073461
50.648647	-0.145538	19.553575	-0.008308	1.073277
49.760591	0.018573	19.558579	-0.008149	1.073040
49.558080	0.003829	19.563584	-0.008113	1.072921
49.843156	-0.376516	19.568589	-0.008164	1.072585
48.024422	0.158229	19.573594	-0.007839	1.072349
48.278795	-0.165073	19.578599	-0.007884	1.072070
48.278661	-0.453525	19.583603	-0.007884	1.071707
46.314296	0.111429	19.588608	-0.007533	1.071436
47.347390	-0.404272	19.593613	-0.007717	1.071303
45.811480	-0.063860	19.598618	-0.007443	1.070964
45.384497	-0.017223	19.603623	-0.007366	1.070809
45.550695	-0.261522	19.608627	-0.007396	1.070584
44.424387	-0.004538	19.613632	-0.007195	1.070344
44.866944	-0.384110	19.618637	-0.007274	1.070088
42.950080	0.043403	19.623642	-0.006931	1.069667
42.814127	0.029226	19.628647	-0.006907	1.069581
43.354676	-0.318811	19.633651	-0.007003	1.069413
41.792142	0.137411	19.638656	-0.006724	1.069205
41.846046	-0.097195	19.643661	-0.006733	1.068936
41.616181	-0.270504	19.648666	-0.006692	1.068602
40.574989	-0.084597	19.653671	-0.006506	1.068315
40.561462	-0.213691	19.658675	-0.006504	1.068145
39.708081	-0.053231	19.663680	-0.006351	1.067920
39.736126	-0.262645	19.668685	-0.006356	1.067669
38.266255	0.134779	19.673690	-0.006093	1.067433
38.424149	-0.155925	19.678695	-0.006121	1.067146
38.852879	-0.580528	19.683699	-0.006198	1.066824
36.074238	0.246402	19.688704	-0.005701	1.066474
37.148463	-0.211658	19.693709	-0.005893	1.066434
36.305916	-0.090290	19.698714	-0.005742	1.066164
35.429375	0.038545	19.703719	-0.005586	1.065887
36.174716	-0.400816	19.708723	-0.005719	1.065706
34.071119	0.318748	19.713728	-0.005343	1.065558
34.650588	-0.169329	19.718733	-0.005446	1.065232
34.345181	-0.332708	19.723738	-0.005392	1.064871
32.751834	0.162094	19.728743	-0.005107	1.064696
33.282974	-0.261774	19.733747	-0.005202	1.064427
32.170342	0.064677	19.738752	-0.005003	1.064280
31.908402	-0.073336	19.743757	-0.004956	1.063973
31.823034	-0.238005	19.748762	-0.004940	1.063721
31.002765	-0.127707	19.753767	-0.004794	1.063448
30.949890	-0.295528	19.758771	-0.004784	1.063208
29.339247	0.075396	19.763776	-0.004496	1.062867
30.102917	-0.337718	19.768781	-0.004633	1.062728
29.018419	-0.166049	19.773786	-0.004439	1.062398
27.706547	0.163418	19.778791	-0.004204	1.062155
28.900907	-0.433213	19.783795	-0.004418	1.062000
27.003248	0.063303	19.788800	-0.004078	1.061672
27.369192	-0.230338	19.793805	-0.004144	1.061484
26.839708	-0.322096	19.798810	-0.004049	1.061100
25.163360	0.182462	19.803815	-0.003749	1.060894
26.387805	-0.430244	19.808819	-0.003968	1.060734
24.533865	0.039503	19.813824	-0.003636	1.060394
24.383839	0.001811	19.818829	-0.003610	1.060271
24.488502	-0.248416	19.823834	-0.003628	1.060005
23.277751	0.014993	19.828839	-0.003412	1.059728
23.921214	-0.416560	19.833843	-0.003527	1.059504
22.070141	-0.020081	19.838848	-0.003196	1.059072
22.065735	-0.067442	19.843853	-0.003195	1.059009
21.584026	-0.093500	19.848858	-0.003109	1.058732
20.833257	0.080224	19.853863	-0.002974	1.058573
21.215762	-0.257661	19.858867	-0.003043	1.058336
20.090678	-0.093666	19.863872	-0.002842	1.057975
19.857142	-0.143266	19.868877	-0.002800	1.057794
19.579024	-0.301959	19.873882	-0.002750	1.057450
17.920425	0.130800	19.878887	-0.002453	1.057161
19.117820	-0.463865	19.883891	-0.002668	1.057010
17.333056	-0.050580	19.888896	-0.002348	1.056631
16.942188	0.027990	19.893901	-0.002278	1.056533
16.995055	-0.206006	19.898906	-0.002288	1.056261
15.536330	0.156249	19.903911	-0.002027	1.055983
16.592198	-0.366016	19.908915	-0.002216	1.055852
14.865774	0.001736	19.913920	-0.001907	1.055445
14.934225	-0.152331	19.918925	-0.001919	1.055283
14.784561	-0.351477	19.923930	-0.001892	1.054952
12.530859	0.372548	19.928935	-0.001489	1.054732
14.357982	-0.479969	19.933939	-0.001816	1.054571
12.601140	-0.050087	19.938944	-0.001502	1.054227
11.957419	0.052541	19.943949	-0.001387	1.054030
12.862708	-0.547032	19.948954	-0.001549	1.053724
10.344715	0.206383	19.953959	-0.001098	1.053406
11.450851	-0.281619	19.958963	-0.001296	1.053345
10.368998	-0.129769	19.963968	-0.001103	1.052988
9.956129	-0.093484	19.968973	-0.001029	1.052824
10.086353	-0.453849	19.973978	-0.001052	1.052429
7.814847	0.278169	19.978983	-0.000646	1.052209
9.043362	-0.316177	19.983987	-0.000865	1.052073
7.704602	-0.083595	19.988992	-0.000626	1.051689
6.874486	0.155274	19.993997	-0.000477	1.051571
7.709802	-0.393299	19.999002	-0.000627	1.051294
5.572784	0.180176	20.004007	-0.000245	1.050939
6.426773	-0.191170	20.009011	-0.000397	1.050898
5.908155	-0.308395	20.014016	-0.000305	1.050483
5.185162	-0.238977	20.019021	-0.000175	1.050203
5.087732	-0.448654	20.024026	-0.000158	1.049883
3.303395	0.114214	20.029031	0.000161	1.049694
4.095134	-0.435162	20.034035	0.000020	1.049393
3.201703	-0.352418	20.039040	0.000180	1.049042
1.610543	0.060415	20.044045	0.000464	1.048759
2.800394	-0.487642	20.049050	0.000251	1.048663
1.015887	0.049624	20.054055	0.000571	1.048441
1.334175	-0.255587	20.059059	0.000514	1.048211
