Fri Mar 06 11:16:55 2026

Number of Points = 3600
Depth (nm)	Load (µN)	Time (s)	Depth (V)	Load (V)
0.430391	1.841066	0.000000	0.000836	1.050370

0.123950	1.936633	0.005005	0.000891	1.050336
0.248814	1.882918	0.010010	0.000869	1.050331
0.363656	1.839446	0.015014	0.000848	1.050334
0.179736	1.913790	0.020019	0.000881	1.050336
0.329641	1.721467	0.025024	0.000854	1.050165
0.207703	1.660625	0.030029	0.000876	1.050025
0.174334	1.570150	0.035034	0.000882	1.049891
0.090924	1.461955	0.040038	0.000897	1.049710
-0.072878	1.405677	0.045043	0.000926	1.049554
-0.071383	1.285115	0.050048	0.000926	1.049400
-0.058836	1.097189	0.055053	0.000923	1.049165
-0.141544	0.998946	0.060058	0.000938	1.048996
-0.046240	0.780108	0.065062	0.000921	1.048763
-0.652077	0.779796	0.070067	0.001030	1.048453
-0.431289	0.618072	0.075072	0.000990	1.048358
-0.681930	0.601839	0.080077	0.001035	1.048209
-0.899393	0.427454	0.085082	0.001074	1.047873
-0.827018	0.273191	0.090086	0.001061	1.047711
-1.218093	0.313209	0.095091	0.001131	1.047563
-1.020232	0.010571	0.100096	0.001095	1.047274
-1.162939	-0.116664	0.105101	0.001121	1.047037
-1.623121	-0.025275	0.110106	0.001203	1.046919
-1.844530	-0.172337	0.115110	0.001243	1.046616
-2.278286	-0.011108	0.120115	0.001320	1.046601
-2.252827	-0.133236	0.125120	0.001316	1.046457
-2.565218	-0.130182	0.130125	0.001371	1.046301
-3.599017	0.275247	0.135130	0.001556	1.046293
-2.472518	-0.166106	0.140134	0.001355	1.046302
-3.322479	0.168536	0.145139	0.001507	1.046298
-2.996127	0.015416	0.150144	0.001448	1.046268
-2.904626	-0.238451	0.155149	0.001432	1.045988
-4.185967	0.261972	0.160154	0.001661	1.045976
-3.378484	-0.043989	0.165158	0.001517	1.045995
-4.137098	0.252136	0.170163	0.001652	1.045988
-3.943409	0.174369	0.175168	0.001618	1.045987
-3.233621	-0.237397	0.180173	0.001491	1.045821
-4.821933	0.296038	0.185178	0.001775	1.045694
-4.062151	-0.000204	0.190182	0.001639	1.045702
-4.791230	0.281393	0.195187	0.001769	1.045691
-4.433806	0.139443	0.200192	0.001705	1.045691
-3.474504	-0.349804	0.205197	0.001533	1.045552
-5.686756	0.385627	0.210202	0.001929	1.045366
-4.756039	0.013625	0.215206	0.001763	1.045364
-5.199072	0.188726	0.220211	0.001842	1.045362
-5.411566	0.271490	0.225216	0.001880	1.045360
-4.483258	-0.093327	0.230221	0.001714	1.045366
-5.815485	0.342079	0.235226	0.001952	1.045244
-4.616958	-0.165682	0.240230	0.001738	1.045204
-5.899940	0.226640	0.245235	0.001967	1.045052
-5.934112	0.236516	0.250240	0.001973	1.045047
-4.747093	-0.346548	0.255245	0.001761	1.044904
-6.691599	0.293944	0.260250	0.002108	1.044732
-5.702688	-0.095606	0.265254	0.001932	1.044737
-6.052028	-0.063012	0.270259	0.001994	1.044600
-6.969019	0.374508	0.275264	0.002158	1.044694
-6.052830	-0.136331	0.280269	0.001994	1.044505
-7.076638	0.212748	0.285274	0.002177	1.044430
-6.626947	0.032684	0.290278	0.002097	1.044428
-6.906970	0.138460	0.295283	0.002147	1.044421
-6.928972	0.154427	0.300288	0.002151	1.044431
-6.242888	-0.295912	0.305293	0.002028	1.044202
-8.075725	0.361118	0.310298	0.002356	1.044108
-7.365308	0.079415	0.315302	0.002229	1.044110
-7.036775	-0.054372	0.320307	0.002170	1.044106
-7.755123	0.231082	0.325312	0.002298	1.044105
-7.221748	-0.181190	0.330317	0.002203	1.043847
-8.383772	0.239477	0.335322	0.002411	1.043793
-7.766147	0.005679	0.340326	0.002300	1.043809
-7.745732	-0.121311	0.345331	0.002296	1.043655
-9.055127	0.453842	0.350336	0.002531	1.043725
-7.714267	-0.177592	0.355341	0.002291	1.043599
-8.995352	0.244494	0.360346	0.002520	1.043485
-8.643915	0.115469	0.365350	0.002457	1.043500
-8.066971	-0.146435	0.370355	0.002354	1.043458
-9.718240	0.489160	0.375360	0.002649	1.043430
-8.248878	-0.125339	0.380365	0.002386	1.043392
-9.181046	0.141936	0.385370	0.002553	1.043258
-9.160697	0.138690	0.390374	0.002549	1.043264
-9.040970	-0.071482	0.395379	0.002528	1.043054
-10.141017	0.467691	0.400384	0.002724	1.043185
-9.154409	-0.059819	0.405389	0.002548	1.043011
-9.851088	0.153165	0.410394	0.002672	1.042928
-9.768672	0.129921	0.415398	0.002658	1.042940
-9.265861	-0.243681	0.420403	0.002568	1.042716
-11.262420	0.526048	0.425408	0.002925	1.042684
-9.587532	-0.087766	0.430413	0.002625	1.042752
-10.581712	0.202698	0.435418	0.002803	1.042616
-10.226231	0.071747	0.440422	0.002739	1.042630
-10.131664	-0.170559	0.445427	0.002722	1.042365
-11.585563	0.362805	0.450432	0.002982	1.042307
-10.591136	-0.040027	0.455437	0.002805	1.042297
-10.949030	0.104958	0.460442	0.002869	1.042301
-11.106041	0.172952	0.465446	0.002897	1.042308
-10.944797	-0.082688	0.470451	0.002868	1.042060
-12.242190	0.407029	0.475456	0.003100	1.042026
-10.654887	-0.113779	0.480461	0.002816	1.042170
-11.570990	0.107792	0.485466	0.002980	1.041985
-11.807510	0.066588	0.490470	0.003022	1.041809
-11.975257	0.017792	0.495475	0.003052	1.041660
-13.129434	0.625858	0.500480	0.003258	1.041853
-11.212752	-0.129314	0.505485	0.002915	1.041863
-12.507230	0.232170	0.510490	0.003147	1.041664
-12.587906	0.269542	0.515494	0.003161	1.041670
-11.397912	-0.292008	0.520499	0.002948	1.041557
-13.614795	0.432898	0.525504	0.003345	1.041353
-12.485617	0.104614	0.530509	0.003143	1.041510
-13.417139	0.354526	0.535514	0.003309	1.041353
-13.550023	0.411771	0.540518	0.003333	1.041359
-13.050286	0.208153	0.545523	0.003244	1.041353
-13.499298	0.385613	0.550528	0.003324	1.041352
-12.598110	0.036735	0.555533	0.003163	1.041364
-13.115577	0.010521	0.560538	0.003255	1.041064
-14.139624	0.408535	0.565542	0.003438	1.041051
-13.165382	0.018716	0.570547	0.003264	1.041049
-14.407455	0.370023	0.575552	0.003486	1.040863
-13.338566	0.028108	0.580557	0.003295	1.040972
-14.344739	0.255155	0.585562	0.003475	1.040747
-14.645895	0.382018	0.590566	0.003529	1.040756
-13.255406	-0.237789	0.595571	0.003280	1.040670
-15.161892	0.327549	0.600576	0.003621	1.040419
-14.638715	0.117304	0.605581	0.003527	1.040417
-14.644499	0.116684	0.610586	0.003528	1.040413
-15.931118	0.634378	0.615590	0.003758	1.040421
-14.097659	-0.099827	0.620595	0.003430	1.040415
-15.213554	0.161616	0.625600	0.003630	1.040178
-14.710321	0.057213	0.630605	0.003540	1.040302
-15.381544	0.177535	0.635610	0.003660	1.040112
-16.009840	0.427266	0.640614	0.003772	1.040112
-15.161376	0.043357	0.645619	0.003621	1.040052
-16.920004	0.630485	0.650624	0.003935	1.039906
-14.877346	-0.102108	0.655629	0.003570	1.040010
-15.829759	0.106854	0.660634	0.003740	1.039789
-17.099261	0.617928	0.665638	0.003967	1.039797
-15.620029	0.015193	0.670643	0.003702	1.039779
-16.992216	0.441700	0.675648	0.003948	1.039624
-16.350469	0.312700	0.680653	0.003833	1.039788
-16.281872	0.054332	0.685658	0.003821	1.039488
-17.508808	0.545826	0.690662	0.004040	1.039492
-16.466507	0.126067	0.695667	0.003854	1.039486
-16.964669	0.170369	0.700672	0.003943	1.039286
-16.859834	0.231592	0.705677	0.003924	1.039420
-17.142837	0.143770	0.710682	0.003974	1.039160
-18.003802	0.490686	0.715686	0.004128	1.039165
-17.040166	0.099590	0.720691	0.003956	1.039156
-17.973048	0.296618	0.725696	0.004123	1.038929
-17.329585	0.145816	0.730701	0.004008	1.039066
-17.505118	0.040933	0.735706	0.004039	1.038839
-18.561440	0.414028	0.740710	0.004228	1.038778
-17.661507	0.075546	0.745715	0.004067	1.038804
-18.937546	0.382876	0.750720	0.004295	1.038543
-18.145255	0.187139	0.755725	0.004153	1.038699
-17.896563	-0.034367	0.760730	0.004109	1.038540
-19.296341	0.409667	0.765734	0.004359	1.038393
-17.940146	-0.091590	0.770739	0.004117	1.038443
-19.378546	0.352766	0.775744	0.004374	1.038276
-19.659961	0.469547	0.780749	0.004424	1.038283
-18.203681	-0.113932	0.785754	0.004164	1.038278
-19.921873	0.452442	0.790758	0.004471	1.038125
-18.971562	0.123109	0.795763	0.004301	1.038189
-19.534542	0.163246	0.800768	0.004402	1.037950
-20.080651	0.378729	0.805773	0.004499	1.037947
-19.179805	0.017472	0.810778	0.004338	1.037944
-20.434174	0.397592	0.815782	0.004562	1.037789
-19.537492	0.093483	0.820787	0.004402	1.037858
-20.522324	0.316541	0.825792	0.004578	1.037638
-20.806232	0.435695	0.830797	0.004629	1.037646
-19.445929	-0.111275	0.835802	0.004385	1.037639
-21.008541	0.356265	0.840806	0.004665	1.037438
-19.989586	-0.014952	0.845811	0.004483	1.037483
-20.763748	0.168805	0.850816	0.004621	1.037321
-21.413900	0.432368	0.855821	0.004737	1.037328
-20.579168	0.043635	0.860826	0.004588	1.037254
-21.827918	0.531988	0.865830	0.004811	1.037243
-20.965377	0.107190	0.870835	0.004657	1.037137
-21.196492	0.105877	0.875840	0.004698	1.037016
-22.377282	0.580552	0.880845	0.004909	1.037022
-20.941105	-0.001190	0.885850	0.004653	1.037009
-22.286001	0.390170	0.890854	0.004893	1.036822
-21.199896	0.022516	0.895859	0.004699	1.036906
-21.826922	0.104579	0.900864	0.004811	1.036688
-22.870207	0.520928	0.905869	0.004997	1.036689
-21.749984	0.043561	0.910874	0.004797	1.036649
-23.438344	0.628444	0.915878	0.005099	1.036535
-22.252065	0.275414	0.920883	0.004887	1.036690
-22.028601	-0.042210	0.925888	0.004847	1.036393
-23.478614	0.520540	0.930893	0.005106	1.036374
-22.266682	0.042551	0.935898	0.004889	1.036380
-23.168914	0.176593	0.940902	0.005051	1.036087
-23.436701	0.358619	0.945907	0.005098	1.036185
-23.272571	0.202396	0.950912	0.005069	1.036067
-23.569182	0.322593	0.955917	0.005122	1.036070
-23.208936	0.170824	0.960922	0.005058	1.036059
-23.949802	0.317999	0.965926	0.005190	1.035866
-23.625006	0.314708	0.970931	0.005132	1.036031
-23.757455	0.170172	0.975936	0.005156	1.035774
-24.296724	0.385653	0.980941	0.005252	1.035775
-23.790064	0.185836	0.985946	0.005161	1.035778
-24.639265	0.282039	0.990950	0.005313	1.035462
-24.342423	0.224220	0.995955	0.005260	1.035541
-24.877959	0.365470	1.000960	0.005356	1.035447

-24.452425	0.236984	1.010957	0.005280	1.035501
-24.233732	0.196956	1.020954	0.005240	1.035563
-24.188091	0.080316	1.030950	0.005232	1.035434
-24.720003	0.206314	1.040947	0.005327	1.035323
-24.799247	0.352778	1.050944	0.005341	1.035473
-24.081994	0.128717	1.060941	0.005213	1.035553
-23.803418	0.024698	1.070938	0.005163	1.035563
-24.518959	0.210124	1.080934	0.005291	1.035433
-24.475281	0.313779	1.090931	0.005283	1.035591
-23.879470	0.115655	1.100928	0.005176	1.035642
-23.723691	-0.024703	1.110925	0.005148	1.035541
-24.042557	0.187811	1.120922	0.005205	1.035652
-24.466828	0.442833	1.130918	0.005281	1.035765
-23.889286	0.218062	1.140915	0.005178	1.035772
-23.806727	0.274867	1.150912	0.005163	1.035889
-23.737458	0.281154	1.160909	0.005150	1.035933
-23.244602	0.159409	1.170906	0.005062	1.036031
-23.736200	0.289025	1.180902	0.005150	1.035945
-23.714864	0.277643	1.190899	0.005146	1.035941
-23.428784	0.268554	1.200896	0.005095	1.036078
-23.071260	0.072554	1.210893	0.005031	1.036008
-23.477728	0.285739	1.220890	0.005103	1.036076
-23.670486	0.353169	1.230886	0.005138	1.036064
-23.410140	0.336707	1.240883	0.005091	1.036178
-22.955369	0.216349	1.250880	0.005010	1.036257
-23.013638	0.253269	1.260877	0.005020	1.036275
-23.303047	0.443977	1.270874	0.005072	1.036374
-22.799495	0.248011	1.280870	0.004982	1.036380
-22.825910	0.263434	1.290867	0.004986	1.036386
-22.807199	0.253576	1.300864	0.004983	1.036384
-22.818921	0.260811	1.310861	0.004985	1.036387
-22.944836	0.311525	1.320858	0.005007	1.036388
-22.703930	0.248605	1.330854	0.004964	1.036431
-22.355395	0.092394	1.340851	0.004902	1.036409
-22.571284	0.157092	1.350848	0.004940	1.036381
-22.424491	0.203200	1.360845	0.004914	1.036518
-22.374502	0.178371	1.370842	0.004905	1.036512
-22.322063	0.187900	1.380838	0.004895	1.036552
-22.341876	0.241432	1.390835	0.004899	1.036611
-22.210524	0.175215	1.400832	0.004875	1.036593
-22.105998	0.209431	1.410829	0.004856	1.036692
-22.572789	0.405558	1.420826	0.004940	1.036706
-21.949403	0.279444	1.430822	0.004828	1.036865
-21.819288	0.195774	1.440819	0.004805	1.036824
-22.048286	0.311105	1.450816	0.004846	1.036856
-21.589767	0.214330	1.460813	0.004764	1.036968
-21.696754	0.192093	1.470810	0.004783	1.036884
-22.085435	0.348966	1.480806	0.004852	1.036887
-21.352886	0.106741	1.490803	0.004721	1.036951
-21.740112	0.316209	1.500800	0.004790	1.037023
-21.454202	0.194765	1.510797	0.004739	1.037014
-21.755035	0.350998	1.520794	0.004793	1.037061
-21.637377	0.387167	1.530790	0.004772	1.037170
-21.128239	0.231730	1.540787	0.004680	1.037232
-21.083390	0.218010	1.550784	0.004672	1.037237
-21.509187	0.400340	1.560781	0.004748	1.037254
-21.247703	0.349855	1.570778	0.004702	1.037324
-21.093658	0.285283	1.580774	0.004674	1.037320
-20.882654	0.202241	1.590771	0.004636	1.037322
-21.058281	0.277184	1.600768	0.004667	1.037328
-21.017688	0.370772	1.610765	0.004660	1.037472
-20.854665	0.387357	1.620762	0.004631	1.037578
-20.659428	0.264352	1.630758	0.004596	1.037519
-20.756180	0.400321	1.640755	0.004613	1.037646
-20.307219	0.188629	1.650752	0.004533	1.037604
-20.649535	0.313049	1.660749	0.004594	1.037588
-20.507314	0.298826	1.670746	0.004568	1.037644
-20.575773	0.317118	1.680742	0.004580	1.037632
-20.807353	0.416316	1.690739	0.004622	1.037642
-20.106150	0.194545	1.700736	0.004496	1.037717
-20.488790	0.398441	1.710733	0.004565	1.037784
-20.320355	0.415120	1.720730	0.004534	1.037893
-19.883151	0.225582	1.730726	0.004456	1.037873
-19.927562	0.171047	1.740723	0.004464	1.037780
-20.058764	0.254677	1.750720	0.004487	1.037821
-19.981521	0.327004	1.760717	0.004473	1.037955
-19.965177	0.319647	1.770714	0.004470	1.037954
-19.921432	0.303726	1.780710	0.004462	1.037956
-19.652316	0.197195	1.790707	0.004414	1.037957
-19.881630	0.288463	1.800704	0.004455	1.037958
-19.432541	0.202578	1.810701	0.004375	1.038079
-20.074740	0.438847	1.820698	0.004490	1.038054
-19.187923	0.162631	1.830694	0.004331	1.038154
-19.400676	0.182354	1.840691	0.004369	1.038070
-19.399495	0.222310	1.850688	0.004368	1.038122
-19.116363	0.117953	1.860685	0.004318	1.038133
-19.575038	0.359043	1.870682	0.004400	1.038210
-18.902229	-0.008762	1.880678	0.004279	1.038080
-19.042498	0.095131	1.890675	0.004304	1.038143
-19.195497	0.243995	1.900672	0.004332	1.038257
-18.943499	0.164892	1.910669	0.004286	1.038285
-19.012935	0.154901	1.920666	0.004299	1.038237
-19.149726	0.194557	1.930662	0.004323	1.038218
-18.924718	0.162074	1.940659	0.004283	1.038292
-18.770613	0.272380	1.950656	0.004255	1.038515
-18.790098	0.261972	1.960653	0.004258	1.038492
-18.906607	0.274076	1.970650	0.004279	1.038448
-18.466406	0.175729	1.980646	0.004200	1.038548
-18.317611	0.116733	1.990643	0.004174	1.038549
-18.810532	0.313105	2.000640	0.004262	1.038549
-18.349028	0.276267	2.010637	0.004179	1.038740
-18.617698	0.277387	2.020634	0.004227	1.038603
-18.098121	0.178122	2.030630	0.004134	1.038743
-17.964423	0.214907	2.040627	0.004110	1.038860
-18.274888	0.294096	2.050624	0.004166	1.038803
-18.003764	0.229283	2.060621	0.004117	1.038859
-18.081969	0.149046	2.070618	0.004131	1.038714
-17.927466	0.192280	2.080614	0.004103	1.038851
-17.859883	0.162664	2.090611	0.004091	1.038848
-18.031474	0.239431	2.100608	0.004122	1.038859
-17.830796	0.281861	2.110605	0.004086	1.039018
-17.749863	0.125096	2.120602	0.004071	1.038856
-17.695680	0.283393	2.130598	0.004061	1.039090
-17.166560	0.074643	2.140595	0.003967	1.039093
-17.461055	0.093519	2.150592	0.004019	1.038965
-18.265123	0.504724	2.160589	0.004163	1.039084
-17.080278	0.088089	2.170586	0.003951	1.039156
-17.036859	0.077173	2.180582	0.003943	1.039164
-17.257746	0.166044	2.190579	0.003982	1.039166
-17.425258	0.231626	2.200576	0.004012	1.039165
-17.445915	0.304441	2.210573	0.004016	1.039249
-16.743638	0.002049	2.220570	0.003890	1.039219
-16.946892	0.128597	2.230566	0.003926	1.039279
-17.052426	0.266849	2.240563	0.003945	1.039404
-16.937154	0.251583	2.250560	0.003925	1.039444
-16.898248	0.160462	2.260557	0.003917	1.039346
-16.812195	0.145693	2.270554	0.003902	1.039372
-16.308922	0.037004	2.280550	0.003812	1.039491
-16.743261	0.197054	2.290547	0.003889	1.039475
-16.909116	0.275392	2.300544	0.003919	1.039491
-16.672799	0.182286	2.310541	0.003877	1.039492
-16.126532	0.012087	2.320538	0.003779	1.039554
-16.356937	0.138624	2.330534	0.003820	1.039599
-16.674370	0.346681	2.340531	0.003877	1.039706
-16.379581	0.303248	2.350528	0.003824	1.039802
-16.075474	0.174857	2.360525	0.003769	1.039793
-16.291091	0.258017	2.370522	0.003808	1.039789
-16.131730	0.331278	2.380518	0.003779	1.039967
-16.072926	0.255071	2.390515	0.003769	1.039899
-16.169014	0.357235	2.400512	0.003786	1.039982
-15.937762	0.264763	2.410509	0.003744	1.039982
-15.661688	0.251740	2.420506	0.003695	1.040108
-15.439133	0.165861	2.430502	0.003655	1.040112
-15.669325	0.157592	2.440499	0.003696	1.039982
-16.235654	0.462273	2.450496	0.003797	1.040085
-15.689326	0.262762	2.460493	0.003699	1.040109
-15.174869	0.142771	2.470490	0.003607	1.040219
-15.390663	0.252674	2.480486	0.003646	1.040250
-15.923253	0.491434	2.490483	0.003741	1.040285
-15.223236	0.316697	2.500480	0.003616	1.040421
-15.120572	0.185554	2.510477	0.003597	1.040304
-14.850561	0.141071	2.520474	0.003549	1.040386
-15.589187	0.434253	2.530470	0.003681	1.040385
-15.273537	0.333547	2.540467	0.003624	1.040417
-15.024425	0.238968	2.550464	0.003580	1.040424
-14.695073	0.160515	2.560461	0.003521	1.040492
-14.814788	0.235196	2.570458	0.003542	1.040527
-15.165912	0.506129	2.580454	0.003605	1.040698
-14.621407	0.231879	2.590451	0.003507	1.040623
-14.481405	0.151332	2.600448	0.003482	1.040591
-15.064631	0.483081	2.610445	0.003586	1.040721
-14.131088	0.129961	2.620442	0.003419	1.040745
-14.685883	0.333406	2.630438	0.003518	1.040723
-15.074550	0.551583	2.640435	0.003588	1.040805
-14.126953	0.178232	2.650432	0.003418	1.040811
-14.320095	0.352220	2.660429	0.003453	1.040937
-13.957800	0.218867	2.670426	0.003388	1.040951
-14.527879	0.435680	2.680422	0.003490	1.040938
-14.096665	0.259532	2.690419	0.003413	1.040933
-13.912538	0.183109	2.700416	0.003380	1.040929
-13.891551	0.155284	2.710413	0.003376	1.040904
-14.160434	0.369247	2.720410	0.003424	1.041043
-13.831549	0.240153	2.730406	0.003365	1.041045
-13.998763	0.252880	2.740403	0.003395	1.040976
-13.789114	0.220534	2.750400	0.003357	1.041042
-13.680398	0.261630	2.760397	0.003337	1.041152
-13.437311	0.179702	2.770394	0.003294	1.041171
-13.821717	0.314419	2.780390	0.003363	1.041148
-13.481663	0.137367	2.790387	0.003302	1.041094
-13.467545	0.290679	2.800384	0.003299	1.041300
-12.863093	-0.032351	2.810381	0.003191	1.041194
-13.511126	0.262736	2.820378	0.003307	1.041242
-13.750984	0.416415	2.830374	0.003349	1.041318
-12.769278	0.042280	2.840371	0.003174	1.041340
-12.894759	0.048989	2.850368	0.003196	1.041284
-13.202726	0.216695	2.860365	0.003251	1.041343
-13.330405	0.299390	2.870362	0.003274	1.041384
-13.244343	0.277066	2.880358	0.003258	1.041400
-12.946906	0.234404	2.890355	0.003205	1.041498
-12.465322	0.129559	2.900352	0.003119	1.041611
-12.744375	0.258395	2.910349	0.003169	1.041634
-12.840998	0.276217	2.920346	0.003186	1.041608
-13.024897	0.392088	2.930342	0.003219	1.041663
-12.578799	0.222320	2.940339	0.003139	1.041674
-12.481126	0.266721	2.950336	0.003121	1.041782
-12.238798	0.235348	2.960333	0.003078	1.041867
-12.470206	0.321884	2.970330	0.003119	1.041860
-12.706244	0.449888	2.980326	0.003161	1.041904
-12.068733	0.200812	2.990323	0.003047	1.041910
-12.091108	0.276118	3.000320	0.003051	1.041996
-12.252854	0.344219	3.010317	0.003080	1.042002
-12.323775	0.365075	3.020314	0.003093	1.041992
-12.004649	0.234142	3.030310	0.003035	1.041987
-11.699844	0.147274	3.040307	0.002981	1.042032
-11.792987	0.237118	3.050304	0.002997	1.042101
-11.683973	0.187391	3.060301	0.002978	1.042093
-12.147163	0.377628	3.070298	0.003060	1.042101
-11.625423	0.236528	3.080294	0.002967	1.042187
-11.624000	0.236797	3.090291	0.002967	1.042189
-11.488147	0.270634	3.100288	0.002942	1.042303
-11.594753	0.312205	3.110285	0.002961	1.042302
-11.688052	0.346369	3.120282	0.002978	1.042298
-11.336861	0.205753	3.130278	0.002915	1.042297
-11.240820	0.208556	3.140275	0.002898	1.042351
-11.370118	0.289330	3.150272	0.002921	1.042389
-11.201606	0.317490	3.160269	0.002891	1.042513
-11.071814	0.281400	3.170266	0.002867	1.042533
-11.194538	0.330954	3.180262	0.002889	1.042534
-10.551385	0.036249	3.190259	0.002774	1.042484
-11.317574	0.400661	3.200256	0.002911	1.042561
-10.841013	0.257476	3.210253	0.002826	1.042622
-10.717651	0.205356	3.220250	0.002803	1.042618
-10.940844	0.298212	3.230246	0.002843	1.042624
-10.604572	0.165407	3.240243	0.002783	1.042625
-10.730986	0.339754	3.250240	0.002806	1.042786
-10.506791	0.125993	3.260237	0.002765	1.042625
-10.711870	0.268140	3.270234	0.002802	1.042704
-10.487977	0.299891	3.280230	0.002762	1.042860
-9.995602	0.082567	3.290227	0.002674	1.042833
-10.411583	0.255344	3.300224	0.002748	1.042843
-10.423786	0.305895	3.310221	0.002750	1.042902
-10.180210	0.231536	3.320218	0.002706	1.042931
-10.256211	0.265092	3.330214	0.002720	1.042936
-9.839478	0.103047	3.340211	0.002645	1.042941
-10.534525	0.442006	3.350208	0.002770	1.043022
-9.556843	0.206381	3.360205	0.002595	1.043221
-10.091758	0.202449	3.370202	0.002690	1.042941
-10.070714	0.362118	3.380198	0.002686	1.043158
-9.496385	0.210682	3.390195	0.002584	1.043258
-9.653564	0.279322	3.400192	0.002612	1.043266
-9.713782	0.302129	3.410189	0.002622	1.043265
-9.614688	0.256344	3.420186	0.002604	1.043257
-9.599267	0.254124	3.430182	0.002602	1.043263
-9.304455	0.143319	3.440179	0.002549	1.043271
-9.486891	0.207151	3.450176	0.002581	1.043260
-9.208477	0.186046	3.460173	0.002531	1.043376
-9.219274	0.099187	3.470170	0.002533	1.043259
-9.362949	0.179546	3.480166	0.002559	1.043289
-9.204415	0.271030	3.490163	0.002530	1.043489
-8.911244	0.160579	3.500160	0.002478	1.043497
-8.944506	0.173322	3.510157	0.002484	1.043497
-8.989451	0.140453	3.520154	0.002492	1.043432
-9.139919	0.247503	3.530150	0.002519	1.043493
-8.845138	0.166256	3.540147	0.002466	1.043540
-8.572898	0.017192	3.550144	0.002417	1.043487
-8.968119	0.323388	3.560141	0.002488	1.043680
-8.698556	0.252064	3.570138	0.002439	1.043727
-8.279720	0.034748	3.580134	0.002364	1.043662
-8.408163	0.147183	3.590131	0.002387	1.043741
-8.544662	0.096536	3.600128	0.002411	1.043606
-8.466549	0.167982	3.610125	0.002397	1.043739
-8.060147	-0.039008	3.620122	0.002325	1.043680
-8.449452	0.138622	3.630118	0.002394	1.043710
-8.104380	0.070669	3.640115	0.002332	1.043800
-8.262209	0.133163	3.650112	0.002361	1.043800
-8.364268	0.213653	3.660109	0.002379	1.043852
-7.975109	0.100365	3.670106	0.002309	1.043906
-7.723450	0.121039	3.680102	0.002264	1.044062
-7.842996	0.132273	3.690099	0.002285	1.044015
-7.911705	0.129142	3.700096	0.002297	1.043976
-7.704111	0.065444	3.710093	0.002260	1.044001
-7.758822	0.168568	3.720090	0.002270	1.044106
-7.395270	0.021352	3.730086	0.002205	1.044103
-7.509890	0.068949	3.740083	0.002225	1.044106
-7.731048	0.158698	3.750080	0.002265	1.044108
-7.798345	0.214183	3.760077	0.002277	1.044146
-7.090412	-0.079381	3.770074	0.002150	1.044131
-7.197725	0.015485	3.780070	0.002169	1.044198
-7.547726	0.162732	3.790067	0.002231	1.044209
-7.254325	0.173424	3.800064	0.002179	1.044374
-6.959160	0.093392	3.810061	0.002126	1.044423
-6.970009	-0.091124	3.820058	0.002128	1.044179
-6.976978	0.098106	3.830054	0.002129	1.044420
-7.106812	0.154236	3.840051	0.002152	1.044426
-6.737408	0.009169	3.850048	0.002086	1.044429
-6.820650	0.041981	3.860045	0.002101	1.044429
-7.018491	0.117311	3.870042	0.002136	1.044424
-6.426563	-0.020694	3.880038	0.002030	1.044551
-6.878667	0.120615	3.890035	0.002111	1.044501
-6.488674	0.039747	3.900032	0.002041	1.044597
-6.988440	0.293038	3.910029	0.002130	1.044668
-6.298848	0.068591	3.920026	0.002007	1.044733
-6.269935	0.058589	3.930022	0.002002	1.044735
-6.692244	0.293224	3.940019	0.002077	1.044821
-6.081500	0.102521	3.950016	0.001968	1.044889
-6.351924	0.108367	3.960013	0.002016	1.044758
-5.979547	0.066533	3.970010	0.001949	1.044895
-6.132666	0.250273	3.980006	0.001977	1.045054
-5.700253	0.064650	3.990003	0.001899	1.045037
-6.002809	0.115875	4.000000	0.001953	1.044948
-6.019106	0.191386	4.009997	0.001956	1.045037
-5.678402	0.063432	4.019994	0.001895	1.045047
-5.885643	0.151816	4.029990	0.001932	1.045055
-5.941093	0.171875	4.039987	0.001942	1.045053
-5.775853	0.228290	4.049984	0.001912	1.045211
-5.502697	0.124856	4.059981	0.001863	1.045218
-5.197062	0.012432	4.069978	0.001809	1.045230
-5.611305	0.214897	4.079974	0.001883	1.045279
-5.435381	0.213098	4.089971	0.001851	1.045367
-5.328450	0.169875	4.099968	0.001832	1.045367
-5.000180	0.035676	4.109965	0.001773	1.045362
-5.241525	0.132123	4.119962	0.001816	1.045363
-5.492982	0.235075	4.129958	0.001861	1.045367
-5.196481	0.212181	4.139955	0.001808	1.045490
-5.021028	0.177834	4.149952	0.001776	1.045536
-4.569050	-0.008797	4.159949	0.001695	1.045528
-4.771309	0.081238	4.169946	0.001732	1.045540
-5.087860	0.261367	4.179942	0.001788	1.045610
-4.973641	0.176439	4.189939	0.001768	1.045560
-4.339960	0.026668	4.199936	0.001654	1.045692
-4.462887	-0.011066	4.209933	0.001676	1.045580
-4.852000	0.229421	4.219930	0.001745	1.045691
-4.830033	0.257909	4.229926	0.001741	1.045740
-4.498789	0.154983	4.239923	0.001682	1.045777
-3.984414	-0.064952	4.249920	0.001590	1.045758
-3.892568	-0.156001	4.259917	0.001574	1.045688
-4.619867	0.195140	4.269914	0.001704	1.045767
-4.145438	0.039058	4.279910	0.001619	1.045810
-4.638211	0.208417	4.289907	0.001707	1.045776
-3.509282	-0.133539	4.299904	0.001505	1.045914
-4.052174	0.089429	4.309901	0.001602	1.045924
-3.957314	0.096311	4.319898	0.001585	1.045981
-4.018441	0.124742	4.329894	0.001595	1.045987
-3.832383	-0.005015	4.339891	0.001562	1.045915
-3.635958	-0.029157	4.349888	0.001527	1.045985
-3.803808	0.083470	4.359885	0.001557	1.046045
-3.657985	0.053362	4.369882	0.001531	1.046081
-3.579231	0.051154	4.379878	0.001516	1.046119
-3.677550	0.002439	4.389875	0.001534	1.046006
-3.121412	-0.052032	4.399872	0.001434	1.046221
-3.414442	0.102354	4.409869	0.001487	1.046270
-3.352037	0.055343	4.419866	0.001475	1.046242
-3.600235	0.191286	4.429862	0.001520	1.046290
-2.967084	-0.054343	4.439859	0.001406	1.046298
-3.035504	-0.028279	4.449856	0.001419	1.046297
-3.284252	0.114791	4.459853	0.001463	1.046354
-3.142746	0.132097	4.469850	0.001438	1.046449
-3.024597	0.127617	4.479846	0.001416	1.046504
-2.902915	0.152458	4.489843	0.001394	1.046599
-2.915796	0.161877	4.499840	0.001397	1.046605
-2.843987	0.132752	4.509837	0.001384	1.046604
-2.545188	0.011677	4.519834	0.001330	1.046602
-3.086360	0.273653	4.529830	0.001427	1.046662
-2.404761	0.214481	4.539827	0.001305	1.046936
-2.317518	0.181519	4.549824	0.001289	1.046938
-2.598741	0.292977	4.559821	0.001339	1.046938
-2.770729	0.356548	4.569818	0.001370	1.046932
-2.541403	0.473863	4.579814	0.001329	1.047201
-2.334641	0.422214	4.589811	0.001292	1.047241
-2.353508	0.429227	4.599808	0.001295	1.047240
-2.193759	0.500595	4.609805	0.001267	1.047415
-2.014927	0.488087	4.619802	0.001234	1.047490
-2.009235	0.420189	4.629798	0.001233	1.047406
-1.994130	0.538149	4.639795	0.001231	1.047566
-2.040731	0.552678	4.649792	0.001239	1.047561
-2.121434	0.588539	4.659789	0.001253	1.047566
-1.866088	0.690234	4.669786	0.001207	1.047828
-1.898112	0.738158	4.679782	0.001213	1.047874
-1.694172	0.661502	4.689779	0.001176	1.047880
-1.646941	0.704415	4.699776	0.001168	1.047960
-1.486718	0.679196	4.709773	0.001139	1.048009
-1.363790	0.653221	4.719770	0.001117	1.048039
-1.327064	0.564869	4.729766	0.001110	1.047944
-1.223302	0.509804	4.739763	0.001092	1.047927
-1.304849	0.733954	4.749760	0.001106	1.048174
-1.201966	0.715532	4.759757	0.001088	1.048203
-1.190281	0.713910	4.769754	0.001086	1.048207
-1.158875	0.698919	4.779750	0.001080	1.048204
-1.082925	0.667723	4.789747	0.001066	1.048203
-1.080540	0.750472	4.799744	0.001066	1.048311
-0.994106	0.823469	4.809741	0.001050	1.048450
-0.984958	0.822068	4.819738	0.001048	1.048453
-1.017143	0.835229	4.829734	0.001054	1.048454
-0.836544	0.996479	4.839731	0.001022	1.048754
-0.982363	1.059827	4.849728	0.001048	1.048761
-1.108734	1.280216	4.859725	0.001070	1.048980
-0.910844	1.335309	4.869722	0.001035	1.049153
-0.706534	1.441891	4.879718	0.000998	1.049395
-0.631322	1.412205	4.889715	0.000984	1.049395
-0.481902	1.590450	4.899712	0.000958	1.049701
-0.530789	1.613294	4.909709	0.000966	1.049706
-0.493365	1.682287	4.919706	0.000960	1.049814
-0.214495	1.732333	4.929702	0.000910	1.050021
-0.254245	1.744369	4.939699	0.000917	1.050016
-0.222686	1.844727	4.949696	0.000911	1.050162
-0.018103	1.893970	4.959693	0.000874	1.050330
-0.028976	1.901511	4.969690	0.000876	1.050334
-0.014415	1.899178	4.979686	0.000873	1.050339
0.108376	2.070958	4.989683	0.000851	1.050622
0.000000	2.145956	4.999680	0.000871	1.050664

-0.077372	2.259100	5.004685	0.000884	1.050770
0.064460	2.377256	5.009690	0.000859	1.050994
0.236671	2.580464	5.014694	0.000828	1.051343
0.494842	2.773232	5.019699	0.000782	1.051722
0.523213	3.095792	5.024704	0.000777	1.052151
0.797023	3.411695	5.029709	0.000728	1.052695
1.128644	3.706900	5.034714	0.000668	1.053243
1.389360	4.022735	5.039718	0.000621	1.053780
1.679209	4.387023	5.044723	0.000569	1.054395
1.821294	4.878770	5.049728	0.000544	1.055096
2.099244	5.375964	5.054733	0.000494	1.055873
2.526823	5.769742	5.059738	0.000417	1.056594
2.888989	6.288880	5.064742	0.000353	1.057441
3.128228	6.825126	5.069747	0.000310	1.058246
3.365641	7.379553	5.074752	0.000267	1.059073
3.699449	7.984450	5.079757	0.000207	1.060013
4.117727	8.553052	5.084762	0.000132	1.060948
4.274848	9.265396	5.089766	0.000104	1.061933
4.639144	9.920324	5.094771	0.000039	1.062949
4.915003	10.605220	5.099776	-0.000011	1.063958
5.128052	11.396484	5.104781	-0.000049	1.065068
5.569562	12.113586	5.109786	-0.000128	1.066198
5.908235	12.920871	5.114790	-0.000189	1.067390
6.199224	13.716096	5.119795	-0.000241	1.068541
6.564980	14.534393	5.124800	-0.000307	1.069757
7.122836	15.297782	5.129805	-0.000407	1.070999
7.503050	16.125180	5.134810	-0.000475	1.072231
7.837592	16.976154	5.139814	-0.000535	1.073469
8.383366	17.762131	5.144819	-0.000633	1.074729
8.842995	18.586525	5.149824	-0.000715	1.075992
9.265643	19.450996	5.154829	-0.000791	1.077286
9.572405	20.348415	5.159834	-0.000846	1.078562
10.037669	21.215142	5.164838	-0.000929	1.079877
10.410452	22.142112	5.169843	-0.000996	1.081220
10.835008	23.075426	5.174848	-0.001072	1.082594
11.090404	24.023104	5.179853	-0.001118	1.083901
11.554094	24.990299	5.184858	-0.001201	1.085333
12.095859	25.909681	5.189862	-0.001298	1.086742
12.466303	26.892484	5.194867	-0.001365	1.088144
12.869867	27.875718	5.199872	-0.001437	1.089561
13.383731	28.845707	5.204877	-0.001529	1.091014
13.806372	29.856853	5.209882	-0.001605	1.092471
14.184941	30.859372	5.214886	-0.001673	1.093894
14.626262	31.880901	5.219891	-0.001752	1.095369
14.848875	33.027234	5.224896	-0.001792	1.096889
15.339442	34.081917	5.229901	-0.001880	1.098424
15.705660	35.181041	5.234906	-0.001946	1.099952
16.230125	36.250481	5.239910	-0.002040	1.101517
16.724851	37.318510	5.244915	-0.002128	1.103065
17.244417	38.367497	5.249920	-0.002221	1.104599
17.777101	39.429249	5.254925	-0.002317	1.106153
18.193207	40.525160	5.259930	-0.002391	1.107689
18.599210	41.627560	5.264934	-0.002464	1.109227
19.100797	42.725194	5.269939	-0.002554	1.110803
19.422867	43.898596	5.274944	-0.002612	1.112382
19.866723	45.032922	5.279949	-0.002692	1.113970
20.408865	46.145152	5.284954	-0.002789	1.115576
21.078672	47.207485	5.289958	-0.002909	1.117180
21.478207	48.318908	5.294963	-0.002980	1.118713
21.907873	49.474799	5.299968	-0.003058	1.120311
22.470990	50.585689	5.304973	-0.003158	1.121916
22.942357	51.666302	5.309978	-0.003243	1.123439
23.370333	52.837147	5.314982	-0.003320	1.125047
23.501480	54.138190	5.319987	-0.003343	1.126668
23.919650	55.362458	5.324992	-0.003418	1.128331
24.425238	56.567640	5.329997	-0.003509	1.130010
24.775215	57.866918	5.335002	-0.003572	1.131725
25.312778	59.043457	5.340006	-0.003668	1.133380
25.852330	60.261608	5.345011	-0.003765	1.135082
26.379623	61.474566	5.350016	-0.003859	1.136771
26.605024	62.809890	5.355021	-0.003900	1.138460
27.061977	64.097224	5.360026	-0.003982	1.140198
27.570418	65.389906	5.365030	-0.004073	1.141964
28.007964	66.662106	5.370035	-0.004152	1.143670
28.560058	67.934037	5.375040	-0.004251	1.145426
28.993752	69.247064	5.380045	-0.004328	1.147173
29.516732	70.495528	5.385050	-0.004422	1.148883
29.951490	71.817807	5.390054	-0.004500	1.150635
30.431863	73.112006	5.395059	-0.004586	1.152374
31.000937	74.363096	5.400064	-0.004688	1.154100
31.599741	75.600594	5.405069	-0.004796	1.155822
31.996147	76.926236	5.410074	-0.004867	1.157550
32.374756	78.270088	5.415078	-0.004935	1.159289
32.801390	79.610318	5.420083	-0.005011	1.161043
33.271068	80.937991	5.425088	-0.005096	1.162800
33.649183	82.310602	5.430093	-0.005163	1.164564
34.355771	83.559507	5.435098	-0.005290	1.166332
34.884567	84.859312	5.440102	-0.005385	1.168075
35.452410	86.132769	5.445107	-0.005487	1.169803
35.987989	87.431273	5.450112	-0.005583	1.171543
36.237523	88.807575	5.455117	-0.005627	1.173239
36.449910	90.282602	5.460122	-0.005666	1.175030
37.011587	91.667419	5.465126	-0.005766	1.176872
37.404898	93.075890	5.470131	-0.005837	1.178662
37.896701	94.497395	5.475136	-0.005925	1.180510
38.518005	95.838958	5.480141	-0.006037	1.182321
39.062213	97.154099	5.485146	-0.006134	1.184065
39.553954	98.547386	5.490150	-0.006222	1.185871
40.076196	99.916097	5.495155	-0.006316	1.187660
40.645340	101.242878	5.500160	-0.006418	1.189420
41.028773	102.668577	5.505165	-0.006487	1.191207
41.466329	104.039044	5.510170	-0.006565	1.192952
42.065218	105.403095	5.515174	-0.006673	1.194760
42.522666	106.800655	5.520179	-0.006755	1.196539
43.000237	108.178434	5.525184	-0.006840	1.198303
43.710457	109.492230	5.530189	-0.006968	1.200095
44.291548	110.803691	5.535194	-0.007072	1.201825
45.008331	112.006449	5.540198	-0.007200	1.203490
45.433260	113.347553	5.545203	-0.007277	1.205179
46.044440	114.622770	5.550208	-0.007386	1.206874
46.496161	115.915140	5.555213	-0.007467	1.208516
46.779450	117.340590	5.560218	-0.007518	1.210229
47.190408	118.725953	5.565222	-0.007592	1.211952
47.543686	120.139459	5.570227	-0.007655	1.213678
48.125046	121.494322	5.575232	-0.007759	1.215436
48.587391	122.897750	5.580237	-0.007842	1.217193
49.128395	124.256964	5.585242	-0.007939	1.218934
49.617350	125.638068	5.590246	-0.008027	1.220673
50.011622	127.061681	5.595251	-0.008098	1.222415
50.503701	128.445410	5.600256	-0.008186	1.224154
50.956858	129.877641	5.605261	-0.008267	1.225926
51.411787	131.279904	5.610266	-0.008349	1.227664
51.843240	132.736695	5.615270	-0.008426	1.229449
52.199965	134.241442	5.620275	-0.008490	1.231251
52.480950	135.763828	5.625280	-0.008541	1.233038
52.933357	137.292876	5.630285	-0.008622	1.234903
53.338330	138.848597	5.635290	-0.008695	1.236773
53.931908	140.331954	5.640294	-0.008801	1.238643
54.304226	141.898045	5.645299	-0.008868	1.240505
54.801673	143.404090	5.650304	-0.008957	1.242353
55.492884	144.831885	5.655309	-0.009081	1.244196
55.827212	146.420285	5.660314	-0.009141	1.246058
56.548501	147.828473	5.665318	-0.009271	1.247887
57.315463	149.212832	5.670323	-0.009408	1.249707
58.024165	150.552766	5.675328	-0.009535	1.251451
58.665249	151.866752	5.680333	-0.009650	1.253137
59.218069	153.231724	5.685338	-0.009749	1.254837
59.573448	154.691410	5.690342	-0.009813	1.256554
59.870378	156.153565	5.695347	-0.009866	1.258246
60.389065	157.595448	5.700352	-0.009959	1.260008
60.932767	159.014271	5.705357	-0.010057	1.261753
61.257914	160.471509	5.710362	-0.010115	1.263445
61.674769	161.996039	5.715366	-0.010190	1.265244
61.955308	163.552018	5.720371	-0.010240	1.267018
62.382708	165.097083	5.725376	-0.010317	1.268838
62.905001	166.631999	5.730381	-0.010411	1.270685
63.337226	168.148358	5.735386	-0.010488	1.272472
63.887313	169.678156	5.740390	-0.010587	1.274320
64.172848	171.322255	5.745395	-0.010638	1.276176
64.644822	172.895163	5.750400	-0.010723	1.278031
65.027942	174.528632	5.755405	-0.010792	1.279910
65.671957	176.041704	5.760410	-0.010907	1.281768
66.212911	177.589100	5.765414	-0.011004	1.283617
66.744174	179.153014	5.770419	-0.011099	1.285476
67.187127	180.711040	5.775424	-0.011179	1.287290
67.621158	182.336514	5.780429	-0.011257	1.289169
68.054289	183.961931	5.785434	-0.011335	1.291044
68.430119	185.589722	5.790438	-0.011402	1.292895
68.878558	187.248073	5.795443	-0.011483	1.294806
69.135043	188.996528	5.800448	-0.011529	1.296728
69.730669	190.644835	5.805453	-0.011636	1.298682
70.254943	192.299538	5.810458	-0.011730	1.300611
70.622170	194.035268	5.815462	-0.011796	1.302557
70.952961	195.803402	5.820467	-0.011855	1.304518
71.508612	197.486983	5.825472	-0.011955	1.306480
71.826531	199.288013	5.830477	-0.012012	1.308465
72.234772	201.083454	5.835482	-0.012085	1.310477
72.755745	202.808158	5.840486	-0.012179	1.312458
72.982441	204.704888	5.845491	-0.012219	1.314495
73.340678	206.585041	5.850496	-0.012284	1.316564
73.787095	208.444085	5.855501	-0.012364	1.318644
74.328978	210.279839	5.860506	-0.012461	1.320734
74.836119	212.114265	5.865510	-0.012552	1.322806
75.229018	214.024939	5.870515	-0.012623	1.324907
75.609426	215.928676	5.875520	-0.012691	1.326993
76.087871	217.839252	5.880525	-0.012777	1.329121
76.595222	219.725490	5.885530	-0.012868	1.331232
76.891959	221.715255	5.890534	-0.012921	1.333362
77.332215	223.698657	5.895539	-0.013000	1.335538
77.567228	225.759071	5.900544	-0.013043	1.337707
78.071990	227.788384	5.905549	-0.013133	1.339947
78.438219	229.841164	5.910554	-0.013199	1.342153
78.993670	231.857207	5.915558	-0.013299	1.344393
79.444256	233.903862	5.920563	-0.013380	1.346618
80.105560	235.863370	5.925568	-0.013498	1.348835
80.427923	237.956355	5.930573	-0.013556	1.351049
81.076007	239.908848	5.935578	-0.013673	1.353247
81.652154	241.914808	5.940582	-0.013776	1.355466
82.370569	243.791129	5.945587	-0.013905	1.357607
82.773421	245.826289	5.950592	-0.013977	1.359781
83.264872	247.795010	5.955597	-0.014065	1.361920
83.729992	249.791225	5.960602	-0.014149	1.364072
84.193416	251.805687	5.965606	-0.014232	1.366238
84.728788	253.789387	5.970611	-0.014328	1.368398
85.200201	255.822566	5.975616	-0.014413	1.370578
85.514371	257.897037	5.980621	-0.014469	1.372736
86.173619	259.880712	5.985626	-0.014588	1.374933
86.670834	261.881991	5.990630	-0.014677	1.377081
87.006332	263.995778	5.995635	-0.014737	1.379275
87.541795	266.026306	6.000640	-0.014833	1.381460
87.723238	268.231180	6.005645	-0.014866	1.383676
88.312191	270.298681	6.010650	-0.014972	1.385910
88.715497	272.434834	6.015654	-0.015044	1.388137
89.184254	274.571421	6.020659	-0.015128	1.390385
89.508117	276.743316	6.025664	-0.015187	1.392610
90.068889	278.918852	6.030669	-0.015287	1.394923
90.448244	281.101794	6.035674	-0.015355	1.397171
90.808550	283.376757	6.040678	-0.015420	1.399497
91.255379	285.580771	6.045683	-0.015500	1.401784
91.581718	287.885986	6.050688	-0.015559	1.404118
92.056621	290.162499	6.055693	-0.015644	1.406477
92.567311	292.419784	6.060698	-0.015736	1.408827
92.874096	294.780144	6.065702	-0.015791	1.411195
93.352069	297.100801	6.070707	-0.015877	1.413585
93.883491	299.411181	6.075712	-0.015973	1.415980
94.426488	301.711682	6.080717	-0.016070	1.418367
94.924783	304.011154	6.085722	-0.016160	1.420732
95.562346	306.250726	6.090726	-0.016274	1.423088
96.065042	308.543192	6.095731	-0.016364	1.425440
96.581738	310.799287	6.100736	-0.016457	1.427759
96.997706	313.143570	6.105741	-0.016532	1.430120
97.625493	315.355991	6.110746	-0.016644	1.432431
98.170324	317.626018	6.115750	-0.016742	1.434762
98.659628	319.906248	6.120755	-0.016830	1.437078
99.313082	322.113673	6.125760	-0.016947	1.439383
99.674069	324.380493	6.130765	-0.017012	1.441632
99.966388	326.781115	6.135770	-0.017065	1.443978
100.594615	329.027127	6.140774	-0.017178	1.446298
101.068800	331.355556	6.145779	-0.017263	1.448635
101.729377	333.554771	6.150784	-0.017381	1.450916
102.182981	335.866985	6.155789	-0.017463	1.453223
102.696247	338.133366	6.160794	-0.017555	1.455505
103.291649	340.384798	6.165798	-0.017662	1.457799
103.629046	342.756317	6.170803	-0.017722	1.460108
104.090117	345.073817	6.175808	-0.017805	1.462408
104.550053	347.435322	6.180813	-0.017888	1.464744
105.208152	349.648999	6.185818	-0.018006	1.467012
105.674612	351.989338	6.190822	-0.018090	1.469323
106.232679	354.232455	6.195827	-0.018190	1.471575
106.673174	356.547238	6.200832	-0.018269	1.473847
107.092270	358.882599	6.205837	-0.018344	1.476126
107.457687	361.286586	6.210842	-0.018410	1.478446
108.175642	363.518249	6.215846	-0.018539	1.480729
108.677688	365.834657	6.220851	-0.018629	1.483010
109.280958	368.092672	6.225856	-0.018737	1.485270
109.790558	370.367395	6.230861	-0.018829	1.487509
110.372088	372.628918	6.235866	-0.018933	1.489757
110.850722	374.902467	6.240870	-0.019019	1.491977
111.437587	377.157915	6.245875	-0.019124	1.494215
111.888726	379.427026	6.250880	-0.019205	1.496415
112.379361	381.734730	6.255885	-0.019294	1.498659
112.912612	383.963931	6.260890	-0.019389	1.500845
113.567492	386.159773	6.265894	-0.019507	1.503040
114.087683	388.397614	6.270899	-0.019600	1.505222
114.425769	390.710585	6.275904	-0.019661	1.507406
114.999516	392.969221	6.280909	-0.019764	1.509619
115.540396	395.167297	6.285914	-0.019861	1.511763
116.159793	397.378348	6.290918	-0.019972	1.513943
116.718571	399.579341	6.295923	-0.020072	1.516090
117.220184	401.802764	6.300928	-0.020163	1.518234
117.777165	403.981800	6.305933	-0.020263	1.520355
118.148114	406.232630	6.310938	-0.020329	1.522473
118.753955	408.431950	6.315942	-0.020438	1.524622
119.190269	410.670714	6.320947	-0.020516	1.526745
119.667443	412.927245	6.325952	-0.020602	1.528895
120.198527	415.116352	6.330957	-0.020697	1.531001
120.653275	417.391309	6.335962	-0.020779	1.533153
121.290248	419.558953	6.340966	-0.020893	1.535270
121.778301	421.795003	6.345971	-0.020981	1.537394
122.285102	424.008112	6.350976	-0.021072	1.539500
122.793524	426.202671	6.355981	-0.021163	1.541588
123.452217	428.347366	6.360986	-0.021281	1.543681
123.902066	430.531872	6.365990	-0.021362	1.545735
124.314347	432.787939	6.370995	-0.021436	1.547836
124.830271	434.978037	6.376000	-0.021529	1.549911
125.546606	437.079324	6.381005	-0.021657	1.551973
125.892082	439.322025	6.386010	-0.021719	1.554032
126.331994	441.542694	6.391014	-0.021798	1.556100
126.876305	443.748399	6.396019	-0.021896	1.558187
127.476399	445.878149	6.401024	-0.022004	1.560224
127.970825	448.066651	6.406029	-0.022093	1.562274
128.341545	450.314541	6.411034	-0.022159	1.564332
128.820091	452.538797	6.416038	-0.022245	1.566402
129.273223	454.804662	6.421043	-0.022327	1.568496
129.796886	456.981246	6.426048	-0.022421	1.570535
130.216633	459.284403	6.431053	-0.022496	1.572645
130.735234	461.525077	6.436058	-0.022589	1.574731
131.307742	463.743902	6.441062	-0.022692	1.576813
131.741485	466.013393	6.446067	-0.022770	1.578890
132.146013	468.264733	6.451072	-0.022843	1.580940
132.794165	470.470128	6.456077	-0.022959	1.583027
133.111180	472.783263	6.461082	-0.023016	1.585095
133.621468	475.078860	6.466086	-0.023107	1.587208
134.138641	477.353982	6.471091	-0.023200	1.589304
134.659673	479.589761	6.476096	-0.023294	1.591364
135.150662	481.896532	6.481101	-0.023382	1.593472
135.270699	484.321514	6.486106	-0.023404	1.595557
135.948386	486.635688	6.491110	-0.023525	1.597726
136.471915	488.926170	6.496115	-0.023619	1.599822
137.088419	491.179235	6.501120	-0.023730	1.601914
137.504771	493.540087	6.506125	-0.023805	1.604029
138.114695	495.786893	6.511130	-0.023914	1.606108
138.688884	498.057994	6.516134	-0.024017	1.608193
139.129266	500.309214	6.521139	-0.024097	1.610216
139.618640	502.645398	6.526144	-0.024184	1.612323
140.180558	504.918304	6.531149	-0.024285	1.614398
140.609547	507.222239	6.536154	-0.024362	1.616453
141.210713	509.515328	6.541158	-0.024470	1.618551
141.643291	511.795006	6.546163	-0.024548	1.620582
142.243696	514.045621	6.551168	-0.024656	1.622640
142.747956	516.306166	6.556173	-0.024746	1.624672
143.241118	518.566737	6.561178	-0.024835	1.626699
143.951764	520.771599	6.566182	-0.024962	1.628746
144.476862	522.923407	6.571187	-0.025057	1.630687
144.920006	525.183415	6.576192	-0.025136	1.632690
145.482350	527.392040	6.581197	-0.025237	1.634685
145.828640	529.659135	6.586202	-0.025299	1.636658
146.388628	531.923754	6.591206	-0.025400	1.638694
147.065036	534.020641	6.596211	-0.025521	1.640626
147.586648	536.224875	6.601216	-0.025615	1.642596
148.012834	538.463258	6.606221	-0.025691	1.644560
148.657769	540.590401	6.611226	-0.025807	1.646500
149.152908	542.792511	6.616230	-0.025896	1.648452
149.669284	544.921171	6.621235	-0.025989	1.650349
149.981019	547.220098	6.626240	-0.026045	1.652318
150.638513	549.363693	6.631245	-0.026163	1.654266
151.144309	551.531508	6.636250	-0.026254	1.656184
151.804212	553.680509	6.641254	-0.026372	1.658133
152.278302	555.784954	6.646259	-0.026457	1.659985
152.887827	557.900409	6.651264	-0.026566	1.661886
153.239114	560.117956	6.656269	-0.026630	1.663788
153.765111	562.231979	6.661274	-0.026724	1.665657
154.343566	564.368883	6.666278	-0.026828	1.667560
154.676868	566.571043	6.671283	-0.026888	1.669437
155.215752	568.718642	6.676288	-0.026984	1.671331
155.659189	570.948772	6.681293	-0.027064	1.673260
156.163941	573.090022	6.686298	-0.027155	1.675134
156.640193	575.319221	6.691302	-0.027240	1.677068
157.041462	577.550848	6.696307	-0.027312	1.678979
157.624524	579.708203	6.701312	-0.027417	1.680884
158.189432	581.897339	6.706317	-0.027518	1.682806
158.515766	584.121092	6.711322	-0.027577	1.684681
159.260144	586.242574	6.716326	-0.027711	1.686599
159.589124	588.504632	6.721331	-0.027770	1.688501
159.967673	590.708693	6.726336	-0.027838	1.690370
160.494970	592.971058	6.731341	-0.027932	1.692328
160.988735	595.207812	6.736346	-0.028021	1.694253
161.731044	597.324221	6.741350	-0.028154	1.696156
162.232754	599.527277	6.746355	-0.028244	1.698052
162.589554	601.717246	6.751360	-0.028308	1.699892
162.989471	603.992358	6.756365	-0.028380	1.701811
163.579700	606.174170	6.761370	-0.028486	1.703711
163.947981	608.439560	6.766374	-0.028552	1.705608
164.471557	610.701645	6.771379	-0.028646	1.707546
165.023064	612.870777	6.776384	-0.028745	1.709418
165.702484	615.006973	6.781389	-0.028867	1.711300
166.077197	617.276265	6.786394	-0.028935	1.713194
166.650022	619.431592	6.791398	-0.029037	1.715055
167.332520	621.571738	6.796403	-0.029160	1.716934
168.021905	623.612353	6.801408	-0.029284	1.718736
168.607667	625.632553	6.806413	-0.029389	1.720490
169.053722	627.763889	6.811418	-0.029469	1.722286
169.797729	629.713810	6.816422	-0.029602	1.724028
170.335007	631.741316	6.821427	-0.029699	1.725767
170.862473	633.763427	6.826432	-0.029793	1.727497
171.372463	635.762732	6.831437	-0.029885	1.729202
171.942755	637.719812	6.836442	-0.029987	1.730891
172.435689	639.761222	6.841446	-0.030076	1.732620
173.025298	641.678505	6.846451	-0.030181	1.734280
173.564652	643.661573	6.851456	-0.030278	1.735975
174.466868	645.457447	6.856461	-0.030440	1.737630
174.983584	647.255265	6.861466	-0.030533	1.739171
175.748014	648.991113	6.866470	-0.030670	1.740736
176.499945	650.683005	6.871475	-0.030804	1.742262
177.323063	652.205016	6.876480	-0.030952	1.743677
178.476984	653.552053	6.881485	-0.031158	1.745052
179.154323	654.942005	6.886490	-0.031280	1.746320
179.963481	656.230562	6.891494	-0.031425	1.747547
180.764972	657.428939	6.896499	-0.031568	1.748702
181.431937	658.565184	6.901504	-0.031688	1.749769
182.087651	659.763760	6.906509	-0.031805	1.750880
182.809701	660.829824	6.911514	-0.031935	1.751909
183.433565	661.917900	6.916518	-0.032047	1.752924
184.023698	662.931138	6.921523	-0.032152	1.753872
184.555539	663.981887	6.926528	-0.032248	1.754832
185.306465	664.947562	6.931533	-0.032382	1.755789
186.051837	665.803799	6.936538	-0.032516	1.756660
187.001511	666.545752	6.941542	-0.032686	1.757503
188.652624	666.821714	6.946547	-0.032981	1.758193
190.547756	666.567312	6.951552	-0.033320	1.758548
192.388102	666.208322	6.956557	-0.033650	1.758807
193.721107	665.429842	6.961562	-0.033888	1.758598
194.663083	664.879437	6.966566	-0.034056	1.758451
195.291460	664.350126	6.971571	-0.034169	1.758229
195.847663	663.723990	6.976576	-0.034268	1.757912
196.572890	663.017650	6.981581	-0.034398	1.757583
197.023300	662.393996	6.986586	-0.034479	1.757237
197.207627	661.941021	6.991590	-0.034512	1.756944
197.544411	661.467624	6.996595	-0.034572	1.756680
197.946934	660.953405	7.001600	-0.034644	1.756403
198.240493	660.609188	7.006605	-0.034696	1.756226
198.313537	660.346628	7.011610	-0.034709	1.756046
198.647412	660.231889	7.016614	-0.034769	1.756055
198.871595	660.137748	7.021619	-0.034809	1.756048
199.072319	660.060062	7.026624	-0.034845	1.756047
199.264525	659.997039	7.031629	-0.034880	1.756055
199.629977	659.838066	7.036634	-0.034945	1.756039
199.735861	660.025208	7.041638	-0.034964	1.756213
199.998731	660.169956	7.046643	-0.035011	1.756400
200.129001	660.499002	7.051648	-0.035035	1.756690
200.241610	660.954299	7.056653	-0.035055	1.757070
200.413181	661.389787	7.061658	-0.035086	1.757453
200.852772	661.811776	7.066662	-0.035164	1.757903
201.022046	662.373888	7.071667	-0.035195	1.758381
201.149359	662.972745	7.076672	-0.035218	1.758876
201.296492	663.712555	7.081677	-0.035244	1.759483
201.381611	664.585432	7.086682	-0.035259	1.760174
201.540829	665.569353	7.091686	-0.035288	1.760970
201.811686	666.533532	7.096691	-0.035337	1.761784
202.049351	667.571869	7.101696	-0.035379	1.762644
202.279135	668.669316	7.106701	-0.035421	1.763546
202.453280	669.868890	7.111706	-0.035452	1.764509
202.606628	671.174747	7.116710	-0.035480	1.765547
202.878472	672.521313	7.121715	-0.035529	1.766649
203.041957	673.972149	7.126720	-0.035558	1.767799
203.217644	675.442595	7.131725	-0.035590	1.768966
203.409021	677.051560	7.136730	-0.035624	1.770242
203.747639	678.651472	7.141734	-0.035685	1.771553
204.087961	680.310170	7.146739	-0.035746	1.772907
204.275428	682.051071	7.151744	-0.035780	1.774279
204.432138	683.910531	7.156749	-0.035808	1.775730
204.531637	685.896347	7.161754	-0.035826	1.777260
205.219581	687.697462	7.166758	-0.035950	1.778817
205.500283	689.632925	7.171763	-0.036000	1.780357
205.581039	691.713837	7.176768	-0.036015	1.781949
205.821857	693.817130	7.181773	-0.036058	1.783602
206.000786	696.050936	7.186778	-0.036091	1.785334
206.594029	698.153060	7.191782	-0.036197	1.787083
206.982786	700.283533	7.196787	-0.036267	1.788793
207.232195	702.539521	7.201792	-0.036312	1.790556
207.689383	704.814077	7.206797	-0.036394	1.792391
207.982398	707.097378	7.211802	-0.036447	1.794183
208.454404	709.413361	7.216806	-0.036532	1.796049
208.897819	711.713957	7.221811	-0.036611	1.797893
209.266695	714.025229	7.226816	-0.036678	1.799722
209.685897	716.443399	7.231821	-0.036753	1.801643
210.037758	718.854379	7.236826	-0.036816	1.803538
210.541268	721.250039	7.241830	-0.036907	1.805462
211.004914	723.667783	7.246835	-0.036990	1.807389
211.092203	726.231342	7.251840	-0.037006	1.809317
211.582003	728.776473	7.256845	-0.037094	1.811341
211.944459	731.359097	7.261850	-0.037159	1.813356
212.542077	733.853702	7.266854	-0.037266	1.815369
213.208358	736.335211	7.271859	-0.037386	1.817389
213.728145	738.733595	7.276864	-0.037479	1.819304
214.194790	741.267077	7.281869	-0.037563	1.821302
214.665669	743.753022	7.286874	-0.037648	1.823264
215.267599	746.201598	7.291878	-0.037756	1.825233
215.822210	748.668649	7.296883	-0.037855	1.827201
216.342910	751.046787	7.301888	-0.037949	1.829091
216.865318	753.536459	7.306893	-0.038043	1.831061
217.383216	755.963220	7.311898	-0.038136	1.832983
217.979000	758.350218	7.316902	-0.038243	1.834894
218.548372	760.764707	7.321907	-0.038345	1.836816
219.029428	763.083353	7.326912	-0.038431	1.838642
219.645408	765.462894	7.331917	-0.038542	1.840548
220.102371	767.865029	7.336922	-0.038624	1.842424
220.498750	770.265630	7.341926	-0.038695	1.844281
221.213827	772.606854	7.346931	-0.038823	1.846179
221.570362	775.000256	7.351936	-0.038888	1.848016
222.130912	777.377966	7.356941	-0.038988	1.849895
222.661275	779.739800	7.361946	-0.039083	1.851753
223.136516	782.089866	7.366950	-0.039169	1.853585
223.620081	784.505185	7.371955	-0.039256	1.855464
223.891138	786.995768	7.376960	-0.039304	1.857339
224.557470	789.328060	7.381965	-0.039424	1.859204
224.916245	791.794017	7.386970	-0.039489	1.861080
225.457773	794.195689	7.391974	-0.039586	1.862958
226.094926	796.554147	7.396979	-0.039700	1.864829
226.529879	798.984317	7.401984	-0.039778	1.866694
227.274011	801.223830	7.406989	-0.039912	1.868504
227.804718	803.562358	7.411994	-0.040007	1.870326
228.214497	805.944920	7.416998	-0.040081	1.872145
228.585384	808.344603	7.422003	-0.040147	1.873964
229.098695	810.741555	7.427008	-0.040240	1.875818
229.513874	813.143238	7.432013	-0.040314	1.877647
229.930544	815.576424	7.437018	-0.040389	1.879496
230.551294	817.938047	7.442022	-0.040500	1.881348
230.904414	820.399858	7.447027	-0.040564	1.883197
231.565898	822.763295	7.452032	-0.040683	1.885057
232.224451	825.105910	7.457037	-0.040801	1.886900
232.551967	827.493084	7.462042	-0.040860	1.888684
233.077709	829.913051	7.467046	-0.040954	1.890542
233.628484	832.289730	7.472051	-0.041053	1.892375
234.246637	834.582907	7.477056	-0.041164	1.894164
234.945687	836.838753	7.482061	-0.041289	1.895947
235.486592	839.099337	7.487066	-0.041386	1.897689
236.051351	841.325027	7.492070	-0.041488	1.899412
236.634767	843.541366	7.497075	-0.041593	1.901131
237.089741	845.784826	7.502080	-0.041674	1.902833
237.706073	847.991809	7.507085	-0.041785	1.904551
238.215736	850.207282	7.512090	-0.041876	1.906246
238.767161	852.356934	7.517094	-0.041975	1.907903
239.180375	854.583972	7.522099	-0.042050	1.909577
239.704693	856.819393	7.527104	-0.042144	1.911285
240.245474	858.983891	7.532109	-0.042241	1.912945
240.581772	861.287815	7.537114	-0.042301	1.914649
241.196846	863.500614	7.542118	-0.042412	1.916359
241.968550	865.497298	7.547123	-0.042550	1.917959
242.240120	867.760915	7.552128	-0.042599	1.919612
242.835903	869.955718	7.557133	-0.042706	1.921301
243.422086	872.035915	7.562138	-0.042811	1.922906
243.937022	874.195786	7.567142	-0.042903	1.924546
244.537731	876.324108	7.572147	-0.043011	1.926185
245.173163	878.316796	7.577152	-0.043125	1.927737
245.795025	880.336403	7.582157	-0.043237	1.929304
246.369848	882.362892	7.587162	-0.043340	1.930861
247.089466	884.253753	7.592166	-0.043469	1.932361
247.762569	886.144829	7.597171	-0.043590	1.933848
248.258409	888.045907	7.602176	-0.043679	1.935294
248.777973	889.944702	7.607181	-0.043772	1.936744
249.454991	891.656652	7.612186	-0.043893	1.938104
249.967591	893.492347	7.617190	-0.043985	1.939506
250.624031	895.309330	7.622195	-0.044103	1.940931
251.254332	896.997481	7.627200	-0.044216	1.942260
251.823858	898.685246	7.632205	-0.044318	1.943572
252.369448	900.444623	7.637210	-0.044416	1.944926
252.841047	902.194047	7.642214	-0.044501	1.946253
253.313152	903.880713	7.647219	-0.044585	1.947536
253.626636	905.708088	7.652224	-0.044642	1.948874
254.060654	907.546837	7.657229	-0.044720	1.950251
254.724973	909.286898	7.662234	-0.044839	1.951617
255.364718	910.922316	7.667238	-0.044953	1.952904
255.869334	912.673075	7.672243	-0.045044	1.954235
256.418169	914.355006	7.677248	-0.045142	1.955529
256.937747	916.038203	7.682253	-0.045236	1.956816
257.480880	917.646894	7.687258	-0.045333	1.958056
257.984948	919.323334	7.692262	-0.045423	1.959333
258.470287	921.035857	7.697267	-0.045511	1.960628
258.890770	922.734312	7.702272	-0.045586	1.961896
259.166734	924.525058	7.707277	-0.045636	1.963190
259.736420	926.257378	7.712282	-0.045738	1.964518
260.141512	928.051638	7.717286	-0.045811	1.965845
260.518777	929.869287	7.722291	-0.045878	1.967180
260.985712	931.658605	7.727296	-0.045962	1.968518
261.352458	933.547351	7.732301	-0.046028	1.969897
261.689570	935.506870	7.737306	-0.046089	1.971315
262.063023	937.395154	7.742310	-0.046156	1.972694
262.418537	939.436592	7.747315	-0.046220	1.974171
262.749632	941.500966	7.752320	-0.046279	1.975656
263.246880	943.494894	7.757325	-0.046368	1.977134
263.699099	945.507013	7.762330	-0.046450	1.978612
264.202242	947.531855	7.767334	-0.046540	1.980110
264.835360	949.518667	7.772339	-0.046654	1.981614
265.377798	951.419937	7.777344	-0.046751	1.983036
266.005865	953.338793	7.782349	-0.046864	1.984491
266.465382	955.325830	7.787354	-0.046946	1.985948
266.916248	957.244589	7.792358	-0.047027	1.987356
267.422411	959.201308	7.797363	-0.047118	1.988802
267.754946	961.272771	7.802368	-0.047178	1.990281
268.159242	963.309291	7.807373	-0.047250	1.991753
268.581562	965.344033	7.812378	-0.047326	1.993228
269.162981	967.373894	7.817382	-0.047430	1.994738
269.622053	969.451616	7.822387	-0.047513	1.996248
270.106380	971.400985	7.827392	-0.047600	1.997677
270.661175	973.450806	7.832397	-0.047699	1.999190
271.134030	975.507391	7.837402	-0.047784	2.000686
271.561707	977.524396	7.842406	-0.047861	2.002144
272.054595	979.592119	7.847411	-0.047950	2.003650
272.500539	981.686698	7.852416	-0.048030	2.005161
272.855150	983.810576	7.857421	-0.048093	2.006668
273.289154	985.904193	7.862426	-0.048171	2.008174
273.606295	988.153323	7.867430	-0.048228	2.009753
274.018867	990.402961	7.872435	-0.048303	2.011355
274.393097	992.623521	7.877440	-0.048370	2.012926
274.827329	994.935188	7.882445	-0.048448	2.014572
275.277792	997.236110	7.887450	-0.048529	2.016213
275.763031	999.441620	7.892454	-0.048616	2.017798
276.109551	1001.827182	7.897459	-0.048678	2.019467
276.501415	1004.212444	7.902464	-0.048749	2.021146
276.815402	1006.607002	7.907469	-0.048805	2.022811
277.286210	1009.055759	7.912474	-0.048890	2.024548
277.751642	1011.473892	7.917478	-0.048973	2.026262
278.315067	1013.853074	7.922483	-0.049075	2.027973
278.597865	1016.358615	7.927488	-0.049126	2.029697
279.052613	1018.848032	7.932493	-0.049207	2.031451
279.672006	1021.279179	7.937498	-0.049318	2.033205
280.230014	1023.683721	7.942502	-0.049419	2.034926
280.561416	1026.205357	7.947507	-0.049478	2.036666
280.987766	1028.676649	7.952512	-0.049555	2.038395
281.545823	1031.167165	7.957517	-0.049655	2.040168
281.949102	1033.683013	7.962522	-0.049728	2.041917
282.440767	1036.173561	7.967526	-0.049816	2.043670
282.820641	1038.783270	7.972531	-0.049884	2.045473
283.162362	1041.326310	7.977536	-0.049946	2.047221
283.550170	1044.013155	7.982541	-0.050015	2.049073
283.989511	1046.699128	7.987546	-0.050094	2.050934
284.620941	1049.267627	7.992550	-0.050208	2.052764
285.002863	1051.950127	7.997555	-0.050276	2.054606
285.435061	1054.596791	8.002560	-0.050354	2.056436
285.825291	1057.290739	8.007565	-0.050424	2.058284
286.261094	1060.047293	8.012570	-0.050503	2.060182
286.886893	1062.635443	8.017574	-0.050615	2.062015
287.204181	1065.453836	8.022579	-0.050672	2.063922
287.688324	1068.173809	8.027584	-0.050759	2.065802
288.156604	1070.885232	8.032589	-0.050843	2.067672
288.613057	1073.665171	8.037594	-0.050925	2.069582
289.163165	1076.411968	8.042598	-0.051024	2.071490
289.702345	1079.148678	8.047603	-0.051121	2.073388
290.206663	1081.871730	8.052608	-0.051212	2.075267
290.761951	1084.500810	8.057613	-0.051311	2.077095
291.172424	1087.295225	8.062618	-0.051385	2.078995
291.663610	1090.041369	8.067622	-0.051474	2.080880
292.296835	1092.694324	8.072627	-0.051587	2.082737
292.864458	1095.347348	8.077632	-0.051689	2.084577
293.184503	1098.122920	8.082637	-0.051747	2.086436
293.535156	1100.915661	8.087642	-0.051810	2.088311
293.998672	1103.732683	8.092646	-0.051893	2.090227
294.411089	1106.554711	8.097651	-0.051967	2.092132
294.887514	1109.393819	8.102656	-0.052053	2.094061
295.357233	1112.269256	8.107661	-0.052137	2.096010
295.872001	1115.098304	8.112666	-0.052230	2.097938
296.327552	1117.959527	8.117670	-0.052312	2.099871
296.969351	1120.710925	8.122675	-0.052427	2.101776
297.545842	1123.471196	8.127680	-0.052531	2.103669
298.060804	1126.255329	8.132685	-0.052623	2.105562
298.439133	1129.046403	8.137690	-0.052691	2.107425
298.964063	1131.847814	8.142694	-0.052786	2.109327
299.495850	1134.631040	8.147699	-0.052881	2.111218
300.061332	1137.381761	8.152704	-0.052983	2.113094
300.664174	1140.124212	8.157709	-0.053091	2.114972
301.068150	1142.812739	8.162714	-0.053164	2.116767
301.556810	1145.623813	8.167718	-0.053251	2.118659
302.084996	1148.409067	8.172723	-0.053346	2.120541
302.499986	1151.137330	8.177728	-0.053421	2.122360
302.693596	1154.113557	8.182733	-0.053456	2.124282
303.120210	1157.025869	8.187738	-0.053533	2.126216
303.791013	1159.824888	8.192742	-0.053653	2.128133
304.424232	1162.641995	8.197747	-0.053767	2.130051
304.806713	1165.461482	8.202752	-0.053836	2.131911
305.476891	1168.258468	8.207757	-0.053956	2.133821
305.956585	1171.062467	8.212762	-0.054042	2.135691
306.612238	1173.731322	8.217766	-0.054160	2.137514
307.268497	1176.431209	8.222771	-0.054278	2.139355
307.712118	1179.119339	8.227776	-0.054357	2.141139
308.310424	1181.798351	8.232781	-0.054465	2.142950
308.714157	1184.561227	8.237786	-0.054537	2.144768
309.215089	1187.211565	8.242790	-0.054627	2.146537
309.813110	1189.908240	8.247795	-0.054735	2.148355
310.171639	1192.667333	8.252800	-0.054799	2.150156
310.711327	1195.341955	8.257805	-0.054896	2.151943
311.247371	1198.080878	8.262810	-0.054992	2.153769
311.805858	1200.735529	8.267814	-0.055093	2.155545
312.335808	1203.377125	8.272819	-0.055188	2.157306
312.845601	1206.029218	8.277824	-0.055280	2.159067
313.447805	1208.670658	8.282829	-0.055388	2.160841
313.893087	1211.322330	8.287834	-0.055468	2.162584
314.493522	1213.920537	8.292838	-0.055575	2.164327
315.241899	1216.404813	8.297843	-0.055710	2.166033
315.786424	1218.908526	8.302848	-0.055807	2.167702
316.331696	1221.434104	8.307853	-0.055905	2.169385
317.036749	1223.839635	8.312858	-0.056032	2.171027
317.754667	1226.172932	8.317862	-0.056161	2.172627
318.262127	1228.573201	8.322867	-0.056252	2.174219
318.816192	1230.885659	8.327872	-0.056351	2.175767
319.429475	1233.163953	8.332877	-0.056461	2.177306
319.901998	1235.500651	8.337882	-0.056546	2.178848
320.417885	1237.821373	8.342886	-0.056639	2.180389
320.918735	1240.122437	8.347891	-0.056729	2.181913
321.416991	1242.429553	8.352896	-0.056818	2.183440
321.842156	1244.800972	8.357901	-0.056895	2.184988
322.245313	1247.139662	8.362906	-0.056967	2.186510
322.873926	1249.448433	8.367910	-0.057080	2.188063
323.428673	1251.798955	8.372915	-0.057179	2.189624
323.807692	1254.109452	8.377920	-0.057248	2.191121
324.332280	1256.465167	8.382925	-0.057342	2.192676
324.645554	1258.904127	8.387930	-0.057398	2.194234
325.196671	1261.219888	8.392934	-0.057497	2.195768
325.788767	1263.540021	8.397939	-0.057603	2.197313
326.437650	1265.830623	8.402944	-0.057720	2.198852
327.234792	1267.984836	8.407949	-0.057863	2.200339
327.800762	1270.117120	8.412954	-0.057964	2.201761
328.324652	1272.299911	8.417958	-0.058058	2.203203
329.062355	1274.374341	8.422963	-0.058191	2.204626
329.552667	1276.383187	8.427968	-0.058279	2.205953
330.101470	1278.462028	8.432973	-0.058377	2.207335
330.653793	1280.535413	8.437978	-0.058476	2.208713
331.076967	1282.635978	8.442982	-0.058552	2.210079
331.619455	1284.660680	8.447987	-0.058650	2.211424
332.139209	1286.754393	8.452992	-0.058743	2.212805
332.724513	1288.765662	8.457997	-0.058848	2.214149
333.209887	1290.739108	8.463002	-0.058935	2.215448
333.756152	1292.742222	8.468006	-0.059033	2.216777
334.111814	1294.845004	8.473011	-0.059097	2.218124
334.358456	1297.041481	8.478016	-0.059141	2.219503
334.828018	1299.129660	8.483021	-0.059226	2.220864
335.298512	1301.326249	8.488026	-0.059310	2.222290
335.790748	1303.507462	8.493030	-0.059399	2.223711
336.176997	1305.695907	8.498035	-0.059468	2.225112
336.551090	1307.877537	8.503040	-0.059535	2.226505
337.012050	1310.178134	8.508045	-0.059618	2.227988
337.531004	1312.441504	8.513050	-0.059711	2.229460
338.034870	1314.601419	8.518054	-0.059802	2.230865
338.420869	1316.951582	8.523059	-0.059871	2.232358
338.802693	1319.268749	8.528064	-0.059940	2.233830
339.180039	1321.594155	8.533069	-0.060008	2.235304
339.636854	1323.934511	8.538074	-0.060090	2.236803
340.044008	1326.328237	8.543078	-0.060163	2.238323
340.637595	1328.698959	8.548083	-0.060269	2.239868
340.759605	1331.207414	8.553088	-0.060292	2.241393
341.150062	1333.771619	8.558093	-0.060362	2.243007
341.579061	1336.313954	8.563098	-0.060439	2.244616
342.392454	1338.622257	8.568103	-0.060585	2.246166
342.723311	1341.182463	8.573107	-0.060644	2.247762
343.259917	1343.664311	8.578112	-0.060741	2.249354
343.728249	1346.106328	8.583117	-0.060825	2.250907
343.979086	1348.736695	8.588122	-0.060870	2.252524
344.585030	1351.294059	8.593127	-0.060979	2.254172
345.087960	1353.778583	8.598131	-0.061069	2.255754
345.744822	1356.201630	8.603136	-0.061187	2.257332
346.275279	1358.662714	8.608141	-0.061282	2.258903
346.746712	1361.116400	8.613146	-0.061367	2.260457
347.149422	1363.626809	8.618151	-0.061439	2.262028
347.634974	1366.163405	8.623155	-0.061527	2.263631
348.116760	1368.628286	8.628160	-0.061613	2.265190
348.537866	1371.151024	8.633165	-0.061689	2.266769
348.946901	1373.739580	8.638170	-0.061762	2.268384
349.320988	1376.358617	8.643175	-0.061830	2.270007
350.021656	1378.873230	8.648179	-0.061955	2.271637
350.536451	1381.390255	8.653184	-0.062048	2.273228
351.276255	1383.775176	8.658189	-0.062181	2.274788
351.788070	1386.186146	8.663194	-0.062273	2.276314
352.430288	1388.534733	8.668199	-0.062388	2.277829
353.142766	1390.848409	8.673203	-0.062516	2.279338
353.655524	1393.120994	8.678208	-0.062608	2.280780
354.245865	1395.416037	8.683213	-0.062714	2.282250
354.944986	1397.608102	8.688218	-0.062839	2.283682
355.389391	1399.798946	8.693223	-0.062919	2.285058
356.027627	1401.954150	8.698227	-0.063033	2.286454
356.619987	1404.090525	8.703232	-0.063140	2.287828
357.009911	1406.326225	8.708237	-0.063210	2.289217
357.448339	1408.485843	8.713242	-0.063288	2.290570
358.033144	1410.665994	8.718247	-0.063393	2.291965
358.572927	1412.815126	8.723251	-0.063490	2.293332
359.123322	1414.955750	8.728256	-0.063589	2.294696
359.876826	1416.932466	8.733261	-0.063724	2.296005
360.836558	1418.768695	8.738266	-0.063896	2.297275
361.618708	1420.488078	8.743271	-0.064036	2.298440
362.579252	1422.098644	8.748275	-0.064208	2.299577
363.247935	1423.564445	8.753280	-0.064328	2.300569
363.974424	1425.066181	8.758285	-0.064459	2.301593
364.662314	1426.476447	8.763290	-0.064582	2.302556
365.268826	1427.872823	8.768295	-0.064691	2.303493
365.975720	1429.204587	8.773299	-0.064817	2.304413
366.449724	1430.438641	8.778304	-0.064902	2.305228
367.060544	1431.717041	8.783309	-0.065012	2.306097
367.512950	1433.033454	8.788314	-0.065093	2.306954
368.006767	1434.358235	8.793319	-0.065181	2.307824
368.548854	1435.670092	8.798323	-0.065279	2.308697
368.870823	1437.022623	8.803328	-0.065336	2.309547
369.489380	1438.271054	8.808333	-0.065447	2.310398
369.920564	1439.600162	8.813338	-0.065525	2.311257
370.066383	1441.126563	8.818343	-0.065551	2.312170
370.540804	1442.583140	8.823347	-0.065636	2.313110
371.057608	1444.061167	8.828352	-0.065729	2.314072
371.281938	1445.529004	8.833357	-0.065769	2.314966
371.539297	1447.177861	8.838362	-0.065815	2.315971
371.865152	1448.860588	8.843367	-0.065874	2.317010
372.299694	1450.612408	8.848371	-0.065952	2.318111
372.589162	1452.392738	8.853376	-0.066004	2.319197
373.201349	1454.056306	8.858381	-0.066114	2.320282
373.355754	1455.936402	8.863386	-0.066142	2.321397
373.587841	1457.891873	8.868391	-0.066184	2.322571
374.002871	1459.940305	8.873395	-0.066258	2.323836
374.533520	1461.778419	8.878400	-0.066353	2.325002
375.135552	1463.652911	8.883405	-0.066461	2.326204
375.592817	1465.584391	8.888410	-0.066543	2.327408
375.827309	1467.648585	8.893415	-0.066586	2.328641
376.082038	1469.743976	8.898419	-0.066631	2.329896
376.526889	1471.842841	8.903424	-0.066711	2.331192
377.074867	1473.932300	8.908429	-0.066810	2.332502
377.452840	1476.139988	8.913434	-0.066878	2.333844
377.879890	1478.195752	8.918439	-0.066954	2.335109
378.413105	1480.339783	8.923443	-0.067050	2.336445
378.763854	1482.527450	8.928448	-0.067113	2.337768
379.031617	1484.856171	8.933453	-0.067161	2.339154
379.462305	1487.088566	8.938458	-0.067239	2.340518
379.977939	1489.381229	8.943463	-0.067331	2.341932
380.417785	1491.696481	8.948467	-0.067410	2.343343
380.754410	1494.001647	8.953472	-0.067471	2.344726
381.203947	1496.378957	8.958477	-0.067552	2.346172
381.603211	1498.788433	8.963482	-0.067623	2.347626
382.021784	1501.229412	8.968487	-0.067699	2.349101
382.416288	1503.698222	8.973491	-0.067770	2.350585
382.683552	1506.271776	8.978496	-0.067818	2.352102
383.182324	1508.814316	8.983501	-0.067907	2.353648
383.559462	1511.321199	8.988506	-0.067975	2.355148
383.798020	1514.042395	8.993511	-0.068018	2.356740
384.150712	1516.804455	8.998515	-0.068082	2.358377
384.763286	1519.393881	9.003520	-0.068192	2.359968
385.191727	1522.150694	9.008525	-0.068269	2.361615
385.771851	1524.823306	9.013530	-0.068373	2.363244
385.957561	1527.554418	9.018535	-0.068407	2.364826
386.443757	1530.379205	9.023539	-0.068494	2.366520
386.820329	1533.227238	9.028544	-0.068562	2.368203
387.261552	1536.029817	9.033549	-0.068641	2.369873
387.791434	1538.884447	9.038554	-0.068736	2.371589
388.152538	1541.820777	9.043559	-0.068801	2.373316
388.601953	1544.644783	9.048563	-0.068882	2.374995
389.079509	1547.542298	9.053568	-0.068968	2.376721
389.540682	1550.474883	9.058573	-0.069051	2.378462
389.966561	1553.384259	9.063578	-0.069127	2.380181
390.331046	1556.398955	9.068583	-0.069193	2.381946
390.881567	1559.373085	9.073587	-0.069292	2.383724
391.244388	1562.349156	9.078592	-0.069357	2.385464
391.823893	1565.322020	9.083597	-0.069461	2.387244
392.087833	1568.436959	9.088602	-0.069509	2.389040
392.680592	1571.445231	9.093607	-0.069616	2.390839
393.037272	1574.547588	9.098611	-0.069680	2.392644
393.461544	1577.610568	9.103616	-0.069756	2.394438
393.922969	1580.728631	9.108621	-0.069839	2.396269
394.425556	1583.896876	9.113626	-0.069929	2.398134
394.882685	1586.957764	9.118631	-0.070012	2.399930
395.278753	1590.193151	9.123635	-0.070083	2.401809
395.858490	1593.303014	9.128640	-0.070187	2.403652
396.176040	1596.487570	9.133645	-0.070244	2.405485
396.684392	1599.717941	9.138650	-0.070336	2.407379
397.179818	1602.912033	9.143655	-0.070425	2.409248
397.614353	1606.154878	9.148659	-0.070503	2.411131
398.115897	1609.411135	9.153664	-0.070593	2.413034
398.489391	1612.682188	9.158669	-0.070661	2.414917
398.930997	1615.989756	9.163674	-0.070740	2.416833
399.471975	1619.236195	9.168679	-0.070837	2.418733
399.914355	1622.527347	9.173683	-0.070917	2.420637
400.361878	1625.873811	9.178688	-0.070997	2.422571
400.942071	1629.070916	9.183693	-0.071102	2.424446
401.347146	1632.409990	9.188698	-0.071175	2.426365
401.733951	1635.789830	9.193703	-0.071244	2.428300
402.050720	1639.195847	9.198707	-0.071301	2.430235
402.451167	1642.718411	9.203712	-0.071373	2.432249
403.028673	1646.015520	9.208717	-0.071477	2.434171
403.640003	1649.369885	9.213722	-0.071587	2.436130
403.864823	1652.942725	9.218727	-0.071628	2.438132
404.393206	1656.381934	9.223731	-0.071723	2.440118
404.794485	1659.922920	9.228736	-0.071795	2.442133
405.392007	1663.332759	9.233741	-0.071902	2.444113
405.888391	1666.794702	9.238746	-0.071992	2.446100
406.418180	1670.288546	9.243751	-0.072087	2.448110
407.017244	1673.676378	9.248755	-0.072195	2.450073
407.539675	1677.126555	9.253760	-0.072289	2.452053
408.328072	1680.360570	9.258765	-0.072430	2.453966
408.870508	1683.627462	9.263770	-0.072528	2.455847
409.263380	1686.987904	9.268775	-0.072598	2.457750
409.800060	1690.258302	9.273779	-0.072695	2.459629
410.297700	1693.600392	9.278784	-0.072784	2.461539
410.852294	1696.870585	9.283789	-0.072884	2.463418
411.647405	1700.018095	9.288794	-0.073027	2.465276
412.212657	1703.175844	9.293799	-0.073128	2.467094
412.637978	1706.375498	9.298803	-0.073205	2.468907
413.058604	1709.623511	9.303808	-0.073280	2.470743
413.551544	1712.862894	9.308813	-0.073369	2.472587
414.238542	1715.898283	9.313818	-0.073492	2.474357
414.624066	1719.121493	9.318823	-0.073562	2.476169
414.875626	1722.472706	9.323827	-0.073607	2.478024
415.374026	1725.703449	9.328832	-0.073697	2.479859
415.713899	1729.094480	9.333837	-0.073758	2.481749
416.269954	1732.380825	9.338842	-0.073858	2.483621
416.594983	1735.748823	9.343847	-0.073917	2.485493
417.220073	1739.116706	9.348851	-0.074029	2.487420
417.613874	1742.474226	9.353856	-0.074100	2.489296
417.993825	1745.947326	9.358861	-0.074168	2.491230
418.773344	1749.242906	9.363866	-0.074308	2.493143
419.070105	1752.602136	9.368871	-0.074362	2.494997
419.745143	1755.934651	9.373875	-0.074483	2.496907
420.048675	1759.319949	9.378880	-0.074538	2.498773
420.611030	1762.681988	9.383885	-0.074639	2.500675
421.151981	1766.083279	9.388890	-0.074736	2.502592
421.499655	1769.431146	9.393895	-0.074799	2.504442
422.093885	1772.831120	9.398899	-0.074906	2.506365
422.568182	1776.217526	9.403904	-0.074991	2.508257
422.949452	1779.636256	9.408909	-0.075060	2.510148
423.261367	1783.197940	9.413914	-0.075116	2.512100
423.899110	1786.524182	9.418919	-0.075231	2.513985
424.350458	1790.014722	9.423923	-0.075312	2.515922
424.822746	1793.504969	9.428928	-0.075397	2.517862
425.220602	1796.989914	9.433933	-0.075468	2.519783
425.658040	1800.565597	9.438938	-0.075547	2.521758
426.129542	1804.048617	9.443943	-0.075632	2.523688
426.610097	1807.648284	9.448947	-0.075718	2.525681
426.998789	1811.254657	9.453952	-0.075789	2.527658
427.439579	1814.870429	9.458957	-0.075868	2.529649
427.925115	1818.520728	9.463962	-0.075955	2.531664
428.151334	1822.198986	9.468967	-0.075996	2.533645
428.613247	1825.942556	9.473971	-0.076079	2.535702
428.999024	1829.740801	9.478976	-0.076149	2.537771
429.561912	1833.431722	9.483981	-0.076250	2.539816
430.097739	1837.220290	9.488986	-0.076347	2.541904
430.291438	1841.003883	9.493991	-0.076382	2.543926
430.609572	1844.990821	9.498995	-0.076439	2.546076
431.057674	1848.950127	9.504000	-0.076520	2.548233
431.497066	1852.926772	9.509005	-0.076599	2.550396
432.028170	1856.879937	9.514010	-0.076695	2.552561
432.626376	1860.675727	9.519015	-0.076802	2.554654
433.000580	1864.723663	9.524019	-0.076870	2.556836
433.552483	1868.605875	9.529024	-0.076969	2.558963
433.987014	1872.593987	9.534029	-0.077047	2.561121
434.603467	1876.497720	9.539034	-0.077158	2.563266
435.038518	1880.444814	9.544039	-0.077236	2.565400
435.644986	1884.356118	9.549043	-0.077345	2.567544
436.201535	1888.222479	9.554048	-0.077445	2.569653
436.831562	1892.055713	9.559053	-0.077559	2.571757
437.240988	1896.033483	9.564058	-0.077633	2.573895
437.586303	1899.985742	9.569063	-0.077695	2.576006
438.110997	1903.902552	9.574067	-0.077789	2.578129
438.572930	1907.814083	9.579072	-0.077872	2.580236
439.017097	1911.785611	9.584077	-0.077952	2.582369
439.613142	1915.670050	9.589082	-0.078060	2.584483
440.096849	1919.596179	9.594087	-0.078147	2.586596
440.643421	1923.458622	9.599091	-0.078245	2.588686
441.240316	1927.336456	9.604096	-0.078352	2.590791
441.841988	1931.127841	9.609101	-0.078460	2.592850
442.245874	1934.996570	9.614106	-0.078533	2.594913
442.729633	1938.847987	9.619111	-0.078620	2.596979
443.405480	1942.623054	9.624115	-0.078742	2.599038
443.805528	1946.481654	9.629120	-0.078814	2.601090
444.280846	1950.278868	9.634125	-0.078899	2.603122
444.925347	1954.078538	9.639130	-0.079015	2.605183
445.426086	1957.861842	9.644135	-0.079105	2.607209
446.074787	1961.582088	9.649139	-0.079222	2.609227
446.587715	1965.325092	9.654144	-0.079314	2.611231
447.250487	1968.925166	9.659149	-0.079433	2.613187
448.037159	1972.481609	9.664154	-0.079574	2.615141
448.597047	1975.978904	9.669159	-0.079675	2.617024
449.508105	1979.263179	9.674163	-0.079839	2.618858
450.214910	1982.553869	9.679168	-0.079966	2.620658
450.929855	1985.744616	9.684173	-0.080094	2.622407
451.656035	1988.779207	9.689178	-0.080224	2.624078
452.340849	1991.818247	9.694183	-0.080347	2.625743
453.137899	1994.725630	9.699187	-0.080490	2.627359
453.915593	1997.474750	9.704192	-0.080630	2.628890
454.480656	2000.279696	9.709197	-0.080731	2.630412
455.122038	2003.042091	9.714202	-0.080846	2.631925
455.696176	2005.618961	9.719207	-0.080949	2.633331
456.368511	2008.256780	9.724211	-0.081070	2.634784
456.863645	2010.933339	9.729216	-0.081159	2.636225
457.472668	2013.454259	9.734221	-0.081268	2.637606
458.021928	2016.048139	9.739226	-0.081367	2.639013
458.632680	2018.552983	9.744231	-0.081477	2.640385
459.279741	2021.070670	9.749235	-0.081593	2.641769
459.790125	2023.424593	9.754240	-0.081684	2.643046
460.173551	2025.945223	9.759245	-0.081753	2.644385
460.860186	2028.368911	9.764250	-0.081877	2.645726
461.368110	2030.808812	9.769255	-0.081968	2.647044
461.840377	2033.237506	9.774259	-0.082053	2.648349
462.437445	2035.621384	9.779264	-0.082160	2.649653
462.782898	2038.090913	9.784269	-0.082222	2.650955
463.587125	2040.406865	9.789274	-0.082366	2.652259
463.957011	2042.716376	9.794279	-0.082433	2.653484
464.512900	2045.110649	9.799283	-0.082532	2.654783
465.177499	2047.386386	9.804288	-0.082652	2.656041
465.725158	2049.618819	9.809293	-0.082750	2.657256
466.165521	2051.896592	9.814298	-0.082829	2.658475
466.872383	2054.093109	9.819303	-0.082956	2.659698
467.268216	2056.339887	9.824307	-0.083027	2.660892
467.873263	2058.541805	9.829312	-0.083136	2.662099
468.293155	2060.695348	9.834317	-0.083211	2.663250
468.878079	2062.899551	9.839322	-0.083316	2.664454
469.410574	2065.060434	9.844327	-0.083412	2.665627
470.072954	2067.233592	9.849331	-0.083530	2.666827
470.682810	2069.189170	9.854336	-0.083640	2.667909
471.042282	2071.339907	9.859341	-0.083704	2.669046
471.524939	2073.494593	9.864346	-0.083791	2.670205
471.865186	2075.689581	9.869351	-0.083852	2.671359
472.290424	2077.840958	9.874355	-0.083929	2.672505
472.883348	2079.989966	9.879360	-0.084035	2.673678
473.391077	2082.161632	9.884365	-0.084126	2.674848
473.941021	2084.323740	9.889370	-0.084225	2.676019
474.513172	2086.390376	9.894375	-0.084328	2.677146
474.971586	2088.511239	9.899379	-0.084410	2.678281
475.492080	2090.600034	9.904384	-0.084503	2.679409
475.972906	2092.722192	9.909389	-0.084590	2.680546
476.656125	2094.806521	9.914394	-0.084712	2.681699
477.178893	2096.684707	9.919399	-0.084806	2.682722
477.709155	2098.762236	9.924403	-0.084901	2.683844
478.369539	2100.671978	9.929408	-0.085020	2.684904
478.820126	2102.677997	9.934413	-0.085100	2.685977
479.452006	2104.564047	9.939418	-0.085214	2.687020
479.763321	2106.490917	9.944423	-0.085270	2.688029
480.103167	2108.635519	9.949427	-0.085331	2.689150
480.665134	2110.604708	9.954432	-0.085432	2.690221
481.192908	2112.653249	9.959437	-0.085526	2.691325
481.848471	2114.516809	9.964442	-0.085644	2.692359
482.173267	2116.503879	9.969447	-0.085702	2.693398
482.582637	2118.575946	9.974451	-0.085776	2.694492
482.987679	2120.676307	9.979456	-0.085849	2.695600
483.421357	2122.766000	9.984461	-0.085927	2.696706
483.969535	2124.802565	9.989466	-0.086025	2.697805
484.443253	2126.872996	9.994471	-0.086110	2.698908
484.761483	2129.047824	9.999475	-0.086167	2.700035
485.113634	2131.063481	10.004480	-0.086231	2.701090

485.609028	2132.863030	10.009485	-0.086320	2.702061
485.923085	2134.611021	10.014490	-0.086376	2.702976
486.259682	2136.177900	10.019495	-0.086436	2.703805
486.515943	2137.680780	10.024499	-0.086483	2.704589
487.014862	2138.961720	10.029504	-0.086572	2.705304
487.175533	2140.226789	10.034509	-0.086601	2.705954
487.523486	2141.383587	10.039514	-0.086663	2.706582
487.797903	2142.269628	10.044519	-0.086713	2.707065
488.050736	2143.139092	10.049523	-0.086758	2.707535
488.044280	2144.073938	10.054528	-0.086757	2.707994
488.280254	2144.877801	10.059533	-0.086799	2.708430
488.570782	2145.573222	10.064538	-0.086851	2.708821
488.832139	2146.184141	10.069543	-0.086898	2.709165
489.129395	2146.616734	10.074547	-0.086952	2.709427
489.304845	2146.944786	10.079552	-0.086983	2.709618
489.612390	2147.322587	10.084557	-0.087038	2.709856
489.676139	2147.368771	10.089562	-0.087050	2.709889
489.784160	2147.891778	10.094567	-0.087069	2.710164
489.936746	2147.853237	10.099571	-0.087096	2.710171
490.238137	2147.752133	10.104576	-0.087150	2.710171
490.344760	2147.701901	10.109581	-0.087169	2.710165
490.640696	2147.604553	10.114586	-0.087222	2.710166
490.877081	2147.509645	10.119591	-0.087265	2.710159
490.842193	2147.463014	10.124595	-0.087259	2.710130
490.995723	2146.853601	10.129600	-0.087286	2.709856
491.191245	2146.785253	10.134605	-0.087321	2.709855
491.253067	2146.156889	10.139610	-0.087332	2.709556
491.513819	2145.841134	10.144615	-0.087379	2.709445
491.732661	2145.255360	10.149619	-0.087418	2.709193
491.866092	2144.613610	10.154624	-0.087442	2.708900
491.951072	2143.932548	10.159629	-0.087457	2.708579
492.029610	2143.260723	10.164634	-0.087471	2.708261
492.092967	2142.541488	10.169639	-0.087482	2.707918
492.248262	2141.748640	10.174643	-0.087510	2.707553
492.241759	2141.036183	10.179648	-0.087509	2.707201
492.303704	2140.308819	10.184653	-0.087520	2.706854
492.394017	2139.487607	10.189658	-0.087536	2.706464
492.693925	2138.467944	10.194663	-0.087589	2.706012
492.832040	2137.522378	10.199667	-0.087614	2.705570
492.767413	2136.488699	10.204672	-0.087602	2.705049
492.902797	2135.470896	10.209677	-0.087626	2.704571
493.025210	2134.443099	10.214682	-0.087648	2.704084
492.982185	2133.321614	10.219687	-0.087641	2.703524
493.105834	2132.241861	10.224691	-0.087663	2.703013
493.035275	2131.191575	10.229696	-0.087650	2.702483
493.056613	2130.125464	10.234701	-0.087654	2.701961
492.973240	2129.152715	10.239706	-0.087639	2.701467
493.015669	2128.104504	10.244711	-0.087646	2.700957
493.210668	2126.914191	10.249715	-0.087681	2.700402
493.220977	2125.712265	10.254720	-0.087683	2.699810
493.197734	2124.609246	10.259725	-0.087678	2.699262
493.389283	2123.360746	10.264730	-0.087712	2.698677
493.475367	2122.115490	10.269735	-0.087728	2.698077
493.370176	2120.915955	10.274739	-0.087709	2.697466
493.344759	2119.801374	10.279744	-0.087704	2.696911
493.339250	2118.605109	10.284749	-0.087703	2.696319
493.348685	2117.404023	10.289754	-0.087705	2.695727
493.494728	2116.117599	10.294759	-0.087731	2.695115
493.460054	2114.906805	10.299763	-0.087724	2.694510
493.265091	2113.725584	10.304768	-0.087689	2.693893
493.241223	2112.581064	10.309773	-0.087685	2.693323
493.226445	2111.460183	10.314778	-0.087682	2.692765
493.367680	2110.263746	10.319783	-0.087707	2.692197
493.208529	2109.259919	10.324787	-0.087679	2.691673
493.233116	2108.070869	10.329792	-0.087683	2.691088
493.161551	2106.899049	10.334797	-0.087670	2.690496
493.232440	2105.782322	10.339802	-0.087683	2.689954
493.283338	2104.632305	10.344807	-0.087692	2.689393
493.287532	2103.441118	10.349811	-0.087693	2.688803
493.149647	2102.360268	10.354816	-0.087668	2.688244
493.032089	2101.222383	10.359821	-0.087647	2.687660
493.148137	2100.172606	10.364826	-0.087667	2.687159
493.215327	2099.120145	10.369831	-0.087679	2.686648
493.226119	2097.927926	10.374835	-0.087681	2.686058
493.282663	2096.737365	10.379840	-0.087691	2.685477
493.228443	2095.560263	10.384845	-0.087681	2.684884
493.215278	2094.472544	10.389850	-0.087679	2.684341
493.161736	2093.339092	10.394855	-0.087669	2.683769
493.351728	2092.134844	10.399859	-0.087703	2.683203
493.251845	2090.987514	10.404864	-0.087685	2.682616
493.188715	2089.919002	10.409869	-0.087674	2.682075
493.162728	2088.839939	10.414874	-0.087669	2.681534
493.231075	2087.691897	10.419879	-0.087681	2.680975
493.154021	2086.572307	10.424883	-0.087667	2.680405
493.051662	2085.534396	10.429888	-0.087649	2.679871
493.094216	2084.385175	10.434893	-0.087656	2.679307
492.980537	2083.392350	10.439898	-0.087636	2.678794
493.105499	2082.307062	10.444903	-0.087658	2.678275
493.430010	2081.039154	10.449907	-0.087716	2.677699
493.420022	2079.852956	10.454912	-0.087714	2.677107
493.332676	2078.712211	10.459917	-0.087698	2.676524
493.337964	2077.515687	10.464922	-0.087699	2.675929
493.251830	2076.357508	10.469927	-0.087684	2.675337
493.237058	2075.228497	10.474931	-0.087681	2.674772
493.118235	2074.183454	10.479936	-0.087660	2.674231
493.247412	2072.995778	10.484941	-0.087683	2.673661
493.165236	2071.870448	10.489946	-0.087668	2.673086
493.090002	2070.798706	10.494951	-0.087654	2.672539
493.107111	2069.853376	10.499955	-0.087657	2.672070
493.082156	2068.781789	10.504960	-0.087653	2.671531
493.081276	2067.593358	10.509965	-0.087652	2.670938
492.906968	2066.663277	10.514970	-0.087621	2.670444
492.825753	2065.722865	10.519975	-0.087607	2.669961
492.928728	2064.652849	10.524979	-0.087625	2.669444
492.879744	2063.708048	10.529984	-0.087616	2.668964
492.820787	2062.677460	10.534989	-0.087605	2.668439
492.805439	2061.747783	10.539994	-0.087603	2.667972
492.767102	2060.783639	10.544999	-0.087596	2.667484
492.737623	2059.941574	10.550003	-0.087590	2.667058
492.778480	2058.958212	10.555008	-0.087598	2.666573
492.724288	2057.975026	10.560013	-0.087588	2.666073
492.839549	2057.037146	10.565018	-0.087608	2.665623
492.819700	2055.993899	10.570023	-0.087605	2.665098
492.810573	2055.135035	10.575027	-0.087603	2.664667
492.860525	2054.013409	10.580032	-0.087612	2.664114
492.780461	2053.141674	10.585037	-0.087597	2.663665
492.720705	2052.161490	10.590042	-0.087587	2.663164
492.601000	2051.363497	10.595047	-0.087565	2.662744
492.638876	2050.431974	10.600051	-0.087572	2.662284
492.603716	2049.682046	10.605056	-0.087566	2.661902
492.581678	2048.727037	10.610061	-0.087562	2.661420
492.593171	2047.858582	10.615066	-0.087564	2.660987
492.546516	2047.015131	10.620071	-0.087555	2.660557
492.674250	2046.019995	10.625075	-0.087578	2.660080
492.576483	2045.276535	10.630080	-0.087560	2.659691
492.605814	2044.243109	10.635085	-0.087566	2.659178
492.634168	2043.438109	10.640090	-0.087571	2.658779
492.568468	2042.534651	10.645095	-0.087559	2.658315
492.608283	2041.638843	10.650099	-0.087566	2.657873
492.527223	2040.866053	10.655104	-0.087551	2.657471
492.435679	2040.035991	10.660109	-0.087535	2.657039
492.430807	2039.253573	10.665114	-0.087534	2.656646
492.333582	2038.514063	10.670119	-0.087516	2.656258
492.459141	2037.587738	10.675123	-0.087539	2.655815
492.403172	2036.806995	10.680128	-0.087529	2.655413
492.430137	2036.037172	10.685133	-0.087534	2.655031
492.472487	2035.180750	10.690138	-0.087541	2.654609
492.257976	2034.426032	10.695143	-0.087503	2.654193
492.138234	2033.757729	10.700147	-0.087481	2.653836
492.108256	2033.084284	10.705152	-0.087476	2.653493
492.105392	2032.393571	10.710157	-0.087475	2.653146
492.174841	2031.696837	10.715162	-0.087488	2.652807
492.131559	2030.941867	10.720167	-0.087480	2.652421
492.216956	2030.288301	10.725171	-0.087495	2.652107
492.248486	2029.541461	10.730176	-0.087501	2.651737
492.211403	2028.811380	10.735181	-0.087494	2.651364
492.245914	2028.091042	10.740186	-0.087500	2.651007
491.956015	2027.449897	10.745191	-0.087448	2.650635
491.953648	2026.827727	10.750195	-0.087448	2.650322
491.952809	2026.204177	10.755200	-0.087448	2.650008
491.988412	2025.560155	10.760205	-0.087454	2.649690
491.899828	2024.941671	10.765210	-0.087438	2.649364
491.830373	2024.339053	10.770215	-0.087425	2.649049
491.965757	2023.711024	10.775219	-0.087450	2.648756
491.698130	2023.193478	10.780224	-0.087402	2.648449
491.893010	2022.563187	10.785229	-0.087437	2.648166
491.838801	2021.994081	10.790234	-0.087427	2.647870
491.762000	2021.447353	10.795239	-0.087413	2.647581
491.874821	2020.878824	10.800243	-0.087433	2.647315
491.709628	2020.404650	10.805248	-0.087404	2.647047
491.693460	2019.866466	10.810253	-0.087401	2.646774
491.780630	2019.328266	10.815258	-0.087416	2.646518
491.766559	2018.754768	10.820263	-0.087414	2.646226
491.815353	2018.118898	10.825267	-0.087422	2.645914
491.724137	2017.598605	10.830272	-0.087406	2.645637
491.596680	2017.124244	10.835277	-0.087383	2.645376
491.559073	2016.676761	10.840282	-0.087377	2.645144
491.587766	2016.243146	10.845287	-0.087382	2.644930
491.514992	2015.786115	10.850291	-0.087369	2.644687
491.399395	2015.273822	10.855296	-0.087348	2.644409
491.385316	2014.946633	10.860301	-0.087345	2.644242
491.392164	2014.559661	10.865306	-0.087347	2.644048
491.436853	2014.022914	10.870311	-0.087355	2.643785
491.631144	2013.531834	10.875315	-0.087389	2.643571
491.453270	2013.255624	10.880320	-0.087358	2.643401
491.483958	2012.621048	10.885325	-0.087363	2.643086
491.630072	2012.167630	10.890330	-0.087389	2.642883
491.688435	2011.649937	10.895335	-0.087400	2.642632
491.785527	2011.115921	10.900339	-0.087417	2.642379
491.724881	2010.705015	10.905344	-0.087406	2.642161
491.660678	2010.157082	10.910349	-0.087395	2.641874
491.582669	2009.623225	10.915354	-0.087381	2.641591
491.583491	2009.118695	10.920359	-0.087381	2.641337
491.532223	2008.711553	10.925363	-0.087372	2.641122
491.545098	2008.283692	10.930368	-0.087374	2.640909
491.449189	2007.767623	10.935373	-0.087357	2.640631
491.484272	2007.321405	10.940378	-0.087363	2.640412
491.498298	2006.962514	10.945383	-0.087365	2.640234
491.444416	2006.549648	10.950387	-0.087356	2.640016
491.446516	2006.012527	10.955392	-0.087356	2.639745
491.546872	2005.567250	10.960397	-0.087374	2.639538
491.743876	2005.017778	10.965402	-0.087409	2.639294
491.752851	2004.475042	10.970407	-0.087411	2.639022
491.596373	2004.015987	10.975411	-0.087383	2.638763
491.499764	2003.487020	10.980416	-0.087366	2.638479
491.448257	2003.108849	10.985421	-0.087356	2.638279
491.550072	2002.683372	10.990426	-0.087375	2.638081
491.445847	2002.206896	10.995431	-0.087356	2.637823
491.542682	2001.727907	11.000435	-0.087373	2.637597
491.493202	2001.413720	11.005440	-0.087364	2.637430
491.356619	2001.123258	11.010445	-0.087340	2.637260
491.379813	2000.521720	11.015450	-0.087344	2.636960
491.206085	2000.399370	11.020455	-0.087313	2.636868
491.308516	1999.872311	11.025459	-0.087331	2.636619
491.351105	1999.452264	11.030464	-0.087339	2.636414
491.466484	1999.124887	11.035469	-0.087360	2.636268
491.337905	1998.617311	11.040474	-0.087336	2.635990
491.281978	1998.321284	11.045479	-0.087326	2.635830
491.347041	1997.970184	11.050483	-0.087338	2.635664
491.189576	1997.518015	11.055488	-0.087310	2.635408
491.126647	1997.409301	11.060493	-0.087299	2.635342
491.241972	1996.846623	11.065498	-0.087319	2.635077
491.255971	1996.683143	11.070503	-0.087322	2.634997
491.092818	1996.254964	11.075507	-0.087293	2.634752
491.132605	1996.177058	11.080512	-0.087300	2.634720
490.974325	1995.642379	11.085517	-0.087271	2.634422
491.210480	1995.565265	11.090522	-0.087314	2.634424
491.035705	1994.991282	11.095527	-0.087282	2.634103
491.209679	1994.935195	11.100531	-0.087314	2.634105
491.302685	1994.317191	11.105536	-0.087330	2.633808
491.356660	1994.069444	11.110541	-0.087340	2.633692
491.548974	1993.599378	11.115546	-0.087374	2.633488
491.456210	1993.031698	11.120551	-0.087358	2.633184
491.527628	1992.637423	11.125555	-0.087370	2.632997
491.491208	1992.285738	11.130560	-0.087364	2.632813
491.416887	1991.780319	11.135565	-0.087351	2.632544
491.498201	1991.427738	11.140570	-0.087365	2.632380
491.412759	1991.150605	11.145575	-0.087350	2.632225
491.315339	1990.690836	11.150579	-0.087332	2.631975
491.209819	1990.349767	11.155584	-0.087314	2.631784
491.382659	1990.044436	11.160589	-0.087344	2.631659
491.241618	1989.500537	11.165594	-0.087319	2.631359
491.231988	1989.360488	11.170599	-0.087317	2.631287
491.254889	1988.865752	11.175603	-0.087322	2.631040
491.253725	1988.551529	11.180608	-0.087321	2.630881
491.256726	1988.206938	11.185613	-0.087322	2.630706
491.391133	1987.728540	11.190618	-0.087346	2.630487
491.349204	1987.456407	11.195623	-0.087338	2.630342
491.253422	1986.993050	11.200627	-0.087321	2.630091
491.198732	1986.798945	11.205632	-0.087312	2.629983
491.219768	1986.398701	11.210637	-0.087315	2.629784
491.265837	1985.992969	11.215642	-0.087324	2.629586
491.221481	1985.760257	11.220647	-0.087316	2.629461
491.145946	1985.274418	11.225651	-0.087302	2.629201
491.057298	1985.215193	11.230656	-0.087286	2.629156
491.251246	1984.669494	11.235661	-0.087321	2.628913
491.263569	1984.484793	11.240666	-0.087323	2.628821
491.204496	1983.931253	11.245671	-0.087313	2.628530
491.070077	1983.976108	11.250675	-0.087289	2.628530
491.135734	1983.322244	11.255680	-0.087300	2.628210
491.063616	1983.330622	11.260685	-0.087287	2.628201
491.101393	1982.774419	11.265690	-0.087294	2.627926
491.040590	1982.743834	11.270695	-0.087283	2.627900
491.066834	1982.303958	11.275699	-0.087288	2.627681
491.031753	1982.142087	11.280704	-0.087282	2.627593
490.936287	1982.006810	11.285709	-0.087265	2.627508
491.104441	1981.617926	11.290714	-0.087295	2.627340
491.049891	1981.535369	11.295719	-0.087285	2.627288
491.070404	1980.946524	11.300723	-0.087289	2.626993
491.114819	1980.956715	11.305728	-0.087297	2.627006
490.964360	1980.389762	11.310733	-0.087270	2.626692
491.108732	1980.321011	11.315738	-0.087296	2.626683
491.029210	1979.922591	11.320743	-0.087281	2.626466
491.100457	1979.696286	11.325747	-0.087294	2.626364
491.147274	1979.390431	11.330752	-0.087302	2.626217
491.154628	1979.060021	11.335757	-0.087304	2.626051
491.331746	1978.640554	11.340762	-0.087335	2.625869
491.267813	1978.408778	11.345767	-0.087324	2.625740
491.066038	1977.921247	11.350771	-0.087288	2.625457
491.069703	1977.874406	11.355776	-0.087289	2.625434
490.948841	1977.483329	11.360781	-0.087267	2.625214
491.007262	1977.271667	11.365786	-0.087277	2.625117
490.973350	1977.153830	11.370791	-0.087271	2.625051
491.084105	1976.654642	11.375795	-0.087291	2.624817
490.884878	1976.735625	11.380800	-0.087256	2.624824
490.997822	1976.224045	11.385805	-0.087276	2.624584
491.025300	1976.046724	11.390810	-0.087281	2.624498
491.073980	1975.806808	11.395815	-0.087289	2.624385
490.992582	1975.440142	11.400819	-0.087275	2.624185
491.080198	1975.354331	11.405824	-0.087291	2.624156
490.889621	1974.841492	11.410829	-0.087256	2.623863
491.065015	1974.781435	11.415834	-0.087288	2.623863
491.133926	1974.385615	11.420839	-0.087300	2.623674
491.128450	1974.154549	11.425843	-0.087299	2.623555
491.195207	1973.719578	11.430848	-0.087311	2.623346
491.056583	1973.540143	11.435853	-0.087286	2.623231
491.123688	1973.153631	11.440858	-0.087298	2.623046
491.151980	1972.904257	11.445863	-0.087303	2.622924
490.938630	1972.672235	11.450867	-0.087265	2.622769
490.988340	1972.362090	11.455872	-0.087274	2.622620
490.937979	1972.372871	11.460877	-0.087265	2.622617
490.956681	1971.956714	11.465882	-0.087269	2.622409
490.967720	1971.891424	11.470887	-0.087271	2.622377
491.019795	1971.632093	11.475891	-0.087280	2.622255
491.112512	1971.193310	11.480896	-0.087296	2.622048
490.887724	1971.252391	11.485901	-0.087256	2.622039
491.022113	1970.644590	11.490906	-0.087280	2.621753
491.009862	1970.587936	11.495911	-0.087278	2.621722
491.078609	1970.191855	11.500915	-0.087290	2.621533
491.063766	1969.943328	11.505920	-0.087288	2.621404
491.065323	1969.714037	11.510925	-0.087288	2.621288
490.978330	1969.393047	11.515930	-0.087273	2.621109
491.088096	1969.293534	11.520935	-0.087292	2.621078
490.981642	1968.729768	11.525939	-0.087273	2.620773
491.043357	1968.721048	11.530944	-0.087284	2.620779
490.853221	1968.355813	11.535949	-0.087250	2.620560
491.003210	1968.131708	11.540954	-0.087277	2.620472
490.990653	1968.122136	11.545959	-0.087275	2.620465
491.006593	1967.522563	11.550963	-0.087278	2.620163
491.124286	1967.473419	11.555968	-0.087299	2.620159
490.873264	1967.070634	11.560973	-0.087254	2.619910
490.916077	1966.955514	11.565978	-0.087262	2.619859
490.883390	1966.956549	11.570983	-0.087256	2.619854
490.783937	1966.441277	11.575987	-0.087238	2.619574
490.707553	1966.389246	11.580992	-0.087224	2.619534
490.542056	1966.427675	11.585997	-0.087195	2.619525
490.581185	1966.432540	11.591002	-0.087202	2.619534
490.667794	1966.383962	11.596007	-0.087217	2.619525
490.782020	1965.989724	11.601011	-0.087238	2.619344
490.976518	1965.670949	11.606016	-0.087273	2.619216
490.875154	1965.704194	11.611021	-0.087254	2.619215
490.925761	1965.203073	11.616026	-0.087263	2.618969
491.028917	1965.043315	11.621031	-0.087282	2.618906
490.911555	1964.948669	11.626035	-0.087261	2.618837
491.035561	1964.449048	11.631040	-0.087283	2.618605
491.010679	1964.441886	11.636045	-0.087279	2.618597
491.020680	1963.990102	11.641050	-0.087281	2.618368
490.984453	1963.830177	11.646055	-0.087274	2.618281
490.781368	1963.890751	11.651059	-0.087238	2.618276
490.864928	1963.290487	11.656064	-0.087253	2.617985
490.942712	1963.229009	11.661069	-0.087267	2.617967
491.079289	1962.999247	11.666074	-0.087291	2.617874
490.994580	1962.610203	11.671079	-0.087276	2.617661
491.068503	1962.533504	11.676083	-0.087289	2.617635
490.937890	1962.127191	11.681088	-0.087266	2.617406
490.585578	1962.228692	11.686093	-0.087203	2.617396
490.643791	1962.236474	11.691098	-0.087213	2.617410
490.546685	1962.262748	11.696103	-0.087196	2.617406
490.473967	1962.272051	11.701107	-0.087183	2.617398
490.591080	1961.726322	11.706112	-0.087204	2.617141
490.476824	1961.634695	11.711117	-0.087184	2.617074
490.596799	1961.597015	11.716122	-0.087205	2.617076
490.610799	1961.588133	11.721127	-0.087208	2.617074
490.587817	1961.591973	11.726131	-0.087204	2.617072
490.668016	1961.586364	11.731136	-0.087218	2.617083
490.638699	1961.369606	11.736141	-0.087213	2.616968
490.617088	1960.973101	11.741146	-0.087209	2.616762
490.460635	1961.023781	11.746151	-0.087181	2.616760
490.535017	1960.991367	11.751155	-0.087194	2.616757
490.580805	1960.987175	11.756160	-0.087202	2.616763
490.565349	1960.990879	11.761165	-0.087200	2.616762
490.556763	1960.995589	11.766170	-0.087198	2.616763
490.643815	1960.937674	11.771175	-0.087214	2.616749
490.482101	1960.401907	11.776179	-0.087185	2.616448
490.482406	1960.403252	11.781184	-0.087185	2.616448
490.455173	1960.403654	11.786189	-0.087180	2.616444
490.712220	1960.316665	11.791194	-0.087226	2.616445
490.724425	1960.301661	11.796199	-0.087228	2.616439
490.511950	1960.376826	11.801203	-0.087190	2.616440
490.626704	1960.318880	11.806208	-0.087211	2.616431
490.560873	1959.759387	11.811213	-0.087199	2.616134
490.684615	1959.714278	11.816218	-0.087221	2.616133
490.771543	1959.678159	11.821223	-0.087237	2.616130
490.356051	1959.825018	11.826227	-0.087163	2.616132
490.531663	1959.765738	11.831232	-0.087194	2.616133
490.580082	1959.743789	11.836237	-0.087203	2.616130
490.692306	1959.559588	11.841242	-0.087223	2.616056
490.670256	1959.089865	11.846247	-0.087219	2.615813
490.673135	1959.075622	11.851251	-0.087220	2.615806
490.840894	1959.017816	11.856256	-0.087250	2.615806
490.835738	1958.796530	11.861261	-0.087249	2.615692
490.837233	1958.421059	11.866266	-0.087249	2.615501
490.638767	1958.505501	11.871271	-0.087213	2.615509
490.870344	1958.424202	11.876275	-0.087255	2.615509
490.873386	1957.943187	11.881280	-0.087255	2.615264
490.829994	1957.813497	11.886285	-0.087248	2.615190
490.876597	1957.812995	11.891290	-0.087256	2.615198
490.953244	1957.351106	11.896295	-0.087270	2.614976
490.886625	1957.215647	11.901299	-0.087258	2.614896
491.024258	1957.114312	11.906304	-0.087283	2.614868
490.975612	1956.544966	11.911309	-0.087274	2.614569
490.929655	1956.572945	11.916314	-0.087266	2.614576
490.968056	1956.215545	11.921319	-0.087273	2.614400
490.852646	1955.981815	11.926323	-0.087252	2.614261
490.974041	1955.941178	11.931328	-0.087274	2.614261
490.863119	1955.449416	11.936333	-0.087254	2.613991
490.666315	1955.418206	11.941338	-0.087219	2.613941
490.932311	1955.322900	11.946343	-0.087266	2.613939
490.984096	1954.931901	11.951347	-0.087275	2.613749
490.971134	1954.721741	11.956352	-0.087273	2.613639
490.950010	1954.721584	11.961357	-0.087269	2.613635
490.770148	1954.168613	11.966362	-0.087237	2.613322
490.841755	1954.128277	11.971367	-0.087250	2.613314
490.683842	1954.161129	11.976371	-0.087222	2.613303
490.744342	1954.017824	11.981376	-0.087233	2.613240
490.840752	1953.522832	11.986381	-0.087250	2.613005
490.612340	1953.617590	11.991386	-0.087209	2.613013
490.866343	1953.517224	11.996391	-0.087255	2.613007
490.786960	1953.231780	12.001395	-0.087240	2.612847
490.770722	1952.950011	12.006400	-0.087238	2.612700
490.717138	1952.968374	12.011405	-0.087228	2.612700
490.811818	1952.919791	12.016410	-0.087245	2.612692
490.838511	1952.539135	12.021415	-0.087250	2.612503
490.722009	1952.462609	12.026419	-0.087229	2.612443
490.801180	1952.444449	12.031424	-0.087243	2.612448
490.906521	1952.201012	12.036429	-0.087262	2.612342
490.833385	1951.793905	12.041434	-0.087249	2.612122
490.610161	1951.878317	12.046439	-0.087209	2.612126
490.537495	1951.891017	12.051443	-0.087196	2.612119
490.603195	1951.875351	12.056448	-0.087208	2.612123
490.526658	1951.887548	12.061453	-0.087194	2.612116
490.577127	1951.351073	12.066458	-0.087203	2.611851
490.595002	1951.258900	12.071463	-0.087206	2.611807
490.504765	1951.288355	12.076467	-0.087190	2.611806
490.604451	1951.254258	12.081472	-0.087208	2.611807
490.611806	1951.232988	12.086477	-0.087210	2.611797
490.668331	1951.238217	12.091482	-0.087220	2.611810
490.771602	1950.834686	12.096487	-0.087238	2.611622
490.941794	1950.494981	12.101491	-0.087269	2.611478
490.837237	1950.570650	12.106496	-0.087250	2.611499
490.873773	1950.229886	12.111501	-0.087257	2.611331
490.748721	1949.980247	12.116506	-0.087234	2.611182
490.777565	1949.955251	12.121511	-0.087239	2.611174
490.724470	1949.975896	12.126515	-0.087230	2.611175
490.727617	1949.500838	12.131520	-0.087230	2.610933
490.740700	1949.321686	12.136525	-0.087233	2.610844
490.546541	1949.406801	12.141530	-0.087198	2.610854
490.793710	1949.330477	12.146535	-0.087242	2.610858
490.830240	1948.919486	12.151539	-0.087249	2.610655
490.772827	1948.720303	12.156544	-0.087239	2.610543
490.672887	1948.745464	12.161549	-0.087221	2.610538
490.760458	1948.725009	12.166554	-0.087237	2.610543
490.592709	1948.708411	12.171559	-0.087207	2.610505
490.641284	1948.149674	12.176563	-0.087215	2.610229
490.528401	1948.200690	12.181568	-0.087195	2.610235
490.684975	1948.151274	12.186573	-0.087223	2.610237
490.630850	1948.164023	12.191578	-0.087214	2.610234
490.638684	1948.159409	12.196583	-0.087215	2.610233
490.334357	1948.265041	12.201587	-0.087161	2.610234
490.467315	1948.221008	12.206592	-0.087184	2.610235
490.524679	1947.727147	12.211597	-0.087195	2.609993
490.459066	1947.635974	12.216602	-0.087183	2.609935
490.399869	1947.648637	12.221607	-0.087172	2.609931
490.472941	1947.618195	12.226611	-0.087185	2.609928
490.456760	1947.645078	12.231616	-0.087183	2.609939
490.537970	1947.596859	12.236621	-0.087197	2.609929
490.521077	1947.627348	12.241626	-0.087194	2.609941
490.459154	1947.639422	12.246631	-0.087183	2.609937
490.617805	1947.582259	12.251635	-0.087212	2.609935
490.548836	1947.611123	12.256640	-0.087199	2.609938
490.545099	1947.154858	12.261645	-0.087199	2.609704
490.563366	1946.969725	12.266650	-0.087202	2.609613
490.530894	1946.975325	12.271655	-0.087196	2.609610
490.509336	1946.971973	12.276659	-0.087192	2.609605
490.554851	1946.968438	12.281664	-0.087201	2.609611
490.546497	1946.953204	12.286669	-0.087199	2.609602
490.593318	1946.953192	12.291674	-0.087207	2.609610
490.560186	1946.967270	12.296679	-0.087202	2.609611
490.607760	1946.438699	12.301683	-0.087210	2.609350
490.582831	1946.341793	12.306688	-0.087206	2.609296
490.704500	1946.298280	12.311693	-0.087227	2.609295
490.769151	1946.301902	12.316698	-0.087239	2.609308
490.668665	1946.326039	12.321703	-0.087221	2.609303
490.596111	1945.789410	12.326707	-0.087208	2.609016
490.612541	1945.736622	12.331712	-0.087211	2.608992
490.666527	1945.706643	12.336717	-0.087221	2.608986
490.858506	1945.636162	12.341722	-0.087255	2.608984
490.723296	1945.488052	12.346727	-0.087231	2.608885
490.817440	1945.035827	12.351731	-0.087248	2.608670
490.837645	1945.042531	12.356736	-0.087252	2.608677
490.870081	1945.027306	12.361741	-0.087257	2.608675
490.966158	1944.385386	12.366746	-0.087275	2.608364
490.814076	1944.423028	12.371751	-0.087247	2.608357
490.684188	1944.460355	12.376755	-0.087224	2.608353
490.797666	1944.122186	12.381760	-0.087244	2.608200
490.719310	1943.850114	12.386765	-0.087230	2.608047
490.672927	1943.863260	12.391770	-0.087222	2.608046
490.675904	1943.865206	12.396775	-0.087223	2.608047
490.606947	1943.876967	12.401779	-0.087210	2.608041
490.768531	1943.290800	12.406784	-0.087239	2.607770
490.787970	1943.224172	12.411789	-0.087243	2.607740
490.841726	1943.210763	12.416794	-0.087253	2.607742
490.815340	1943.014579	12.421799	-0.087248	2.607637
490.780461	1942.720573	12.426803	-0.087242	2.607481
490.760423	1942.725562	12.431808	-0.087238	2.607480
490.764128	1942.699778	12.436813	-0.087239	2.607468
490.578361	1942.403125	12.441818	-0.087206	2.607283
490.599854	1942.128513	12.446823	-0.087209	2.607147
490.546814	1942.148535	12.451827	-0.087200	2.607148
490.655602	1942.122575	12.456832	-0.087219	2.607153
490.649322	1942.104202	12.461837	-0.087218	2.607143
490.688141	1942.084641	12.466842	-0.087225	2.607140
490.573795	1941.654762	12.471847	-0.087205	2.606900
490.584672	1941.510519	12.476851	-0.087207	2.606828
490.696944	1941.492818	12.481856	-0.087227	2.606839
490.541161	1941.520461	12.486861	-0.087199	2.606826
490.724777	1941.478180	12.491866	-0.087232	2.606836
490.460212	1941.571383	12.496871	-0.087185	2.606838
490.382853	1941.588796	12.501875	-0.087171	2.606833
490.442197	1941.227020	12.506880	-0.087182	2.606658
490.471194	1940.982849	12.511885	-0.087187	2.606539
490.584925	1940.906652	12.516890	-0.087207	2.606520
490.666842	1940.861254	12.521895	-0.087222	2.606511
490.543020	1940.880943	12.526899	-0.087200	2.606499
490.377152	1940.982264	12.531904	-0.087170	2.606522
490.306137	1940.972160	12.536909	-0.087157	2.606504
490.439365	1940.932585	12.541914	-0.087181	2.606508
490.380266	1940.959884	12.546919	-0.087171	2.606511
490.294506	1940.982025	12.551923	-0.087156	2.606507
490.433902	1940.932388	12.556928	-0.087180	2.606507
490.231470	1940.994727	12.561933	-0.087144	2.606503
490.344997	1940.975673	12.566938	-0.087165	2.606513
490.497220	1940.909410	12.571943	-0.087192	2.606506
490.470263	1940.905797	12.576947	-0.087187	2.606500
490.433075	1940.949658	12.581952	-0.087181	2.606515
490.215319	1941.013308	12.586957	-0.087142	2.606510
490.280967	1940.994575	12.591962	-0.087153	2.606512
490.405584	1940.946674	12.596967	-0.087176	2.606509
490.527363	1940.902803	12.601971	-0.087198	2.606508
490.472727	1940.942603	12.606976	-0.087188	2.606519
490.447625	1940.938046	12.611981	-0.087183	2.606512
490.417644	1940.969047	12.616986	-0.087178	2.606523
490.502080	1940.674657	12.621991	-0.087193	2.606387
490.693318	1940.262000	12.626995	-0.087227	2.606210
490.699077	1940.261459	12.632000	-0.087228	2.606211
490.519726	1940.303337	12.637005	-0.087196	2.606201
490.594643	1940.286902	12.642010	-0.087210	2.606205
490.570070	1940.304746	12.647015	-0.087206	2.606210
490.579540	1939.988918	12.652019	-0.087207	2.606050
490.484189	1939.689698	12.657024	-0.087190	2.605881
490.406403	1939.693534	12.662029	-0.087176	2.605869
490.368840	1939.727448	12.667034	-0.087170	2.605880
490.339302	1939.748833	12.672039	-0.087164	2.605885
490.297237	1939.749820	12.677043	-0.087157	2.605879
490.332989	1939.748098	12.682048	-0.087163	2.605884
490.193719	1939.790206	12.687053	-0.087138	2.605881
490.229561	1939.817135	12.692058	-0.087145	2.605901
490.160996	1940.436630	12.697063	-0.087133	2.606206
490.312838	1940.369277	12.702067	-0.087160	2.606198
490.435535	1940.338209	12.707072	-0.087182	2.606204
490.378685	1940.347034	12.712077	-0.087172	2.606199
490.481648	1940.307203	12.717082	-0.087190	2.606197
490.355035	1939.951605	12.722087	-0.087168	2.605992
490.326940	1940.170229	12.727091	-0.087163	2.606099
490.361741	1939.892373	12.732096	-0.087169	2.605963
490.325195	1939.799002	12.737101	-0.087162	2.605909
490.455662	1939.806447	12.742106	-0.087186	2.605936
490.455008	1939.697963	12.747111	-0.087186	2.605880
490.422828	1939.676625	12.752115	-0.087180	2.605864
490.486941	1939.669708	12.757120	-0.087192	2.605872
490.304795	1939.732388	12.762125	-0.087159	2.605872
490.400015	1939.690646	12.767130	-0.087176	2.605867
490.503779	1939.674338	12.772135	-0.087195	2.605877
490.532887	1939.660869	12.777139	-0.087200	2.605875
490.534872	1939.676885	12.782144	-0.087200	2.605884
490.473941	1939.674303	12.787149	-0.087189	2.605872
490.699839	1939.604316	12.792154	-0.087230	2.605876
490.721853	1939.286340	12.797159	-0.087234	2.605717
490.751983	1938.981145	12.802163	-0.087239	2.605567
490.699814	1939.003616	12.807168	-0.087230	2.605569
490.611877	1939.018275	12.812173	-0.087214	2.605561
490.733729	1938.948441	12.817178	-0.087236	2.605547
490.624633	1938.418819	12.822183	-0.087217	2.605257
490.628446	1938.394543	12.827187	-0.087217	2.605245
490.557721	1938.438051	12.832192	-0.087205	2.605255
490.436019	1938.468010	12.837197	-0.087183	2.605249
490.431855	1938.465397	12.842202	-0.087182	2.605247
490.471528	1938.472997	12.847207	-0.087189	2.605257
490.528354	1938.435944	12.852211	-0.087200	2.605249
490.749816	1938.315922	12.857216	-0.087239	2.605226
490.686851	1937.789690	12.862221	-0.087228	2.604946
490.618579	1937.835096	12.867226	-0.087216	2.604957
490.541545	1937.855461	12.872231	-0.087202	2.604954
490.563016	1937.845233	12.877235	-0.087206	2.604953
490.518906	1937.884449	12.882240	-0.087198	2.604965
490.580964	1937.852304	12.887245	-0.087209	2.604959
490.638808	1937.375995	12.892250	-0.087220	2.604726
490.549951	1937.225066	12.897255	-0.087204	2.604633
490.392786	1937.279148	12.902259	-0.087176	2.604633
490.340181	1937.300854	12.907264	-0.087166	2.604635
490.486072	1937.243173	12.912269	-0.087192	2.604631
490.303163	1937.305517	12.917274	-0.087160	2.604631
490.431210	1937.265881	12.922279	-0.087183	2.604633
490.549723	1937.212145	12.927283	-0.087204	2.604627
490.465965	1937.255873	12.932288	-0.087189	2.604634
490.339957	1937.283053	12.937293	-0.087166	2.604626
490.447924	1937.260400	12.942298	-0.087186	2.604634
490.370618	1937.280555	12.947303	-0.087172	2.604630
490.341413	1937.292672	12.952307	-0.087167	2.604631
490.357588	1937.292505	12.957312	-0.087170	2.604634
490.230261	1937.333254	12.962317	-0.087147	2.604633
490.336869	1937.305275	12.967322	-0.087166	2.604637
490.371436	1937.284131	12.972327	-0.087172	2.604632
490.535270	1937.223926	12.977331	-0.087202	2.604631
490.455872	1937.270420	12.982336	-0.087188	2.604640
490.470646	1937.246032	12.987341	-0.087190	2.604631
490.367753	1937.282020	12.992346	-0.087172	2.604631
490.383437	1937.282632	12.997351	-0.087175	2.604634
490.433990	1937.248963	13.002355	-0.087184	2.604626
490.502521	1936.850758	13.007360	-0.087196	2.604434
490.277653	1936.712878	13.012365	-0.087156	2.604324
490.318987	1936.762284	13.017370	-0.087163	2.604356
490.328228	1937.007862	13.022375	-0.087165	2.604484
490.325497	1937.138942	13.027379	-0.087165	2.604551
490.321606	1937.291469	13.032384	-0.087164	2.604628
490.366155	1937.265969	13.037389	-0.087172	2.604623
490.514117	1936.743414	13.042394	-0.087198	2.604381
490.374321	1936.680509	13.047399	-0.087173	2.604325
490.402131	1936.651326	13.052403	-0.087179	2.604315
490.491111	1936.643143	13.057408	-0.087194	2.604326
490.259224	1936.717795	13.062413	-0.087153	2.604324
490.406037	1936.667724	13.067418	-0.087179	2.604324
490.484127	1936.636459	13.072423	-0.087193	2.604322
490.283982	1936.702611	13.077427	-0.087158	2.604320
490.447637	1936.664727	13.082432	-0.087187	2.604330
490.492083	1936.630725	13.087437	-0.087195	2.604320
490.498656	1936.636610	13.092442	-0.087196	2.604324
490.423137	1936.674448	13.097447	-0.087183	2.604331
490.437855	1936.651301	13.102451	-0.087185	2.604321
490.553582	1936.606150	13.107456	-0.087206	2.604319
490.426801	1936.645798	13.112461	-0.087183	2.604317
490.512674	1936.635941	13.117466	-0.087199	2.604327
490.434271	1936.663794	13.122471	-0.087185	2.604327
490.515608	1936.591157	13.127475	-0.087199	2.604304
490.708920	1935.940816	13.132480	-0.087234	2.604006
490.477686	1936.016772	13.137485	-0.087193	2.604004
490.430323	1936.028745	13.142490	-0.087184	2.604002
490.547735	1935.990635	13.147495	-0.087205	2.604003
490.513631	1935.991025	13.152499	-0.087199	2.603997
490.806879	1935.915484	13.157504	-0.087252	2.604010
490.720655	1935.665218	13.162509	-0.087236	2.603867
490.556030	1935.393211	13.167514	-0.087207	2.603699
490.587520	1935.404226	13.172519	-0.087213	2.603710
490.597214	1935.391655	13.177523	-0.087214	2.603705
490.823993	1935.309444	13.182528	-0.087255	2.603703
490.756954	1935.151070	13.187533	-0.087243	2.603610
490.660169	1934.719145	13.192538	-0.087226	2.603372
490.591254	1934.748609	13.197543	-0.087213	2.603375
490.520597	1934.772882	13.202547	-0.087201	2.603375
490.581491	1934.768576	13.207552	-0.087212	2.603384
490.450183	1934.809486	13.212557	-0.087188	2.603381
490.595965	1934.752142	13.217562	-0.087214	2.603378
490.448235	1934.492972	13.222567	-0.087188	2.603219
490.356889	1934.237857	13.227571	-0.087172	2.603072
490.423730	1934.227840	13.232576	-0.087184	2.603079
490.275417	1934.257547	13.237581	-0.087157	2.603068
490.464442	1934.200231	13.242586	-0.087191	2.603072
490.391118	1934.217194	13.247591	-0.087178	2.603068
490.359358	1934.219220	13.252595	-0.087172	2.603063
490.323608	1934.235118	13.257600	-0.087166	2.603065
490.358063	1934.217368	13.262605	-0.087172	2.603062
490.425887	1934.206708	13.267610	-0.087184	2.603069
490.438128	1934.217036	13.272615	-0.087187	2.603076
490.441822	1934.206536	13.277619	-0.087187	2.603072
490.427933	1934.230443	13.282624	-0.087185	2.603082
490.301540	1934.261128	13.287629	-0.087162	2.603075
490.284021	1934.251539	13.292634	-0.087159	2.603067
490.447839	1934.215105	13.297639	-0.087188	2.603077
490.425896	1934.213746	13.302643	-0.087185	2.603073
490.505407	1934.178331	13.307648	-0.087199	2.603069
490.504184	1934.181109	13.312653	-0.087199	2.603070
490.408382	1934.214964	13.317658	-0.087182	2.603071
490.380257	1934.243170	13.322663	-0.087177	2.603080
490.381776	1934.223361	13.327667	-0.087177	2.603070
490.479437	1934.201196	13.332672	-0.087194	2.603076
490.478059	1934.191226	13.337677	-0.087194	2.603071
490.660214	1934.133230	13.342682	-0.087227	2.603073
490.570983	1933.738726	13.347687	-0.087211	2.602856
490.455577	1933.576364	13.352691	-0.087190	2.602752
490.589661	1933.559927	13.357696	-0.087214	2.602767
490.390793	1933.594265	13.362701	-0.087179	2.602750
490.370037	1933.613223	13.367706	-0.087175	2.602756
490.434368	1933.605288	13.372711	-0.087187	2.602763
490.325273	1933.619956	13.377715	-0.087167	2.602752
490.610062	1933.555529	13.382720	-0.087218	2.602769
490.568712	1933.546539	13.387725	-0.087211	2.602757
490.476234	1933.582297	13.392730	-0.087194	2.602759
490.498135	1933.582589	13.397735	-0.087198	2.602763
490.586905	1933.406230	13.402739	-0.087214	2.602689
490.620287	1933.052105	13.407744	-0.087220	2.602513
490.526883	1933.086660	13.412749	-0.087203	2.602514
490.685916	1933.029925	13.417754	-0.087232	2.602513
490.837588	1932.971766	13.422759	-0.087259	2.602510
490.666418	1932.779290	13.427763	-0.087229	2.602382
490.697917	1932.387461	13.432768	-0.087234	2.602187
490.666159	1932.386749	13.437773	-0.087229	2.602181
490.628174	1932.401285	13.442778	-0.087222	2.602181
490.577910	1932.427977	13.447783	-0.087213	2.602186
490.665604	1932.387302	13.452787	-0.087229	2.602181
490.737179	1931.770550	13.457792	-0.087241	2.601878
490.539778	1931.812933	13.462797	-0.087206	2.601864
490.536042	1931.821755	13.467802	-0.087205	2.601868
490.610136	1931.811665	13.472807	-0.087219	2.601876
490.632924	1931.791540	13.477811	-0.087223	2.601870
490.676842	1931.654453	13.482816	-0.087231	2.601808
490.576542	1931.178987	13.487821	-0.087213	2.601546
490.490461	1931.192134	13.492826	-0.087197	2.601538
490.606003	1931.177194	13.497831	-0.087218	2.601551
490.479992	1931.208068	13.502835	-0.087196	2.601544
490.762735	1931.104408	13.507840	-0.087246	2.601541
490.637641	1931.149893	13.512845	-0.087224	2.601542
490.487184	1930.735331	13.517850	-0.087197	2.601303
490.589732	1930.586887	13.522855	-0.087215	2.601246
490.570536	1930.557482	13.527859	-0.087212	2.601227
490.584192	1930.572489	13.532864	-0.087214	2.601237
490.411206	1930.636925	13.537869	-0.087184	2.601240
490.468240	1930.615350	13.542874	-0.087194	2.601239
490.612332	1930.556752	13.547879	-0.087220	2.601234
490.413706	1930.635511	13.552883	-0.087184	2.601240
490.385482	1930.649424	13.557888	-0.087179	2.601242
490.221513	1930.686689	13.562893	-0.087150	2.601232
490.278810	1930.678120	13.567898	-0.087160	2.601238
490.443068	1930.635413	13.572903	-0.087190	2.601245
490.230496	1930.693395	13.577907	-0.087152	2.601237
490.234557	1930.704705	13.582912	-0.087152	2.601244
490.178575	1930.720574	13.587917	-0.087142	2.601242
490.318906	1930.660227	13.592922	-0.087167	2.601236
490.469969	1930.615978	13.597927	-0.087195	2.601240
490.516484	1930.586456	13.602931	-0.087203	2.601233
490.567941	1930.585383	13.607936	-0.087212	2.601242
490.456976	1930.622951	13.612941	-0.087192	2.601241
490.401874	1930.628771	13.617946	-0.087183	2.601235
490.463865	1930.380098	13.622951	-0.087194	2.601118
490.342215	1930.023903	13.627955	-0.087172	2.600914
490.505383	1929.980349	13.632960	-0.087201	2.600921
490.472866	1929.973815	13.637965	-0.087195	2.600912
490.452928	1929.991876	13.642970	-0.087192	2.600917
490.582782	1929.941536	13.647975	-0.087215	2.600915
490.378284	1929.994303	13.652979	-0.087179	2.600906
490.318302	1930.037744	13.657984	-0.087168	2.600917
490.305095	1930.022724	13.662989	-0.087166	2.600907
490.371176	1930.008079	13.667994	-0.087177	2.600912
490.480571	1929.972408	13.672999	-0.087197	2.600913
490.418316	1929.989832	13.678003	-0.087186	2.600911
490.501032	1929.972192	13.683008	-0.087201	2.600916
490.609669	1929.927341	13.688013	-0.087220	2.600912
490.652521	1929.912178	13.693018	-0.087228	2.600912
490.736441	1929.419960	13.698023	-0.087243	2.600675
490.632980	1929.332833	13.703027	-0.087224	2.600612
490.594559	1929.345694	13.708032	-0.087218	2.600612
490.743060	1929.298972	13.713037	-0.087244	2.600614
490.796537	1929.140070	13.718042	-0.087254	2.600542
490.755658	1928.690951	13.723047	-0.087247	2.600305
490.657348	1928.723247	13.728051	-0.087229	2.600304
490.591173	1928.733501	13.733056	-0.087217	2.600298
490.621866	1928.715222	13.738061	-0.087223	2.600294
490.615751	1928.617077	13.743066	-0.087222	2.600242
490.739274	1928.106752	13.748071	-0.087244	2.600003
490.558622	1928.138219	13.753075	-0.087211	2.599987
490.539273	1928.171905	13.758080	-0.087208	2.600001
490.629257	1928.131657	13.763085	-0.087224	2.599996
490.451960	1928.200632	13.768090	-0.087192	2.600000
490.522417	1928.167119	13.773095	-0.087205	2.599995
490.508882	1928.153133	13.778099	-0.087203	2.599986
490.447389	1927.628732	13.783104	-0.087192	2.599706
490.638830	1927.470697	13.788109	-0.087226	2.599659
490.439330	1927.551592	13.793114	-0.087190	2.599665
490.495530	1927.552827	13.798119	-0.087200	2.599676
490.416663	1927.542807	13.803123	-0.087186	2.599657
490.537490	1927.533930	13.808128	-0.087208	2.599674
490.505616	1927.542709	13.813133	-0.087202	2.599673
490.513127	1927.533035	13.818138	-0.087204	2.599669
490.444699	1927.566292	13.823143	-0.087192	2.599674
490.537260	1927.506282	13.828147	-0.087208	2.599660
490.408023	1927.471627	13.833152	-0.087185	2.599619
490.418808	1927.537532	13.838157	-0.087187	2.599655
490.461415	1926.936514	13.843162	-0.087195	2.599354
490.517573	1926.919194	13.848167	-0.087205	2.599355
490.401803	1926.965735	13.853171	-0.087184	2.599359
490.475414	1926.945744	13.858176	-0.087197	2.599361
490.553073	1926.906399	13.863181	-0.087211	2.599355
490.431844	1926.960910	13.868186	-0.087190	2.599362
490.445954	1926.950482	13.873191	-0.087192	2.599359
490.427300	1926.926397	13.878195	-0.087189	2.599343
490.545732	1926.911644	13.883200	-0.087210	2.599357
490.589991	1926.909993	13.888205	-0.087218	2.599364
490.465286	1926.945311	13.893210	-0.087196	2.599360
490.568884	1926.543359	13.898215	-0.087214	2.599172
490.577063	1926.280248	13.903219	-0.087216	2.599038
490.405603	1926.345084	13.908224	-0.087185	2.599041
490.462906	1926.329498	13.913229	-0.087195	2.599044
490.361592	1926.367707	13.918234	-0.087177	2.599045
490.511786	1926.317343	13.923239	-0.087204	2.599046
490.544993	1926.291809	13.928243	-0.087210	2.599039
490.530562	1926.310398	13.933248	-0.087208	2.599046
490.513141	1926.316933	13.938253	-0.087205	2.599046
490.455138	1926.338073	13.943258	-0.087194	2.599047
490.664316	1926.159634	13.948263	-0.087232	2.598992
490.670100	1925.656055	13.953267	-0.087233	2.598735
490.734277	1925.635663	13.958272	-0.087244	2.598736
490.627456	1925.673337	13.963277	-0.087225	2.598737
490.491730	1925.716113	13.968282	-0.087201	2.598735
490.428594	1925.746936	13.973287	-0.087190	2.598739
490.461631	1925.730590	13.978291	-0.087196	2.598737
490.568154	1925.589698	13.983296	-0.087215	2.598683
490.561627	1925.067302	13.988301	-0.087214	2.598414
490.550084	1925.090065	13.993306	-0.087212	2.598424
490.544220	1925.100829	13.998311	-0.087211	2.598428
490.466649	1925.109856	14.003315	-0.087197	2.598419
490.391738	1925.134396	14.008320	-0.087183	2.598419
490.350484	1925.145197	14.013325	-0.087176	2.598417
490.207833	1925.186408	14.018330	-0.087151	2.598413
490.370022	1925.139205	14.023335	-0.087180	2.598417
490.258024	1925.173190	14.028339	-0.087160	2.598415
490.237379	1925.187531	14.033344	-0.087156	2.598419
490.227595	1925.189910	14.038349	-0.087154	2.598418
490.240831	1925.182220	14.043354	-0.087157	2.598417
490.346228	1925.169818	14.048359	-0.087176	2.598429
490.335315	1925.148855	14.053363	-0.087174	2.598417
490.256686	1925.188369	14.058368	-0.087160	2.598423
490.382661	1925.148180	14.063373	-0.087182	2.598425
490.211160	1925.193867	14.068378	-0.087152	2.598418
490.264314	1925.262772	14.073383	-0.087161	2.598463
490.315363	1925.766000	14.078387	-0.087170	2.598730
490.252267	1925.817501	14.083392	-0.087159	2.598745
490.263270	1925.806016	14.088397	-0.087161	2.598741
490.372391	1925.770425	14.093402	-0.087181	2.598742
490.414262	1925.753771	14.098407	-0.087188	2.598741
490.394777	1925.748237	14.103411	-0.087185	2.598735
490.202100	1925.819481	14.108416	-0.087150	2.598737
490.287003	1925.792548	14.113421	-0.087166	2.598739
490.376172	1925.748017	14.118426	-0.087182	2.598732
490.392456	1925.747490	14.123431	-0.087185	2.598734
490.394568	1925.738768	14.128435	-0.087185	2.598730
490.488086	1925.713732	14.133440	-0.087202	2.598734
490.517579	1925.228498	14.138445	-0.087207	2.598490
490.463666	1925.093361	14.143450	-0.087197	2.598412
490.521623	1925.076938	14.148455	-0.087208	2.598413
490.488820	1925.089387	14.153459	-0.087202	2.598414
490.408451	1925.122199	14.158464	-0.087188	2.598417
490.308298	1925.138407	14.163469	-0.087170	2.598407
490.426701	1925.086226	14.168474	-0.087191	2.598402
490.492438	1925.096632	14.173479	-0.087203	2.598419
490.486158	1925.078331	14.178483	-0.087202	2.598408
490.489780	1925.094342	14.183488	-0.087202	2.598417
490.585379	1925.056720	14.188493	-0.087220	2.598415
490.612863	1925.026468	14.193498	-0.087225	2.598404
490.541777	1924.572335	14.198503	-0.087212	2.598159
490.493841	1924.468316	14.203507	-0.087203	2.598097
490.477652	1924.505761	14.208512	-0.087200	2.598113
490.448680	1924.498636	14.213517	-0.087195	2.598104
490.364715	1924.525996	14.218522	-0.087180	2.598104
490.416397	1924.515082	14.223527	-0.087190	2.598107
490.363807	1924.516105	14.228531	-0.087180	2.598098
490.568966	1924.469895	14.233536	-0.087217	2.598111
490.495758	1924.477116	14.238541	-0.087204	2.598102
490.412276	1924.516174	14.243546	-0.087189	2.598107
490.421031	1924.520677	14.248551	-0.087191	2.598111
490.542438	1924.462896	14.253555	-0.087212	2.598103
490.574332	1924.442381	14.258560	-0.087218	2.598098
490.390617	1924.019249	14.263565	-0.087185	2.597849
490.439266	1923.901699	14.268570	-0.087194	2.597797
490.517944	1923.888164	14.273575	-0.087208	2.597804
490.562554	1923.852921	14.278579	-0.087216	2.597794
490.328196	1923.951022	14.283584	-0.087174	2.597803
490.239209	1923.985895	14.288589	-0.087158	2.597805
490.312182	1923.942084	14.293594	-0.087171	2.597795
490.457849	1923.892664	14.298599	-0.087198	2.597796
490.432639	1923.886069	14.303603	-0.087193	2.597788
490.189664	1923.985926	14.308608	-0.087150	2.597796
490.279859	1923.955946	14.313613	-0.087166	2.597797
490.291129	1923.951063	14.318618	-0.087168	2.597796
490.412850	1923.912642	14.323623	-0.087190	2.597798
490.366741	1923.923598	14.328627	-0.087182	2.597796
490.336764	1923.949369	14.333632	-0.087176	2.597804
490.338004	1923.940038	14.338637	-0.087176	2.597799
490.384017	1923.926212	14.343642	-0.087185	2.597800
490.229798	1923.978416	14.348647	-0.087157	2.597800
490.276141	1923.961435	14.353651	-0.087166	2.597799
490.243937	1923.973678	14.358656	-0.087160	2.597800
490.197633	1924.420003	14.363661	-0.087152	2.598021
490.293219	1924.557003	14.368666	-0.087169	2.598108
490.424099	1924.521813	14.373671	-0.087192	2.598113
490.554363	1924.118437	14.378675	-0.087216	2.597929
490.643640	1923.842379	14.383680	-0.087232	2.597804
490.481129	1923.898965	14.388685	-0.087202	2.597804
490.331500	1923.938636	14.393690	-0.087176	2.597798
490.468107	1923.900554	14.398695	-0.087200	2.597802
490.379673	1923.924590	14.403699	-0.087184	2.597799
490.473096	1923.879200	14.408704	-0.087201	2.597792
490.496639	1923.870388	14.413709	-0.087205	2.597792
490.563426	1923.860955	14.418714	-0.087217	2.597799
490.633755	1923.853645	14.423719	-0.087230	2.597808
490.428721	1923.894482	14.428723	-0.087193	2.597793
490.285622	1923.954105	14.433728	-0.087168	2.597798
490.331143	1923.942274	14.438733	-0.087176	2.597800
490.444554	1923.698966	14.443738	-0.087196	2.597695
490.326802	1923.928093	14.448743	-0.087175	2.597792
490.399898	1923.785991	14.453747	-0.087188	2.597732
490.369235	1923.467075	14.458752	-0.087183	2.597563
490.401633	1923.427530	14.463757	-0.087189	2.597548
490.387984	1923.420294	14.468762	-0.087186	2.597542
490.480572	1923.400133	14.473767	-0.087203	2.597548
490.277539	1923.464008	14.478771	-0.087167	2.597545
490.193785	1923.502856	14.483776	-0.087152	2.597551
490.367767	1923.434542	14.488781	-0.087183	2.597546
490.378868	1923.437321	14.493786	-0.087185	2.597550
490.315418	1923.450611	14.498791	-0.087174	2.597545
490.267329	1923.485975	14.503795	-0.087165	2.597555
490.254471	1923.829470	14.508800	-0.087163	2.597729
490.428888	1923.763136	14.513805	-0.087194	2.597726
490.373405	1923.768202	14.518810	-0.087184	2.597719
490.380475	1923.452391	14.523815	-0.087186	2.597558
490.240517	1923.621037	14.528819	-0.087161	2.597620
490.272153	1923.969572	14.533824	-0.087166	2.597804
490.339290	1923.925949	14.538829	-0.087178	2.597794
490.403966	1923.894734	14.543834	-0.087190	2.597789
490.397933	1923.912550	14.548839	-0.087189	2.597797
490.424760	1923.809222	14.553843	-0.087194	2.597749
490.392129	1923.418290	14.558848	-0.087188	2.597543
490.445614	1923.403406	14.563853	-0.087198	2.597545
490.487969	1923.395708	14.568858	-0.087205	2.597548
490.466892	1923.405025	14.573863	-0.087201	2.597549
490.748228	1923.287207	14.578867	-0.087252	2.597539
490.810972	1923.287682	14.583872	-0.087263	2.597550
490.766295	1923.202337	14.588877	-0.087255	2.597499
490.761487	1922.638834	14.593882	-0.087254	2.597208
490.713556	1922.683570	14.598887	-0.087246	2.597223
490.752003	1922.650760	14.603891	-0.087253	2.597213
490.709929	1922.585515	14.608896	-0.087245	2.597172
490.796723	1922.038524	14.613901	-0.087261	2.596907
490.690193	1922.049956	14.618906	-0.087242	2.596894
490.611074	1922.089333	14.623911	-0.087228	2.596900
490.574573	1922.085423	14.628915	-0.087221	2.596892
490.630134	1921.987720	14.633920	-0.087231	2.596851
490.605760	1921.487358	14.638925	-0.087227	2.596590
490.408354	1921.537446	14.643930	-0.087191	2.596581
490.485283	1921.528760	14.648935	-0.087205	2.596590
490.346348	1921.558370	14.653939	-0.087180	2.596581
490.358265	1921.565730	14.658944	-0.087183	2.596587
490.471267	1921.516626	14.663949	-0.087203	2.596582
490.594305	1921.466187	14.668954	-0.087225	2.596578
490.701183	1921.441391	14.673959	-0.087244	2.596584
490.576089	1921.486901	14.678963	-0.087222	2.596585
490.676338	1921.038445	14.683968	-0.087240	2.596373
490.656800	1920.875161	14.688973	-0.087236	2.596285
490.778967	1920.821374	14.693978	-0.087258	2.596279
490.882314	1920.777425	14.698983	-0.087277	2.596275
490.730186	1920.413663	14.703987	-0.087249	2.596061
490.708760	1920.220350	14.708992	-0.087245	2.595958
490.839317	1920.178562	14.713997	-0.087269	2.595960
490.653299	1920.240233	14.719002	-0.087236	2.595959
490.614525	1920.057170	14.724007	-0.087229	2.595858
490.618183	1919.631823	14.729011	-0.087229	2.595640
490.772300	1919.586462	14.734016	-0.087257	2.595644
490.717451	1919.619286	14.739021	-0.087247	2.595652
490.678058	1919.618512	14.744026	-0.087240	2.595644
490.757152	1919.166256	14.749031	-0.087254	2.595426
490.710295	1919.000914	14.754035	-0.087246	2.595333
490.647499	1919.013688	14.759040	-0.087235	2.595328
490.512627	1919.082635	14.764045	-0.087211	2.595340
490.372600	1919.115071	14.769050	-0.087186	2.595332
490.390142	1919.109239	14.774055	-0.087189	2.595332
490.385383	1919.100466	14.779059	-0.087188	2.595327
490.506769	1919.071866	14.784064	-0.087210	2.595333
490.458148	1919.088562	14.789069	-0.087201	2.595333
490.546876	1918.662205	14.794074	-0.087217	2.595130
490.493674	1918.523383	14.799079	-0.087208	2.595049
490.424347	1918.517750	14.804083	-0.087195	2.595034
490.446642	1918.500251	14.809088	-0.087199	2.595029
490.520035	1918.479398	14.814093	-0.087212	2.595032
490.537144	1918.469157	14.819098	-0.087216	2.595029
490.513829	1918.480767	14.824103	-0.087211	2.595031
490.511795	1918.474397	14.829107	-0.087211	2.595028
490.534068	1918.487899	14.834112	-0.087215	2.595039
490.292039	1918.560401	14.839117	-0.087172	2.595033
490.568077	1918.453511	14.844122	-0.087221	2.595027
490.661381	1918.032608	14.849127	-0.087238	2.594827
490.527900	1917.829451	14.854131	-0.087214	2.594699
490.500760	1917.852407	14.859136	-0.087209	2.594707
490.546560	1917.832264	14.864141	-0.087217	2.594704
490.406857	1917.868546	14.869146	-0.087193	2.594698
490.425861	1917.878007	14.874151	-0.087196	2.594707
490.425505	1917.888985	14.879155	-0.087196	2.594712
490.436514	1917.868393	14.884160	-0.087198	2.594704
490.482262	1917.842800	14.889165	-0.087206	2.594699
490.457805	1917.851462	14.894170	-0.087202	2.594699
490.311593	1917.916726	14.899175	-0.087176	2.594706
490.314301	1917.913582	14.904179	-0.087176	2.594705
490.360702	1917.889890	14.909184	-0.087185	2.594701
490.328447	1917.898813	14.914189	-0.087179	2.594700
490.343372	1917.891756	14.919194	-0.087182	2.594699
490.445777	1917.869700	14.924199	-0.087200	2.594706
490.440309	1917.860567	14.929203	-0.087199	2.594701
490.379091	1917.877662	14.934208	-0.087188	2.594699
490.310234	1917.901343	14.939213	-0.087176	2.594699
490.303072	1917.896744	14.944218	-0.087175	2.594695
490.365267	1917.903756	14.949223	-0.087186	2.594710
490.517866	1917.844933	14.954227	-0.087213	2.594707
490.364600	1917.626744	14.959232	-0.087186	2.594567
490.479906	1917.481448	14.964237	-0.087206	2.594513
490.570646	1917.218559	14.969242	-0.087223	2.594394
490.495841	1917.248851	14.974247	-0.087209	2.594397
490.339385	1917.302765	14.979251	-0.087181	2.594397
490.355348	1917.293832	14.984256	-0.087184	2.594395
490.474180	1917.252129	14.989261	-0.087206	2.594394
490.307582	1917.304684	14.994266	-0.087176	2.594392
490.506971	1917.243989	14.999271	-0.087211	2.594396
490.488518	1917.244807	15.004275	-0.087208	2.594393
490.483315	1917.246520	15.009280	-0.087207	2.594393

490.486405	1917.008120	15.014285	-0.087208	2.594271
490.401480	1916.615429	15.019290	-0.087193	2.594055
490.460548	1915.947417	15.024295	-0.087203	2.593722
490.297689	1915.255274	15.029299	-0.087174	2.593337
490.427548	1914.340758	15.034304	-0.087197	2.592890
490.358534	1913.342963	15.039309	-0.087185	2.592365
490.288983	1912.020542	15.044314	-0.087172	2.591672
490.284785	1910.587636	15.049319	-0.087171	2.590935
490.228757	1908.955886	15.054323	-0.087161	2.590085
490.038767	1907.213602	15.059328	-0.087127	2.589154
489.913255	1905.363039	15.064333	-0.087104	2.588179
489.929330	1903.323725	15.069338	-0.087107	2.587131
489.888012	1901.088259	15.074343	-0.087099	2.585972
489.764829	1898.715640	15.079347	-0.087077	2.584726
489.536003	1896.286033	15.084352	-0.087036	2.583432
489.537147	1893.686598	15.089357	-0.087036	2.582091
489.337209	1890.887602	15.094362	-0.087000	2.580609
489.169982	1888.021287	15.099367	-0.086969	2.579098
489.066972	1885.030071	15.104371	-0.086951	2.577533
489.090207	1881.799772	15.109376	-0.086955	2.575866
489.001062	1878.398262	15.114381	-0.086938	2.574089
488.757909	1874.935293	15.119386	-0.086894	2.572251
488.679537	1871.258633	15.124391	-0.086880	2.570331
488.361054	1867.592141	15.129395	-0.086822	2.568371
488.446808	1863.701990	15.134400	-0.086837	2.566367
488.229665	1859.695232	15.139405	-0.086798	2.564245
487.948430	1855.714114	15.144410	-0.086747	2.562124
487.757257	1851.532251	15.149415	-0.086713	2.559912
487.652837	1847.205716	15.154419	-0.086693	2.557639
487.554344	1842.747884	15.159424	-0.086675	2.555297
487.302841	1838.281844	15.164429	-0.086630	2.552920
487.173028	1833.616588	15.169434	-0.086606	2.550459
487.133102	1828.768661	15.174439	-0.086598	2.547916
486.748388	1823.899378	15.179443	-0.086529	2.545297
486.720068	1818.907876	15.184448	-0.086523	2.542676
486.702659	1813.678048	15.189453	-0.086520	2.539929
486.212258	1808.503172	15.194458	-0.086431	2.537121
486.094190	1803.185179	15.199463	-0.086409	2.534304
485.603496	1797.961706	15.204467	-0.086321	2.531464
485.526941	1792.467548	15.209472	-0.086307	2.528555
485.373412	1786.859918	15.214477	-0.086279	2.525568
485.247493	1781.149872	15.219482	-0.086255	2.522528
485.172526	1775.256762	15.224487	-0.086241	2.519398
484.830403	1769.371137	15.229491	-0.086179	2.516218
484.547745	1763.449790	15.234496	-0.086128	2.513026
484.366737	1757.368160	15.239501	-0.086095	2.509764
483.997652	1751.283092	15.244506	-0.086028	2.506460
483.736120	1745.095768	15.249511	-0.085981	2.503118
483.509341	1738.807008	15.254515	-0.085939	2.499724
483.283080	1732.478853	15.259520	-0.085898	2.496304
482.904097	1726.121936	15.264525	-0.085830	2.492835
482.686598	1719.585613	15.269530	-0.085790	2.489296
482.571807	1712.936934	15.274535	-0.085769	2.485710
482.312738	1706.268010	15.279539	-0.085721	2.482081
482.149254	1699.457446	15.284544	-0.085691	2.478389
481.871184	1692.590462	15.289549	-0.085641	2.474639
481.479346	1685.745415	15.294554	-0.085570	2.470874
481.299674	1678.767320	15.299559	-0.085537	2.467071
480.938808	1671.768347	15.304563	-0.085472	2.463217
480.716047	1664.648610	15.309568	-0.085431	2.459317
480.498313	1657.435114	15.314573	-0.085391	2.455361
480.043419	1650.302825	15.319578	-0.085309	2.451398
479.775500	1643.035006	15.324583	-0.085260	2.447390
479.373824	1635.754087	15.329587	-0.085187	2.443342
479.065770	1628.406636	15.334592	-0.085131	2.439269
479.151700	1620.836748	15.339597	-0.085146	2.435144
478.771946	1613.321526	15.344602	-0.085077	2.430952
478.469089	1605.717776	15.349607	-0.085022	2.426718
478.065508	1598.119207	15.354611	-0.084949	2.422461
477.821132	1590.405381	15.359616	-0.084904	2.418163
477.644013	1582.584807	15.364621	-0.084871	2.413812
477.297498	1574.715466	15.369626	-0.084808	2.409392
477.021791	1566.810510	15.374631	-0.084758	2.404959
476.428810	1558.994847	15.379635	-0.084651	2.400505
476.200083	1551.048947	15.384640	-0.084609	2.396041
475.764121	1543.201920	15.389645	-0.084530	2.391583
475.515156	1535.187393	15.394650	-0.084485	2.387061
475.255847	1527.149591	15.399655	-0.084437	2.382514
474.863888	1519.073199	15.404659	-0.084366	2.377911
474.692643	1510.886638	15.409664	-0.084335	2.373281
474.378369	1502.687520	15.414669	-0.084278	2.368606
473.938582	1494.462426	15.419674	-0.084198	2.363882
473.661228	1486.182890	15.424679	-0.084147	2.359150
473.176656	1477.977820	15.429683	-0.084060	2.354409
472.702306	1469.737488	15.434688	-0.083974	2.349641
472.335204	1461.520341	15.439693	-0.083907	2.344897
472.118622	1453.129287	15.444698	-0.083867	2.340076
471.898513	1444.712195	15.449703	-0.083827	2.335228
471.378560	1436.337853	15.454707	-0.083733	2.330334
470.905188	1427.946534	15.459712	-0.083647	2.325429
470.459548	1419.591236	15.464717	-0.083566	2.320541
470.013961	1411.238312	15.469722	-0.083486	2.315643
469.822384	1402.805291	15.474727	-0.083450	2.310740
469.394883	1394.321643	15.479731	-0.083373	2.305750
469.000475	1385.849835	15.484736	-0.083301	2.300762
468.728622	1377.347238	15.489741	-0.083252	2.295770
468.300705	1368.835020	15.494746	-0.083174	2.290730
467.980364	1360.267015	15.499751	-0.083116	2.285668
467.669724	1351.629201	15.504755	-0.083059	2.280556
467.254998	1343.047752	15.509760	-0.082984	2.275444
467.014619	1334.374450	15.514765	-0.082940	2.270303
466.458077	1325.763614	15.519770	-0.082839	2.265120
466.182523	1317.093868	15.524775	-0.082789	2.259950
465.776595	1308.408439	15.529779	-0.082715	2.254731
465.401787	1299.670260	15.534784	-0.082647	2.249475
465.023485	1290.937675	15.539789	-0.082578	2.244209
464.543406	1282.235035	15.544794	-0.082491	2.238927
464.220158	1273.535004	15.549799	-0.082433	2.233667
463.800930	1264.762797	15.554803	-0.082357	2.228332
463.479200	1255.997911	15.559808	-0.082298	2.223008
463.228684	1247.160898	15.564813	-0.082252	2.217644
462.544009	1238.448766	15.569818	-0.082129	2.212247
462.267906	1229.628986	15.574823	-0.082078	2.206862
461.943990	1220.791748	15.579827	-0.082019	2.201442
461.348921	1212.064306	15.584832	-0.081912	2.196015
460.993278	1203.291211	15.589837	-0.081847	2.190600
460.551593	1194.505049	15.594842	-0.081767	2.185145
460.308397	1185.650854	15.599847	-0.081722	2.179678
459.827779	1176.860788	15.604851	-0.081635	2.174184
459.439783	1167.993111	15.609856	-0.081565	2.168649
459.058091	1159.155895	15.614861	-0.081495	2.163119
458.611573	1150.341167	15.619866	-0.081414	2.157575
458.216041	1141.528060	15.624871	-0.081343	2.152029
457.849358	1132.673415	15.629875	-0.081276	2.146449
457.437305	1123.817014	15.634880	-0.081201	2.140843
457.030949	1114.963788	15.639885	-0.081127	2.135225
456.609138	1106.104171	15.644890	-0.081051	2.129585
456.245409	1097.236651	15.649895	-0.080985	2.123938
455.960826	1088.300282	15.654899	-0.080933	2.118251
455.592843	1079.393625	15.659904	-0.080866	2.112548
455.367285	1070.386595	15.664909	-0.080824	2.106799
454.665737	1061.550515	15.669914	-0.080698	2.101032
454.351025	1052.575892	15.674919	-0.080640	2.095251
453.809614	1043.694557	15.679923	-0.080542	2.089460
453.514772	1034.768224	15.684928	-0.080489	2.083683
453.059557	1025.872778	15.689933	-0.080406	2.077871
452.522904	1017.049541	15.694938	-0.080309	2.072070
452.158411	1008.182586	15.699943	-0.080243	2.066265
451.802864	999.272435	15.704947	-0.080178	2.060417
451.370991	990.413077	15.709952	-0.080100	2.054568
450.938047	981.526986	15.714957	-0.080021	2.048684
450.428441	972.704885	15.719962	-0.079929	2.042807
449.981227	963.909686	15.724967	-0.079848	2.036945
449.473547	955.140448	15.729971	-0.079756	2.031069
448.947191	946.408247	15.734976	-0.079661	2.025195
448.596672	937.638269	15.739981	-0.079597	2.019322
447.994524	928.974013	15.744986	-0.079488	2.013440
447.633796	920.220704	15.749991	-0.079423	2.007540
447.357752	911.432515	15.754995	-0.079372	2.001621
446.912852	902.682199	15.760000	-0.079292	1.995668
446.333751	894.046132	15.765005	-0.079187	1.989740
445.978337	885.335739	15.770010	-0.079122	1.983800
445.375710	876.733135	15.775015	-0.079013	1.977853
445.097075	868.023723	15.780019	-0.078962	1.971897
444.693081	859.340963	15.785024	-0.078889	1.965910
444.421849	850.613146	15.790029	-0.078840	1.959906
443.846579	841.996184	15.795034	-0.078736	1.953883
443.501099	833.310793	15.800039	-0.078673	1.947853
443.036059	824.664670	15.805043	-0.078589	1.941800
442.452855	816.125596	15.810048	-0.078483	1.935772
442.093199	807.515222	15.815053	-0.078418	1.929733
441.612944	798.907403	15.820058	-0.078331	1.923645
441.133732	790.368657	15.825063	-0.078244	1.917586
440.612835	781.861807	15.830067	-0.078150	1.911520
440.165016	773.347842	15.835072	-0.078069	1.905448
439.841507	764.825599	15.840077	-0.078010	1.899383
439.285636	756.385756	15.845082	-0.077909	1.893296
438.928328	747.847861	15.850087	-0.077844	1.887172
438.436556	739.412834	15.855091	-0.077755	1.881065
437.985705	730.982929	15.860096	-0.077674	1.874952
437.590052	722.537321	15.865101	-0.077602	1.868824
436.978204	714.175743	15.870106	-0.077491	1.862677
436.458699	705.861868	15.875111	-0.077398	1.856568
436.044987	697.507388	15.880115	-0.077322	1.850439
435.483299	689.235392	15.885120	-0.077221	1.844309
435.185085	680.919681	15.890125	-0.077167	1.838198
434.738411	672.600802	15.895130	-0.077086	1.832024
434.192980	664.397417	15.900135	-0.076987	1.825886
433.692700	656.196520	15.905139	-0.076897	1.819741
433.149474	648.039044	15.910144	-0.076799	1.813596
432.729094	639.861174	15.915149	-0.076722	1.807448
432.217693	631.733108	15.920154	-0.076630	1.801291
431.812993	623.630264	15.925159	-0.076556	1.795162
431.433740	615.477711	15.930163	-0.076488	1.788981
430.881145	607.420968	15.935168	-0.076388	1.782801
430.541744	599.282857	15.940173	-0.076326	1.776600
430.056003	591.189794	15.945178	-0.076238	1.770368
429.496445	583.186574	15.950183	-0.076137	1.764162
428.940379	575.258382	15.955187	-0.076037	1.757991
428.331376	567.390487	15.960192	-0.075927	1.751829
427.940344	559.471197	15.965197	-0.075856	1.745669
427.450474	551.589345	15.970202	-0.075767	1.739487
426.838652	543.813448	15.975207	-0.075657	1.733328
426.266296	536.059676	15.980211	-0.075554	1.727177
425.828906	528.304264	15.985216	-0.075474	1.721041
425.489266	520.547033	15.990221	-0.075413	1.714911
425.065443	512.769631	15.995226	-0.075336	1.708719
424.632278	505.016715	16.000231	-0.075258	1.702520
423.912319	497.436360	16.005235	-0.075128	1.696348
423.451459	489.790556	16.010240	-0.075044	1.690179
423.054582	482.157873	16.015245	-0.074973	1.684018
422.487682	474.594354	16.020250	-0.074870	1.677837
421.966469	467.084811	16.025255	-0.074776	1.671690
421.209445	459.713723	16.030259	-0.074640	1.665559
420.841771	452.236577	16.035264	-0.074573	1.659440
420.425889	444.799865	16.040269	-0.074498	1.653316
419.802009	437.461749	16.045274	-0.074385	1.647184
419.383024	430.096018	16.050279	-0.074309	1.641070
418.777158	422.808802	16.055283	-0.074200	1.634940
418.207345	415.588874	16.060288	-0.074097	1.628852
417.582704	408.442962	16.065293	-0.073985	1.622785
417.048850	401.269042	16.070298	-0.073888	1.616701
416.601241	394.090123	16.075303	-0.073807	1.610617
416.287060	386.888041	16.080307	-0.073750	1.604533
415.543881	379.876717	16.085312	-0.073617	1.598447
415.092793	372.839195	16.090317	-0.073535	1.592410
414.449774	365.888273	16.095322	-0.073419	1.586361
414.033703	358.877859	16.100327	-0.073344	1.580312
413.443415	352.006192	16.105331	-0.073237	1.574300
412.918458	345.092101	16.110336	-0.073143	1.568251
412.502760	338.212067	16.115341	-0.073068	1.562243
411.870796	331.437820	16.120346	-0.072954	1.556231
411.392307	324.630773	16.125351	-0.072867	1.550218
410.909261	317.868957	16.130355	-0.072780	1.544219
410.236837	311.208767	16.135360	-0.072659	1.538222
409.668827	304.567652	16.140365	-0.072557	1.532252
409.084888	297.975255	16.145370	-0.072451	1.526297
408.610336	291.386347	16.150375	-0.072366	1.520358
408.043412	284.870506	16.155379	-0.072263	1.514428
407.250766	278.491562	16.160384	-0.072121	1.508519
406.607728	272.152767	16.165389	-0.072005	1.502674
406.133394	265.799291	16.170394	-0.071919	1.496851
405.723163	259.403847	16.175399	-0.071845	1.490989
405.001822	253.174907	16.180403	-0.071715	1.485146
404.387112	246.992479	16.185408	-0.071605	1.479359
403.786501	240.845862	16.190413	-0.071497	1.473586
403.254350	234.706742	16.195418	-0.071401	1.467821
402.645335	228.646231	16.200423	-0.071291	1.462078
402.346653	222.440276	16.205427	-0.071237	1.456290
401.663474	216.420168	16.210432	-0.071114	1.450512
401.098646	210.454055	16.215437	-0.071012	1.444802
400.655205	204.448519	16.220442	-0.070932	1.439078
400.001767	198.554990	16.225447	-0.070814	1.433358
399.288657	192.758385	16.230451	-0.070686	1.427685
398.583499	187.015882	16.235456	-0.070559	1.422042
397.951017	181.332004	16.240461	-0.070446	1.416459
397.439269	175.609134	16.245466	-0.070353	1.410861
396.728106	170.030229	16.250471	-0.070225	1.405304
396.177751	164.460538	16.255475	-0.070126	1.399793
395.519693	158.934549	16.260480	-0.070008	1.394262
394.929398	153.474971	16.265485	-0.069902	1.388798
393.911064	148.240277	16.270490	-0.069719	1.383368
393.129688	143.017862	16.275495	-0.069578	1.378018
392.421437	137.836631	16.280499	-0.069451	1.372714
391.848419	132.664392	16.285504	-0.069348	1.367451
391.114246	127.627861	16.290509	-0.069216	1.362238
390.473782	122.597423	16.295514	-0.069101	1.357047
389.762080	117.632531	16.300519	-0.068973	1.351874
389.008909	112.782082	16.305523	-0.068838	1.346778
388.492474	107.872753	16.310528	-0.068745	1.341696
387.743190	103.118329	16.315533	-0.068610	1.336658
386.879981	98.452247	16.320538	-0.068455	1.331645
386.206749	93.803535	16.325543	-0.068334	1.326705
385.432494	89.276178	16.330547	-0.068195	1.321829
384.722153	84.781813	16.335552	-0.068067	1.316994
383.826886	80.419645	16.340557	-0.067907	1.312201
383.059677	76.109017	16.345562	-0.067769	1.307495
382.146448	71.931953	16.350567	-0.067605	1.302851
381.153781	67.849842	16.355571	-0.067427	1.298254
380.281292	63.821193	16.360576	-0.067271	1.293746
379.651178	59.818872	16.365581	-0.067157	1.289347
378.821459	55.921670	16.370586	-0.067008	1.284961
377.833720	52.202085	16.375591	-0.066831	1.280681
377.022025	48.497529	16.380595	-0.066686	1.276474
376.108805	44.890824	16.385600	-0.066522	1.272313
375.344038	41.337442	16.390605	-0.066385	1.268257
374.525189	37.842936	16.395610	-0.066238	1.264228
373.551749	34.534578	16.400615	-0.066063	1.260318
372.838464	31.169994	16.405619	-0.065935	1.256445
371.780467	28.024951	16.410624	-0.065746	1.252649
370.916686	24.916223	16.415629	-0.065591	1.248963
369.791244	21.990335	16.420634	-0.065389	1.245351
368.500660	19.286377	16.425639	-0.065158	1.241897
367.311655	16.681451	16.430643	-0.064945	1.238584
365.862076	14.340000	16.435648	-0.064685	1.235436
364.902020	11.932923	16.440653	-0.064513	1.232417
363.121472	10.003986	16.445658	-0.064194	1.229560
360.868313	8.560525	16.450663	-0.063791	1.227022
358.909481	7.245780	16.455667	-0.063441	1.224745
354.336213	7.407537	16.460672	-0.062623	1.222953
349.982774	8.329899	16.465677	-0.061844	1.222085
345.765284	9.912595	16.470682	-0.061089	1.221998
344.572109	10.537510	16.475687	-0.060876	1.222168
344.217516	10.976670	16.480691	-0.060813	1.222496
344.040181	11.332863	16.485696	-0.060781	1.222809
344.239955	11.461987	16.490701	-0.060817	1.223037
344.076476	11.655941	16.495706	-0.060788	1.223179
343.885129	11.734881	16.500711	-0.060754	1.223183
343.670927	11.824041	16.505715	-0.060715	1.223188
342.256786	12.376310	16.510720	-0.060462	1.223183
341.735751	12.752687	16.515725	-0.060369	1.223370
341.582462	12.918960	16.520730	-0.060342	1.223486
341.521238	12.944630	16.525735	-0.060331	1.223488
341.484808	12.956393	16.530739	-0.060325	1.223485
341.392177	12.822971	16.535744	-0.060308	1.223299
341.319252	12.698362	16.540749	-0.060295	1.223131
341.251886	12.423369	16.545754	-0.060283	1.222802
341.086143	12.150362	16.550759	-0.060253	1.222431
341.037029	11.859870	16.555763	-0.060245	1.222092
340.950207	11.372491	16.560768	-0.060229	1.221521
340.843812	10.879540	16.565773	-0.060210	1.220935
340.772234	10.272346	16.570778	-0.060197	1.220239
340.470687	9.717457	16.575783	-0.060143	1.219500
339.938673	9.223754	16.580787	-0.060048	1.218728
337.474897	9.634846	16.585792	-0.059607	1.218113
337.292933	9.358429	16.590797	-0.059575	1.217730
337.224560	8.963659	16.595802	-0.059562	1.217267
337.014406	8.605708	16.600807	-0.059525	1.216782
336.873397	8.094780	16.605811	-0.059500	1.216159
335.485391	8.081109	16.610816	-0.059251	1.215542
334.998066	7.899047	16.615821	-0.059164	1.215130
334.734784	7.560723	16.620826	-0.059117	1.214643
334.601684	7.124176	16.625831	-0.059093	1.214104
334.728110	6.518300	16.630835	-0.059116	1.213491
334.446521	5.963518	16.635840	-0.059065	1.212756
334.245864	5.398653	16.640845	-0.059029	1.212046
333.100628	5.158803	16.645850	-0.058825	1.211282
331.615762	5.199831	16.650855	-0.058559	1.210680
331.245919	4.949810	16.655859	-0.058493	1.210243
331.083996	4.517427	16.660864	-0.058464	1.209694
330.894292	4.081352	16.665869	-0.058430	1.209129
330.804082	3.526793	16.670874	-0.058414	1.208475
330.391754	3.009732	16.675879	-0.058340	1.207722
329.494494	2.817739	16.680883	-0.058179	1.207117
327.719549	3.012314	16.685888	-0.057862	1.206557
327.365325	2.846095	16.690893	-0.057799	1.206217
327.227988	2.463021	16.695898	-0.057774	1.205732
327.039179	2.111532	16.700903	-0.057740	1.205259
326.719832	1.745326	16.705907	-0.057683	1.204712
326.311474	1.360544	16.710912	-0.057610	1.204106
325.601117	1.136582	16.715917	-0.057483	1.203545
325.261212	0.767782	16.720922	-0.057422	1.202986
323.254595	1.149995	16.725927	-0.057063	1.202530
323.165061	0.953262	16.730931	-0.057047	1.202272
322.665533	0.870820	16.735936	-0.056958	1.201961
322.734582	0.512020	16.740941	-0.056970	1.201592
322.457028	0.152748	16.745946	-0.056921	1.201069
322.088548	-0.175199	16.750951	-0.056855	1.200542
321.750421	-0.512876	16.755955	-0.056794	1.200016
320.404239	-0.446573	16.760960	-0.056553	1.199498
319.875366	-0.557844	16.765965	-0.056459	1.199141
319.871568	-0.926517	16.770970	-0.056458	1.198727
319.744535	-1.345134	16.775975	-0.056435	1.198204
319.310559	-1.668111	16.780979	-0.056358	1.197652
318.224700	-1.662698	16.785984	-0.056163	1.197179
317.560431	-1.783498	16.790989	-0.056045	1.196750
317.344995	-2.073886	16.795994	-0.056006	1.196330
316.713380	-2.257539	16.800999	-0.055893	1.195846
316.494684	-2.565298	16.806003	-0.055854	1.195405
315.723950	-2.696473	16.811008	-0.055716	1.194917
315.276056	-2.885321	16.816013	-0.055636	1.194507
314.995241	-3.181672	16.821018	-0.055586	1.194051
313.902046	-3.175714	16.826023	-0.055390	1.193574
313.501188	-3.328649	16.831027	-0.055319	1.193225
312.390544	-3.205628	16.836032	-0.055120	1.192871
312.217926	-3.356637	16.841037	-0.055089	1.192625
309.584126	-2.564987	16.846042	-0.054618	1.192346
305.798116	-0.473496	16.851047	-0.053941	1.193017
308.504728	-1.225839	16.856051	-0.054425	1.193372
308.149225	-1.084707	16.861056	-0.054362	1.193373
308.847941	-1.351068	16.866061	-0.054487	1.193383
307.900798	-0.978423	16.871066	-0.054317	1.193382
308.143602	-1.166711	16.876071	-0.054361	1.193278
307.623643	-1.157725	16.881075	-0.054268	1.193058
306.326164	-0.905112	16.886080	-0.054036	1.192767
307.223394	-1.277791	16.891085	-0.054196	1.192746
305.061332	-0.697573	16.896090	-0.053809	1.192440
306.172178	-1.051797	16.901095	-0.054008	1.192534
305.740009	-1.151945	16.906099	-0.053931	1.192230
304.348475	-0.839344	16.911104	-0.053682	1.191964
305.137220	-1.296720	16.916109	-0.053823	1.191800
302.511145	-0.478340	16.921114	-0.053353	1.191555
303.332294	-0.797383	16.926119	-0.053500	1.191561
302.834067	-0.868565	16.931123	-0.053411	1.191260
301.921702	-0.554995	16.936128	-0.053248	1.191208
302.314131	-0.963120	16.941133	-0.053318	1.190923
300.312445	-0.459131	16.946138	-0.052960	1.190601
300.350064	-0.478586	16.951143	-0.052967	1.190596
300.867660	-0.793870	16.956147	-0.053060	1.190471
299.106246	-0.259218	16.961152	-0.052745	1.190291
299.913246	-0.736714	16.966157	-0.052889	1.190112
298.761364	-0.479657	16.971162	-0.052683	1.189890
297.789119	-0.277324	16.976167	-0.052509	1.189685
298.202953	-0.609639	16.981171	-0.052583	1.189495
296.642221	-0.120429	16.986176	-0.052304	1.189352
297.566833	-0.579807	16.991181	-0.052469	1.189246
296.248663	-0.371559	16.996186	-0.052234	1.188894
295.856092	-0.365984	17.001191	-0.052163	1.188726
296.079717	-0.656717	17.006195	-0.052203	1.188498
294.407370	-0.222354	17.011200	-0.051904	1.188244
294.880055	-0.532434	17.016205	-0.051989	1.188104
293.421344	-0.228275	17.021210	-0.051728	1.187798
293.159884	-0.130115	17.026215	-0.051681	1.187792
293.632491	-0.523212	17.031219	-0.051766	1.187560
292.188262	-0.146117	17.036224	-0.051508	1.187342
292.867276	-0.584398	17.041229	-0.051629	1.187150
291.212923	-0.305249	17.046234	-0.051333	1.186728
290.298204	0.100373	17.051239	-0.051170	1.186778
290.857226	-0.305792	17.056243	-0.051270	1.186569
289.518596	-0.043991	17.061248	-0.051030	1.186267
290.156025	-0.358261	17.066253	-0.051144	1.186197
288.994672	-0.127473	17.071258	-0.050937	1.185940
287.997758	-0.011353	17.076263	-0.050758	1.185626
289.128104	-0.567276	17.081267	-0.050960	1.185502
287.174046	0.022071	17.086272	-0.050611	1.185296
287.332875	-0.288435	17.091277	-0.050639	1.185016
286.646591	-0.236428	17.096282	-0.050517	1.184769
285.784021	0.066788	17.101287	-0.050362	1.184727
286.071737	-0.324917	17.106291	-0.050414	1.184412
285.105448	-0.216479	17.111296	-0.050241	1.184103
285.253177	-0.406775	17.116301	-0.050267	1.183954
284.221856	-0.293282	17.121306	-0.050083	1.183621
282.788643	0.122392	17.126311	-0.049827	1.183451
283.834089	-0.403908	17.131315	-0.050014	1.183323
282.031173	0.135573	17.136320	-0.049691	1.183128
282.420819	-0.152565	17.141325	-0.049761	1.182976
282.364878	-0.389587	17.146330	-0.049751	1.182682
280.915381	0.033708	17.151335	-0.049492	1.182513
281.477452	-0.443170	17.156339	-0.049592	1.182224
279.552312	0.083746	17.161344	-0.049248	1.181960
279.821733	-0.034466	17.166349	-0.049296	1.181947
279.154085	-0.040362	17.171354	-0.049177	1.181641
278.479926	0.140228	17.176359	-0.049056	1.181544
278.997037	-0.300724	17.181363	-0.049149	1.181275
277.325547	0.116065	17.186368	-0.048850	1.180999
277.500883	-0.094196	17.191373	-0.048881	1.180839
277.405744	-0.307739	17.196378	-0.048864	1.180554
275.205664	0.402166	17.201383	-0.048471	1.180374
276.289367	-0.127046	17.206387	-0.048665	1.180259
275.105694	0.166845	17.211392	-0.048453	1.180062
275.015688	-0.017972	17.216397	-0.048437	1.179812
274.983359	-0.253686	17.221402	-0.048431	1.179529
273.492517	0.184068	17.226407	-0.048164	1.179358
273.666148	-0.082923	17.231411	-0.048195	1.179132
272.557926	0.085202	17.236416	-0.047997	1.178826
272.526960	0.042568	17.241421	-0.047992	1.178763
272.152501	-0.041074	17.246426	-0.047925	1.178500
270.898670	0.179190	17.251431	-0.047701	1.178187
271.916444	-0.350308	17.256435	-0.047883	1.178043
270.313860	0.058742	17.261440	-0.047596	1.177788
269.564965	0.163011	17.266445	-0.047462	1.177570
270.086364	-0.210767	17.271450	-0.047555	1.177379
268.529798	0.286152	17.276455	-0.047277	1.177244
268.838841	-0.073713	17.281459	-0.047332	1.176974
268.030762	-0.024144	17.286464	-0.047188	1.176667
267.702144	-0.039758	17.291469	-0.047129	1.176501
267.827009	-0.364228	17.296474	-0.047151	1.176188
265.635858	0.367025	17.301479	-0.046759	1.176034
266.351638	-0.127287	17.306483	-0.046887	1.175793
265.531597	-0.049552	17.311488	-0.046741	1.175513
264.853409	0.121497	17.316493	-0.046620	1.175402
265.539111	-0.443873	17.321498	-0.046742	1.175066
263.477666	0.125867	17.326503	-0.046374	1.174787
264.137260	-0.224176	17.331507	-0.046492	1.174685
263.234196	-0.188294	17.336512	-0.046330	1.174319
262.014720	0.149884	17.341517	-0.046112	1.174155
262.576750	-0.230726	17.346522	-0.046212	1.173974
260.741374	0.368039	17.351527	-0.045884	1.173830
261.527341	-0.055517	17.356531	-0.046025	1.173701
261.196055	-0.232780	17.361536	-0.045966	1.173349
259.934219	0.088487	17.366541	-0.045740	1.173146
260.100082	-0.222070	17.371546	-0.045770	1.172866
258.158041	0.300735	17.376551	-0.045422	1.172586
258.907872	0.006563	17.381555	-0.045556	1.172589
258.851994	-0.203003	17.386560	-0.045546	1.172324
257.212590	0.182879	17.391565	-0.045253	1.172024
257.910276	-0.209252	17.396570	-0.045378	1.171891
256.684693	0.048045	17.401575	-0.045159	1.171632
256.490933	-0.085484	17.406579	-0.045124	1.171391
255.889234	-0.120585	17.411584	-0.045017	1.171079
254.901402	0.108832	17.416589	-0.044840	1.170895
254.989654	-0.067403	17.421594	-0.044856	1.170733
253.271071	0.357026	17.426599	-0.044548	1.170441
254.251209	-0.043405	17.431603	-0.044724	1.170426
253.911766	-0.213439	17.436608	-0.044663	1.170078
252.212595	0.250330	17.441613	-0.044359	1.169840
253.061924	-0.245722	17.446618	-0.044511	1.169656
251.590900	0.122111	17.451623	-0.044248	1.169411
251.305535	0.053666	17.456627	-0.044197	1.169203
251.325925	-0.203154	17.461632	-0.044201	1.168918
249.852620	0.266408	17.466637	-0.043937	1.168789
250.184268	-0.056774	17.471642	-0.043996	1.168568
249.069918	0.102470	17.476647	-0.043797	1.168246
249.599558	-0.242472	17.481651	-0.043892	1.168090
249.042023	-0.344864	17.486656	-0.043792	1.167719
247.174106	0.310748	17.491661	-0.043458	1.167624
247.593208	-0.068956	17.496666	-0.043533	1.167379
246.874970	-0.019110	17.501671	-0.043405	1.167110
246.669708	-0.043253	17.506675	-0.043368	1.166989
246.189235	-0.120306	17.511680	-0.043282	1.166682
244.416255	0.345861	17.516685	-0.042965	1.166412
245.820547	-0.259759	17.521690	-0.043216	1.166354
244.693990	-0.150907	17.526695	-0.043015	1.165967
243.559480	0.138174	17.531699	-0.042812	1.165784
243.892978	-0.178796	17.536704	-0.042871	1.165571
242.610959	0.229767	17.541709	-0.042642	1.165458
242.632937	-0.036662	17.546714	-0.042646	1.165161
242.233096	-0.085013	17.551719	-0.042575	1.164924
241.742681	-0.020999	17.556723	-0.042487	1.164774
241.467471	-0.222886	17.561728	-0.042438	1.164417
240.042314	0.174875	17.566733	-0.042183	1.164226
240.581102	-0.228566	17.571738	-0.042279	1.164006
239.708663	-0.160783	17.576743	-0.042123	1.163687
239.022814	0.011060	17.581747	-0.042000	1.163573
238.424462	-0.015266	17.586752	-0.041893	1.163270
237.533082	0.157573	17.591757	-0.041734	1.163063
238.054809	-0.138942	17.596762	-0.041827	1.162959
236.874145	0.062302	17.601767	-0.041616	1.162652
236.683107	0.051379	17.606771	-0.041582	1.162553
236.765810	-0.181384	17.611776	-0.041597	1.162322
234.643070	0.469285	17.616781	-0.041217	1.162104
236.106330	-0.239694	17.621786	-0.041479	1.161954
234.714103	-0.027770	17.626791	-0.041230	1.161563
233.639565	0.320234	17.631795	-0.041038	1.161474
234.222121	-0.130399	17.636800	-0.041142	1.161220
232.868045	0.151236	17.641805	-0.040900	1.160926
233.402203	-0.181307	17.646810	-0.040995	1.160786
232.128369	-0.014926	17.651815	-0.040768	1.160396
231.134150	0.225229	17.656819	-0.040590	1.160219
232.016035	-0.232616	17.661824	-0.040748	1.160093
230.368496	0.264950	17.666829	-0.040453	1.159915
230.352034	-0.008314	17.671834	-0.040450	1.159592
230.139786	-0.140749	17.676839	-0.040412	1.159341
228.932811	0.236310	17.681843	-0.040196	1.159225
228.735427	0.079334	17.686848	-0.040161	1.158953
228.123824	0.111110	17.691853	-0.040051	1.158710
227.996047	0.075360	17.696858	-0.040029	1.158610
227.590291	-0.034303	17.701863	-0.039956	1.158298
226.768603	0.059351	17.706867	-0.039809	1.158030
226.816312	-0.156800	17.711872	-0.039818	1.157801
225.484102	0.185010	17.716877	-0.039579	1.157587
224.994665	0.274766	17.721882	-0.039492	1.157466
224.997584	0.065936	17.726887	-0.039492	1.157226
224.340286	0.212435	17.731891	-0.039375	1.157094
224.185868	0.023189	17.736896	-0.039347	1.156804
223.460777	0.047232	17.741901	-0.039218	1.156499
223.201706	-0.015822	17.746906	-0.039171	1.156307
222.710167	-0.078390	17.751911	-0.039083	1.156009
221.527687	0.264371	17.756915	-0.038872	1.155864
221.561181	0.003229	17.761920	-0.038878	1.155576
220.681882	0.152616	17.766925	-0.038721	1.155346
220.136106	0.272621	17.771930	-0.038623	1.155234
220.435340	-0.038764	17.776935	-0.038677	1.155010
219.664375	0.004156	17.781939	-0.038539	1.154706
219.445235	-0.098178	17.786944	-0.038500	1.154486
218.207335	0.228866	17.791949	-0.038278	1.154297
217.409153	0.278716	17.796954	-0.038135	1.153988
218.040783	-0.087609	17.801959	-0.038248	1.153853
217.067030	0.127734	17.806963	-0.038074	1.153655
216.582710	0.054718	17.811968	-0.037988	1.153347
215.834180	0.142963	17.816973	-0.037854	1.153105
215.619578	0.160191	17.821978	-0.037815	1.153027
215.045187	0.142476	17.826983	-0.037713	1.152742
214.763896	0.078218	17.831987	-0.037662	1.152537
214.863856	-0.172156	17.836992	-0.037680	1.152292
213.119619	0.188768	17.841997	-0.037368	1.151908
212.962232	0.209623	17.847002	-0.037340	1.151860
212.751805	0.048044	17.852007	-0.037303	1.151575
212.177051	0.100096	17.857011	-0.037200	1.151370
211.877631	0.050805	17.862016	-0.037146	1.151175
210.572383	0.340715	17.867021	-0.036913	1.150911
210.710364	0.208879	17.872026	-0.036938	1.150821
210.648292	-0.013505	17.877031	-0.036926	1.150533
209.656406	0.165133	17.882035	-0.036749	1.150283
209.558571	-0.053474	17.887040	-0.036732	1.149983
208.602390	0.066241	17.892045	-0.036561	1.149681
207.870005	0.304496	17.897050	-0.036430	1.149621
207.848563	0.075865	17.902055	-0.036426	1.149344
207.142738	0.115112	17.907059	-0.036300	1.149064
207.100013	0.007289	17.912064	-0.036292	1.148918
206.193883	0.158821	17.917069	-0.036130	1.148676
205.509233	0.192985	17.922074	-0.036007	1.148400
206.059742	-0.224417	17.927079	-0.036106	1.148167
204.574206	0.113800	17.932083	-0.035840	1.147875
204.510503	0.019887	17.937088	-0.035829	1.147735
203.326922	0.318292	17.942093	-0.035617	1.147537
203.305740	0.145633	17.947098	-0.035613	1.147325
203.513406	-0.131631	17.952103	-0.035651	1.147097
202.145778	0.152339	17.957107	-0.035406	1.146795
202.011814	0.015042	17.962112	-0.035382	1.146573
201.494540	-0.035204	17.967117	-0.035290	1.146274
200.955946	-0.009064	17.972122	-0.035193	1.146055
200.650658	-0.108056	17.977127	-0.035139	1.145798
199.248596	0.306741	17.982131	-0.034888	1.145634
199.191493	0.132842	17.987136	-0.034878	1.145403
199.148593	0.001151	17.992141	-0.034870	1.145229
198.043411	0.266255	17.997146	-0.034672	1.145027
198.325380	-0.055317	18.002151	-0.034723	1.144781
197.591590	0.009116	18.007155	-0.034592	1.144516
197.201709	-0.010513	18.012160	-0.034522	1.144312
196.269408	0.153881	18.017165	-0.034355	1.144072
195.364024	0.253166	18.022170	-0.034193	1.143768
196.056922	-0.115657	18.027175	-0.034317	1.143657
194.989921	0.117809	18.032179	-0.034126	1.143435
194.628121	0.004138	18.037184	-0.034062	1.143133
194.158654	-0.040273	18.042189	-0.033978	1.142863
193.473063	0.111691	18.047194	-0.033855	1.142723
193.118282	0.079269	18.052199	-0.033792	1.142520
192.090258	0.232749	18.057203	-0.033608	1.142222
192.114514	0.081949	18.062208	-0.033612	1.142056
191.762701	0.034729	18.067213	-0.033549	1.141837
190.691437	0.243049	18.072218	-0.033358	1.141583
190.890384	-0.043416	18.077223	-0.033393	1.141338
190.265889	0.022088	18.082227	-0.033282	1.141125
189.630534	0.077877	18.087232	-0.033168	1.140894
189.020764	0.102837	18.092237	-0.033059	1.140640
188.440041	0.093691	18.097242	-0.032955	1.140358
188.774132	-0.193052	18.102247	-0.033015	1.140176
187.703306	-0.046531	18.107251	-0.032823	1.139850
187.390980	-0.121304	18.112256	-0.032768	1.139616
186.518116	0.027162	18.117261	-0.032611	1.139383
185.997373	-0.012653	18.122266	-0.032518	1.139094
185.900785	-0.123008	18.127271	-0.032501	1.138918
184.881797	0.151668	18.132275	-0.032319	1.138767
184.667471	-0.029366	18.137280	-0.032280	1.138453
184.456990	-0.134015	18.142285	-0.032243	1.138231
183.539293	0.123662	18.147290	-0.032079	1.138107
183.079177	0.061669	18.152295	-0.031996	1.137818
183.120962	-0.125308	18.157299	-0.032004	1.137617
182.462778	-0.056821	18.162304	-0.031886	1.137390
181.403420	0.183783	18.167309	-0.031697	1.137179
180.939031	0.149396	18.172314	-0.031614	1.136921
181.531678	-0.265746	18.177319	-0.031720	1.136708
179.914824	0.079957	18.182323	-0.031431	1.136360
179.830866	0.038186	18.187328	-0.031416	1.136272
179.310649	-0.012374	18.192333	-0.031323	1.135968
178.475078	0.107285	18.197338	-0.031173	1.135719
178.559444	-0.048266	18.202343	-0.031188	1.135574
177.166491	0.305405	18.207347	-0.030939	1.135340
177.534288	0.049191	18.212352	-0.031005	1.135209
177.436590	-0.149910	18.217357	-0.030987	1.134928
176.502575	-0.048514	18.222362	-0.030820	1.134610
175.741765	0.074313	18.227367	-0.030684	1.134399
174.608092	0.278712	18.232371	-0.030482	1.134109
175.189842	0.005856	18.237376	-0.030586	1.134059
174.608149	0.000218	18.242381	-0.030482	1.133779
173.484123	0.191340	18.247386	-0.030281	1.133478
173.551321	0.081746	18.252391	-0.030293	1.133380
172.674578	0.241240	18.257395	-0.030136	1.133158
172.717827	0.009148	18.262400	-0.030144	1.132903
172.602608	-0.128485	18.267405	-0.030123	1.132685
171.498383	0.016603	18.272410	-0.029926	1.132339
171.237784	-0.103654	18.277415	-0.029879	1.132074
170.374287	0.083780	18.282419	-0.029725	1.131890
170.126716	-0.028001	18.287424	-0.029680	1.131641
169.926668	-0.196800	18.292429	-0.029645	1.131347
168.724499	-0.005751	18.297434	-0.029430	1.131008
168.947540	-0.240468	18.302439	-0.029469	1.130834
167.764807	0.092471	18.307443	-0.029258	1.130673
167.090953	0.111200	18.312448	-0.029137	1.130378
167.497991	-0.211351	18.317453	-0.029210	1.130187
166.776283	-0.092838	18.322458	-0.029081	1.129988
166.019661	-0.014322	18.327463	-0.028946	1.129725
164.980888	0.169405	18.332467	-0.028760	1.129454
165.667836	-0.209798	18.337472	-0.028883	1.129326
164.806913	-0.176556	18.342477	-0.028729	1.128960
163.710608	0.145176	18.347482	-0.028533	1.128826
163.714956	-0.117628	18.352487	-0.028534	1.128515
163.126506	-0.071274	18.357491	-0.028428	1.128293
162.843596	-0.102825	18.362496	-0.028378	1.128122
162.422457	-0.204484	18.367501	-0.028303	1.127802
161.455407	0.037442	18.372506	-0.028130	1.127634
161.242217	-0.112502	18.377511	-0.028092	1.127355
160.443193	0.051009	18.382515	-0.027949	1.127172
159.877117	0.112964	18.387520	-0.027847	1.126979
160.209503	-0.231735	18.392525	-0.027907	1.126725
159.045117	-0.010941	18.397530	-0.027699	1.126438
158.957577	-0.095640	18.402535	-0.027683	1.126295
158.126313	0.005562	18.407539	-0.027534	1.126023
157.778070	-0.116325	18.412544	-0.027472	1.125713
157.720227	-0.284332	18.417549	-0.027462	1.125485
156.381636	0.097787	18.422554	-0.027222	1.125308
156.055894	0.062399	18.427559	-0.027164	1.125112
155.529146	0.031002	18.432563	-0.027070	1.124825
155.625291	-0.123623	18.437568	-0.027087	1.124686
155.063429	-0.161310	18.442573	-0.026987	1.124375
153.699347	0.197161	18.447578	-0.026743	1.124157
154.319649	-0.228460	18.452583	-0.026854	1.123942
153.070409	0.015895	18.457587	-0.026630	1.123642
152.115916	0.295098	18.462592	-0.026460	1.123524
152.175900	0.110404	18.467597	-0.026470	1.123331
151.699506	0.204675	18.472602	-0.026385	1.123218
151.825541	-0.077795	18.477607	-0.026408	1.122940
151.065013	0.032066	18.482611	-0.026272	1.122711
150.284837	0.203713	18.487616	-0.026132	1.122546
150.040455	0.073726	18.492621	-0.026088	1.122275
148.982691	0.295396	18.497626	-0.025899	1.122038
149.261565	-0.005650	18.502631	-0.025949	1.121810
148.177780	0.191663	18.507635	-0.025755	1.121532
147.788817	0.241373	18.512640	-0.025686	1.121407
148.141405	-0.197784	18.517645	-0.025749	1.121048
146.658732	0.159760	18.522650	-0.025484	1.120772
146.874638	-0.107005	18.527655	-0.025522	1.120554
145.680728	0.145444	18.532659	-0.025309	1.120290
144.902522	0.347224	18.537664	-0.025170	1.120162
146.032533	-0.314514	18.542669	-0.025372	1.119905
143.732002	0.283723	18.547674	-0.024960	1.119528
144.301210	0.029291	18.552679	-0.025062	1.119494
143.668514	0.008157	18.557683	-0.024949	1.119167
142.445140	0.265663	18.562688	-0.024730	1.118894
143.161977	-0.142083	18.567693	-0.024858	1.118746
141.555240	0.357200	18.572698	-0.024571	1.118580
141.429614	0.149985	18.577703	-0.024549	1.118272
141.443378	-0.028902	18.582707	-0.024551	1.118063
140.306902	0.304777	18.587712	-0.024348	1.117923
140.784946	-0.143589	18.592717	-0.024433	1.117611
139.527020	0.122735	18.597722	-0.024208	1.117332
138.853562	0.159640	18.602727	-0.024088	1.117055
138.608845	0.079727	18.607731	-0.024044	1.116842
137.668415	0.367348	18.612736	-0.023876	1.116740
138.374025	-0.128127	18.617741	-0.024002	1.116480
136.882051	0.155091	18.622746	-0.023735	1.116109
137.220917	-0.117811	18.627751	-0.023796	1.115942
135.951650	0.108557	18.632755	-0.023569	1.115608
134.816462	0.451637	18.637760	-0.023366	1.115479
135.863441	-0.102247	18.642765	-0.023553	1.115312
134.584299	0.167751	18.647770	-0.023325	1.115026
134.235311	0.155663	18.652775	-0.023262	1.114845
133.999540	-0.045124	18.657779	-0.023220	1.114490
132.412416	0.364131	18.662784	-0.022936	1.114224
133.796379	-0.295234	18.667789	-0.023184	1.114091
132.189463	0.030257	18.672794	-0.022896	1.113715
131.828905	0.051187	18.677799	-0.022832	1.113567
131.240883	0.070011	18.682803	-0.022727	1.113309
130.142800	0.262849	18.687808	-0.022530	1.113016
131.202505	-0.242347	18.692813	-0.022720	1.112913
129.644610	0.108314	18.697818	-0.022441	1.112590
129.348025	0.079426	18.702823	-0.022388	1.112413
129.281874	-0.217351	18.707827	-0.022376	1.112023
127.410317	0.321800	18.712832	-0.022042	1.111777
128.204463	-0.061767	18.717837	-0.022184	1.111694
127.025756	0.226964	18.722842	-0.021973	1.111478
126.710734	0.186724	18.727847	-0.021917	1.111278
127.132660	-0.196385	18.732851	-0.021992	1.111017
125.432660	0.303645	18.737856	-0.021688	1.110806
125.595117	0.009158	18.742861	-0.021717	1.110528
124.705820	0.126729	18.747866	-0.021558	1.110243
124.438176	0.139450	18.752871	-0.021510	1.110130
124.359449	-0.109144	18.757875	-0.021496	1.109791
123.000277	0.265817	18.762880	-0.021253	1.109592
123.467852	-0.164088	18.767885	-0.021337	1.109296
122.424293	-0.018172	18.772890	-0.021150	1.108971
121.697700	0.125614	18.777895	-0.021020	1.108796
121.974179	-0.201510	18.782899	-0.021070	1.108532
120.526053	0.212305	18.787904	-0.020811	1.108337
120.935196	-0.177498	18.792909	-0.020884	1.108061
119.950947	-0.003357	18.797914	-0.020708	1.107799
119.252418	0.189938	18.802919	-0.020583	1.107697
119.286014	-0.061379	18.807923	-0.020589	1.107408
117.718998	0.327553	18.812928	-0.020309	1.107125
118.721315	-0.166547	18.817933	-0.020488	1.107008
117.354056	0.096458	18.822938	-0.020243	1.106669
116.186146	0.424116	18.827943	-0.020034	1.106504
117.305424	-0.154963	18.832947	-0.020235	1.106340
115.473047	0.424502	18.837952	-0.019907	1.106161
115.980069	-0.015215	18.842957	-0.019998	1.105870
115.049619	0.105126	18.847962	-0.019831	1.105568
114.378681	0.241590	18.852967	-0.019711	1.105410
114.981268	-0.224595	18.857971	-0.019819	1.105134
112.949344	0.397267	18.862976	-0.019456	1.104909
112.899967	0.179050	18.867981	-0.019447	1.104620
112.584406	0.140018	18.872986	-0.019390	1.104420
111.562207	0.445059	18.877991	-0.019208	1.104298
112.752577	-0.245680	18.882995	-0.019421	1.104031
110.722381	0.263080	18.888000	-0.019057	1.103670
111.083107	-0.019384	18.893005	-0.019122	1.103500
110.364665	-0.009155	18.898010	-0.018993	1.103165
108.665952	0.580028	18.903015	-0.018690	1.103062
109.826661	0.000866	18.908019	-0.018897	1.102917
108.317779	0.318071	18.913024	-0.018627	1.102574
108.533041	0.144728	18.918029	-0.018666	1.102466
108.089281	0.009841	18.923034	-0.018587	1.102087
106.611258	0.412615	18.928039	-0.018322	1.101863
107.851874	-0.222294	18.933043	-0.018544	1.101688
105.667999	0.270489	18.938048	-0.018154	1.101232
105.744392	0.210009	18.943053	-0.018167	1.101195
105.341501	0.147007	18.948058	-0.018095	1.100923
104.113657	0.401491	18.953063	-0.017876	1.100638
105.353004	-0.201320	18.958067	-0.018097	1.100503
103.624503	0.240749	18.963072	-0.017788	1.100205
103.427167	0.123321	18.968077	-0.017753	1.099965
103.138401	-0.112018	18.973082	-0.017701	1.099537
101.329868	0.526264	18.978087	-0.017378	1.099440
102.447193	-0.027330	18.983091	-0.017578	1.099305
101.112805	0.289648	18.988096	-0.017339	1.099045
100.689588	0.216461	18.993101	-0.017263	1.098750
101.202944	-0.157034	18.998106	-0.017355	1.098542
99.362892	0.343713	19.003111	-0.017026	1.098261
99.872150	-0.018403	19.008115	-0.017117	1.098065
98.734244	0.253671	19.013120	-0.016914	1.097845
98.007413	0.271098	19.018125	-0.016784	1.097513
98.783684	-0.167864	19.023130	-0.016923	1.097352
96.842470	0.419385	19.028135	-0.016575	1.097128
97.396643	-0.012156	19.033139	-0.016675	1.096868
96.511235	0.099616	19.038144	-0.016516	1.096574
95.519812	0.229769	19.043149	-0.016339	1.096251
95.934133	-0.047235	19.048154	-0.016413	1.096113
94.444143	0.400278	19.053159	-0.016147	1.095936
95.019758	-0.047739	19.058163	-0.016249	1.095666
93.846528	0.148657	19.063168	-0.016040	1.095336
93.612154	0.162533	19.068173	-0.015998	1.095238
93.476589	-0.112066	19.073178	-0.015974	1.094835
91.928311	0.385765	19.078183	-0.015697	1.094691
92.306972	0.034375	19.083187	-0.015764	1.094444
91.399520	0.135841	19.088192	-0.015602	1.094126
91.011290	0.200862	19.093197	-0.015533	1.094016
90.857924	0.028749	19.098202	-0.015505	1.093730
89.191607	0.456208	19.103207	-0.015207	1.093442
90.595504	-0.207092	19.108211	-0.015458	1.093311
88.961787	0.175096	19.113216	-0.015166	1.092983
88.267968	0.378057	19.118221	-0.015042	1.092894
88.895654	-0.177922	19.123226	-0.015154	1.092516
86.969477	0.361167	19.128231	-0.014810	1.092238
87.743256	-0.033183	19.133235	-0.014948	1.092131
86.857926	-0.030745	19.138240	-0.014790	1.091701
86.006052	0.182870	19.143245	-0.014638	1.091547
86.168582	-0.137736	19.148250	-0.014667	1.091231
84.946003	0.134198	19.153255	-0.014448	1.090968
85.174798	-0.159980	19.158259	-0.014489	1.090717
84.049105	0.017999	19.163264	-0.014288	1.090385
83.322668	0.251377	19.168269	-0.014158	1.090317
83.828800	-0.222771	19.173274	-0.014248	1.089980
81.829936	0.360291	19.178279	-0.013891	1.089720
82.577648	-0.023224	19.183283	-0.014025	1.089613
82.054539	-0.071409	19.188288	-0.013931	1.089297
80.834074	0.255989	19.193293	-0.013713	1.089103
81.394783	-0.223429	19.198298	-0.013813	1.088785
79.720013	0.184638	19.203303	-0.013513	1.088467
80.170891	-0.054136	19.208307	-0.013594	1.088394
79.237217	0.065542	19.213312	-0.013427	1.088083
78.106567	0.382336	19.218317	-0.013225	1.087920
79.362251	-0.276744	19.223322	-0.013450	1.087721
77.393288	0.163058	19.228327	-0.013097	1.087298
77.487814	0.061043	19.233331	-0.013114	1.087218
77.219885	-0.122733	19.238336	-0.013066	1.086858
75.983928	0.193556	19.243341	-0.012845	1.086642
76.414089	-0.189632	19.248346	-0.012922	1.086379
74.600684	0.250884	19.253351	-0.012598	1.086033
74.689316	0.193822	19.258355	-0.012614	1.086005
74.492348	0.055819	19.263360	-0.012579	1.085737
73.863958	0.145223	19.268365	-0.012466	1.085539
74.262663	-0.211800	19.273370	-0.012538	1.085292
71.752241	0.510425	19.278375	-0.012089	1.084952
72.237040	0.288147	19.283379	-0.012175	1.084915
72.383362	0.043215	19.288384	-0.012202	1.084683
70.645154	0.544928	19.293389	-0.011891	1.084449
71.768446	-0.071868	19.298394	-0.012092	1.084237
70.495925	0.108926	19.303399	-0.011864	1.083834
70.137666	0.116676	19.308403	-0.011800	1.083666
70.120413	-0.175674	19.313408	-0.011797	1.083295
68.666782	0.233654	19.318413	-0.011537	1.083086
68.782300	0.078384	19.323418	-0.011558	1.082950
67.978681	0.144769	19.328423	-0.011414	1.082635
67.417384	0.137194	19.333427	-0.011314	1.082349
67.555165	-0.097683	19.338432	-0.011338	1.082124
65.994044	0.343094	19.343437	-0.011059	1.081901
65.907065	0.217051	19.348442	-0.011043	1.081702
65.495338	0.156495	19.353447	-0.010970	1.081422
65.151965	0.175578	19.358451	-0.010908	1.081276
64.962585	0.034945	19.363456	-0.010875	1.081008
63.330336	0.482670	19.368461	-0.010583	1.080758
64.356320	-0.079552	19.373466	-0.010766	1.080565
63.357614	0.006126	19.378471	-0.010588	1.080177
62.243757	0.287105	19.383475	-0.010388	1.079976
62.082095	0.221616	19.388480	-0.010359	1.079814
61.040961	0.378981	19.393485	-0.010173	1.079494
61.992113	-0.104465	19.398490	-0.010343	1.079363
60.694122	0.081550	19.403495	-0.010111	1.078951
60.037783	0.239122	19.408499	-0.009994	1.078823
59.826989	0.085533	19.413504	-0.009956	1.078526
58.292458	0.482956	19.418509	-0.009682	1.078261
59.101442	0.136834	19.423514	-0.009827	1.078230
58.248573	0.248746	19.428519	-0.009674	1.077947
57.499137	0.321698	19.433523	-0.009540	1.077666
58.158069	-0.120709	19.438528	-0.009658	1.077440
56.140414	0.350373	19.443533	-0.009297	1.077027
56.949263	-0.060679	19.448538	-0.009442	1.076915
55.794049	0.080689	19.453543	-0.009235	1.076517
54.967641	0.321003	19.458547	-0.009087	1.076407
55.348220	-0.093879	19.463552	-0.009155	1.076077
53.755163	0.300339	19.468557	-0.008870	1.075779
54.078701	0.076827	19.473562	-0.008928	1.075660
53.569883	0.017352	19.478567	-0.008837	1.075332
52.543470	0.281212	19.483571	-0.008654	1.075152
52.732162	-0.040063	19.488576	-0.008688	1.074843
51.322395	0.261562	19.493581	-0.008435	1.074519
51.299478	0.251595	19.498586	-0.008431	1.074495
50.813024	0.216951	19.503591	-0.008344	1.074209
50.091745	0.278599	19.508595	-0.008215	1.073927
50.736310	-0.122735	19.513600	-0.008331	1.073745
48.943305	0.261178	19.518605	-0.008010	1.073333
49.060169	0.143861	19.523610	-0.008031	1.073244
48.522211	0.172035	19.528615	-0.007935	1.073011
47.474495	0.344480	19.533619	-0.007747	1.072704
48.360257	-0.138810	19.538624	-0.007906	1.072540
46.506214	0.255387	19.543629	-0.007574	1.072109
46.801741	0.050647	19.548634	-0.007627	1.071999
45.966975	0.125579	19.553639	-0.007478	1.071677
44.898675	0.368771	19.558643	-0.007287	1.071449
45.814099	-0.145768	19.563648	-0.007450	1.071259
44.140889	0.210961	19.568653	-0.007151	1.070871
44.265319	0.069972	19.573658	-0.007173	1.070756
43.316924	0.255223	19.578663	-0.007004	1.070515
42.466314	0.348937	19.583667	-0.006852	1.070207
43.313884	-0.107562	19.588672	-0.007003	1.070057
41.959642	0.153156	19.593677	-0.006761	1.069707
41.384476	0.269554	19.598682	-0.006658	1.069566
40.843330	0.245787	19.603687	-0.006561	1.069265
40.397565	0.253686	19.608691	-0.006482	1.069052
40.392345	0.118713	19.613696	-0.006481	1.068879
39.427728	0.301646	19.618701	-0.006308	1.068626
39.398163	0.074664	19.623706	-0.006303	1.068325
39.199494	-0.091224	19.628711	-0.006268	1.068016
37.561942	0.346558	19.633715	-0.005975	1.067747
37.880133	0.068450	19.638720	-0.006032	1.067556
37.243417	0.112630	19.643725	-0.005918	1.067292
36.160457	0.406753	19.648730	-0.005724	1.067120
36.455054	0.075181	19.653735	-0.005777	1.066849
35.823470	0.100620	19.658739	-0.005664	1.066564
35.501694	0.048413	19.663744	-0.005606	1.066337
34.391711	0.229575	19.668749	-0.005408	1.066008
34.289420	0.149762	19.673754	-0.005390	1.065856
33.687456	0.158050	19.678759	-0.005282	1.065563
32.949948	0.241376	19.683763	-0.005150	1.065298
32.892758	0.152907	19.688768	-0.005140	1.065157
31.896649	0.360446	19.693773	-0.004962	1.064919
31.675572	0.235423	19.698778	-0.004922	1.064649
31.861574	-0.020438	19.703783	-0.004955	1.064419
30.718236	0.187081	19.708787	-0.004751	1.064106
30.365032	0.136615	19.713792	-0.004688	1.063864
29.772400	0.163339	19.718797	-0.004582	1.063600
29.385186	0.130677	19.723802	-0.004513	1.063363
28.907850	0.133210	19.728807	-0.004427	1.063126
28.228822	0.200225	19.733811	-0.004306	1.062869
28.164170	0.064559	19.738816	-0.004294	1.062664
27.237498	0.197847	19.743821	-0.004128	1.062366
26.905355	0.158587	19.748826	-0.004069	1.062148
26.588319	0.034760	19.753831	-0.004012	1.061831
25.802874	0.099146	19.758835	-0.003872	1.061516
25.424982	0.100766	19.763840	-0.003804	1.061328
24.681401	0.231657	19.768845	-0.003671	1.061118
24.409840	0.167058	19.773850	-0.003623	1.060899
24.267009	-0.029275	19.778855	-0.003597	1.060577
22.827289	0.308648	19.783859	-0.003340	1.060279
23.431367	-0.014029	19.788864	-0.003448	1.060174
22.313165	0.188310	19.793869	-0.003248	1.059866
21.643562	0.287289	19.798874	-0.003128	1.059653
21.715125	0.047833	19.803879	-0.003141	1.059385
20.679115	0.271384	19.808883	-0.002956	1.059145
20.878701	0.030636	19.813888	-0.002991	1.058940
20.361393	-0.072037	19.818893	-0.002899	1.058547
19.519769	0.100845	19.823898	-0.002748	1.058341
18.797013	0.232070	19.828903	-0.002619	1.058142
17.897334	0.361088	19.833907	-0.002458	1.057850
18.416016	0.081046	19.838912	-0.002551	1.057757
17.595237	0.170949	19.843917	-0.002404	1.057455
16.943638	0.209494	19.848922	-0.002288	1.057174
16.747379	0.081400	19.853927	-0.002253	1.056911
15.927908	0.206698	19.858931	-0.002106	1.056655
15.861461	0.054653	19.863936	-0.002094	1.056427
14.908117	0.229751	19.868941	-0.001924	1.056167
14.173234	0.332384	19.873946	-0.001792	1.055925
14.370915	0.092470	19.878951	-0.001828	1.055719
13.678604	0.209039	19.883955	-0.001704	1.055516
13.419170	0.070580	19.888960	-0.001657	1.055207
12.723177	0.028621	19.893965	-0.001533	1.054800
12.060908	0.191239	19.898970	-0.001415	1.054671
11.184918	0.298878	19.903975	-0.001258	1.054363
11.103154	0.205904	19.908979	-0.001243	1.054202
11.097332	0.045368	19.913984	-0.001242	1.053994
10.169781	0.181671	19.918989	-0.001076	1.053696
9.566828	0.200705	19.923994	-0.000969	1.053414
9.701540	0.007004	19.928999	-0.000993	1.053234
8.223131	0.333731	19.934003	-0.000728	1.052900
8.653230	0.048979	19.939008	-0.000805	1.052754
7.699652	0.202641	19.944013	-0.000635	1.052465
6.994054	0.293040	19.949018	-0.000508	1.052221
6.992022	0.078865	19.954023	-0.000508	1.051946
6.504714	0.057778	19.959027	-0.000421	1.051670
5.976207	0.041525	19.964032	-0.000326	1.051380
4.886951	0.283359	19.969037	-0.000132	1.051134
4.541996	0.279138	19.974042	-0.000070	1.050952
4.630784	0.044240	19.979047	-0.000086	1.050696
3.638552	0.206066	19.984051	0.000092	1.050397
3.641203	0.069687	19.989056	0.000091	1.050224
2.643976	0.213702	19.994061	0.000269	1.049899
2.153313	0.261981	19.999066	0.000357	1.049710
2.512377	-0.104655	20.004071	0.000293	1.049423
1.143494	0.170078	20.009075	0.000538	1.049076
