Fri Mar 06 12:03:40 2026

Number of Points = 3606
Depth (nm)	Load (µN)	Time (s)	Depth (V)	Load (V)
0.307680	1.848501	0.000000	0.000821	1.049100

0.369146	1.797874	0.005005	0.000810	1.049067
0.436315	1.717376	0.010010	0.000798	1.048997
0.400676	1.547069	0.015014	0.000804	1.048760
0.473762	1.382849	0.020019	0.000791	1.048586
0.302982	1.331435	0.025024	0.000822	1.048432
0.309926	1.149803	0.030029	0.000821	1.048202
0.084304	1.050072	0.035034	0.000861	1.047957
-0.039761	0.952092	0.040038	0.000883	1.047768
-0.376796	0.917487	0.045043	0.000944	1.047550
-0.463054	0.819001	0.050048	0.000959	1.047379
-0.596085	0.763431	0.055053	0.000983	1.047239
-0.858968	0.671442	0.060058	0.001030	1.046985
-0.886400	0.642553	0.065062	0.001035	1.046934
-1.074094	0.481607	0.070067	0.001069	1.046630
-1.098735	0.463061	0.075072	0.001073	1.046593
-1.279754	0.300265	0.080077	0.001105	1.046290
-1.442855	0.312195	0.085082	0.001135	1.046222
-1.651926	0.209881	0.090086	0.001172	1.045983
-1.778738	0.244466	0.095091	0.001195	1.045962
-1.921642	0.094226	0.100096	0.001221	1.045695
-1.890311	0.067705	0.105101	0.001215	1.045676
-2.553365	0.079637	0.110106	0.001334	1.045351
-2.505936	0.065092	0.115110	0.001325	1.045356
-2.859575	0.200280	0.120115	0.001388	1.045349
-2.834539	0.172943	0.125120	0.001384	1.045327
-2.916159	-0.011581	0.130125	0.001399	1.045046
-3.455736	0.198383	0.135130	0.001495	1.045040
-3.204109	0.106330	0.140134	0.001450	1.045050
-3.400885	0.183697	0.145139	0.001486	1.045049
-3.384597	0.077668	0.150144	0.001483	1.044920
-3.744379	0.077737	0.155149	0.001547	1.044735
-4.520970	0.383225	0.160154	0.001686	1.044731
-3.563147	0.007685	0.165158	0.001515	1.044738
-3.989928	0.168542	0.170163	0.001591	1.044726
-4.215654	0.246436	0.175168	0.001632	1.044710
-4.235634	0.034682	0.180173	0.001635	1.044426
-4.448039	0.119297	0.185178	0.001673	1.044426
-4.047841	-0.055134	0.190182	0.001602	1.044407
-5.632492	0.410440	0.195187	0.001885	1.044193
-4.602440	0.129389	0.200192	0.001701	1.044360
-5.216241	0.324817	0.205197	0.001811	1.044296
-6.005403	0.589246	0.210202	0.001952	1.044232
-4.160888	-0.147476	0.215206	0.001622	1.044229
-4.898699	0.045504	0.220211	0.001754	1.044098
-5.473676	0.054373	0.225216	0.001857	1.043814
-4.936226	-0.178413	0.230221	0.001761	1.043789
-5.965883	0.237755	0.235226	0.001945	1.043798
-5.596554	-0.087205	0.240230	0.001879	1.043567
-6.411614	0.170622	0.245235	0.002025	1.043481
-6.168723	0.079310	0.250240	0.001982	1.043488
-5.437341	-0.207418	0.255245	0.001851	1.043493
-6.948145	0.297780	0.260250	0.002121	1.043369
-5.447984	-0.307549	0.265254	0.001853	1.043358
-6.589888	0.069200	0.270259	0.002057	1.043257
-6.758108	0.045760	0.275264	0.002087	1.043140
-6.981019	-0.031828	0.280269	0.002127	1.042925
-7.654286	0.338170	0.285274	0.002248	1.043057
-6.409292	-0.204159	0.290278	0.002025	1.042996
-7.331004	0.099896	0.295283	0.002190	1.042915
-7.450050	0.149898	0.300288	0.002211	1.042918
-6.925022	-0.230543	0.305293	0.002117	1.042696
-8.148086	0.185746	0.310298	0.002336	1.042605
-7.587045	-0.035561	0.315302	0.002236	1.042607
-7.735851	0.023029	0.320307	0.002263	1.042606
-8.028960	0.143688	0.325312	0.002315	1.042611
-8.034959	-0.064066	0.330317	0.002316	1.042339
-9.074594	0.379597	0.335322	0.002502	1.042378
-7.659645	-0.148567	0.340326	0.002249	1.042423
-8.792944	0.189960	0.345331	0.002452	1.042277
-9.112270	0.325934	0.350336	0.002509	1.042288
-7.862544	-0.218201	0.355341	0.002286	1.042228
-9.743253	0.456479	0.360346	0.002622	1.042132
-8.518209	-0.040232	0.365350	0.002403	1.042120
-8.840053	-0.026465	0.370355	0.002461	1.041972
-9.428019	0.216298	0.375360	0.002566	1.041983
-9.099412	-0.011310	0.380365	0.002507	1.041857
-10.342474	0.524572	0.385370	0.002729	1.041911
-9.024541	-0.045975	0.390374	0.002494	1.041851
-9.568112	0.017100	0.395379	0.002591	1.041652
-10.024121	0.202109	0.400384	0.002673	1.041657
-9.306695	-0.192495	0.405389	0.002544	1.041515
-11.088718	0.416919	0.410394	0.002863	1.041386
-9.988813	0.070915	0.415398	0.002667	1.041504
-10.749447	0.250177	0.420403	0.002803	1.041344
-10.944218	0.326042	0.425408	0.002838	1.041342
-9.801088	-0.120139	0.430413	0.002633	1.041353
-11.151911	0.409733	0.435418	0.002875	1.041343
-10.326154	0.020145	0.440422	0.002727	1.041264
-10.926850	0.083002	0.445427	0.002835	1.041035
-11.459514	0.296777	0.450432	0.002930	1.041037
-10.378789	-0.203240	0.455437	0.002737	1.040947
-12.545046	0.577286	0.460442	0.003124	1.040841
-11.023410	0.055730	0.465446	0.002852	1.040950
-11.160270	-0.051638	0.470451	0.002877	1.040740
-11.832779	0.213345	0.475456	0.002997	1.040736
-11.059551	-0.276532	0.480461	0.002859	1.040499
-12.663754	0.291117	0.485466	0.003146	1.040407
-12.434720	0.207094	0.490470	0.003105	1.040417
-11.718197	-0.083822	0.495475	0.002977	1.040409
-12.952687	0.411511	0.500480	0.003197	1.040414
-11.603775	-0.249462	0.505485	0.002956	1.040253
-12.880721	0.134145	0.510490	0.003185	1.040091
-12.792871	0.108055	0.515494	0.003169	1.040102
-12.461250	-0.155272	0.520499	0.003110	1.039932
-13.771098	0.388401	0.525504	0.003344	1.039961
-12.750684	-0.098980	0.530509	0.003162	1.039855
-13.757376	0.234225	0.535514	0.003342	1.039767
-13.679947	0.263494	0.540518	0.003328	1.039845
-12.546636	-0.252285	0.545523	0.003125	1.039761
-14.185233	0.317591	0.550528	0.003418	1.039654
-13.162919	-0.142461	0.555533	0.003236	1.039585
-14.449495	0.282937	0.560538	0.003466	1.039472
-14.752169	0.522973	0.565542	0.003520	1.039627
-13.839768	0.054987	0.570547	0.003357	1.039491
-14.401461	0.269213	0.575552	0.003457	1.039479
-13.502731	-0.129026	0.580557	0.003297	1.039426
-15.020822	0.263520	0.585562	0.003568	1.039151
-14.943306	0.284786	0.590566	0.003554	1.039219
-14.403735	0.012327	0.595571	0.003458	1.039144
-15.692363	0.530616	0.600576	0.003688	1.039150
-14.298205	-0.020716	0.605581	0.003439	1.039155
-15.547376	0.321974	0.610586	0.003663	1.038954
-15.070607	0.257116	0.615590	0.003577	1.039116
-15.158214	0.080183	0.620595	0.003593	1.038841
-15.963571	0.402158	0.625600	0.003737	1.038843
-15.140941	0.073139	0.630605	0.003590	1.038840
-16.284926	0.380803	0.635610	0.003795	1.038648
-15.603006	0.223978	0.640614	0.003673	1.038797
-15.715679	0.074501	0.645619	0.003693	1.038544
-16.658644	0.446331	0.650624	0.003862	1.038540
-15.730583	0.076842	0.655629	0.003696	1.038540
-16.420077	0.168898	0.660634	0.003819	1.038302
-16.954283	0.364945	0.665638	0.003915	1.038281
-16.069117	0.004183	0.670643	0.003757	1.038269
-17.151194	0.440754	0.675648	0.003950	1.038277
-16.049779	-0.060820	0.680653	0.003753	1.038195
-16.680336	-0.005956	0.685658	0.003866	1.037939
-17.449275	0.304475	0.690662	0.004004	1.037945
-16.733410	-0.103849	0.695667	0.003876	1.037784
-18.415012	0.499449	0.700672	0.004176	1.037698
-16.883416	-0.028830	0.705677	0.003903	1.037804
-17.370560	0.023729	0.710682	0.003990	1.037620
-18.275869	0.402962	0.715686	0.004152	1.037644
-17.156271	-0.187868	0.720691	0.003951	1.037455
-18.894139	0.391211	0.725696	0.004262	1.037309
-18.104912	0.226161	0.730701	0.004121	1.037503
-18.182342	0.111959	0.735706	0.004135	1.037314
-18.406015	0.203129	0.740710	0.004175	1.037316
-17.752989	-0.149956	0.745715	0.004058	1.037195
-19.799890	0.528800	0.750720	0.004425	1.037018
-18.578375	0.215664	0.755725	0.004206	1.037243
-18.977345	0.190232	0.760730	0.004278	1.037003
-19.587391	0.440840	0.765734	0.004387	1.037013
-18.760223	0.109688	0.770739	0.004239	1.037010
-20.015006	0.605976	0.775744	0.004463	1.037006
-19.065175	0.229892	0.780749	0.004293	1.037009
-18.831875	-0.056472	0.785754	0.004252	1.036756
-20.304986	0.470226	0.790758	0.004515	1.036679
-19.351924	0.088594	0.795763	0.004345	1.036676
-20.642856	0.611326	0.800768	0.004576	1.036687
-20.090291	0.390860	0.805773	0.004477	1.036686
-19.340580	-0.061293	0.810778	0.004343	1.036486
-20.690400	0.395683	0.815782	0.004585	1.036381
-20.030731	0.124370	0.820787	0.004467	1.036369
-20.813468	0.436418	0.825792	0.004607	1.036370
-20.982831	0.507527	0.830797	0.004637	1.036375
-20.474392	0.163804	0.835802	0.004546	1.036190
-21.313784	0.394204	0.840806	0.004696	1.036055
-20.271416	-0.021553	0.845811	0.004510	1.036054
-21.542936	0.386456	0.850816	0.004737	1.035926
-21.434573	0.452395	0.855821	0.004718	1.036068
-20.898073	0.054373	0.860826	0.004622	1.035827
-22.137839	0.506760	0.865830	0.004844	1.035773
-21.285850	0.167146	0.870835	0.004692	1.035773
-21.746953	0.343499	0.875840	0.004774	1.035763
-21.794940	0.328874	0.880845	0.004783	1.035719
-21.430648	-0.035364	0.885850	0.004718	1.035433
-22.466342	0.377040	0.890854	0.004903	1.035433
-22.108882	0.211552	0.895859	0.004839	1.035403
-23.261793	0.513070	0.900864	0.005045	1.035197
-22.517917	0.402586	0.905869	0.004912	1.035439
-22.269851	0.075107	0.910874	0.004868	1.035141
-22.919486	0.324971	0.915878	0.004984	1.035129
-22.519833	0.163150	0.920883	0.004913	1.035126
-22.937301	0.102309	0.925888	0.004988	1.034829
-23.397856	0.276307	0.930893	0.005070	1.034817
-23.209603	0.199842	0.935898	0.005036	1.034815
-24.331009	0.644229	0.940902	0.005237	1.034812
-23.331937	0.244967	0.945907	0.005058	1.034810
-23.409046	0.271813	0.950912	0.005072	1.034805
-23.900323	0.435734	0.955917	0.005160	1.034763
-23.415478	0.037401	0.960922	0.005073	1.034495
-24.482330	0.474008	0.965926	0.005264	1.034511
-23.978644	0.273218	0.970931	0.005174	1.034510
-24.576687	0.324465	0.975936	0.005281	1.034266
-24.376489	0.401305	0.980941	0.005245	1.034470
-24.600164	0.265563	0.985946	0.005285	1.034177
-25.117869	0.479240	0.990950	0.005378	1.034186
-24.235667	0.121655	0.995955	0.005220	1.034178
-25.037505	0.375673	1.000960	0.005364	1.034093

-25.104523	0.363889	1.010957	0.005376	1.034042
-24.492230	0.180748	1.020954	0.005266	1.034121
-24.903070	0.290109	1.030950	0.005340	1.034050
-25.142712	0.456200	1.040947	0.005383	1.034142
-24.753551	0.307022	1.050944	0.005313	1.034150
-24.449956	0.213394	1.060941	0.005259	1.034185
-24.527892	0.192966	1.070938	0.005273	1.034117
-24.808495	0.358073	1.080934	0.005324	1.034187
-24.811525	0.358812	1.090931	0.005324	1.034186
-24.628984	0.343245	1.100928	0.005292	1.034260
-23.972441	0.063796	1.110925	0.005174	1.034236
-24.149793	0.093658	1.120922	0.005206	1.034183
-24.544683	0.252499	1.130918	0.005277	1.034185
-24.156964	0.246526	1.140915	0.005208	1.034378
-24.336481	0.210568	1.150912	0.005240	1.034238
-24.057696	0.225165	1.160909	0.005190	1.034402
-23.972718	0.268328	1.170906	0.005175	1.034502
-24.092683	0.315980	1.180902	0.005196	1.034502
-24.286264	0.420717	1.190899	0.005231	1.034537
-23.864423	0.323793	1.200896	0.005156	1.034630
-23.597621	0.320755	1.210893	0.005108	1.034764
-23.631025	0.304963	1.220890	0.005114	1.034726
-23.903053	0.461117	1.230886	0.005163	1.034788
-23.884835	0.470103	1.240883	0.005160	1.034809
-23.346384	0.252995	1.250880	0.005063	1.034805
-23.544152	0.333417	1.260877	0.005099	1.034807
-23.302155	0.339076	1.270874	0.005056	1.034940
-23.526948	0.473859	1.280870	0.005096	1.034999
-23.014086	0.157277	1.290867	0.005004	1.034852
-23.327367	0.311174	1.300864	0.005060	1.034890
-23.282362	0.424437	1.310861	0.005052	1.035061
-22.679671	0.215602	1.320858	0.004945	1.035101
-23.043476	0.272633	1.330854	0.005010	1.034986
-23.266561	0.449447	1.340851	0.005050	1.035101
-22.816568	0.292238	1.350848	0.004970	1.035129
-22.715049	0.252432	1.360845	0.004951	1.035130
-23.012228	0.369254	1.370842	0.005005	1.035128
-23.005235	0.490851	1.380838	0.005004	1.035290
-22.437501	0.270897	1.390835	0.004902	1.035297
-22.594089	0.199168	1.400832	0.004930	1.035122
-22.574878	0.339208	1.410829	0.004927	1.035315
-22.332672	0.338727	1.420826	0.004884	1.035439
-22.447306	0.327749	1.430822	0.004904	1.035365
-22.367806	0.274300	1.440819	0.004890	1.035337
-22.106517	0.229612	1.450816	0.004843	1.035414
-22.338290	0.338490	1.460813	0.004885	1.035435
-22.041470	0.216681	1.470810	0.004832	1.035430
-21.774143	0.109011	1.480806	0.004784	1.035428
-21.985685	0.128641	1.490803	0.004822	1.035344
-22.274589	0.253372	1.500800	0.004874	1.035356
-21.740159	0.102824	1.510797	0.004778	1.035437
-21.900220	0.165116	1.520794	0.004807	1.035435
-21.849046	0.147811	1.530790	0.004798	1.035439
-21.871071	0.155751	1.540787	0.004802	1.035438
-21.627316	0.150831	1.550784	0.004758	1.035557
-21.511830	0.149097	1.560781	0.004738	1.035615
-21.547603	0.187203	1.570778	0.004744	1.035646
-21.362231	0.140330	1.580774	0.004711	1.035681
-21.460869	0.166061	1.590771	0.004729	1.035663
-21.323323	0.140566	1.600768	0.004705	1.035701
-21.405763	0.222427	1.610765	0.004719	1.035764
-21.304744	0.184321	1.620762	0.004701	1.035767
-21.235033	0.160596	1.630758	0.004689	1.035772
-21.359710	0.339069	1.640755	0.004711	1.035939
-20.901584	0.250478	1.650752	0.004629	1.036061
-20.856842	0.234416	1.660749	0.004622	1.036063
-20.633859	0.126172	1.670746	0.004582	1.036038
-21.162517	0.276019	1.680742	0.004676	1.035959
-20.899650	0.246092	1.690739	0.004629	1.036056
-20.596285	0.126116	1.700736	0.004575	1.036057
-20.973777	0.282398	1.710733	0.004643	1.036064
-20.529039	0.267337	1.720730	0.004563	1.036275
-20.406748	0.177584	1.730726	0.004542	1.036221
-20.380988	0.129200	1.740723	0.004537	1.036171
-20.497612	0.186491	1.750720	0.004558	1.036185
-19.934823	0.043366	1.760717	0.004457	1.036290
-20.423787	0.131397	1.770714	0.004545	1.036151
-20.599619	0.250157	1.780710	0.004577	1.036214
-19.899674	0.085185	1.790707	0.004451	1.036362
-20.268395	0.242833	1.800704	0.004517	1.036376
-20.036885	0.146065	1.810701	0.004476	1.036370
-19.921868	0.170349	1.820698	0.004456	1.036461
-20.183972	0.249205	1.830694	0.004503	1.036428
-19.509230	-0.025445	1.840691	0.004382	1.036419
-20.028289	0.199908	1.850688	0.004475	1.036444
-19.437238	0.144069	1.860685	0.004369	1.036677
-19.637706	0.158245	1.870682	0.004405	1.036591
-19.887902	0.246394	1.880678	0.004450	1.036576
-19.237059	0.068794	1.890675	0.004334	1.036682
-19.575792	0.205206	1.900672	0.004394	1.036684
-19.358686	0.115012	1.910669	0.004356	1.036679
-19.659863	0.232453	1.920666	0.004410	1.036675
-19.507694	0.221929	1.930662	0.004382	1.036740
-19.036753	0.164148	1.940659	0.004298	1.036909
-18.779874	0.055841	1.950656	0.004252	1.036901
-19.348835	0.266135	1.960653	0.004354	1.036879
-19.182716	0.294120	1.970650	0.004325	1.037002
-19.057177	0.243737	1.980646	0.004302	1.037001
-18.807194	0.143397	1.990643	0.004258	1.037000
-19.059775	0.249414	2.000640	0.004303	1.037007
-18.482521	0.138484	2.010637	0.004200	1.037161
-19.196044	0.424564	2.020634	0.004327	1.037163
-18.430496	0.210545	2.030630	0.004191	1.037281
-18.539227	0.149262	2.040627	0.004210	1.037145
-18.504552	0.267601	2.050624	0.004204	1.037317
-18.418998	0.228812	2.060621	0.004189	1.037310
-18.629311	0.309478	2.070618	0.004227	1.037306
-18.641486	0.329824	2.080614	0.004229	1.037326
-18.235813	0.290719	2.090611	0.004156	1.037485
-17.729615	0.135771	2.100608	0.004066	1.037545
-18.251201	0.227513	2.110605	0.004159	1.037394
-18.654999	0.495321	2.120602	0.004232	1.037533
-17.712081	0.194041	2.130598	0.004063	1.037630
-17.728427	0.122488	2.140595	0.004066	1.037528
-17.684818	0.126397	2.150592	0.004058	1.037555
-18.112458	0.321975	2.160589	0.004135	1.037588
-17.965396	0.290951	2.170586	0.004109	1.037623
-17.729710	0.201049	2.180582	0.004067	1.037628
-16.934716	-0.152508	2.190579	0.003924	1.037580
-17.817353	0.210973	2.200576	0.004082	1.037595
-17.772982	0.221907	2.210573	0.004075	1.037632
-17.544023	0.131500	2.220570	0.004034	1.037633
-17.485318	0.104959	2.230566	0.004023	1.037629
-17.079671	0.097802	2.240563	0.003951	1.037829
-17.260308	0.150793	2.250560	0.003983	1.037804
-17.875186	0.461873	2.260557	0.004093	1.037890
-17.116189	0.200974	2.270554	0.003958	1.037944
-17.260566	0.287711	2.280550	0.003983	1.037982
-16.604182	0.131232	2.290547	0.003866	1.038118
-17.174576	0.377333	2.300544	0.003968	1.038142
-17.197104	0.492190	2.310541	0.003972	1.038280
-16.706638	0.298235	2.320538	0.003885	1.038281
-16.628901	0.226018	2.330534	0.003871	1.038227
-16.793473	0.334202	2.340531	0.003900	1.038282
-16.682080	0.289272	2.350528	0.003881	1.038281
-16.976480	0.446310	2.360525	0.003933	1.038333
-16.428461	0.267852	2.370522	0.003835	1.038384
-16.393127	0.268643	2.380518	0.003829	1.038403
-16.080049	0.240567	2.390515	0.003773	1.038529
-16.145496	0.161140	2.400512	0.003785	1.038391
-16.875857	0.477708	2.410509	0.003916	1.038425
-16.124877	0.269261	2.420506	0.003781	1.038542
-15.885723	0.174920	2.430502	0.003739	1.038543
-15.778194	0.125216	2.440499	0.003720	1.038534
-16.453053	0.347502	2.450496	0.003840	1.038473
-16.113709	0.261309	2.460493	0.003780	1.038536
-15.622213	0.062498	2.470490	0.003692	1.038532
-15.706601	0.099945	2.480486	0.003707	1.038537
-16.130450	0.380298	2.490483	0.003783	1.038682
-15.882673	0.388224	2.500480	0.003739	1.038820
-15.673149	0.330692	2.510477	0.003701	1.038853
-15.620054	0.311553	2.520474	0.003692	1.038856
-15.404011	0.219317	2.530470	0.003653	1.038847
-15.447875	0.317425	2.540467	0.003661	1.038952
-15.707528	0.439187	2.550464	0.003708	1.038976
-15.444893	0.293106	2.560461	0.003661	1.038921
-15.194286	0.304083	2.570458	0.003616	1.039065
-14.855402	0.157720	2.580454	0.003556	1.039050
-15.161904	0.317497	2.590451	0.003611	1.039099
-15.404091	0.368856	2.600448	0.003654	1.039040
-15.076661	0.271378	2.610445	0.003596	1.039082
-14.433554	0.072012	2.620442	0.003481	1.039156
-14.810488	0.178505	2.630438	0.003548	1.039099
-15.397476	0.447398	2.640435	0.003653	1.039144
-15.072078	0.423157	2.650432	0.003595	1.039281
-14.449179	0.138002	2.660429	0.003484	1.039232
-14.694652	0.295331	2.670426	0.003528	1.039309
-14.395547	0.254500	2.680422	0.003474	1.039411
-14.559263	0.307218	2.690419	0.003504	1.039394
-14.627751	0.307836	2.700416	0.003516	1.039360
-14.157167	0.131252	2.710413	0.003432	1.039373
-14.400337	0.304579	2.720410	0.003475	1.039472
-14.169938	0.212825	2.730406	0.003434	1.039472
-14.548406	0.412571	2.740403	0.003502	1.039536
-14.377645	0.342870	2.750400	0.003472	1.039533
-13.999709	0.264965	2.760397	0.003404	1.039627
-13.731137	0.217416	2.770394	0.003356	1.039704
-14.102056	0.391057	2.780390	0.003423	1.039737
-14.058106	0.412393	2.790387	0.003415	1.039788
-13.780206	0.304804	2.800384	0.003365	1.039791
-13.470376	0.174215	2.810381	0.003310	1.039782
-13.562430	0.215738	2.820378	0.003326	1.039788
-13.584507	0.225498	2.830374	0.003330	1.039789
-13.752762	0.226754	2.840371	0.003361	1.039703
-13.606860	0.235919	2.850368	0.003335	1.039790
-13.571585	0.219301	2.860365	0.003328	1.039787
-13.444341	0.226930	2.870362	0.003306	1.039862
-13.332213	0.338766	2.880358	0.003286	1.040065
-13.281481	0.236771	2.890355	0.003277	1.039958
-13.336350	0.304671	2.900352	0.003287	1.040018
-12.705827	0.034102	2.910349	0.003174	1.039992
-13.244822	0.195542	2.920346	0.003270	1.039923
-13.083932	0.272086	2.930342	0.003242	1.040105
-13.370115	0.381543	2.940339	0.003293	1.040099
-12.840903	0.170923	2.950336	0.003198	1.040099
-12.642326	0.154334	2.960333	0.003163	1.040180
-12.729100	0.221636	2.970330	0.003179	1.040222
-12.960812	0.383599	2.980326	0.003220	1.040312
-12.468179	0.174712	2.990323	0.003132	1.040296
-12.433084	0.031475	3.000320	0.003126	1.040128
-12.698567	0.272509	3.010317	0.003174	1.040303
-12.353874	0.217292	3.020314	0.003112	1.040409
-12.633930	0.325874	3.030310	0.003162	1.040405
-12.285249	0.192769	3.040307	0.003100	1.040412
-12.547343	0.298236	3.050304	0.003147	1.040413
-12.240981	0.350505	3.060301	0.003092	1.040639
-11.839741	0.166848	3.070298	0.003020	1.040608
-12.089367	0.225368	3.080294	0.003065	1.040555
-11.804367	0.118755	3.090291	0.003014	1.040563
-12.122131	0.131097	3.100288	0.003071	1.040415
-11.804174	0.196826	3.110285	0.003014	1.040664
-11.730013	0.124309	3.120282	0.003001	1.040608
-12.004286	0.256007	3.130278	0.003050	1.040637
-11.382425	0.086774	3.140275	0.002939	1.040738
-11.676312	0.073870	3.150272	0.002992	1.040570
-11.734047	0.227339	3.160269	0.003002	1.040739
-11.867900	0.281826	3.170266	0.003026	1.040740
-11.388483	0.092356	3.180262	0.002941	1.040742
-11.301155	0.136837	3.190259	0.002925	1.040844
-11.407512	0.189539	3.200256	0.002944	1.040857
-11.092615	0.201249	3.210253	0.002888	1.041035
-11.071628	0.075522	3.220250	0.002884	1.040882
-11.317241	0.257101	3.230246	0.002928	1.040991
-10.953390	0.088981	3.240243	0.002863	1.040960
-11.004501	0.066670	3.250240	0.002873	1.040905
-10.856545	0.106319	3.260237	0.002846	1.041032
-10.976264	0.155663	3.270234	0.002868	1.041034
-11.090398	0.202724	3.280230	0.002888	1.041036
-11.005036	0.206787	3.290227	0.002873	1.041085
-10.810303	0.270453	3.300224	0.002838	1.041268
-10.572897	0.237886	3.310221	0.002796	1.041348
-10.704272	0.286624	3.320218	0.002819	1.041343
-10.486162	0.201818	3.330214	0.002780	1.041345
-10.730534	0.302882	3.340211	0.002824	1.041350
-10.343658	0.273354	3.350208	0.002755	1.041511
-9.908592	0.078270	3.360205	0.002677	1.041483
-10.494024	0.303553	3.370202	0.002782	1.041472
-10.428114	0.349803	3.380198	0.002770	1.041566
-9.735820	0.065008	3.390195	0.002647	1.041554
-10.252454	0.249946	3.400192	0.002739	1.041527
-9.905525	0.207336	3.410189	0.002677	1.041650
-9.983911	0.242943	3.420186	0.002691	1.041656
-9.923800	0.219271	3.430182	0.002681	1.041656
-9.723090	0.142237	3.440179	0.002645	1.041659
-9.851103	0.188127	3.450176	0.002668	1.041652
-9.914855	0.217608	3.460173	0.002679	1.041657
-9.581077	0.217215	3.470170	0.002620	1.041829
-9.916770	0.298413	3.480166	0.002680	1.041761
-9.234104	0.126313	3.490163	0.002558	1.041889
-9.390493	0.263416	3.500160	0.002586	1.041986
-9.076702	0.080037	3.510157	0.002530	1.041910
-9.474300	0.219460	3.520154	0.002601	1.041886
-9.333170	0.229351	3.530150	0.002576	1.041971
-9.285366	0.218781	3.540147	0.002567	1.041982
-9.149012	0.170015	3.550144	0.002543	1.041989
-9.045775	0.187091	3.560141	0.002525	1.042064
-9.405197	0.345160	3.570138	0.002589	1.042083
-8.979999	0.251970	3.580134	0.002513	1.042181
-8.751127	0.164395	3.590131	0.002472	1.042185
-8.777749	0.209631	3.600128	0.002477	1.042230
-8.365879	0.067633	3.610125	0.002404	1.042258
-9.068048	0.299235	3.620122	0.002529	1.042196
-8.671712	0.180493	3.630118	0.002458	1.042246
-8.478318	0.136845	3.640115	0.002424	1.042289
-8.453330	0.135478	3.650112	0.002419	1.042300
-8.511598	0.160728	3.660109	0.002430	1.042302
-8.649938	0.208008	3.670106	0.002455	1.042292
-8.477634	0.230022	3.680102	0.002424	1.042409
-7.914378	0.116984	3.690099	0.002323	1.042553
-8.079859	0.060516	3.700096	0.002353	1.042394
-8.273780	0.253753	3.710093	0.002388	1.042544
-8.095782	0.178219	3.720090	0.002356	1.042538
-8.300860	0.270041	3.730086	0.002393	1.042551
-7.689155	0.080456	3.740083	0.002284	1.042620
-7.760535	0.100783	3.750080	0.002296	1.042610
-8.118119	0.327240	3.760077	0.002360	1.042718
-8.013406	0.253827	3.770074	0.002342	1.042677
-7.686772	0.183552	3.780070	0.002283	1.042754
-7.397642	0.091742	3.790067	0.002232	1.042784
-7.183836	0.011738	3.800064	0.002194	1.042790
-7.971632	0.366427	3.810061	0.002335	1.042843
-7.536646	0.158860	3.820058	0.002257	1.042798
-7.662703	0.308711	3.830054	0.002280	1.042927
-7.075281	0.160637	3.840051	0.002175	1.043038
-6.919696	0.014317	3.850048	0.002147	1.042928
-7.608845	0.390378	3.860045	0.002270	1.043060
-7.187805	0.116199	3.870042	0.002195	1.042922
-7.103722	0.202004	3.880038	0.002180	1.043076
-6.727909	-0.003458	3.890035	0.002113	1.043003
-7.040199	0.274698	3.900032	0.002169	1.043202
-6.869779	0.168539	3.910029	0.002138	1.043152
-6.976661	0.212350	3.920026	0.002158	1.043154
-6.561108	0.125385	3.930022	0.002083	1.043255
-6.451790	0.085334	3.940019	0.002064	1.043259
-6.815594	0.226070	3.950016	0.002129	1.043254
-6.707017	0.188247	3.960013	0.002110	1.043260
-6.774780	0.213470	3.970010	0.002122	1.043258
-6.608137	0.233238	3.980006	0.002092	1.043369
-5.808121	-0.022410	3.990003	0.001949	1.043450
-6.622058	0.272019	4.000000	0.002095	1.043411
-6.754619	0.337042	4.009997	0.002119	1.043427
-5.803235	0.001711	4.019994	0.001949	1.043483
-5.692067	-0.125038	4.029990	0.001929	1.043376
-5.844364	-0.045215	4.039987	0.001956	1.043400
-6.154735	0.081748	4.049984	0.002012	1.043405
-6.286193	0.064422	4.059981	0.002035	1.043314
-5.580020	-0.145367	4.069978	0.001909	1.043406
-5.551410	-0.206096	4.079974	0.001904	1.043342
-6.031514	0.068451	4.089971	0.001990	1.043450
-6.017280	0.094512	4.099968	0.001988	1.043491
-5.972622	0.113965	4.109965	0.001980	1.043539
-5.492388	0.042866	4.119962	0.001894	1.043694
-5.006583	-0.192076	4.129958	0.001807	1.043639
-5.496844	0.068345	4.139955	0.001895	1.043724
-5.521446	0.025937	4.149952	0.001899	1.043656
-5.570981	0.051579	4.159949	0.001908	1.043663
-4.935783	-0.103226	4.169946	0.001795	1.043790
-4.971753	-0.093799	4.179942	0.001801	1.043783
-5.119387	-0.058186	4.189939	0.001828	1.043753
-5.444513	0.009446	4.199936	0.001886	1.043673
-4.973369	-0.077598	4.209933	0.001802	1.043803
-4.991406	-0.074883	4.219930	0.001805	1.043797
-4.777332	-0.086391	4.229926	0.001767	1.043892
-4.753845	-0.061398	4.239923	0.001763	1.043936
-5.130719	0.064526	4.249920	0.001830	1.043904
-4.470413	-0.232309	4.259917	0.001712	1.043860
-4.670155	-0.069108	4.269914	0.001748	1.043968
-4.421950	-0.068553	4.279910	0.001704	1.044096
-4.569422	-0.037848	4.289907	0.001730	1.044060
-4.976158	0.156715	4.299904	0.001803	1.044102
-4.196066	-0.161495	4.309901	0.001664	1.044092
-4.438236	0.013772	4.319898	0.001707	1.044193
-3.881593	-0.115157	4.329894	0.001607	1.044313
-4.422392	0.081910	4.339891	0.001704	1.044289
-4.405245	0.069594	4.349888	0.001701	1.044282
-3.771816	-0.148655	4.359885	0.001588	1.044325
-3.724301	-0.183879	4.369882	0.001580	1.044304
-4.234409	0.070751	4.379878	0.001671	1.044370
-4.226334	0.111930	4.389875	0.001670	1.044427
-3.836178	-0.046940	4.399872	0.001600	1.044423
-3.633526	-0.130776	4.409869	0.001564	1.044418
-3.875056	0.170241	4.419866	0.001607	1.044683
-3.609372	0.095680	4.429862	0.001560	1.044723
-3.683266	0.126605	4.439859	0.001573	1.044724
-3.625841	0.106728	4.449856	0.001563	1.044728
-3.520077	0.063744	4.459853	0.001544	1.044727
-3.372866	0.086839	4.469850	0.001518	1.044832
-3.307557	0.055355	4.479846	0.001506	1.044825
-3.233642	0.048093	4.489843	0.001493	1.044853
-3.191564	0.057191	4.499840	0.001485	1.044886
-2.850750	-0.148831	4.509837	0.001425	1.044795
-3.189939	0.059526	4.519834	0.001485	1.044889
-3.139809	0.165192	4.529830	0.001476	1.045051
-2.838618	0.042874	4.539827	0.001423	1.045048
-2.681423	-0.019909	4.549824	0.001395	1.045047
-2.704455	-0.069124	4.559821	0.001399	1.044972
-2.798141	0.026854	4.569818	0.001416	1.045047
-2.560961	-0.067695	4.579814	0.001373	1.045047
-2.783177	0.022732	4.589811	0.001413	1.045049
-2.794186	0.029240	4.599808	0.001415	1.045052
-2.577571	-0.059002	4.609805	0.001376	1.045049
-2.627452	0.146455	4.619802	0.001385	1.045288
-2.621041	0.203590	4.629798	0.001384	1.045365
-2.592899	0.193853	4.639795	0.001379	1.045367
-2.296261	0.328146	4.649792	0.001326	1.045692
-2.115902	0.253060	4.659789	0.001294	1.045688
-2.186001	0.284351	4.669786	0.001307	1.045692
-2.168472	0.272118	4.679782	0.001304	1.045685
-2.073567	0.237452	4.689779	0.001287	1.045689
-2.076289	0.241268	4.699776	0.001288	1.045692
-2.019386	0.402960	4.709773	0.001277	1.045930
-2.068857	0.460261	4.719770	0.001286	1.045978
-2.095956	0.499578	4.729766	0.001291	1.046014
-1.659956	0.545565	4.739763	0.001213	1.046297
-1.785068	0.595294	4.749760	0.001236	1.046297
-1.653673	0.539326	4.759757	0.001212	1.046292
-1.586572	0.514575	4.769754	0.001200	1.046294
-1.519651	0.488320	4.779750	0.001189	1.046294
-1.441951	0.607853	4.789747	0.001175	1.046488
-1.455156	0.703222	4.799744	0.001177	1.046604
-1.280849	0.634969	4.809741	0.001146	1.046605
-1.289065	0.633701	4.819738	0.001148	1.046599
-1.308968	0.634841	4.829734	0.001151	1.046590
-1.135307	0.780730	4.839731	0.001120	1.046867
-1.128850	0.821995	4.849728	0.001119	1.046924
-1.161494	0.834204	4.859725	0.001125	1.046922
-1.093711	0.881990	4.869722	0.001113	1.047018
-0.913342	0.981397	4.879718	0.001081	1.047239
-0.953682	0.996061	4.889715	0.001088	1.047237
-0.893437	0.973858	4.899712	0.001078	1.047239
-0.680908	1.111698	4.909709	0.001040	1.047525
-0.600529	1.106233	4.919706	0.001025	1.047559
-0.538004	1.079910	4.929702	0.001014	1.047557
-0.836125	1.201258	4.939699	0.001068	1.047560
-0.718086	1.356436	4.949696	0.001047	1.047820
-0.605091	1.351290	4.959693	0.001026	1.047871
-0.446750	1.514530	4.969690	0.000998	1.048163
-0.291773	1.486869	4.979686	0.000971	1.048206
-0.301837	1.493369	4.989683	0.000972	1.048209
-0.400152	1.654376	4.999680	0.000990	1.048366
-0.266188	1.673024	5.009677	0.000966	1.048458
-0.258883	1.699935	5.019674	0.000965	1.048496
-0.105972	1.843186	5.029670	0.000938	1.048759
-0.150742	1.866410	5.039667	0.000946	1.048765
-0.043698	2.049405	5.049664	0.000927	1.049055
0.000000	2.042194	5.059661	0.000919	1.049068

0.320423	2.050601	5.064666	0.000862	1.049243
0.483877	2.096840	5.069670	0.000832	1.049386
0.635348	2.256088	5.074675	0.000805	1.049668
0.714349	2.444104	5.079680	0.000791	1.049950
0.773082	2.758566	5.084685	0.000781	1.050384
0.969613	3.034456	5.089690	0.000746	1.050839
1.305122	3.317478	5.094694	0.000686	1.051374
1.383404	3.721350	5.099699	0.000672	1.051932
1.586456	4.145094	5.104704	0.000635	1.052579
1.858530	4.562411	5.109709	0.000587	1.053252
2.390212	4.892784	5.114714	0.000491	1.053946
2.612479	5.372391	5.119718	0.000452	1.054673
2.936044	5.853188	5.124723	0.000394	1.055452
3.547997	6.215784	5.129728	0.000284	1.056227
3.719639	6.772774	5.134733	0.000253	1.057025
4.135261	7.272315	5.139738	0.000179	1.057874
4.522256	7.767866	5.144742	0.000110	1.058702
4.799503	8.351454	5.149747	0.000060	1.059586
5.233726	8.906889	5.154752	-0.000017	1.060512
5.453698	9.553133	5.159757	-0.000057	1.061445
5.907125	10.158831	5.164762	-0.000138	1.062444
6.253045	10.790619	5.169766	-0.000200	1.063421
6.662171	11.411852	5.174771	-0.000273	1.064415
7.143996	12.021018	5.179776	-0.000359	1.065429
7.387039	12.744386	5.184781	-0.000403	1.066467
7.884729	13.417115	5.189786	-0.000492	1.067568
8.173536	14.124026	5.194790	-0.000544	1.068606
8.758773	14.778100	5.199795	-0.000649	1.069725
9.162610	15.496049	5.204800	-0.000721	1.070832
9.605048	16.209258	5.209805	-0.000800	1.071952
10.348497	16.787170	5.214810	-0.000933	1.073051
11.056038	17.309633	5.219814	-0.001060	1.074060
11.385145	18.009857	5.224819	-0.001119	1.075104
11.785587	18.713748	5.229824	-0.001190	1.076186
12.059735	19.473248	5.234829	-0.001239	1.077274
12.585701	20.159177	5.239834	-0.001334	1.078394
13.102592	20.829557	5.244838	-0.001426	1.079489
13.567224	21.538734	5.249843	-0.001509	1.080606
13.972445	22.275205	5.254848	-0.001582	1.081725
14.390121	23.010434	5.259853	-0.001657	1.082849
14.836225	23.726359	5.264858	-0.001736	1.083961
15.416949	24.429434	5.269862	-0.001840	1.085122
15.824623	25.177619	5.274867	-0.001913	1.086253
16.158997	26.001863	5.279872	-0.001973	1.087441
16.317208	26.873748	5.284877	-0.002002	1.088600
16.603906	27.788307	5.289882	-0.002053	1.089873
17.178539	28.599052	5.294886	-0.002156	1.091158
17.599125	29.490659	5.299891	-0.002231	1.092466
18.152949	30.260429	5.304896	-0.002330	1.093687
18.533673	31.155786	5.309901	-0.002398	1.094977
19.102746	31.978656	5.314906	-0.002500	1.096269
19.534102	32.851415	5.319910	-0.002578	1.097552
20.038926	33.669180	5.324915	-0.002668	1.098803
20.442115	34.577215	5.329920	-0.002740	1.100113
20.854396	35.491923	5.334925	-0.002814	1.101434
21.244848	36.426115	5.339930	-0.002884	1.102767
21.791442	37.265201	5.344934	-0.002982	1.104058
22.577797	38.023546	5.349939	-0.003122	1.105365
22.960574	38.911596	5.354944	-0.003191	1.106633
23.436777	39.792648	5.359949	-0.003276	1.107936
24.004925	40.602381	5.364954	-0.003378	1.109196
24.787040	41.336297	5.369958	-0.003518	1.110465
25.346428	42.113717	5.374963	-0.003618	1.111678
25.719922	42.961465	5.379968	-0.003685	1.112885
26.380823	43.676747	5.384973	-0.003803	1.114069
26.565162	44.621044	5.389978	-0.003836	1.115300
27.004112	45.497442	5.394982	-0.003915	1.116569
27.555988	46.327442	5.399987	-0.004014	1.117835
28.076988	47.140786	5.404992	-0.004107	1.119065
28.557561	47.995031	5.409997	-0.004193	1.120323
29.038223	48.858554	5.415002	-0.004279	1.121591
29.494771	49.704325	5.420006	-0.004361	1.122825
30.051939	50.497709	5.425011	-0.004461	1.124043
30.658954	51.303464	5.430016	-0.004569	1.125297
31.012489	52.191111	5.435021	-0.004633	1.126528
31.697127	52.952159	5.440026	-0.004755	1.127763
32.153015	53.775868	5.445030	-0.004837	1.128964
32.714114	54.577037	5.450035	-0.004937	1.130185
33.007071	55.494281	5.455040	-0.004990	1.131418
33.280615	56.421340	5.460045	-0.005039	1.132651
33.828118	57.272127	5.465050	-0.005137	1.133921
34.376311	58.125838	5.470054	-0.005235	1.135194
34.828116	59.022376	5.475059	-0.005316	1.136471
35.492635	59.823788	5.480064	-0.005435	1.137733
35.826924	60.720998	5.485069	-0.005495	1.138953
36.502630	61.523993	5.490074	-0.005616	1.140219
36.992575	62.375010	5.495078	-0.005703	1.141454
37.410310	63.283422	5.500083	-0.005778	1.142722
38.201102	63.992907	5.505088	-0.005920	1.143928
38.712023	64.802376	5.510093	-0.006011	1.145120
39.443654	65.505316	5.515098	-0.006142	1.146288
39.690528	66.384117	5.520102	-0.006186	1.147436
40.258064	67.123356	5.525107	-0.006288	1.148568
40.786399	67.934928	5.530112	-0.006382	1.149765
41.163009	68.787049	5.535117	-0.006450	1.150938
41.628659	69.619847	5.540122	-0.006533	1.152129
42.266155	70.331173	5.545126	-0.006647	1.153256
42.801948	71.117864	5.550131	-0.006743	1.154423
43.494930	71.814631	5.555136	-0.006867	1.155556
43.800582	72.660605	5.560141	-0.006922	1.156684
44.280004	73.464731	5.565146	-0.007008	1.157841
44.604544	74.315845	5.570150	-0.007066	1.158981
45.075153	75.157445	5.575155	-0.007150	1.160176
45.695384	75.930121	5.580160	-0.007261	1.161358
46.045252	76.789259	5.585165	-0.007324	1.162515
46.746281	77.486477	5.590170	-0.007449	1.163645
47.319607	78.250215	5.595174	-0.007552	1.164792
47.793037	79.045482	5.600179	-0.007637	1.165928
48.402490	79.791661	5.605184	-0.007746	1.167069
48.844702	80.525893	5.610189	-0.007825	1.168118
49.618951	81.196978	5.615194	-0.007964	1.169245
50.134676	81.920424	5.620198	-0.008056	1.170314
50.600630	82.663738	5.625203	-0.008139	1.171381
51.097934	83.387992	5.630208	-0.008228	1.172440
51.601033	84.069905	5.635213	-0.008318	1.173453
52.115347	84.822909	5.640218	-0.008410	1.174550
52.461481	85.596602	5.645222	-0.008472	1.175595
52.800628	86.438883	5.650227	-0.008533	1.176713
53.210293	87.219935	5.655232	-0.008607	1.177793
53.746453	88.013532	5.660237	-0.008702	1.178943
54.243112	88.790054	5.665242	-0.008791	1.180055
54.620137	89.638452	5.670246	-0.008859	1.181193
55.009469	90.487967	5.675251	-0.008929	1.182337
55.449450	91.302768	5.680256	-0.009007	1.183464
55.902150	92.163793	5.685261	-0.009088	1.184647
56.629217	92.894980	5.690266	-0.009219	1.185805
57.078434	93.735019	5.695270	-0.009299	1.186961
57.697262	94.443169	5.700275	-0.009410	1.188042
58.283518	95.205159	5.705280	-0.009515	1.189168
58.704233	95.999923	5.710285	-0.009590	1.190257
58.992990	96.893715	5.715290	-0.009642	1.191397
59.506452	97.686154	5.720294	-0.009734	1.192522
59.989799	98.492693	5.725299	-0.009820	1.193649
60.649451	99.258132	5.730304	-0.009938	1.194806
61.170498	100.027853	5.735309	-0.010032	1.195906
61.769500	100.776181	5.740314	-0.010139	1.197015
62.308888	101.500201	5.745318	-0.010235	1.198069
62.907138	102.221769	5.750323	-0.010342	1.199146
63.469755	102.937714	5.755328	-0.010443	1.200199
64.072180	103.635945	5.760333	-0.010551	1.201250
64.552889	104.329017	5.765338	-0.010637	1.202239
65.124049	104.960800	5.770342	-0.010739	1.203200
65.644457	105.664655	5.775347	-0.010832	1.204217
66.175229	106.363676	5.780352	-0.010927	1.205233
66.662844	107.066821	5.785357	-0.011015	1.206234
67.121036	107.765066	5.790362	-0.011097	1.207215
67.615302	108.431198	5.795366	-0.011185	1.208176
68.017153	109.190808	5.800371	-0.011257	1.209199
68.635343	109.856833	5.805376	-0.011368	1.210213
69.135080	110.555986	5.810381	-0.011457	1.211210
69.612144	111.247358	5.815386	-0.011543	1.212188
69.984768	111.955420	5.820390	-0.011609	1.213138
70.360603	112.751596	5.825395	-0.011677	1.214186
70.894952	113.482645	5.830400	-0.011772	1.215231
71.308704	114.253699	5.835405	-0.011846	1.216266
71.968292	114.916504	5.840410	-0.011964	1.217288
72.534793	115.591336	5.845414	-0.012066	1.218281
73.085494	116.284600	5.850419	-0.012164	1.219287
73.566025	116.979368	5.855424	-0.012250	1.220264
73.980026	117.725998	5.860429	-0.012324	1.221268
74.280901	118.510693	5.865434	-0.012378	1.222264
74.772348	119.251001	5.870438	-0.012466	1.223293
75.609033	119.828450	5.875443	-0.012616	1.224291
76.071157	120.536553	5.880448	-0.012699	1.225270
76.503708	121.259671	5.885453	-0.012776	1.226252
77.021832	121.925341	5.890458	-0.012869	1.227207
77.396375	122.678463	5.895462	-0.012936	1.228195
77.877335	123.422586	5.900467	-0.013022	1.229219
78.499376	124.069367	5.905472	-0.013133	1.230196
78.526318	124.990154	5.910477	-0.013138	1.231215
78.977259	125.792512	5.915482	-0.013219	1.232287
79.303935	126.635693	5.920486	-0.013278	1.233349
79.832427	127.465749	5.925491	-0.013372	1.234482
80.063575	128.389992	5.930496	-0.013414	1.235589
80.628428	129.217620	5.935501	-0.013515	1.236733
81.052355	130.089198	5.940506	-0.013591	1.237864
81.351239	131.059954	5.945510	-0.013644	1.239047
81.768445	132.008820	5.950515	-0.013719	1.240257
82.435698	132.851201	5.955520	-0.013838	1.241456
82.796856	133.727788	5.960525	-0.013903	1.242561
83.270426	134.668142	5.965530	-0.013988	1.243782
83.997460	135.470527	5.970534	-0.014118	1.244960
84.648787	136.269700	5.975539	-0.014235	1.246101
85.209998	137.071302	5.980544	-0.014335	1.247206
85.837679	137.811143	5.985549	-0.014447	1.248271
86.216158	138.705036	5.990554	-0.014515	1.249395
86.654426	139.548240	5.995558	-0.014594	1.250490
87.193538	140.379364	6.000563	-0.014690	1.251613
87.739411	141.134449	6.005568	-0.014788	1.252656
88.076427	142.026534	6.010573	-0.014848	1.253757
88.523987	142.916045	6.015578	-0.014928	1.254901
89.031663	143.773655	6.020582	-0.015019	1.256035
89.493592	144.634870	6.025587	-0.015102	1.257152
90.067527	145.459395	6.030592	-0.015205	1.258277
90.406588	146.370192	6.035597	-0.015265	1.259394
91.072641	147.195627	6.040602	-0.015385	1.260556
91.503879	148.050901	6.045606	-0.015462	1.261650
92.044149	148.834566	6.050611	-0.015559	1.262713
92.408453	149.772021	6.055616	-0.015624	1.263865
92.800842	150.689613	6.060621	-0.015694	1.265006
93.187014	151.646233	6.065626	-0.015763	1.266185
93.909096	152.415353	6.070630	-0.015893	1.267305
94.329637	153.313322	6.075635	-0.015968	1.268434
94.862612	154.205373	6.080640	-0.016063	1.269602
94.951243	155.263772	6.085645	-0.016079	1.270761
94.829343	156.492774	6.090650	-0.016058	1.272012
95.430936	157.497786	6.095654	-0.016165	1.273325
96.101265	158.475035	6.100659	-0.016285	1.274637
96.518899	159.542913	6.105664	-0.016360	1.275937
96.774356	160.658173	6.110669	-0.016406	1.277219
97.259861	161.745729	6.115674	-0.016493	1.278566
97.764423	162.827028	6.120678	-0.016583	1.279913
98.077454	163.988360	6.125683	-0.016639	1.281263
98.513315	165.065419	6.130688	-0.016717	1.282574
98.769367	166.325383	6.135693	-0.016763	1.284001
99.506129	167.400401	6.140698	-0.016895	1.285431
99.928826	168.538100	6.145702	-0.016971	1.286795
100.073161	169.829376	6.150707	-0.016997	1.288205
100.641093	171.010628	6.155712	-0.017099	1.289671
101.066399	172.249510	6.160717	-0.017175	1.291138
101.415340	173.477956	6.165722	-0.017237	1.292561
102.138145	174.616098	6.170726	-0.017367	1.294041
102.651140	175.812351	6.175731	-0.017459	1.295494
103.274844	176.936083	6.180736	-0.017570	1.296915
103.662674	178.152788	6.185741	-0.017640	1.298335
104.249725	179.306864	6.190746	-0.017745	1.299770
104.743453	180.488487	6.195750	-0.017833	1.301193
105.247553	181.655194	6.200755	-0.017924	1.302604
105.840915	182.772066	6.205760	-0.018030	1.303998
106.037590	184.077734	6.210765	-0.018065	1.305425
106.653929	185.205707	6.215770	-0.018176	1.306836
107.142554	186.394315	6.220774	-0.018263	1.308257
107.510203	187.646249	6.225779	-0.018329	1.309692
107.970889	188.880746	6.230784	-0.018412	1.311146
108.272925	190.150505	6.235789	-0.018466	1.312570
108.889170	191.372977	6.240794	-0.018576	1.314071
109.396644	192.608529	6.245798	-0.018667	1.315539
109.910216	193.816675	6.250803	-0.018759	1.316980
110.284454	195.102722	6.255808	-0.018826	1.318444
110.798006	196.349339	6.260813	-0.018918	1.319921
111.398019	197.547565	6.265818	-0.019025	1.321382
112.029866	198.694060	6.270822	-0.019139	1.322801
112.429808	199.932414	6.275827	-0.019210	1.324219
113.013385	201.140943	6.280832	-0.019315	1.325679
113.330613	202.393321	6.285837	-0.019372	1.327076
114.085951	203.525111	6.290842	-0.019507	1.328523
114.576914	204.732048	6.295846	-0.019595	1.329939
114.950760	205.973093	6.300851	-0.019662	1.331343
115.423271	207.190829	6.305856	-0.019746	1.332760
116.006199	208.382255	6.310861	-0.019851	1.334192
116.544804	209.586481	6.315866	-0.019947	1.335619
116.920717	210.807403	6.320870	-0.020015	1.336997
117.443784	212.006237	6.325875	-0.020108	1.338409
117.755568	213.353162	6.330880	-0.020164	1.339885
118.244000	214.593076	6.335885	-0.020252	1.341321
118.917041	215.736614	6.340890	-0.020372	1.342732
119.325282	217.028017	6.345894	-0.020445	1.344185
119.729337	218.320471	6.350899	-0.020518	1.345636
120.236155	219.537281	6.355904	-0.020609	1.347051
120.802935	220.768137	6.360909	-0.020710	1.348501
121.497780	221.924352	6.365914	-0.020835	1.349925
122.252703	223.005796	6.370918	-0.020970	1.351296
122.531446	224.237409	6.375923	-0.021020	1.352631
123.114340	225.410017	6.380928	-0.021124	1.354023
123.774660	226.516408	6.385933	-0.021242	1.355378
124.398554	227.583833	6.390938	-0.021354	1.356679
125.031522	228.638296	6.395942	-0.021467	1.357970
125.434022	229.775457	6.400947	-0.021540	1.359252
126.098634	230.847875	6.405952	-0.021659	1.360570
126.589938	231.869440	6.410957	-0.021747	1.361769
127.107758	232.969669	6.415962	-0.021839	1.363055
127.546672	234.068595	6.420966	-0.021918	1.364309
127.900861	235.239534	6.425971	-0.021981	1.365599
128.504732	236.281030	6.430976	-0.022089	1.366857
128.966497	237.395770	6.435981	-0.022172	1.368131
129.248091	238.604694	6.440986	-0.022223	1.369427
129.597507	239.835630	6.445990	-0.022285	1.370770
130.134655	240.961012	6.450995	-0.022381	1.372080
130.614836	242.155531	6.456000	-0.022467	1.373434
131.149140	243.311806	6.461005	-0.022563	1.374770
131.557812	244.533511	6.466010	-0.022636	1.376121
132.259394	245.588210	6.471014	-0.022762	1.377419
132.683731	246.769728	6.476019	-0.022838	1.378734
133.145422	247.950949	6.481024	-0.022921	1.380062
133.642671	249.108250	6.486029	-0.023010	1.381379
134.021631	250.318177	6.491034	-0.023078	1.382700
134.556256	251.482810	6.496038	-0.023173	1.384035
135.026558	252.690787	6.501043	-0.023258	1.385387
135.655618	253.777536	6.506048	-0.023370	1.386680
136.123803	254.951857	6.511053	-0.023454	1.387995
136.725681	256.075337	6.516058	-0.023562	1.389311
137.313169	257.190265	6.521062	-0.023667	1.390612
137.751624	258.300980	6.526067	-0.023746	1.391851
138.339977	259.406620	6.531072	-0.023851	1.393140
138.790345	260.540648	6.536077	-0.023932	1.394404
139.390854	261.652492	6.541082	-0.024039	1.395702
140.020569	262.660851	6.546086	-0.024152	1.396910
140.786847	263.607349	6.551091	-0.024289	1.398108
141.220497	264.668734	6.556096	-0.024367	1.399291
141.750256	265.695830	6.561101	-0.024462	1.400476
142.227638	266.683739	6.566106	-0.024547	1.401603
142.590527	267.792797	6.571110	-0.024612	1.402802
143.278150	268.749979	6.576115	-0.024735	1.403976
143.699991	269.854869	6.581120	-0.024811	1.405192
144.179540	270.861998	6.586125	-0.024897	1.406334
144.662485	271.887427	6.591130	-0.024983	1.407494
145.114704	272.966737	6.596134	-0.025064	1.408693
145.431021	274.118258	6.601139	-0.025121	1.409909
145.996214	275.162314	6.606144	-0.025222	1.411114
146.264882	276.315289	6.611149	-0.025270	1.412312
146.557414	277.558505	6.616154	-0.025323	1.413604
146.961208	278.775744	6.621158	-0.025395	1.414911
147.419951	279.941974	6.626163	-0.025477	1.416188
147.800874	281.190762	6.631168	-0.025546	1.417514
148.164529	282.472150	6.636173	-0.025611	1.418863
148.550798	283.776942	6.641178	-0.025680	1.420242
148.890626	285.072705	6.646182	-0.025741	1.421593
149.269617	286.433402	6.651187	-0.025809	1.423019
149.661671	287.828589	6.656192	-0.025879	1.424481
150.251693	289.101833	6.661197	-0.025985	1.425898
150.611401	290.490269	6.666202	-0.026049	1.427339
150.765245	292.025569	6.671206	-0.026077	1.428841
151.402367	293.378515	6.676211	-0.026191	1.430346
151.863673	294.758708	6.681216	-0.026274	1.431812
152.286942	296.199093	6.686221	-0.026350	1.433318
152.694325	297.683860	6.691226	-0.026423	1.434859
153.138143	299.119902	6.696230	-0.026502	1.436365
153.599999	300.590051	6.701235	-0.026585	1.437908
154.037385	302.099434	6.706240	-0.026663	1.439478
154.408839	303.593655	6.711245	-0.026730	1.441008
154.878687	305.099800	6.716250	-0.026814	1.442582
155.261348	306.669721	6.721254	-0.026883	1.444183
155.602415	308.260433	6.726259	-0.026944	1.445786
156.126431	309.818122	6.731264	-0.027038	1.447423
156.508511	311.420046	6.736269	-0.027106	1.449048
156.969586	313.014330	6.741274	-0.027189	1.450692
157.416405	314.621939	6.746278	-0.027269	1.452342
157.930271	316.210126	6.751283	-0.027361	1.453996
158.359044	317.869445	6.756288	-0.027438	1.455683
158.856582	319.471387	6.761293	-0.027527	1.457340
159.506134	321.003851	6.766298	-0.027644	1.458985
160.024858	322.623443	6.771302	-0.027737	1.460662
160.415120	324.242405	6.776307	-0.027807	1.462291
160.983071	325.824999	6.781312	-0.027908	1.463947
161.535577	327.367687	6.786317	-0.028007	1.465560
161.981888	328.961237	6.791322	-0.028087	1.467179
162.609786	330.500473	6.796326	-0.028200	1.468812
162.964553	332.111347	6.801331	-0.028263	1.470411
163.476782	333.681872	6.806336	-0.028355	1.472027
163.919733	335.303678	6.811341	-0.028435	1.473664
164.397642	336.921154	6.816346	-0.028520	1.475308
164.960840	338.477076	6.821350	-0.028621	1.476923
165.364473	340.119014	6.826355	-0.028694	1.478559
165.716284	341.805075	6.831360	-0.028757	1.480215
165.939963	343.544431	6.836365	-0.028797	1.481872
166.431060	345.270580	6.841370	-0.028885	1.483609
167.025008	346.933627	6.846374	-0.028991	1.485323
167.516503	348.598208	6.851379	-0.029080	1.487001
168.011334	350.306688	6.856384	-0.029168	1.488717
168.300549	352.082011	6.861389	-0.029220	1.490420
168.945306	353.724903	6.866394	-0.029336	1.492126
169.430305	355.458102	6.871398	-0.029423	1.493855
169.993019	357.122479	6.876403	-0.029523	1.495548
170.464533	358.837399	6.881408	-0.029608	1.497252
170.886387	360.586464	6.886413	-0.029684	1.498967
171.439189	362.251852	6.891418	-0.029783	1.500651
171.934912	363.953014	6.896422	-0.029872	1.502346
172.420313	365.676078	6.901427	-0.029959	1.504054
172.896759	367.377366	6.906432	-0.030044	1.505738
173.206038	369.175264	6.911437	-0.030099	1.507448
173.698163	370.953532	6.916442	-0.030188	1.509202
174.245213	372.655847	6.921446	-0.030286	1.510905
174.866095	374.343410	6.926451	-0.030397	1.512619
175.418493	376.080112	6.931456	-0.030496	1.514351
175.857982	377.778406	6.936461	-0.030575	1.516007
176.246245	379.564706	6.941466	-0.030644	1.517723
176.738807	381.340444	6.946470	-0.030733	1.519463
177.318853	382.979520	6.951475	-0.030837	1.521109
177.695412	384.813957	6.956480	-0.030904	1.522857
178.293964	386.540290	6.961485	-0.031012	1.524584
178.780440	388.248023	6.966490	-0.031099	1.526253
179.239564	390.038560	6.971494	-0.031181	1.527985
179.439236	391.911884	6.976499	-0.031217	1.529699
179.966790	393.713243	6.981504	-0.031312	1.531459
180.592747	395.455797	6.986509	-0.031424	1.533199
181.096309	397.253283	6.991514	-0.031514	1.534944
181.545960	399.061047	6.996518	-0.031595	1.536677
182.220026	400.766932	7.001523	-0.031715	1.538395
182.710123	402.539120	7.006528	-0.031803	1.540107
183.037771	404.349908	7.011533	-0.031862	1.541796
183.645756	406.116708	7.016538	-0.031971	1.543539
184.074391	407.915720	7.021542	-0.032048	1.545248
184.632086	409.678653	7.026547	-0.032148	1.546967
185.383284	411.330501	7.031552	-0.032282	1.548652
185.734807	413.097097	7.036557	-0.032345	1.550301
186.174704	414.874403	7.041562	-0.032424	1.551987
186.619381	416.698241	7.046566	-0.032504	1.553714
187.056995	418.485135	7.051571	-0.032583	1.555403
187.564764	420.291478	7.056576	-0.032674	1.557132
187.993836	422.128259	7.061581	-0.032751	1.558858
188.684087	423.770519	7.066586	-0.032874	1.560502
189.069527	425.617289	7.071590	-0.032943	1.562218
189.381936	427.502612	7.076595	-0.032999	1.563942
189.706753	429.383577	7.081600	-0.033058	1.565664
190.162112	431.314486	7.086605	-0.033139	1.567470
190.649540	433.200139	7.091610	-0.033227	1.569246
191.042207	435.102415	7.096614	-0.033297	1.571003
191.441986	437.070271	7.101619	-0.033369	1.572816
191.814209	439.081603	7.106624	-0.033436	1.574655
192.173016	441.114398	7.111629	-0.033500	1.576505
192.549912	443.189594	7.116634	-0.033568	1.578396
193.173618	445.128242	7.121638	-0.033680	1.580249
193.429177	447.228467	7.126643	-0.033726	1.582116
193.945629	449.289660	7.131648	-0.033818	1.584034
194.300572	451.389608	7.136653	-0.033882	1.585929
194.726024	453.527892	7.141658	-0.033958	1.587877
195.276380	455.591636	7.146662	-0.034057	1.589801
195.743241	457.702513	7.151667	-0.034141	1.591735
196.192144	459.858325	7.156672	-0.034221	1.593698
196.750025	461.901355	7.161677	-0.034321	1.595599
197.121575	464.076504	7.166682	-0.034388	1.597549
197.586192	466.239211	7.171686	-0.034471	1.599516
197.934240	468.412417	7.176691	-0.034534	1.601452
198.349146	470.659863	7.181696	-0.034608	1.603469
198.894889	472.808068	7.186701	-0.034706	1.605443
199.206868	475.092740	7.191706	-0.034762	1.607453
199.717201	477.345444	7.196710	-0.034854	1.609497
200.256191	479.519702	7.201715	-0.034950	1.611483
200.792278	481.750962	7.206720	-0.035047	1.613512
201.354000	483.916176	7.211725	-0.035147	1.615493
201.934023	486.112512	7.216730	-0.035251	1.617502
202.744637	488.167345	7.221734	-0.035396	1.619465
203.657640	490.057320	7.226739	-0.035560	1.621322
204.297068	492.011320	7.231744	-0.035675	1.623142
204.905266	493.922411	7.236749	-0.035784	1.624915
205.384118	495.885511	7.241754	-0.035870	1.626688
206.100021	497.770521	7.246758	-0.035998	1.628470
206.742378	499.551611	7.251763	-0.036113	1.630140
207.374566	501.369097	7.256768	-0.036226	1.631836
207.878856	503.257371	7.261773	-0.036317	1.633548
208.267596	505.103192	7.266778	-0.036386	1.635187
208.571337	507.080866	7.271782	-0.036441	1.636905
208.914753	509.075099	7.276787	-0.036503	1.638648
209.303995	511.039963	7.281792	-0.036572	1.640379
209.928155	512.973825	7.286797	-0.036684	1.642156
210.316839	514.976587	7.291802	-0.036754	1.643915
211.022275	516.855620	7.296806	-0.036880	1.645669
211.447894	518.814847	7.301811	-0.036957	1.647399
211.867590	520.802968	7.306816	-0.037032	1.649149
212.324442	522.761918	7.311821	-0.037114	1.650886
212.781469	524.763448	7.316826	-0.037196	1.652654
213.212811	526.785650	7.321830	-0.037273	1.654430
213.677558	528.801513	7.326835	-0.037357	1.656209
214.297528	530.779298	7.331840	-0.037468	1.658004
214.664291	532.782094	7.336845	-0.037534	1.659738
215.182847	534.797512	7.341850	-0.037627	1.661528
215.565379	536.883825	7.346854	-0.037695	1.663330
215.996203	538.905345	7.351859	-0.037773	1.665094
216.589034	540.936692	7.356864	-0.037879	1.666913
217.028702	543.001750	7.361869	-0.037958	1.668710
217.429011	545.068958	7.366874	-0.038030	1.670495
218.128024	547.068401	7.371878	-0.038155	1.672316
218.613042	549.085954	7.376883	-0.038242	1.674083
219.002257	551.167233	7.381888	-0.038312	1.675870
219.687348	553.150612	7.386893	-0.038434	1.677667
220.337536	555.040822	7.391898	-0.038551	1.679377
220.990450	556.951986	7.396902	-0.038668	1.681103
221.605006	558.835461	7.401907	-0.038778	1.682793
222.119468	560.720352	7.406912	-0.038870	1.684453
222.830276	562.520841	7.411917	-0.038998	1.686103
223.176828	564.454582	7.416922	-0.039060	1.687746
223.701164	566.315662	7.421926	-0.039154	1.689385
224.071854	568.239181	7.426931	-0.039220	1.691024
224.427124	570.260397	7.431936	-0.039284	1.692735
224.904282	572.210543	7.436941	-0.039370	1.694425
225.424973	574.155931	7.441946	-0.039463	1.696122
225.897741	576.165635	7.446950	-0.039548	1.697854
226.376112	578.057673	7.451955	-0.039634	1.699493
226.713399	580.120503	7.456960	-0.039694	1.701222
227.327590	582.077489	7.461965	-0.039804	1.702950
227.657987	584.088997	7.466970	-0.039864	1.704633
228.072745	586.178679	7.471974	-0.039938	1.706402
228.538237	588.239689	7.476979	-0.040022	1.708162
229.133485	590.207290	7.481984	-0.040128	1.709885
229.703429	592.194570	7.486989	-0.040230	1.711614
230.192507	594.236060	7.491994	-0.040318	1.713359
230.794727	596.155799	7.496998	-0.040426	1.715042
231.143661	598.231249	7.502003	-0.040489	1.716769
231.854478	600.136032	7.507008	-0.040616	1.718468
232.308663	602.088487	7.512013	-0.040698	1.720127
232.782847	604.060066	7.517018	-0.040783	1.721805
233.266864	606.085391	7.522022	-0.040869	1.723526
233.913849	607.955850	7.527027	-0.040985	1.725173
234.409688	609.938322	7.532032	-0.041074	1.726860
234.814773	611.921087	7.537037	-0.041147	1.728520
235.376857	613.842223	7.542042	-0.041248	1.730176
235.872271	615.829698	7.547046	-0.041337	1.731863
236.302517	617.819716	7.552051	-0.041414	1.733530
236.852531	619.748363	7.557056	-0.041512	1.735184
237.192196	621.821489	7.562061	-0.041573	1.736886
237.667538	623.814105	7.567066	-0.041659	1.738564
238.214101	625.804490	7.572070	-0.041757	1.740259
238.586361	627.860250	7.577075	-0.041823	1.741953
239.031514	629.900645	7.582080	-0.041903	1.743653
239.601159	631.906730	7.587085	-0.042005	1.745363
240.072368	633.961783	7.592090	-0.042090	1.747079
240.676366	635.931435	7.597094	-0.042198	1.748767
240.938083	638.036872	7.602099	-0.042245	1.750457
241.449574	640.116539	7.607104	-0.042337	1.752199
241.902414	642.198130	7.612109	-0.042418	1.753923
242.181556	644.377923	7.617114	-0.042468	1.755671
242.807737	646.481333	7.622118	-0.042581	1.757459
243.333920	648.488388	7.627123	-0.042675	1.759142
243.960710	650.540597	7.632128	-0.042787	1.760887
244.382356	652.663094	7.637133	-0.042863	1.762625
244.958428	654.641675	7.642138	-0.042966	1.764297
245.203641	656.876267	7.647142	-0.043010	1.766065
245.800003	658.966341	7.652147	-0.043117	1.767824
246.300305	661.020237	7.657152	-0.043207	1.769525
246.680299	663.206651	7.662157	-0.043275	1.771291
247.288453	665.277630	7.667162	-0.043384	1.773033
247.672975	667.461264	7.672166	-0.043453	1.774794
248.521252	669.425715	7.677171	-0.043605	1.776521
249.130174	671.450634	7.682176	-0.043714	1.778223
249.700993	673.415566	7.687181	-0.043817	1.779867
250.208612	675.416040	7.692186	-0.043908	1.781519
250.857114	677.339957	7.697190	-0.044024	1.783151
251.324637	679.284159	7.702195	-0.044108	1.784746
251.905295	681.215769	7.707200	-0.044212	1.786362
252.264307	683.229088	7.712205	-0.044276	1.787975
252.862725	685.108203	7.717210	-0.044384	1.789553
253.224383	687.158430	7.722214	-0.044448	1.791191
253.615676	689.211593	7.727219	-0.044519	1.792839
254.180026	691.149167	7.732224	-0.044620	1.794447
254.516457	693.246399	7.737229	-0.044680	1.796109
254.871855	695.358856	7.742234	-0.044744	1.797786
255.333693	697.401380	7.747238	-0.044827	1.799439
255.477063	699.681864	7.752243	-0.044853	1.801178
255.890945	701.911720	7.757248	-0.044927	1.802954
256.402910	704.093057	7.762253	-0.045019	1.804719
256.735663	706.380852	7.767258	-0.045079	1.806512
257.178008	708.654321	7.772262	-0.045158	1.808322
257.681123	710.896805	7.777267	-0.045248	1.810125
258.339086	713.092591	7.782272	-0.045366	1.811935
258.730528	715.323527	7.787277	-0.045437	1.813695
259.299473	717.549629	7.792282	-0.045539	1.815498
259.395361	720.003499	7.797286	-0.045556	1.817337
259.968761	722.254743	7.802291	-0.045659	1.819157
260.464097	724.587156	7.807296	-0.045748	1.821013
260.832968	726.965869	7.812301	-0.045814	1.822866
261.362897	729.270520	7.817306	-0.045909	1.824707
261.587474	731.771366	7.822310	-0.045949	1.826606
261.962271	734.214466	7.827315	-0.046017	1.828502
262.380900	736.714733	7.832320	-0.046092	1.830450
263.017489	739.140653	7.837325	-0.046206	1.832402
263.355218	741.642172	7.842330	-0.046267	1.834324
263.811047	744.167204	7.847334	-0.046349	1.836295
264.181101	746.688336	7.852339	-0.046415	1.838236
264.818923	749.143196	7.857344	-0.046529	1.840201
265.275849	751.659696	7.862349	-0.046611	1.842159
265.743562	754.151653	7.867354	-0.046695	1.844099
266.179754	756.723471	7.872358	-0.046774	1.846088
266.516860	759.298360	7.877363	-0.046834	1.848049
267.047286	761.864384	7.882368	-0.046930	1.850054
267.503985	764.471350	7.887373	-0.047011	1.852066
267.886264	767.094712	7.892378	-0.047080	1.854068
268.364943	769.733490	7.897382	-0.047166	1.856106
268.941008	772.306364	7.902387	-0.047269	1.858119
269.509737	774.842649	7.907392	-0.047371	1.860102
269.934425	777.489420	7.912397	-0.047448	1.862124
270.517181	780.008490	7.917402	-0.047552	1.864094
271.093063	782.569622	7.922406	-0.047656	1.866090
271.518393	785.156425	7.927411	-0.047732	1.868062
271.893476	787.775293	7.932416	-0.047799	1.870042
272.528443	790.375847	7.937421	-0.047913	1.872076
273.084830	792.859592	7.942426	-0.048013	1.874003
273.566828	795.472190	7.947430	-0.048100	1.876000
274.121260	797.981919	7.952435	-0.048199	1.877941
274.685245	800.479785	7.957440	-0.048300	1.879874
275.106615	803.074558	7.962445	-0.048376	1.881836
275.733645	805.522728	7.967450	-0.048488	1.883746
276.211230	808.089699	7.972454	-0.048574	1.885699
276.672870	810.610823	7.977459	-0.048657	1.887613
276.896784	813.279313	7.982464	-0.048697	1.889567
277.683767	815.788764	7.987469	-0.048838	1.891555
278.088533	818.345049	7.992474	-0.048911	1.893473
278.623343	820.920751	7.997478	-0.049007	1.895437
279.505535	823.279338	8.002483	-0.049165	1.897337
280.247722	825.553158	8.007488	-0.049298	1.899139
280.834321	827.917427	8.012493	-0.049403	1.900962
281.448322	830.203738	8.017498	-0.049513	1.902735
282.319645	832.354443	8.022502	-0.049670	1.904479
282.799800	834.598647	8.027507	-0.049756	1.906183
283.465779	836.717317	8.032512	-0.049875	1.907847
284.237820	838.759746	8.037517	-0.050013	1.909484
284.939461	840.762929	8.042522	-0.050139	1.911074
285.395289	842.822372	8.047526	-0.050221	1.912637
285.912227	844.871091	8.052531	-0.050314	1.914207
286.438901	846.915611	8.057536	-0.050408	1.915775
287.055986	848.886905	8.062541	-0.050519	1.917315
287.443265	850.911745	8.067546	-0.050588	1.918831
288.101360	852.879621	8.072550	-0.050706	1.920376
288.407582	854.974809	8.077555	-0.050761	1.921917
288.816254	857.052343	8.082560	-0.050834	1.923472
289.335907	859.156194	8.087565	-0.050928	1.925072
289.900666	861.209254	8.092570	-0.051029	1.926647
290.376120	863.198973	8.097574	-0.051114	1.928154
290.715959	865.335950	8.102579	-0.051175	1.929726
291.379363	867.392923	8.107584	-0.051294	1.931326
291.763569	869.483153	8.112589	-0.051363	1.932875
292.199995	871.603502	8.117594	-0.051441	1.934457
292.616991	873.787831	8.122598	-0.051516	1.936077
292.848074	875.952339	8.127603	-0.051558	1.937634
293.338878	878.137459	8.132608	-0.051646	1.939271
293.856116	880.341686	8.137613	-0.051739	1.940926
294.194621	882.592729	8.142618	-0.051799	1.942566
294.688947	884.848421	8.147622	-0.051888	1.944249
295.140080	887.108786	8.152627	-0.051969	1.945921
295.724627	889.289336	8.157632	-0.052074	1.947572
296.313004	891.489641	8.162637	-0.052179	1.949236
296.746211	893.729906	8.167642	-0.052257	1.950886
297.591203	895.789472	8.172646	-0.052408	1.952516
298.015505	897.935899	8.177651	-0.052485	1.954096
298.605713	900.053204	8.182656	-0.052590	1.955698
298.995988	902.198833	8.187661	-0.052660	1.957266
299.420020	904.341762	8.192666	-0.052737	1.958840
299.901191	906.537273	8.197670	-0.052823	1.960464
300.171602	908.842990	8.202675	-0.052871	1.962107
300.851288	910.972336	8.207680	-0.052993	1.963733
301.385234	913.145147	8.212685	-0.053089	1.965350
301.723310	915.385977	8.217690	-0.053150	1.966962
302.171816	917.622575	8.222694	-0.053230	1.968599
302.597393	919.894550	8.227699	-0.053307	1.970251
303.068887	922.164638	8.232704	-0.053391	1.971913
303.409118	924.521303	8.237709	-0.053452	1.973599
303.813441	926.891295	8.242714	-0.053525	1.975309
304.459584	929.146446	8.247718	-0.053641	1.977000
304.922283	931.437862	8.252723	-0.053724	1.978669
305.554803	933.678695	8.257728	-0.053837	1.980344
306.140705	935.908993	8.262733	-0.053942	1.981999
306.435672	938.230291	8.267738	-0.053995	1.983641
307.139776	940.454901	8.272742	-0.054121	1.985319
307.790935	942.593214	8.277747	-0.054238	1.986924
308.107258	944.866423	8.282752	-0.054295	1.988535
308.461203	947.183541	8.287757	-0.054359	1.990183
308.857042	949.521076	8.292762	-0.054430	1.991854
309.292284	951.891664	8.297766	-0.054508	1.993556
309.778427	954.230469	8.302771	-0.054595	1.995248
310.223346	956.565583	8.307776	-0.054675	1.996925
310.785562	958.863309	8.312781	-0.054776	1.998605
311.174578	961.288295	8.317786	-0.054846	2.000326
311.659082	963.630199	8.322790	-0.054933	2.002014
311.844686	966.184593	8.327795	-0.054966	2.003768
312.531328	968.582015	8.332800	-0.055089	2.005539
313.064914	970.919498	8.337805	-0.055185	2.007231
313.453005	973.380538	8.342810	-0.055255	2.008968
313.885422	975.891212	8.347814	-0.055332	2.010748
314.356676	978.310164	8.352819	-0.055417	2.012474
314.740237	980.854743	8.357824	-0.055486	2.014261
315.328597	983.313710	8.362829	-0.055591	2.016040
315.715472	985.797487	8.367834	-0.055661	2.017784
316.207888	988.327158	8.372838	-0.055749	2.019583
316.709393	990.805051	8.377843	-0.055839	2.021348
317.171086	993.288983	8.382848	-0.055922	2.023106
317.710016	995.821306	8.387853	-0.056019	2.024913
318.108148	998.349148	8.392858	-0.056090	2.026681
318.651599	1000.850236	8.397862	-0.056188	2.028466
319.150090	1003.387439	8.402867	-0.056277	2.030261
319.702282	1005.865811	8.407872	-0.056376	2.032030
320.180064	1008.385473	8.412877	-0.056462	2.033805
320.496021	1010.985387	8.417882	-0.056519	2.035593
321.189962	1013.394168	8.422886	-0.056643	2.037345
321.500681	1015.998477	8.427891	-0.056699	2.039131
321.978781	1018.569333	8.432896	-0.056785	2.040935
322.575681	1021.058806	8.437901	-0.056892	2.042711
322.973453	1023.673097	8.442906	-0.056963	2.044520
323.842575	1026.084656	8.447910	-0.057119	2.046309
324.318768	1028.497584	8.452915	-0.057204	2.048002
324.965514	1030.904277	8.457920	-0.057320	2.049730
325.520575	1033.294963	8.462925	-0.057420	2.051425
325.968403	1035.719998	8.467930	-0.057500	2.053114
326.903497	1037.953875	8.472934	-0.057668	2.054795
327.577232	1040.131444	8.477939	-0.057789	2.056375
328.225926	1042.247479	8.482944	-0.057905	2.057907
328.814084	1044.410473	8.487949	-0.058010	2.059455
329.368223	1046.521531	8.492954	-0.058110	2.060959
329.647947	1048.728244	8.497958	-0.058160	2.062459
329.695316	1051.199661	8.502963	-0.058169	2.064074
330.431961	1053.444911	8.507968	-0.058301	2.065705
330.986508	1055.635151	8.512973	-0.058400	2.067256
331.472434	1057.893778	8.517978	-0.058487	2.068834
332.555740	1059.900585	8.522982	-0.058681	2.070390
333.544296	1061.714663	8.527987	-0.058859	2.071797
334.624223	1063.367829	8.532992	-0.059052	2.073121
335.548306	1064.892753	8.537997	-0.059217	2.074325
336.643205	1066.268364	8.543002	-0.059413	2.075472
337.663489	1067.356202	8.548006	-0.059596	2.076416
338.267529	1068.565203	8.553011	-0.059704	2.077338
338.883491	1069.763711	8.558016	-0.059815	2.078256
339.755814	1070.757769	8.563021	-0.059971	2.079102
340.413798	1071.832222	8.568026	-0.060088	2.079949
341.031584	1072.802869	8.573031	-0.060199	2.080720
341.727782	1073.662125	8.578035	-0.060324	2.081437
342.264062	1074.565548	8.583040	-0.060420	2.082145
342.788673	1075.468320	8.588045	-0.060514	2.082849
343.246490	1076.438825	8.593050	-0.060596	2.083580
343.458415	1077.499907	8.598055	-0.060634	2.084311
343.644641	1078.697570	8.603059	-0.060667	2.085124
343.947783	1079.857146	8.608064	-0.060721	2.085939
344.572035	1080.937685	8.613069	-0.060833	2.086780
345.214874	1081.991994	8.618074	-0.060948	2.087607
345.545009	1083.151040	8.623079	-0.061007	2.088427
346.022746	1084.292937	8.628083	-0.061093	2.089271
346.322913	1085.535504	8.633088	-0.061147	2.090137
346.563375	1086.844494	8.638093	-0.061190	2.091032
346.865294	1088.153245	8.643098	-0.061244	2.091940
347.373995	1089.504862	8.648103	-0.061335	2.092924
347.599602	1090.962669	8.653107	-0.061376	2.093908
348.044064	1092.432019	8.658112	-0.061455	2.094951
348.200208	1094.030327	8.663117	-0.061483	2.096008
348.470140	1095.618538	8.668122	-0.061532	2.097085
348.598214	1097.431309	8.673127	-0.061555	2.098271
348.812067	1099.282735	8.678131	-0.061593	2.099502
349.237631	1101.106395	8.683136	-0.061670	2.100763
349.626922	1102.904375	8.688141	-0.061740	2.101999
349.808237	1104.925106	8.693146	-0.061772	2.103327
350.193819	1106.958191	8.698151	-0.061841	2.104709
350.518783	1109.000235	8.703155	-0.061900	2.106083
350.798099	1111.088249	8.708160	-0.061950	2.107474
351.131850	1113.274658	8.713165	-0.062010	2.108939
351.541808	1115.503226	8.718170	-0.062084	2.110448
351.989842	1117.633097	8.723175	-0.062164	2.111901
352.409941	1119.863114	8.728179	-0.062239	2.113411
352.893619	1122.100955	8.733184	-0.062326	2.114939
353.237654	1124.320637	8.738189	-0.062388	2.116422
353.594825	1126.625662	8.743194	-0.062452	2.117962
353.875449	1129.065890	8.748199	-0.062503	2.119567
354.086182	1131.555700	8.753203	-0.062540	2.121187
354.503446	1134.058088	8.758208	-0.062615	2.122861
355.082224	1136.532760	8.763213	-0.062719	2.124553
355.331837	1139.064613	8.768218	-0.062764	2.126204
355.918845	1141.546595	8.773223	-0.062869	2.127900
356.450491	1144.045592	8.778227	-0.062965	2.129593
357.018513	1146.501416	8.783232	-0.063067	2.131265
357.563904	1148.956979	8.788237	-0.063165	2.132931
357.898312	1151.490834	8.793242	-0.063225	2.134596
358.361837	1154.005533	8.798247	-0.063308	2.136277
358.967763	1156.454393	8.803251	-0.063417	2.137949
359.400413	1158.983974	8.808256	-0.063494	2.139629
360.033817	1161.402145	8.813261	-0.063608	2.141285
360.365627	1163.947125	8.818266	-0.063667	2.142950
360.902194	1166.505288	8.823271	-0.063764	2.144668
361.625326	1168.812998	8.828275	-0.063893	2.146272
362.113554	1171.248843	8.833280	-0.063981	2.147900
362.765354	1173.641327	8.838285	-0.064098	2.149537
363.123911	1176.069612	8.843290	-0.064162	2.151129
363.621195	1178.500472	8.848295	-0.064251	2.152753
364.409323	1180.816448	8.853299	-0.064393	2.154370
365.304711	1182.903866	8.858304	-0.064553	2.155868
366.031487	1184.991111	8.863309	-0.064683	2.157327
366.578282	1187.115174	8.868314	-0.064781	2.158766
367.210742	1189.169781	8.873319	-0.064895	2.160182
367.839284	1191.132015	8.878323	-0.065007	2.161538
368.223833	1193.239661	8.883328	-0.065076	2.162928
369.030315	1195.197560	8.888333	-0.065221	2.164320
369.414470	1197.204959	8.893338	-0.065290	2.165646
370.171599	1199.050770	8.898343	-0.065426	2.166956
370.727132	1200.961506	8.903347	-0.065525	2.168260
371.272779	1202.857673	8.908352	-0.065623	2.169551
372.005852	1204.635449	8.913357	-0.065754	2.170811
372.497397	1206.422558	8.918362	-0.065842	2.172022
373.271274	1208.141771	8.923367	-0.065981	2.173253
374.077088	1209.730753	8.928371	-0.066125	2.174411
374.699555	1211.257763	8.933376	-0.066237	2.175489
375.178580	1212.818332	8.938381	-0.066323	2.176555
375.707086	1214.390262	8.943386	-0.066417	2.177638
376.644749	1215.757785	8.948391	-0.066585	2.178687
377.138938	1217.234101	8.953395	-0.066674	2.179703
377.943669	1218.462570	8.958400	-0.066818	2.180636
378.953094	1219.520259	8.963405	-0.066999	2.181510
379.661976	1220.605080	8.968410	-0.067126	2.182332
380.363456	1221.592207	8.973415	-0.067251	2.183093
380.974406	1222.589779	8.978419	-0.067361	2.183840
381.930883	1223.371881	8.983424	-0.067532	2.184531
382.664950	1224.119924	8.988429	-0.067663	2.185152
383.210743	1224.754254	8.993434	-0.067761	2.185662
383.554051	1225.597195	8.998439	-0.067822	2.186253
383.889776	1226.484029	9.003443	-0.067882	2.186870
384.399609	1227.347986	9.008448	-0.067974	2.187511
385.085146	1228.089909	9.013453	-0.068096	2.188117
385.500128	1228.905159	9.018458	-0.068171	2.188707
385.824249	1229.813787	9.023463	-0.068229	2.189334
386.136902	1230.784689	9.028467	-0.068285	2.189996
386.423092	1231.738690	9.033472	-0.068336	2.190641
387.042234	1232.679790	9.038477	-0.068447	2.191353
387.419745	1233.662493	9.043482	-0.068514	2.192036
387.851945	1234.653356	9.048487	-0.068592	2.192736
388.139825	1235.802309	9.053491	-0.068644	2.193499
388.267308	1237.018170	9.058496	-0.068666	2.194268
388.744998	1238.266499	9.063501	-0.068752	2.195134
389.136280	1239.362921	9.068506	-0.068822	2.195888
389.423725	1240.705038	9.073511	-0.068874	2.196769
389.385947	1242.276444	9.078515	-0.068867	2.197716
389.640083	1243.838332	9.083520	-0.068913	2.198722
390.165612	1245.415535	9.088525	-0.069007	2.199796
390.474707	1246.951387	9.093530	-0.069062	2.200797
390.621441	1248.711250	9.098535	-0.069089	2.201898
390.858260	1250.551271	9.103539	-0.069131	2.203067
391.146222	1252.439945	9.108544	-0.069183	2.204276
391.671960	1254.264619	9.113549	-0.069277	2.205497
392.052880	1256.101746	9.118554	-0.069346	2.206694
392.491520	1258.020654	9.123559	-0.069424	2.207952
392.679986	1260.070199	9.128563	-0.069458	2.209234
392.726277	1262.290005	9.133568	-0.069467	2.210586
393.307952	1264.367000	9.138573	-0.069571	2.211969
393.617439	1266.550333	9.143578	-0.069627	2.213356
394.104850	1268.751382	9.148583	-0.069714	2.214791
394.469257	1270.925854	9.153587	-0.069779	2.216182
394.848956	1273.183307	9.158592	-0.069848	2.217626
395.300699	1275.468633	9.163597	-0.069929	2.219101
395.637720	1277.774876	9.168602	-0.069989	2.220563
395.895902	1280.217974	9.173607	-0.070036	2.222089
396.377902	1282.631964	9.178611	-0.070122	2.223645
396.704678	1285.084769	9.183616	-0.070181	2.225190
397.063571	1287.579281	9.188621	-0.070245	2.226765
397.345376	1290.201455	9.193626	-0.070296	2.228400
397.695378	1292.855183	9.198631	-0.070359	2.230066
398.088490	1295.504312	9.203635	-0.070430	2.231738
398.515820	1298.194351	9.208640	-0.070506	2.233441
398.888524	1300.901928	9.213645	-0.070573	2.235141
399.152252	1303.678541	9.218650	-0.070621	2.236857
399.658077	1306.489427	9.223655	-0.070712	2.238645
400.105896	1309.278195	9.228659	-0.070792	2.240405
400.622523	1312.083002	9.233664	-0.070885	2.242189
400.974324	1315.010077	9.238669	-0.070948	2.244008
401.489029	1317.756253	9.243674	-0.071040	2.245753
401.963382	1320.616759	9.248679	-0.071126	2.247556
402.516168	1323.453568	9.253683	-0.071225	2.249361
402.964220	1326.299126	9.258688	-0.071305	2.251146
403.583778	1329.099485	9.263693	-0.071416	2.252940
404.080745	1331.944452	9.268698	-0.071506	2.254733
404.605134	1334.682888	9.273703	-0.071600	2.256467
405.019880	1337.549716	9.278707	-0.071674	2.258253
405.449054	1340.369696	9.283712	-0.071751	2.260012
406.191508	1343.079959	9.288717	-0.071885	2.261772
406.564603	1345.931275	9.293722	-0.071952	2.263535
406.928642	1348.786118	9.298727	-0.072017	2.265296
407.516834	1351.563146	9.303731	-0.072123	2.267058
408.025340	1354.399641	9.308736	-0.072214	2.268837
408.640197	1357.139278	9.313741	-0.072324	2.270580
409.128383	1359.907753	9.318746	-0.072412	2.272312
409.713783	1362.699896	9.323751	-0.072517	2.274076
410.303491	1365.297458	9.328755	-0.072623	2.275726
411.018106	1367.930984	9.333760	-0.072751	2.277423
411.571172	1370.601692	9.338765	-0.072850	2.279105
412.139974	1373.111433	9.343770	-0.072952	2.280695
412.666691	1375.718016	9.348775	-0.073047	2.282332
413.035878	1378.425465	9.353779	-0.073113	2.283994
413.479100	1381.003999	9.358784	-0.073193	2.285595
414.040341	1383.642342	9.363789	-0.073293	2.287254
414.515911	1386.321890	9.368794	-0.073379	2.288918
414.971639	1388.951815	9.373799	-0.073460	2.290548
415.622433	1391.573490	9.378803	-0.073577	2.292212
416.064717	1394.206237	9.383808	-0.073657	2.293838
416.743519	1396.663321	9.388813	-0.073778	2.295410
417.308151	1399.209757	9.393818	-0.073880	2.297009
417.761893	1401.794477	9.398823	-0.073961	2.298607
418.162791	1404.345553	9.403827	-0.074033	2.300172
418.542511	1406.961797	9.408832	-0.074101	2.301770
419.246785	1409.527973	9.413837	-0.074228	2.303405
419.631816	1412.074919	9.418842	-0.074297	2.304961
420.074410	1414.694216	9.423847	-0.074376	2.306570
420.733788	1417.244034	9.428851	-0.074494	2.308183
421.054510	1419.852973	9.433856	-0.074552	2.309758
421.552581	1422.484844	9.438861	-0.074641	2.311383
422.019931	1425.106243	9.443866	-0.074725	2.312993
422.335556	1427.790201	9.448871	-0.074782	2.314608
422.910378	1430.425596	9.453875	-0.074885	2.316246
423.412253	1433.076189	9.458880	-0.074975	2.317878
423.878383	1435.764954	9.463885	-0.075059	2.319522
424.536501	1438.322004	9.468890	-0.075177	2.321130
424.921167	1441.001706	9.473895	-0.075246	2.322750
425.492105	1443.615179	9.478899	-0.075349	2.324369
425.907633	1446.221830	9.483904	-0.075423	2.325952
426.362144	1448.915240	9.488909	-0.075505	2.327591
426.923411	1451.555416	9.493914	-0.075606	2.329220
427.188627	1454.310814	9.498919	-0.075653	2.330853
427.714737	1457.045380	9.503923	-0.075748	2.332527
428.086636	1459.811286	9.508928	-0.075815	2.334186
428.506057	1462.581722	9.513933	-0.075890	2.335856
429.111497	1465.297177	9.518938	-0.075999	2.337531
429.561179	1468.073163	9.523943	-0.076079	2.339208
430.058032	1470.807939	9.528947	-0.076168	2.340870
430.532000	1473.556308	9.533952	-0.076254	2.342533
431.150199	1476.311544	9.538957	-0.076364	2.344229
431.470795	1479.062460	9.543962	-0.076422	2.345860
431.968439	1481.876327	9.548967	-0.076511	2.347562
432.482870	1484.661733	9.553971	-0.076604	2.349250
432.862427	1487.473517	9.558976	-0.076672	2.350924
433.578857	1490.239735	9.563981	-0.076800	2.352640
434.297378	1492.824748	9.568986	-0.076929	2.354252
434.943785	1495.363958	9.573991	-0.077045	2.355822
435.438827	1497.999260	9.578995	-0.077134	2.357414
436.003699	1500.592082	9.584000	-0.077235	2.358996
436.762406	1503.025381	9.589005	-0.077371	2.360526
437.382156	1505.473821	9.594010	-0.077483	2.362035
437.790309	1508.020916	9.599015	-0.077556	2.363556
438.347157	1510.391891	9.604019	-0.077656	2.365007
439.152726	1512.719467	9.609024	-0.077800	2.366482
439.680179	1515.093440	9.614029	-0.077895	2.367926
440.318261	1517.333558	9.619034	-0.078009	2.369317
440.861893	1519.615166	9.624039	-0.078107	2.370711
441.527676	1521.857088	9.629043	-0.078226	2.372106
442.081006	1524.073356	9.634048	-0.078325	2.373463
442.632765	1526.156940	9.639053	-0.078424	2.374745
443.074767	1528.374182	9.644058	-0.078504	2.376079
443.538664	1530.591149	9.649063	-0.078587	2.377417
444.270429	1532.718807	9.654067	-0.078718	2.378757
444.767299	1534.767662	9.659072	-0.078807	2.380005
445.175093	1536.969679	9.664077	-0.078880	2.381321
445.926134	1539.020797	9.669082	-0.079015	2.382620
446.557652	1541.017837	9.674087	-0.079128	2.383864
447.021278	1542.959379	9.679091	-0.079211	2.385043
447.511951	1545.019676	9.684096	-0.079299	2.386293
448.116282	1547.020205	9.689101	-0.079407	2.387531
448.725418	1548.973869	9.694106	-0.079517	2.388744
449.215986	1550.872365	9.699111	-0.079605	2.389901
449.520868	1552.973412	9.704115	-0.079659	2.391135
449.938489	1555.003476	9.709120	-0.079734	2.392350
450.522330	1557.063106	9.714125	-0.079839	2.393614
450.931360	1558.980649	9.719130	-0.079912	2.394764
451.381415	1561.067405	9.724135	-0.079993	2.396015
451.876932	1563.141237	9.729139	-0.080082	2.397268
452.413851	1565.196300	9.734144	-0.080178	2.398518
452.804362	1567.237375	9.739149	-0.080248	2.399730
453.145638	1569.425944	9.744154	-0.080310	2.401014
453.616586	1571.580821	9.749159	-0.080394	2.402304
454.005930	1573.809758	9.754163	-0.080464	2.403618
454.265937	1576.020280	9.759168	-0.080511	2.404896
454.581100	1578.392110	9.764173	-0.080567	2.406274
454.962656	1580.801613	9.769178	-0.080636	2.407684
455.539211	1583.103073	9.774183	-0.080739	2.409073
455.968698	1585.515887	9.779187	-0.080816	2.410493
456.452009	1587.848310	9.784192	-0.080903	2.411878
456.662828	1590.411572	9.789197	-0.080941	2.413337
457.163678	1592.850740	9.794202	-0.081031	2.414783
457.587704	1595.351772	9.799207	-0.081107	2.416248
458.161783	1597.840462	9.804211	-0.081210	2.417733
458.621928	1600.276338	9.809216	-0.081293	2.419167
458.922113	1602.855571	9.814221	-0.081347	2.420648
459.449679	1605.379966	9.819226	-0.081441	2.422141
459.891873	1607.946465	9.824231	-0.081521	2.423641
460.457729	1610.418837	9.829235	-0.081622	2.425111
460.745091	1613.048293	9.834240	-0.081674	2.426613
461.214676	1615.708621	9.839245	-0.081758	2.428167
461.724759	1618.240550	9.844250	-0.081850	2.429656
462.219597	1620.855538	9.849255	-0.081939	2.431188
462.539898	1623.599390	9.854259	-0.081996	2.432755
463.057134	1626.157756	9.859264	-0.082089	2.434258
463.498291	1628.842752	9.864269	-0.082168	2.435814
463.913501	1631.591248	9.869274	-0.082243	2.437399
464.624341	1634.163284	9.874279	-0.082370	2.438943
464.964924	1636.873406	9.879283	-0.082431	2.440491
465.579871	1639.484414	9.884288	-0.082542	2.442036
465.937022	1642.208415	9.889293	-0.082606	2.443593
466.543418	1644.803868	9.894298	-0.082715	2.445126
467.121001	1647.428205	9.899303	-0.082818	2.446668
467.419614	1650.188145	9.904307	-0.082872	2.448229
467.894172	1652.833559	9.909312	-0.082957	2.449761
468.420188	1655.584888	9.914317	-0.083052	2.451360
469.175307	1658.160010	9.919322	-0.083187	2.452905
469.757992	1660.583710	9.924327	-0.083292	2.454334
470.318423	1663.172609	9.929331	-0.083392	2.455848
470.510187	1665.885463	9.934336	-0.083427	2.457358
471.055408	1668.467157	9.939341	-0.083525	2.458863
471.683464	1671.047135	9.944346	-0.083637	2.460382
472.264052	1673.585396	9.949351	-0.083741	2.461868
473.012103	1676.050988	9.954355	-0.083875	2.463346
473.528521	1678.415077	9.959360	-0.083968	2.464723
474.089383	1680.854517	9.964365	-0.084069	2.466150
474.584189	1683.319619	9.969370	-0.084157	2.467577
475.125643	1685.673712	9.974375	-0.084255	2.468951
475.773510	1688.075494	9.979379	-0.084371	2.470371
476.136120	1690.480049	9.984384	-0.084436	2.471738
476.776392	1692.824222	9.989389	-0.084551	2.473123
477.167413	1695.149914	9.994394	-0.084621	2.474451
477.875195	1697.418026	9.999399	-0.084748	2.475807
478.327413	1699.804198	10.004403	-0.084829	2.477177
478.849125	1702.083049	10.009408	-0.084923	2.478502
479.362108	1704.366630	10.014413	-0.085015	2.479828
479.825899	1706.735051	10.019418	-0.085098	2.481188
480.311725	1709.097198	10.024423	-0.085185	2.482549
480.972623	1711.268033	10.029427	-0.085303	2.483839
481.442979	1713.527895	10.034432	-0.085388	2.485141
481.817600	1715.912262	10.039437	-0.085455	2.486490
482.264486	1718.281763	10.044442	-0.085535	2.487844
483.008056	1720.448871	10.049447	-0.085669	2.489145
483.388169	1722.776646	10.054451	-0.085737	2.490463
483.748650	1725.105935	10.059456	-0.085802	2.491778
483.974758	1727.445940	10.064461	-0.085842	2.493072

484.387247	1729.484916	10.069466	-0.085916	2.494239
484.794455	1731.512201	10.074471	-0.085989	2.495399
485.282538	1733.298902	10.079475	-0.086077	2.496445
485.676522	1734.976414	10.084480	-0.086147	2.497414
486.139468	1736.448336	10.089485	-0.086230	2.498286
486.430398	1737.798158	10.094490	-0.086283	2.499061
486.683828	1739.121177	10.099495	-0.086328	2.499814
487.045905	1740.339032	10.104499	-0.086393	2.500531
487.118531	1741.474590	10.109504	-0.086406	2.501150
487.614418	1742.396884	10.114509	-0.086495	2.501734
487.888776	1743.348259	10.119514	-0.086544	2.502292
488.273224	1744.002382	10.124519	-0.086613	2.502712
488.506461	1744.726788	10.129523	-0.086655	2.503141
488.689401	1745.166734	10.134528	-0.086687	2.503409
489.152688	1745.528116	10.139533	-0.086770	2.503688
489.428479	1745.912872	10.144538	-0.086820	2.503944
489.680444	1745.902011	10.149543	-0.086865	2.503985
489.934060	1746.337390	10.154547	-0.086910	2.504264
490.218378	1746.304390	10.159552	-0.086961	2.504299
490.347708	1746.284206	10.164557	-0.086984	2.504313
490.620841	1746.181521	10.169562	-0.087033	2.504309
490.771523	1745.885595	10.174567	-0.087060	2.504179
490.856233	1745.494582	10.179571	-0.087075	2.503987
491.243095	1745.348636	10.184576	-0.087144	2.503981
491.384056	1744.759462	10.189581	-0.087169	2.503693
491.513774	1744.419323	10.194586	-0.087192	2.503536
491.807880	1743.880476	10.199591	-0.087245	2.503304
491.895936	1743.384073	10.204595	-0.087260	2.503056
492.060061	1742.657174	10.209600	-0.087289	2.502699
492.017896	1742.080401	10.214605	-0.087282	2.502384
492.114494	1741.377863	10.219610	-0.087299	2.502028
492.132766	1740.702210	10.224615	-0.087302	2.501671
492.447001	1739.919388	10.229619	-0.087358	2.501312
492.332567	1739.130427	10.234624	-0.087338	2.500871
492.590070	1738.297958	10.239629	-0.087383	2.500475
492.736722	1737.447563	10.244634	-0.087410	2.500048
492.826604	1736.445642	10.249639	-0.087425	2.499531
492.945787	1735.496289	10.254643	-0.087447	2.499047
493.111158	1734.469521	10.259648	-0.087476	2.498530
493.311628	1733.393231	10.264653	-0.087512	2.497993
493.333692	1732.285090	10.269658	-0.087516	2.497405
493.332163	1731.150669	10.274663	-0.087515	2.496799
493.421549	1730.000505	10.279667	-0.087531	2.496202
493.650379	1728.761790	10.284672	-0.087572	2.495583
493.613884	1727.565342	10.289677	-0.087565	2.494937
493.657366	1726.320492	10.294682	-0.087572	2.494279
493.725711	1725.079817	10.299687	-0.087584	2.493629
493.955062	1723.799461	10.304691	-0.087625	2.492987
493.778460	1722.546490	10.309696	-0.087594	2.492284
493.643432	1721.340909	10.314701	-0.087569	2.491614
493.642169	1720.137560	10.319706	-0.087569	2.490970
493.650349	1718.920719	10.324711	-0.087570	2.490320
493.609545	1717.725425	10.329715	-0.087563	2.489672
493.717282	1716.456581	10.334720	-0.087582	2.489013
493.780770	1715.221616	10.339725	-0.087593	2.488363
493.765429	1713.952234	10.344730	-0.087590	2.487680
493.865081	1712.626039	10.349735	-0.087607	2.486988
493.813736	1711.376957	10.354739	-0.087598	2.486308
493.761082	1710.126646	10.359744	-0.087588	2.485628
493.980508	1708.768860	10.364749	-0.087627	2.484941
494.011903	1707.339703	10.369754	-0.087633	2.484180
493.880140	1706.145240	10.374759	-0.087609	2.483514
494.055882	1704.870983	10.379763	-0.087640	2.482863
494.140654	1703.377510	10.384768	-0.087655	2.482077
494.325853	1701.914959	10.389773	-0.087688	2.481326
493.887700	1700.686416	10.394778	-0.087610	2.480583
493.826872	1699.350437	10.399783	-0.087599	2.479853
494.092497	1697.975888	10.404787	-0.087646	2.479164
493.911516	1696.747236	10.409792	-0.087613	2.478470
493.944248	1695.434156	10.414797	-0.087619	2.477769
493.824871	1694.150419	10.419802	-0.087597	2.477056
493.787603	1692.889019	10.424807	-0.087590	2.476370
493.694328	1691.709942	10.429811	-0.087574	2.475717
493.761121	1690.428385	10.434816	-0.087585	2.475040
493.996084	1689.076294	10.439821	-0.087627	2.474356
493.805414	1687.821731	10.444826	-0.087593	2.473644
493.811146	1686.674125	10.449831	-0.087594	2.473026
493.875120	1685.367701	10.454835	-0.087605	2.472334
493.854937	1684.083352	10.459840	-0.087601	2.471637
493.960392	1682.724606	10.464845	-0.087620	2.470924
493.971255	1681.414476	10.469850	-0.087621	2.470219
494.073733	1680.023691	10.474855	-0.087640	2.469488
494.084579	1678.660843	10.479859	-0.087641	2.468754
494.224187	1677.278911	10.484864	-0.087666	2.468034
494.146913	1675.910532	10.489869	-0.087652	2.467280
493.742674	1674.688883	10.494874	-0.087580	2.466543
493.681922	1673.477541	10.499879	-0.087568	2.465877
493.618357	1672.312266	10.504883	-0.087557	2.465235
493.529383	1671.144109	10.509888	-0.087541	2.464586
493.644874	1669.937049	10.514893	-0.087561	2.463955
493.612073	1668.839199	10.519898	-0.087555	2.463354
493.656024	1667.624974	10.524903	-0.087563	2.462705
493.593444	1666.454549	10.529907	-0.087552	2.462060
493.605924	1665.249994	10.534912	-0.087554	2.461410
493.719472	1664.015136	10.539917	-0.087574	2.460762
493.512033	1662.877267	10.544922	-0.087536	2.460106
493.672084	1661.660674	10.549927	-0.087565	2.459477
493.600739	1660.469855	10.554931	-0.087552	2.458818
493.550349	1659.413323	10.559936	-0.087543	2.458236
493.841373	1658.058605	10.564941	-0.087595	2.457556
493.861599	1656.772099	10.569946	-0.087598	2.456862
493.675182	1655.594855	10.574951	-0.087564	2.456188
493.644528	1654.389926	10.579955	-0.087559	2.455528
493.526683	1653.255083	10.584960	-0.087537	2.454889
493.631171	1652.030569	10.589965	-0.087556	2.454244
493.535420	1650.961837	10.594970	-0.087539	2.453645
493.586032	1649.813455	10.599975	-0.087548	2.453030
493.521083	1648.678156	10.604979	-0.087536	2.452401
493.335476	1647.590778	10.609984	-0.087502	2.451774
493.370842	1646.488232	10.614989	-0.087508	2.451181
493.208958	1645.476879	10.619994	-0.087479	2.450600
493.182481	1644.458011	10.624999	-0.087474	2.450041
493.329377	1643.337634	10.630003	-0.087501	2.449459
493.186363	1642.323272	10.635008	-0.087475	2.448879
493.138624	1641.374247	10.640013	-0.087466	2.448353
493.030637	1640.413108	10.645018	-0.087447	2.447809
493.084682	1639.424094	10.650023	-0.087456	2.447281
493.100899	1638.411648	10.655027	-0.087459	2.446732
493.055003	1637.402108	10.660032	-0.087450	2.446173
493.015815	1636.468330	10.665037	-0.087443	2.445657
492.944106	1635.563385	10.670042	-0.087430	2.445150
492.939759	1634.559920	10.675047	-0.087429	2.444602
493.024023	1633.636506	10.680051	-0.087444	2.444114
492.966895	1632.780522	10.685056	-0.087434	2.443636
492.894442	1631.847437	10.690061	-0.087421	2.443113
492.745779	1631.035215	10.695066	-0.087394	2.442641
492.934219	1630.004902	10.700071	-0.087428	2.442115
493.084891	1629.021828	10.705075	-0.087454	2.441607
493.089516	1628.054384	10.710080	-0.087455	2.441080
492.953004	1627.099158	10.715085	-0.087430	2.440532
492.800236	1626.229315	10.720090	-0.087403	2.440027
492.743372	1625.385859	10.725095	-0.087393	2.439555
492.827649	1624.444281	10.730099	-0.087408	2.439057
492.718333	1623.745862	10.735104	-0.087388	2.438654
492.619989	1622.873553	10.740109	-0.087370	2.438158
492.475297	1622.153346	10.745114	-0.087344	2.437736
492.711968	1621.243484	10.750119	-0.087386	2.437284
492.534164	1620.461617	10.755123	-0.087354	2.436822
492.472237	1619.760305	10.760128	-0.087343	2.436426
492.538672	1618.912033	10.765133	-0.087355	2.435975
492.574366	1618.120091	10.770138	-0.087361	2.435548
492.552657	1617.301196	10.775143	-0.087357	2.435096
492.793803	1616.386630	10.780147	-0.087400	2.434641
492.453651	1615.692021	10.785152	-0.087339	2.434195
492.536101	1614.868201	10.790157	-0.087354	2.433760
492.397656	1614.338108	10.795162	-0.087329	2.433443
492.308516	1613.639718	10.800167	-0.087313	2.433043
492.448805	1612.764826	10.805171	-0.087338	2.432590
492.442188	1612.044135	10.810176	-0.087336	2.432194
492.569647	1611.268294	10.815181	-0.087359	2.431793
492.484866	1610.419123	10.820186	-0.087344	2.431311
492.369575	1609.764192	10.825191	-0.087323	2.430930
492.430794	1609.044822	10.830195	-0.087334	2.430547
492.224274	1608.308773	10.835200	-0.087297	2.430103
492.229766	1607.660512	10.840205	-0.087298	2.429748
492.469092	1606.852179	10.845210	-0.087340	2.429351
492.559791	1606.085029	10.850215	-0.087356	2.428948
492.372425	1605.408165	10.855219	-0.087323	2.428540
492.327876	1604.733057	10.860224	-0.087315	2.428160
492.190931	1604.084415	10.865229	-0.087290	2.427778
492.147023	1603.428061	10.870234	-0.087282	2.427409
492.149494	1602.733275	10.875239	-0.087282	2.427027
492.174793	1602.067760	10.880243	-0.087287	2.426667
492.097263	1601.454265	10.885248	-0.087273	2.426315
492.123359	1600.818487	10.890253	-0.087277	2.425970
492.000305	1600.270669	10.895258	-0.087255	2.425645
492.012589	1599.656410	10.900263	-0.087257	2.425310
492.336364	1598.956394	10.905267	-0.087315	2.424988
492.061341	1598.314001	10.910272	-0.087266	2.424581
491.984220	1597.739808	10.915277	-0.087252	2.424250
491.961357	1597.168111	10.920282	-0.087247	2.423932
491.864992	1596.741630	10.925287	-0.087230	2.423678
491.750216	1596.208488	10.930291	-0.087210	2.423363
491.781947	1595.702271	10.935296	-0.087215	2.423090
491.816317	1595.165391	10.940301	-0.087221	2.422801
491.808674	1594.663266	10.945306	-0.087220	2.422524
491.806521	1594.107076	10.950311	-0.087219	2.422217
491.878314	1593.550927	10.955315	-0.087232	2.421925
491.741195	1593.073168	10.960320	-0.087207	2.421635
491.752034	1592.577516	10.965325	-0.087209	2.421364
491.717304	1592.130049	10.970330	-0.087203	2.421111
491.596632	1591.683511	10.975335	-0.087181	2.420842
491.785520	1591.105568	10.980339	-0.087215	2.420560
491.979022	1590.478443	10.985344	-0.087249	2.420252
492.048495	1589.885285	10.990349	-0.087262	2.419939
491.904788	1589.316522	10.995354	-0.087236	2.419597
492.155579	1588.645290	11.000359	-0.087280	2.419276
492.068453	1588.030935	11.005363	-0.087265	2.418921
492.020016	1587.534403	11.010368	-0.087256	2.418638
492.121561	1586.852702	11.015373	-0.087274	2.418282
491.936282	1586.310106	11.020378	-0.087241	2.417946
491.862681	1585.770875	11.025383	-0.087228	2.417634
492.061354	1585.158705	11.030387	-0.087263	2.417336
492.006577	1584.526651	11.035392	-0.087253	2.416976
491.970992	1583.976477	11.040397	-0.087247	2.416666
491.871526	1583.461970	11.045402	-0.087229	2.416362
491.697477	1583.003034	11.050407	-0.087197	2.416075
492.046922	1582.322349	11.055411	-0.087260	2.415768
491.980513	1581.715197	11.060416	-0.087248	2.415420
491.935603	1581.165857	11.065421	-0.087240	2.415108
491.891674	1580.617093	11.070426	-0.087232	2.414796
491.710652	1580.147120	11.075431	-0.087199	2.414501
491.970888	1579.538169	11.080435	-0.087246	2.414216
491.857721	1579.043772	11.085440	-0.087225	2.413920
491.924474	1578.520021	11.090445	-0.087237	2.413644
491.849803	1577.951108	11.095450	-0.087224	2.413315
491.697478	1577.540265	11.100455	-0.087196	2.413058
491.740923	1576.971543	11.105459	-0.087204	2.412753
491.828648	1576.402484	11.110464	-0.087220	2.412455
491.636163	1575.947551	11.115469	-0.087185	2.412166
491.760042	1575.457615	11.120474	-0.087207	2.411919
491.652181	1575.016925	11.125479	-0.087188	2.411655
491.768924	1574.515487	11.130483	-0.087208	2.411400
491.835852	1573.974688	11.135488	-0.087220	2.411114
491.907220	1573.402175	11.140493	-0.087233	2.410812
491.935626	1572.816420	11.145498	-0.087238	2.410493
491.740532	1572.350152	11.150503	-0.087203	2.410197
491.914998	1571.730372	11.155507	-0.087234	2.409888
491.701772	1571.303386	11.160512	-0.087196	2.409610
491.598773	1570.771740	11.165517	-0.087177	2.409296
491.698252	1570.316620	11.170522	-0.087195	2.409063
491.679629	1569.917986	11.175527	-0.087191	2.408839
491.675445	1569.537972	11.180531	-0.087191	2.408628
491.772230	1568.957589	11.185536	-0.087208	2.408326
491.735020	1568.470922	11.190541	-0.087201	2.408049
491.639176	1568.000549	11.195546	-0.087184	2.407770
491.534389	1567.531994	11.200551	-0.087165	2.407490
491.648298	1567.105332	11.205555	-0.087185	2.407276
491.546984	1566.659890	11.210560	-0.087167	2.407009
491.595860	1566.279143	11.215565	-0.087176	2.406808
491.565112	1565.751907	11.220570	-0.087170	2.406509
491.703267	1565.277092	11.225575	-0.087195	2.406273
491.804254	1564.770961	11.230579	-0.087213	2.406013
491.651621	1564.332953	11.235584	-0.087185	2.405740
491.720746	1563.847496	11.240589	-0.087198	2.405484
491.491642	1563.511577	11.245594	-0.087156	2.405253
491.537382	1562.937063	11.250599	-0.087165	2.404944
491.732026	1562.469549	11.255603	-0.087199	2.404723
491.717241	1561.965564	11.260608	-0.087197	2.404440
491.325151	1561.694290	11.265613	-0.087126	2.404213
491.264449	1561.347124	11.270618	-0.087115	2.404008
491.121674	1561.159074	11.275623	-0.087090	2.403876
491.163001	1560.967780	11.280627	-0.087097	2.403778
491.102359	1560.690173	11.285632	-0.087086	2.403612
491.223373	1560.319853	11.290637	-0.087108	2.403430
491.385433	1559.893660	11.295642	-0.087137	2.403226
491.253380	1559.735942	11.300647	-0.087113	2.403112
491.298456	1559.174256	11.305651	-0.087121	2.402809
491.280458	1558.975067	11.310656	-0.087118	2.402695
491.142190	1558.658979	11.315661	-0.087093	2.402493
491.204513	1558.387780	11.320666	-0.087104	2.402354
491.236862	1558.011613	11.325671	-0.087110	2.402152
491.245368	1557.653199	11.330675	-0.087111	2.401955
491.144826	1557.507498	11.335680	-0.087093	2.401854
491.032800	1557.095645	11.340685	-0.087073	2.401603
491.048004	1556.984902	11.345690	-0.087075	2.401545
490.947049	1556.805923	11.350695	-0.087057	2.401425
490.942264	1556.505743	11.355699	-0.087056	2.401258
490.960561	1556.494569	11.360704	-0.087060	2.401255
490.965610	1556.011855	11.365709	-0.087060	2.400988
490.899502	1555.908572	11.370714	-0.087048	2.400918
490.929378	1555.794069	11.375719	-0.087054	2.400860
490.980437	1555.331397	11.380723	-0.087063	2.400613
490.954559	1555.327437	11.385728	-0.087058	2.400606
491.010026	1554.956275	11.390733	-0.087068	2.400410
491.155179	1554.689112	11.395738	-0.087094	2.400290
491.051639	1554.463674	11.400743	-0.087075	2.400145
491.078430	1554.159495	11.405747	-0.087080	2.399981
491.342168	1553.768320	11.410752	-0.087127	2.399815
491.167248	1553.539560	11.415757	-0.087096	2.399654
491.393881	1553.103409	11.420762	-0.087136	2.399456
491.353817	1552.797992	11.425767	-0.087129	2.399279
491.465253	1552.321239	11.430771	-0.087149	2.399035
491.360552	1552.041022	11.435776	-0.087130	2.398859
491.295705	1551.850345	11.440781	-0.087118	2.398740
491.416076	1551.307058	11.445786	-0.087140	2.398462
491.368145	1550.945033	11.450791	-0.087131	2.398251
491.270497	1550.793829	11.455795	-0.087114	2.398148
491.447696	1550.163711	11.460800	-0.087145	2.397832
491.331260	1549.897923	11.465805	-0.087124	2.397662
491.333485	1549.632503	11.470810	-0.087124	2.397514
491.251741	1549.118695	11.475815	-0.087110	2.397213
491.196834	1548.984148	11.480819	-0.087100	2.397127
491.146495	1548.555839	11.485824	-0.087091	2.396879
491.317815	1548.379601	11.490829	-0.087121	2.396814
491.323538	1547.946637	11.495834	-0.087122	2.396575
491.312098	1547.570863	11.500839	-0.087120	2.396363
491.188850	1547.454697	11.505843	-0.087098	2.396274
491.122760	1546.935629	11.510848	-0.087086	2.395972
490.963441	1546.934104	11.515853	-0.087058	2.395940
491.105461	1546.547527	11.520858	-0.087083	2.395753
491.023539	1546.366274	11.525863	-0.087068	2.395636
490.902269	1546.228987	11.530867	-0.087046	2.395535
490.870877	1545.843064	11.535872	-0.087041	2.395314
490.745133	1545.865558	11.540877	-0.087018	2.395302
490.830399	1545.848605	11.545882	-0.087033	2.395309
490.861838	1545.292954	11.550887	-0.087039	2.395006
490.946017	1545.270215	11.555891	-0.087054	2.395010
491.028280	1545.103745	11.560896	-0.087069	2.394934
491.025731	1544.645455	11.565901	-0.087068	2.394678
490.960070	1544.683392	11.570906	-0.087056	2.394686
490.924331	1544.198789	11.575911	-0.087050	2.394409
490.874032	1544.180818	11.580915	-0.087041	2.394389
490.818099	1544.187832	11.585920	-0.087031	2.394382
490.833966	1543.674350	11.590925	-0.087033	2.394099
491.034371	1543.547059	11.595930	-0.087069	2.394068
490.817175	1543.573396	11.600935	-0.087030	2.394039
490.757005	1543.244171	11.605939	-0.087019	2.393844
490.790569	1543.236843	11.610944	-0.087025	2.393847
490.762492	1543.256690	11.615949	-0.087020	2.393852
490.834788	1542.995162	11.620954	-0.087033	2.393721
490.769135	1542.631497	11.625959	-0.087021	2.393505
490.809134	1542.621607	11.630963	-0.087028	2.393507
490.643290	1542.671513	11.635968	-0.086999	2.393502
490.743645	1542.288827	11.640973	-0.087017	2.393309
490.812149	1542.067363	11.645978	-0.087029	2.393199
490.891866	1542.031623	11.650983	-0.087043	2.393195
490.874029	1541.836573	11.655987	-0.087040	2.393083
491.063470	1541.401630	11.660992	-0.087074	2.392878
490.960030	1541.422976	11.665997	-0.087055	2.392869
490.895616	1541.002984	11.671002	-0.087043	2.392622
490.874390	1540.896582	11.676007	-0.087040	2.392559
490.904187	1540.894787	11.681011	-0.087045	2.392564
490.799347	1540.344378	11.686016	-0.087026	2.392236
490.684769	1540.385645	11.691021	-0.087005	2.392237
490.843573	1540.326347	11.696026	-0.087034	2.392235
490.855894	1540.127968	11.701031	-0.087036	2.392127
491.050946	1539.701817	11.706035	-0.087071	2.391928
491.159857	1539.560790	11.711040	-0.087090	2.391870
491.108436	1539.119295	11.716045	-0.087081	2.391614
491.101513	1539.068352	11.721050	-0.087080	2.391584
490.978428	1538.641125	11.726055	-0.087057	2.391322
490.991047	1538.640655	11.731059	-0.087060	2.391324
490.906362	1538.277133	11.736064	-0.087044	2.391104
490.832559	1538.105185	11.741069	-0.087031	2.390994
490.881938	1538.095318	11.746074	-0.087040	2.390998
490.960197	1537.649999	11.751079	-0.087054	2.390765
490.887776	1537.529092	11.756083	-0.087041	2.390683
490.847158	1537.547219	11.761088	-0.087033	2.390686
490.872126	1537.042766	11.766093	-0.087038	2.390409
490.795236	1536.996232	11.771098	-0.087024	2.390368
490.945753	1536.934544	11.776103	-0.087051	2.390363
490.850950	1536.537274	11.781107	-0.087034	2.390123
490.825363	1536.427222	11.786112	-0.087029	2.390056
490.809562	1536.439627	11.791117	-0.087026	2.390060
490.804332	1536.151671	11.796122	-0.087025	2.389898
490.744245	1535.859407	11.801127	-0.087015	2.389723
490.887977	1535.831460	11.806131	-0.087040	2.389736
490.992436	1535.584658	11.811136	-0.087059	2.389619
490.922283	1535.261869	11.816141	-0.087046	2.389425
490.858527	1535.303589	11.821146	-0.087035	2.389436
490.846273	1535.000576	11.826151	-0.087032	2.389264
490.865577	1534.719120	11.831155	-0.087036	2.389111
490.856266	1534.729220	11.836160	-0.087034	2.389115
490.955672	1534.455732	11.841165	-0.087052	2.388982
490.916618	1534.265488	11.846170	-0.087045	2.388868
490.937864	1534.248527	11.851175	-0.087049	2.388862
490.949812	1533.725576	11.856179	-0.087051	2.388573
490.943511	1533.644000	11.861184	-0.087049	2.388526
490.991786	1533.419743	11.866189	-0.087058	2.388410
490.778454	1533.144567	11.871194	-0.087020	2.388214
490.885215	1533.113772	11.876199	-0.087039	2.388218
490.884881	1532.920206	11.881203	-0.087039	2.388110
490.853705	1532.537685	11.886208	-0.087033	2.387890
490.728218	1532.581725	11.891213	-0.087010	2.387890
490.802309	1532.559162	11.896218	-0.087024	2.387892
490.913743	1532.086114	11.901223	-0.087044	2.387650
490.854772	1531.992504	11.906227	-0.087033	2.387586
490.807609	1532.012395	11.911232	-0.087024	2.387588
490.773614	1531.606924	11.916237	-0.087018	2.387354
490.718123	1531.449766	11.921242	-0.087008	2.387256
490.869950	1531.387045	11.926247	-0.087035	2.387251
490.724722	1531.431383	11.931251	-0.087009	2.387246
490.696914	1530.911431	11.936256	-0.087004	2.386950
490.598112	1530.928962	11.941261	-0.086987	2.386941
490.745993	1530.894469	11.946266	-0.087013	2.386951
490.989078	1530.792943	11.951271	-0.087056	2.386942
490.830369	1530.309997	11.956275	-0.087028	2.386641
490.965344	1530.248502	11.961280	-0.087052	2.386633
491.069689	1530.008424	11.966285	-0.087071	2.386520
490.974038	1529.731185	11.971290	-0.087053	2.386346
490.829300	1529.777035	11.976295	-0.087027	2.386343
490.788882	1529.431892	11.981299	-0.087020	2.386142
490.803092	1529.183329	11.986304	-0.087023	2.386006
490.888970	1529.150150	11.991309	-0.087038	2.386004
490.936770	1528.824316	11.996314	-0.087046	2.385831
490.827387	1528.610979	12.001319	-0.087027	2.385690
490.909810	1528.604443	12.006323	-0.087041	2.385703
490.707842	1528.376491	12.011328	-0.087005	2.385536
490.590950	1528.138762	12.016333	-0.086984	2.385380
490.642944	1528.134083	12.021338	-0.086994	2.385387
490.593938	1528.138710	12.026343	-0.086985	2.385380
490.636383	1528.140770	12.031347	-0.086992	2.385389
490.811928	1527.926077	12.036352	-0.087024	2.385304
490.668626	1527.557843	12.041357	-0.086998	2.385070
490.731093	1527.547769	12.046362	-0.087009	2.385077
490.758658	1527.539747	12.051367	-0.087014	2.385078
490.851160	1527.312654	12.056371	-0.087030	2.384969
490.834865	1526.940454	12.061376	-0.087027	2.384758
490.673992	1526.977525	12.066381	-0.086999	2.384746
490.906585	1526.906796	12.071386	-0.087040	2.384753
490.745172	1526.469431	12.076391	-0.087011	2.384476
490.530985	1526.481038	12.081395	-0.086973	2.384440
490.534432	1526.493858	12.086400	-0.086973	2.384448
490.354958	1526.539769	12.091405	-0.086941	2.384438
490.573413	1526.490244	12.096410	-0.086980	2.384454
490.622811	1526.453257	12.101415	-0.086989	2.384443
490.595774	1526.468241	12.106419	-0.086984	2.384446
490.612151	1526.006649	12.111424	-0.086987	2.384191
490.633789	1525.898006	12.116429	-0.086991	2.384134
490.533165	1525.946643	12.121434	-0.086973	2.384141
490.582558	1525.917195	12.126439	-0.086982	2.384135
490.696143	1525.876411	12.131443	-0.087002	2.384134
490.652045	1525.879864	12.136448	-0.086994	2.384128
490.513487	1525.510999	12.141453	-0.086969	2.383894
490.489496	1525.537183	12.146458	-0.086965	2.383904
490.627253	1525.474979	12.151463	-0.086989	2.383896
490.597987	1525.480985	12.156467	-0.086984	2.383894
490.494744	1525.532784	12.161472	-0.086966	2.383902
490.629937	1525.472328	12.166477	-0.086990	2.383895
490.431947	1525.559986	12.171482	-0.086954	2.383905
490.493398	1525.521515	12.176487	-0.086965	2.383895
490.608714	1525.032728	12.181491	-0.086986	2.383645
490.515120	1524.932355	12.186496	-0.086969	2.383570
490.395801	1524.968091	12.191501	-0.086947	2.383566
490.437114	1524.952397	12.196506	-0.086955	2.383566
490.386194	1524.964694	12.201511	-0.086946	2.383562
490.506923	1524.923046	12.206515	-0.086967	2.383563
490.436087	1524.952458	12.211520	-0.086955	2.383565
490.598008	1524.881399	12.216525	-0.086983	2.383558
490.497654	1524.933567	12.221530	-0.086965	2.383567
490.365413	1524.966634	12.226535	-0.086942	2.383559
490.480677	1524.941437	12.231539	-0.086962	2.383568
490.449923	1524.970019	12.236544	-0.086957	2.383578
490.397564	1524.856689	12.241549	-0.086947	2.383504
490.516361	1524.381249	12.246554	-0.086969	2.383261
490.500469	1524.366884	12.251559	-0.086966	2.383250
490.609304	1524.333920	12.256563	-0.086985	2.383253
490.548672	1524.353293	12.261568	-0.086974	2.383252
490.633622	1524.320715	12.266573	-0.086989	2.383251
490.773814	1524.286667	12.271578	-0.087014	2.383259
490.562322	1523.874653	12.276583	-0.086976	2.382987
490.604351	1523.771656	12.281587	-0.086984	2.382937
490.502432	1523.800943	12.286592	-0.086966	2.382934
490.657810	1523.728578	12.291597	-0.086993	2.382924
490.782013	1523.709129	12.296602	-0.087016	2.382938
490.674553	1523.631017	12.301607	-0.086996	2.382873
490.441698	1523.278836	12.306611	-0.086954	2.382629
490.514043	1523.257983	12.311616	-0.086967	2.382632
490.626385	1523.200337	12.316621	-0.086987	2.382622
490.704511	1523.177990	12.321626	-0.087001	2.382625
490.603143	1523.200109	12.326631	-0.086983	2.382617
490.414702	1523.278243	12.331635	-0.086949	2.382623
490.432557	1523.276174	12.336640	-0.086953	2.382626
490.348255	1523.300046	12.341645	-0.086937	2.382622
490.440672	1523.272906	12.346650	-0.086954	2.382625
490.256496	1523.336693	12.351655	-0.086921	2.382624
490.449438	1523.274985	12.356659	-0.086955	2.382628
490.477400	1522.856489	12.361664	-0.086960	2.382399
490.701891	1522.598092	12.366669	-0.087000	2.382299
490.859755	1522.558316	12.371674	-0.087029	2.382308
490.698764	1522.607740	12.376679	-0.087000	2.382304
490.641123	1522.405712	12.381683	-0.086989	2.382179
490.503969	1522.134033	12.386688	-0.086965	2.382000
490.552162	1522.105018	12.391693	-0.086973	2.381993
490.416256	1522.154464	12.396698	-0.086949	2.381994
490.419499	1522.148657	12.401703	-0.086950	2.381991
490.405284	1522.153509	12.406707	-0.086947	2.381991
490.411840	1522.166327	12.411712	-0.086948	2.382000
490.422775	1522.155837	12.416717	-0.086950	2.381996
490.606830	1522.093651	12.421722	-0.086983	2.381998
490.510918	1522.111051	12.426727	-0.086966	2.381988
490.485146	1522.110803	12.431731	-0.086961	2.381983
490.465730	1522.144553	12.436736	-0.086958	2.381998
490.455474	1521.946650	12.441741	-0.086956	2.381885
490.542967	1521.553435	12.446746	-0.086971	2.381682
490.818018	1521.436634	12.451751	-0.087020	2.381672
490.801445	1521.460449	12.456755	-0.087017	2.381681
490.602867	1521.532425	12.461760	-0.086982	2.381682
490.583631	1521.387090	12.466765	-0.086978	2.381597
490.611352	1521.000360	12.471770	-0.086983	2.381386
490.619120	1520.996293	12.476775	-0.086984	2.381385
490.499584	1521.030731	12.481779	-0.086963	2.381381
490.623746	1520.992033	12.486784	-0.086985	2.381384
490.424621	1521.065878	12.491789	-0.086950	2.381385
490.520158	1521.020893	12.496794	-0.086967	2.381379
490.515869	1521.023895	12.501799	-0.086966	2.381380
490.528265	1520.874320	12.506803	-0.086968	2.381299
490.510163	1520.433654	12.511808	-0.086965	2.381048
490.691596	1520.377129	12.516813	-0.086997	2.381053
490.653875	1520.386425	12.521818	-0.086990	2.381050
490.663827	1520.378517	12.526823	-0.086992	2.381048
490.538277	1520.433770	12.531827	-0.086969	2.381054
490.339368	1520.510886	12.536832	-0.086934	2.381057
490.621776	1520.245953	12.541837	-0.086984	2.380965
490.549312	1519.873987	12.546842	-0.086971	2.380742
490.653472	1519.819808	12.551847	-0.086990	2.380733
490.783244	1519.791099	12.556851	-0.087013	2.380742
490.709459	1519.826859	12.561856	-0.087000	2.380748
490.615158	1519.645801	12.566861	-0.086983	2.380627
490.499522	1519.329076	12.571866	-0.086962	2.380427
490.629371	1519.268564	12.576871	-0.086985	2.380419
490.424086	1519.337915	12.581875	-0.086948	2.380417
490.322209	1519.385042	12.586880	-0.086930	2.380423
490.359815	1519.367315	12.591885	-0.086937	2.380420
490.342706	1519.378770	12.596890	-0.086934	2.380423
490.598234	1519.263601	12.601895	-0.086979	2.380410
490.621213	1519.263330	12.606899	-0.086984	2.380414
490.588888	1519.276844	12.611904	-0.086978	2.380415
490.570281	1519.089564	12.616909	-0.086974	2.380306
490.548893	1518.746948	12.621914	-0.086970	2.380110
490.425746	1518.798283	12.626919	-0.086948	2.380114
490.572105	1518.755874	12.631923	-0.086974	2.380120
490.562413	1518.765810	12.636928	-0.086973	2.380123
490.483793	1518.774862	12.641933	-0.086959	2.380113
490.520791	1518.769612	12.646938	-0.086965	2.380117
490.526434	1518.762678	12.651943	-0.086966	2.380114
490.619131	1518.725111	12.656947	-0.086983	2.380112
490.558964	1518.392392	12.661952	-0.086972	2.379913
490.628040	1518.133060	12.666957	-0.086984	2.379782
490.611404	1518.169144	12.671962	-0.086981	2.379798
490.621743	1518.152741	12.676967	-0.086983	2.379791
490.700478	1518.117623	12.681971	-0.086997	2.379787
490.489395	1518.212444	12.686976	-0.086959	2.379798
490.581745	1517.735626	12.691981	-0.086976	2.379549
490.554470	1517.623651	12.696986	-0.086971	2.379481
490.589178	1517.617261	12.701991	-0.086977	2.379485
490.620620	1517.601724	12.706995	-0.086982	2.379482
490.472695	1517.682754	12.712000	-0.086956	2.379498
490.650160	1517.607841	12.717005	-0.086988	2.379491
490.636076	1517.582282	12.722010	-0.086985	2.379474
490.606250	1517.062834	12.727015	-0.086980	2.379177
490.494289	1517.103514	12.732019	-0.086959	2.379177
490.571114	1517.070746	12.737024	-0.086973	2.379174
490.648756	1517.039080	12.742029	-0.086987	2.379172
490.621811	1517.078261	12.747034	-0.086982	2.379189
490.798152	1516.895946	12.752039	-0.087014	2.379121
490.776826	1516.543175	12.757043	-0.087010	2.378919
490.673198	1516.598444	12.762048	-0.086991	2.378930
490.735835	1516.579349	12.767053	-0.087002	2.378931
490.782900	1516.292835	12.772058	-0.087011	2.378780
490.803330	1515.961212	12.777063	-0.087014	2.378598
490.828395	1515.940977	12.782067	-0.087019	2.378592
490.680267	1516.000910	12.787072	-0.086992	2.378596
490.811137	1515.571612	12.792077	-0.087015	2.378381
490.820451	1515.384328	12.797082	-0.087017	2.378278
490.881610	1515.372995	12.802087	-0.087028	2.378284
490.764092	1515.173406	12.807091	-0.087007	2.378149
490.607197	1514.902066	12.812096	-0.086979	2.377965
490.676455	1514.850825	12.817101	-0.086991	2.377950
490.584823	1514.907677	12.822106	-0.086975	2.377964
490.471558	1514.942979	12.827111	-0.086954	2.377961
490.536812	1514.923785	12.832115	-0.086966	2.377963
490.652929	1514.772100	12.837120	-0.086987	2.377901
490.631765	1514.342348	12.842125	-0.086983	2.377656
490.590002	1514.360607	12.847130	-0.086975	2.377658
490.795830	1514.277842	12.852135	-0.087012	2.377652
490.953079	1514.103486	12.857139	-0.087040	2.377586
490.767085	1513.724265	12.862144	-0.087007	2.377336
490.508960	1513.792934	12.867149	-0.086961	2.377323
490.545128	1513.804109	12.872154	-0.086967	2.377337
490.490396	1513.809161	12.877159	-0.086957	2.377328
490.720220	1513.721489	12.882163	-0.086998	2.377325
490.559762	1513.710933	12.887168	-0.086969	2.377287
490.504370	1513.257553	12.892173	-0.086959	2.377022
490.488735	1513.265697	12.897178	-0.086957	2.377023
490.491156	1513.264922	12.902183	-0.086957	2.377023
490.422941	1513.289794	12.907187	-0.086945	2.377023
490.303226	1513.346041	12.912192	-0.086923	2.377031
490.417743	1513.297377	12.917197	-0.086944	2.377027
490.576323	1513.247533	12.922202	-0.086972	2.377030
490.455539	1513.271597	12.927207	-0.086950	2.377020
490.433735	1513.289446	12.932211	-0.086946	2.377025
490.516443	1513.266554	12.937216	-0.086961	2.377029
490.625342	1513.219607	12.942221	-0.086981	2.377024
490.520152	1512.858546	12.947226	-0.086962	2.376801
490.499128	1512.696910	12.952231	-0.086958	2.376706
490.666989	1512.630966	12.957235	-0.086988	2.376702
490.781275	1512.601584	12.962240	-0.087008	2.376708
490.823686	1512.574360	12.967245	-0.087016	2.376701
490.823808	1512.197366	12.972250	-0.087016	2.376490
490.830350	1512.074093	12.977255	-0.087017	2.376422
490.925946	1512.024081	12.982259	-0.087034	2.376413
490.891718	1511.639861	12.987264	-0.087028	2.376191
490.751540	1511.480816	12.992269	-0.087003	2.376073
490.674966	1511.528691	12.997274	-0.086989	2.376085
490.552919	1511.565457	13.002279	-0.086967	2.376081
490.634840	1511.341708	13.007283	-0.086982	2.375972
490.734815	1510.956617	13.012288	-0.086999	2.375776
490.604101	1510.989789	13.017293	-0.086976	2.375768
490.667825	1510.975858	13.022298	-0.086987	2.375773
490.723327	1510.943708	13.027303	-0.086997	2.375766
490.633204	1510.637586	13.032307	-0.086981	2.375576
490.807487	1510.355475	13.037312	-0.087012	2.375452
490.635962	1510.419837	13.042317	-0.086981	2.375454
490.705858	1510.391474	13.047322	-0.086994	2.375452
490.565695	1510.444972	13.052327	-0.086969	2.375454
490.798200	1509.956415	13.057331	-0.087010	2.375226
490.776059	1509.832274	13.062336	-0.087006	2.375152
490.703718	1509.830253	13.067341	-0.086993	2.375137
490.774528	1509.820752	13.072346	-0.087006	2.375145
490.692859	1509.277873	13.077351	-0.086991	2.374824
490.655630	1509.285626	13.082355	-0.086984	2.374821
490.668455	1509.302007	13.087360	-0.086987	2.374833
490.769238	1509.242649	13.092365	-0.087005	2.374820
490.662109	1509.002206	13.097370	-0.086985	2.374663
490.513075	1508.797523	13.102375	-0.086959	2.374519
490.451625	1508.817775	13.107379	-0.086948	2.374518
490.552651	1508.799477	13.112384	-0.086966	2.374527
490.696633	1508.725883	13.117389	-0.086991	2.374515
490.756319	1508.715880	13.122394	-0.087002	2.374521
490.453561	1508.822153	13.127399	-0.086948	2.374520
490.611280	1508.288324	13.132403	-0.086976	2.374252
490.495821	1508.262165	13.137408	-0.086955	2.374214
490.539607	1508.219172	13.142413	-0.086963	2.374199
490.624980	1508.204487	13.147418	-0.086978	2.374207
490.602042	1508.206608	13.152423	-0.086974	2.374204
490.792046	1508.137787	13.157427	-0.087008	2.374203
490.673516	1507.824477	13.162432	-0.086987	2.374004
490.624044	1507.794891	13.167437	-0.086978	2.373977
490.807878	1507.736044	13.172442	-0.087011	2.373981
490.684132	1507.786217	13.177447	-0.086988	2.373984
490.584765	1507.597314	13.182451	-0.086971	2.373858
490.606383	1507.203964	13.187456	-0.086974	2.373641
490.544989	1507.222810	13.192461	-0.086963	2.373640
490.513475	1507.245766	13.197466	-0.086958	2.373646
490.427204	1507.278176	13.202471	-0.086942	2.373647
490.497318	1507.250844	13.207475	-0.086955	2.373646
490.566440	1507.237759	13.212480	-0.086967	2.373652
490.637659	1507.188358	13.217485	-0.086980	2.373639
490.687292	1506.894296	13.222490	-0.086989	2.373483
490.506030	1506.689809	13.227495	-0.086956	2.373332
490.467662	1506.687413	13.232499	-0.086949	2.373323
490.461884	1506.714838	13.237504	-0.086948	2.373337
490.420362	1506.701614	13.242509	-0.086941	2.373322
490.613356	1506.644506	13.247514	-0.086975	2.373328
490.550483	1506.671658	13.252519	-0.086964	2.373331
490.692439	1506.610181	13.257523	-0.086989	2.373324
490.706711	1506.272873	13.262528	-0.086992	2.373138
490.491882	1506.110363	13.267533	-0.086953	2.373003
490.359611	1506.186351	13.272538	-0.086929	2.373020
490.352560	1506.161437	13.277543	-0.086928	2.373004
490.277080	1506.204461	13.282547	-0.086915	2.373013
490.230078	1506.228196	13.287552	-0.086906	2.373017
490.298233	1506.193780	13.292557	-0.086918	2.373011
490.352307	1506.177148	13.297562	-0.086928	2.373013
490.438455	1506.147172	13.302567	-0.086943	2.373013
490.678755	1506.052132	13.307571	-0.086986	2.373008
490.616207	1506.081948	13.312576	-0.086975	2.373012
490.389921	1506.162176	13.317581	-0.086934	2.373012
490.497399	1506.119618	13.322586	-0.086954	2.373009
490.625922	1506.084029	13.327591	-0.086977	2.373015
490.680406	1505.792482	13.332595	-0.086986	2.372862
490.558286	1505.544828	13.337600	-0.086964	2.372698
490.421239	1505.588342	13.342605	-0.086940	2.372695
490.500883	1505.579289	13.347610	-0.086954	2.372706
490.567670	1505.552304	13.352615	-0.086966	2.372704
490.735421	1505.488047	13.357619	-0.086996	2.372702
490.851368	1505.266359	13.362624	-0.087016	2.372600
490.802647	1504.864045	13.367629	-0.087008	2.372364
490.836198	1504.874426	13.372634	-0.087014	2.372377
490.640562	1504.949599	13.377639	-0.086979	2.372380
490.706992	1504.652489	13.382643	-0.086990	2.372226
490.596577	1504.432693	13.387648	-0.086971	2.372080
490.851729	1504.309873	13.392653	-0.087016	2.372062
490.818691	1504.327811	13.397658	-0.087010	2.372066
490.681430	1504.131460	13.402663	-0.086986	2.371928
490.718665	1503.787574	13.407667	-0.086992	2.371742
490.708144	1503.811948	13.412672	-0.086990	2.371754
490.823765	1503.745666	13.417677	-0.087011	2.371739
490.725307	1503.504738	13.422682	-0.086993	2.371584
490.614163	1503.312762	13.427687	-0.086973	2.371454
490.496791	1503.372616	13.432691	-0.086952	2.371464
490.495455	1503.363736	13.437696	-0.086952	2.371459
490.567633	1503.346771	13.442701	-0.086965	2.371464
490.722516	1503.281529	13.447706	-0.086992	2.371458
490.711983	1503.011324	13.452711	-0.086991	2.371304
490.341707	1502.817659	13.457715	-0.086924	2.371121
490.371113	1502.828389	13.462720	-0.086929	2.371133
490.378231	1502.817615	13.467725	-0.086931	2.371128
490.451066	1502.797084	13.472730	-0.086944	2.371131
490.250366	1502.861573	13.477735	-0.086908	2.371127
490.378517	1502.812217	13.482739	-0.086931	2.371125
490.432485	1502.790619	13.487744	-0.086940	2.371124
490.306776	1502.839832	13.492749	-0.086918	2.371126
490.252139	1502.865447	13.497754	-0.086908	2.371129
490.193305	1502.887001	13.502759	-0.086897	2.371130
490.298989	1502.837859	13.507763	-0.086916	2.371123
490.442888	1502.804836	13.512768	-0.086942	2.371133
490.470249	1502.776873	13.517773	-0.086947	2.371123
490.365807	1502.827687	13.522778	-0.086928	2.371131
490.378051	1502.815369	13.527783	-0.086930	2.371126
490.357448	1502.832217	13.532787	-0.086926	2.371131
490.375142	1502.825735	13.537792	-0.086929	2.371131
490.299351	1502.845266	13.542797	-0.086916	2.371127
490.504848	1502.766750	13.547802	-0.086953	2.371124
490.489764	1502.766922	13.552807	-0.086950	2.371121
490.542642	1502.743768	13.557811	-0.086959	2.371119
490.460399	1502.788358	13.562816	-0.086945	2.371127
490.373536	1502.809327	13.567821	-0.086929	2.371121
490.574490	1502.755745	13.572826	-0.086965	2.371131
490.460785	1502.795139	13.577831	-0.086944	2.371131
490.453501	1502.791705	13.582835	-0.086943	2.371127
490.422378	1502.801466	13.587840	-0.086938	2.371127
490.586966	1502.426300	13.592845	-0.086967	2.370949
490.596377	1502.177378	13.597850	-0.086968	2.370810
490.475306	1502.223278	13.602855	-0.086947	2.370812
490.454806	1502.247861	13.607859	-0.086943	2.370822
490.367347	1502.264880	13.612864	-0.086927	2.370814
490.458077	1502.231879	13.617869	-0.086944	2.370813
490.407256	1502.259746	13.622874	-0.086934	2.370819
490.427459	1502.252649	13.627879	-0.086938	2.370819
490.378334	1502.270475	13.632883	-0.086929	2.370819
490.390296	1502.272692	13.637888	-0.086931	2.370822
490.377356	1502.248231	13.642893	-0.086929	2.370806
490.310863	1502.306374	13.647898	-0.086917	2.370825
490.432914	1502.245306	13.652903	-0.086939	2.370815
490.595541	1502.177863	13.657907	-0.086968	2.370810
490.549239	1502.136951	13.662912	-0.086959	2.370778
490.460974	1501.669926	13.667917	-0.086944	2.370497
490.508068	1501.651881	13.672922	-0.086952	2.370496
490.380021	1501.692492	13.677927	-0.086929	2.370494
490.402024	1501.684200	13.682931	-0.086933	2.370493
490.448886	1501.686775	13.687936	-0.086941	2.370504
490.379750	1501.703112	13.692941	-0.086929	2.370499
490.413802	1501.699140	13.697946	-0.086935	2.370504
490.251065	1501.750418	13.702951	-0.086906	2.370500
490.246129	1501.742267	13.707955	-0.086905	2.370495
490.278922	1501.745959	13.712960	-0.086911	2.370503
490.337368	1501.714997	13.717965	-0.086921	2.370497
490.154014	1501.771384	13.722970	-0.086888	2.370492
490.091656	1501.921028	13.727975	-0.086877	2.370564
490.232812	1502.301148	13.732979	-0.086902	2.370806
490.257908	1502.314517	13.737984	-0.086907	2.370818
490.289299	1502.294561	13.742989	-0.086912	2.370813
490.237230	1502.312601	13.747994	-0.086903	2.370813
490.433390	1502.250725	13.752999	-0.086938	2.370818
490.359130	1502.264440	13.758003	-0.086925	2.370810
490.192076	1502.328075	13.763008	-0.086895	2.370813
490.315375	1502.276279	13.768013	-0.086917	2.370808
490.566403	1502.202670	13.773018	-0.086962	2.370817
490.569039	1502.205704	13.778023	-0.086962	2.370819
490.513141	1501.929220	13.783027	-0.086952	2.370652
490.460009	1501.673421	13.788032	-0.086942	2.370498
490.461126	1501.666726	13.793037	-0.086943	2.370494
490.567080	1501.621096	13.798042	-0.086961	2.370490
490.355134	1501.702357	13.803047	-0.086924	2.370493
490.382804	1501.700098	13.808051	-0.086928	2.370497
490.464912	1501.676545	13.813056	-0.086943	2.370500
490.324868	1501.716702	13.818061	-0.086918	2.370495
490.236247	1501.757451	13.823066	-0.086902	2.370500
490.264201	1501.740105	13.828071	-0.086907	2.370496
490.281687	1501.718709	13.833075	-0.086910	2.370487
490.497531	1501.660378	13.838080	-0.086949	2.370498
490.514257	1501.634257	13.843085	-0.086952	2.370486
490.293423	1501.715347	13.848090	-0.086912	2.370488
489.999062	1501.822577	13.853095	-0.086859	2.370489
489.916441	1501.860360	13.858099	-0.086845	2.370494
490.093935	1502.367163	13.863104	-0.086876	2.370814
490.011377	1502.393821	13.868109	-0.086862	2.370813
490.053558	1502.384463	13.873114	-0.086869	2.370816
490.247217	1502.312651	13.878119	-0.086904	2.370814
490.150425	1502.340761	13.883123	-0.086886	2.370810
490.187970	1502.331385	13.888128	-0.086893	2.370813
490.133108	1502.367350	13.893133	-0.086883	2.370822
490.260850	1502.668173	13.898138	-0.086906	2.371016
490.275786	1502.861991	13.903143	-0.086909	2.371128
490.212877	1502.862508	13.908147	-0.086897	2.371116
490.278176	1502.857703	13.913152	-0.086909	2.371126
490.422031	1502.809704	13.918157	-0.086935	2.371128
490.283460	1502.848777	13.923162	-0.086910	2.371122
490.317405	1502.841237	13.928167	-0.086916	2.371125
490.366569	1502.827732	13.933171	-0.086925	2.371127
490.314339	1502.841942	13.938176	-0.086915	2.371124
490.298107	1502.845854	13.943181	-0.086912	2.371123
490.271778	1502.862516	13.948186	-0.086907	2.371127
490.212396	1502.888985	13.953191	-0.086897	2.371130
490.229169	1502.873391	13.958195	-0.086900	2.371125
490.301183	1502.858704	13.963200	-0.086913	2.371131
490.230905	1502.869057	13.968205	-0.086900	2.371123
490.262347	1502.854079	13.973210	-0.086906	2.371121
490.345767	1502.826731	13.978215	-0.086920	2.371122
490.383854	1502.822161	13.983219	-0.086927	2.371127
490.360739	1502.843511	13.988224	-0.086923	2.371134
490.254241	1502.871182	13.993229	-0.086904	2.371128
490.253880	1502.870840	13.998234	-0.086904	2.371128
490.227340	1502.877305	14.003239	-0.086899	2.371126
490.159685	1502.881453	14.008243	-0.086887	2.371115
490.362055	1502.829865	14.013248	-0.086923	2.371126
490.315879	1502.842756	14.018253	-0.086915	2.371124
490.289012	1502.847672	14.023258	-0.086910	2.371122
490.309601	1502.834609	14.028263	-0.086914	2.371119
490.355058	1502.819368	14.033267	-0.086922	2.371119
490.399083	1502.823513	14.038272	-0.086929	2.371130
490.327487	1502.849327	14.043277	-0.086917	2.371130
490.151925	1502.914041	14.048282	-0.086885	2.371131
490.201765	1503.337277	14.053287	-0.086894	2.371379
490.092383	1503.511456	14.058291	-0.086875	2.371455
490.239336	1503.477074	14.063296	-0.086901	2.371465
490.144353	1503.491487	14.068301	-0.086884	2.371454
490.214737	1503.467108	14.073306	-0.086896	2.371455
490.101125	1503.529790	14.078311	-0.086876	2.371467
490.038378	1503.533577	14.083315	-0.086865	2.371457
490.216424	1503.486200	14.088320	-0.086896	2.371466
490.167402	1503.591448	14.093325	-0.086888	2.371515
490.091754	1504.029094	14.098330	-0.086874	2.371746
490.290693	1503.971795	14.103335	-0.086910	2.371753
490.249165	1503.966093	14.108339	-0.086902	2.371742
490.328371	1503.958573	14.113344	-0.086916	2.371753
490.282090	1503.965945	14.118349	-0.086908	2.371748
490.288174	1503.952483	14.123354	-0.086909	2.371742
490.210784	1503.995626	14.128359	-0.086895	2.371751
490.353508	1503.927764	14.133363	-0.086921	2.371741
490.232697	1503.990784	14.138368	-0.086899	2.371752
490.142829	1504.021147	14.143373	-0.086883	2.371751
490.185622	1503.993803	14.148378	-0.086891	2.371744
490.156286	1504.022643	14.153383	-0.086885	2.371755
490.152768	1504.013704	14.158387	-0.086885	2.371749
490.338570	1503.948579	14.163392	-0.086918	2.371749
490.321461	1503.959466	14.168397	-0.086915	2.371752
490.273828	1504.339152	14.173402	-0.086906	2.371956
490.424452	1504.359293	14.178407	-0.086933	2.371997
490.271073	1504.129527	14.183411	-0.086906	2.371837
490.315969	1504.525494	14.188416	-0.086914	2.372069
490.376821	1504.486454	14.193421	-0.086924	2.372059
490.388781	1504.490619	14.198426	-0.086926	2.372064
490.254439	1504.253246	14.203431	-0.086902	2.371903
490.189625	1504.561299	14.208435	-0.086891	2.372064
490.425874	1504.487966	14.213440	-0.086933	2.372069
490.407741	1504.481444	14.218445	-0.086930	2.372062
490.419122	1504.457488	14.223450	-0.086932	2.372051
490.405081	1504.057113	14.228455	-0.086929	2.371823
490.288187	1503.978508	14.233459	-0.086908	2.371755
490.241399	1504.320682	14.238464	-0.086900	2.371938
490.234926	1504.561068	14.243469	-0.086899	2.372072
490.380589	1504.500770	14.248474	-0.086925	2.372067
490.467229	1504.468671	14.253479	-0.086940	2.372067
490.445609	1504.146799	14.258483	-0.086936	2.371881
490.430303	1503.918230	14.263488	-0.086933	2.371750
490.397655	1503.925477	14.268493	-0.086927	2.371747
490.332940	1503.935236	14.273498	-0.086916	2.371740
490.388301	1503.948965	14.278503	-0.086926	2.371758
490.285458	1503.975054	14.283507	-0.086907	2.371752
490.362278	1503.948944	14.288512	-0.086921	2.371753
490.368638	1503.929829	14.293517	-0.086922	2.371744
490.295902	1503.946883	14.298522	-0.086909	2.371739
490.404574	1503.913339	14.303527	-0.086928	2.371741
490.248168	1503.957356	14.308531	-0.086900	2.371735
490.184676	1504.011387	14.313536	-0.086889	2.371752
490.402743	1504.049201	14.318541	-0.086928	2.371817
490.340616	1503.945298	14.323546	-0.086917	2.371746
490.371775	1504.024001	14.328551	-0.086922	2.371797
490.169418	1504.273737	14.333555	-0.086886	2.371897
490.132350	1504.596366	14.338560	-0.086879	2.372071
490.205578	1504.559592	14.343565	-0.086892	2.372064
490.347861	1504.498830	14.348570	-0.086918	2.372059
490.382503	1504.508820	14.353575	-0.086924	2.372071
490.246501	1504.538082	14.358579	-0.086900	2.372060
490.265122	1504.532659	14.363584	-0.086903	2.372061
490.260117	1504.545076	14.368589	-0.086902	2.372067
490.300231	1504.529237	14.373594	-0.086909	2.372066
490.290262	1504.544530	14.378599	-0.086907	2.372073
490.411168	1504.484145	14.383603	-0.086929	2.372063
490.488578	1504.471435	14.388608	-0.086943	2.372071
490.500823	1504.459391	14.393613	-0.086945	2.372067
490.419686	1504.480817	14.398618	-0.086930	2.372062
490.683659	1504.375968	14.403623	-0.086977	2.372056
490.647313	1503.823290	14.408627	-0.086971	2.371738
490.549459	1503.888703	14.413632	-0.086953	2.371755
490.582709	1503.861697	14.418637	-0.086959	2.371747
490.379221	1503.934667	14.423642	-0.086923	2.371747
490.305834	1503.947231	14.428647	-0.086910	2.371739
490.299963	1503.952180	14.433651	-0.086909	2.371741
490.312294	1503.972318	14.438656	-0.086911	2.371755
490.175528	1504.003800	14.443661	-0.086886	2.371745
490.189893	1504.001278	14.448666	-0.086889	2.371746
490.307506	1503.970387	14.453671	-0.086910	2.371753
490.187153	1504.002422	14.458675	-0.086888	2.371746
490.284854	1503.983607	14.463680	-0.086906	2.371755
490.100780	1504.289879	14.468685	-0.086873	2.371891
490.169474	1504.576859	14.473690	-0.086885	2.372066
490.072780	1504.621311	14.478695	-0.086868	2.372071
490.377005	1504.505210	14.483699	-0.086922	2.372067
490.326733	1504.526774	14.488704	-0.086913	2.372069
490.153306	1504.580725	14.493709	-0.086882	2.372064
490.235640	1504.545158	14.498714	-0.086897	2.372061
490.410896	1504.511278	14.503719	-0.086928	2.372077
490.395873	1504.501151	14.508723	-0.086925	2.372068
490.330104	1504.537110	14.513728	-0.086913	2.372075
490.315196	1504.519721	14.518733	-0.086911	2.372062
490.359187	1504.495283	14.523738	-0.086918	2.372057
490.387071	1504.498509	14.528743	-0.086923	2.372065
490.454624	1504.468752	14.533747	-0.086935	2.372061
490.609499	1504.413511	14.538752	-0.086963	2.372061
490.458865	1504.469637	14.543757	-0.086936	2.372063
490.450273	1504.464721	14.548762	-0.086934	2.372058
490.547971	1504.216797	14.553767	-0.086952	2.371938
490.518019	1503.877354	14.558771	-0.086946	2.371741
490.473514	1503.917973	14.563776	-0.086938	2.371755
490.343015	1503.955558	14.568781	-0.086915	2.371750
490.215349	1503.996856	14.573786	-0.086892	2.371748
490.146639	1504.026918	14.578791	-0.086880	2.371751
490.420368	1503.929151	14.583795	-0.086929	2.371751
490.473401	1503.920382	14.588800	-0.086938	2.371756
490.393189	1503.944535	14.593805	-0.086924	2.371754
490.371396	1503.946813	14.598810	-0.086920	2.371751
490.439152	1503.937254	14.603815	-0.086932	2.371759
490.309315	1503.963774	14.608819	-0.086909	2.371748
490.394152	1503.936481	14.613824	-0.086924	2.371749
490.410532	1503.938519	14.618829	-0.086927	2.371754
490.408649	1503.931498	14.623834	-0.086926	2.371749
490.400753	1503.945497	14.628839	-0.086925	2.371756
490.606096	1503.854544	14.633843	-0.086962	2.371745
490.690265	1503.846926	14.638848	-0.086977	2.371758
490.650451	1503.729819	14.643853	-0.086969	2.371684
490.524204	1503.379385	14.648858	-0.086947	2.371462
490.634780	1503.351549	14.653863	-0.086966	2.371468
490.625156	1503.341727	14.658867	-0.086965	2.371461
490.524652	1503.375039	14.663872	-0.086947	2.371459
490.794888	1503.282397	14.668877	-0.086995	2.371461
490.685488	1502.936561	14.673882	-0.086975	2.371245
490.467844	1502.823566	14.678887	-0.086936	2.371138
490.663046	1502.728166	14.683891	-0.086971	2.371123
490.611946	1502.765016	14.688896	-0.086962	2.371133
490.601005	1502.766492	14.693901	-0.086960	2.371132
490.559301	1502.778070	14.698906	-0.086952	2.371130
490.567790	1502.757093	14.703911	-0.086954	2.371120
490.643131	1502.195195	14.708915	-0.086967	2.370819
490.642818	1502.204829	14.713920	-0.086967	2.370824
490.774733	1502.153578	14.718925	-0.086991	2.370822
490.810866	1502.137210	14.723930	-0.086997	2.370820
490.683288	1501.739935	14.728935	-0.086974	2.370571
490.554013	1501.665247	14.733939	-0.086951	2.370503
490.699078	1501.602382	14.738944	-0.086977	2.370497
490.726702	1501.588483	14.743949	-0.086982	2.370494
490.568367	1501.661232	14.748954	-0.086954	2.370503
490.632354	1501.349105	14.753959	-0.086965	2.370341
490.611069	1501.092844	14.758963	-0.086961	2.370192
490.751269	1501.046971	14.763968	-0.086986	2.370194
490.699089	1501.067827	14.768973	-0.086977	2.370196
490.776965	1501.013030	14.773978	-0.086991	2.370180
490.880958	1500.418676	14.778983	-0.087009	2.369867
490.833210	1500.417980	14.783987	-0.087000	2.369857
491.002629	1500.308165	14.788992	-0.087031	2.369829
490.828161	1499.900562	14.793997	-0.086999	2.369565
490.575322	1499.975007	14.799002	-0.086954	2.369556
490.546533	1499.999199	14.804007	-0.086949	2.369564
490.502544	1500.004382	14.809011	-0.086941	2.369558
490.387092	1500.046625	14.814016	-0.086920	2.369558
490.390327	1500.052774	14.819021	-0.086921	2.369562
490.343231	1500.054622	14.824026	-0.086912	2.369554
490.413891	1500.025423	14.829031	-0.086925	2.369552
490.263476	1500.080097	14.834035	-0.086898	2.369552
490.254436	1500.092829	14.839040	-0.086896	2.369558
490.342329	1500.062219	14.844045	-0.086912	2.369558
490.459901	1500.013289	14.849050	-0.086933	2.369554
490.377607	1500.050679	14.854055	-0.086918	2.369558
490.395472	1500.034702	14.859059	-0.086921	2.369553
490.479295	1499.897344	14.864064	-0.086936	2.369492
490.356465	1499.885895	14.869069	-0.086914	2.369461
490.458653	1499.454625	14.874074	-0.086933	2.369239
490.385405	1499.501558	14.879079	-0.086919	2.369251
490.331593	1499.517726	14.884083	-0.086910	2.369249
490.422708	1499.480976	14.889088	-0.086926	2.369246
490.396059	1499.486930	14.894093	-0.086921	2.369244
490.505118	1499.445187	14.899098	-0.086941	2.369243
490.361245	1499.501420	14.904103	-0.086915	2.369245
490.363672	1499.493431	14.909107	-0.086915	2.369241
490.432728	1499.496424	14.914112	-0.086928	2.369257
490.655079	1499.412734	14.919117	-0.086967	2.369254
490.572086	1499.436780	14.924122	-0.086952	2.369251
490.587865	1499.439022	14.929127	-0.086955	2.369255
490.698360	1499.216467	14.934131	-0.086975	2.369152
490.675388	1498.955113	14.939136	-0.086971	2.369001
490.531849	1499.001799	14.944141	-0.086945	2.368998
490.432817	1499.035987	14.949146	-0.086927	2.368997
490.449254	1499.034389	14.954151	-0.086930	2.369000
490.477314	1499.020058	14.959155	-0.086935	2.368997
490.542778	1499.013786	14.964160	-0.086947	2.369007
490.576615	1499.004336	14.969165	-0.086953	2.369008
490.518446	1499.011790	14.974170	-0.086942	2.369001
490.637216	1498.419946	14.979175	-0.086963	2.368691
490.673112	1498.351247	14.984179	-0.086970	2.368660
490.681418	1498.356976	14.989184	-0.086971	2.368665
490.549550	1498.403119	14.994189	-0.086948	2.368664
490.491744	1498.436516	14.999194	-0.086937	2.368671
490.550290	1498.419666	15.004199	-0.086948	2.368674
490.680402	1497.904554	15.009203	-0.086971	2.368410
490.538459	1497.853903	15.014208	-0.086945	2.368353
490.434464	1497.888750	15.019213	-0.086927	2.368351
490.441148	1497.874258	15.024218	-0.086928	2.368344
490.558325	1497.842379	15.029223	-0.086949	2.368350
490.681735	1497.789153	15.034227	-0.086971	2.368345
490.548994	1497.834499	15.039232	-0.086947	2.368344
490.361703	1497.906176	15.044237	-0.086914	2.368346
490.331780	1497.915515	15.049242	-0.086908	2.368346
490.427290	1497.911030	15.054247	-0.086925	2.368362
490.404456	1497.763679	15.059251	-0.086921	2.368275
490.502035	1497.296257	15.064256	-0.086938	2.368031
490.510184	1497.291781	15.069261	-0.086940	2.368030

490.322100	1497.329086	15.074266	-0.086906	2.368013
490.250858	1497.002696	15.079271	-0.086893	2.367815
490.334733	1496.557971	15.084275	-0.086908	2.367581
490.414381	1495.842896	15.089280	-0.086922	2.367195
490.191540	1495.051246	15.094285	-0.086882	2.366704
490.358214	1494.032864	15.099290	-0.086912	2.366164
490.426110	1492.810262	15.104295	-0.086924	2.365488
490.345099	1491.406746	15.109299	-0.086909	2.364681
490.210931	1490.063322	15.114304	-0.086885	2.363896
490.241027	1488.387747	15.119309	-0.086890	2.362957
490.234965	1486.561159	15.124314	-0.086889	2.361925
490.046510	1484.633894	15.129319	-0.086855	2.360799
489.959907	1482.571887	15.134323	-0.086839	2.359616
489.952886	1480.400320	15.139328	-0.086837	2.358387
489.738700	1478.074332	15.144333	-0.086799	2.357029
489.776385	1475.527942	15.149338	-0.086805	2.355596
489.703446	1472.952489	15.154343	-0.086792	2.354123
489.705607	1470.129915	15.159347	-0.086792	2.352524
489.570143	1467.210778	15.164352	-0.086767	2.350841
489.354399	1464.226689	15.169357	-0.086728	2.349105
489.203650	1461.096958	15.174362	-0.086701	2.347297
488.934997	1457.898613	15.179367	-0.086652	2.345425
488.968334	1454.553245	15.184371	-0.086658	2.343529
488.932712	1450.939924	15.189376	-0.086651	2.341465
488.805749	1447.327893	15.194381	-0.086628	2.339382
488.796093	1443.468213	15.199386	-0.086625	2.337179
488.531834	1439.601941	15.204391	-0.086578	2.334918
488.313810	1435.668423	15.209395	-0.086538	2.332626
488.265607	1431.487793	15.214400	-0.086529	2.330225
488.145075	1427.258587	15.219405	-0.086507	2.327779
487.936559	1422.907727	15.224410	-0.086469	2.325243
487.814634	1418.486723	15.229415	-0.086446	2.322682
487.709709	1413.851370	15.234419	-0.086427	2.319997
487.624742	1409.138615	15.239424	-0.086411	2.317270
487.417727	1404.357280	15.244429	-0.086373	2.314474
487.196666	1399.465918	15.249434	-0.086333	2.311609
487.125717	1394.436725	15.254439	-0.086320	2.308691
487.012339	1389.257733	15.259443	-0.086299	2.305675
486.770052	1384.072230	15.264448	-0.086255	2.302623
486.368949	1378.837662	15.269453	-0.086182	2.299507
486.149722	1373.507336	15.274458	-0.086142	2.296368
486.043313	1368.109877	15.279463	-0.086123	2.293210
485.822512	1362.533665	15.284467	-0.086082	2.289919
485.635678	1356.890535	15.289472	-0.086048	2.286591
485.528455	1351.174503	15.294477	-0.086028	2.283233
485.267329	1345.326120	15.299482	-0.085981	2.279760
485.017337	1339.462072	15.304487	-0.085935	2.276274
484.734315	1333.576258	15.309491	-0.085884	2.272764
484.421096	1327.591896	15.314496	-0.085827	2.269184
484.103831	1321.545503	15.319501	-0.085770	2.265561
484.028187	1315.356618	15.324506	-0.085755	2.261899
483.762396	1309.159895	15.329511	-0.085707	2.258186
483.494727	1302.841792	15.334515	-0.085658	2.254395
483.044937	1296.580484	15.339520	-0.085577	2.250592
482.813715	1290.156881	15.344525	-0.085535	2.246733
482.718652	1283.663599	15.349530	-0.085517	2.242855
482.402478	1277.148790	15.354535	-0.085459	2.238910
482.105538	1270.579161	15.359539	-0.085405	2.234930
481.796208	1263.947911	15.364544	-0.085349	2.230902
481.502198	1257.243366	15.369549	-0.085296	2.226827
481.247246	1250.520070	15.374554	-0.085249	2.222742
481.165005	1243.627135	15.379559	-0.085233	2.218584
480.851008	1236.729007	15.384563	-0.085176	2.214365
480.400343	1229.848073	15.389568	-0.085095	2.210119
480.204979	1222.835074	15.394573	-0.085059	2.205840
480.178177	1215.658515	15.399578	-0.085053	2.201491
479.855858	1208.497443	15.404583	-0.084995	2.197078
479.441967	1201.354830	15.409587	-0.084920	2.192646
479.201943	1194.105792	15.414592	-0.084876	2.188179
478.839915	1186.880110	15.419597	-0.084810	2.183691
478.518467	1179.563858	15.424602	-0.084752	2.179146
478.330960	1172.154669	15.429607	-0.084717	2.174565
478.046522	1164.708188	15.434611	-0.084665	2.169929
478.077580	1157.060891	15.439616	-0.084670	2.165231
477.899695	1149.382876	15.444621	-0.084637	2.160456
477.596527	1141.661231	15.449626	-0.084582	2.155616
477.301929	1133.927716	15.454631	-0.084528	2.150759
476.889395	1126.170664	15.459635	-0.084453	2.145849
476.626107	1118.345021	15.464640	-0.084405	2.140920
476.165193	1110.603913	15.469645	-0.084322	2.135987
475.817548	1102.773983	15.474650	-0.084258	2.131012
475.583870	1094.872290	15.479655	-0.084215	2.126007
475.254724	1086.946966	15.484659	-0.084156	2.120954
474.950897	1078.997481	15.489664	-0.084100	2.115878
474.799133	1070.928963	15.494669	-0.084072	2.110751
474.385823	1062.878272	15.499674	-0.083997	2.105561
474.195047	1054.763861	15.504679	-0.083962	2.100370
473.799806	1046.607708	15.509683	-0.083890	2.095092
473.440241	1038.434807	15.514688	-0.083825	2.089797
473.059931	1030.294106	15.519693	-0.083755	2.084506
472.550526	1022.180653	15.524698	-0.083663	2.079187
472.384845	1013.972866	15.529703	-0.083633	2.073875
472.052595	1005.729959	15.534707	-0.083572	2.068488
471.634762	997.518256	15.539712	-0.083496	2.063086
471.244270	989.278799	15.544717	-0.083425	2.057658
470.864464	981.041563	15.549722	-0.083356	2.052220
470.598252	972.719607	15.554727	-0.083308	2.046740
470.047156	964.491270	15.559731	-0.083208	2.041237
469.696855	956.249114	15.564736	-0.083144	2.035759
469.248674	947.999726	15.569741	-0.083063	2.030237
468.987700	939.675031	15.574746	-0.083015	2.024696
468.782071	931.277147	15.579751	-0.082977	2.019105
468.229867	922.996193	15.584755	-0.082877	2.013491
467.889256	914.621269	15.589760	-0.082815	2.007851
467.624907	906.209749	15.594765	-0.082767	2.002189
467.240407	897.822068	15.599770	-0.082697	1.996497
466.919453	889.411270	15.604775	-0.082639	1.990789
466.350220	881.073061	15.609779	-0.082536	1.985051
465.903138	872.734785	15.614784	-0.082455	1.979327
465.499407	864.400068	15.619789	-0.082381	1.973600
465.066508	856.054446	15.624794	-0.082303	1.967841
464.697376	847.682138	15.629799	-0.082236	1.962063
464.298875	839.353725	15.634803	-0.082163	1.956291
463.976653	830.962713	15.639808	-0.082104	1.950477
463.685382	822.526934	15.644813	-0.082051	1.944624
463.201395	814.169316	15.649818	-0.081964	1.938757
462.706697	805.883988	15.654823	-0.081874	1.932919
462.362727	797.478639	15.659827	-0.081811	1.927020
462.034177	789.053085	15.664832	-0.081751	1.921092
461.560864	780.716178	15.669837	-0.081666	1.915170
461.267586	772.264727	15.674842	-0.081612	1.909196
460.654217	763.994207	15.679847	-0.081501	1.903246
460.154915	755.702890	15.684851	-0.081411	1.897293
459.865984	747.313524	15.689856	-0.081358	1.891307
459.453843	738.995327	15.694861	-0.081283	1.885320
459.067168	730.638557	15.699866	-0.081213	1.879293
458.434039	722.434740	15.704871	-0.081099	1.873290
457.992258	714.196409	15.709875	-0.081019	1.867294
457.754333	705.857248	15.714880	-0.080975	1.861261
457.236080	697.607856	15.719885	-0.080881	1.855197
456.765784	689.362580	15.724890	-0.080796	1.849129
456.295634	681.181908	15.729895	-0.080711	1.843088
455.739671	673.050345	15.734899	-0.080610	1.837039
455.396844	664.842591	15.739904	-0.080548	1.830973
454.978427	656.686990	15.744909	-0.080472	1.824904
454.400860	648.570036	15.749914	-0.080367	1.818798
453.815465	640.533824	15.754919	-0.080262	1.812730
453.190690	632.587655	15.759923	-0.080149	1.806696
452.823249	624.564241	15.764928	-0.080082	1.800656
452.415474	616.591317	15.769933	-0.080008	1.794623
452.079033	608.531631	15.774938	-0.079947	1.788524
451.510518	600.609225	15.779943	-0.079844	1.782442
450.987520	592.633137	15.784947	-0.079749	1.776311
450.301396	584.805181	15.789952	-0.079626	1.770223
449.605234	577.138029	15.794957	-0.079500	1.764234
449.181421	569.368871	15.799962	-0.079423	1.758224
448.595637	561.693706	15.804967	-0.079317	1.752219
448.213119	553.980291	15.809971	-0.079248	1.746222
447.789744	546.285873	15.814976	-0.079171	1.740208
447.472309	538.534466	15.819981	-0.079113	1.734160
446.817373	530.946358	15.824986	-0.078995	1.728117
446.408967	523.291101	15.829991	-0.078921	1.722073
445.555139	515.878802	15.834995	-0.078767	1.716066
445.058382	508.393540	15.840000	-0.078678	1.710086
444.725779	500.887881	15.845005	-0.078617	1.704118
444.530955	493.258035	15.850010	-0.078581	1.698072
443.924673	485.809746	15.855015	-0.078472	1.692025
443.338236	478.404981	15.860019	-0.078366	1.685996
442.812867	471.011830	15.865024	-0.078271	1.679973
442.097496	463.754425	15.870029	-0.078142	1.673978
441.428481	456.568523	15.875034	-0.078021	1.668033
441.016524	449.312460	15.880039	-0.077947	1.662089
440.607164	442.083959	15.885043	-0.077873	1.656147
440.388536	434.729210	15.890048	-0.077832	1.650140
439.823401	427.548616	15.895053	-0.077730	1.644145
439.407451	420.308911	15.900058	-0.077655	1.638126
438.632057	413.261878	15.905063	-0.077515	1.632130
437.995438	406.265303	15.910067	-0.077401	1.626196
437.521022	399.232751	15.915072	-0.077315	1.620262
437.069127	392.200172	15.920077	-0.077233	1.614314
436.338324	385.292666	15.925082	-0.077101	1.608358
435.700503	378.455721	15.930087	-0.076986	1.602468
435.022028	371.735829	15.935091	-0.076864	1.596642
434.438970	364.996185	15.940096	-0.076759	1.590807
434.123282	358.177758	15.945101	-0.076702	1.584972
433.561162	351.480118	15.950106	-0.076600	1.579137
433.067723	344.785234	15.955111	-0.076511	1.573305
432.498478	338.139320	15.960115	-0.076408	1.567467
432.108850	331.469828	15.965120	-0.076338	1.561647
431.406038	324.967452	15.970125	-0.076211	1.555845
430.730583	318.491576	15.975130	-0.076089	1.550053
430.189097	312.036676	15.980135	-0.075992	1.544301
429.418978	305.712220	15.985139	-0.075853	1.538565
428.671413	299.456992	15.990144	-0.075718	1.532875
428.090555	293.236493	15.995149	-0.075614	1.527250
427.683278	286.967651	16.000154	-0.075540	1.521620
427.218917	280.722230	16.005159	-0.075456	1.515971
426.345868	274.711147	16.010163	-0.075299	1.510368
425.740597	268.659836	16.015168	-0.075190	1.504800
425.234100	262.624021	16.020173	-0.075099	1.499259
424.578466	256.656172	16.025178	-0.074980	1.493707
423.851008	250.812311	16.030183	-0.074850	1.488220
423.163902	245.010069	16.035187	-0.074726	1.482764
422.588739	239.223884	16.040192	-0.074622	1.477341
421.998947	233.496527	16.045197	-0.074516	1.471947
421.381507	227.807686	16.050202	-0.074405	1.466557
420.685894	222.201335	16.055207	-0.074279	1.461196
419.992110	216.628762	16.060211	-0.074155	1.455846
419.397154	211.111825	16.065216	-0.074047	1.450563
418.904883	205.592281	16.070221	-0.073959	1.445294
417.868543	200.353728	16.075226	-0.073773	1.440071
417.386748	194.981845	16.080231	-0.073686	1.434906
416.768563	189.695312	16.085235	-0.073574	1.429751
415.741489	184.659165	16.090240	-0.073390	1.424664
415.371831	179.452520	16.095245	-0.073323	1.419638
414.586513	174.390332	16.100250	-0.073182	1.414578
413.975021	169.359384	16.105255	-0.073072	1.409593
413.110473	164.487139	16.110259	-0.072916	1.404647
412.439041	159.624573	16.115264	-0.072796	1.399765
411.717090	154.834756	16.120269	-0.072666	1.394917
410.870144	150.172042	16.125274	-0.072514	1.390127
410.179057	145.539247	16.130279	-0.072389	1.385407
409.445423	140.962478	16.135283	-0.072258	1.380709
408.752799	136.421769	16.140288	-0.072133	1.376046
408.039530	131.965809	16.145293	-0.072005	1.371441
407.049197	127.687109	16.150298	-0.071827	1.366889
406.299478	123.419767	16.155303	-0.071692	1.362424
405.194794	119.411569	16.160307	-0.071494	1.358062
404.398300	115.359382	16.165312	-0.071351	1.353762
403.792689	111.313103	16.170317	-0.071242	1.349528
402.670749	107.534005	16.175322	-0.071041	1.345345
402.020040	103.683856	16.180327	-0.070924	1.341262
400.935423	100.066321	16.185331	-0.070729	1.337229
400.296967	96.356869	16.190336	-0.070615	1.333266
399.336710	92.855538	16.195341	-0.070442	1.329374
398.335158	89.491672	16.200346	-0.070263	1.325593
397.693600	86.045557	16.205351	-0.070148	1.321860
396.609410	82.870075	16.210355	-0.069953	1.318215
395.790876	79.686617	16.215360	-0.069806	1.314658
394.858068	76.625935	16.220365	-0.069639	1.311170
393.677241	73.770715	16.225370	-0.069427	1.307783
392.938927	70.855425	16.230375	-0.069295	1.304503
391.838112	68.137271	16.235379	-0.069097	1.301272
390.838653	65.483305	16.240384	-0.068918	1.298139
389.941381	62.915920	16.245389	-0.068757	1.295130
388.820207	60.535650	16.250394	-0.068556	1.292216
387.996099	58.148363	16.255399	-0.068409	1.289408
386.911880	55.949342	16.260403	-0.068214	1.286684
385.364538	54.079445	16.265408	-0.067937	1.284108
384.054394	52.309604	16.270413	-0.067703	1.281728
382.908532	50.648818	16.275418	-0.067497	1.279524
382.274851	48.842003	16.280423	-0.067384	1.277374
381.110718	47.301867	16.285427	-0.067175	1.275282
380.127476	45.826362	16.290432	-0.066999	1.273328
379.366170	44.361830	16.295437	-0.066863	1.271475
377.812580	43.276250	16.300442	-0.066584	1.269690
377.509854	41.817231	16.305447	-0.066530	1.268027
376.370823	40.719663	16.310451	-0.066326	1.266397
375.044258	39.855875	16.315456	-0.066089	1.264933
374.752321	38.641509	16.320461	-0.066036	1.263527
373.102731	38.020778	16.325466	-0.065741	1.262183
372.664984	37.107068	16.330471	-0.065663	1.261032
371.604689	36.371495	16.335475	-0.065473	1.259810
369.764133	36.212476	16.340480	-0.065143	1.258872
369.455046	35.505074	16.345485	-0.065088	1.257991
369.106821	34.813068	16.350490	-0.065025	1.257109
369.008838	34.011298	16.355495	-0.065008	1.256215
367.507634	33.693129	16.360499	-0.064739	1.255247
366.167409	33.607721	16.365504	-0.064499	1.254594
365.954358	33.086951	16.370509	-0.064461	1.253950
365.803470	32.493265	16.375514	-0.064434	1.253253
365.823636	31.759280	16.380519	-0.064437	1.252478
364.831435	31.434785	16.385523	-0.064260	1.251714
362.768740	31.710363	16.390528	-0.063891	1.251141
362.606764	31.336225	16.395533	-0.063862	1.250673
362.399533	30.914988	16.400538	-0.063825	1.250135
362.356749	30.405506	16.405543	-0.063817	1.249572
361.953356	29.962272	16.410547	-0.063745	1.248927
361.857979	29.370713	16.415552	-0.063727	1.248253
361.772631	28.668545	16.420557	-0.063712	1.247464
361.422412	28.100675	16.425562	-0.063649	1.246707
361.247415	27.358740	16.430567	-0.063618	1.245837
360.371636	26.844630	16.435571	-0.063461	1.244914
358.496231	26.962249	16.440576	-0.063125	1.244247
358.424357	26.449047	16.445581	-0.063112	1.243665
358.166285	25.935915	16.450586	-0.063066	1.243003
358.119685	25.307558	16.455591	-0.063058	1.242307
357.900934	24.711394	16.460595	-0.063018	1.241572
357.577200	24.049825	16.465600	-0.062960	1.240722
357.326050	23.346203	16.470605	-0.062915	1.239856
355.588837	23.258017	16.475610	-0.062604	1.239023
355.282263	22.777544	16.480615	-0.062549	1.238373
355.105385	22.191240	16.485619	-0.062518	1.237664
354.099259	21.933463	16.490624	-0.062338	1.236957
353.682759	21.516640	16.495629	-0.062263	1.236329
353.248463	21.050400	16.500634	-0.062185	1.235639
352.763331	20.638767	16.505639	-0.062098	1.234986
352.636034	20.036014	16.510643	-0.062075	1.234278
350.875977	20.095028	16.515648	-0.061761	1.233591
350.738750	19.694536	16.520653	-0.061736	1.233098
350.614231	19.173899	16.525658	-0.061713	1.232479
350.371661	18.716140	16.530663	-0.061670	1.231878
350.348663	18.064521	16.535667	-0.061666	1.231160
350.262352	17.336738	16.540672	-0.061650	1.230332
350.024675	16.628284	16.545677	-0.061608	1.229459
348.799459	16.306683	16.550682	-0.061388	1.228584
348.134841	15.887692	16.555687	-0.061269	1.227842
347.755218	15.375259	16.560691	-0.061201	1.227120
345.697780	15.619072	16.565696	-0.060833	1.226502
345.581163	15.260994	16.570701	-0.060812	1.226061
345.312821	14.850399	16.575706	-0.060764	1.225497
345.319232	14.291647	16.580711	-0.060765	1.224890
345.264253	13.676457	16.585715	-0.060755	1.224194
344.361830	13.363647	16.590720	-0.060594	1.223463
343.813226	12.988299	16.595725	-0.060495	1.222815
343.050035	12.736402	16.600730	-0.060359	1.222210
342.216648	12.582357	16.605735	-0.060210	1.221682
342.054215	12.120831	16.610739	-0.060180	1.221106
340.874864	12.065514	16.615744	-0.059969	1.220536
340.803727	11.667849	16.620749	-0.059957	1.220069
340.562088	11.244161	16.625754	-0.059913	1.219499
340.227030	10.830174	16.630759	-0.059853	1.218900
340.183698	10.245780	16.635763	-0.059845	1.218239
338.650347	10.241069	16.640768	-0.059571	1.217570
337.871590	10.179464	16.645773	-0.059432	1.217164
337.915126	9.715461	16.650778	-0.059439	1.216673
337.735741	9.243275	16.655783	-0.059407	1.216075
337.388568	8.802703	16.660787	-0.059345	1.215440
337.171859	8.287492	16.665792	-0.059306	1.214778
336.939629	7.744042	16.670797	-0.059264	1.214078
336.584930	7.147791	16.675802	-0.059201	1.213266
335.291468	7.020598	16.680807	-0.058969	1.212563
335.079297	6.605205	16.685811	-0.058931	1.212012
334.593611	6.168063	16.690816	-0.058844	1.211317
334.167292	5.717628	16.695821	-0.058768	1.210633
333.100750	5.530742	16.700826	-0.058577	1.209961
332.016588	5.508704	16.705831	-0.058383	1.209464
331.955812	5.112126	16.710835	-0.058372	1.208998
331.557359	4.738679	16.715840	-0.058301	1.208410
331.257320	4.349223	16.720845	-0.058247	1.207848
330.594936	4.089264	16.725850	-0.058128	1.207270
330.003253	3.867751	16.730855	-0.058022	1.206765
329.860647	3.400678	16.735859	-0.057997	1.206184
329.356885	3.039059	16.740864	-0.057906	1.205562
328.867511	2.690054	16.745869	-0.057819	1.204960
328.044249	2.483009	16.750874	-0.057671	1.204369
326.912057	2.482473	16.755879	-0.057469	1.203872
326.615341	2.214230	16.760883	-0.057416	1.203443
325.448612	2.318523	16.765888	-0.057207	1.203047
325.304069	2.085112	16.770893	-0.057181	1.202724
325.034848	1.801858	16.775898	-0.057133	1.202290
324.990307	1.504870	16.780903	-0.057125	1.201939
324.561576	1.149424	16.785907	-0.057048	1.201355
323.117315	1.321552	16.790912	-0.056790	1.200911
322.798055	1.124304	16.795917	-0.056732	1.200551
322.330791	0.934552	16.800922	-0.056649	1.200134
321.736804	0.888097	16.805927	-0.056542	1.199820
322.426001	0.181032	16.810931	-0.056666	1.199334
321.417123	0.077437	16.815936	-0.056485	1.198774
321.044527	-0.231160	16.820941	-0.056418	1.198265
320.298654	-0.372914	16.825946	-0.056285	1.197777
319.010033	-0.209424	16.830951	-0.056054	1.197391
318.863608	-0.441917	16.835955	-0.056028	1.197067
318.641463	-0.707921	16.840960	-0.055988	1.196671
318.453079	-1.021713	16.845965	-0.055954	1.196236
318.023660	-1.327980	16.850970	-0.055877	1.195704
316.894414	-1.252839	16.855975	-0.055675	1.195288
317.100044	-1.754400	16.860979	-0.055712	1.194817
315.386394	-1.462495	16.865984	-0.055405	1.194386
314.871136	-1.448984	16.870989	-0.055313	1.194173
314.502473	-1.571228	16.875994	-0.055247	1.193873
313.717220	-1.467821	16.880999	-0.055107	1.193641
314.078478	-1.923668	16.886003	-0.055171	1.193289
313.584294	-2.061578	16.891008	-0.055083	1.192916
313.302204	-2.307074	16.896013	-0.055032	1.192515
312.320371	-2.289981	16.901018	-0.054856	1.192098
311.044340	-2.000616	16.906023	-0.054628	1.191858
308.493564	-1.147913	16.911027	-0.054172	1.191684
307.710206	-0.362388	16.916032	-0.054032	1.192219
308.668759	-0.754432	16.921037	-0.054203	1.192204
308.504381	-0.695564	16.926042	-0.054174	1.192197
308.398739	-0.644876	16.931047	-0.054155	1.192207
306.988147	-0.311908	16.936051	-0.053902	1.191955
307.994297	-0.690167	16.941056	-0.054082	1.191976
307.476929	-0.739611	16.946061	-0.053990	1.191691
306.133249	-0.330394	16.951066	-0.053749	1.191555
306.959896	-0.886074	16.956071	-0.053897	1.191297
305.336706	-0.543295	16.961075	-0.053607	1.190962
304.613899	-0.293246	16.966080	-0.053477	1.190922
305.037989	-0.649093	16.971085	-0.053553	1.190710
303.474910	-0.135711	16.976090	-0.053274	1.190593
304.211964	-0.578297	16.981095	-0.053405	1.190422
302.744406	-0.116180	16.986099	-0.053143	1.190290
302.549320	-0.243079	16.991104	-0.053108	1.190061
303.355966	-0.738729	16.996109	-0.053252	1.189861
301.278388	-0.080546	17.001114	-0.052880	1.189679
302.056926	-0.735376	17.006119	-0.053019	1.189287
299.985610	-0.141902	17.011123	-0.052649	1.189034
299.696208	-0.030803	17.016128	-0.052597	1.189031
300.695405	-0.564164	17.021133	-0.052776	1.188874
299.247691	-0.211468	17.026138	-0.052517	1.188627
299.151527	-0.378914	17.031143	-0.052500	1.188396
298.028121	-0.194854	17.036147	-0.052299	1.188103
297.507174	0.001241	17.041152	-0.052205	1.188092
297.675351	-0.321130	17.046157	-0.052235	1.187803
296.542947	-0.097459	17.051162	-0.052033	1.187551
296.892755	-0.321960	17.056167	-0.052095	1.187453
295.893270	-0.132711	17.061171	-0.051916	1.187222
295.004797	-0.001767	17.066176	-0.051757	1.186973
295.577553	-0.335627	17.071181	-0.051860	1.186852
293.674581	0.173392	17.076186	-0.051519	1.186578
294.379010	-0.249059	17.081191	-0.051645	1.186415
293.294767	0.039657	17.086195	-0.051451	1.186257
292.522956	0.106025	17.091200	-0.051313	1.185988
293.449462	-0.389273	17.096205	-0.051479	1.185841
291.411424	0.224726	17.101210	-0.051114	1.185626
291.723118	-0.121792	17.106215	-0.051170	1.185373
291.426985	-0.209868	17.111219	-0.051117	1.185141
289.827702	0.295963	17.116224	-0.050831	1.184999
290.380586	-0.123393	17.121229	-0.050930	1.184771
289.668963	-0.036298	17.126234	-0.050802	1.184552
288.774659	0.166996	17.131239	-0.050642	1.184382
288.481301	0.048016	17.136243	-0.050590	1.184116
288.740770	-0.204563	17.141248	-0.050636	1.183946
287.988051	-0.186912	17.146253	-0.050501	1.183630
286.677019	0.168702	17.151258	-0.050267	1.183446
287.203549	-0.267344	17.156263	-0.050361	1.183188
285.772409	0.051182	17.161267	-0.050105	1.182908
284.773410	0.363451	17.166272	-0.049926	1.182815
285.683958	-0.121039	17.171277	-0.050089	1.182673
284.420779	0.232648	17.176282	-0.049863	1.182508
284.579035	-0.017616	17.181287	-0.049891	1.182296
284.313103	-0.170518	17.186291	-0.049843	1.182003
282.637932	0.191162	17.191296	-0.049544	1.181663
283.138447	-0.084887	17.196301	-0.049633	1.181574
281.151982	0.469984	17.201306	-0.049278	1.181313
281.675163	0.261016	17.206311	-0.049371	1.181310
281.868109	-0.038516	17.211315	-0.049406	1.181057
280.551366	0.177888	17.216320	-0.049170	1.180712
280.754039	-0.034697	17.221325	-0.049206	1.180561
279.261182	0.383318	17.226330	-0.048939	1.180366
279.070631	0.244260	17.231335	-0.048905	1.180123
279.387042	-0.024523	17.236339	-0.048962	1.179959
278.281746	0.231026	17.241344	-0.048764	1.179754
277.994500	0.067100	17.246349	-0.048713	1.179438
277.309813	0.118552	17.251354	-0.048590	1.179189
277.186745	0.018486	17.256359	-0.048568	1.179020
276.316000	0.141539	17.261363	-0.048412	1.178769
275.404715	0.259461	17.266368	-0.048249	1.178493
275.718200	0.002943	17.271373	-0.048305	1.178342
274.874778	0.162337	17.276378	-0.048154	1.178144
274.018478	0.254571	17.281383	-0.048001	1.177864
274.108108	0.079844	17.286387	-0.048017	1.177706
273.549619	0.154271	17.291392	-0.047917	1.177539
273.484333	-0.111106	17.296397	-0.047905	1.177207
272.108123	0.223082	17.301402	-0.047659	1.176969
272.156502	0.044758	17.306407	-0.047668	1.176787
271.522485	0.121485	17.311411	-0.047554	1.176589
270.586506	0.265506	17.316416	-0.047387	1.176332
271.326318	-0.222486	17.321421	-0.047519	1.176109
270.060318	-0.045986	17.326426	-0.047292	1.175739
269.655331	-0.083255	17.331431	-0.047220	1.175514
269.090834	-0.034807	17.336435	-0.047119	1.175315
267.611012	0.340673	17.341440	-0.046854	1.175076
268.477620	-0.121298	17.346445	-0.047009	1.174940
267.328901	0.194892	17.351450	-0.046803	1.174782
267.435950	-0.090745	17.356455	-0.046823	1.174505
266.761443	-0.092779	17.361459	-0.046702	1.174198
265.999526	0.095278	17.366464	-0.046565	1.174069
265.650536	0.029227	17.371469	-0.046503	1.173836
265.155217	-0.045560	17.376474	-0.046414	1.173526
264.977604	-0.166939	17.381479	-0.046382	1.173307
264.061926	-0.005076	17.386483	-0.046219	1.173079
263.016809	0.244852	17.391488	-0.046032	1.172892
263.696921	-0.221384	17.396493	-0.046153	1.172666
262.863582	-0.093024	17.401498	-0.046004	1.172436
262.223241	-0.058630	17.406503	-0.045890	1.172186
261.667744	-0.014261	17.411507	-0.045790	1.171986
260.415905	0.225759	17.416512	-0.045566	1.171694
261.329294	-0.227536	17.421517	-0.045729	1.171588
260.195130	0.019729	17.426522	-0.045526	1.171358
259.256686	0.140207	17.431527	-0.045359	1.171071
259.348901	-0.026931	17.436531	-0.045375	1.170921
258.385518	0.196923	17.441536	-0.045203	1.170742
258.428651	-0.042951	17.446541	-0.045210	1.170486
257.679609	0.058729	17.451546	-0.045076	1.170263
256.841313	0.255384	17.456551	-0.044926	1.170109
256.462084	0.230579	17.461555	-0.044858	1.169909
256.317310	0.212188	17.466560	-0.044832	1.169822
256.066420	0.032155	17.471565	-0.044787	1.169502
255.189551	0.141141	17.476570	-0.044631	1.169229
255.106500	0.015057	17.481575	-0.044616	1.169047
254.312450	0.142970	17.486579	-0.044474	1.168833
253.389769	0.260160	17.491584	-0.044308	1.168549
254.150100	-0.210966	17.496589	-0.044444	1.168353
252.448085	0.287885	17.501594	-0.044140	1.168153
252.037041	0.255595	17.506599	-0.044066	1.167929
252.581782	-0.176361	17.511603	-0.044164	1.167681
251.291674	0.084250	17.516608	-0.043933	1.167394
251.344619	-0.111559	17.521613	-0.043942	1.167193
250.228214	0.122676	17.526618	-0.043742	1.166955
249.398475	0.247847	17.531623	-0.043594	1.166721
249.722401	-0.044393	17.536627	-0.043652	1.166533
248.838046	0.163125	17.541632	-0.043494	1.166369
248.464262	0.073012	17.546637	-0.043427	1.166095
247.649633	0.152294	17.551642	-0.043281	1.165816
247.813081	0.004135	17.556647	-0.043310	1.165720
247.195624	-0.051406	17.561651	-0.043200	1.165375
246.107084	0.182642	17.566656	-0.043005	1.165149
246.645023	-0.192090	17.571661	-0.043101	1.164962
244.953025	0.174042	17.576666	-0.042798	1.164613
244.345090	0.343764	17.581671	-0.042689	1.164532
245.021430	-0.069685	17.586675	-0.042810	1.164363
244.200365	0.051702	17.591680	-0.042663	1.164129
243.886090	-0.100304	17.596685	-0.042607	1.163810
242.604860	0.216345	17.601690	-0.042378	1.163591
242.359949	0.142228	17.606695	-0.042334	1.163394
242.554063	-0.111880	17.611699	-0.042369	1.163189
241.268828	0.199035	17.616704	-0.042139	1.162962
241.296498	-0.036201	17.621709	-0.042144	1.162703
240.578416	0.085583	17.626714	-0.042015	1.162516
240.001664	0.228801	17.631719	-0.041912	1.162418
239.734352	0.061444	17.636723	-0.041864	1.162102
238.863894	0.164774	17.641728	-0.041708	1.161824
238.990546	-0.002671	17.646733	-0.041731	1.161688
237.058060	0.563027	17.651738	-0.041385	1.161459
237.995704	0.126393	17.656743	-0.041553	1.161383
238.260823	-0.329733	17.661747	-0.041600	1.160977
236.421888	0.155509	17.666752	-0.041271	1.160697
236.328594	0.016770	17.671757	-0.041254	1.160494
235.122435	0.242247	17.676762	-0.041039	1.160203
235.084536	0.234048	17.681767	-0.041032	1.160176
235.013730	0.025508	17.686771	-0.041019	1.159902
233.484809	0.352212	17.691776	-0.040746	1.159580
234.768895	-0.243011	17.696781	-0.040975	1.159479
233.165714	0.028705	17.701786	-0.040688	1.159060
232.777312	0.058782	17.706791	-0.040619	1.158917
232.640843	-0.119943	17.711795	-0.040594	1.158647
230.677309	0.375717	17.716800	-0.040243	1.158321
231.460486	0.065176	17.721805	-0.040383	1.158320
231.097103	-0.023872	17.726810	-0.040318	1.158051
230.243801	0.070479	17.731815	-0.040165	1.157769
230.648841	-0.257890	17.736819	-0.040238	1.157574
228.898024	0.254306	17.741824	-0.039924	1.157364
228.655617	0.148173	17.746829	-0.039881	1.157130
228.250136	0.077119	17.751834	-0.039808	1.156861
227.810671	0.158070	17.756839	-0.039730	1.156754
227.392697	0.095067	17.761843	-0.039655	1.156489
226.242582	0.301761	17.766848	-0.039449	1.156200
226.823077	0.012526	17.771853	-0.039553	1.156131
225.978363	0.090099	17.776858	-0.039402	1.155833
225.191139	0.147225	17.781863	-0.039261	1.155538
225.935976	-0.333176	17.786867	-0.039394	1.155322
223.326306	0.363010	17.791872	-0.038927	1.154931
224.323204	-0.022127	17.796877	-0.039105	1.154942
223.693066	-0.053578	17.801882	-0.038993	1.154615
222.298903	0.259600	17.806887	-0.038743	1.154338
223.335560	-0.270088	17.811891	-0.038929	1.154199
221.124610	0.409065	17.816896	-0.038533	1.153971
221.821433	-0.013184	17.821901	-0.038658	1.153801
221.378185	-0.118128	17.826906	-0.038578	1.153474
219.685887	0.442772	17.831911	-0.038276	1.153348
220.377112	-0.045511	17.836915	-0.038399	1.153098
219.129346	0.218505	17.841920	-0.038176	1.152830
219.554513	-0.059939	17.846925	-0.038252	1.152702
218.980073	-0.160254	17.851930	-0.038149	1.152320
217.715297	0.195346	17.856935	-0.037923	1.152151
217.860091	-0.083821	17.861939	-0.037949	1.151893
216.328199	0.281453	17.866944	-0.037675	1.151612
216.524635	0.136270	17.871949	-0.037710	1.151533
216.757840	-0.164034	17.876954	-0.037751	1.151290
215.006174	0.235624	17.881959	-0.037438	1.150948
215.876129	-0.217303	17.886963	-0.037593	1.150821
213.989122	0.329695	17.891968	-0.037256	1.150588
213.995868	0.129880	17.896973	-0.037257	1.150358
214.405223	-0.209952	17.901978	-0.037330	1.150150
212.365612	0.450130	17.906983	-0.036965	1.149979
213.480081	-0.286494	17.911987	-0.037165	1.149633
211.663127	0.172583	17.916992	-0.036839	1.149330
211.459478	0.243110	17.921997	-0.036803	1.149318
211.671072	-0.191367	17.927002	-0.036841	1.148908
210.044205	0.282500	17.932007	-0.036550	1.148709
210.834298	-0.150327	17.937011	-0.036691	1.148568
209.592910	0.038825	17.942016	-0.036469	1.148215
208.990359	0.171056	17.947021	-0.036361	1.148091
208.801565	0.015183	17.952026	-0.036327	1.147821
208.069618	0.156439	17.957031	-0.036196	1.147647
208.346721	-0.106886	17.962035	-0.036246	1.147467
206.655971	0.327726	17.967040	-0.035943	1.147193
206.615856	0.211677	17.972045	-0.035936	1.147038
207.095226	-0.180079	17.977050	-0.036022	1.146802
205.129629	0.399666	17.982055	-0.035670	1.146569
205.885724	-0.134910	17.987059	-0.035805	1.146294
204.583837	0.068495	17.992064	-0.035572	1.145928
204.288171	0.130732	17.997069	-0.035519	1.145864
204.201069	-0.109517	18.002074	-0.035504	1.145542
202.416567	0.400967	18.007079	-0.035184	1.145312
203.502820	-0.128930	18.012083	-0.035379	1.145195
202.067788	0.141432	18.017088	-0.035122	1.144845
201.436062	0.254919	18.022093	-0.035009	1.144685
202.558286	-0.380303	18.027098	-0.035210	1.144461
199.734199	0.390977	18.032103	-0.034704	1.144054
200.558089	0.074057	18.037107	-0.034852	1.144065
199.893360	0.105789	18.042112	-0.034733	1.143793
199.227203	0.271137	18.047117	-0.034613	1.143677
199.176006	0.075313	18.052122	-0.034604	1.143424
197.665993	0.422471	18.057127	-0.034334	1.143129
199.221783	-0.308223	18.062131	-0.034612	1.142994
197.398528	0.056337	18.067136	-0.034286	1.142574
196.523387	0.364894	18.072141	-0.034130	1.142529
197.474668	-0.350414	18.077146	-0.034300	1.142131
195.354327	0.284350	18.082151	-0.033920	1.141890
195.556495	0.034225	18.087155	-0.033956	1.141690
195.419435	-0.137623	18.092160	-0.033932	1.141424
193.834993	0.355906	18.097165	-0.033648	1.141266
194.551021	-0.159486	18.102170	-0.033776	1.140993
192.972694	0.188649	18.107175	-0.033494	1.140667
193.589279	-0.125887	18.112179	-0.033604	1.140584
192.749842	-0.128474	18.117184	-0.033454	1.140190
191.094331	0.386368	18.122189	-0.033158	1.140024
192.198604	-0.138576	18.127194	-0.033355	1.139920
190.436443	0.355695	18.132199	-0.033040	1.139681
190.990782	-0.039154	18.137203	-0.033139	1.139474
190.613459	-0.177486	18.142208	-0.033071	1.139134
188.819427	0.313835	18.147213	-0.032751	1.138876
189.392643	-0.015989	18.152218	-0.032853	1.138755
188.003924	0.270888	18.157223	-0.032605	1.138444
188.612653	-0.038305	18.162227	-0.032713	1.138364
187.595925	0.146742	18.167232	-0.032531	1.138107
185.868179	0.575515	18.172237	-0.032222	1.137805
187.861791	-0.256177	18.177242	-0.032579	1.137755
186.395521	0.059895	18.182247	-0.032317	1.137443
185.863958	0.073844	18.187251	-0.032221	1.137210
185.505414	-0.131992	18.192256	-0.032157	1.136799
183.480801	0.487390	18.197261	-0.031795	1.136584
184.440611	0.110834	18.202266	-0.031967	1.136588
183.106167	0.394441	18.207271	-0.031728	1.136298
183.752783	0.064214	18.212275	-0.031843	1.136210
183.494517	-0.173017	18.217280	-0.031797	1.135809
181.651175	0.414501	18.222285	-0.031467	1.135640
182.624973	-0.234034	18.227290	-0.031642	1.135329
180.891781	0.203589	18.232295	-0.031331	1.135034
180.534123	0.288892	18.237299	-0.031267	1.134967
180.533966	0.038490	18.242304	-0.031267	1.134671
179.184523	0.344213	18.247309	-0.031026	1.134400
180.375919	-0.271114	18.252314	-0.031239	1.134230
178.427429	0.137676	18.257319	-0.030890	1.133800
178.352788	0.130718	18.262323	-0.030877	1.133756
178.235611	-0.148040	18.267328	-0.030856	1.133371
176.056404	0.524948	18.272333	-0.030466	1.133145
177.673227	-0.147194	18.277338	-0.030755	1.133107
176.812689	-0.133629	18.282343	-0.030601	1.132719
175.763843	0.185717	18.287347	-0.030414	1.132605
176.184055	-0.297784	18.292352	-0.030489	1.132228
174.540298	0.116099	18.297357	-0.030195	1.131947
174.658423	-0.100263	18.302362	-0.030216	1.131745
173.881050	-0.035614	18.307367	-0.030077	1.131456
172.818413	0.276394	18.312371	-0.029886	1.131327
173.609130	-0.250439	18.317376	-0.030028	1.131073
171.854007	0.180078	18.322381	-0.029714	1.130758
172.564282	-0.197978	18.327386	-0.029841	1.130643
171.829171	-0.249710	18.332391	-0.029709	1.130235
170.500819	0.152287	18.337395	-0.029472	1.130088
170.661999	-0.124998	18.342400	-0.029500	1.129834
169.695251	0.134268	18.347405	-0.029327	1.129686
169.708454	-0.078611	18.352410	-0.029330	1.129439
169.299010	-0.174434	18.357415	-0.029256	1.129132
168.219318	0.020127	18.362419	-0.029063	1.128854
169.062113	-0.486319	18.367424	-0.029214	1.128649
166.545780	0.161815	18.372429	-0.028764	1.128233
167.382909	-0.216586	18.377434	-0.028913	1.128177
166.721253	-0.190886	18.382439	-0.028795	1.127895
165.219796	0.378199	18.387443	-0.028526	1.127865
165.945661	-0.108621	18.392448	-0.028656	1.127627
165.077095	-0.020449	18.397453	-0.028501	1.127322
165.475847	-0.364029	18.402458	-0.028572	1.127100
163.840514	-0.065543	18.407463	-0.028279	1.126683
162.848847	0.308298	18.412467	-0.028102	1.126661
163.708480	-0.219872	18.417472	-0.028256	1.126437
162.004902	0.154084	18.422477	-0.027951	1.126077
162.003690	0.105298	18.427482	-0.027951	1.126018
162.333604	-0.250596	18.432487	-0.028009	1.125749
160.736893	0.087246	18.437491	-0.027724	1.125397
161.448792	-0.314506	18.442496	-0.027851	1.125254
159.787488	0.043468	18.447501	-0.027554	1.124895
159.476048	0.067447	18.452506	-0.027498	1.124776
159.171822	-0.027246	18.457511	-0.027444	1.124519
158.428904	0.206265	18.462515	-0.027311	1.124446
158.813772	-0.207109	18.467520	-0.027379	1.124134
157.861433	-0.178847	18.472525	-0.027209	1.123716
156.895512	0.068145	18.477530	-0.027036	1.123553
157.277981	-0.249445	18.482535	-0.027105	1.123355
155.834733	0.189824	18.487539	-0.026846	1.123196
155.563532	0.046915	18.492544	-0.026798	1.122896
155.245770	0.047007	18.497549	-0.026741	1.122745
155.132345	-0.001341	18.502554	-0.026721	1.122633
154.502882	-0.083247	18.507559	-0.026608	1.122236
153.451089	0.161263	18.512563	-0.026420	1.122030
154.160962	-0.304481	18.517568	-0.026547	1.121808
152.503805	0.028992	18.522573	-0.026250	1.121421
151.918630	0.248445	18.527578	-0.026145	1.121406
152.081033	-0.082543	18.532583	-0.026174	1.121086
151.179739	0.057640	18.537587	-0.026013	1.120825
151.393366	-0.164915	18.542592	-0.026051	1.120660
149.883438	0.256134	18.547597	-0.025781	1.120447
149.985476	-0.018570	18.552602	-0.025799	1.120166
150.058421	-0.274211	18.557607	-0.025812	1.119893
148.162778	0.185309	18.562611	-0.025473	1.119543
148.851339	-0.140218	18.567616	-0.025596	1.119479
147.290244	0.246653	18.572621	-0.025317	1.119201
147.212804	0.225348	18.577626	-0.025303	1.119138
147.285972	-0.037108	18.582631	-0.025316	1.118857
146.022575	0.218934	18.587635	-0.025090	1.118563
146.668427	-0.187908	18.592640	-0.025205	1.118382
145.170222	0.137323	18.597645	-0.024937	1.118058
144.476826	0.321442	18.602650	-0.024813	1.117949
145.576707	-0.335813	18.607655	-0.025010	1.117683
143.361072	0.278490	18.612659	-0.024614	1.117365
143.661896	0.094619	18.617664	-0.024667	1.117287
143.011772	0.120723	18.622669	-0.024551	1.117008
142.069283	0.256639	18.627674	-0.024382	1.116722
142.779406	-0.159245	18.632679	-0.024509	1.116560
141.343062	0.154486	18.637683	-0.024252	1.116252
141.368212	-0.025157	18.642688	-0.024257	1.116047
140.369416	0.153193	18.647693	-0.024078	1.115785
139.672540	0.225436	18.652698	-0.023953	1.115539
140.435008	-0.221424	18.657703	-0.024090	1.115364
138.795425	0.228404	18.662707	-0.023796	1.115123
138.304437	0.198133	18.667712	-0.023708	1.114851
138.504212	-0.079947	18.672717	-0.023744	1.114611
137.518777	0.174326	18.677722	-0.023568	1.114446
137.118920	0.131995	18.682727	-0.023496	1.114204
136.336194	0.209197	18.687731	-0.023356	1.113922
136.699708	-0.079673	18.692736	-0.023421	1.113747
135.489869	0.144889	18.697741	-0.023205	1.113439
134.501572	0.417334	18.702746	-0.023028	1.113295
135.558514	-0.208209	18.707751	-0.023217	1.113045
134.339451	0.028203	18.712755	-0.022999	1.112746
133.757979	0.058997	18.717760	-0.022895	1.112505
133.417075	-0.028202	18.722765	-0.022834	1.112236
132.518521	0.208948	18.727770	-0.022673	1.112091
132.686434	-0.144103	18.732775	-0.022703	1.111745
131.831269	-0.036369	18.737779	-0.022550	1.111465
131.371411	-0.075978	18.742784	-0.022467	1.111196
130.628934	-0.003969	18.747789	-0.022335	1.110926
129.648477	0.306046	18.752794	-0.022159	1.110831
130.097031	-0.058801	18.757799	-0.022239	1.110604
129.200750	0.105449	18.762803	-0.022079	1.110372
128.432674	0.287947	18.767808	-0.021941	1.110224
128.561850	0.001371	18.772813	-0.021964	1.109939
128.120946	-0.023464	18.777818	-0.021886	1.109697
127.699302	-0.103322	18.782823	-0.021810	1.109397
126.365762	0.193790	18.787827	-0.021571	1.109116
126.019014	0.197394	18.792832	-0.021509	1.108953
126.332008	-0.117555	18.797837	-0.021565	1.108722
125.387402	0.062702	18.802842	-0.021396	1.108486
125.107961	0.005428	18.807847	-0.021346	1.108282
124.514700	-0.006403	18.812851	-0.021240	1.107981
124.160033	-0.044232	18.817856	-0.021177	1.107764
123.372433	-0.015279	18.822861	-0.021036	1.107420
122.514026	0.167023	18.827866	-0.020882	1.107228
122.672298	-0.008236	18.832871	-0.020910	1.107091
121.612710	0.172510	18.837875	-0.020721	1.106800
121.889139	-0.100600	18.842880	-0.020770	1.106601
121.540967	-0.213722	18.847885	-0.020708	1.106295
120.334883	-0.017329	18.852890	-0.020492	1.105952
120.404503	-0.244900	18.857895	-0.020504	1.105708
119.130289	0.077363	18.862899	-0.020276	1.105485
118.304487	0.207058	18.867904	-0.020129	1.105244
118.939181	-0.133008	18.872909	-0.020242	1.105137
118.033571	0.037835	18.877914	-0.020080	1.104907
117.974313	-0.210359	18.882919	-0.020069	1.104576
116.716566	0.065956	18.887923	-0.019844	1.104305
116.495659	0.027075	18.892928	-0.019805	1.104150
116.235948	-0.053374	18.897933	-0.019758	1.103927
115.014309	0.220872	18.902938	-0.019540	1.103670
115.559076	-0.160908	18.907943	-0.019637	1.103468
114.630323	-0.009150	18.912947	-0.019471	1.103203
113.791706	0.198956	18.917952	-0.019321	1.103051
114.017780	-0.119742	18.922957	-0.019361	1.102772
112.821022	0.124691	18.927962	-0.019147	1.102490
112.878117	-0.041131	18.932967	-0.019157	1.102316
111.917286	0.150907	18.937971	-0.018985	1.102084
111.134992	0.273181	18.942976	-0.018845	1.101855
111.544322	-0.039456	18.947981	-0.018918	1.101671
110.814873	0.078282	18.952986	-0.018788	1.101461
110.358313	0.011481	18.957991	-0.018706	1.101158
109.800214	-0.043110	18.962995	-0.018606	1.100820
109.020059	0.080732	18.968000	-0.018467	1.100593
108.643929	0.069196	18.973005	-0.018399	1.100396
108.053196	0.204341	18.978010	-0.018294	1.100275
107.487090	0.175115	18.983015	-0.018192	1.099964
107.863227	-0.151963	18.988019	-0.018259	1.099746
106.850527	0.013933	18.993024	-0.018078	1.099457
106.344667	0.010654	18.998029	-0.017988	1.099208
105.528881	0.176222	19.003034	-0.017842	1.099014
104.694166	0.253523	19.008039	-0.017692	1.098703
105.011650	0.021197	19.013043	-0.017749	1.098572
104.232975	0.192715	19.018048	-0.017610	1.098404
103.876392	0.077258	19.023053	-0.017546	1.098088
103.800067	-0.054943	19.028058	-0.017532	1.097889
102.982009	-0.003242	19.033063	-0.017386	1.097554
102.148747	0.111648	19.038067	-0.017237	1.097289
102.083811	0.009146	19.043072	-0.017225	1.097132
101.158915	0.162531	19.048077	-0.017059	1.096870
100.921029	0.035196	19.053082	-0.017017	1.096597
100.906808	-0.164701	19.058087	-0.017014	1.096345
99.383951	0.214860	19.063091	-0.016742	1.096069
99.253197	0.157374	19.068096	-0.016718	1.095934
99.460242	-0.193975	19.073101	-0.016755	1.095603
98.043421	0.147876	19.078106	-0.016502	1.095332
98.187292	-0.021065	19.083111	-0.016527	1.095195
97.335041	0.081456	19.088115	-0.016375	1.094905
96.407320	0.269588	19.093120	-0.016209	1.094683
96.448924	0.101652	19.098125	-0.016216	1.094497
95.535987	0.359100	19.103130	-0.016053	1.094367
95.432770	0.197192	19.108135	-0.016034	1.094118
95.391265	0.003228	19.113139	-0.016027	1.093859
94.577373	0.160136	19.118144	-0.015881	1.093654
93.935435	0.198255	19.123149	-0.015766	1.093387
92.955446	0.364596	19.128154	-0.015591	1.093113
93.404828	0.092994	19.133159	-0.015671	1.092998
92.765823	0.156759	19.138163	-0.015557	1.092764
91.704122	0.397284	19.143168	-0.015367	1.092541
91.625273	0.188334	19.148173	-0.015353	1.092244
91.421405	0.084456	19.153178	-0.015316	1.092016
90.689982	0.159472	19.158183	-0.015186	1.091751
89.621730	0.351557	19.163187	-0.014994	1.091464
89.264167	0.341534	19.168192	-0.014930	1.091277
89.442549	0.105568	19.173197	-0.014962	1.091073
88.751364	0.169500	19.178202	-0.014839	1.090813
88.214683	0.211088	19.183207	-0.014742	1.090601
87.488592	0.301872	19.188211	-0.014613	1.090357
86.835330	0.294368	19.193216	-0.014496	1.090027
87.203994	0.028974	19.198221	-0.014561	1.089880
86.115654	0.239470	19.203226	-0.014367	1.089606
85.819860	0.125097	19.208231	-0.014314	1.089319
84.995895	0.270527	19.213235	-0.014166	1.089095
84.540033	0.239383	19.218240	-0.014085	1.088832
85.044996	-0.149583	19.223245	-0.014175	1.088599
83.307683	0.245344	19.228250	-0.013864	1.088234
83.348885	0.143510	19.233255	-0.013871	1.088128
82.691379	0.228376	19.238259	-0.013754	1.087910
82.072793	0.229511	19.243264	-0.013643	1.087607
81.966276	0.108118	19.248269	-0.013624	1.087404
80.921255	0.397443	19.253274	-0.013437	1.087248
80.797370	0.197849	19.258279	-0.013415	1.086940
80.846410	-0.028778	19.263283	-0.013423	1.086683
79.685380	0.132340	19.268288	-0.013216	1.086311
79.721173	-0.041452	19.273293	-0.013222	1.086113
78.433452	0.258105	19.278298	-0.012992	1.085850
78.046050	0.280799	19.283303	-0.012922	1.085688
78.132394	0.057975	19.288307	-0.012938	1.085454
77.475683	0.088253	19.293312	-0.012820	1.085167
77.356165	-0.088435	19.298317	-0.012799	1.084889
75.874099	0.280348	19.303322	-0.012534	1.084616
75.731031	0.190601	19.308327	-0.012508	1.084434
75.478518	0.080081	19.313331	-0.012463	1.084172
75.096531	0.051427	19.318336	-0.012394	1.083947
74.810565	-0.081431	19.323341	-0.012343	1.083641
73.743662	0.092029	19.328346	-0.012152	1.083330
73.483271	0.068388	19.333351	-0.012106	1.083172
72.956390	0.112329	19.338355	-0.012011	1.082966
72.230534	0.180256	19.343360	-0.011881	1.082692
72.352080	-0.016247	19.348365	-0.011903	1.082507
71.155697	0.285677	19.353370	-0.011689	1.082291
70.944248	0.144821	19.358375	-0.011651	1.082011
70.622733	0.052690	19.363379	-0.011594	1.081737
69.663685	0.297530	19.368384	-0.011422	1.081568
69.916590	-0.023836	19.373389	-0.011467	1.081292
68.876697	0.164318	19.378394	-0.011281	1.081012
68.235750	0.207546	19.383399	-0.011166	1.080749
68.149728	0.098644	19.388403	-0.011151	1.080570
67.249578	0.357193	19.393408	-0.010990	1.080446
67.276237	0.085947	19.398413	-0.010995	1.080121
66.576752	0.127789	19.403418	-0.010869	1.079827
66.556092	-0.066916	19.408423	-0.010866	1.079573
65.508979	0.075008	19.413427	-0.010678	1.079231
64.692336	0.324917	19.418432	-0.010532	1.079138
65.086158	-0.084096	19.423437	-0.010602	1.078822
63.725858	0.244172	19.428442	-0.010359	1.078557
63.696508	0.125623	19.433447	-0.010354	1.078395
63.367965	0.059563	19.438451	-0.010295	1.078149
62.566420	0.192873	19.443456	-0.010152	1.077917
62.635239	-0.116638	19.448461	-0.010164	1.077564
61.161910	0.292017	19.453466	-0.009900	1.077343
61.058001	0.174547	19.458471	-0.009882	1.077145
61.066462	-0.031194	19.463475	-0.009883	1.076891
59.473915	0.463372	19.468480	-0.009598	1.076718
60.671303	-0.279073	19.473485	-0.009812	1.076384
59.568519	-0.155367	19.478490	-0.009615	1.075990
57.702252	0.405544	19.483495	-0.009281	1.075764
58.557284	-0.031364	19.488499	-0.009434	1.075642
57.295362	0.338098	19.493504	-0.009208	1.075477
57.457468	0.041633	19.498509	-0.009237	1.075186
56.888352	0.057225	19.503514	-0.009135	1.074922
56.329679	0.154673	19.508519	-0.009035	1.074766
55.963269	-0.032441	19.513523	-0.008970	1.074348
55.402549	0.043939	19.518528	-0.008869	1.074164
55.175687	-0.119701	19.523533	-0.008829	1.073846
53.902876	0.180320	19.528538	-0.008601	1.073587
53.470982	0.254488	19.533543	-0.008523	1.073465
53.415278	0.109835	19.538547	-0.008513	1.073255
52.705013	0.212564	19.543552	-0.008386	1.073030
53.324587	-0.310597	19.548557	-0.008497	1.072682
51.522900	0.166309	19.553562	-0.008175	1.072381
50.971745	0.210823	19.558567	-0.008076	1.072162
51.400300	-0.158256	19.563571	-0.008153	1.071912
49.381965	0.523033	19.568576	-0.007792	1.071760
50.159205	0.070194	19.573581	-0.007931	1.071578
49.553717	0.070260	19.578586	-0.007822	1.071276
48.478048	0.375130	19.583591	-0.007630	1.071121
49.104307	-0.169286	19.588595	-0.007742	1.070749
47.760990	0.175017	19.593600	-0.007501	1.070510
47.450328	0.110420	19.598605	-0.007446	1.070273
46.955202	0.095573	19.603610	-0.007357	1.070007
46.179153	0.299824	19.608615	-0.007218	1.069875
46.363119	-0.016458	19.613619	-0.007251	1.069569
44.705602	0.399173	19.618624	-0.006955	1.069262
45.501134	0.019471	19.623629	-0.007097	1.069182
44.743262	-0.002097	19.628634	-0.006961	1.068775
43.641215	0.315468	19.633639	-0.006764	1.068623
44.134680	-0.102993	19.638643	-0.006852	1.068342
42.555007	0.310598	19.643648	-0.006570	1.068072
42.765273	0.089871	19.648653	-0.006607	1.067898
42.198044	0.078551	19.653658	-0.006506	1.067599
41.138476	0.357525	19.658663	-0.006316	1.067420
41.904135	-0.220700	19.663667	-0.006453	1.067073
39.966190	0.333934	19.668672	-0.006106	1.066801
40.373310	0.061988	19.673677	-0.006179	1.066661
39.810369	-0.019124	19.678682	-0.006078	1.066276
38.563284	0.391682	19.683687	-0.005855	1.066168
39.195046	-0.087160	19.688691	-0.005968	1.065880
38.180102	0.060425	19.693696	-0.005786	1.065556
37.689676	0.041286	19.698701	-0.005699	1.065285
37.232771	0.004751	19.703706	-0.005617	1.065009
36.481241	0.204161	19.708711	-0.005482	1.064883
36.866643	-0.271430	19.713715	-0.005551	1.064475
34.993957	0.333742	19.718720	-0.005216	1.064298
34.961721	0.191126	19.723725	-0.005210	1.064101
35.194324	-0.093135	19.728730	-0.005252	1.063858
33.874258	0.270731	19.733735	-0.005016	1.063654
34.646963	-0.354385	19.738739	-0.005154	1.063251
33.155113	0.012177	19.743744	-0.004887	1.062963
31.856102	0.382232	19.748749	-0.004655	1.062777
32.442228	0.004286	19.753754	-0.004759	1.062593
31.551160	0.254218	19.758759	-0.004600	1.062461
31.980366	-0.199433	19.763763	-0.004677	1.062101
30.146440	0.326960	19.768768	-0.004348	1.061844
30.249788	0.190784	19.773773	-0.004367	1.061723
30.129170	-0.040135	19.778778	-0.004345	1.061368
28.810610	0.352458	19.783783	-0.004109	1.061201
29.668282	-0.241919	19.788787	-0.004263	1.060879
28.307778	0.071797	19.793792	-0.004019	1.060590
27.570526	0.102566	19.798797	-0.003887	1.060256
27.584400	-0.055002	19.803802	-0.003890	1.060062
25.999260	0.492123	19.808807	-0.003606	1.059956
27.023900	-0.126531	19.813811	-0.003789	1.059687
25.949628	0.024146	19.818816	-0.003597	1.059335
25.125723	0.160555	19.823821	-0.003450	1.059092
25.455999	-0.185512	19.828826	-0.003509	1.058818
23.590983	0.461955	19.833831	-0.003175	1.058698
24.157757	0.010540	19.838835	-0.003276	1.058410
23.611725	0.031258	19.843840	-0.003179	1.058159
22.781416	0.250833	19.848845	-0.003030	1.058018
22.815947	-0.062535	19.853850	-0.003036	1.057636
21.420215	0.368491	19.858855	-0.002787	1.057478
21.970807	-0.096293	19.863859	-0.002885	1.057164
20.663455	0.181390	19.868864	-0.002651	1.056855
20.201311	0.282601	19.873869	-0.002568	1.056749
20.584529	-0.120220	19.878874	-0.002637	1.056430
18.689931	0.467337	19.883879	-0.002298	1.056218
19.577715	-0.065147	19.888883	-0.002457	1.055988
18.692915	0.019274	19.893888	-0.002298	1.055646
17.694186	0.290271	19.898893	-0.002120	1.055485
17.923433	-0.062791	19.903898	-0.002160	1.055150
16.189941	0.482070	19.908903	-0.001850	1.054965
16.948835	0.029668	19.913907	-0.001986	1.054772
16.151651	0.108016	19.918912	-0.001843	1.054467
15.140498	0.415539	19.923917	-0.001662	1.054346
15.911693	-0.233019	19.928922	-0.001800	1.053908
13.926534	0.408441	19.933927	-0.001445	1.053718
14.204031	0.153468	19.938931	-0.001495	1.053533
13.905257	0.055156	19.943936	-0.001441	1.053255
12.987058	0.287649	19.948941	-0.001277	1.053085
13.207858	-0.079038	19.953946	-0.001316	1.052727
11.391000	0.481516	19.958951	-0.000991	1.052519
12.252186	-0.030419	19.963955	-0.001145	1.052302
11.481113	-0.021404	19.968960	-0.001007	1.051920
9.526362	0.503768	19.973965	-0.000658	1.051596
10.946395	-0.125290	19.978970	-0.000912	1.051514
8.898878	0.488766	19.983975	-0.000545	1.051256
9.578328	0.107499	19.988979	-0.000667	1.051114
9.600237	-0.180810	19.993984	-0.000671	1.050755
7.565302	0.304482	19.998989	-0.000307	1.050338
8.382081	-0.142444	20.003994	-0.000453	1.050181
6.271249	0.563678	20.008999	-0.000075	1.050009
6.781250	0.252856	20.014003	-0.000166	1.049871
6.690796	0.010812	20.019008	-0.000150	1.049513
5.160526	0.521413	20.024013	0.000124	1.049387
5.980336	-0.082499	20.029018	-0.000023	1.049029
4.668238	0.226478	20.034023	0.000212	1.048755
4.195311	0.181175	20.039027	0.000297	1.048454
4.341837	-0.026057	20.044032	0.000271	1.048263
2.819865	0.413819	20.049037	0.000543	1.048049
3.100276	0.129506	20.054042	0.000493	1.047827
1.867355	0.404912	20.059047	0.000713	1.047549
2.384149	0.034023	20.064051	0.000621	1.047336
2.461619	-0.345995	20.069056	0.000607	1.046886
