Fri Sep 19 12:46:49 2025

Number of Points = 3566
Depth (nm)	Load (µN)	Time (s)	Depth (V)	Load (V)
1.731664	1.938585	0.000000	0.002093	1.317035

1.402226	1.995255	0.005005	0.002154	1.317035
1.247025	2.020510	0.010010	0.002183	1.317034
1.505168	1.982357	0.015014	0.002136	1.317040
1.443976	1.991057	0.020019	0.002148	1.317037
1.420849	1.996376	0.025024	0.002152	1.317039
1.325571	1.996807	0.030029	0.002170	1.317019
1.256956	1.759862	0.035034	0.002184	1.316714
1.069719	1.801326	0.040038	0.002218	1.316726
1.476362	1.732922	0.045043	0.002144	1.316726
1.816747	1.466398	0.050048	0.002082	1.316470
1.197555	1.383758	0.055053	0.002196	1.316240
0.060823	1.463469	0.060058	0.002406	1.316102
0.396424	1.413340	0.065062	0.002345	1.316109
0.817789	1.336571	0.070067	0.002268	1.316102
0.636885	1.251452	0.075072	0.002301	1.315960
0.015578	1.202982	0.080077	0.002416	1.315772
-0.104922	1.223833	0.085082	0.002439	1.315772
-0.275017	1.256780	0.090086	0.002471	1.315776
0.107745	1.189543	0.095091	0.002401	1.315773
0.096561	0.955356	0.100096	0.002403	1.315483
-0.354372	1.022727	0.105101	0.002487	1.315472
-0.757130	1.085001	0.110106	0.002561	1.315464
-0.551345	0.837330	0.115110	0.002524	1.315203
-1.071402	0.891047	0.120115	0.002620	1.315161
-1.585718	0.974255	0.125120	0.002715	1.315155
-1.230047	0.923393	0.130125	0.002650	1.315166
-0.776654	0.841644	0.135130	0.002567	1.315160
-0.931584	0.683271	0.140134	0.002596	1.314933
-1.627831	0.734212	0.145139	0.002725	1.314851
-1.442189	0.707426	0.150144	0.002691	1.314856
-1.675417	0.600263	0.155149	0.002734	1.314676
-2.276588	0.579830	0.160154	0.002846	1.314526
-1.976578	0.535838	0.165158	0.002791	1.314533
-1.812568	0.507808	0.170163	0.002761	1.314533
-2.184652	0.576045	0.175168	0.002830	1.314539
-2.555247	0.399777	0.180173	0.002899	1.314245
-2.704144	0.405126	0.185178	0.002927	1.314220
-2.707166	0.407230	0.190182	0.002928	1.314222
-2.753839	0.415262	0.195187	0.002937	1.314222
-2.677455	0.398633	0.200192	0.002923	1.314217
-2.910712	0.256979	0.205197	0.002966	1.313994
-3.660596	0.309619	0.210202	0.003105	1.313902
-3.392890	0.272365	0.215206	0.003056	1.313912
-3.309375	0.253000	0.220211	0.003041	1.313905
-3.648292	0.309001	0.225216	0.003104	1.313903
-3.887384	0.350068	0.230221	0.003148	1.313903
-3.704511	0.327373	0.235226	0.003115	1.313913
-3.613894	0.132058	0.240230	0.003099	1.313692
-4.505242	0.220010	0.245235	0.003263	1.313614
-4.840924	0.350256	0.250240	0.003326	1.313703
-4.145038	0.222210	0.255245	0.003198	1.313690
-4.300402	0.181563	0.260250	0.003227	1.313608
-4.156525	0.155222	0.265254	0.003201	1.313605
-4.533588	-0.004810	0.270259	0.003271	1.313330
-5.055890	0.038030	0.275264	0.003367	1.313273
-4.977410	0.029638	0.280269	0.003353	1.313279
-5.058124	0.039619	0.285274	0.003369	1.313274
-5.119793	0.052228	0.290278	0.003381	1.313276
-6.170260	0.228499	0.295283	0.003574	1.313274
-5.983091	0.195716	0.300288	0.003540	1.313272
-5.086374	0.054334	0.305293	0.003376	1.313284
-5.293721	-0.056701	0.310298	0.003414	1.313105
-6.218735	-0.008049	0.315302	0.003585	1.312972
-6.619856	0.084133	0.320307	0.003659	1.313001
-6.297618	0.254020	0.325312	0.003600	1.313276
-5.942446	-0.011520	0.330317	0.003535	1.313023
-6.146355	-0.019987	0.335322	0.003573	1.312970
-6.123397	-0.019739	0.340326	0.003570	1.312975
-6.970509	-0.100094	0.345331	0.003726	1.312700
-6.767817	0.056463	0.350336	0.003689	1.312933
-6.554383	-0.193475	0.355341	0.003650	1.312671
-7.294483	-0.073707	0.360346	0.003787	1.312663
-7.525862	-0.031779	0.365350	0.003830	1.312666
-7.279253	-0.067826	0.370355	0.003785	1.312673
-7.159306	-0.105442	0.375360	0.003763	1.312651
-7.716567	-0.002907	0.380365	0.003866	1.312660
-8.450853	0.125034	0.385370	0.004002	1.312664
-7.831657	0.019197	0.390374	0.003888	1.312663
-7.471009	-0.034958	0.395379	0.003822	1.312671
-8.153958	0.076401	0.400384	0.003949	1.312665
-8.380093	0.116169	0.405389	0.003991	1.312666
-8.616450	0.156142	0.410394	0.004035	1.312666
-8.033364	-0.032232	0.415398	0.003928	1.312555
-9.033820	0.019786	0.420403	0.004112	1.312411
-9.260930	0.246106	0.425408	0.004154	1.312641
-8.792977	0.194761	0.430413	0.004069	1.312675
-8.843445	0.156758	0.435418	0.004078	1.312617
-8.753490	-0.023053	0.440422	0.004062	1.312415
-8.811782	-0.012414	0.445427	0.004074	1.312415
-9.807371	0.150191	0.450432	0.004257	1.312407
-9.342854	0.074877	0.455437	0.004172	1.312411
-9.522326	0.097903	0.460442	0.004206	1.312401
-9.446298	0.010380	0.465446	0.004192	1.312309
-10.552101	0.069403	0.470451	0.004396	1.312151
-10.107445	0.207322	0.475456	0.004315	1.312413
-9.320542	-0.052245	0.480461	0.004170	1.312257
-11.156224	0.111036	0.485466	0.004509	1.312075
-10.231703	0.224495	0.490470	0.004339	1.312406
-10.234981	-0.032750	0.495475	0.004340	1.312089
-11.526824	0.216218	0.500480	0.004578	1.312126
-9.854713	0.105768	0.505485	0.004271	1.312338
-10.887335	0.060280	0.510490	0.004461	1.312067
-10.990844	0.085317	0.515494	0.004481	1.312075
-11.051611	0.095676	0.520499	0.004492	1.312075
-11.628383	0.190711	0.525504	0.004599	1.312071
-11.012983	0.097526	0.530509	0.004486	1.312084
-11.478032	0.014795	0.535514	0.004572	1.311885
-12.307029	0.270526	0.540518	0.004725	1.312027
-10.697389	-0.146935	0.545523	0.004429	1.311848
-13.153848	0.347115	0.550528	0.004882	1.311944
-11.088576	-0.022573	0.555533	0.004502	1.311919
-12.747476	0.131596	0.560538	0.004808	1.311762
-12.388562	0.066284	0.565542	0.004742	1.311756
-12.654101	0.163825	0.570547	0.004792	1.311821
-11.844983	0.106967	0.575552	0.004643	1.311919
-12.264784	0.046781	0.580557	0.004721	1.311757
-12.779830	-0.001444	0.585562	0.004816	1.311590
-13.631040	0.283127	0.590566	0.004973	1.311762
-12.491446	-0.034855	0.595571	0.004764	1.311608
-13.714410	0.296745	0.600576	0.004989	1.311760
-12.094839	-0.103883	0.605581	0.004692	1.311605
-14.166165	0.109525	0.610586	0.005073	1.311435
-13.665201	0.259817	0.615590	0.004981	1.311724
-13.131420	-0.040673	0.620595	0.004884	1.311465
-14.773660	0.340976	0.625600	0.005186	1.311592
-11.966646	-0.186845	0.630605	0.004670	1.311527
-15.285418	0.109271	0.635610	0.005282	1.311200
-15.032918	0.445899	0.640614	0.005235	1.311665
-12.789304	-0.086297	0.645619	0.004823	1.311478
-14.650058	0.191895	0.650624	0.005166	1.311432
-14.190450	0.069944	0.655629	0.005082	1.311377
-14.947012	-0.003566	0.660634	0.005222	1.311129
-15.273222	0.267738	0.665638	0.005282	1.311394
-14.502849	-0.019485	0.670643	0.005141	1.311201
-15.969403	0.346805	0.675648	0.005411	1.311345
-14.073470	-0.029782	0.680653	0.005062	1.311277
-15.947230	0.163037	0.685658	0.005408	1.311123
-15.419941	0.292284	0.690662	0.005311	1.311391
-14.429264	-0.183236	0.695667	0.005129	1.311013
-17.704943	0.550573	0.700672	0.005732	1.311232
-14.352248	0.068084	0.705677	0.005116	1.311337
-16.017316	0.036595	0.710682	0.005423	1.310951
-16.601042	0.279276	0.715686	0.005531	1.311127
-15.201488	0.010032	0.720691	0.005273	1.311087
-17.269943	0.174840	0.725696	0.005655	1.310859
-15.945618	0.224326	0.730701	0.005411	1.311195
-16.517171	0.029401	0.735706	0.005517	1.310836
-16.909521	0.311222	0.740710	0.005589	1.311100
-15.993235	-0.039612	0.745715	0.005421	1.310859
-17.431028	0.156612	0.750720	0.005686	1.310800
-17.357620	0.210596	0.755725	0.005673	1.310882
-15.972039	-0.156224	0.760730	0.005419	1.310719
-18.648964	0.354391	0.765734	0.005912	1.310788
-17.074165	0.100540	0.770739	0.005622	1.310804
-17.319914	0.143129	0.775744	0.005668	1.310805
-17.298102	0.145532	0.780749	0.005664	1.310812
-17.558021	-0.044454	0.785754	0.005713	1.310523
-18.762782	0.345112	0.790758	0.005935	1.310751
-17.325331	-0.015310	0.795763	0.005671	1.310607
-19.466123	0.380473	0.800768	0.006065	1.310647
-17.265616	0.115527	0.805773	0.005661	1.310779
-18.185550	0.041244	0.810778	0.005831	1.310496
-19.298161	0.232737	0.815782	0.006036	1.310499
-18.544450	0.115006	0.820787	0.005897	1.310511
-18.954100	0.176034	0.825792	0.005973	1.310500
-18.836578	0.243096	0.830797	0.005952	1.310606
-18.501312	0.104084	0.835802	0.005891	1.310505
-19.315691	0.239969	0.840806	0.006041	1.310502
-18.202280	-0.092509	0.845811	0.005837	1.310325
-20.892530	0.269121	0.850816	0.006332	1.310208
-19.809101	0.329349	0.855821	0.006133	1.310508
-18.576931	-0.042164	0.860826	0.005907	1.310307
-21.036183	0.379145	0.865830	0.006360	1.310312
-18.443500	-0.036777	0.870835	0.005883	1.310340
-21.127459	0.289009	0.875840	0.006378	1.310181
-20.473447	0.181753	0.880845	0.006258	1.310185
-19.736796	0.055038	0.885850	0.006122	1.310182
-21.320465	0.343040	0.890854	0.006414	1.310206
-19.434493	0.086899	0.895859	0.006068	1.310284
-21.086521	0.217861	0.900864	0.006372	1.310100
-20.811920	0.247742	0.905869	0.006322	1.310194
-19.748433	-0.049276	0.910874	0.006127	1.310049
-22.755240	0.384110	0.915878	0.006681	1.309955
-20.412003	0.177514	0.920883	0.006250	1.310189
-21.250026	0.076158	0.925888	0.006405	1.309889
-22.318415	0.435167	0.930893	0.006602	1.310108
-20.153429	-0.023477	0.935898	0.006203	1.309994
-22.913766	0.408697	0.940902	0.006712	1.309950
-21.045372	0.116551	0.945907	0.006368	1.309980
-22.184285	0.230344	0.950912	0.006579	1.309882
-22.394637	0.276203	0.955917	0.006618	1.309894
-21.185261	0.053906	0.960922	0.006396	1.309872
-23.536065	0.318687	0.965926	0.006829	1.309707
-21.929705	0.193942	0.970931	0.006533	1.309888
-22.450892	0.279335	0.975936	0.006630	1.309884
-22.418243	0.097252	0.980941	0.006624	1.309667
-22.995810	0.193533	0.985946	0.006731	1.309664
-23.738722	0.270004	0.990950	0.006868	1.309603
-21.734818	0.130795	0.995955	0.006500	1.309849
-23.630850	0.279978	1.000960	0.006849	1.309637

-22.897190	0.118765	1.010957	0.006715	1.309590
-22.279779	0.053212	1.020954	0.006602	1.309637
-23.458301	0.304862	1.030950	0.006820	1.309700
-22.838712	0.261684	1.040947	0.006707	1.309776
-23.337098	0.268007	1.050944	0.006799	1.309678
-22.502328	0.117417	1.060941	0.006646	1.309666
-22.395128	0.190468	1.070938	0.006627	1.309778
-22.587750	0.230350	1.080934	0.006664	1.309786
-22.717045	0.282687	1.090931	0.006688	1.309822
-23.386482	0.388941	1.100928	0.006812	1.309812
-21.593166	0.040300	1.110925	0.006483	1.309756
-22.294131	0.273989	1.120922	0.006613	1.309897
-22.011044	0.198582	1.130918	0.006562	1.309862
-22.736397	0.310180	1.140915	0.006696	1.309847
-22.411622	0.202238	1.150912	0.006637	1.309781
-21.665802	0.162453	1.160909	0.006501	1.309887
-22.086472	0.243262	1.170906	0.006579	1.309897
-22.104298	0.242918	1.180902	0.006583	1.309892
-22.257271	0.271508	1.190899	0.006612	1.309895
-21.779142	0.188400	1.200896	0.006525	1.309891
-21.485211	0.132881	1.210893	0.006472	1.309883
-21.499757	0.265016	1.220890	0.006475	1.310042
-22.083954	0.240435	1.230886	0.006583	1.309889
-21.865664	0.292519	1.240883	0.006544	1.309998
-21.351294	0.133514	1.250880	0.006450	1.309908
-20.764704	0.060935	1.260877	0.006343	1.309940
-21.893223	0.310156	1.270874	0.006552	1.310011
-21.952795	0.310976	1.280870	0.006563	1.309998
-21.369983	0.250794	1.290867	0.006457	1.310045
-20.936917	0.125130	1.300864	0.006378	1.309980
-20.633413	0.148425	1.310861	0.006323	1.310070
-21.099138	0.206307	1.320858	0.006409	1.310044
-21.327992	0.250867	1.330854	0.006452	1.310050
-21.528709	0.264801	1.340851	0.006490	1.310024
-20.839806	0.129780	1.350848	0.006364	1.310001
-19.995130	0.122637	1.360845	0.006210	1.310167
-21.276263	0.300375	1.370842	0.006446	1.310118
-21.492355	0.322313	1.380838	0.006487	1.310099
-20.484819	0.141119	1.390835	0.006302	1.310085
-20.102364	0.154285	1.400832	0.006233	1.310180
-20.389582	0.204477	1.410829	0.006286	1.310181
-20.715372	0.263364	1.420826	0.006347	1.310184
-20.240505	0.183098	1.430822	0.006260	1.310184
-21.066180	0.280679	1.440819	0.006413	1.310131
-19.854952	0.146563	1.450816	0.006191	1.310217
-19.821012	0.127025	1.460813	0.006186	1.310199
-20.609795	0.223373	1.470810	0.006332	1.310153
-20.854229	0.367796	1.480806	0.006378	1.310278
-19.933167	0.174439	1.490803	0.006209	1.310231
-19.111034	0.078358	1.500800	0.006058	1.310284
-19.934940	0.276613	1.510797	0.006211	1.310355
-20.337434	0.329875	1.520794	0.006286	1.310336
-20.173080	0.270891	1.530790	0.006256	1.310296
-19.543201	0.186350	1.540787	0.006141	1.310323
-19.178050	0.166302	1.550784	0.006075	1.310373
-19.423103	0.212018	1.560781	0.006121	1.310377
-19.833572	0.271143	1.570778	0.006197	1.310364
-19.872480	0.232933	1.580774	0.006205	1.310308
-19.534064	0.192247	1.590771	0.006144	1.310327
-18.545282	0.045501	1.600768	0.005962	1.310352
-19.673125	0.301356	1.610765	0.006171	1.310430
-19.349635	0.306358	1.620762	0.006112	1.310503
-19.476392	0.171108	1.630758	0.006136	1.310309
-18.453470	0.117407	1.640755	0.005949	1.310456
-19.050539	0.177321	1.650752	0.006060	1.310404
-18.876606	0.230670	1.660749	0.006028	1.310505
-19.631330	0.276300	1.670746	0.006168	1.310403
-18.957454	0.235664	1.680742	0.006045	1.310492
-18.454987	0.149962	1.690739	0.005953	1.310491
-18.728726	0.201682	1.700736	0.006004	1.310496
-18.562897	0.253232	1.710733	0.005975	1.310593
-19.063064	0.247780	1.720730	0.006068	1.310481
-18.301601	0.140253	1.730726	0.005928	1.310507
-18.598240	0.189115	1.740723	0.005984	1.310504
-17.713926	0.109783	1.750720	0.005822	1.310590
-18.764111	0.306719	1.760717	0.006016	1.310612
-18.689748	0.202082	1.770714	0.006003	1.310498
-18.199702	0.180014	1.780710	0.005914	1.310572
-17.807762	0.153467	1.790707	0.005842	1.310620
-17.809381	0.191312	1.800704	0.005843	1.310666
-18.657831	0.286179	1.810701	0.006000	1.310604
-18.381402	0.242334	1.820698	0.005950	1.310607
-17.436785	0.106958	1.830694	0.005777	1.310637
-17.592771	0.172102	1.840691	0.005807	1.310683
-17.670823	0.164031	1.850688	0.005822	1.310656
-18.226959	0.292202	1.860685	0.005925	1.310697
-17.838483	0.161737	1.870682	0.005855	1.310617
-17.739257	0.194320	1.880678	0.005837	1.310676
-16.946674	0.167353	1.890675	0.005692	1.310807
-17.180777	0.070080	1.900672	0.005736	1.310638
-18.213464	0.294692	1.910669	0.005927	1.310698
-17.255962	0.148999	1.920666	0.005751	1.310718
-17.051452	0.095662	1.930662	0.005715	1.310694
-17.414800	0.252903	1.940659	0.005782	1.310810
-16.880698	0.161399	1.950656	0.005685	1.310808
-17.744416	0.222353	1.960653	0.005845	1.310702
-16.545130	0.104994	1.970650	0.005625	1.310807
-16.805555	0.149372	1.980646	0.005674	1.310806
-16.972126	0.176704	1.990643	0.005705	1.310804
-16.877849	0.167727	2.000640	0.005688	1.310812
-17.136475	0.211418	2.010637	0.005737	1.310811
-16.617302	0.119010	2.020634	0.005642	1.310804
-17.049300	0.240712	2.030630	0.005723	1.310863
-16.276926	0.154111	2.040627	0.005581	1.310916
-16.717062	0.236692	2.050624	0.005663	1.310925
-16.604903	0.221379	2.060621	0.005643	1.310929
-15.999556	0.072916	2.070618	0.005533	1.310872
-16.200252	0.155370	2.080614	0.005570	1.310930
-16.459796	0.221407	2.090611	0.005619	1.310956
-16.321459	0.235806	2.100608	0.005594	1.311002
-16.625203	0.185659	2.110605	0.005651	1.310876
-16.027773	0.189996	2.120602	0.005542	1.311005
-15.561553	0.144078	2.130598	0.005457	1.311045
-15.911618	0.159637	2.140595	0.005522	1.310990
-16.299963	0.281263	2.150592	0.005594	1.311058
-16.190065	0.204652	2.160589	0.005575	1.310985
-15.103485	0.129309	2.170586	0.005376	1.311118
-15.806885	0.163392	2.180582	0.005506	1.311013
-15.976714	0.247362	2.190579	0.005538	1.311079
-15.273941	0.177842	2.200576	0.005410	1.311139
-16.287415	0.257970	2.210573	0.005597	1.311026
-14.621799	0.027042	2.220570	0.005291	1.311088
-15.939095	0.253268	2.230566	0.005535	1.311091
-15.568505	0.228833	2.240563	0.005467	1.311137
-15.036264	0.136883	2.250560	0.005370	1.311134
-15.167417	0.158977	2.260557	0.005395	1.311133
-15.343175	0.188627	2.270554	0.005428	1.311132
-15.222829	0.172501	2.280550	0.005407	1.311136
-14.764841	0.186177	2.290547	0.005323	1.311247
-14.936460	0.174612	2.300544	0.005356	1.311196
-15.009935	0.137073	2.310541	0.005370	1.311134
-15.090161	0.175278	2.320538	0.005386	1.311163
-14.560076	0.216750	2.330534	0.005289	1.311324
-14.837610	0.259952	2.340531	0.005341	1.311318
-14.802790	0.223079	2.350528	0.005335	1.311279
-14.821830	0.227515	2.360525	0.005340	1.311279
-13.896179	0.138058	2.370522	0.005170	1.311361
-14.638118	0.226224	2.380518	0.005307	1.311314
-14.513374	0.207382	2.390515	0.005285	1.311316
-14.411552	0.195158	2.400512	0.005267	1.311321
-14.119871	0.152869	2.410509	0.005215	1.311329
-14.400008	0.226980	2.420506	0.005267	1.311361
-14.280645	0.279021	2.430502	0.005246	1.311449
-13.970977	0.113146	2.440499	0.005190	1.311309
-14.318270	0.282980	2.450496	0.005254	1.311444
-13.641503	0.166867	2.460493	0.005131	1.311441
-13.895589	0.210803	2.470490	0.005178	1.311441
-13.648789	0.159452	2.480486	0.005134	1.311429
-14.177213	0.194906	2.490483	0.005232	1.311361
-14.035996	0.237456	2.500480	0.005207	1.311442
-13.568843	0.161243	2.510477	0.005121	1.311445
-13.340745	0.227251	2.520474	0.005080	1.311572
-13.823206	0.206881	2.530470	0.005170	1.311446
-13.374374	0.249936	2.540467	0.005088	1.311591
-13.714145	0.243752	2.550464	0.005151	1.311512
-13.211912	0.197668	2.560461	0.005060	1.311559
-13.122847	0.198231	2.570458	0.005044	1.311577
-13.603401	0.274488	2.580454	0.005133	1.311570
-12.787605	0.081639	2.590451	0.004984	1.311502
-13.142883	0.293181	2.600448	0.005050	1.311687
-13.095874	0.169681	2.610445	0.005043	1.311544
-12.899059	0.183483	2.620442	0.005007	1.311601
-13.003293	0.257512	2.630438	0.005027	1.311669
-13.018253	0.223845	2.640435	0.005031	1.311624
-12.367834	0.210054	2.650432	0.004912	1.311742
-13.069663	0.125295	2.660429	0.005042	1.311490
-12.590949	0.264714	2.670426	0.004954	1.311760
-12.548888	0.147453	2.680422	0.004948	1.311624
-12.544620	0.255214	2.690419	0.004948	1.311756
-12.430350	0.237956	2.700416	0.004927	1.311758
-12.517725	0.128371	2.710413	0.004944	1.311604
-12.242288	0.206609	2.720410	0.004894	1.311757
-12.402705	0.236076	2.730406	0.004925	1.311759
-12.046990	0.175944	2.740403	0.004860	1.311758
-12.075851	0.178480	2.750400	0.004866	1.311754
-12.128148	0.183204	2.760397	0.004877	1.311748
-11.924256	0.152483	2.770394	0.004840	1.311752
-12.332951	0.179724	2.780390	0.004916	1.311699
-12.225076	0.213116	2.790387	0.004897	1.311762
-11.931160	0.242868	2.800384	0.004844	1.311859
-11.738553	0.204513	2.810381	0.004809	1.311851
-11.327276	0.253275	2.820378	0.004734	1.311995
-11.962010	0.166392	2.830374	0.004852	1.311755
-11.763711	0.301497	2.840371	0.004816	1.311962
-11.471203	0.199827	2.850368	0.004763	1.311897
-11.280242	0.193379	2.860365	0.004729	1.311928
-11.217592	0.238326	2.870362	0.004718	1.311995
-11.708377	0.245289	2.880358	0.004809	1.311900
-11.036706	0.170391	2.890355	0.004687	1.311947
-11.609165	0.210920	2.900352	0.004793	1.311877
-11.096065	0.277695	2.910349	0.004699	1.312065
-10.614511	0.152396	2.920346	0.004611	1.312010
-11.730654	0.305005	2.930342	0.004818	1.311964
-10.725295	0.219153	2.940339	0.004633	1.312067
-10.731433	0.220384	2.950336	0.004635	1.312066
-10.753985	0.124858	2.960333	0.004640	1.311944
-11.315467	0.319066	2.970330	0.004744	1.312064
-10.774911	0.224633	2.980326	0.004646	1.312060
-10.659237	0.214267	2.990323	0.004625	1.312070
-10.721084	0.323529	3.000320	0.004637	1.312191
-10.113808	0.247458	3.010317	0.004526	1.312223
-10.763213	0.231628	3.020314	0.004647	1.312067
-10.399938	0.390141	3.030310	0.004581	1.312336
-10.395218	0.261329	3.040307	0.004581	1.312178
-10.321349	0.238569	3.050304	0.004568	1.312165
-10.131005	0.245154	3.060301	0.004534	1.312211
-9.992274	0.355464	3.070298	0.004509	1.312375
-10.529593	0.321013	3.080294	0.004609	1.312220
-9.608430	0.287262	3.090291	0.004440	1.312369
-10.123526	0.190739	3.100288	0.004536	1.312142
-9.777093	0.314878	3.110285	0.004473	1.312366
-9.877023	0.340973	3.120282	0.004492	1.312376
-9.873790	0.166259	3.130278	0.004492	1.312161
-9.899005	0.364115	3.140275	0.004498	1.312398
-9.821418	0.354347	3.150272	0.004484	1.312401
-9.442781	0.289190	3.160269	0.004415	1.312399
-10.003285	0.457288	3.170266	0.004519	1.312488
-9.431739	0.426500	3.180262	0.004415	1.312568
-8.768828	0.204506	3.190259	0.004294	1.312433
-9.439438	0.292127	3.200256	0.004418	1.312400
-9.513798	0.303132	3.210253	0.004433	1.312397
-9.318128	0.347979	3.220250	0.004397	1.312492
-8.933883	0.210375	3.230246	0.004327	1.312402
-9.211570	0.257541	3.240243	0.004379	1.312401
-9.120045	0.241465	3.250240	0.004363	1.312399
-9.110888	0.424494	3.260237	0.004362	1.312625
-8.737994	0.391450	3.270234	0.004295	1.312661
-8.935552	0.289225	3.280230	0.004332	1.312493
-8.678564	0.211886	3.290227	0.004285	1.312451
-8.883279	0.408546	3.300224	0.004324	1.312649
-8.720768	0.387323	3.310221	0.004295	1.312656
-8.728896	0.393603	3.320218	0.004297	1.312661
-8.213564	0.309305	3.330214	0.004203	1.312664
-8.874625	0.418670	3.340211	0.004326	1.312659
-8.372029	0.332836	3.350208	0.004234	1.312658
-8.543293	0.361974	3.360205	0.004266	1.312657
-8.200537	0.368424	3.370202	0.004204	1.312735
-8.479660	0.412010	3.380198	0.004256	1.312730
-7.720425	0.363458	3.390195	0.004117	1.312827
-8.366193	0.389161	3.400192	0.004237	1.312723
-7.988056	0.436240	3.410189	0.004168	1.312859
-7.952398	0.341104	3.420186	0.004162	1.312748
-8.061776	0.392556	3.430182	0.004183	1.312788
-7.991939	0.530906	3.440179	0.004171	1.312971
-7.341358	0.390837	3.450176	0.004052	1.312934
-7.571987	0.339207	3.460173	0.004096	1.312821
-7.889262	0.271442	3.470170	0.004155	1.312671
-7.648501	0.476683	3.480166	0.004111	1.312972
-7.438642	0.331269	3.490163	0.004074	1.312837
-8.059428	0.541892	3.500160	0.004189	1.312965
-7.032430	0.374179	3.510157	0.004000	1.312972
-7.655350	0.480455	3.520154	0.004116	1.312972
-6.694533	0.316054	3.530150	0.003940	1.312969
-7.250510	0.415322	3.540147	0.004043	1.312974
-7.127689	0.253252	3.550144	0.004021	1.312800
-7.252301	0.412568	3.560141	0.004045	1.312968
-7.091033	0.389774	3.570138	0.004016	1.312973
-7.364476	0.434689	3.580134	0.004067	1.312970
-6.895279	0.602445	3.590131	0.003982	1.313273
-6.684216	0.461388	3.600128	0.003944	1.313143
-6.948928	0.382584	3.610125	0.003993	1.312990
-6.897981	0.607490	3.620122	0.003985	1.313276
-6.282312	0.453261	3.630118	0.003872	1.313213
-6.841760	0.537762	3.640115	0.003976	1.313200
-6.439469	0.531739	3.650112	0.003903	1.313275
-6.336947	0.512271	3.660109	0.003885	1.313272
-6.412462	0.428481	3.670106	0.003899	1.313152
-6.410460	0.445724	3.680102	0.003900	1.313173
-6.691560	0.578132	3.690099	0.003952	1.313276
-6.203864	0.496355	3.700096	0.003863	1.313276
-6.201299	0.494328	3.710093	0.003864	1.313273
-6.353605	0.681707	3.720090	0.003893	1.313470
-5.771747	0.565186	3.730086	0.003786	1.313447
-6.089366	0.660146	3.740083	0.003846	1.313497
-5.890269	0.471081	3.750080	0.003810	1.313305
-5.893233	0.704860	3.760077	0.003811	1.313591
-5.695254	0.555925	3.770074	0.003776	1.313448
-5.714357	0.681382	3.780070	0.003780	1.313597
-5.531711	0.625211	3.790067	0.003747	1.313565
-5.681241	0.576936	3.800064	0.003775	1.313474
-5.593132	0.622932	3.810061	0.003760	1.313548
-5.595608	0.662351	3.820058	0.003761	1.313595
-5.491897	0.651349	3.830054	0.003743	1.313602
-5.345874	0.625979	3.840051	0.003717	1.313600
-5.628317	0.668208	3.850048	0.003770	1.313592
-5.256925	0.781589	3.860045	0.003702	1.313807
-5.037667	0.814822	3.870042	0.003663	1.313893
-5.003271	0.643215	3.880038	0.003657	1.313689
-5.158788	0.755979	3.890035	0.003687	1.313794
-5.022662	0.680469	3.900032	0.003662	1.313728
-4.939304	0.802750	3.910029	0.003648	1.313895
-4.681876	0.764823	3.920026	0.003601	1.313901
-4.619966	0.670454	3.930022	0.003591	1.313797
-4.997454	0.747837	3.940019	0.003661	1.313812
-4.903644	0.804931	3.950016	0.003644	1.313901
-5.290414	1.015714	3.960013	0.003716	1.314078
-3.989233	0.873697	3.970010	0.003478	1.314173
-4.427064	0.726571	3.980006	0.003559	1.313901
-4.697520	0.941373	3.990003	0.003610	1.314107
-4.088729	0.919364	4.000000	0.003498	1.314206
-4.279421	0.699524	4.009997	0.003535	1.313896
-4.290653	0.911544	4.019994	0.003537	1.314152
-3.935293	0.872909	4.029990	0.003473	1.314178
-4.284873	0.771203	4.039987	0.003538	1.313980
-3.890263	0.867640	4.049984	0.003466	1.314179
-3.981732	0.856990	4.059981	0.003484	1.314146
-3.998923	0.804753	4.069978	0.003488	1.314077
-4.141165	0.945452	4.079974	0.003515	1.314219
-4.179215	0.994615	4.089971	0.003523	1.314271
-3.728543	1.133508	4.099968	0.003440	1.314534
-3.496354	0.977100	4.109965	0.003398	1.314389
-3.548500	0.853045	4.119962	0.003409	1.314225
-3.598068	1.088194	4.129958	0.003419	1.314502
-3.539669	1.093609	4.139955	0.003409	1.314520
-3.259887	1.049095	4.149952	0.003358	1.314523
-3.305671	0.949775	4.159949	0.003368	1.314391
-3.642021	1.119230	4.169946	0.003430	1.314528
-3.570049	1.162526	4.179942	0.003418	1.314595
-3.202852	1.196457	4.189939	0.003351	1.314711
-2.984822	1.155833	4.199936	0.003312	1.314706
-3.092448	1.226362	4.209933	0.003332	1.314769
-2.945646	1.143519	4.219930	0.003306	1.314697
-2.725071	1.223022	4.229926	0.003266	1.314839
-2.984316	1.064025	4.239923	0.003315	1.314590
-2.649397	1.063367	4.249920	0.003254	1.314658
-3.002242	1.252670	4.259917	0.003320	1.314815
-2.735799	1.240973	4.269914	0.003271	1.314855
-2.702486	1.238328	4.279910	0.003266	1.314858
-2.522005	1.204637	4.289907	0.003234	1.314853
-2.315629	1.173514	4.299904	0.003197	1.314857
-2.657662	1.232775	4.309901	0.003260	1.314858
-2.418456	1.355394	4.319898	0.003217	1.315057
-2.405041	1.435301	4.329894	0.003215	1.315156
-2.064287	1.377021	4.339891	0.003154	1.315155
-1.688735	1.098475	4.349888	0.003085	1.314891
-2.182920	1.153903	4.359885	0.003177	1.314855
-2.422832	1.296220	4.369882	0.003222	1.314979
-2.155259	1.389485	4.379878	0.003174	1.315147
-1.569048	1.221749	4.389875	0.003067	1.315063
-2.008245	1.364650	4.399872	0.003148	1.315146
-2.030415	1.373954	4.409869	0.003153	1.315151
-1.806609	1.338541	4.419866	0.003113	1.315154
-2.077061	1.530211	4.429862	0.003163	1.315331
-1.340476	1.515438	4.439859	0.003028	1.315465
-1.205839	1.267939	4.449856	0.003005	1.315189
-1.952110	1.455571	4.459853	0.003143	1.315263
-1.348140	1.519602	4.469850	0.003032	1.315466
-1.179991	1.491191	4.479846	0.003002	1.315465
-1.305423	1.427803	4.489843	0.003026	1.315360
-1.593337	1.563607	4.499840	0.003080	1.315466
-1.464557	1.581114	4.509837	0.003057	1.315513
-1.103284	1.734348	4.519834	0.002991	1.315775
-0.894568	1.700344	4.529830	0.002954	1.315775
-0.981362	1.521817	4.539827	0.002971	1.315538
-1.058378	1.728844	4.549824	0.002985	1.315775
-0.717538	1.669659	4.559821	0.002924	1.315772
-0.516315	1.539638	4.569818	0.002887	1.315653
-1.290729	1.663749	4.579814	0.003031	1.315644
-0.731459	1.668818	4.589811	0.002929	1.315765
-0.568102	1.645623	4.599808	0.002899	1.315770
-0.958032	1.850443	4.609805	0.002972	1.315939
-0.180543	1.844320	4.619802	0.002830	1.316091
-0.291717	1.619628	4.629798	0.002851	1.315792
-0.530495	1.847446	4.639795	0.002896	1.316021
-0.399905	1.888035	4.649792	0.002872	1.316096
0.000000	1.819096	4.659789	0.002800	1.316094

-0.082293	1.829077	4.664794	0.002815	1.316089
-0.185004	2.009038	4.669798	0.002834	1.316287
0.508201	2.037737	4.674803	0.002707	1.316465
0.537066	2.254997	4.679808	0.002702	1.316737
0.751597	2.507816	4.684813	0.002663	1.317090
1.538812	2.619262	4.689818	0.002518	1.317389
1.734662	2.809242	4.694822	0.002482	1.317661
2.004078	3.065885	4.699827	0.002433	1.318030
2.232473	3.347321	4.704832	0.002391	1.318421
2.967971	3.597272	4.709837	0.002256	1.318878
3.369760	3.856989	4.714842	0.002182	1.319277
4.009890	4.095717	4.719846	0.002064	1.319700
4.774245	4.246752	4.724851	0.001924	1.320042
5.205702	4.435144	4.729856	0.001845	1.320361
5.402998	4.722567	4.734861	0.001809	1.320751
5.703108	5.020988	4.739866	0.001754	1.321177
6.185208	5.272906	4.744870	0.001665	1.321583
6.414802	5.661976	4.749875	0.001623	1.322104
7.184345	5.853644	4.754880	0.001481	1.322495
7.750150	6.140929	4.759885	0.001378	1.322961
8.308986	6.359755	4.764890	0.001275	1.323342
8.821493	6.600888	4.769894	0.001181	1.323740
9.405893	6.849024	4.774899	0.001073	1.324162
9.673620	7.126458	4.779904	0.001024	1.324554
10.340879	7.347126	4.784909	0.000902	1.324959
10.625162	7.650227	4.789914	0.000849	1.325385
11.143731	7.933093	4.794918	0.000754	1.325835
11.478418	8.220197	4.799923	0.000693	1.326252
12.015294	8.545494	4.804928	0.000594	1.326757
12.844273	8.745130	4.809933	0.000442	1.327169
13.212257	8.961271	4.814938	0.000374	1.327506
13.862892	9.191215	4.819942	0.000255	1.327918
14.555996	9.350352	4.824947	0.000127	1.328252
15.055537	9.552539	4.829952	0.000035	1.328599
15.045783	9.846792	4.834957	0.000037	1.328954
15.343685	10.191555	4.839962	-0.000017	1.329432
15.882060	10.491872	4.844966	-0.000116	1.329905
16.368095	10.790417	4.849971	-0.000205	1.330366
16.669185	11.117725	4.854976	-0.000261	1.330823
17.158523	11.482329	4.859981	-0.000351	1.331363
17.550649	11.825725	4.864986	-0.000423	1.331858
17.745622	12.243038	4.869990	-0.000459	1.332402
18.039505	12.669536	4.874995	-0.000513	1.332977
18.463317	13.130268	4.880000	-0.000590	1.333619
19.073451	13.549233	4.885005	-0.000703	1.334249
19.197534	14.054482	4.890010	-0.000725	1.334884
19.485246	14.600054	4.895014	-0.000778	1.335600
20.133494	15.078941	4.900019	-0.000898	1.336308
20.541835	15.608802	4.905024	-0.000973	1.337029
21.031510	16.084918	4.910029	-0.001063	1.337701
21.459789	16.587789	4.915034	-0.001142	1.338393
21.746186	17.168039	4.920038	-0.001194	1.339149
22.199122	17.744685	4.925043	-0.001278	1.339933
22.578217	18.322498	4.930048	-0.001348	1.340704
23.016122	18.939014	4.935053	-0.001428	1.341532
23.415495	19.538398	4.940058	-0.001502	1.342332
23.892279	20.120690	4.945062	-0.001590	1.343126
24.257483	20.760148	4.950067	-0.001657	1.343966
24.774116	21.386095	4.955072	-0.001752	1.344819
25.172971	22.048311	4.960077	-0.001826	1.345692
25.566093	22.700228	4.965082	-0.001898	1.346550
26.034323	23.352220	4.970086	-0.001984	1.347424
26.528368	24.005573	4.975091	-0.002075	1.348303
26.887695	24.694584	4.980096	-0.002142	1.349197
27.382061	25.388811	4.985101	-0.002233	1.350124
27.651582	26.125976	4.990106	-0.002282	1.351057
28.093039	26.863004	4.995110	-0.002364	1.352023
28.529420	27.582721	5.000115	-0.002444	1.352967
29.007207	28.345126	5.005120	-0.002532	1.353969
29.389321	29.115110	5.010125	-0.002603	1.354960
29.942558	29.855283	5.015130	-0.002705	1.355949
30.023936	30.707883	5.020134	-0.002720	1.356977
30.572225	31.493092	5.025139	-0.002821	1.358017
30.910870	32.335817	5.030144	-0.002883	1.359083
31.466765	33.184721	5.035149	-0.002986	1.360198
32.059217	33.978356	5.040154	-0.003095	1.361255
32.383886	34.841349	5.045158	-0.003155	1.362339
32.820868	35.657865	5.050163	-0.003236	1.363390
33.219209	36.558212	5.055168	-0.003309	1.364531
33.415569	37.506654	5.060173	-0.003346	1.365688
33.922993	38.425149	5.065178	-0.003439	1.366870
34.432163	39.318102	5.070182	-0.003533	1.368022
35.075426	40.207380	5.075187	-0.003652	1.369195
35.565374	41.090791	5.080192	-0.003742	1.370329
35.997461	42.010434	5.085197	-0.003822	1.371494
36.189733	42.956662	5.090202	-0.003858	1.372641
36.629348	43.939502	5.095206	-0.003939	1.373880
36.908638	44.955762	5.100211	-0.003991	1.375124
37.295522	45.994274	5.105216	-0.004062	1.376415
37.778598	46.998413	5.110221	-0.004151	1.377683
38.242851	48.031217	5.115226	-0.004237	1.378980
38.598512	49.092856	5.120230	-0.004303	1.380288
38.823578	50.214388	5.125235	-0.004345	1.381638
39.481314	51.244730	5.130240	-0.004466	1.382966
39.889499	52.350244	5.135245	-0.004542	1.384332
40.296362	53.447616	5.140250	-0.004617	1.385686
40.701545	54.592174	5.145254	-0.004692	1.387093
41.189303	55.682221	5.150259	-0.004782	1.388452
41.553177	56.839416	5.155264	-0.004849	1.389863
42.173089	57.981305	5.160269	-0.004964	1.391304
42.585735	59.086247	5.165274	-0.005040	1.392661
43.204882	60.202027	5.170278	-0.005155	1.394070
43.516559	61.372866	5.175283	-0.005212	1.395480
44.171894	62.463006	5.180288	-0.005333	1.396863
44.506133	63.609218	5.185293	-0.005395	1.398247
44.938876	64.775542	5.190298	-0.005475	1.399672
45.328630	65.976323	5.195302	-0.005548	1.401127
45.795951	67.138757	5.200307	-0.005634	1.402551
46.295863	68.316485	5.205312	-0.005726	1.403997
46.729477	69.533928	5.210317	-0.005807	1.405474
47.087522	70.751093	5.215322	-0.005873	1.406935
47.514887	71.983121	5.220326	-0.005952	1.408425
47.845919	73.261015	5.225331	-0.006014	1.409947
48.942057	74.417867	5.230336	-0.006216	1.411476
50.722309	75.233627	5.235341	-0.006544	1.412745
51.764727	76.033508	5.240346	-0.006736	1.413854
52.281432	76.859825	5.245350	-0.006831	1.414892
52.588046	77.742225	5.250355	-0.006888	1.415953
53.017663	78.597032	5.255360	-0.006967	1.417006
53.449850	79.464358	5.260365	-0.007047	1.418072
53.992253	80.359249	5.265370	-0.007147	1.419189
54.167803	81.308793	5.270374	-0.007180	1.420298
54.527965	82.265848	5.275379	-0.007246	1.421450
55.011772	83.214222	5.280384	-0.007335	1.422614
55.240082	84.237311	5.285389	-0.007378	1.423813
55.726527	85.258335	5.290394	-0.007468	1.425058
55.979376	86.331892	5.295398	-0.007514	1.426317
56.379864	87.378280	5.300403	-0.007588	1.427572
56.746319	88.500263	5.305408	-0.007656	1.428904
57.180184	89.596272	5.310413	-0.007737	1.430219
57.422588	90.760819	5.315418	-0.007782	1.431573
57.850418	91.938474	5.320422	-0.007861	1.432976
58.320308	93.096842	5.325427	-0.007948	1.434364
58.723327	94.300490	5.330432	-0.008022	1.435788
59.080040	95.473833	5.335437	-0.008088	1.437168
59.555753	96.694240	5.340442	-0.008176	1.438622
59.903700	97.957598	5.345446	-0.008241	1.440099
60.356540	99.213200	5.350451	-0.008325	1.441585
60.925155	100.412353	5.355456	-0.008430	1.443028
61.421893	101.665205	5.360461	-0.008522	1.444516
61.834704	102.932072	5.365466	-0.008598	1.446002
62.380092	104.142664	5.370470	-0.008699	1.447449
62.937245	105.378636	5.375475	-0.008802	1.448925
63.365551	106.636230	5.380480	-0.008881	1.450399
63.795910	107.895702	5.385485	-0.008961	1.451874
64.181497	109.179113	5.390490	-0.009032	1.453366
64.616573	110.469934	5.395494	-0.009113	1.454874
64.844613	111.848171	5.400499	-0.009155	1.456439
65.308678	113.188302	5.405504	-0.009241	1.458003
65.639463	114.595973	5.410509	-0.009303	1.459616
66.394064	115.902726	5.415514	-0.009442	1.461193
66.898982	117.218757	5.420518	-0.009536	1.462733
67.164281	118.604075	5.425523	-0.009585	1.464304
67.471263	120.026108	5.430528	-0.009642	1.465921
67.904922	121.419997	5.435533	-0.009723	1.467528
68.183938	122.900590	5.440538	-0.009774	1.469200
68.688522	124.371648	5.445542	-0.009868	1.470901
69.199332	125.803768	5.450547	-0.009963	1.472559
69.704639	127.256718	5.455552	-0.010056	1.474236
70.242806	128.732195	5.460557	-0.010156	1.475942
70.502334	130.183885	5.465562	-0.010204	1.477570
71.059385	131.682504	5.470566	-0.010307	1.479301
71.452403	133.189747	5.475571	-0.010380	1.481009
71.997781	134.647449	5.480576	-0.010481	1.482689
72.234101	136.223445	5.485581	-0.010526	1.484440
72.651480	137.790021	5.490586	-0.010603	1.486211
73.317158	139.292906	5.495590	-0.010726	1.487955
73.567880	140.892410	5.500595	-0.010773	1.489728
74.056840	142.458654	5.505600	-0.010864	1.491505
74.544188	144.041803	5.510605	-0.010954	1.493298
75.082612	145.622713	5.515610	-0.011054	1.495095
75.525064	147.186439	5.520614	-0.011136	1.496855
75.667259	148.855779	5.525619	-0.011163	1.498672
76.310603	150.481603	5.530624	-0.011282	1.500529
76.729825	152.109905	5.535629	-0.011360	1.502348
77.235534	153.759385	5.540634	-0.011454	1.504201
77.802624	155.377907	5.545638	-0.011559	1.506031
78.255277	156.999520	5.550643	-0.011643	1.507841
78.621000	158.673517	5.555648	-0.011711	1.509689
79.357602	160.284976	5.560653	-0.011847	1.511534
79.793757	161.897113	5.565658	-0.011928	1.513325
80.291781	163.558094	5.570662	-0.012021	1.515176
80.801341	165.135686	5.575667	-0.012115	1.516938
81.188764	166.801225	5.580672	-0.012187	1.518770
81.488834	168.508879	5.585677	-0.012243	1.520629
81.769893	170.225102	5.590682	-0.012296	1.522492
82.239660	171.992933	5.595686	-0.012383	1.524439
82.571503	173.757229	5.600691	-0.012445	1.526356
83.093686	175.513870	5.605696	-0.012542	1.528296
83.574581	177.312551	5.610701	-0.012631	1.530270
83.897588	179.098590	5.615706	-0.012691	1.532202
84.247280	180.953312	5.620710	-0.012756	1.534207
84.614242	182.823818	5.625715	-0.012825	1.536229
85.056313	184.680159	5.630720	-0.012907	1.538247
85.349213	186.623670	5.635725	-0.012962	1.540327
85.601019	188.569194	5.640730	-0.013009	1.542399
86.086802	190.562316	5.645734	-0.013100	1.544558
86.443047	192.528849	5.650739	-0.013166	1.546665
86.947753	194.529018	5.655744	-0.013260	1.548829
87.475173	196.526290	5.660749	-0.013358	1.550990
87.881754	198.543272	5.665754	-0.013434	1.553149
88.373349	200.569107	5.670758	-0.013525	1.555328
88.716504	202.579454	5.675763	-0.013589	1.557462
89.079564	204.671616	5.680768	-0.013657	1.559682
89.668695	206.706890	5.685773	-0.013767	1.561878
90.084618	208.795304	5.690778	-0.013844	1.564096
90.721798	210.811155	5.695782	-0.013962	1.566274
91.162729	212.888049	5.700787	-0.014045	1.568478
91.650904	214.961453	5.705792	-0.014136	1.570684
92.263418	217.000828	5.710797	-0.014249	1.572872
92.549140	219.098046	5.715802	-0.014303	1.575062
93.164468	221.135510	5.720806	-0.014417	1.577243
93.600433	223.223565	5.725811	-0.014498	1.579442
93.887485	225.335603	5.730816	-0.014552	1.581638
94.378413	227.496695	5.735821	-0.014644	1.583914
94.782841	229.613342	5.740826	-0.014719	1.586128
95.287490	231.768139	5.745830	-0.014813	1.588394
95.481636	233.996755	5.750835	-0.014850	1.590679
96.008316	236.194809	5.755840	-0.014948	1.592986
96.360424	238.446237	5.760845	-0.015014	1.595314
96.709722	240.686948	5.765850	-0.015079	1.597627
97.078131	243.004802	5.770854	-0.015148	1.600018
97.423374	245.332068	5.775859	-0.015213	1.602411
97.935438	247.657576	5.780864	-0.015308	1.604825
98.359756	250.000510	5.785869	-0.015388	1.607240
98.717090	252.401382	5.790874	-0.015455	1.609697
99.248725	254.767814	5.795878	-0.015554	1.612145
99.978661	257.099623	5.800883	-0.015689	1.614586
100.338638	259.448303	5.805888	-0.015757	1.616981
100.935308	261.805136	5.810893	-0.015868	1.619418
101.142409	264.182941	5.815898	-0.015907	1.621810
101.603409	266.628844	5.820902	-0.015993	1.624306
102.201514	268.988178	5.825907	-0.016104	1.626735
102.399653	271.454383	5.830912	-0.016142	1.629202
102.754865	273.939795	5.835917	-0.016209	1.631708
103.099986	276.474135	5.840922	-0.016274	1.634258
103.528134	278.979298	5.845926	-0.016354	1.636788
104.131008	281.516519	5.850931	-0.016466	1.639373
104.580341	284.020325	5.855936	-0.016550	1.641898
105.301765	286.512867	5.860941	-0.016684	1.644450
105.483882	289.058860	5.865946	-0.016719	1.646965
106.213952	291.585089	5.870950	-0.016855	1.649544
106.720243	294.083130	5.875955	-0.016949	1.652056
107.118670	296.614764	5.880960	-0.017024	1.654579
107.567502	299.157011	5.885965	-0.017108	1.657117
107.984565	301.729602	5.890970	-0.017186	1.659675
108.528201	304.280565	5.895974	-0.017287	1.662229
108.912031	306.874558	5.900979	-0.017359	1.664794
109.382542	309.449537	5.905984	-0.017447	1.667352
109.938571	312.041512	5.910989	-0.017551	1.669934
110.457230	314.637758	5.915994	-0.017648	1.672511
111.110977	317.164035	5.920998	-0.017769	1.675038
111.757636	319.665035	5.926003	-0.017890	1.677536
112.298330	322.179344	5.931008	-0.017990	1.680026
112.724683	324.716604	5.936013	-0.018070	1.682517
113.138297	327.268840	5.941018	-0.018148	1.685016
113.685203	329.801114	5.946022	-0.018250	1.687514
114.224113	332.360954	5.951027	-0.018350	1.690032
114.640537	334.921781	5.956032	-0.018428	1.692529
115.155889	337.476448	5.961037	-0.018524	1.695031
115.467216	340.064787	5.966042	-0.018583	1.697530
115.801084	342.718972	5.971046	-0.018646	1.700091
116.290103	345.357978	5.976051	-0.018737	1.702658
116.503130	348.043934	5.981056	-0.018778	1.705223
117.018558	350.772085	5.986061	-0.018874	1.707869
117.495715	353.473614	5.991066	-0.018963	1.710481
118.035750	356.187599	5.996070	-0.019064	1.713110
118.540412	358.854984	6.001075	-0.019158	1.715686
118.868252	361.625208	6.006080	-0.019220	1.718327
119.367180	364.363187	6.011085	-0.019314	1.720960
119.807746	367.132870	6.016090	-0.019396	1.723610
120.455411	369.849442	6.021094	-0.019517	1.726237
120.764544	372.629975	6.026099	-0.019575	1.728869
120.921832	375.493991	6.031104	-0.019606	1.731551
121.549336	378.331453	6.036109	-0.019723	1.734275
122.099774	381.124919	6.041114	-0.019825	1.736943
122.716373	383.936746	6.046118	-0.019940	1.739633
123.427328	386.686175	6.051123	-0.020073	1.742275
123.773372	389.444106	6.056128	-0.020138	1.744867
124.602499	392.175153	6.061133	-0.020292	1.747502
124.886849	394.935726	6.066138	-0.020346	1.750079
125.277154	397.752770	6.071142	-0.020419	1.752721
125.656361	400.546136	6.076147	-0.020490	1.755334
126.098570	403.404755	6.081152	-0.020573	1.758013
126.564631	406.254661	6.086157	-0.020661	1.760683
126.949985	409.141709	6.091162	-0.020733	1.763371
127.445870	411.986756	6.096166	-0.020826	1.766033
127.864089	414.922456	6.101171	-0.020904	1.768762
128.127685	417.892257	6.106176	-0.020955	1.771495
128.717254	420.863178	6.111181	-0.021065	1.774272
129.124894	423.820773	6.116186	-0.021141	1.777006
129.463329	426.817148	6.121190	-0.021205	1.779761
129.860794	429.870871	6.126195	-0.021280	1.782572
130.214432	432.902043	6.131200	-0.021347	1.785352
130.817271	435.972461	6.136205	-0.021459	1.788198
131.195744	439.014562	6.141210	-0.021531	1.790983
131.434844	442.173569	6.146214	-0.021576	1.793847
132.167352	445.228603	6.151219	-0.021713	1.796685
132.568467	448.335660	6.156224	-0.021788	1.799517
132.981596	451.505058	6.161229	-0.021866	1.802402
133.639441	454.558584	6.166234	-0.021989	1.805214
134.331388	457.623462	6.171238	-0.022118	1.808037
134.596996	460.745971	6.176243	-0.022168	1.810845
135.257780	463.823748	6.181248	-0.022292	1.813666
135.788295	466.886864	6.186253	-0.022391	1.816451
136.333125	469.953311	6.191258	-0.022493	1.819236
136.637567	473.080232	6.196262	-0.022551	1.822037
137.217616	476.154803	6.201267	-0.022659	1.824826
137.729971	479.258726	6.206272	-0.022755	1.827627
138.137475	482.378735	6.211277	-0.022832	1.830423
138.630289	485.518640	6.216282	-0.022924	1.833244
138.849622	488.688212	6.221286	-0.022966	1.836049
139.298254	491.927164	6.226291	-0.023051	1.838941
139.729410	495.152498	6.231296	-0.023132	1.841815
140.189756	498.390962	6.236301	-0.023218	1.844700
140.637757	501.645249	6.241306	-0.023303	1.847592
140.913217	504.983025	6.246310	-0.023355	1.850528
141.484999	508.281669	6.251315	-0.023462	1.853467
141.881064	511.602012	6.256320	-0.023537	1.856395
142.383664	514.931156	6.261325	-0.023631	1.859341
142.656162	518.345763	6.266330	-0.023683	1.862325
143.127753	521.705680	6.271334	-0.023772	1.865284
143.545220	525.145589	6.276339	-0.023851	1.868299
143.970589	528.575422	6.281344	-0.023931	1.871302
144.495283	532.011851	6.286349	-0.024029	1.874319
144.837655	535.486054	6.291354	-0.024094	1.877339
145.283174	538.961252	6.296358	-0.024178	1.880369
145.705282	542.499569	6.301363	-0.024258	1.883444
145.972045	546.070679	6.306368	-0.024309	1.886522
146.451978	549.653502	6.311373	-0.024399	1.889633
146.976178	553.250922	6.316378	-0.024498	1.892757
147.609561	556.779468	6.321382	-0.024616	1.895832
148.112919	560.347350	6.326387	-0.024711	1.898918
148.586707	563.919599	6.331392	-0.024800	1.901998
149.162576	567.449953	6.336397	-0.024908	1.905052
149.625643	571.017072	6.341402	-0.024995	1.908117
150.089525	574.608010	6.346406	-0.025083	1.911197
150.565453	578.181637	6.351411	-0.025172	1.914259
151.083869	581.759743	6.356416	-0.025270	1.917325
151.628454	585.333155	6.361421	-0.025372	1.920386
152.248837	588.890526	6.366426	-0.025488	1.923439
152.856569	592.427118	6.371430	-0.025602	1.926467
153.319950	595.980642	6.376435	-0.025689	1.929487
153.997380	599.462685	6.381440	-0.025816	1.932469
154.630019	602.906559	6.386445	-0.025934	1.935410
155.021325	606.393591	6.391450	-0.026008	1.938351
155.414524	609.921638	6.396454	-0.026083	1.941321
156.190754	613.365064	6.401459	-0.026228	1.944266
156.720342	616.862684	6.406464	-0.026327	1.947220
157.235345	620.310065	6.411469	-0.026424	1.950125
157.774600	623.766412	6.416474	-0.026525	1.953037
158.385734	627.199435	6.421478	-0.026639	1.955935
159.112442	630.557130	6.426483	-0.026775	1.958781
159.558123	633.953383	6.431488	-0.026859	1.961619
160.018651	637.348781	6.436493	-0.026945	1.964454
160.492650	640.791163	6.441498	-0.027035	1.967324
160.968190	644.224716	6.446502	-0.027124	1.970184
161.445082	647.665142	6.451507	-0.027214	1.973045
161.774658	651.133405	6.456512	-0.027276	1.975905
162.402885	654.566658	6.461517	-0.027394	1.978771
162.770629	658.077491	6.466522	-0.027464	1.981663
163.187562	661.548527	6.471526	-0.027542	1.984525
163.636877	665.106497	6.476531	-0.027627	1.987456
164.207272	668.616113	6.481536	-0.027734	1.990359
164.619226	672.146275	6.486541	-0.027812	1.993255
165.134319	675.679755	6.491546	-0.027908	1.996162
165.594666	679.207599	6.496550	-0.027995	1.999054
166.103754	682.787711	6.501555	-0.028091	2.001989
166.650520	686.313829	6.506560	-0.028193	2.004881
167.250893	689.845757	6.511565	-0.028306	2.007780
167.831491	693.368270	6.516570	-0.028415	2.010665
168.306211	696.835025	6.521574	-0.028504	2.013489
168.728829	700.397414	6.526579	-0.028584	2.016378
169.033567	703.939035	6.531584	-0.028642	2.019232
169.685254	707.529330	6.536589	-0.028764	2.022163
170.306068	711.032725	6.541594	-0.028880	2.025017
170.742364	714.554283	6.546598	-0.028962	2.027859
171.350479	718.113588	6.551603	-0.029076	2.030747
171.760791	721.591872	6.556608	-0.029154	2.033543
172.259602	725.153806	6.561613	-0.029248	2.036413
172.816297	728.673182	6.566618	-0.029352	2.039251
173.435656	732.183482	6.571622	-0.029468	2.042086
173.957643	735.695915	6.576627	-0.029566	2.044907
174.304383	739.226302	6.581632	-0.029632	2.047717
174.807568	742.809307	6.586637	-0.029726	2.050583
175.403190	746.288474	6.591642	-0.029838	2.053375
175.794500	749.848663	6.596646	-0.029912	2.056202
176.278058	753.406591	6.601651	-0.030003	2.059034
176.943607	756.926927	6.606656	-0.030127	2.061854
177.288117	760.484710	6.611661	-0.030193	2.064662
177.726019	764.083277	6.616666	-0.030275	2.067508
178.212743	767.681725	6.621670	-0.030367	2.070357
178.719297	771.244563	6.626675	-0.030462	2.073176
179.121830	774.869498	6.631680	-0.030538	2.076026
179.740488	778.431427	6.636685	-0.030654	2.078850
180.340224	782.008393	6.641690	-0.030767	2.081679
180.652475	785.611707	6.646694	-0.030826	2.084491
181.131218	789.279545	6.651699	-0.030916	2.087368
181.856436	792.862252	6.656704	-0.031052	2.090205
182.488668	796.412704	6.661709	-0.031170	2.093002
182.886636	799.995982	6.666714	-0.031245	2.095793
183.315087	803.548921	6.671718	-0.031326	2.098560
183.894186	807.135353	6.676723	-0.031435	2.101367
184.473413	810.656136	6.681728	-0.031543	2.104121
185.127000	814.200179	6.686733	-0.031666	2.106896
185.561032	817.729244	6.691738	-0.031748	2.109632
186.036343	821.226776	6.696742	-0.031837	2.112344
186.687371	824.764304	6.701747	-0.031959	2.115104
187.133464	828.260422	6.706752	-0.032043	2.117805
187.605408	831.807590	6.711757	-0.032132	2.120544
187.984774	835.338176	6.716762	-0.032204	2.123256
188.565853	838.903950	6.721766	-0.032313	2.126015
189.027821	842.456092	6.726771	-0.032400	2.128746
189.263739	846.084417	6.731776	-0.032445	2.131505
189.908928	849.673835	6.736781	-0.032566	2.134277
190.373642	853.269371	6.741786	-0.032653	2.137030
190.783783	856.903336	6.746790	-0.032731	2.139803
191.272128	860.537254	6.751795	-0.032823	2.142580
191.781109	864.176918	6.756800	-0.032918	2.145360
192.151850	867.816575	6.761805	-0.032989	2.148121
192.678831	871.529012	6.766810	-0.033088	2.150951
193.128554	875.154602	6.771814	-0.033173	2.153703
193.748592	878.831163	6.776819	-0.033289	2.156509
194.190905	882.507274	6.781824	-0.033372	2.159290
194.579784	886.221971	6.786829	-0.033446	2.162091
194.998078	889.961017	6.791834	-0.033525	2.164909
195.422516	893.677791	6.796838	-0.033605	2.167708
196.061707	897.460065	6.801843	-0.033725	2.170576
196.664020	901.098052	6.806848	-0.033838	2.173329
197.022936	904.838083	6.811853	-0.033906	2.176126
197.320431	908.621086	6.816858	-0.033963	2.178945
197.756565	912.425942	6.821862	-0.034045	2.181792
198.280936	916.257605	6.826867	-0.034144	2.184664
198.820198	920.035215	6.831872	-0.034245	2.187495
199.427699	923.826267	6.836877	-0.034359	2.190339
199.667285	927.621442	6.841882	-0.034406	2.193142
200.245261	931.467051	6.846886	-0.034514	2.196015
200.583248	935.346617	6.851891	-0.034579	2.198883
201.101206	939.190841	6.856896	-0.034676	2.201741
201.530892	943.092014	6.861901	-0.034757	2.204627
202.042432	946.987133	6.866906	-0.034854	2.207514
202.531138	950.913522	6.871910	-0.034946	2.210417
203.187683	954.745759	6.876915	-0.035069	2.213266
203.472536	958.646373	6.881920	-0.035124	2.216121
203.850475	962.621886	6.886925	-0.035195	2.219036
204.419935	966.549686	6.891930	-0.035303	2.221934
204.864510	970.490080	6.896934	-0.035387	2.224823
205.437486	974.445782	6.901939	-0.035494	2.227734
206.002490	978.371783	6.906944	-0.035601	2.230618
206.515688	982.269648	6.911949	-0.035697	2.233473
206.997275	986.205661	6.916954	-0.035788	2.236348
207.647088	990.117673	6.921958	-0.035910	2.239220
208.228589	993.962315	6.926963	-0.036019	2.242032
208.714809	997.869117	6.931968	-0.036111	2.244876
209.250435	1001.738301	6.936973	-0.036212	2.247694
209.827802	1005.635728	6.941978	-0.036320	2.250533
210.264447	1009.471726	6.946982	-0.036403	2.253310
210.568794	1013.408981	6.951987	-0.036461	2.256142
211.123116	1017.319303	6.956992	-0.036565	2.258977
211.700576	1021.183322	6.961997	-0.036674	2.261778
212.273512	1025.094227	6.967002	-0.036781	2.264608
212.671472	1028.973265	6.972006	-0.036857	2.267394
213.016454	1032.944566	6.977011	-0.036923	2.270237
213.589364	1036.836805	6.982016	-0.037030	2.273043
214.003475	1040.809661	6.987021	-0.037109	2.275886
214.618913	1044.754984	6.992026	-0.037224	2.278727
215.091961	1048.683011	6.997030	-0.037314	2.281538
215.610201	1052.633888	7.002035	-0.037411	2.284365
216.158011	1056.558120	7.007040	-0.037514	2.287174
216.584646	1060.512685	7.012045	-0.037595	2.289988
217.259179	1064.402731	7.017050	-0.037721	2.292778
217.671385	1068.319120	7.022054	-0.037799	2.295557
218.312194	1072.242124	7.027059	-0.037920	2.298360
218.722947	1076.127782	7.032064	-0.037997	2.301111
219.259617	1080.053239	7.037069	-0.038098	2.303898
219.972485	1083.902002	7.042074	-0.038232	2.306647
220.228993	1087.823713	7.047078	-0.038281	2.309397
220.967255	1091.654765	7.052083	-0.038419	2.312129
221.404043	1095.554567	7.057088	-0.038502	2.314875
221.856414	1099.436567	7.062093	-0.038587	2.317607
222.550201	1103.311454	7.067098	-0.038717	2.320355
222.976318	1107.140278	7.072102	-0.038798	2.323041
223.574110	1111.021202	7.077107	-0.038910	2.325777
224.082891	1114.872887	7.082112	-0.039006	2.328481
224.502472	1118.696762	7.087117	-0.039085	2.331154
224.984287	1122.587274	7.092122	-0.039176	2.333875
225.359740	1126.409620	7.097126	-0.039248	2.336536
225.927007	1130.358096	7.102131	-0.039354	2.339299
226.379737	1134.232453	7.107136	-0.039440	2.341997
227.077827	1138.118389	7.112141	-0.039570	2.344724
227.402923	1142.018455	7.117146	-0.039632	2.347421
227.842589	1145.913417	7.122150	-0.039716	2.350122
228.473447	1149.775071	7.127155	-0.039834	2.352816
228.795817	1153.711828	7.132160	-0.039895	2.355528
229.138905	1157.694566	7.137165	-0.039961	2.358270
229.466733	1161.734615	7.142170	-0.040024	2.361046
230.008325	1165.776115	7.147174	-0.040126	2.363840
230.519989	1169.796238	7.152179	-0.040222	2.366614
230.911144	1173.871602	7.157184	-0.040296	2.369411
231.503273	1177.869857	7.162189	-0.040408	2.372171
232.008729	1181.948815	7.167194	-0.040503	2.374974
232.425090	1185.988596	7.172198	-0.040582	2.377739
232.931596	1190.051344	7.177203	-0.040677	2.380524
233.240881	1194.185633	7.182208	-0.040737	2.383336
233.688853	1198.320822	7.187213	-0.040822	2.386158
234.234372	1202.482912	7.192218	-0.040924	2.389004
234.537241	1206.589632	7.197222	-0.040982	2.391786
235.005112	1210.848117	7.202227	-0.041071	2.394682
235.362441	1215.085237	7.207232	-0.041139	2.397550
235.825726	1219.330409	7.212237	-0.041227	2.400430
236.370361	1223.606439	7.217242	-0.041330	2.403335
236.723106	1227.881488	7.222246	-0.041397	2.406217
237.117350	1232.271559	7.227251	-0.041472	2.409176
237.513280	1236.641788	7.232256	-0.041547	2.412118
238.039810	1241.023113	7.237261	-0.041647	2.415077
238.442847	1245.424058	7.242266	-0.041724	2.418033
238.793528	1249.809922	7.247270	-0.041791	2.420971
239.374766	1254.259824	7.252275	-0.041900	2.423969
239.973700	1258.648388	7.257280	-0.042013	2.426924
240.468886	1263.037610	7.262285	-0.042107	2.429867
240.936340	1267.427973	7.267290	-0.042195	2.432804
241.420344	1271.856105	7.272294	-0.042287	2.435764
241.972406	1276.285138	7.277299	-0.042391	2.438727
242.408215	1280.671290	7.282304	-0.042474	2.441647
242.937303	1285.111324	7.287309	-0.042574	2.444608
243.402527	1289.577653	7.292314	-0.042662	2.447577
243.818515	1293.978229	7.297318	-0.042741	2.450494
244.086207	1298.544027	7.302323	-0.042793	2.453502
244.655474	1303.042307	7.307328	-0.042900	2.456490
245.154875	1307.541514	7.312333	-0.042995	2.459469
245.702175	1312.084226	7.317338	-0.043098	2.462476
246.088412	1316.606868	7.322342	-0.043172	2.465452
246.397440	1321.221745	7.327347	-0.043231	2.468478
246.981607	1325.763705	7.332352	-0.043342	2.471477
247.402022	1330.382162	7.337357	-0.043422	2.474507
248.023778	1334.984416	7.342362	-0.043539	2.477541
248.318269	1339.587504	7.347366	-0.043596	2.480543
248.740445	1344.299108	7.352371	-0.043676	2.483622
249.264430	1348.974577	7.357376	-0.043775	2.486683
249.651532	1353.677853	7.362381	-0.043849	2.489746
249.951925	1358.445600	7.367386	-0.043907	2.492839
250.691995	1363.139861	7.372390	-0.044046	2.495920
251.120160	1367.872612	7.377395	-0.044128	2.498994
251.471137	1372.606289	7.382400	-0.044195	2.502058
251.990014	1377.407161	7.387405	-0.044294	2.505176
252.411089	1382.223213	7.392410	-0.044374	2.508292
252.923420	1386.936270	7.397414	-0.044471	2.511345
253.212528	1391.835080	7.402419	-0.044527	2.514494
253.582239	1396.751491	7.407424	-0.044598	2.517656
254.177745	1401.607687	7.412429	-0.044710	2.520797
254.984728	1406.460693	7.417434	-0.044862	2.523950
255.502538	1411.263462	7.422438	-0.044960	2.527042
255.965363	1416.031366	7.427443	-0.045048	2.530103
256.471570	1420.850300	7.432448	-0.045144	2.533196
256.975814	1425.647657	7.437453	-0.045239	2.536271
257.635951	1430.425970	7.442458	-0.045364	2.539345
258.047688	1435.194645	7.447462	-0.045442	2.542387
258.663555	1439.970226	7.452467	-0.045558	2.545447
259.002844	1444.773363	7.457472	-0.045624	2.548497
259.421438	1449.579634	7.462477	-0.045704	2.551552
259.831534	1454.459469	7.467482	-0.045782	2.554649
260.361354	1459.332859	7.472486	-0.045882	2.557748
261.030809	1464.142206	7.477491	-0.046008	2.560815
261.491308	1469.012574	7.482496	-0.046096	2.563899
262.147820	1473.804970	7.487501	-0.046220	2.566947
262.549894	1478.713678	7.492506	-0.046296	2.570042
263.065881	1483.522773	7.497510	-0.046394	2.573082
263.462053	1488.378546	7.502515	-0.046470	2.576136
263.919790	1493.229018	7.507520	-0.046557	2.579188
264.419290	1498.101830	7.512525	-0.046652	2.582255
264.898989	1502.964937	7.517530	-0.046743	2.585310
265.402729	1507.844306	7.522534	-0.046839	2.588373
265.933837	1512.698115	7.527539	-0.046939	2.591419
266.323520	1517.606238	7.532544	-0.047014	2.594483
266.904279	1522.505866	7.537549	-0.047124	2.597554
267.374953	1527.382166	7.542554	-0.047213	2.600598
267.832927	1532.299839	7.547558	-0.047300	2.603663
268.288126	1537.267812	7.552563	-0.047387	2.606755
268.795775	1542.187396	7.557568	-0.047483	2.609817
269.097419	1547.165162	7.562573	-0.047542	2.612895
269.752618	1552.125085	7.567578	-0.047665	2.615987
270.306528	1557.045900	7.572582	-0.047770	2.619044
270.697948	1562.038426	7.577587	-0.047845	2.622127
271.352415	1566.988512	7.582592	-0.047968	2.625202
271.867673	1571.913031	7.587597	-0.048066	2.628246
272.046679	1576.919239	7.592602	-0.048102	2.631309
272.496151	1581.948692	7.597606	-0.048188	2.634405
272.899309	1587.058370	7.602611	-0.048265	2.637541
273.591265	1592.085596	7.607616	-0.048395	2.640648
274.112387	1597.111126	7.612621	-0.048494	2.643736
274.712083	1602.158710	7.617626	-0.048607	2.646840
275.264743	1607.088575	7.622630	-0.048712	2.649866
275.737121	1612.118108	7.627635	-0.048802	2.652941
276.087362	1617.162314	7.632640	-0.048869	2.656012
276.712882	1622.157339	7.637645	-0.048987	2.659072
277.098701	1627.227917	7.642650	-0.049061	2.662154
277.606160	1632.260128	7.647654	-0.049158	2.665220
278.165512	1637.266387	7.652659	-0.049264	2.668270
278.753203	1642.279472	7.657664	-0.049375	2.671323
279.035322	1647.318557	7.662669	-0.049430	2.674364
279.356133	1652.483612	7.667674	-0.049492	2.677480
279.693821	1657.654117	7.672678	-0.049557	2.680597
280.238758	1662.863273	7.677683	-0.049660	2.683749
280.795346	1668.043150	7.682688	-0.049766	2.686882
281.312630	1673.179440	7.687693	-0.049864	2.689981
281.712771	1678.407304	7.692698	-0.049941	2.693122
282.202329	1683.624788	7.697702	-0.050034	2.696260
282.727207	1688.800146	7.702707	-0.050134	2.699373
283.215605	1694.053456	7.707712	-0.050227	2.702525
283.698120	1699.270597	7.712717	-0.050319	2.705651
284.299364	1704.470807	7.717722	-0.050432	2.708773
284.710144	1709.686094	7.722726	-0.050511	2.711885
285.281836	1714.893098	7.727731	-0.050619	2.715002
285.845976	1720.094046	7.732736	-0.050726	2.718110
286.392404	1725.263697	7.737741	-0.050830	2.721195
286.591617	1730.507603	7.742746	-0.050870	2.724294
287.024790	1735.867106	7.747750	-0.050952	2.727474
287.651142	1741.185720	7.752755	-0.051071	2.730642
288.416797	1746.347363	7.757760	-0.051215	2.733725
289.126962	1751.459434	7.762765	-0.051349	2.736771
289.513013	1756.606203	7.767770	-0.051423	2.739809
290.027648	1761.764930	7.772774	-0.051520	2.742861
290.483022	1766.928804	7.777779	-0.051607	2.745907
290.839426	1772.101378	7.782784	-0.051676	2.748948
291.287619	1777.311256	7.787789	-0.051761	2.752014
291.626621	1782.618261	7.792794	-0.051827	2.755124
292.328212	1787.847349	7.797798	-0.051959	2.758213
292.880989	1793.093402	7.802803	-0.052064	2.761298
293.426074	1798.275892	7.807808	-0.052168	2.764341
293.814272	1803.511225	7.812813	-0.052242	2.767400
294.247623	1808.776328	7.817818	-0.052325	2.770475
294.737874	1814.029746	7.822822	-0.052418	2.773545
295.278755	1819.321572	7.827827	-0.052521	2.776638
295.785466	1824.556162	7.832832	-0.052617	2.779691
296.174052	1829.868506	7.837837	-0.052692	2.782777
296.668719	1835.220395	7.842842	-0.052786	2.785890
297.124798	1840.439283	7.847846	-0.052873	2.788920
297.687458	1845.772745	7.852851	-0.052980	2.792020
298.162263	1851.117183	7.857856	-0.053070	2.795117
298.748438	1856.392171	7.862861	-0.053181	2.798179
299.266056	1861.709341	7.867866	-0.053280	2.801256
299.635593	1867.023780	7.872870	-0.053351	2.804318
300.143609	1872.382701	7.877875	-0.053448	2.807411
300.469961	1877.783762	7.882880	-0.053511	2.810512
301.114955	1883.095507	7.887885	-0.053633	2.813582
301.532301	1888.497004	7.892890	-0.053713	2.816683
302.037361	1893.860317	7.897894	-0.053809	2.819765
302.541700	1899.269982	7.902899	-0.053905	2.822869
302.738080	1904.751247	7.907904	-0.053944	2.825989
303.418747	1910.129600	7.912909	-0.054073	2.829082
303.829529	1915.641517	7.917914	-0.054152	2.832227
304.320553	1921.131187	7.922918	-0.054245	2.835362
304.999416	1926.495644	7.927923	-0.054374	2.838437
305.426877	1931.986457	7.932928	-0.054455	2.841561
305.688213	1937.514123	7.937933	-0.054507	2.844691
306.188605	1943.028034	7.942938	-0.054602	2.847826
306.545194	1948.594354	7.947942	-0.054671	2.850977
307.219790	1954.160444	7.952947	-0.054799	2.854147
307.457453	1959.731698	7.957952	-0.054846	2.857285
308.217041	1965.302550	7.962957	-0.054989	2.860457
308.631264	1970.859471	7.967962	-0.055068	2.863593
309.061426	1976.462013	7.972966	-0.055151	2.866752
309.642289	1982.015955	7.977971	-0.055261	2.869891
309.998894	1987.637112	7.982976	-0.055330	2.873048
310.547198	1993.253806	7.987981	-0.055434	2.876212
310.963314	1998.881239	7.992986	-0.055514	2.879370
311.427446	2004.567446	7.997990	-0.055603	2.882560
311.877853	2010.262988	8.002995	-0.055689	2.885750
312.079699	2016.008736	8.008000	-0.055730	2.888948
312.613529	2021.837654	8.013005	-0.055832	2.892211
312.974352	2027.642575	8.018010	-0.055901	2.895445
313.526144	2033.447101	8.023014	-0.056006	2.898689
314.014053	2039.312802	8.028019	-0.056100	2.901958
314.268384	2045.230478	8.033024	-0.056150	2.905235
314.762813	2051.102152	8.038029	-0.056245	2.908501
315.122034	2057.089033	8.043034	-0.056314	2.911816
315.660945	2063.082034	8.048038	-0.056417	2.915144
316.061205	2069.027079	8.053043	-0.056494	2.918431
316.580864	2075.086688	8.058048	-0.056594	2.921786
317.152342	2081.126461	8.063053	-0.056702	2.925130
317.479288	2087.103802	8.068058	-0.056766	2.928419
317.847701	2093.193840	8.073062	-0.056838	2.931769
318.441621	2099.304790	8.078067	-0.056951	2.935141
318.627821	2105.442649	8.083072	-0.056989	2.938497
319.092753	2111.684527	8.088077	-0.057078	2.941924
319.468111	2117.921401	8.093082	-0.057151	2.945338
319.805762	2124.223858	8.098086	-0.057217	2.948781
320.445527	2130.497058	8.103091	-0.057338	2.952225
320.748296	2136.852915	8.108096	-0.057398	2.955686
321.193517	2143.208023	8.113101	-0.057483	2.959153
321.551129	2149.653848	8.118106	-0.057553	2.962659
321.860770	2156.154469	8.123110	-0.057614	2.966187
322.468036	2162.644348	8.128115	-0.057730	2.969724
323.006524	2169.097856	8.133120	-0.057833	2.973233
323.349800	2175.612791	8.138125	-0.057900	2.976758
323.763551	2182.193282	8.143130	-0.057980	2.980319
324.000732	2188.836044	8.148134	-0.058028	2.983897
324.451615	2195.460181	8.153139	-0.058115	2.987475
324.861930	2202.246878	8.158144	-0.058194	2.991133
325.226531	2209.012563	8.163149	-0.058265	2.994772
325.608197	2215.834896	8.168154	-0.058340	2.998437
325.818956	2222.742800	8.173158	-0.058383	3.002133
326.342492	2229.698175	8.178163	-0.058483	3.005870
326.871442	2236.650623	8.183168	-0.058585	3.009601
327.140229	2243.661117	8.188173	-0.058639	3.013341
327.573532	2250.707647	8.193178	-0.058723	3.017106
328.102983	2257.794013	8.198182	-0.058824	3.020894
328.452203	2264.900061	8.203187	-0.058893	3.024675
328.809491	2272.030744	8.208192	-0.058963	3.028466
329.211832	2279.241463	8.213197	-0.059041	3.032297
329.584815	2286.530813	8.218202	-0.059114	3.036162
330.064995	2293.814375	8.223206	-0.059207	3.040026
330.527225	2301.177923	8.228211	-0.059297	3.043926
330.927723	2308.578762	8.233216	-0.059375	3.047837
331.294795	2315.958742	8.238221	-0.059447	3.051729
331.852909	2323.362472	8.243226	-0.059554	3.055641
332.181072	2330.818335	8.248230	-0.059619	3.059561
332.516937	2338.364343	8.253235	-0.059686	3.063523
332.997991	2345.870658	8.258240	-0.059779	3.067468
333.452512	2353.457786	8.263245	-0.059867	3.071449
334.026687	2361.043773	8.268250	-0.059977	3.075431
334.393048	2368.623023	8.273254	-0.060049	3.079391
334.819523	2376.299608	8.278259	-0.060133	3.083401
335.157017	2383.960746	8.283264	-0.060199	3.087392
335.809635	2391.627951	8.288269	-0.060324	3.091400
336.178364	2399.352799	8.293274	-0.060397	3.095415
336.543629	2407.120947	8.298278	-0.060469	3.099447
337.070639	2414.966422	8.303283	-0.060571	3.103523
337.424048	2422.724533	8.308288	-0.060640	3.107539
337.989697	2430.510497	8.313293	-0.060749	3.111576
338.686536	2438.335294	8.318298	-0.060882	3.115636
338.955281	2446.152465	8.323302	-0.060937	3.119661
339.458811	2454.069567	8.328307	-0.061034	3.123746
339.933311	2461.898667	8.333312	-0.061126	3.127779
340.215645	2469.841204	8.338317	-0.061183	3.131852
340.922992	2477.734406	8.343322	-0.061318	3.135921
341.176006	2485.707504	8.348326	-0.061370	3.139998
341.722063	2493.700103	8.353331	-0.061475	3.144097
342.285553	2501.668188	8.358336	-0.061584	3.148179
342.637976	2509.673136	8.363341	-0.061653	3.152262
343.193805	2517.680575	8.368346	-0.061761	3.156353
343.618316	2525.744671	8.373350	-0.061844	3.160459
344.054655	2533.840975	8.378355	-0.061929	3.164577
344.549308	2541.915354	8.383360	-0.062025	3.168682
344.879121	2550.089380	8.388365	-0.062091	3.172822
345.449339	2558.228099	8.393370	-0.062201	3.176953
345.900508	2566.391315	8.398374	-0.062289	3.181083
346.522574	2574.539009	8.403379	-0.062408	3.185211
346.836891	2582.728938	8.408384	-0.062471	3.189336
347.479062	2590.919747	8.413389	-0.062594	3.193475
347.991767	2599.123109	8.418394	-0.062694	3.197608
348.399147	2607.297395	8.423398	-0.062774	3.201714
348.865859	2615.468769	8.428403	-0.062865	3.205818
349.380776	2623.690532	8.433408	-0.062964	3.209943
349.990772	2631.873468	8.438413	-0.063082	3.214050
350.692754	2640.031026	8.443418	-0.063216	3.218143
350.862851	2648.256714	8.448422	-0.063252	3.222236
351.435841	2656.457088	8.453427	-0.063363	3.226333
351.900831	2664.732672	8.458432	-0.063453	3.230456
352.363947	2672.999056	8.463437	-0.063544	3.234569
352.929530	2681.271683	8.468442	-0.063653	3.238685
353.314666	2689.586689	8.473446	-0.063729	3.242807
353.818367	2697.886554	8.478451	-0.063827	3.246923
354.211578	2706.239362	8.483456	-0.063904	3.251053
354.793623	2714.566727	8.488461	-0.064017	3.255176
355.477124	2722.901314	8.493466	-0.064148	3.259303
355.931224	2731.156221	8.498470	-0.064236	3.263372
356.278661	2739.527298	8.503475	-0.064305	3.267488
356.864709	2747.861002	8.508480	-0.064418	3.271593
357.498662	2756.143229	8.513485	-0.064540	3.275671
357.977295	2764.514071	8.518490	-0.064633	3.279778
358.435060	2772.825450	8.523494	-0.064723	3.283849
359.039702	2781.128673	8.528499	-0.064839	3.287920
359.628129	2789.426257	8.533504	-0.064952	3.291982
359.959609	2797.727093	8.538509	-0.065019	3.296026
360.393027	2806.100649	8.543514	-0.065104	3.300106
360.968124	2814.445440	8.548518	-0.065215	3.304175
361.545823	2822.758508	8.553523	-0.065326	3.308223
362.060925	2831.114092	8.558528	-0.065426	3.312284
362.245146	2839.493437	8.563533	-0.065465	3.316333
363.026411	2847.927380	8.568538	-0.065614	3.320435
363.482643	2856.282609	8.573543	-0.065703	3.324477
363.973729	2864.666578	8.578547	-0.065799	3.328530
364.418731	2873.081609	8.583552	-0.065886	3.332590
364.976680	2881.474750	8.588557	-0.065994	3.336641
365.683734	2889.866252	8.593562	-0.066129	3.340693
365.998115	2898.194114	8.598567	-0.066192	3.344690
366.658248	2906.598423	8.603571	-0.066319	3.348736
367.296157	2914.885232	8.608576	-0.066441	3.352720
367.652451	2923.223439	8.613581	-0.066512	3.356709
368.275900	2931.584624	8.618586	-0.066632	3.360718
368.500970	2940.041904	8.623591	-0.066678	3.364748
368.911732	2948.500892	8.628595	-0.066759	3.368783
369.794189	2956.934679	8.633600	-0.066927	3.372824
370.243955	2965.224248	8.638605	-0.067015	3.376771
370.690801	2973.627104	8.643610	-0.067102	3.380767
371.359897	2981.924057	8.648615	-0.067230	3.384718
371.829040	2990.245481	8.653619	-0.067322	3.388667
372.125818	2998.630778	8.658624	-0.067382	3.392633
372.744076	3007.044038	8.663629	-0.067501	3.396623
373.210951	3015.459443	8.668634	-0.067592	3.400601
373.631967	3023.879754	8.673639	-0.067674	3.404575
374.146746	3032.310969	8.678643	-0.067774	3.408554
374.490710	3040.824128	8.683648	-0.067843	3.412559
375.042484	3049.285754	8.688653	-0.067950	3.416544
375.465970	3057.852424	8.693658	-0.068033	3.420568
375.861372	3066.378095	8.698663	-0.068111	3.424566
376.418981	3074.985571	8.703667	-0.068219	3.428606
376.817329	3083.576339	8.708672	-0.068297	3.432625
377.395600	3092.182309	8.713677	-0.068409	3.436655
377.963398	3100.806471	8.718682	-0.068519	3.440689
378.501097	3109.331024	8.723687	-0.068623	3.444669
378.896559	3117.928839	8.728691	-0.068701	3.448673
379.323271	3126.578852	8.733696	-0.068785	3.452697
379.894503	3135.212896	8.738701	-0.068896	3.456716
380.376487	3143.884651	8.743706	-0.068990	3.460743
380.999348	3152.403396	8.748711	-0.069110	3.464702
381.429878	3161.037190	8.753715	-0.069194	3.468700
381.891763	3169.678653	8.758720	-0.069284	3.472698
382.201281	3178.389927	8.763725	-0.069347	3.476717
382.867749	3187.149466	8.768730	-0.069475	3.480770
383.399285	3195.745856	8.773735	-0.069578	3.484737
383.876827	3204.437536	8.778739	-0.069671	3.488740
384.523833	3213.084825	8.783744	-0.069796	3.492726
384.778786	3221.769404	8.788749	-0.069848	3.496707
385.229069	3230.575120	8.793754	-0.069936	3.500747
385.843485	3239.256277	8.798759	-0.070055	3.504733
386.366552	3247.992414	8.803763	-0.070156	3.508735
386.842424	3256.736627	8.808768	-0.070249	3.512735
387.212960	3265.485030	8.813773	-0.070323	3.516726
387.597998	3274.421756	8.818778	-0.070399	3.520800
388.238782	3283.254080	8.823783	-0.070523	3.524832
388.636821	3292.013250	8.828787	-0.070601	3.528816
389.311372	3300.852575	8.833792	-0.070731	3.532844
389.606420	3309.693426	8.838797	-0.070791	3.536852
390.062773	3318.579107	8.843802	-0.070880	3.540881
390.490319	3327.477971	8.848807	-0.070964	3.544911
391.173759	3336.349592	8.853811	-0.071096	3.548936
391.779339	3345.228824	8.858816	-0.071213	3.552955
392.176080	3354.047713	8.863821	-0.071291	3.556934
392.742839	3362.948515	8.868826	-0.071401	3.560952
393.338977	3371.742486	8.873831	-0.071516	3.564919
393.812587	3380.527046	8.878835	-0.071609	3.568872
394.273698	3389.363308	8.883840	-0.071699	3.572844
394.707036	3398.227002	8.888845	-0.071784	3.576821
395.433615	3407.061960	8.893850	-0.071924	3.580794
395.666887	3415.952528	8.898855	-0.071972	3.584766
396.269332	3424.804934	8.903859	-0.072088	3.588733
396.619376	3433.752076	8.908864	-0.072158	3.592726
397.078145	3442.747458	8.913869	-0.072248	3.596741
397.724018	3451.734527	8.918874	-0.072373	3.600756
398.318007	3460.596628	8.923879	-0.072487	3.604708
398.653255	3469.496920	8.928883	-0.072555	3.608662
399.219255	3478.477043	8.933888	-0.072664	3.612657
399.655508	3487.399778	8.938893	-0.072750	3.616616
400.155071	3496.407226	8.943898	-0.072848	3.620611
400.793272	3505.310416	8.948903	-0.072971	3.624561
401.138197	3514.229999	8.953907	-0.073040	3.628502
401.802594	3523.206104	8.958912	-0.073168	3.632477
402.273268	3532.152960	8.963917	-0.073260	3.636426
402.871871	3541.087818	8.968922	-0.073375	3.640371
403.285821	3550.004321	8.973927	-0.073457	3.644296
403.635759	3558.988700	8.978931	-0.073527	3.648244
404.496312	3567.928274	8.983936	-0.073691	3.652189
404.941151	3576.767857	8.988941	-0.073778	3.656068
405.335938	3585.733352	8.993946	-0.073857	3.659997
405.905973	3594.643723	8.998951	-0.073967	3.663904
406.306203	3603.583159	9.003955	-0.074046	3.667813
406.936645	3612.560651	9.008960	-0.074168	3.671743
407.702589	3621.399730	9.013965	-0.074314	3.675614
408.063820	3630.306534	9.018970	-0.074386	3.679495
408.475419	3639.236311	9.023975	-0.074467	3.683383
408.931890	3648.126187	9.028979	-0.074557	3.687251
409.368004	3657.147322	9.033984	-0.074643	3.691171
410.089195	3666.030159	9.038989	-0.074781	3.695039
410.634471	3674.947320	9.043994	-0.074887	3.698910
411.176396	3683.727368	9.048999	-0.074992	3.702718
411.513027	3692.648394	9.054003	-0.075060	3.706575
412.136824	3701.550762	9.059008	-0.075180	3.710430
412.735977	3710.390805	9.064013	-0.075296	3.714254
413.272292	3719.243715	9.069018	-0.075400	3.718077
413.864215	3728.009268	9.074023	-0.075514	3.721861
414.292354	3736.786303	9.079027	-0.075598	3.725639
414.854743	3745.650184	9.084032	-0.075707	3.729456
415.334189	3754.402282	9.089037	-0.075801	3.733217
415.732572	3763.287614	9.094042	-0.075880	3.737029
416.340611	3772.101386	9.099047	-0.075997	3.740814
416.787973	3780.931290	9.104051	-0.076085	3.744596
417.255554	3789.794944	9.109056	-0.076177	3.748389
417.736994	3798.663640	9.114061	-0.076271	3.752181
418.248976	3807.574852	9.119066	-0.076370	3.755989
418.829528	3816.454755	9.124071	-0.076483	3.759781
419.284064	3825.300466	9.129075	-0.076572	3.763551
419.858808	3834.160221	9.134080	-0.076683	3.767327
420.205381	3843.026190	9.139085	-0.076752	3.771093
420.853274	3851.922199	9.144090	-0.076877	3.774880
421.289584	3860.843626	9.149095	-0.076963	3.778665
421.894187	3869.618263	9.154099	-0.077080	3.782391
422.365302	3878.515616	9.159104	-0.077172	3.786160
422.888363	3887.372339	9.164109	-0.077274	3.789910
423.374081	3896.229425	9.169114	-0.077369	3.793654
423.797183	3905.119451	9.174119	-0.077452	3.797407
424.265658	3914.036892	9.179123	-0.077544	3.801169
424.987123	3922.917158	9.184128	-0.077682	3.804921
425.311236	3931.791294	9.189133	-0.077747	3.808652
425.789960	3940.693928	9.194138	-0.077841	3.812397
426.291051	3949.673829	9.199143	-0.077938	3.816171
426.848377	3958.590816	9.204147	-0.078047	3.819917
427.307389	3967.503448	9.209152	-0.078137	3.823654
427.767703	3976.421911	9.214157	-0.078227	3.827390
428.447130	3985.357072	9.219162	-0.078357	3.831136
428.899465	3994.300140	9.224167	-0.078446	3.834875
429.440743	4003.231915	9.229171	-0.078551	3.838608
429.961417	4012.156321	9.234176	-0.078653	3.842333
430.412393	4021.072125	9.239181	-0.078741	3.846049
431.102647	4029.912029	9.244186	-0.078874	3.849738
431.508033	4038.786689	9.249191	-0.078954	3.853428
432.139246	4047.599978	9.254195	-0.079075	3.857097
432.493015	4056.438121	9.259200	-0.079146	3.860762
432.906796	4065.342644	9.264205	-0.079228	3.864454
433.362082	4074.312259	9.269210	-0.079317	3.868171
433.999083	4083.203030	9.274215	-0.079440	3.871857
434.375429	4092.141400	9.279219	-0.079514	3.875551
435.144555	4101.076065	9.284224	-0.079662	3.879252
435.580816	4109.892539	9.289229	-0.079747	3.882891
436.119592	4118.738797	9.294234	-0.079852	3.886541
436.533033	4127.649493	9.299239	-0.079934	3.890211
436.958567	4136.548000	9.304243	-0.080017	3.893872
437.580915	4145.478061	9.309248	-0.080137	3.897549
437.958067	4154.346538	9.314253	-0.080212	3.901189
438.502566	4163.333046	9.319258	-0.080318	3.904880
439.110035	4172.232215	9.324263	-0.080435	3.908533
439.641861	4181.051871	9.329267	-0.080539	3.912148
440.347277	4189.925063	9.334272	-0.080674	3.915787
440.744618	4198.716337	9.339277	-0.080753	3.919379
441.146256	4207.609966	9.344282	-0.080832	3.923010
441.735919	4216.430223	9.349287	-0.080946	3.926613
442.462189	4225.218027	9.354291	-0.081085	3.930205
443.273045	4233.902022	9.359296	-0.081240	3.933753
444.064502	4242.352205	9.364301	-0.081391	3.937203
444.788078	4250.677407	9.369306	-0.081529	3.940597
445.470184	4258.972432	9.374311	-0.081660	3.943974
445.977397	4267.193512	9.379315	-0.081758	3.947313
446.772524	4275.342039	9.384320	-0.081910	3.950629
447.284700	4283.471042	9.389325	-0.082009	3.953925
447.660421	4291.596744	9.394330	-0.082083	3.957213
448.294177	4299.726389	9.399335	-0.082205	3.960508
448.607339	4307.839011	9.404339	-0.082267	3.963783
449.351197	4316.002078	9.409344	-0.082409	3.967088
449.836174	4323.990130	9.414349	-0.082503	3.970313
450.075070	4332.194403	9.419354	-0.082552	3.973614
450.612440	4340.424733	9.424359	-0.082656	3.976932
451.158987	4348.539898	9.429363	-0.082762	3.980202
451.429871	4356.782075	9.434368	-0.082817	3.983511
451.906394	4365.061597	9.439373	-0.082910	3.986838
452.294897	4373.383058	9.444378	-0.082986	3.990177
452.560355	4381.854697	9.449383	-0.083040	3.993569
453.007716	4390.387967	9.454387	-0.083128	3.996988
453.610480	4398.942851	9.459392	-0.083244	4.000418
454.116405	4407.398967	9.464397	-0.083342	4.003802
454.466972	4415.887471	9.469402	-0.083412	4.007192
455.028465	4424.363574	9.474407	-0.083521	4.010580
455.600145	4432.842396	9.479411	-0.083631	4.013966
455.918755	4441.410439	9.484416	-0.083695	4.017377
456.348719	4449.905974	9.489421	-0.083779	4.020760
456.798051	4458.569733	9.494426	-0.083867	4.024208
457.276822	4467.265755	9.499431	-0.083961	4.027666
457.928956	4475.841408	9.504435	-0.084086	4.031078
458.462312	4484.432578	9.509440	-0.084190	4.034490
458.727528	4493.098410	9.514445	-0.084244	4.037921
459.162742	4501.733149	9.519450	-0.084329	4.041341
459.621619	4510.520194	9.524455	-0.084419	4.044819
460.181152	4519.211740	9.529459	-0.084528	4.048260
460.749383	4527.907914	9.534464	-0.084637	4.051699
461.280076	4536.569984	9.539469	-0.084741	4.055121
461.617278	4545.330711	9.544474	-0.084808	4.058574
462.166397	4554.061468	9.549479	-0.084914	4.062017
462.722465	4562.744441	9.554483	-0.085022	4.065439
463.157808	4571.484290	9.559488	-0.085108	4.068877
463.691784	4580.265327	9.564493	-0.085211	4.072331
463.960711	4589.041876	9.569498	-0.085266	4.075773
464.544369	4597.912171	9.574503	-0.085379	4.079257
464.892827	4606.747070	9.579507	-0.085449	4.082718
465.293000	4615.665181	9.584512	-0.085528	4.086209
465.779930	4624.598581	9.589517	-0.085623	4.089706
466.125384	4633.607547	9.594522	-0.085692	4.093226
466.848635	4642.633150	9.599527	-0.085831	4.096759
467.210188	4651.479440	9.604531	-0.085903	4.100209
467.681280	4660.546709	9.609536	-0.085995	4.103746
468.082078	4669.586697	9.614541	-0.086075	4.107266
468.570206	4678.614861	9.619546	-0.086170	4.110782
469.150451	4687.729196	9.624551	-0.086282	4.114330
469.640564	4696.735307	9.629555	-0.086378	4.117831
470.025232	4705.842957	9.634560	-0.086455	4.121365
470.647702	4714.924461	9.639565	-0.086575	4.124892
471.087199	4723.984529	9.644570	-0.086661	4.128403
471.680886	4733.087282	9.649575	-0.086776	4.131931
472.176567	4742.121341	9.654579	-0.086873	4.135428
472.683535	4751.094399	9.659584	-0.086972	4.138898
473.311706	4759.899028	9.664589	-0.087093	4.142303

473.894566	4768.354496	9.669594	-0.087206	4.145571
474.313890	4776.580859	9.674599	-0.087288	4.148743
474.725110	4784.614163	9.679603	-0.087368	4.151838
475.204461	4792.345462	9.684608	-0.087461	4.154817
475.665884	4800.009577	9.689613	-0.087551	4.157768
476.295682	4807.214070	9.694618	-0.087671	4.160545
476.778208	4814.203430	9.699623	-0.087764	4.163233
477.249754	4820.855444	9.704627	-0.087855	4.165791
477.722235	4827.319742	9.709632	-0.087946	4.168275
477.985081	4833.605031	9.714637	-0.087998	4.170684
478.295745	4839.773967	9.719642	-0.088059	4.173048
478.622911	4845.741726	9.724647	-0.088123	4.175335
479.111695	4851.525419	9.729651	-0.088216	4.177554
479.334867	4857.053849	9.734656	-0.088260	4.179668
479.707354	4862.521260	9.739661	-0.088332	4.181761
480.097788	4867.664107	9.744666	-0.088407	4.183730
480.369369	4872.791835	9.749671	-0.088460	4.185690
480.736731	4877.661443	9.754675	-0.088531	4.187552
481.104277	4882.286240	9.759680	-0.088601	4.189321
481.562354	4886.803715	9.764685	-0.088688	4.191050
481.629949	4891.133346	9.769690	-0.088703	4.192698
481.912203	4895.361995	9.774695	-0.088757	4.194311
482.362557	4899.445779	9.779699	-0.088842	4.195874
482.529236	4903.378505	9.784704	-0.088875	4.197371
482.783609	4907.063484	9.789709	-0.088924	4.198776
483.187265	4910.696474	9.794714	-0.089000	4.200164
483.321638	4914.182666	9.799719	-0.089027	4.201490
483.651821	4917.506657	9.804723	-0.089090	4.202758
483.789533	4920.695020	9.809728	-0.089117	4.203970
484.172917	4923.759751	9.814733	-0.089189	4.205141
484.389691	4926.729792	9.819738	-0.089230	4.206271
484.667035	4929.542614	9.824743	-0.089283	4.207343
484.751570	4932.181392	9.829747	-0.089300	4.208345
484.882223	4934.809603	9.834752	-0.089325	4.209343
485.047747	4937.402396	9.839757	-0.089357	4.210328
485.398378	4939.878344	9.844762	-0.089423	4.211273
485.543808	4942.209557	9.849767	-0.089450	4.212159
485.798749	4944.294055	9.854771	-0.089498	4.212953
485.978899	4946.349900	9.859776	-0.089533	4.213735
486.138575	4948.399195	9.864781	-0.089563	4.214514
486.307238	4950.245127	9.869786	-0.089595	4.215216
486.578374	4952.065847	9.874791	-0.089645	4.215910
486.602560	4953.789440	9.879795	-0.089651	4.216562
486.878145	4955.446880	9.884800	-0.089702	4.217195
486.928186	4956.871015	9.889805	-0.089712	4.217734
487.250885	4958.238309	9.894810	-0.089772	4.218258
487.330423	4959.530330	9.899815	-0.089787	4.218748
487.478371	4960.887603	9.904819	-0.089815	4.219264
487.661471	4961.997244	9.909824	-0.089849	4.219688
487.725900	4963.203855	9.914829	-0.089861	4.220145
488.109288	4964.172836	9.919834	-0.089932	4.220520
488.144813	4965.048218	9.924839	-0.089938	4.220851
488.305130	4965.907477	9.929843	-0.089968	4.221179
488.593089	4966.575070	9.934848	-0.090021	4.221438
488.582914	4967.195449	9.939853	-0.090019	4.221672
488.501238	4967.978411	9.944858	-0.090004	4.221965
488.635503	4968.687334	9.949863	-0.090029	4.222236
488.703341	4969.160571	9.954867	-0.090041	4.222416
488.814995	4969.555757	9.959872	-0.090062	4.222568
488.909883	4970.182056	9.964877	-0.090079	4.222806
488.915708	4970.340707	9.969882	-0.090080	4.222866
489.057463	4971.176763	9.974887	-0.090106	4.223185
489.120052	4971.161354	9.979891	-0.090117	4.223180
489.071411	4971.844846	9.984896	-0.090109	4.223437
489.256312	4972.033558	9.989901	-0.090142	4.223513
489.401178	4972.012111	9.994906	-0.090169	4.223508
489.545974	4972.752933	9.999911	-0.090195	4.223791
489.328965	4972.794960	10.004915	-0.090155	4.223801
489.444301	4972.810974	10.009920	-0.090176	4.223810
489.380954	4972.791126	10.014925	-0.090164	4.223801
489.608210	4972.954830	10.019930	-0.090205	4.223868
489.803689	4973.637883	10.024935	-0.090241	4.224130
489.807384	4973.621237	10.029939	-0.090241	4.224124
489.761886	4973.467817	10.034944	-0.090233	4.224065
490.007026	4972.938426	10.039949	-0.090277	4.223871
490.029536	4972.755050	10.044954	-0.090281	4.223803
490.058993	4972.762433	10.049959	-0.090286	4.223806
490.235051	4972.742322	10.054963	-0.090318	4.223803
490.255054	4972.578972	10.059968	-0.090321	4.223741
490.228352	4971.951787	10.064973	-0.090315	4.223504
490.223092	4971.906744	10.069978	-0.090314	4.223487
490.349954	4971.958441	10.074983	-0.090337	4.223509
490.419150	4971.070319	10.079987	-0.090348	4.223176
490.498947	4971.086096	10.084992	-0.090363	4.223184
490.555458	4970.517439	10.089997	-0.090372	4.222971
490.421989	4970.228960	10.095002	-0.090347	4.222859
490.618827	4969.713512	10.100007	-0.090383	4.222669
490.728186	4969.430349	10.105011	-0.090402	4.222564
490.799681	4968.803729	10.110016	-0.090414	4.222330
490.707717	4968.446476	10.115021	-0.090397	4.222193
490.904662	4967.856629	10.120026	-0.090432	4.221975
490.725250	4967.098751	10.125031	-0.090398	4.221684
490.859559	4966.680874	10.130035	-0.090422	4.221530
491.032481	4966.069472	10.135040	-0.090453	4.221303
491.032044	4965.354953	10.140045	-0.090452	4.221033
491.066070	4964.586183	10.145050	-0.090458	4.220744
491.022299	4963.933231	10.150055	-0.090449	4.220496
491.003269	4963.323406	10.155059	-0.090445	4.220266
491.112103	4962.637680	10.160064	-0.090464	4.220009
490.900628	4962.078192	10.165069	-0.090424	4.219793
491.019188	4961.234819	10.170074	-0.090445	4.219477
491.079026	4960.624263	10.175079	-0.090455	4.219248
490.982494	4959.973249	10.180083	-0.090436	4.219000
490.991606	4959.313904	10.185088	-0.090437	4.218751
490.911530	4958.756991	10.190093	-0.090422	4.218539
491.071373	4957.936857	10.195098	-0.090450	4.218233
491.020045	4957.308754	10.200103	-0.090440	4.217994
491.032709	4956.648513	10.205107	-0.090441	4.217745
491.196300	4955.995230	10.210112	-0.090471	4.217502
491.172818	4955.430751	10.215117	-0.090466	4.217289
491.089852	4954.659365	10.220122	-0.090449	4.216995
491.182932	4953.920612	10.225127	-0.090466	4.216718
491.089197	4953.094661	10.230131	-0.090447	4.216404
491.228650	4952.437325	10.235136	-0.090472	4.216159
491.237558	4951.612377	10.240141	-0.090473	4.215847
491.407888	4950.806933	10.245146	-0.090503	4.215547
491.426817	4949.904642	10.250151	-0.090506	4.215206
491.317281	4949.113040	10.255155	-0.090485	4.214904
491.443637	4948.237065	10.260160	-0.090507	4.214576
491.486626	4947.316101	10.265165	-0.090514	4.214229
491.335702	4946.381999	10.270170	-0.090485	4.213872
491.417388	4945.511561	10.275175	-0.090499	4.213545
491.393260	4944.623181	10.280179	-0.090494	4.213208
491.469692	4943.725969	10.285184	-0.090507	4.212871
491.403119	4942.961795	10.290189	-0.090494	4.212580
491.353988	4942.178401	10.295194	-0.090484	4.212283
491.394762	4941.239918	10.300199	-0.090490	4.211929
491.402160	4940.422493	10.305203	-0.090491	4.211620
491.395598	4939.494613	10.310208	-0.090488	4.211268
491.465698	4938.635343	10.315213	-0.090500	4.210945
491.489709	4937.704002	10.320218	-0.090504	4.210593
491.573297	4936.760671	10.325223	-0.090518	4.210238
491.455761	4935.895480	10.330227	-0.090495	4.209908
491.509292	4934.840388	10.335232	-0.090504	4.209510
491.298561	4934.072064	10.340237	-0.090464	4.209214
491.489357	4933.097417	10.345242	-0.090498	4.208850
491.490919	4932.193544	10.350247	-0.090498	4.208507
491.299581	4931.319443	10.355251	-0.090462	4.208172
491.537709	4930.498656	10.360256	-0.090504	4.207867
491.417107	4929.661379	10.365261	-0.090481	4.207547
491.424343	4928.844816	10.370266	-0.090482	4.207238
491.318986	4927.980312	10.375271	-0.090461	4.206908
491.421211	4927.098417	10.380275	-0.090479	4.206576
491.512063	4926.212373	10.385280	-0.090495	4.206243
491.230575	4925.323968	10.390285	-0.090442	4.205899
491.297133	4924.507208	10.395290	-0.090453	4.205591
491.453718	4923.709434	10.400295	-0.090481	4.205293
491.417169	4922.813724	10.405299	-0.090473	4.204953
491.590859	4921.897961	10.410304	-0.090504	4.204610
491.631647	4920.821931	10.415309	-0.090511	4.204203
491.583665	4919.879410	10.420314	-0.090501	4.203845
491.612683	4918.910592	10.425319	-0.090505	4.203478
491.529759	4917.993552	10.430323	-0.090489	4.203128
491.706950	4917.031816	10.435328	-0.090521	4.202768
491.655979	4916.021462	10.440333	-0.090510	4.202384
491.540188	4915.127373	10.445338	-0.090488	4.202042
491.732175	4914.071054	10.450343	-0.090522	4.201646
491.580549	4913.125927	10.455347	-0.090493	4.201284
491.634853	4912.136306	10.460352	-0.090502	4.200910
491.558554	4911.099235	10.465357	-0.090487	4.200515
491.569610	4910.176787	10.470362	-0.090488	4.200165
491.650253	4909.212882	10.475367	-0.090502	4.199801
491.539956	4908.203800	10.480371	-0.090480	4.199416
491.566926	4907.334051	10.485376	-0.090484	4.199086
491.454610	4906.400976	10.490381	-0.090462	4.198730
491.436118	4905.432294	10.495386	-0.090458	4.198361
491.285915	4904.622771	10.500391	-0.090429	4.198051
491.366984	4903.806562	10.505395	-0.090443	4.197743
491.430271	4903.090267	10.510400	-0.090454	4.197472
491.169568	4902.314405	10.515405	-0.090405	4.197171
491.139120	4901.475162	10.520410	-0.090399	4.196852
491.173543	4900.773225	10.525415	-0.090404	4.196586
491.326955	4899.973984	10.530419	-0.090431	4.196287
491.249042	4899.151975	10.535424	-0.090416	4.195972
491.352417	4898.363490	10.540429	-0.090434	4.195676
491.335950	4897.465269	10.545434	-0.090430	4.195334
491.488068	4896.732101	10.550439	-0.090457	4.195059
491.487900	4895.778701	10.555443	-0.090456	4.194697
491.455336	4894.820090	10.560448	-0.090449	4.194332
491.552935	4893.883516	10.565453	-0.090466	4.193979
491.552257	4892.895058	10.570458	-0.090465	4.193603
491.598335	4891.984177	10.575463	-0.090472	4.193258
491.539573	4891.064575	10.580467	-0.090461	4.192907
491.815246	4890.201348	10.585472	-0.090510	4.192586
491.707741	4888.973714	10.590477	-0.090489	4.192117
491.572256	4888.032253	10.595482	-0.090463	4.191756
491.470019	4887.124854	10.600487	-0.090444	4.191408
491.526791	4886.230174	10.605491	-0.090453	4.191069
491.581208	4885.268378	10.610496	-0.090462	4.190705
491.772233	4884.273947	10.615501	-0.090496	4.190332
491.587875	4883.194867	10.620506	-0.090461	4.189917
491.508413	4882.272438	10.625511	-0.090445	4.189564
491.432610	4881.363808	10.630515	-0.090430	4.189216
491.329474	4880.544871	10.635520	-0.090410	4.188902
491.470694	4879.629613	10.640525	-0.090435	4.188558
491.355852	4878.766434	10.645530	-0.090413	4.188226
491.457275	4877.945831	10.650535	-0.090431	4.187917
491.485578	4877.148114	10.655539	-0.090435	4.187614
491.275042	4876.280723	10.660544	-0.090395	4.187279
491.292230	4875.510111	10.665549	-0.090398	4.186986
491.304937	4874.615143	10.670554	-0.090399	4.186646
491.258005	4873.898061	10.675559	-0.090390	4.186371
491.240876	4873.051932	10.680563	-0.090385	4.186049
491.369347	4872.280828	10.685568	-0.090408	4.185759
491.418709	4871.429651	10.690573	-0.090416	4.185436
491.148810	4870.588775	10.695578	-0.090366	4.185109
491.255010	4869.854558	10.700583	-0.090384	4.184832
491.361346	4869.052317	10.705587	-0.090403	4.184529
491.375821	4868.211051	10.710592	-0.090405	4.184209
491.261517	4867.345494	10.715597	-0.090383	4.183877
491.206408	4866.559750	10.720602	-0.090371	4.183576
491.309766	4865.790727	10.725607	-0.090390	4.183286
491.274850	4864.957049	10.730611	-0.090382	4.182967
491.305567	4864.254370	10.735616	-0.090387	4.182700
491.380797	4863.516032	10.740621	-0.090400	4.182421
491.278498	4862.566481	10.745626	-0.090380	4.182056
491.335264	4861.822091	10.750631	-0.090390	4.181774
491.290964	4860.976224	10.755635	-0.090380	4.181451
491.398424	4860.126193	10.760640	-0.090399	4.181130
491.373329	4859.256257	10.765645	-0.090394	4.180797
491.427828	4858.375427	10.770650	-0.090403	4.180463
491.345525	4857.596220	10.775655	-0.090387	4.180164
491.264918	4856.727681	10.780659	-0.090371	4.179831
491.197655	4855.963989	10.785664	-0.090357	4.179538
491.390331	4855.175065	10.790669	-0.090392	4.179242
491.358160	4854.343661	10.795674	-0.090385	4.178924
491.369148	4853.470177	10.800679	-0.090386	4.178591
491.164951	4852.622393	10.805683	-0.090348	4.178263
491.254525	4851.931360	10.810688	-0.090363	4.178002
491.328785	4851.242194	10.815693	-0.090376	4.177741
491.173178	4850.447878	10.820698	-0.090346	4.177434
491.251582	4849.740523	10.825703	-0.090360	4.177166
491.219313	4848.921825	10.830707	-0.090353	4.176853
491.183720	4848.173793	10.835712	-0.090346	4.176566
491.235168	4847.420893	10.840717	-0.090354	4.176280
491.263902	4846.576252	10.845722	-0.090359	4.175959
491.361624	4845.798312	10.850727	-0.090376	4.175664
491.263630	4844.993248	10.855731	-0.090357	4.175355
491.266479	4844.188954	10.860736	-0.090356	4.175048
491.449929	4843.328618	10.865741	-0.090389	4.174724
491.260927	4842.467583	10.870746	-0.090353	4.174391
491.444419	4841.640090	10.875751	-0.090386	4.174079
491.286079	4840.854870	10.880755	-0.090356	4.173776
491.250141	4840.069800	10.885760	-0.090348	4.173475
491.431245	4839.154316	10.890765	-0.090381	4.173130
491.299133	4838.396171	10.895770	-0.090355	4.172837
491.485524	4837.631732	10.900775	-0.090389	4.172550
491.249585	4836.773464	10.905779	-0.090344	4.172216
491.184722	4835.930930	10.910784	-0.090332	4.171893
491.314903	4835.244764	10.915789	-0.090355	4.171634
491.147976	4834.461421	10.920794	-0.090323	4.171331
491.136105	4833.729990	10.925799	-0.090320	4.171051
491.383177	4832.896455	10.930803	-0.090364	4.170739
491.263623	4832.092172	10.935808	-0.090341	4.170428
491.302994	4831.368942	10.940813	-0.090348	4.170153
491.404783	4830.416098	10.945818	-0.090366	4.169791
491.438872	4829.495601	10.950823	-0.090371	4.169440
491.359445	4828.682381	10.955827	-0.090355	4.169128
491.287897	4827.887492	10.960832	-0.090341	4.168822
491.286661	4827.055323	10.965837	-0.090340	4.168504
491.120680	4826.363208	10.970842	-0.090308	4.168235
491.261176	4825.621390	10.975847	-0.090333	4.167955
490.992199	4825.026866	10.980851	-0.090283	4.167721
491.012901	4824.340460	10.985856	-0.090286	4.167459
490.997317	4823.670389	10.990861	-0.090282	4.167202
491.048295	4823.063709	10.995866	-0.090291	4.166972
491.203214	4822.361970	11.000871	-0.090319	4.166707
491.012817	4821.654656	11.005875	-0.090283	4.166432
491.112428	4820.792588	11.010880	-0.090300	4.166105
491.190584	4820.169562	11.015885	-0.090314	4.165868
491.248999	4819.334017	11.020890	-0.090323	4.165550
491.139867	4818.637014	11.025895	-0.090302	4.165281
491.238442	4817.857676	11.030899	-0.090320	4.164985
491.227553	4817.088943	11.035904	-0.090317	4.164691
491.217265	4816.374083	11.040909	-0.090314	4.164417
491.116519	4815.627762	11.045914	-0.090294	4.164129
491.106283	4814.943187	11.050919	-0.090292	4.163866
491.001641	4814.309005	11.055923	-0.090272	4.163621
490.905209	4813.496466	11.060928	-0.090253	4.163308
491.038293	4812.961552	11.065933	-0.090277	4.163106
490.878941	4812.430661	11.070938	-0.090246	4.162899
490.950398	4812.007579	11.075943	-0.090259	4.162739
490.862577	4811.171808	11.080947	-0.090242	4.162417
490.890049	4810.591848	11.085952	-0.090246	4.162195
491.103227	4810.039488	11.090957	-0.090285	4.161989
490.839683	4809.510813	11.095962	-0.090235	4.161780
490.849907	4808.688268	11.100967	-0.090236	4.161465
490.752745	4808.258645	11.105971	-0.090218	4.161298
490.713901	4807.887932	11.110976	-0.090210	4.161155
490.790878	4807.105081	11.115981	-0.090223	4.160857
490.632547	4806.807615	11.120986	-0.090193	4.160739
490.731997	4806.258137	11.125991	-0.090211	4.160532
490.568085	4805.817589	11.130995	-0.090180	4.160359
490.731886	4805.461954	11.136000	-0.090209	4.160227
490.804902	4804.750457	11.141005	-0.090222	4.159956
490.839466	4804.291001	11.146010	-0.090228	4.159781
490.872242	4803.798265	11.151015	-0.090233	4.159593
490.921996	4803.000404	11.156019	-0.090241	4.159288
491.029643	4802.454631	11.161024	-0.090260	4.159082
491.141980	4801.752099	11.166029	-0.090280	4.158816
491.062965	4801.120271	11.171034	-0.090265	4.158572
491.279938	4800.379853	11.176039	-0.090304	4.158293
491.141226	4799.645365	11.181043	-0.090277	4.158008
491.327386	4798.916063	11.186048	-0.090311	4.157734
491.237808	4798.097735	11.191053	-0.090293	4.157418
491.076964	4797.346158	11.196058	-0.090263	4.157125
491.063716	4796.600226	11.201063	-0.090259	4.156839
490.969947	4796.006352	11.206067	-0.090241	4.156609
491.112503	4795.295679	11.211072	-0.090267	4.156340
490.955255	4794.709394	11.216077	-0.090237	4.156111
491.138346	4794.009113	11.221082	-0.090270	4.155848
491.097530	4793.255488	11.226087	-0.090261	4.155558
491.105157	4792.581721	11.231091	-0.090262	4.155299
491.030763	4791.871975	11.236096	-0.090247	4.155025
490.957574	4791.255011	11.241101	-0.090233	4.154787
490.927753	4790.730424	11.246106	-0.090227	4.154585
490.934211	4789.983630	11.251111	-0.090227	4.154298
490.912761	4789.369002	11.256115	-0.090222	4.154062
491.007121	4788.791398	11.261120	-0.090239	4.153843
490.931991	4788.273231	11.266125	-0.090224	4.153642
490.773945	4787.539290	11.271130	-0.090194	4.153357
490.872682	4786.981833	11.276135	-0.090212	4.153145
490.681553	4786.657915	11.281139	-0.090176	4.153016
490.714923	4786.013757	11.286144	-0.090181	4.152770
490.792224	4785.689726	11.291149	-0.090195	4.152647
490.661715	4785.194971	11.296154	-0.090170	4.152454
490.754190	4784.551806	11.301159	-0.090186	4.152210
490.713962	4784.182837	11.306163	-0.090178	4.152067
490.692724	4783.538431	11.311168	-0.090173	4.151819
490.806889	4783.140398	11.316173	-0.090194	4.151669
490.602418	4782.770331	11.321178	-0.090155	4.151522
490.646954	4781.965402	11.326183	-0.090162	4.151214
490.562740	4781.855716	11.331187	-0.090146	4.151170
490.686565	4781.080491	11.336192	-0.090168	4.150875
490.829381	4780.772520	11.341197	-0.090194	4.150761
490.816095	4780.230259	11.346202	-0.090191	4.150552
490.836171	4779.585746	11.351207	-0.090194	4.150305
490.852559	4779.069196	11.356211	-0.090196	4.150107
490.695496	4778.653810	11.361216	-0.090166	4.149944
490.850738	4777.905957	11.366221	-0.090194	4.149660
490.925389	4777.463616	11.371226	-0.090207	4.149492
490.916551	4776.891952	11.376231	-0.090205	4.149273
490.945093	4776.175519	11.381235	-0.090209	4.148998
490.777583	4775.526013	11.386240	-0.090177	4.148744
490.752773	4775.155510	11.391245	-0.090172	4.148601
490.671002	4774.553939	11.396250	-0.090156	4.148368
490.684353	4774.146756	11.401255	-0.090158	4.148212
490.789250	4773.733410	11.406259	-0.090177	4.148056
490.679060	4773.154971	11.411264	-0.090156	4.147831
490.842549	4772.857180	11.416269	-0.090185	4.147721
490.651325	4772.277760	11.421274	-0.090149	4.147493
490.496840	4771.733279	11.426279	-0.090120	4.147280
490.704149	4771.460192	11.431283	-0.090157	4.147180
490.589878	4770.852906	11.436288	-0.090136	4.146944
490.623517	4770.667952	11.441293	-0.090141	4.146874
490.669629	4769.866243	11.446298	-0.090149	4.146567
490.679057	4769.578940	11.451303	-0.090150	4.146457
490.951726	4768.978922	11.456307	-0.090199	4.146233
490.759614	4768.277115	11.461312	-0.090163	4.145958
490.852546	4767.907030	11.466317	-0.090179	4.145818
490.862187	4767.292385	11.471322	-0.090180	4.145582
490.747390	4766.669135	11.476327	-0.090158	4.145340
490.953093	4766.222430	11.481331	-0.090196	4.145173
490.873738	4765.641516	11.486336	-0.090180	4.144948
491.100316	4764.910798	11.491341	-0.090221	4.144673
490.883492	4764.158160	11.496346	-0.090180	4.144378
490.841690	4763.740483	11.501351	-0.090172	4.144216
490.998705	4763.178622	11.506355	-0.090200	4.144004
490.846745	4762.446084	11.511360	-0.090171	4.143719
490.794240	4761.866002	11.516365	-0.090161	4.143494
490.708998	4761.599126	11.521370	-0.090144	4.143389
491.010406	4760.841669	11.526375	-0.090199	4.143106
490.864254	4760.337024	11.531379	-0.090171	4.142908
490.643918	4760.034698	11.536384	-0.090130	4.142786
490.772835	4759.316633	11.541389	-0.090153	4.142513
490.749210	4758.851651	11.546394	-0.090148	4.142333
490.664810	4758.497140	11.551399	-0.090132	4.142195
490.890309	4757.712562	11.556403	-0.090172	4.141899
490.754846	4757.195991	11.561408	-0.090147	4.141696
490.628239	4756.884167	11.566413	-0.090123	4.141573
490.728730	4756.206373	11.571418	-0.090140	4.141315
490.667370	4755.911252	11.576423	-0.090128	4.141200
490.749144	4755.224237	11.581427	-0.090143	4.140938
490.480438	4754.939976	11.586432	-0.090092	4.140821
490.509152	4754.472447	11.591437	-0.090097	4.140642
490.677895	4754.112262	11.596442	-0.090127	4.140508
490.579673	4753.653388	11.601447	-0.090109	4.140328
490.718331	4753.129770	11.606451	-0.090133	4.140130
490.526357	4752.805484	11.611456	-0.090097	4.140001
490.487814	4752.246084	11.616461	-0.090090	4.139784
490.642662	4751.980192	11.621466	-0.090117	4.139686
490.772157	4751.308023	11.626471	-0.090140	4.139431
490.789184	4750.954184	11.631475	-0.090143	4.139295
490.557384	4750.390985	11.636480	-0.090099	4.139072
490.723458	4750.006768	11.641485	-0.090129	4.138928
490.680118	4749.500554	11.646490	-0.090121	4.138732
490.595470	4748.963116	11.651495	-0.090104	4.138523
490.585555	4748.767696	11.656499	-0.090102	4.138447
490.546268	4747.986380	11.661504	-0.090094	4.138146
490.627111	4747.931570	11.666509	-0.090108	4.138126
490.658276	4747.326333	11.671514	-0.090113	4.137894
490.556198	4747.250730	11.676519	-0.090094	4.137862
490.576002	4746.519014	11.681523	-0.090097	4.137581
490.500288	4746.417302	11.686528	-0.090082	4.137540
490.556984	4745.662865	11.691533	-0.090092	4.137251
490.632710	4745.528152	11.696538	-0.090105	4.137201
490.599008	4744.843970	11.701543	-0.090098	4.136936
490.691063	4744.556567	11.706547	-0.090114	4.136828
490.561766	4744.048368	11.711552	-0.090090	4.136629
490.594180	4743.568085	11.716557	-0.090095	4.136445
490.439002	4743.173551	11.721562	-0.090066	4.136289
490.723136	4742.745045	11.726567	-0.090117	4.136131
490.736628	4742.402262	11.731571	-0.090119	4.135999
490.721493	4741.650563	11.736576	-0.090116	4.135709
490.614200	4741.403570	11.741581	-0.090095	4.135611
490.654584	4740.841826	11.746586	-0.090102	4.135396
490.661615	4740.498735	11.751591	-0.090103	4.135264
490.651509	4739.955875	11.756595	-0.090100	4.135054
490.491464	4739.455680	11.761600	-0.090070	4.134857
490.533392	4739.174260	11.766605	-0.090077	4.134750
490.575280	4738.785096	11.771610	-0.090084	4.134601
490.626014	4738.336200	11.776615	-0.090093	4.134429
490.700764	4737.747155	11.781619	-0.090105	4.134204
490.624277	4737.490871	11.786624	-0.090091	4.134103
490.611412	4736.726406	11.791629	-0.090088	4.133808
490.676541	4736.533380	11.796634	-0.090099	4.133735
490.716953	4735.874688	11.801639	-0.090106	4.133482
490.905344	4735.470773	11.806643	-0.090140	4.133332
490.710652	4735.046871	11.811648	-0.090103	4.133163
490.696728	4734.416276	11.816653	-0.090100	4.132920
490.576064	4734.146091	11.821658	-0.090077	4.132812
490.544504	4733.574252	11.826663	-0.090070	4.132591
490.765226	4733.134194	11.831667	-0.090110	4.132427
490.621453	4732.719874	11.836672	-0.090083	4.132263
490.497100	4732.221659	11.841677	-0.090059	4.132068
490.511479	4731.956878	11.846682	-0.090061	4.131966
490.549886	4731.429761	11.851687	-0.090068	4.131764
490.659764	4731.105035	11.856691	-0.090087	4.131641
490.575268	4730.435788	11.861696	-0.090071	4.131381
490.539082	4730.299987	11.866701	-0.090064	4.131328
490.602752	4729.669225	11.871706	-0.090075	4.131086
490.684734	4729.473542	11.876711	-0.090089	4.131013
490.778564	4728.673212	11.881715	-0.090106	4.130706
490.604677	4728.415736	11.886720	-0.090073	4.130602
490.724427	4727.936638	11.891725	-0.090094	4.130421
490.609560	4727.362745	11.896730	-0.090072	4.130196
490.523259	4727.036188	11.901735	-0.090056	4.130068
490.580735	4726.553320	11.906739	-0.090066	4.129883
490.596594	4726.244878	11.911744	-0.090068	4.129764
490.632368	4725.579846	11.916749	-0.090074	4.129509
490.538315	4725.422183	11.921754	-0.090056	4.129445
490.564787	4724.736803	11.926759	-0.090060	4.129182
490.501376	4724.660392	11.931763	-0.090048	4.129150
490.437338	4723.913305	11.936768	-0.090035	4.128860
490.398088	4723.834437	11.941773	-0.090027	4.128829
490.368413	4723.462048	11.946778	-0.090021	4.128684
490.222002	4723.015159	11.951783	-0.089993	4.128508
490.244445	4723.043708	11.956787	-0.089997	4.128519
490.331134	4722.820306	11.961792	-0.090013	4.128435
490.284592	4722.231510	11.966797	-0.090003	4.128207
490.482909	4722.207549	11.971802	-0.090039	4.128203
490.358493	4721.801271	11.976807	-0.090016	4.128043
490.475825	4721.599247	11.981811	-0.090037	4.127968
490.485351	4721.269543	11.986816	-0.090038	4.127841
490.667432	4720.703970	11.991821	-0.090071	4.127627
490.531294	4720.347082	11.996826	-0.090045	4.127486
490.596770	4719.893073	12.001831	-0.090056	4.127312
490.631780	4719.457347	12.006835	-0.090062	4.127145
490.532467	4719.066440	12.011840	-0.090043	4.126991
490.482041	4718.646317	12.016845	-0.090033	4.126828
490.473624	4718.313084	12.021850	-0.090031	4.126699
490.372284	4718.015352	12.026855	-0.090012	4.126581
490.357122	4717.494207	12.031859	-0.090008	4.126379
490.546273	4717.456307	12.036864	-0.090042	4.126370
490.544325	4716.690110	12.041869	-0.090041	4.126074
490.481511	4716.639602	12.046874	-0.090029	4.126052
490.495560	4715.992016	12.051879	-0.090031	4.125803
490.625309	4715.857948	12.056883	-0.090054	4.125754
490.645179	4715.137251	12.061888	-0.090057	4.125476
490.544866	4715.027085	12.066893	-0.090038	4.125431
490.590619	4714.252126	12.071898	-0.090046	4.125133
490.642217	4714.066057	12.076903	-0.090055	4.125062
490.534666	4713.401120	12.081907	-0.090034	4.124803
490.569185	4713.191992	12.086912	-0.090040	4.124723
490.457916	4712.559697	12.091917	-0.090018	4.124476
490.487848	4712.567492	12.096922	-0.090024	4.124479
490.588811	4711.801842	12.101927	-0.090041	4.124186
490.592576	4711.676479	12.106931	-0.090041	4.124138
490.469631	4710.902055	12.111936	-0.090018	4.123835
490.430050	4710.946145	12.116941	-0.090010	4.123851
490.350242	4710.298900	12.121946	-0.089995	4.123599
490.455076	4710.200535	12.126951	-0.090013	4.123564
490.500866	4709.741833	12.131955	-0.090021	4.123387
490.681278	4709.317510	12.136960	-0.090054	4.123228
490.436722	4708.915191	12.141965	-0.090008	4.123066
490.472581	4708.716557	12.146970	-0.090014	4.122990
490.466537	4708.371356	12.151975	-0.090012	4.122857
490.407242	4707.853727	12.156979	-0.090001	4.122655
490.498369	4707.766823	12.161984	-0.090017	4.122624
490.481858	4707.059681	12.166989	-0.090013	4.122350
490.309765	4707.041806	12.171994	-0.089981	4.122338
490.483910	4706.458889	12.176999	-0.090012	4.122118
490.493705	4706.202325	12.182003	-0.090013	4.122019
490.533054	4705.856500	12.187008	-0.090020	4.121886
490.489038	4705.421131	12.192013	-0.090011	4.121717
490.465511	4705.195963	12.197018	-0.090006	4.121629
490.437877	4704.577786	12.202023	-0.090000	4.121389
490.359612	4704.582530	12.207027	-0.089986	4.121389
490.594469	4703.876842	12.212032	-0.090028	4.121122
490.354381	4703.825723	12.217037	-0.089983	4.121096
490.458986	4703.256645	12.222042	-0.090002	4.120879
490.482073	4702.970980	12.227047	-0.090005	4.120769
490.373732	4702.735568	12.232051	-0.089985	4.120675
490.369373	4702.229774	12.237056	-0.089983	4.120479
490.440079	4702.240392	12.242061	-0.089996	4.120485
490.433633	4701.517587	12.247066	-0.089994	4.120205
490.492483	4701.377241	12.252071	-0.090004	4.120152
490.425833	4700.872581	12.257075	-0.089991	4.119955
490.437265	4700.528045	12.262080	-0.089993	4.119822
490.268727	4700.463953	12.267085	-0.089961	4.119793
490.378670	4699.779247	12.272090	-0.089980	4.119531
490.426669	4699.755909	12.277095	-0.089989	4.119523
490.314274	4699.290812	12.282099	-0.089967	4.119340
490.316092	4698.938920	12.287104	-0.089967	4.119204
490.397349	4698.931850	12.292109	-0.089982	4.119204
490.359923	4698.341355	12.297114	-0.089974	4.118974
490.389720	4698.090061	12.302119	-0.089979	4.118878
490.295769	4698.052318	12.307123	-0.089961	4.118861
490.325185	4697.313604	12.312128	-0.089966	4.118576
490.366477	4697.329469	12.317133	-0.089973	4.118583
490.217078	4697.111563	12.322138	-0.089945	4.118494
490.374592	4696.468966	12.327143	-0.089973	4.118250
490.289596	4696.519380	12.332147	-0.089957	4.118267
490.325098	4696.316958	12.337152	-0.089963	4.118190
490.247825	4695.924638	12.342157	-0.089948	4.118036
490.496055	4695.910055	12.347162	-0.089993	4.118037
490.350355	4695.323181	12.352167	-0.089966	4.117806
490.273275	4695.069665	12.357171	-0.089951	4.117705
490.319411	4695.078734	12.362176	-0.089959	4.117710
490.438989	4694.365454	12.367181	-0.089980	4.117437
490.459393	4694.252861	12.372186	-0.089983	4.117394
490.399355	4693.824738	12.377191	-0.089972	4.117227
490.303408	4693.485438	12.382195	-0.089953	4.117093
490.327791	4693.445185	12.387200	-0.089957	4.117078
490.236948	4692.832884	12.392205	-0.089940	4.116838
490.287038	4692.609353	12.397210	-0.089948	4.116753
490.349587	4692.605181	12.402215	-0.089960	4.116753
490.307585	4692.035528	12.407219	-0.089951	4.116532
490.255961	4691.773076	12.412224	-0.089941	4.116429
490.472386	4691.691304	12.417229	-0.089980	4.116403
490.439497	4690.987181	12.422234	-0.089973	4.116129
490.366822	4690.998821	12.427239	-0.089960	4.116132
490.202302	4690.699048	12.432243	-0.089929	4.116011
490.210269	4690.182495	12.437248	-0.089929	4.115811
490.220968	4690.162555	12.442253	-0.089931	4.115804
490.157675	4690.171933	12.447258	-0.089919	4.115806
490.314201	4689.583827	12.452263	-0.089947	4.115582
490.299295	4689.436634	12.457267	-0.089944	4.115525
490.593748	4689.188985	12.462272	-0.089997	4.115437
490.438115	4688.565298	12.467277	-0.089968	4.115191
490.376056	4688.570561	12.472282	-0.089956	4.115191
490.373492	4687.887931	12.477287	-0.089955	4.114927
490.468027	4687.796068	12.482291	-0.089972	4.114894
490.352320	4687.487372	12.487296	-0.089950	4.114771
490.504484	4686.934372	12.492301	-0.089977	4.114561
490.260377	4686.940969	12.497306	-0.089932	4.114557
490.312159	4686.242586	12.502311	-0.089940	4.114288
490.288312	4686.181514	12.507315	-0.089935	4.114263
490.235311	4686.171641	12.512320	-0.089925	4.114258
490.360891	4685.483507	12.517325	-0.089947	4.113995
490.177149	4685.345663	12.522330	-0.089913	4.113937
490.192715	4685.342321	12.527335	-0.089915	4.113936
490.283189	4684.918647	12.532339	-0.089931	4.113774
490.293820	4684.516647	12.537344	-0.089933	4.113618
490.237980	4684.530350	12.542349	-0.089922	4.113622
490.388446	4684.156546	12.547354	-0.089949	4.113481
490.429776	4683.730682	12.552359	-0.089956	4.113317
490.363277	4683.733035	12.557363	-0.089943	4.113317
490.374316	4683.112638	12.562368	-0.089945	4.113076
490.335400	4683.088899	12.567373	-0.089937	4.113066
490.383194	4682.810917	12.572378	-0.089945	4.112960
490.257079	4682.197677	12.577383	-0.089921	4.112719
490.210947	4682.221989	12.582387	-0.089912	4.112727
490.099636	4682.210532	12.587392	-0.089891	4.112719
490.272088	4681.567739	12.592397	-0.089922	4.112475
490.091163	4681.427353	12.597402	-0.089888	4.112416
490.299977	4681.371109	12.602407	-0.089926	4.112399
490.347522	4681.044035	12.607411	-0.089935	4.112274
490.181625	4680.595621	12.612416	-0.089903	4.112096
490.271000	4680.599239	12.617421	-0.089919	4.112099
490.180579	4680.537188	12.622426	-0.089902	4.112073
490.233193	4679.739258	12.627431	-0.089911	4.111765
490.269706	4679.773134	12.632435	-0.089917	4.111779
490.256670	4679.754860	12.637440	-0.089914	4.111771
490.457272	4679.090106	12.642445	-0.089951	4.111519
490.202175	4678.970226	12.647450	-0.089903	4.111466
490.108495	4678.960780	12.652455	-0.089885	4.111460
490.246884	4678.497765	12.657459	-0.089910	4.111284
490.164174	4678.129884	12.662464	-0.089894	4.111139
489.987031	4678.161687	12.667469	-0.089861	4.111146
489.974190	4678.148236	12.672474	-0.089858	4.111141
490.060501	4678.149644	12.677479	-0.089874	4.111144
490.018253	4677.990822	12.682483	-0.089866	4.111081
490.088054	4677.348961	12.687488	-0.089878	4.110834
490.225600	4677.345194	12.692493	-0.089903	4.110836
490.386492	4677.330138	12.697498	-0.089932	4.110835
490.238908	4676.751752	12.702503	-0.089904	4.110606
490.343606	4676.557765	12.707507	-0.089923	4.110534
490.128771	4676.584137	12.712512	-0.089883	4.110538
490.410186	4676.116103	12.717517	-0.089934	4.110364
490.122514	4675.744041	12.722522	-0.089880	4.110212
490.276302	4675.715784	12.727527	-0.089908	4.110205
490.137553	4675.734450	12.732531	-0.089882	4.110209
490.241335	4674.935734	12.737536	-0.089900	4.109902
490.206027	4674.939958	12.742541	-0.089893	4.109903
490.277659	4674.943185	12.747546	-0.089906	4.109906
490.386395	4674.285100	12.752551	-0.089925	4.109653
490.381664	4674.091518	12.757555	-0.089924	4.109578
490.180810	4674.088742	12.762560	-0.089886	4.109572
490.327686	4673.444158	12.767565	-0.089913	4.109326
490.212659	4673.346036	12.772570	-0.089891	4.109284
490.094323	4673.343962	12.777575	-0.089869	4.109280
490.203515	4672.988681	12.782579	-0.089888	4.109146
490.244456	4672.478746	12.787584	-0.089895	4.108949
490.296551	4672.480107	12.792589	-0.089904	4.108951
490.309592	4672.293373	12.797594	-0.089906	4.108879
490.352377	4671.697197	12.802599	-0.089913	4.108649
490.464226	4671.725794	12.807603	-0.089933	4.108663
490.133256	4671.494600	12.812608	-0.089872	4.108564
490.372473	4670.873518	12.817613	-0.089915	4.108329
490.250761	4670.882153	12.822618	-0.089892	4.108329
490.349475	4670.658085	12.827623	-0.089910	4.108245
490.425357	4670.286691	12.832627	-0.089923	4.108103
490.363518	4670.259763	12.837632	-0.089911	4.108091
490.384091	4669.520362	12.842637	-0.089914	4.107805
490.443352	4669.413363	12.847642	-0.089925	4.107765
490.322377	4669.066997	12.852647	-0.089902	4.107627
490.424265	4668.635894	12.857651	-0.089920	4.107462
490.281726	4668.633110	12.862656	-0.089893	4.107457
490.206926	4668.007509	12.867661	-0.089878	4.107213
490.039241	4667.822992	12.872666	-0.089847	4.107137
490.122005	4667.794041	12.877671	-0.089862	4.107127
490.240135	4667.784353	12.882675	-0.089883	4.107127
490.031000	4667.415224	12.887680	-0.089844	4.106978
490.148697	4667.051486	12.892685	-0.089865	4.106840
490.195305	4667.046784	12.897690	-0.089873	4.106839
490.116999	4667.062864	12.902695	-0.089858	4.106843
490.170180	4666.893543	12.907699	-0.089868	4.106779
490.057702	4666.169294	12.912704	-0.089846	4.106495
490.152183	4666.166885	12.917709	-0.089863	4.106497
490.265852	4666.175206	12.922714	-0.089884	4.106503
490.191688	4666.099268	12.927719	-0.089869	4.106471
490.407107	4665.378750	12.932723	-0.089908	4.106197
490.506713	4665.350234	12.937728	-0.089926	4.106189
490.353051	4664.797916	12.942733	-0.089897	4.105970
490.379457	4664.576593	12.947738	-0.089901	4.105885
490.241477	4664.572703	12.952743	-0.089875	4.105880
490.256497	4663.949933	12.957747	-0.089877	4.105639
490.128765	4663.849598	12.962752	-0.089853	4.105596
490.155632	4663.840640	12.967757	-0.089858	4.105593
490.197154	4663.702750	12.972762	-0.089865	4.105541
490.223257	4662.972271	12.977767	-0.089869	4.105258
490.237956	4662.989100	12.982771	-0.089871	4.105265
490.165169	4662.972621	12.987776	-0.089857	4.105256
490.105627	4662.613353	12.992781	-0.089846	4.105115
490.040010	4662.190176	12.997786	-0.089833	4.104949
490.085086	4662.169491	13.002791	-0.089841	4.104942
490.080484	4662.162731	13.007795	-0.089840	4.104940
490.055096	4662.162248	13.012800	-0.089835	4.104939
489.988583	4662.168660	13.017805	-0.089822	4.104939
489.899807	4662.046325	13.022810	-0.089805	4.104889
490.026143	4661.383762	13.027815	-0.089827	4.104635
490.202869	4661.384443	13.032819	-0.089860	4.104640
490.084243	4661.374390	13.037824	-0.089837	4.104633
490.033974	4661.370821	13.042829	-0.089828	4.104630
490.031233	4661.376800	13.047834	-0.089827	4.104633
489.800017	4660.723976	13.052839	-0.089783	4.104373
489.994057	4660.562600	13.057843	-0.089819	4.104315
490.074865	4660.517705	13.062848	-0.089833	4.104300
489.954672	4660.546367	13.067853	-0.089810	4.104308
490.060338	4660.556030	13.072858	-0.089829	4.104315
490.122229	4660.528541	13.077863	-0.089840	4.104305
490.143198	4660.302056	13.082867	-0.089844	4.104218
490.286897	4659.746136	13.087872	-0.089869	4.104006
490.360961	4659.721014	13.092877	-0.089883	4.103998
490.243155	4659.599937	13.097882	-0.089860	4.103948
490.084277	4658.921268	13.102887	-0.089830	4.103680
490.306114	4658.926020	13.107891	-0.089871	4.103688
490.144277	4658.928647	13.112896	-0.089841	4.103685
490.128119	4658.701575	13.117901	-0.089837	4.103596
490.272923	4658.162541	13.122906	-0.089863	4.103390
490.439417	4658.121308	13.127911	-0.089893	4.103379
490.363140	4657.776246	13.132915	-0.089878	4.103243
490.331407	4657.490792	13.137920	-0.089872	4.103131
490.251307	4657.460373	13.142925	-0.089857	4.103117
490.322561	4656.916089	13.147930	-0.089869	4.102907
490.335034	4656.636410	13.152935	-0.089871	4.102799
490.420101	4656.629814	13.157939	-0.089886	4.102799
490.255160	4655.809487	13.162944	-0.089855	4.102476
490.203432	4655.798795	13.167949	-0.089845	4.102470
490.207849	4655.832406	13.172954	-0.089845	4.102483
490.278367	4655.227166	13.177959	-0.089857	4.102250
490.324067	4655.046484	13.182963	-0.089865	4.102181
490.180921	4655.006022	13.187968	-0.089838	4.102161
490.308544	4654.576872	13.192973	-0.089861	4.101998
490.186882	4654.215019	13.197978	-0.089838	4.101854
490.112518	4654.209934	13.202983	-0.089824	4.101850
490.188379	4654.230501	13.207987	-0.089838	4.101860
490.250933	4653.630730	13.212992	-0.089848	4.101629
490.243121	4653.335682	13.217997	-0.089846	4.101514
490.246525	4653.356497	13.223002	-0.089847	4.101522
490.249347	4653.034996	13.228007	-0.089846	4.101397
490.204912	4652.613147	13.233011	-0.089838	4.101232
490.195995	4652.583393	13.238016	-0.089835	4.101220
490.174745	4652.596290	13.243021	-0.089831	4.101224
490.250018	4651.949916	13.248026	-0.089844	4.100975
490.158997	4651.729045	13.253031	-0.089827	4.100887
490.320560	4651.733956	13.258035	-0.089856	4.100893
490.190545	4651.560820	13.263040	-0.089832	4.100822
490.213572	4651.039494	13.268045	-0.089835	4.100620
490.160213	4651.025715	13.273050	-0.089825	4.100613
490.146002	4651.025262	13.278055	-0.089822	4.100613
490.067881	4650.707095	13.283059	-0.089807	4.100487
489.957764	4650.167828	13.288064	-0.089786	4.100274
489.975749	4650.169136	13.293069	-0.089789	4.100275
489.895792	4650.187754	13.298074	-0.089774	4.100280
489.894821	4650.172715	13.303079	-0.089773	4.100274
489.911246	4650.195825	13.308083	-0.089776	4.100284
489.880162	4650.188521	13.313088	-0.089770	4.100280
489.911527	4650.180857	13.318093	-0.089775	4.100278
489.950440	4650.195160	13.323098	-0.089782	4.100284
490.018587	4650.180900	13.328103	-0.089794	4.100281
489.861393	4649.816888	13.333107	-0.089764	4.100135
489.863561	4649.426455	13.338112	-0.089764	4.099983
489.929464	4649.402712	13.343117	-0.089776	4.099976
490.046575	4649.396267	13.348122	-0.089797	4.099976
489.950895	4649.383049	13.353127	-0.089779	4.099968
490.109900	4649.392144	13.358131	-0.089808	4.099976
490.146508	4649.399376	13.363136	-0.089814	4.099980
490.139554	4648.878653	13.368141	-0.089812	4.099777
490.060571	4648.564633	13.373146	-0.089797	4.099653
489.951287	4648.549159	13.378151	-0.089776	4.099644
490.076507	4648.571062	13.383155	-0.089799	4.099656
490.093175	4648.555592	13.388160	-0.089801	4.099650
490.161965	4648.346088	13.393165	-0.089814	4.099571
490.244369	4647.794248	13.398170	-0.089828	4.099358
490.117294	4647.762355	13.403175	-0.089804	4.099342
490.141631	4647.794542	13.408179	-0.089808	4.099356
490.083298	4647.660636	13.413184	-0.089797	4.099302
490.130966	4646.942602	13.418189	-0.089805	4.099024
490.145554	4646.961013	13.423194	-0.089807	4.099031
490.051029	4646.965394	13.428199	-0.089789	4.099031
490.164877	4646.968006	13.433203	-0.089810	4.099035
490.199352	4646.444497	13.438208	-0.089815	4.098832
490.197650	4646.144406	13.443213	-0.089815	4.098715
490.168089	4646.170732	13.448218	-0.089809	4.098725
490.196668	4646.127123	13.453223	-0.089813	4.098708
490.230994	4645.378004	13.458227	-0.089819	4.098418
490.070890	4645.384582	13.463232	-0.089789	4.098416
490.182930	4645.374467	13.468237	-0.089809	4.098415
490.374451	4645.191739	13.473242	-0.089844	4.098349
490.357916	4644.758620	13.478247	-0.089840	4.098180
490.287401	4644.773365	13.483251	-0.089827	4.098184
490.431413	4644.159564	13.488256	-0.089853	4.097949
490.366062	4643.869627	13.493261	-0.089840	4.097835
490.484054	4643.690474	13.498266	-0.089861	4.097768
490.327105	4643.094657	13.503271	-0.089831	4.097532
490.337268	4643.106145	13.508275	-0.089833	4.097537
490.295276	4642.652421	13.513280	-0.089824	4.097359
490.299785	4642.274128	13.518285	-0.089825	4.097212
490.110358	4642.290004	13.523290	-0.089789	4.097213
490.233652	4642.213261	13.528295	-0.089811	4.097187
490.283934	4641.505039	13.533299	-0.089820	4.096913
490.197681	4641.521695	13.538304	-0.089804	4.096917
490.239585	4641.454688	13.543309	-0.089811	4.096892
490.199402	4640.865253	13.548314	-0.089803	4.096661
490.094528	4640.682543	13.553319	-0.089783	4.096587
490.236803	4640.689558	13.558323	-0.089809	4.096594
490.203278	4640.668795	13.563328	-0.089802	4.096585
490.143016	4639.872934	13.568333	-0.089790	4.096274
490.201991	4639.831223	13.573338	-0.089800	4.096259
490.331618	4639.864807	13.578343	-0.089824	4.096275
490.308849	4639.352892	13.583347	-0.089819	4.096076
490.146920	4639.069087	13.588352	-0.089788	4.095961
490.119559	4639.072775	13.593357	-0.089783	4.095961
490.187825	4639.084185	13.598362	-0.089795	4.095968
489.983596	4638.542539	13.603367	-0.089757	4.095751
490.010929	4638.283970	13.608371	-0.089761	4.095651
489.896138	4638.297821	13.613376	-0.089740	4.095653
489.899056	4638.291354	13.618381	-0.089740	4.095651
490.002057	4638.305936	13.623386	-0.089758	4.095659
489.921557	4638.283669	13.628391	-0.089743	4.095648
489.839428	4638.302446	13.633395	-0.089728	4.095653
489.867803	4638.301411	13.638400	-0.089732	4.095654
489.969151	4638.274378	13.643405	-0.089751	4.095646
490.023123	4638.180058	13.648410	-0.089760	4.095611
489.890343	4637.475358	13.653415	-0.089735	4.095333
490.082742	4637.447536	13.658419	-0.089770	4.095327
490.071110	4637.481413	13.663424	-0.089767	4.095340
490.062282	4637.456515	13.668429	-0.089765	4.095330
490.162080	4637.492985	13.673434	-0.089783	4.095347
490.107505	4636.988242	13.678439	-0.089772	4.095149
490.083937	4636.670705	13.683443	-0.089767	4.095025
489.875121	4636.672721	13.688448	-0.089728	4.095020
490.102251	4636.648872	13.693453	-0.089770	4.095017
490.038140	4636.650334	13.698458	-0.089758	4.095015
490.089208	4636.627641	13.703463	-0.089767	4.095008
490.144126	4635.941129	13.708467	-0.089776	4.094742
490.176231	4635.829911	13.713472	-0.089781	4.094700
490.128077	4635.827042	13.718477	-0.089772	4.094697
490.273412	4635.852272	13.723482	-0.089798	4.094711
490.285036	4635.038084	13.728487	-0.089800	4.094394
490.181218	4635.064005	13.733491	-0.089780	4.094402
490.160657	4635.047160	13.738496	-0.089776	4.094394
490.222077	4634.631441	13.743501	-0.089786	4.094234
490.256828	4634.208791	13.748506	-0.089792	4.094071
490.076532	4634.203999	13.753511	-0.089759	4.094064
490.191306	4634.214526	13.758515	-0.089779	4.094071
490.334299	4633.678382	13.763520	-0.089805	4.093866
490.165625	4633.459403	13.768525	-0.089773	4.093776
490.222603	4633.457955	13.773530	-0.089783	4.093777
490.248731	4633.136223	13.778535	-0.089787	4.093653
490.177691	4632.629648	13.783539	-0.089774	4.093453
490.274251	4632.608566	13.788544	-0.089791	4.093448
490.194605	4632.614337	13.793549	-0.089776	4.093448
490.439889	4632.014919	13.798554	-0.089820	4.093221
490.324065	4631.947047	13.803559	-0.089799	4.093191
490.313691	4631.805979	13.808563	-0.089796	4.093136
490.261296	4631.091247	13.813568	-0.089786	4.092856
490.180468	4631.086679	13.818573	-0.089770	4.092852
490.373787	4630.904800	13.823578	-0.089805	4.092787
490.261316	4630.327481	13.828583	-0.089784	4.092559
490.204204	4630.341290	13.833587	-0.089773	4.092563
490.220090	4630.337122	13.838592	-0.089775	4.092561
490.286437	4629.609309	13.843597	-0.089787	4.092280
490.192947	4629.486965	13.848602	-0.089769	4.092230
490.145475	4629.500896	13.853607	-0.089760	4.092234
490.349054	4629.234121	13.858611	-0.089797	4.092135
490.236236	4628.753940	13.863616	-0.089775	4.091945
490.213189	4628.721249	13.868621	-0.089771	4.091932
490.112176	4628.747776	13.873626	-0.089752	4.091939
490.026711	4628.082897	13.878631	-0.089735	4.091678
490.102277	4627.889321	13.883635	-0.089748	4.091605
490.216519	4627.885428	13.888640	-0.089769	4.091606
490.030451	4627.880277	13.893645	-0.089734	4.091599
490.154142	4627.885338	13.898650	-0.089757	4.091604
490.038591	4627.087158	13.903655	-0.089734	4.091290
490.220816	4627.090490	13.908659	-0.089768	4.091296
490.192137	4627.107103	13.913664	-0.089762	4.091302
489.882920	4627.117863	13.918669	-0.089705	4.091298
489.962269	4627.140480	13.923674	-0.089719	4.091309
489.970012	4626.612618	13.928679	-0.089719	4.091103
490.059000	4626.293872	13.933683	-0.089735	4.090981
489.975999	4626.304700	13.938688	-0.089719	4.090983
489.996771	4626.296980	13.943693	-0.089723	4.090981
490.059837	4626.311124	13.948698	-0.089734	4.090988
489.971526	4626.295875	13.953703	-0.089717	4.090980
490.134915	4626.204341	13.958707	-0.089747	4.090948
490.004199	4625.559658	13.963712	-0.089722	4.090694
489.978388	4625.559235	13.968717	-0.089717	4.090693
490.047188	4625.599423	13.973722	-0.089729	4.090710
490.045240	4625.561246	13.978727	-0.089728	4.090695
490.007637	4625.555244	13.983731	-0.089721	4.090692
490.121226	4625.407917	13.988736	-0.089741	4.090637
490.048289	4624.705506	13.993741	-0.089727	4.090362
490.031546	4624.731694	13.998746	-0.089724	4.090371
489.992796	4624.705737	14.003751	-0.089716	4.090360
490.141715	4624.691372	14.008755	-0.089743	4.090359
490.098914	4624.702569	14.013760	-0.089735	4.090362
490.154082	4623.960704	14.018765	-0.089744	4.090074
490.202712	4623.864465	14.023770	-0.089753	4.090038
490.177064	4623.848004	14.028775	-0.089747	4.090031
490.166095	4623.873782	14.033779	-0.089745	4.090040
490.168001	4623.126121	14.038784	-0.089744	4.089749
490.222124	4623.093608	14.043789	-0.089754	4.089738
490.370144	4623.093726	14.048794	-0.089781	4.089742
490.101053	4622.531138	14.053799	-0.089730	4.089515
490.008133	4622.293470	14.058803	-0.089713	4.089420
490.136809	4622.282131	14.063808	-0.089736	4.089419
490.038623	4622.288429	14.068813	-0.089718	4.089419
490.165855	4622.325270	14.073818	-0.089741	4.089437
490.090199	4621.746655	14.078823	-0.089726	4.089209
490.082166	4621.499000	14.083827	-0.089724	4.089112
490.402237	4621.478937	14.088832	-0.089782	4.089113
490.243630	4621.422205	14.093837	-0.089753	4.089087
490.348400	4620.673052	14.098842	-0.089771	4.088798
490.220504	4620.648607	14.103847	-0.089747	4.088784
490.218457	4620.668139	14.108851	-0.089746	4.088792
490.494930	4619.922116	14.113856	-0.089796	4.088509
490.188052	4619.900721	14.118861	-0.089739	4.088492
490.400169	4619.660770	14.123866	-0.089778	4.088404
490.338869	4619.259923	14.128871	-0.089766	4.088246
490.259105	4619.239290	14.133875	-0.089751	4.088236
490.278288	4619.023413	14.138880	-0.089754	4.088152
490.188271	4618.417166	14.143885	-0.089736	4.087913
490.376427	4618.420833	14.148890	-0.089771	4.087920
490.373592	4618.051942	14.153895	-0.089769	4.087776
490.160367	4617.597037	14.158899	-0.089729	4.087593
490.368800	4617.588052	14.163904	-0.089767	4.087595
490.262671	4617.326615	14.168909	-0.089747	4.087490
490.310143	4616.797231	14.173914	-0.089755	4.087285
490.184773	4616.807067	14.178919	-0.089732	4.087285
490.212735	4616.743581	14.183923	-0.089736	4.087261
490.158818	4616.009992	14.188928	-0.089726	4.086974
490.000299	4616.002958	14.193933	-0.089696	4.086967
490.192007	4616.005559	14.198938	-0.089731	4.086973
490.027355	4616.010171	14.203943	-0.089700	4.086970
490.143672	4615.869963	14.208947	-0.089721	4.086918
490.091703	4615.184344	14.213952	-0.089711	4.086650
490.085873	4615.209740	14.218957	-0.089709	4.086659
490.123633	4615.191211	14.223962	-0.089716	4.086653
490.185333	4615.172587	14.228967	-0.089727	4.086647
490.233439	4614.554389	14.233971	-0.089735	4.086408
490.261760	4614.405216	14.238976	-0.089739	4.086350
490.061615	4614.411548	14.243981	-0.089702	4.086347
490.060986	4614.404547	14.248986	-0.089701	4.086344
490.089414	4614.165695	14.253991	-0.089706	4.086252
490.066600	4613.577401	14.258995	-0.089701	4.086022
490.079348	4613.621493	14.264000	-0.089703	4.086039
490.129982	4613.586841	14.269005	-0.089712	4.086027
489.980295	4613.598408	14.274010	-0.089684	4.086027
489.989227	4613.628359	14.279015	-0.089685	4.086039
490.078844	4612.969685	14.284019	-0.089701	4.085785
490.075778	4612.858784	14.289024	-0.089700	4.085741
490.105900	4612.843200	14.294029	-0.089705	4.085736
490.025998	4612.876242	14.299034	-0.089690	4.085747
490.071735	4612.848343	14.304039	-0.089698	4.085737
490.090688	4612.251561	14.309043	-0.089701	4.085505
490.006040	4612.011167	14.314048	-0.089684	4.085409
490.269899	4611.950995	14.319053	-0.089733	4.085392
490.077488	4612.001619	14.324058	-0.089697	4.085407
490.138883	4611.964606	14.329063	-0.089708	4.085394
490.076492	4611.215955	14.334067	-0.089695	4.085100
490.020423	4611.264114	14.339072	-0.089684	4.085117
489.998177	4611.214624	14.344077	-0.089680	4.085097
490.030573	4611.244505	14.349082	-0.089685	4.085110
490.024044	4611.228319	14.354087	-0.089684	4.085103
490.076467	4611.211955	14.359091	-0.089693	4.085098
490.251849	4610.371260	14.364096	-0.089724	4.084775
490.063501	4610.381578	14.369101	-0.089689	4.084774
490.146087	4610.387886	14.374106	-0.089704	4.084779
490.206379	4610.362960	14.379111	-0.089715	4.084771
490.102332	4609.591770	14.384115	-0.089695	4.084467
490.293029	4609.610414	14.389120	-0.089729	4.084479
490.156138	4609.613083	14.394125	-0.089704	4.084476
490.193924	4609.468108	14.399130	-0.089710	4.084421
490.205399	4608.755210	14.404135	-0.089711	4.084143
490.055171	4608.799641	14.409139	-0.089683	4.084156
490.049265	4608.801821	14.414144	-0.089682	4.084157
490.065618	4608.785616	14.419149	-0.089685	4.084151
490.061430	4608.380356	14.424154	-0.089683	4.083992
490.139582	4608.010878	14.429159	-0.089697	4.083850
490.094338	4607.994245	14.434163	-0.089688	4.083843
489.962602	4608.036563	14.439168	-0.089663	4.083855
489.999024	4608.006932	14.444173	-0.089670	4.083845
489.783316	4608.025604	14.449178	-0.089630	4.083846
489.936273	4608.037313	14.454183	-0.089657	4.083855
490.085118	4607.568411	14.459187	-0.089684	4.083676
490.090738	4607.220111	14.464192	-0.089684	4.083540
489.878988	4607.228103	14.469197	-0.089645	4.083537
489.912888	4607.237059	14.474202	-0.089651	4.083542
490.093177	4607.218819	14.479207	-0.089684	4.083539
490.193897	4607.204628	14.484211	-0.089702	4.083537
490.201195	4606.816215	14.489216	-0.089702	4.083385
490.219273	4606.539062	14.494221	-0.089705	4.083278
490.213300	4606.590051	14.499226	-0.089704	4.083297
490.333383	4606.314461	14.504231	-0.089725	4.083193
490.188596	4605.694475	14.509235	-0.089698	4.082947
490.231310	4605.712402	14.514240	-0.089705	4.082955
490.193817	4605.690425	14.519245	-0.089698	4.082945
490.252442	4605.048831	14.524250	-0.089708	4.082697
490.136880	4604.937207	14.529255	-0.089686	4.082650
490.218913	4604.905141	14.534259	-0.089701	4.082639
490.080764	4604.919116	14.539264	-0.089675	4.082641
490.137202	4604.103349	14.544269	-0.089684	4.082324
490.077884	4604.097326	14.549274	-0.089673	4.082320
490.238733	4604.064460	14.554279	-0.089702	4.082312
489.919171	4604.109725	14.559283	-0.089643	4.082320
490.046760	4604.061625	14.564288	-0.089666	4.082305
489.977715	4603.292435	14.569293	-0.089652	4.082003
490.044445	4603.274256	14.574298	-0.089664	4.081998
489.963761	4603.318542	14.579303	-0.089649	4.082013
489.964880	4603.281832	14.584307	-0.089649	4.081998
489.852428	4603.337974	14.589312	-0.089628	4.082017
489.950116	4603.268006	14.594317	-0.089645	4.081992
490.031058	4603.319200	14.599322	-0.089660	4.082014
490.066106	4603.036135	14.604327	-0.089665	4.081905
489.941272	4602.509315	14.609331	-0.089642	4.081696
490.148004	4602.501976	14.614336	-0.089679	4.081698
490.183859	4602.482793	14.619341	-0.089686	4.081692
490.230531	4602.519624	14.624346	-0.089694	4.081708
490.285269	4601.794526	14.629351	-0.089703	4.081426
490.186756	4601.669740	14.634355	-0.089684	4.081374
490.070742	4601.670154	14.639360	-0.089662	4.081371
490.200121	4601.639522	14.644365	-0.089686	4.081363
490.110882	4600.889541	14.649370	-0.089669	4.081067
490.074274	4600.886708	14.654375	-0.089661	4.081065
490.087073	4600.857172	14.659379	-0.089663	4.081054
490.019397	4600.892532	14.664384	-0.089650	4.081066
490.051913	4600.710463	14.669389	-0.089656	4.080996

490.082235	4600.103967	14.674394	-0.089661	4.080760
489.966116	4599.599073	14.679399	-0.089639	4.080559
489.920752	4598.783768	14.684403	-0.089629	4.080240
489.834384	4597.674071	14.689408	-0.089612	4.079804
489.879619	4596.360896	14.694413	-0.089619	4.079292
489.945080	4594.797098	14.699418	-0.089630	4.078683
489.992717	4593.092571	14.704423	-0.089637	4.078018
489.838527	4590.964921	14.709427	-0.089607	4.077182
489.915675	4588.619141	14.714432	-0.089619	4.076268
489.959816	4586.067825	14.719437	-0.089625	4.075271
489.795852	4583.160804	14.724442	-0.089593	4.074130
489.738905	4580.216637	14.729447	-0.089580	4.072977
489.717625	4576.910152	14.734451	-0.089573	4.071682
489.826668	4573.417529	14.739456	-0.089591	4.070318
489.733722	4569.666305	14.744461	-0.089571	4.068847
489.602703	4565.719162	14.749466	-0.089543	4.067297
489.569614	4561.535487	14.754471	-0.089534	4.065657
489.361599	4557.138377	14.759475	-0.089493	4.063927
489.366955	4552.629895	14.764480	-0.089490	4.062159
489.385060	4547.739795	14.769485	-0.089490	4.060241
489.121168	4542.807203	14.774490	-0.089438	4.058297
489.070712	4537.685934	14.779495	-0.089425	4.056285
489.031122	4532.265375	14.784499	-0.089413	4.054154
488.971505	4526.668124	14.789504	-0.089398	4.051951
488.649188	4520.845502	14.794509	-0.089335	4.049652
488.444557	4515.053385	14.799514	-0.089293	4.047366
488.466144	4508.919174	14.804519	-0.089292	4.044951
488.365964	4502.651007	14.809523	-0.089269	4.042478
488.221856	4496.120809	14.814528	-0.089238	4.039899
487.876725	4489.596154	14.819533	-0.089170	4.037314
487.848909	4482.744932	14.824538	-0.089160	4.034609
487.749589	4475.789843	14.829543	-0.089136	4.031858
487.879942	4468.533646	14.834547	-0.089155	4.028993
487.623727	4461.106110	14.839552	-0.089103	4.026047
487.448041	4453.509456	14.844557	-0.089065	4.023034
487.277557	4445.790585	14.849562	-0.089028	4.019970
487.250887	4437.904827	14.854567	-0.089018	4.016842
487.103883	4429.780224	14.859571	-0.088985	4.013613
486.921583	4421.468440	14.864576	-0.088945	4.010306
486.887182	4413.077125	14.869581	-0.088933	4.006970
486.797978	4404.339270	14.874586	-0.088910	4.003490
486.364879	4395.539394	14.879591	-0.088825	3.999973
486.244745	4386.593029	14.884595	-0.088796	3.996404
486.201301	4377.499491	14.889600	-0.088782	3.992775
486.137455	4368.171180	14.894605	-0.088763	3.989048
485.875359	4358.709018	14.899610	-0.088708	3.985258
485.677405	4349.113023	14.904615	-0.088665	3.981413
485.499029	4339.418142	14.909619	-0.088626	3.977525
485.326987	4329.581324	14.914624	-0.088587	3.973577
485.165339	4319.547489	14.919629	-0.088550	3.969546
484.987313	4309.353511	14.924634	-0.088510	3.965446
484.847480	4299.024422	14.929639	-0.088477	3.961288
484.544348	4288.608088	14.934643	-0.088414	3.957086
484.343197	4278.051777	14.939648	-0.088370	3.952826
484.176941	4267.349527	14.944653	-0.088332	3.948504
484.114263	4256.445446	14.949658	-0.088313	3.944098
484.032663	4245.396860	14.954663	-0.088290	3.939629
483.773667	4234.173648	14.959667	-0.088235	3.935078
483.467037	4222.866472	14.964672	-0.088170	3.930486
483.259208	4211.479489	14.969677	-0.088124	3.925859
483.034301	4199.920754	14.974682	-0.088075	3.921157
482.706616	4188.338960	14.979687	-0.088006	3.916436
482.488956	4176.574786	14.984691	-0.087958	3.911639
482.265667	4164.755224	14.989696	-0.087909	3.906813
482.081950	4152.755366	14.994701	-0.087867	3.901909
481.756310	4140.704318	14.999706	-0.087798	3.896972
481.640802	4128.514480	15.004711	-0.087769	3.891980
481.285359	4116.265460	15.009715	-0.087695	3.886949
481.074944	4103.924886	15.014720	-0.087647	3.881878
480.864914	4091.357535	15.019725	-0.087600	3.876708
480.714034	4078.719574	15.024730	-0.087563	3.871504
480.540516	4065.968800	15.029735	-0.087523	3.866245
480.307555	4053.014278	15.034739	-0.087471	3.860893
480.185182	4040.046054	15.039744	-0.087439	3.855532
479.611490	4026.944213	15.044749	-0.087325	3.850092
479.496019	4013.852400	15.049754	-0.087294	3.844664
479.255423	4000.484327	15.054759	-0.087241	3.839110
479.138588	3986.972941	15.059763	-0.087210	3.833492
478.758832	3973.476629	15.064768	-0.087131	3.827863
478.390836	3959.950033	15.069773	-0.087054	3.822213
478.232405	3946.324990	15.074778	-0.087015	3.816522
477.849950	3932.605120	15.079783	-0.086935	3.810774
477.640819	3918.834771	15.084787	-0.086887	3.805002
477.460055	3904.922306	15.089792	-0.086845	3.799163
477.043379	3890.921651	15.094797	-0.086758	3.793269
476.783382	3876.933984	15.099802	-0.086701	3.787378
476.491661	3862.811790	15.104807	-0.086637	3.781419
476.259635	3848.599665	15.109811	-0.086585	3.775414
475.920697	3834.365763	15.114816	-0.086513	3.769387
475.609224	3820.049288	15.119821	-0.086445	3.763317
475.362919	3805.608404	15.124826	-0.086390	3.757186
474.975316	3791.148642	15.129831	-0.086309	3.751031
474.579341	3776.615370	15.134835	-0.086226	3.744835
474.470979	3762.124126	15.139840	-0.086196	3.738657
474.184317	3747.400147	15.144845	-0.086133	3.732363
473.807579	3732.656013	15.149850	-0.086054	3.726046
473.659258	3717.859140	15.154855	-0.086016	3.719704
473.322572	3702.948949	15.159859	-0.085944	3.713296
472.968058	3688.017739	15.164864	-0.085868	3.706866
472.644517	3673.045411	15.169869	-0.085799	3.700409
472.548556	3657.928307	15.174874	-0.085771	3.693887
472.062681	3642.805696	15.179879	-0.085671	3.687335
471.727719	3627.575432	15.184883	-0.085599	3.680731
471.462151	3612.282934	15.189888	-0.085539	3.674091
471.150524	3596.955038	15.194893	-0.085471	3.667421
471.047767	3581.559957	15.199898	-0.085442	3.660719
470.636803	3566.090844	15.204903	-0.085356	3.653959
470.195997	3550.620625	15.209907	-0.085264	3.647185
470.018759	3535.087846	15.214912	-0.085221	3.640381
469.446075	3519.511801	15.219917	-0.085104	3.633530
469.289124	3503.904434	15.224922	-0.085065	3.626669
469.020637	3488.257181	15.229927	-0.085005	3.619772
468.766855	3472.496381	15.234931	-0.084947	3.612813
468.421496	3456.646376	15.239936	-0.084873	3.605797
467.973393	3440.830988	15.244941	-0.084779	3.598778
467.527057	3425.032600	15.249946	-0.084686	3.591753
467.288909	3409.142994	15.254951	-0.084632	3.584682
466.963710	3393.254117	15.259955	-0.084561	3.577594
466.495420	3377.322079	15.264960	-0.084464	3.570466
466.109991	3361.420485	15.269965	-0.084382	3.563341
465.915713	3345.393120	15.274970	-0.084335	3.556154
465.588356	3329.389113	15.279975	-0.084264	3.548956
465.327371	3313.264323	15.284979	-0.084205	3.541692
465.129171	3297.089144	15.289984	-0.084157	3.534394
464.635309	3280.871819	15.294989	-0.084055	3.527048
464.272365	3264.628174	15.299994	-0.083977	3.519680
463.955901	3248.339274	15.304999	-0.083908	3.512279
463.500801	3232.087177	15.310003	-0.083813	3.504872
463.522272	3215.727556	15.315008	-0.083806	3.497422
462.848602	3199.358601	15.320013	-0.083671	3.489919
462.584610	3182.992950	15.325018	-0.083611	3.482421
462.105757	3166.628758	15.330023	-0.083511	3.474898
461.831757	3150.195437	15.335027	-0.083450	3.467335
461.535310	3133.796436	15.340032	-0.083384	3.459771
461.262921	3117.252675	15.345037	-0.083323	3.452124
460.661719	3100.799134	15.350042	-0.083201	3.444486
460.530299	3084.277709	15.355047	-0.083165	3.436823
460.035317	3067.735507	15.360051	-0.083063	3.429114
459.731050	3051.234609	15.365056	-0.082995	3.421417
459.384225	3034.659264	15.370061	-0.082920	3.413665
459.021179	3018.058234	15.375066	-0.082842	3.405883
458.754867	3001.422144	15.380071	-0.082782	3.398071
458.218368	2984.795876	15.385075	-0.082671	3.390233
458.043807	2968.155811	15.390080	-0.082628	3.382387
457.656473	2951.451513	15.395085	-0.082545	3.374482
457.312174	2934.747214	15.400090	-0.082470	3.366561
456.884928	2917.961862	15.405095	-0.082380	3.358578
456.552761	2901.204682	15.410099	-0.082308	3.350594
456.090212	2884.501728	15.415104	-0.082211	3.342610
455.768714	2867.752785	15.420109	-0.082140	3.334592
455.467336	2851.013596	15.425114	-0.082073	3.326560
455.131684	2834.231126	15.430119	-0.082000	3.318486
454.612479	2817.463743	15.435123	-0.081893	3.310390
454.487960	2800.625680	15.440128	-0.081859	3.302261
453.938919	2783.825959	15.445133	-0.081746	3.294108
453.640619	2767.010610	15.450138	-0.081680	3.285940
453.306717	2750.130915	15.455143	-0.081607	3.277718
452.880783	2733.304682	15.460147	-0.081517	3.269496
452.629752	2716.460305	15.465152	-0.081459	3.261255
452.157042	2699.576405	15.470157	-0.081361	3.252960
451.944245	2682.660043	15.475162	-0.081310	3.244643
451.485071	2665.767926	15.480167	-0.081214	3.236303
451.080581	2648.861849	15.485171	-0.081128	3.227936
450.751872	2631.988931	15.490176	-0.081056	3.219569
450.204644	2615.155941	15.495181	-0.080943	3.211188
449.986854	2598.317575	15.500186	-0.080892	3.202800
449.522527	2581.452117	15.505191	-0.080795	3.194362
449.145810	2564.533138	15.510195	-0.080714	3.185880
448.773355	2547.681469	15.515200	-0.080634	3.177410
448.405626	2530.804464	15.520205	-0.080555	3.168904
448.051604	2513.930100	15.525210	-0.080478	3.160377
447.505532	2497.092310	15.530215	-0.080366	3.151834
447.222421	2480.235813	15.535219	-0.080302	3.143274
446.853033	2463.407905	15.540224	-0.080223	3.134700
446.404505	2446.553012	15.545229	-0.080129	3.126083
445.979158	2429.717908	15.550234	-0.080039	3.117454
445.622034	2412.904185	15.555239	-0.079961	3.108816
445.149026	2396.155998	15.560243	-0.079863	3.100181
444.821780	2379.340953	15.565248	-0.079791	3.091496
444.519058	2362.569965	15.570253	-0.079724	3.082810
444.031946	2345.751682	15.575258	-0.079623	3.074064
443.574581	2329.020784	15.580263	-0.079527	3.065339
443.164604	2312.308977	15.585267	-0.079440	3.056603
442.781918	2295.593766	15.590272	-0.079358	3.047842
442.383138	2278.824250	15.595277	-0.079273	3.039025
441.958827	2262.129381	15.600282	-0.079184	3.030220
441.627955	2245.476893	15.605287	-0.079112	3.021418
441.177294	2228.811695	15.610291	-0.079017	3.012576
440.861669	2212.138915	15.615296	-0.078948	3.003712
440.474044	2195.471668	15.620301	-0.078865	2.994820
440.050436	2178.832393	15.625306	-0.078776	2.985914
439.729807	2162.203765	15.630311	-0.078705	2.976993
439.203016	2145.618067	15.635315	-0.078597	2.968055
438.875446	2129.012576	15.640320	-0.078525	2.959092
438.436749	2112.452949	15.645325	-0.078433	2.950120
438.169703	2095.844610	15.650330	-0.078373	2.941105
437.662619	2079.317238	15.655335	-0.078268	2.932090
437.036485	2062.874317	15.660339	-0.078141	2.923084
436.764809	2046.375715	15.665344	-0.078080	2.914045
436.134832	2030.045023	15.670349	-0.077953	2.905045
435.743119	2013.670495	15.675354	-0.077870	2.896009
435.358493	1997.343161	15.680359	-0.077788	2.886971
434.963823	1980.980755	15.685363	-0.077704	2.877884
434.626823	1964.665345	15.690368	-0.077631	2.868799
434.204052	1948.355755	15.695373	-0.077542	2.859682
433.778616	1932.080518	15.700378	-0.077452	2.850554
433.468648	1915.819180	15.705383	-0.077384	2.841413
433.086929	1899.553144	15.710387	-0.077302	2.832235
432.767988	1883.297903	15.715392	-0.077233	2.823037
432.214547	1867.071051	15.720397	-0.077120	2.813808
431.806283	1850.903948	15.725402	-0.077033	2.804594
431.356652	1834.751973	15.730407	-0.076940	2.795354
430.899074	1818.652688	15.735411	-0.076844	2.786113
430.590803	1802.561777	15.740416	-0.076776	2.776856
430.289771	1786.475670	15.745421	-0.076710	2.767573
429.745756	1770.397867	15.750426	-0.076599	2.758244
429.259247	1754.420696	15.755431	-0.076498	2.748946
428.831768	1738.480658	15.760435	-0.076409	2.739642
428.524582	1722.501364	15.765440	-0.076341	2.730293
427.975047	1706.545739	15.770445	-0.076229	2.720907
427.464783	1690.687194	15.775450	-0.076124	2.711548
427.211315	1674.883126	15.780455	-0.076067	2.702209
426.802188	1659.017673	15.785459	-0.075981	2.692788
426.292152	1643.273544	15.790464	-0.075876	2.683399
425.845972	1627.550336	15.795469	-0.075783	2.673994
425.395170	1611.860564	15.800474	-0.075689	2.664575
424.965190	1596.243121	15.805479	-0.075599	2.655168
424.544734	1580.598915	15.810483	-0.075511	2.645712
424.130759	1565.008877	15.815488	-0.075424	2.636255
423.651520	1549.466024	15.820493	-0.075325	2.626787
423.230371	1534.001231	15.825498	-0.075237	2.617337
422.896018	1518.525806	15.830503	-0.075165	2.607853
422.351728	1503.067498	15.835507	-0.075054	2.598327
422.024706	1487.689896	15.840512	-0.074983	2.588835
421.537653	1472.348028	15.845517	-0.074883	2.579315
421.081175	1456.972890	15.850522	-0.074789	2.569743
420.524048	1441.646054	15.855527	-0.074676	2.560155
420.129541	1426.456016	15.860531	-0.074593	2.550631
419.653982	1411.285090	15.865536	-0.074495	2.541076
419.263895	1396.162570	15.870541	-0.074412	2.531523
418.637551	1381.100715	15.875546	-0.074287	2.521951
418.237217	1366.104281	15.880551	-0.074203	2.512404
417.862565	1351.139128	15.885555	-0.074123	2.502843
417.448485	1336.165108	15.890560	-0.074037	2.493235
416.877095	1321.295764	15.895565	-0.073921	2.483644
416.349662	1306.479713	15.900570	-0.073814	2.474053
416.067112	1291.731263	15.905575	-0.073752	2.464491
415.614518	1276.938032	15.910579	-0.073659	2.454846
415.093384	1262.278801	15.915584	-0.073552	2.445245
414.654827	1247.626197	15.920589	-0.073462	2.435617
414.094341	1233.063488	15.925594	-0.073348	2.425999
413.818677	1218.500849	15.930599	-0.073288	2.416369
413.349045	1203.940149	15.935603	-0.073191	2.406684
412.715389	1189.480941	15.940608	-0.073065	2.397011
412.247885	1175.125802	15.945613	-0.072969	2.387384
411.831993	1160.786279	15.950618	-0.072882	2.377733
411.129271	1146.601474	15.955623	-0.072743	2.368120
410.698568	1132.405137	15.960627	-0.072654	2.358486
410.304152	1118.274144	15.965632	-0.072572	2.348859
409.995700	1104.165224	15.970637	-0.072505	2.339217
409.388811	1090.131139	15.975642	-0.072384	2.329556
408.841317	1076.135919	15.980647	-0.072273	2.319888
408.153470	1062.280317	15.985651	-0.072137	2.310261
407.831618	1048.453405	15.990656	-0.072068	2.300651
407.292453	1034.707124	15.995661	-0.071959	2.291034
406.730787	1020.994963	16.000666	-0.071847	2.281398
406.338569	1007.361732	16.005671	-0.071765	2.271793
405.746745	993.789326	16.010675	-0.071647	2.262171
405.121836	980.308323	16.015680	-0.071522	2.252568
404.702424	966.829905	16.020685	-0.071436	2.242947
403.958133	953.519088	16.025690	-0.071289	2.233370
403.520330	940.259425	16.030695	-0.071200	2.223820
402.871988	927.096386	16.035699	-0.071071	2.214277
402.239096	914.019921	16.040704	-0.070946	2.204756
401.761631	901.010254	16.045709	-0.070849	2.195259
401.148941	888.083292	16.050714	-0.070727	2.185767
400.599153	875.244111	16.055719	-0.070617	2.176304
399.942385	862.483694	16.060723	-0.070487	2.166845
399.363632	849.798317	16.065728	-0.070372	2.157410
398.733311	837.248347	16.070733	-0.070247	2.148027
398.136573	824.749626	16.075738	-0.070128	2.138645
397.455434	812.377342	16.080743	-0.069994	2.129307
396.717014	800.108875	16.085747	-0.069850	2.119999
395.977297	787.973625	16.090752	-0.069705	2.110750
395.271821	775.957569	16.095757	-0.069567	2.101555
394.433612	764.053623	16.100762	-0.069404	2.092390
393.756102	752.245438	16.105767	-0.069271	2.083276
392.992894	740.563673	16.110771	-0.069123	2.074209
391.997250	729.103835	16.115776	-0.068931	2.065246
391.377180	717.697253	16.120781	-0.068809	2.056329
390.300950	706.504412	16.125786	-0.068603	2.047486
389.287953	695.506724	16.130791	-0.068409	2.038765
388.234220	684.704020	16.135795	-0.068207	2.030154
387.446679	674.001302	16.140800	-0.068055	2.021617
386.285853	663.554092	16.145805	-0.067834	2.013201
385.092719	653.277377	16.150810	-0.067607	2.004882
383.959762	643.228724	16.155815	-0.067391	1.996717
382.493547	633.476650	16.160819	-0.067114	1.988715
381.032045	623.999838	16.165824	-0.066838	1.980903
379.321218	614.891537	16.170829	-0.066517	1.973327
377.704959	606.051140	16.175834	-0.066213	1.965950
375.840858	597.623533	16.180839	-0.065864	1.958851
373.925692	589.576783	16.185843	-0.065505	1.952031
372.243858	581.859007	16.190848	-0.065190	1.945486
370.882944	574.393536	16.195853	-0.064934	1.939168
369.769732	567.088682	16.200858	-0.064724	1.932994
368.083820	560.091344	16.205863	-0.064408	1.926980
366.418080	553.386022	16.210867	-0.064096	1.921193
364.816072	546.981170	16.215872	-0.063797	1.915647
363.614585	540.800190	16.220877	-0.063571	1.910325
362.452586	534.745099	16.225882	-0.063352	1.905098
361.135989	528.910509	16.230887	-0.063106	1.900022
359.450714	523.398411	16.235891	-0.062791	1.895155
358.347396	518.057594	16.240896	-0.062584	1.890497
357.482797	512.790282	16.245901	-0.062421	1.885922
356.616953	507.619671	16.250906	-0.062258	1.881417
355.514066	502.618579	16.255911	-0.062051	1.877014
354.301890	497.824061	16.260915	-0.061824	1.872762
353.136750	493.169960	16.265920	-0.061606	1.868627
351.916256	488.710276	16.270925	-0.061378	1.864642
350.888975	484.378484	16.275930	-0.061185	1.860783
349.646270	480.265713	16.280935	-0.060953	1.857077
348.740864	476.223151	16.285939	-0.060783	1.853469
347.967118	472.243550	16.290944	-0.060638	1.849926
347.410921	468.295724	16.295949	-0.060532	1.846434
346.577663	464.428992	16.300954	-0.060376	1.842967
345.767945	460.659919	16.305959	-0.060224	1.839582
344.834973	456.980594	16.310963	-0.060049	1.836251
343.928984	453.458122	16.315968	-0.059880	1.833055
342.563020	450.112852	16.320973	-0.059625	1.829945
341.701440	446.851053	16.325978	-0.059464	1.826972
341.221290	443.574929	16.330983	-0.059373	1.824035
340.550415	440.364606	16.335987	-0.059247	1.821124
340.083810	437.166785	16.340992	-0.059158	1.818247
339.658322	433.897503	16.345997	-0.059078	1.815309
338.863240	430.777199	16.351002	-0.058929	1.812446
338.529050	427.593731	16.356007	-0.058865	1.809587
337.381229	424.551652	16.361011	-0.058651	1.806735
336.624289	421.592700	16.366016	-0.058509	1.804006
335.693029	418.755404	16.371021	-0.058335	1.801356
334.792976	416.004532	16.376026	-0.058167	1.798784
334.118843	413.277100	16.381031	-0.058041	1.796261
333.495700	410.628568	16.386035	-0.057924	1.793812
333.142467	407.928379	16.391040	-0.057857	1.791352
332.651556	405.211923	16.396045	-0.057764	1.788854
331.919050	402.545499	16.401050	-0.057627	1.786363
331.591505	399.890246	16.406055	-0.057564	1.783937
331.011209	397.227124	16.411059	-0.057455	1.781463
330.474638	394.601005	16.416064	-0.057354	1.779026
329.911524	391.976664	16.421069	-0.057248	1.776583
329.205870	389.399696	16.426074	-0.057116	1.774159
328.684701	386.820816	16.431079	-0.057018	1.771757
327.980302	384.300314	16.436083	-0.056886	1.769377
327.291274	381.843728	16.441088	-0.056757	1.767054
326.355017	379.509229	16.446093	-0.056583	1.764803
325.558993	377.232397	16.451098	-0.056434	1.762622
325.117111	374.914395	16.456103	-0.056351	1.760452
324.634561	372.645703	16.461107	-0.056260	1.758318
324.199215	370.321787	16.466112	-0.056178	1.756138
323.520159	368.091325	16.471117	-0.056051	1.754006
322.567350	365.950095	16.476122	-0.055874	1.751911
322.212736	363.778494	16.481127	-0.055807	1.749875
322.102118	361.500084	16.486131	-0.055784	1.747773
321.786189	359.181979	16.491136	-0.055724	1.745603
321.773982	356.806992	16.496141	-0.055720	1.743423
321.285235	354.382301	16.501146	-0.055628	1.741124
320.631366	352.032301	16.506151	-0.055506	1.738866
319.504042	349.829810	16.511155	-0.055296	1.736670
319.052954	347.627746	16.516160	-0.055211	1.734573
318.650257	345.401589	16.521165	-0.055135	1.732458
318.102863	343.144338	16.526170	-0.055032	1.730290
317.399379	340.983828	16.531175	-0.054901	1.728186
316.234584	338.981114	16.536179	-0.054685	1.726156
315.713114	336.992137	16.541184	-0.054587	1.724233
315.430489	334.929560	16.546189	-0.054533	1.722275
314.867246	332.883596	16.551194	-0.054428	1.720288
314.779954	330.747982	16.556199	-0.054410	1.718287
314.126595	328.671028	16.561203	-0.054288	1.716253
313.541377	326.638565	16.566208	-0.054178	1.714268
313.405811	324.494293	16.571213	-0.054151	1.712245
312.991206	322.332247	16.576218	-0.054073	1.710160
312.692623	320.132896	16.581223	-0.054016	1.708055
312.095057	317.953687	16.586227	-0.053904	1.705921
311.346939	315.907404	16.591232	-0.053765	1.703886
310.669784	313.834546	16.596237	-0.053638	1.701835
310.162734	311.782308	16.601242	-0.053543	1.699826
309.813813	309.700110	16.606247	-0.053477	1.697811
309.098528	307.655430	16.611251	-0.053343	1.695773
308.499557	305.677356	16.616256	-0.053231	1.693813
307.940816	303.676082	16.621261	-0.053127	1.691836
307.429738	301.698594	16.626266	-0.053031	1.689885
307.222763	299.631977	16.631271	-0.052991	1.687894
306.640484	297.606940	16.636275	-0.052882	1.685883
306.218215	295.603885	16.641280	-0.052802	1.683915
305.677657	293.576036	16.646285	-0.052701	1.681903
304.894320	291.640256	16.651290	-0.052555	1.679938
304.515508	289.652489	16.656295	-0.052484	1.677984
304.104699	287.658764	16.661299	-0.052406	1.676018
303.720498	285.674767	16.666304	-0.052334	1.674062
303.540569	283.576228	16.671309	-0.052299	1.672026
302.880912	281.542535	16.676314	-0.052176	1.669975
302.323726	279.528398	16.681319	-0.052071	1.667956
301.387213	277.600074	16.686323	-0.051897	1.665958
300.819187	275.759371	16.691328	-0.051791	1.664099
300.556319	273.785539	16.696333	-0.051741	1.662158
300.117372	271.832991	16.701338	-0.051658	1.660207
299.704152	269.861857	16.706343	-0.051580	1.658240
299.194022	267.871305	16.711347	-0.051485	1.656237
298.719033	265.955180	16.716352	-0.051395	1.654309
298.409138	263.935443	16.721357	-0.051337	1.652304
297.847424	261.950862	16.726362	-0.051231	1.650291
297.389391	259.973681	16.731367	-0.051145	1.648300
296.272362	258.114517	16.736371	-0.050938	1.646316
295.209447	256.453690	16.741376	-0.050741	1.644531
295.219207	254.594866	16.746381	-0.050741	1.642722
294.831856	252.721684	16.751386	-0.050668	1.640833
294.679151	250.801487	16.756391	-0.050638	1.638934
294.393361	248.824651	16.761395	-0.050584	1.636956
294.092586	246.838859	16.766400	-0.050527	1.634964
293.533451	244.851704	16.771405	-0.050422	1.632927
292.426468	243.020031	16.776410	-0.050216	1.630953
291.930891	241.203547	16.781415	-0.050123	1.629089
291.751699	239.255126	16.786419	-0.050089	1.627144
291.444968	237.320720	16.791424	-0.050030	1.625189
291.104187	235.354722	16.796429	-0.049966	1.623196
290.035593	233.481380	16.801434	-0.049768	1.621174
289.381457	231.718970	16.806439	-0.049645	1.619327
289.122623	229.839568	16.811443	-0.049596	1.617425
288.616032	227.985314	16.816448	-0.049501	1.615506
288.246645	226.094760	16.821453	-0.049431	1.613571
287.016521	224.373461	16.826458	-0.049203	1.611662
286.523883	222.683428	16.831463	-0.049111	1.609901
286.256846	220.883983	16.836467	-0.049060	1.608067
285.980080	219.050047	16.841472	-0.049008	1.606194
285.576862	217.274531	16.846477	-0.048932	1.604357
285.369316	215.360382	16.851482	-0.048892	1.602411
285.005719	213.450309	16.856487	-0.048823	1.600441
284.443921	211.556314	16.861491	-0.048718	1.598452
283.815826	209.709784	16.866496	-0.048601	1.596498
283.366024	207.897239	16.871501	-0.048516	1.594604
282.483858	206.108964	16.876506	-0.048352	1.592661
282.277582	204.284361	16.881511	-0.048313	1.590791
281.646608	202.480370	16.886515	-0.048195	1.588870
280.770741	200.752182	16.891520	-0.048032	1.586981
280.343213	199.058229	16.896525	-0.047952	1.585200
279.720813	197.352446	16.901530	-0.047836	1.583372
279.370854	195.591263	16.906535	-0.047769	1.581531
279.413745	193.761845	16.911539	-0.047776	1.579684
278.760806	191.938608	16.916544	-0.047654	1.577725
277.840623	190.272786	16.921549	-0.047483	1.575880
276.823024	188.685008	16.926554	-0.047294	1.574094
276.465007	187.052002	16.931559	-0.047227	1.572372
276.352595	185.336247	16.936563	-0.047204	1.570604
276.114171	183.555718	16.941568	-0.047159	1.568747
275.639815	181.796628	16.946573	-0.047070	1.566870
274.866224	180.135691	16.951578	-0.046926	1.565040
274.012347	178.538871	16.956583	-0.046767	1.563261
273.626044	176.876853	16.961587	-0.046694	1.561492
273.121273	175.277217	16.966592	-0.046600	1.559764
272.976405	173.535781	16.971597	-0.046572	1.557950
272.442789	171.841042	16.976602	-0.046472	1.556116
271.881162	170.203652	16.981607	-0.046367	1.554334
271.136358	168.587128	16.986611	-0.046228	1.552540
270.384745	167.038473	16.991616	-0.046088	1.550813
270.158600	165.416415	16.996621	-0.046045	1.549098
269.999015	163.695361	17.001626	-0.046014	1.547290
269.675038	162.000316	17.006631	-0.045953	1.545478
269.161554	160.296640	17.011635	-0.045857	1.543623
268.660790	158.575926	17.016640	-0.045763	1.541750
267.795665	157.006871	17.021645	-0.045602	1.539970
267.217270	155.385323	17.026650	-0.045494	1.538183
267.000160	153.725013	17.031655	-0.045453	1.536415
266.584223	152.062873	17.036659	-0.045375	1.534609
265.958717	150.418604	17.041664	-0.045258	1.532783
265.367194	148.802772	17.046669	-0.045148	1.530991
264.586403	147.244857	17.051674	-0.045002	1.529224
264.095138	145.682310	17.056679	-0.044910	1.527501
263.624285	144.136563	17.061683	-0.044822	1.525796
262.897387	142.630404	17.066688	-0.044687	1.524088
262.378273	141.116963	17.071693	-0.044590	1.522405
261.769079	139.644085	17.076698	-0.044476	1.520748
261.184279	138.188610	17.081703	-0.044367	1.519111
260.922499	136.652845	17.086707	-0.044318	1.517445
260.619093	135.141525	17.091712	-0.044260	1.515795
260.222614	133.596441	17.096717	-0.044186	1.514091
260.008554	131.938552	17.101722	-0.044145	1.512297
259.299083	130.398603	17.106727	-0.044013	1.510540
258.256904	128.960447	17.111731	-0.043819	1.508830
257.060884	127.675229	17.116736	-0.043598	1.507254
256.549506	126.405781	17.121741	-0.043502	1.505813
256.212111	125.050046	17.126746	-0.043439	1.504310
255.822181	123.677513	17.131751	-0.043366	1.502778
255.512504	122.276047	17.136755	-0.043307	1.501228
254.764964	120.951506	17.141760	-0.043168	1.499680
254.444105	119.574210	17.146765	-0.043108	1.498151
254.296635	118.116844	17.151770	-0.043080	1.496565
253.634925	116.740869	17.156775	-0.042956	1.494972
252.644796	115.444165	17.161779	-0.042773	1.493405
251.447317	114.293351	17.166784	-0.042551	1.491956
250.826224	113.208945	17.171789	-0.042435	1.490680
250.456088	111.985400	17.176794	-0.042366	1.489297
250.320984	110.740262	17.181799	-0.042340	1.487932
249.967078	109.473274	17.186803	-0.042273	1.486503
248.453189	108.484079	17.191808	-0.041994	1.485165
247.378564	107.567047	17.196813	-0.041795	1.483982
247.136707	106.552537	17.201818	-0.041749	1.482842
247.056528	105.456266	17.206823	-0.041733	1.481642
246.785138	104.346543	17.211827	-0.041682	1.480392
246.504392	103.157100	17.216832	-0.041629	1.479052
246.413679	101.914015	17.221837	-0.041611	1.477688
246.058969	100.672149	17.226842	-0.041544	1.476276
245.444873	99.459758	17.231847	-0.041430	1.474848
245.423776	98.118578	17.236851	-0.041425	1.473386
245.204152	96.725182	17.241856	-0.041383	1.471829
244.573619	95.417457	17.246861	-0.041266	1.470290
242.982094	94.306135	17.251866	-0.040971	1.468788
240.644132	93.627439	17.256871	-0.040540	1.467622
239.948189	92.935939	17.261875	-0.040411	1.466740
239.912873	92.106523	17.266880	-0.040403	1.465826
239.760890	91.187212	17.271885	-0.040374	1.464792
239.554982	90.202716	17.276890	-0.040335	1.463677
239.335247	89.182141	17.281895	-0.040294	1.462518
238.998005	88.188111	17.286899	-0.040231	1.461366
238.655440	87.112481	17.291904	-0.040166	1.460123
238.052823	86.112288	17.296909	-0.040054	1.458914
237.994132	84.953663	17.301914	-0.040042	1.457629
237.541128	83.857269	17.306919	-0.039958	1.456339
236.960245	82.755486	17.311923	-0.039850	1.455019
236.206868	81.716429	17.316928	-0.039710	1.453735
235.792482	80.651600	17.321933	-0.039632	1.452484
235.482731	79.571869	17.326938	-0.039574	1.451234
234.992849	78.457241	17.331943	-0.039483	1.449912
234.377773	77.397205	17.336947	-0.039368	1.448625
232.486680	76.640958	17.341952	-0.039019	1.447438
230.909562	76.168333	17.346957	-0.038728	1.446623
230.597149	75.508302	17.351962	-0.038669	1.445833
230.490902	74.767401	17.356967	-0.038649	1.444991
230.396189	73.974118	17.361971	-0.038631	1.444093
230.285546	73.088027	17.366976	-0.038609	1.443088
230.139658	72.149061	17.371981	-0.038581	1.442017
229.761585	71.250296	17.376986	-0.038511	1.440946
229.435353	70.228504	17.381991	-0.038449	1.439748
229.022352	69.262037	17.386995	-0.038372	1.438594
228.386771	68.304496	17.392000	-0.038254	1.437408
227.370702	67.542612	17.397005	-0.038066	1.436368
226.239487	66.828914	17.402010	-0.037857	1.435359
225.215971	66.232103	17.407015	-0.037668	1.434501
224.944882	65.550497	17.412019	-0.037617	1.433688
224.769253	64.779003	17.417024	-0.037584	1.432792
224.541367	64.001695	17.422029	-0.037541	1.431878
224.202779	63.195920	17.427034	-0.037477	1.430912
223.298544	62.464581	17.432039	-0.037310	1.429922
222.090623	61.910159	17.437043	-0.037087	1.429073
221.505834	61.335851	17.442048	-0.036978	1.428319
221.257027	60.677368	17.447053	-0.036931	1.427532
221.210411	59.986706	17.452058	-0.036922	1.426747
221.070627	59.185420	17.457063	-0.036895	1.425819
220.944289	58.319174	17.462067	-0.036871	1.424821
220.591960	57.478757	17.467072	-0.036805	1.423808
220.244010	56.543247	17.472077	-0.036740	1.422688
220.093352	55.623674	17.477082	-0.036711	1.421622
219.817233	54.625698	17.482087	-0.036659	1.420443
219.078004	53.692594	17.487091	-0.036522	1.419249
217.195889	53.062623	17.492096	-0.036175	1.418181
215.618476	52.665366	17.497101	-0.035883	1.417432
215.315916	52.171953	17.502106	-0.035827	1.416816
215.351335	51.509975	17.507111	-0.035833	1.416073
215.134686	50.826913	17.512115	-0.035792	1.415257
214.846941	50.111437	17.517120	-0.035738	1.414391
214.749290	49.306393	17.522125	-0.035719	1.413459
214.527227	48.455920	17.527130	-0.035677	1.412451
214.468657	47.578830	17.532135	-0.035665	1.411444
214.110373	46.622462	17.537139	-0.035598	1.410288
213.928303	45.637133	17.542144	-0.035564	1.409132
213.424069	44.663206	17.547149	-0.035470	1.407926
212.801952	43.743380	17.552154	-0.035354	1.406759
211.172952	43.052220	17.557159	-0.035053	1.405659
209.772297	42.543838	17.562163	-0.034794	1.404810
209.453839	41.933992	17.567168	-0.034735	1.404052
209.301610	41.239820	17.572173	-0.034706	1.403229
209.018389	40.503215	17.577178	-0.034653	1.402332
208.724065	39.787124	17.582183	-0.034598	1.401456
208.276579	39.033424	17.587187	-0.034514	1.400507
207.883531	38.253189	17.592192	-0.034441	1.399537
207.474997	37.463767	17.597197	-0.034365	1.398553
207.102484	36.658037	17.602202	-0.034295	1.397556
206.134787	35.999996	17.607207	-0.034116	1.396614
204.991952	35.477616	17.612211	-0.033905	1.395793
204.521282	34.838648	17.617216	-0.033818	1.394967
204.264000	34.210019	17.622221	-0.033769	1.394194
203.947305	33.506861	17.627226	-0.033710	1.393323
203.764671	32.768667	17.632231	-0.033676	1.392437
203.569788	32.008650	17.637235	-0.033639	1.391523
202.963515	31.216897	17.642240	-0.033526	1.390492
202.081837	30.576612	17.647245	-0.033363	1.389582
201.843463	29.807053	17.652250	-0.033318	1.388647
201.180568	29.119629	17.657255	-0.033195	1.387723
200.378446	28.523493	17.662259	-0.033047	1.386878
199.666880	27.931627	17.667264	-0.032915	1.386054
199.017187	27.374156	17.672269	-0.032794	1.385282
198.695078	26.759596	17.677274	-0.032734	1.384507
198.476132	26.082170	17.682279	-0.032693	1.383679
198.227687	25.351874	17.687283	-0.032646	1.382783
197.780944	24.668195	17.692288	-0.032563	1.381902
197.005332	24.042321	17.697293	-0.032419	1.381023
196.194247	23.482676	17.702298	-0.032269	1.380214
195.797549	22.842241	17.707303	-0.032195	1.379391
195.409546	22.221703	17.712307	-0.032123	1.378593
194.834389	21.612002	17.717312	-0.032016	1.377770
194.557721	20.965129	17.722317	-0.031964	1.376962
193.986201	20.334528	17.727322	-0.031858	1.376115
192.888316	19.832146	17.732327	-0.031655	1.375313
191.859071	19.442085	17.737331	-0.031465	1.374655
191.476910	18.973123	17.742336	-0.031394	1.374032
191.342175	18.441535	17.747341	-0.031368	1.373384
191.072252	17.845219	17.752346	-0.031318	1.372634
190.429398	17.348993	17.757351	-0.031199	1.371927
189.827209	16.867594	17.762355	-0.031087	1.371245
189.557090	16.296477	17.767360	-0.031036	1.370523
189.503265	15.648372	17.772365	-0.031026	1.369753
189.199056	14.971406	17.777370	-0.030969	1.368899
189.002183	14.238236	17.782375	-0.030932	1.368000
188.613081	13.543396	17.787379	-0.030859	1.367107
187.875146	12.874977	17.792384	-0.030722	1.366176
186.562252	12.389749	17.797389	-0.030480	1.365346
185.547089	11.990378	17.802394	-0.030292	1.364675
185.290952	11.508451	17.807399	-0.030244	1.364057
185.066893	10.943116	17.812403	-0.030202	1.363347
184.591255	10.393970	17.817408	-0.030114	1.362605
183.926872	9.949309	17.822413	-0.029991	1.361949
182.682527	9.616813	17.827418	-0.029761	1.361310
182.378501	9.211537	17.832423	-0.029704	1.360771
182.360919	8.682239	17.837427	-0.029700	1.360143
181.895432	8.197720	17.842432	-0.029614	1.359478
181.600772	7.661173	17.847437	-0.029559	1.358786
181.167992	7.113205	17.852442	-0.029478	1.358052
180.979062	6.536761	17.857447	-0.029442	1.357332
180.769139	5.905861	17.862451	-0.029403	1.356544
180.207924	5.300552	17.867456	-0.029299	1.355715
179.735845	4.666823	17.872461	-0.029211	1.354870
178.863578	4.116568	17.877466	-0.029050	1.354043
177.762303	3.706993	17.882471	-0.028846	1.353337
176.884313	3.369300	17.887475	-0.028684	1.352760
176.552035	2.966501	17.892480	-0.028622	1.352215
175.844118	2.583995	17.897485	-0.028491	1.351619
175.400976	2.216593	17.902490	-0.028408	1.351093
174.594330	1.904904	17.907495	-0.028259	1.350561
173.631131	1.678767	17.912499	-0.028081	1.350099
173.219237	1.438012	17.917504	-0.028005	1.349729
172.914412	1.145429	17.922509	-0.027948	1.349320
172.726929	0.746189	17.927514	-0.027913	1.348807
172.207235	0.424012	17.932519	-0.027816	1.348318
171.994841	0.025766	17.937523	-0.027777	1.347801
170.533824	-0.145909	17.942528	-0.027507	1.347302
169.126657	-0.042251	17.947533	-0.027247	1.347143
169.127289	-0.287970	17.952538	-0.027247	1.346849
168.859956	-0.481610	17.957543	-0.027197	1.346564
168.757786	-0.747054	17.962547	-0.027178	1.346227
168.292192	-1.045456	17.967552	-0.027091	1.345777
167.678126	-1.266991	17.972557	-0.026978	1.345388
166.859087	-1.393275	17.977562	-0.026826	1.345072
166.480620	-1.602213	17.982567	-0.026756	1.344746
166.254042	-1.862209	17.987571	-0.026714	1.344390
165.593935	-2.083711	17.992576	-0.026592	1.343992
164.506761	-2.169914	17.997581	-0.026391	1.343669
164.026662	-2.273610	18.002586	-0.026302	1.343448
163.894775	-2.471053	18.007591	-0.026277	1.343185
163.407607	-2.642295	18.012595	-0.026187	1.342881
162.498818	-2.712667	18.017600	-0.026019	1.342613
161.112297	-2.631985	18.022605	-0.025763	1.342429
156.554462	-1.667422	18.027610	-0.024924	1.342662
157.076176	-1.038259	18.032615	-0.025020	1.343519
159.478474	-1.178451	18.037619	-0.025462	1.343836
159.954510	-1.393772	18.042624	-0.025549	1.343674
160.074978	-1.591511	18.047629	-0.025571	1.343462
160.454169	-1.985687	18.052634	-0.025640	1.343067
157.407233	-1.842771	18.057639	-0.025078	1.342622
154.022137	-0.848748	18.062643	-0.024455	1.343127
156.448326	-1.056820	18.067648	-0.024901	1.343367
159.142558	-1.687537	18.072653	-0.025397	1.343157
158.072734	-2.109045	18.077658	-0.025199	1.342436
150.260888	-0.656496	18.082663	-0.023761	1.342596
155.436931	-1.106038	18.087667	-0.024713	1.343103
157.623138	-1.790657	18.092672	-0.025115	1.342725
153.262967	-1.501187	18.097677	-0.024312	1.342190
151.465608	-0.838120	18.102682	-0.023981	1.342620
154.958633	-1.607790	18.107687	-0.024623	1.342404
152.441422	-1.372696	18.112691	-0.024159	1.342177
152.095706	-1.315646	18.117696	-0.024095	1.342174
150.932420	-1.121351	18.122701	-0.023881	1.342172
151.069154	-1.270471	18.127706	-0.023905	1.342020
149.481739	-1.010828	18.132711	-0.023613	1.342010
151.720397	-1.393615	18.137715	-0.024025	1.342004
147.618895	-1.003106	18.142720	-0.023269	1.341642
149.680600	-0.989511	18.147725	-0.023648	1.342074
149.713503	-1.400980	18.152730	-0.023654	1.341588
147.034478	-0.993919	18.157735	-0.023160	1.341533
146.181082	-0.744350	18.162739	-0.023003	1.341659
148.806608	-1.169907	18.167744	-0.023485	1.341680
145.883624	-1.045272	18.172749	-0.022947	1.341238
147.319102	-1.192872	18.177754	-0.023211	1.341351
144.016474	-0.865729	18.182759	-0.022602	1.341074
145.504106	-0.997517	18.187763	-0.022876	1.341217
144.327133	-0.808056	18.192768	-0.022658	1.341205
145.371382	-1.141845	18.197773	-0.022850	1.341016
143.498422	-0.919055	18.202778	-0.022505	1.340904
142.363583	-0.939589	18.207783	-0.022295	1.340649
142.914171	-0.813906	18.212787	-0.022397	1.340911
142.243953	-0.973871	18.217792	-0.022273	1.340583
142.056999	-0.944005	18.222797	-0.022238	1.340581
140.426354	-0.796731	18.227802	-0.021937	1.340427
140.812813	-0.733934	18.232807	-0.022008	1.340580
140.071098	-0.852695	18.237811	-0.021871	1.340287
139.948385	-0.847222	18.242816	-0.021848	1.340268
139.204533	-0.715630	18.247821	-0.021710	1.340275
139.142596	-0.906402	18.252826	-0.021698	1.340033
137.413631	-0.669397	18.257831	-0.021380	1.339967
137.788646	-0.729870	18.262835	-0.021448	1.339970
138.121793	-0.874423	18.267840	-0.021509	1.339863
135.904263	-0.576642	18.272845	-0.021100	1.339771
137.826812	-0.932304	18.277850	-0.021454	1.339733
134.954239	-0.705734	18.282855	-0.020925	1.339423
136.574874	-0.933877	18.287859	-0.021223	1.339477
133.164196	-0.556629	18.292864	-0.020594	1.339238
135.124869	-0.805120	18.297869	-0.020955	1.339337
134.392676	-0.870564	18.302874	-0.020819	1.339110
132.536979	-0.628346	18.307879	-0.020477	1.339024
133.521486	-0.784476	18.312883	-0.020658	1.339035
131.971065	-0.758246	18.317888	-0.020372	1.338752
131.897907	-0.542690	18.322893	-0.020358	1.338996
131.877924	-0.836970	18.327898	-0.020354	1.338638
131.326543	-0.728115	18.332903	-0.020252	1.338656
129.741756	-0.672583	18.337907	-0.019960	1.338401
129.923479	-0.707056	18.342912	-0.019993	1.338396
129.418206	-0.617043	18.347917	-0.019899	1.338402
129.428381	-0.809397	18.352922	-0.019901	1.338172
127.936362	-0.638656	18.357927	-0.019626	1.338074
127.939216	-0.632646	18.362931	-0.019626	1.338082
128.175289	-0.758331	18.367936	-0.019669	1.337978
126.718874	-0.681580	18.372941	-0.019400	1.337774
126.915736	-0.713151	18.377946	-0.019436	1.337776
126.431250	-0.758431	18.382951	-0.019346	1.337623
124.810040	-0.607655	18.387955	-0.019047	1.337474
125.039085	-0.646612	18.392960	-0.019089	1.337474
125.160339	-0.682305	18.397965	-0.019111	1.337455
124.848686	-0.823716	18.402970	-0.019053	1.337221
123.523922	-0.776220	18.407975	-0.018809	1.337009
121.584707	-0.350641	18.412979	-0.018451	1.337126
124.078889	-0.885182	18.417984	-0.018910	1.336990
121.982415	-0.617931	18.422989	-0.018524	1.336885
121.449030	-0.754442	18.427994	-0.018425	1.336612
121.078405	-0.661584	18.432999	-0.018356	1.336648
120.226602	-0.580214	18.438003	-0.018199	1.336572
120.581003	-0.684433	18.443008	-0.018264	1.336519
119.602711	-0.513525	18.448013	-0.018083	1.336525
119.608320	-0.773534	18.453018	-0.018084	1.336213
118.798163	-0.627716	18.458023	-0.017934	1.336223
117.016970	-0.495207	18.463027	-0.017606	1.336020
118.883794	-0.732213	18.468032	-0.017949	1.336114
116.112064	-0.408202	18.473037	-0.017438	1.335940
117.279338	-0.647137	18.478042	-0.017653	1.335889
115.827887	-0.629440	18.483047	-0.017385	1.335615
115.865489	-0.602004	18.488051	-0.017391	1.335655
115.387441	-0.555040	18.493056	-0.017303	1.335614
115.576707	-0.732772	18.498061	-0.017337	1.335438
114.116929	-0.591139	18.503066	-0.017068	1.335312
113.549725	-0.695810	18.508071	-0.016963	1.335070
113.013430	-0.419040	18.513075	-0.016864	1.335293
113.450626	-0.849138	18.518080	-0.016944	1.334864
111.963224	-0.483724	18.523085	-0.016670	1.335001
111.848108	-0.668549	18.528090	-0.016648	1.334755
111.221943	-0.614414	18.533095	-0.016532	1.334692
110.337740	-0.459378	18.538099	-0.016369	1.334698
110.979285	-0.705578	18.543104	-0.016487	1.334532
109.643348	-0.436167	18.548109	-0.016240	1.334584
110.292522	-0.850238	18.553114	-0.016359	1.334217
107.811857	-0.358757	18.558119	-0.015902	1.334304
108.751094	-0.632803	18.563123	-0.016075	1.334164
108.339282	-0.645822	18.568128	-0.015998	1.334064
107.107275	-0.509675	18.573133	-0.015771	1.333977
107.336051	-0.684947	18.578138	-0.015813	1.333812
104.994577	-0.239339	18.583143	-0.015381	1.333872
107.427093	-0.719646	18.588147	-0.015829	1.333788
105.327997	-0.652967	18.593152	-0.015442	1.333440
104.175381	-0.446664	18.598157	-0.015229	1.333453
104.908224	-0.577574	18.603162	-0.015364	1.333445
104.235941	-0.561149	18.608167	-0.015239	1.333327
102.809842	-0.484510	18.613171	-0.014976	1.333128
103.993293	-0.714684	18.618176	-0.015194	1.333091
101.621486	-0.357218	18.623181	-0.014757	1.333039
103.048104	-0.699422	18.628186	-0.015019	1.332916
101.182370	-0.469987	18.633191	-0.014675	1.332812
101.244298	-0.645528	18.638195	-0.014686	1.332613
99.561037	-0.388219	18.643200	-0.014375	1.332579
100.841735	-0.548646	18.648205	-0.014611	1.332647
99.941233	-0.570105	18.653210	-0.014444	1.332437
98.696960	-0.517968	18.658215	-0.014215	1.332245
98.842977	-0.539161	18.663219	-0.014241	1.332249
97.993620	-0.599658	18.668224	-0.014084	1.332002
96.856809	-0.241572	18.673229	-0.013875	1.332202
98.826352	-0.836579	18.678234	-0.014237	1.331885
95.288178	-0.352342	18.683239	-0.013585	1.331747
96.651453	-0.529308	18.688243	-0.013836	1.331812
95.016462	-0.427707	18.693248	-0.013534	1.331600
95.112393	-0.442441	18.698253	-0.013551	1.331601
95.825779	-0.643059	18.703258	-0.013682	1.331504
93.574364	-0.500541	18.708263	-0.013267	1.331216
93.569166	-0.438661	18.713267	-0.013266	1.331290
93.433429	-0.583030	18.718272	-0.013240	1.331087
91.865372	-0.374316	18.723277	-0.012951	1.331019
94.078421	-0.719856	18.728282	-0.013358	1.331053
90.501742	-0.458618	18.733287	-0.012699	1.330637
92.270197	-0.619918	18.738291	-0.013024	1.330803
90.130164	-0.567807	18.743296	-0.012630	1.330428
90.162463	-0.394692	18.748301	-0.012635	1.330644
89.958050	-0.613763	18.753306	-0.012597	1.330337
89.239270	-0.497874	18.758311	-0.012464	1.330330
88.842554	-0.421256	18.763315	-0.012391	1.330341
89.380405	-0.864262	18.768320	-0.012489	1.329915
86.002646	-0.263526	18.773325	-0.011867	1.329950
87.675652	-0.488206	18.778330	-0.012175	1.330020
87.834903	-0.688395	18.783335	-0.012204	1.329810
84.769352	-0.171030	18.788339	-0.011639	1.329808
87.471608	-0.829516	18.793344	-0.012136	1.329564
84.340327	-0.302768	18.798349	-0.011559	1.329560
85.423227	-0.615947	18.803354	-0.011758	1.329403
84.736207	-0.593224	18.808359	-0.011631	1.329289
81.670150	-0.101806	18.813363	-0.011066	1.329256
85.958800	-0.885169	18.818368	-0.011855	1.329185
81.197213	-0.243818	18.823373	-0.010978	1.328987
83.507061	-0.659977	18.828378	-0.011403	1.328955
81.718537	-0.513202	18.833383	-0.011073	1.328766
80.714984	-0.327723	18.838387	-0.010888	1.328785
81.975981	-0.630579	18.843392	-0.011119	1.328676
79.301156	-0.343306	18.848397	-0.010626	1.328476
81.443315	-0.653622	18.853402	-0.011020	1.328538
78.348835	-0.431566	18.858407	-0.010450	1.328173
79.118008	-0.328921	18.863411	-0.010592	1.328454
79.380424	-0.731953	18.868416	-0.010639	1.328020
76.657427	-0.243923	18.873421	-0.010138	1.328052
78.614290	-0.579726	18.878426	-0.010497	1.328046
77.076303	-0.488566	18.883431	-0.010214	1.327841
76.470900	-0.533489	18.888435	-0.010102	1.327662
75.457656	-0.465679	18.893440	-0.009915	1.327536
74.999409	-0.392958	18.898445	-0.009830	1.327530
75.275955	-0.431418	18.903450	-0.009880	1.327540
75.342696	-0.532572	18.908455	-0.009892	1.327430
73.350503	-0.306914	18.913459	-0.009525	1.327295
75.295032	-0.732627	18.918464	-0.009882	1.327177
71.682386	-0.304238	18.923469	-0.009217	1.326955
72.991832	-0.377652	18.928474	-0.009458	1.327134
72.769189	-0.659756	18.933479	-0.009416	1.326746
70.449920	-0.208358	18.938483	-0.008989	1.326818
73.055852	-0.831588	18.943488	-0.009468	1.326596
68.541725	-0.156256	18.948493	-0.008636	1.326489
70.979106	-0.481013	18.953498	-0.009085	1.326594
70.054855	-0.545205	18.958503	-0.008914	1.326326
68.405349	-0.266486	18.963507	-0.008610	1.326325
70.260993	-0.724158	18.968512	-0.008951	1.326151
67.090063	-0.453555	18.973517	-0.008367	1.325828
67.312523	-0.333702	18.978522	-0.008407	1.326018
68.001750	-0.634910	18.983527	-0.008534	1.325794
65.572253	-0.308764	18.988531	-0.008086	1.325691
67.027880	-0.455017	18.993536	-0.008354	1.325811
65.432757	-0.477406	18.998541	-0.008059	1.325456
65.630172	-0.354975	19.003546	-0.008095	1.325645
65.080406	-0.659192	19.008551	-0.007994	1.325162
63.052527	-0.164187	19.013555	-0.007620	1.325346
64.816885	-0.585757	19.018560	-0.007944	1.325196
63.343132	-0.444542	19.023565	-0.007672	1.325065
62.483158	-0.291235	19.028570	-0.007514	1.325074
63.374314	-0.737458	19.033575	-0.007677	1.324715
60.444417	-0.213372	19.038579	-0.007137	1.324749
61.949515	-0.543809	19.043584	-0.007414	1.324656
60.302254	-0.441798	19.048589	-0.007110	1.324441
60.326497	-0.275498	19.053594	-0.007114	1.324648
60.876519	-0.716526	19.058599	-0.007215	1.324224
58.193149	-0.151900	19.063603	-0.006721	1.324358
59.791282	-0.583113	19.068608	-0.007014	1.324163
59.260807	-0.694671	19.073613	-0.006916	1.323917
55.570370	-0.020701	19.078618	-0.006236	1.323977
59.550447	-0.824146	19.083623	-0.006969	1.323819
54.803150	-0.095820	19.088627	-0.006094	1.323727
57.640150	-0.596332	19.093632	-0.006616	1.323702
55.835749	-0.450293	19.098637	-0.006283	1.323508
54.561993	-0.233385	19.103642	-0.006048	1.323509
56.415435	-0.666172	19.108647	-0.006389	1.323364
52.597421	-0.070222	19.113651	-0.005686	1.323302
55.920852	-0.617614	19.118656	-0.006297	1.323320
52.919030	-0.480423	19.123661	-0.005744	1.322869
51.859790	-0.116532	19.128666	-0.005549	1.323093
54.541652	-0.723461	19.133671	-0.006042	1.322906
50.480141	-0.228558	19.138675	-0.005294	1.322672
52.354538	-0.476353	19.143680	-0.005638	1.322756
50.718464	-0.348624	19.148685	-0.005337	1.322574
50.634027	-0.329786	19.153690	-0.005321	1.322579
50.912294	-0.597451	19.158695	-0.005371	1.322310
48.971419	-0.259684	19.163699	-0.005014	1.322321
49.327087	-0.479546	19.168704	-0.005079	1.322126
48.212825	-0.409623	19.173709	-0.004873	1.321981
47.374966	-0.264580	19.178714	-0.004718	1.321985
49.200240	-0.649607	19.183719	-0.005054	1.321892
45.941826	-0.276318	19.188723	-0.004453	1.321674
46.819933	-0.427539	19.193728	-0.004615	1.321671
46.758674	-0.490949	19.198733	-0.004603	1.321580
43.721390	-0.074651	19.203738	-0.004043	1.321461
48.357347	-0.884535	19.208743	-0.004896	1.321430
42.317044	-0.123863	19.213747	-0.003784	1.321111
44.985527	-0.492284	19.218752	-0.004275	1.321211
43.847483	-0.438405	19.223757	-0.004065	1.321042
41.729764	-0.165031	19.228762	-0.003674	1.320938
44.345893	-0.583293	19.233767	-0.004156	1.320967
41.227108	-0.257130	19.238771	-0.003581	1.320721
42.433856	-0.511247	19.243776	-0.003803	1.320660
40.790700	-0.435900	19.248781	-0.003500	1.320412
39.445937	-0.052012	19.253786	-0.003252	1.320602
42.978308	-0.784558	19.258791	-0.003901	1.320438
37.818356	-0.148283	19.263795	-0.002951	1.320148
39.710355	-0.334252	19.268800	-0.003299	1.320311
39.579432	-0.569818	19.273805	-0.003274	1.319997
36.299948	-0.069682	19.278810	-0.002670	1.319929
39.938201	-0.624653	19.283815	-0.003339	1.320003
35.791785	-0.256789	19.288819	-0.002576	1.319595
37.092290	-0.296779	19.293824	-0.002815	1.319814
37.026470	-0.506208	19.298829	-0.002802	1.319545
34.465662	-0.120691	19.303834	-0.002330	1.319486
36.746294	-0.561601	19.308839	-0.002749	1.319419
34.209474	-0.333264	19.313843	-0.002282	1.319173
33.730783	-0.107747	19.318848	-0.002193	1.319349
35.591280	-0.700445	19.323853	-0.002535	1.319009
31.528403	-0.003524	19.328858	-0.001787	1.319020
34.917220	-0.702291	19.333863	-0.002410	1.318867
30.847808	-0.200151	19.338867	-0.001661	1.318638
32.000442	-0.219249	19.343872	-0.001873	1.318853
32.790849	-0.650333	19.348877	-0.002017	1.318489
29.120057	-0.151415	19.353882	-0.001341	1.318339
31.818243	-0.497393	19.358887	-0.001838	1.318474
29.157524	-0.252857	19.363891	-0.001347	1.318222
29.288801	-0.271374	19.368896	-0.001371	1.318226
30.517253	-0.600111	19.373901	-0.001597	1.318078
26.285836	-0.079491	19.378906	-0.000817	1.317839
29.794476	-0.510475	19.383911	-0.001463	1.318038
26.502479	-0.300843	19.388915	-0.000856	1.317612
26.435674	-0.290556	19.393920	-0.000843	1.317611
28.297548	-0.540158	19.398925	-0.001186	1.317690
24.367695	-0.103510	19.403930	-0.000462	1.317410
27.402724	-0.584826	19.408935	-0.001020	1.317450
24.004676	-0.305317	19.413939	-0.000394	1.317088
25.167183	-0.394548	19.418944	-0.000608	1.317219
24.131542	-0.366828	19.423949	-0.000416	1.317038
22.776912	-0.351775	19.428954	-0.000166	1.316775
23.775903	-0.333814	19.433959	-0.000350	1.317004
22.261239	-0.486308	19.438963	-0.000071	1.316503
21.687298	-0.207568	19.443968	0.000035	1.316725
22.284782	-0.496741	19.448973	-0.000074	1.316494
20.155315	-0.201084	19.453978	0.000318	1.316414
20.861288	-0.265103	19.458983	0.000189	1.316482
21.058030	-0.542849	19.463987	0.000153	1.316182
18.649534	-0.198004	19.468992	0.000597	1.316105
20.234437	-0.508083	19.473997	0.000306	1.316053
17.589732	-0.281716	19.479002	0.000793	1.315782
18.124272	-0.115381	19.484007	0.000695	1.316096
18.943025	-0.661364	19.489011	0.000545	1.315597
16.210501	-0.131582	19.494016	0.001048	1.315678
17.697790	-0.536522	19.499021	0.000775	1.315490
15.823450	-0.248971	19.504026	0.001121	1.315453
14.775380	-0.179680	19.509031	0.001314	1.315321
17.119716	-0.659343	19.514035	0.000883	1.315219
12.223027	0.052712	19.519040	0.001785	1.315075
17.096079	-0.825398	19.524045	0.000888	1.315010
11.241198	0.025510	19.529050	0.001967	1.314837
14.270274	-0.402315	19.534055	0.001409	1.314941
13.672637	-0.456655	19.539059	0.001520	1.314750
10.281372	-0.083602	19.544064	0.002145	1.314503
14.322832	-0.623853	19.549069	0.001401	1.314679
9.576586	-0.170167	19.554074	0.002275	1.314250
11.757646	-0.486361	19.559079	0.001874	1.314314
10.355003	-0.326772	19.564083	0.002133	1.314218
8.225701	-0.169483	19.569088	0.002525	1.313969
11.471796	-0.586027	19.574093	0.001928	1.314131
6.778758	-0.132352	19.579098	0.002793	1.313713
9.394955	-0.337645	19.584103	0.002311	1.314004
7.795723	-0.392311	19.589107	0.002606	1.313604
6.614868	-0.196638	19.594112	0.002824	1.313598
7.640806	-0.370336	19.599117	0.002636	1.313598
6.128179	-0.347656	19.604122	0.002915	1.313311
5.881168	-0.165424	19.609127	0.002961	1.313483
6.345732	-0.568783	19.614131	0.002876	1.313084
3.762824	-0.099926	19.619136	0.003352	1.313122
5.853210	-0.517235	19.624141	0.002967	1.313044
2.367545	-0.149863	19.629146	0.003609	1.312770
3.109001	-0.114450	19.634151	0.003473	1.312967
4.830030	-0.516650	19.639155	0.003157	1.312831
0.968689	-0.156366	19.644160	0.003868	1.312470
3.057814	-0.381903	19.649165	0.003484	1.312627
0.835183	-0.185383	19.654170	0.003894	1.312406
0.891717	-0.206340	19.659175	0.003884	1.312391
2.293567	-0.533838	19.664179	0.003626	1.312280
-2.374022	-0.030694	19.669184	0.004486	1.311927
