Fri Sep 19 11:02:39 2025

Number of Points = 3570
Depth (nm)	Load (µN)	Time (s)	Depth (V)	Load (V)
0.295533	2.247876	0.000000	0.002343	1.314053

1.753197	2.133812	0.005005	0.002076	1.314215
0.990460	2.064760	0.010010	0.002217	1.313971
0.865516	2.306391	0.015014	0.002241	1.314240
1.586173	2.101837	0.020019	0.002109	1.314138
0.951296	2.031639	0.025024	0.002226	1.313920
0.947902	2.036107	0.030029	0.002228	1.313923
0.897311	2.045959	0.035034	0.002238	1.313924
1.382237	1.914762	0.040038	0.002149	1.313863
0.669130	1.830682	0.045043	0.002282	1.313611
0.204647	1.912354	0.050048	0.002368	1.313614
0.854968	1.807308	0.055053	0.002249	1.313619
0.137949	1.895481	0.060058	0.002382	1.313578
0.423991	1.706418	0.065062	0.002330	1.313404
0.725853	1.562917	0.070067	0.002275	1.313290
0.115302	1.425372	0.075072	0.002389	1.312994
-0.345343	1.504935	0.080077	0.002474	1.312995
-1.054571	1.618717	0.085082	0.002605	1.312986
0.007198	1.439072	0.090086	0.002411	1.312985
-0.527159	1.410150	0.095091	0.002510	1.312838
-1.456761	1.663405	0.100096	0.002682	1.312954
0.190105	1.286069	0.105101	0.002379	1.312833
-0.721117	1.241831	0.110106	0.002548	1.312588
-2.330997	1.575393	0.115110	0.002845	1.312662
-1.016014	1.365250	0.120115	0.002604	1.312677
-0.827052	1.232976	0.125120	0.002570	1.312553
-1.088361	1.177810	0.130125	0.002619	1.312430
-1.598701	1.253779	0.135130	0.002714	1.312416
-1.282658	0.975788	0.140134	0.002656	1.312140
-1.352897	0.942315	0.145139	0.002670	1.312083
-2.500433	1.134431	0.150144	0.002882	1.312079
-1.467504	0.812650	0.155149	0.002693	1.311898
-1.815952	0.771601	0.160154	0.002758	1.311774
-2.572327	0.687975	0.165158	0.002898	1.311513
-2.691616	0.665694	0.170163	0.002921	1.311460
-3.095033	0.775343	0.175168	0.002996	1.311510
-2.907297	0.759560	0.180173	0.002962	1.311529
-3.458553	0.874306	0.185178	0.003064	1.311554
-2.431438	0.728524	0.190182	0.002876	1.311588
-2.708571	0.662399	0.195187	0.002928	1.311448
-3.689925	0.833491	0.200192	0.003109	1.311454
-2.448457	0.482795	0.205197	0.002881	1.311280
-3.238473	0.457924	0.210202	0.003028	1.311084
-4.159769	0.616370	0.215206	0.003198	1.311086
-3.690232	0.512891	0.220211	0.003113	1.311056
-4.485516	0.538349	0.225216	0.003260	1.310921
-3.831883	0.484076	0.230221	0.003140	1.310989
-4.942453	0.599278	0.235226	0.003345	1.310899
-4.237161	0.673425	0.240230	0.003216	1.311136
-3.449881	0.287058	0.245235	0.003072	1.310824
-4.625457	0.485985	0.250240	0.003289	1.310823
-4.259403	0.199229	0.255245	0.003223	1.310546
-4.736700	0.255033	0.260250	0.003312	1.310514
-5.752861	0.432099	0.265254	0.003499	1.310519
-4.720381	0.257752	0.270259	0.003310	1.310519
-5.248182	0.339824	0.275264	0.003408	1.310509
-4.749753	0.179026	0.280269	0.003317	1.310414
-5.054694	0.059590	0.285274	0.003374	1.310203
-5.722468	0.173507	0.290278	0.003498	1.310203
-5.636965	0.160365	0.295283	0.003483	1.310204
-6.286896	0.272528	0.300288	0.003603	1.310206
-5.272418	-0.005770	0.305293	0.003417	1.310074
-5.679495	-0.069021	0.310298	0.003493	1.309910
-7.391818	0.214463	0.315302	0.003809	1.309901
-7.316867	0.351394	0.320307	0.003796	1.310085
-6.553642	0.315438	0.325312	0.003656	1.310198
-6.044751	0.106116	0.330317	0.003563	1.310046
-6.899171	0.132563	0.335322	0.003722	1.309900
-7.497609	0.244633	0.340326	0.003833	1.309912
-6.099045	0.002599	0.345331	0.003576	1.309905
-6.544291	-0.110751	0.350336	0.003659	1.309672
-7.848245	0.036118	0.355341	0.003900	1.309580
-8.206083	0.296715	0.360346	0.003966	1.309825
-7.785531	0.285614	0.365350	0.003889	1.309898
-6.442056	-0.033879	0.370355	0.003643	1.309784
-7.665659	0.009101	0.375360	0.003869	1.309581
-8.267717	0.115379	0.380365	0.003981	1.309585
-7.993258	0.065524	0.385370	0.003931	1.309580
-7.982777	0.062429	0.390374	0.003930	1.309578
-7.506867	-0.216782	0.395379	0.003843	1.309333
-8.892729	-0.038503	0.400384	0.004099	1.309262
-8.781168	-0.054160	0.405389	0.004079	1.309265
-8.102767	-0.170877	0.410394	0.003955	1.309262
-9.281802	0.029938	0.415398	0.004173	1.309263
-8.901310	-0.031606	0.420403	0.004104	1.309265
-8.802801	-0.056846	0.425408	0.004086	1.309254
-8.562949	-0.235646	0.430413	0.004043	1.309083
-8.903426	-0.284770	0.435418	0.004107	1.308951
-10.534626	-0.002824	0.440422	0.004408	1.308957
-9.730997	0.006453	0.445427	0.004260	1.309135
-9.455186	-0.191421	0.450432	0.004210	1.308948
-9.643202	-0.154793	0.455437	0.004246	1.308953
-9.561969	-0.166453	0.460442	0.004232	1.308955
-10.752913	0.040508	0.465446	0.004452	1.308960
-9.737221	-0.134510	0.470451	0.004265	1.308956
-9.967838	-0.316461	0.475456	0.004309	1.308683
-11.041315	-0.162360	0.480461	0.004507	1.308648
-10.265243	-0.262169	0.485466	0.004365	1.308686
-10.737579	-0.214248	0.490470	0.004453	1.308645
-10.274707	-0.284054	0.495475	0.004368	1.308655
-10.877900	-0.188097	0.500480	0.004480	1.308646
-10.996883	-0.197899	0.505485	0.004503	1.308609
-11.140725	-0.408810	0.510490	0.004530	1.308318
-12.173494	-0.088600	0.515494	0.004721	1.308496
-10.353075	-0.396005	0.520499	0.004387	1.308496
-11.514940	-0.341550	0.525504	0.004602	1.308320
-12.674774	-0.131042	0.530509	0.004816	1.308336
-11.707654	-0.301450	0.535514	0.004639	1.308328
-12.219400	-0.215536	0.540518	0.004734	1.308326
-11.775606	-0.295357	0.545523	0.004653	1.308319
-11.755568	-0.291959	0.550528	0.004650	1.308327
-12.529212	-0.155008	0.555533	0.004793	1.308333
-11.980574	-0.405230	0.560538	0.004693	1.308138
-13.800185	-0.100456	0.565542	0.005028	1.308133
-11.902729	-0.284580	0.570547	0.004680	1.308301
-12.344511	-0.441073	0.575552	0.004762	1.308016
-14.219391	-0.097282	0.580557	0.005108	1.308047
-12.039797	-0.342032	0.585562	0.004707	1.308199
-12.920560	-0.336312	0.590566	0.004870	1.308022
-13.397036	-0.256309	0.595571	0.004959	1.308020
-14.125186	-0.263188	0.600576	0.005094	1.307859
-13.504037	-0.233396	0.605581	0.004980	1.308024
-12.778441	-0.541249	0.610586	0.004848	1.307795
-15.216127	-0.150840	0.615590	0.005297	1.307767
-13.759374	-0.183874	0.620595	0.005030	1.308029
-13.690686	-0.409213	0.625600	0.005018	1.307765
-15.233553	-0.044671	0.630605	0.005303	1.307891
-12.813674	-0.514053	0.635610	0.004858	1.307817
-15.025469	-0.222221	0.640614	0.005266	1.307714
-14.674144	-0.282192	0.645619	0.005202	1.307713
-14.038306	-0.487275	0.650624	0.005086	1.307592
-16.306848	-0.042881	0.655629	0.005504	1.307665
-13.786394	-0.436278	0.660634	0.005041	1.307705
-15.530649	-0.340877	0.665638	0.005363	1.307458
-15.549985	-0.131152	0.670643	0.005367	1.307711
-13.860100	-0.583137	0.675648	0.005057	1.307506
-16.697510	-0.139272	0.680653	0.005580	1.307460
-15.515528	-0.224530	0.685658	0.005363	1.307601
-15.205425	-0.390101	0.690662	0.005307	1.307461
-16.563823	-0.161824	0.695667	0.005558	1.307457
-15.403438	-0.362275	0.700672	0.005345	1.307452
-16.473438	-0.175025	0.705677	0.005543	1.307458
-15.616809	-0.340583	0.710682	0.005386	1.307432
-16.763659	-0.391953	0.715686	0.005598	1.307128
-17.247481	-0.056711	0.720691	0.005687	1.307440
-15.569220	-0.494412	0.725696	0.005379	1.307250
-17.966254	-0.057935	0.730701	0.005821	1.307286
-15.915826	-0.314715	0.735706	0.005445	1.307397
-16.761276	-0.397539	0.740710	0.005601	1.307118
-17.680324	-0.238401	0.745715	0.005771	1.307121
-17.561609	-0.263508	0.750720	0.005750	1.307114
-18.077000	-0.013201	0.755725	0.005846	1.307314
-15.109223	-0.646595	0.760730	0.005300	1.307152
-18.881281	-0.229284	0.765734	0.005995	1.306878
-18.748645	-0.042004	0.770739	0.005972	1.307135
-16.849773	-0.378387	0.775744	0.005623	1.307117
-18.085452	-0.337169	0.780749	0.005851	1.306908
-18.236719	-0.140310	0.785754	0.005880	1.307119
-18.074139	-0.381648	0.790758	0.005851	1.306854
-19.176798	-0.007088	0.795763	0.006054	1.307085
-17.056443	-0.494052	0.800768	0.005665	1.306926
-19.404462	-0.192129	0.805773	0.006098	1.306807
-18.923198	-0.268877	0.810778	0.006010	1.306812
-18.994980	-0.255177	0.815782	0.006024	1.306813
-19.350278	-0.015271	0.820787	0.006090	1.307034
-17.075984	-0.697666	0.825792	0.005672	1.306667
-21.124585	-0.014080	0.830797	0.006419	1.306663
-19.374300	-0.187281	0.835802	0.006097	1.306814
-18.996755	-0.255182	0.840806	0.006028	1.306808
-19.765333	-0.124074	0.845811	0.006171	1.306809
-18.629520	-0.509629	0.850816	0.005962	1.306570
-21.819750	0.078263	0.855821	0.006550	1.306627
-18.969121	-0.279994	0.860826	0.006026	1.306780
-19.376698	-0.442536	0.865830	0.006102	1.306494
-21.809492	0.021970	0.870835	0.006551	1.306557
-18.977268	-0.399552	0.875840	0.006030	1.306628
-21.185354	-0.126432	0.880845	0.006437	1.306503
-20.566754	-0.231967	0.885850	0.006324	1.306501
-19.711800	-0.514587	0.890854	0.006168	1.306330
-23.355114	0.155739	0.895859	0.006839	1.306394
-19.494185	-0.332804	0.900864	0.006129	1.306598
-21.374310	-0.273032	0.905869	0.006476	1.306278
-20.953196	-0.191695	0.910874	0.006399	1.306465
-21.681353	-0.296982	0.915878	0.006534	1.306182
-22.364460	0.036919	0.920883	0.006661	1.306451
-20.425093	-0.372638	0.925888	0.006305	1.306350
-22.674288	-0.119773	0.930893	0.006719	1.306191
-21.823588	-0.057751	0.935898	0.006564	1.306444
-21.722894	-0.279746	0.940902	0.006546	1.306191
-22.408357	-0.155950	0.945907	0.006673	1.306199
-21.772169	-0.271679	0.950912	0.006556	1.306188
-22.510816	-0.140450	0.955917	0.006693	1.306195
-22.067554	-0.219492	0.960922	0.006612	1.306189
-22.333256	-0.439598	0.965926	0.006662	1.305861
-24.429408	0.095577	0.970931	0.007049	1.306082
-21.594053	-0.368266	0.975936	0.006528	1.306102
-23.376473	-0.257212	0.980941	0.006857	1.305865
-23.849918	0.001252	0.985946	0.006944	1.306084
-21.682634	-0.484364	0.990950	0.006546	1.305938
-24.452199	-0.069063	0.995955	0.007057	1.305870
-23.621642	-0.212838	1.000960	0.006905	1.305865

-22.815400	-0.217911	1.010957	0.006758	1.306026
-23.889673	-0.099163	1.020954	0.006957	1.305946
-23.476810	-0.192420	1.030950	0.006883	1.305916
-23.048170	-0.218897	1.040947	0.006805	1.305971
-22.838947	-0.273457	1.050944	0.006768	1.305946
-22.765861	-0.197871	1.060941	0.006756	1.306052
-23.258365	-0.177741	1.070938	0.006849	1.305972
-23.118909	-0.127841	1.080934	0.006825	1.306061
-22.796996	-0.331491	1.090931	0.006767	1.305876
-22.733966	-0.192722	1.100928	0.006757	1.306058
-22.406984	-0.276743	1.110925	0.006698	1.306021
-23.483655	-0.032093	1.120922	0.006898	1.306096
-22.960703	-0.160413	1.130918	0.006803	1.306046
-22.329490	-0.145295	1.140915	0.006688	1.306194
-21.918683	-0.331293	1.150912	0.006614	1.306049
-22.805593	-0.096265	1.160909	0.006779	1.306152
-22.591610	-0.180826	1.170906	0.006741	1.306091
-22.260114	-0.153022	1.180902	0.006682	1.306192
-21.962000	-0.300794	1.190899	0.006629	1.306071
-22.910615	-0.046820	1.200896	0.006805	1.306184
-21.361136	-0.219638	1.210893	0.006521	1.306293
-22.926071	-0.062701	1.220890	0.006811	1.306158
-21.442918	-0.260821	1.230886	0.006539	1.306222
-22.035440	-0.183853	1.240883	0.006650	1.306191
-21.846919	-0.216415	1.250880	0.006617	1.306188
-22.217589	-0.130063	1.260877	0.006686	1.306216
-21.575285	-0.185650	1.270874	0.006570	1.306280
-21.824705	-0.213452	1.280870	0.006617	1.306191
-21.315479	-0.169404	1.290867	0.006525	1.306351
-21.962089	-0.159143	1.300864	0.006645	1.306226
-21.268113	-0.186184	1.310861	0.006519	1.306336
-21.611815	-0.125935	1.320858	0.006584	1.306337
-21.481067	-0.164285	1.330854	0.006561	1.306315
-21.395402	-0.134381	1.340851	0.006547	1.306368
-20.981355	-0.264072	1.350848	0.006473	1.306293
-20.890298	-0.229382	1.360845	0.006457	1.306353
-21.322929	-0.123025	1.370842	0.006538	1.306392
-21.463572	-0.129940	1.380838	0.006566	1.306353
-20.498379	-0.288324	1.390835	0.006390	1.306357
-21.065145	-0.200716	1.400832	0.006496	1.306345
-21.117251	-0.082344	1.410829	0.006507	1.306478
-21.064110	-0.208186	1.420826	0.006499	1.306333
-20.229673	-0.213608	1.430822	0.006346	1.306499
-20.868323	-0.200911	1.440819	0.006466	1.306379
-20.729939	-0.121918	1.450816	0.006442	1.306504
-20.346290	-0.323167	1.460813	0.006373	1.306334
-21.359221	0.062523	1.470810	0.006560	1.306596
-20.215829	-0.237170	1.480806	0.006352	1.306464
-20.153050	-0.219787	1.490803	0.006342	1.306496
-20.167705	-0.215693	1.500800	0.006346	1.306497
-20.470644	-0.075443	1.510797	0.006403	1.306605
-19.978678	-0.275932	1.520794	0.006314	1.306458
-20.102867	-0.269931	1.530790	0.006339	1.306438
-20.140818	-0.148311	1.540787	0.006347	1.306578
-20.043052	-0.230610	1.550784	0.006331	1.306496
-19.752985	-0.220775	1.560781	0.006279	1.306567
-20.434204	-0.147724	1.570778	0.006406	1.306513
-19.575548	-0.179719	1.580774	0.006249	1.306651
-19.762298	-0.268212	1.590771	0.006285	1.306501
-19.306834	-0.222743	1.600768	0.006203	1.306650
-20.204357	-0.175430	1.610765	0.006369	1.306519
-19.705939	-0.099101	1.620762	0.006279	1.306716
-19.471201	-0.213113	1.630758	0.006238	1.306623
-19.569025	-0.155264	1.640755	0.006257	1.306672
-18.939331	-0.298081	1.650752	0.006143	1.306626
-19.279331	-0.127147	1.660749	0.006207	1.306764
-19.799969	-0.155066	1.670746	0.006304	1.306619
-18.713989	-0.262644	1.680742	0.006106	1.306711
-19.054706	-0.206705	1.690739	0.006170	1.306707
-19.110463	-0.226245	1.700736	0.006182	1.306670
-19.256850	-0.096741	1.710733	0.006210	1.306797
-19.056655	-0.253812	1.720730	0.006175	1.306643
-18.275848	-0.298446	1.730726	0.006033	1.306750
-19.095102	-0.191238	1.740723	0.006185	1.306709
-18.692082	-0.175066	1.750720	0.006113	1.306812
-18.918963	-0.241886	1.760717	0.006156	1.306680
-18.886572	-0.146294	1.770714	0.006151	1.306803
-18.293708	-0.237315	1.780710	0.006044	1.306813
-18.602240	-0.181637	1.790707	0.006102	1.306815
-18.281493	-0.236673	1.800704	0.006045	1.306813
-18.795402	-0.147514	1.810701	0.006141	1.306813
-18.582302	-0.168655	1.820698	0.006103	1.306830
-17.680029	-0.238994	1.830694	0.005938	1.306930
-18.411675	-0.209056	1.840691	0.006075	1.306813
-18.038310	-0.127267	1.850688	0.006007	1.306990
-18.236852	-0.240093	1.860685	0.006046	1.306807
-18.095038	-0.249087	1.870682	0.006021	1.306824
-17.619121	-0.246971	1.880678	0.005935	1.306924
-17.847197	-0.175590	1.890675	0.005978	1.306963
-17.890001	-0.290099	1.900672	0.005988	1.306811
-17.807351	-0.108021	1.910669	0.005974	1.307051
-17.852857	-0.284368	1.920666	0.005984	1.306822
-17.499308	-0.217026	1.930662	0.005921	1.306978
-17.384307	-0.228697	1.940659	0.005901	1.306986
-17.762722	-0.093239	1.950656	0.005972	1.307072
-17.686022	-0.183591	1.960653	0.005960	1.306975
-17.498075	-0.246599	1.970650	0.005927	1.306934
-16.721131	-0.301073	1.980646	0.005785	1.307028
-17.506204	-0.125333	1.990643	0.005931	1.307079
-16.865487	-0.211785	2.000640	0.005815	1.307104
-17.867242	-0.149326	2.010637	0.006001	1.306970
-16.623610	-0.306283	2.020634	0.005773	1.307035
-17.015934	-0.114654	2.030630	0.005847	1.307187
-16.976560	-0.168584	2.040627	0.005841	1.307127
-17.031237	-0.216077	2.050624	0.005853	1.307056
-17.290312	-0.069976	2.060621	0.005902	1.307180
-16.448012	-0.237556	2.070618	0.005749	1.307148
-16.543506	-0.225212	2.080614	0.005768	1.307141
-16.356883	-0.223859	2.090611	0.005735	1.307180
-16.989014	-0.159603	2.100608	0.005853	1.307125
-16.592254	-0.228535	2.110605	0.005781	1.307122
-16.616394	-0.211870	2.120602	0.005787	1.307135
-15.748890	-0.184059	2.130598	0.005629	1.307349
-16.728279	-0.106339	2.140595	0.005811	1.307238
-16.186649	-0.174344	2.150592	0.005713	1.307266
-16.390904	-0.233634	2.160589	0.005752	1.307149
-15.862520	-0.221306	2.170586	0.005656	1.307272
-15.906288	-0.171393	2.180582	0.005666	1.307323
-16.296986	-0.065975	2.190579	0.005739	1.307370
-16.138590	-0.185343	2.200576	0.005712	1.307254
-16.045462	-0.192228	2.210573	0.005696	1.307263
-15.194476	-0.257894	2.220570	0.005541	1.307358
-15.730801	-0.162532	2.230566	0.005641	1.307362
-16.151606	-0.158252	2.240563	0.005720	1.307277
-15.156817	-0.239859	2.250560	0.005539	1.307383
-16.098269	-0.148733	2.260557	0.005713	1.307297
-14.940776	-0.288913	2.270554	0.005502	1.307364
-15.853553	-0.109526	2.280550	0.005671	1.307393
-15.303620	-0.155857	2.290547	0.005572	1.307449
-15.854575	-0.174215	2.300544	0.005675	1.307309
-14.839443	-0.217868	2.310541	0.005489	1.307466
-14.741057	-0.302922	2.320538	0.005473	1.307380
-15.453327	-0.101603	2.330534	0.005605	1.307477
-14.964498	-0.205030	2.340531	0.005517	1.307450
-15.205966	-0.159326	2.350528	0.005563	1.307455
-14.785027	-0.232545	2.360525	0.005487	1.307450
-14.708294	-0.241087	2.370522	0.005474	1.307454
-15.073777	-0.177661	2.380518	0.005543	1.307454
-15.256941	-0.076220	2.390515	0.005578	1.307539
-14.473786	-0.260724	2.400512	0.005436	1.307474
-14.462350	-0.189220	2.410509	0.005435	1.307563
-14.602854	-0.196005	2.420506	0.005463	1.307523
-14.810141	-0.053824	2.430502	0.005502	1.307653
-14.378639	-0.230152	2.440499	0.005424	1.307524
-14.690293	-0.029510	2.450496	0.005483	1.307705
-13.611294	-0.322746	2.460493	0.005286	1.307567
-14.665014	-0.070776	2.470490	0.005482	1.307656
-13.608993	-0.248394	2.480486	0.005289	1.307656
-15.098206	-0.068322	2.490483	0.005565	1.307565
-13.484875	-0.283710	2.500480	0.005269	1.307634
-14.421963	-0.064821	2.510477	0.005443	1.307707
-13.459590	-0.174124	2.520474	0.005268	1.307771
-14.295749	-0.094786	2.530470	0.005423	1.307693
-14.118779	-0.094951	2.540467	0.005392	1.307728
-13.377360	-0.212591	2.550464	0.005257	1.307736
-13.835799	-0.126564	2.560461	0.005343	1.307744
-13.240982	-0.127658	2.570458	0.005235	1.307865
-13.925293	-0.137664	2.580454	0.005363	1.307708
-13.889215	-0.090741	2.590451	0.005357	1.307772
-13.207830	-0.189899	2.600448	0.005233	1.307790
-12.975287	-0.125215	2.610445	0.005192	1.307917
-13.728349	-0.149827	2.620442	0.005332	1.307728
-13.253767	0.002006	2.630438	0.005246	1.308012
-13.153365	-0.221163	2.640435	0.005230	1.307756
-13.032413	-0.120510	2.650432	0.005209	1.307904
-12.952690	-0.169829	2.660429	0.005196	1.307858
-13.325350	-0.012467	2.670426	0.005266	1.307972
-12.988805	-0.138419	2.680422	0.005205	1.307886
-13.138457	-0.009589	2.690419	0.005234	1.308011
-11.993961	-0.280779	2.700416	0.005025	1.307914
-13.347828	-0.014713	2.710413	0.005276	1.307958
-12.509711	-0.113219	2.720410	0.005123	1.308010
-13.003275	-0.024157	2.730406	0.005216	1.308015
-12.142648	-0.166878	2.740403	0.005059	1.308017
-12.612767	-0.090099	2.750400	0.005147	1.308011
-12.107656	-0.175107	2.760397	0.005056	1.308010
-13.062325	-0.074940	2.770394	0.005233	1.307933
-12.322823	-0.019599	2.780390	0.005098	1.308154
-12.263365	-0.093146	2.790387	0.005089	1.308074
-11.811713	-0.133001	2.800384	0.005007	1.308117
-12.345006	-0.019954	2.810381	0.005107	1.308143
-12.167442	-0.019320	2.820378	0.005076	1.308179
-12.155653	-0.050473	2.830374	0.005075	1.308142
-11.968264	-0.081826	2.840371	0.005042	1.308141
-11.649318	0.009293	2.850368	0.004985	1.308318
-11.479006	-0.122318	2.860365	0.004955	1.308189
-12.342010	0.015967	2.870362	0.005116	1.308178
-11.656836	-0.128926	2.880358	0.004991	1.308141
-11.354793	-0.032467	2.890355	0.004937	1.308321
-11.623762	-0.164360	2.900352	0.004988	1.308100
-11.901405	0.059642	2.910349	0.005041	1.308316
-11.070089	-0.078106	2.920346	0.004889	1.308319
-11.712573	0.033779	2.930342	0.005009	1.308321
-10.932543	-0.094009	2.940339	0.004867	1.308324
-11.627658	0.022165	2.950336	0.004996	1.308320
-11.021291	-0.080127	2.960333	0.004886	1.308319
-11.506978	0.015909	2.970330	0.004977	1.308334
-10.899389	0.009913	2.980326	0.004867	1.308452
-11.082897	-0.063906	2.990323	0.004902	1.308321
-10.669795	0.080890	3.000320	0.004828	1.308584
-11.268261	0.120019	3.010317	0.004939	1.308506
-10.734082	-0.007220	3.020314	0.004842	1.308459
-10.555543	-0.096206	3.030310	0.004811	1.308384
-10.973666	0.169283	3.040307	0.004890	1.308622
-10.106643	-0.054785	3.050304	0.004732	1.308526
-11.445117	0.194525	3.060301	0.004980	1.308552
-10.081981	0.037728	3.070298	0.004730	1.308641
-10.549501	0.120025	3.080294	0.004818	1.308643
-10.026297	0.030877	3.090291	0.004723	1.308641
-10.265238	0.070440	3.100288	0.004768	1.308638
-10.588784	0.055616	3.110285	0.004830	1.308551
-10.193150	0.066330	3.120282	0.004758	1.308645
-9.830079	0.004763	3.130278	0.004693	1.308643
-10.043797	0.039100	3.140275	0.004734	1.308639
-10.488662	0.168770	3.150272	0.004817	1.308704
-9.900552	0.016458	3.160269	0.004711	1.308637
-9.896738	0.022181	3.170266	0.004711	1.308643
-9.567585	0.056480	3.180262	0.004652	1.308752
-10.326712	0.183812	3.190259	0.004794	1.308749
-9.233281	0.134242	3.200256	0.004594	1.308915
-10.087078	0.121990	3.210253	0.004753	1.308720
-9.460039	0.199564	3.220250	0.004639	1.308944
-9.257834	0.030698	3.230246	0.004603	1.308777
-10.007309	0.284604	3.240243	0.004742	1.308931
-9.188642	0.232419	3.250240	0.004593	1.309036
-9.686523	0.297639	3.260237	0.004686	1.309011
-8.607066	0.088081	3.270234	0.004489	1.308976
-9.892178	0.321489	3.280230	0.004727	1.308994
-8.553350	0.223828	3.290227	0.004482	1.309151
-9.148565	0.156551	3.300224	0.004594	1.308942
-9.126863	0.161656	3.310221	0.004591	1.308951
-8.976866	0.138736	3.320218	0.004565	1.308953
-8.853297	0.316202	3.330214	0.004544	1.309195
-8.941162	0.202431	3.340211	0.004561	1.309035
-8.564005	0.284051	3.350208	0.004493	1.309212
-9.152550	0.296256	3.360205	0.004603	1.309103
-8.010786	0.150100	3.370202	0.004395	1.309159
-9.145306	0.317294	3.380198	0.004605	1.309127
-8.361023	0.296475	3.390195	0.004462	1.309263
-8.002366	0.187914	3.400192	0.004398	1.309202
-8.785361	0.208501	3.410189	0.004544	1.309063
-8.683042	0.351363	3.420186	0.004526	1.309258
-8.142643	0.299942	3.430182	0.004428	1.309306
-8.219494	0.272542	3.440179	0.004444	1.309254
-8.225966	0.352330	3.450176	0.004447	1.309349
-7.896747	0.234024	3.460173	0.004388	1.309271
-8.181606	0.282380	3.470170	0.004442	1.309269
-8.235525	0.537220	3.480166	0.004453	1.309570
-7.539780	0.421256	3.490163	0.004326	1.309570
-7.835229	0.316267	3.500160	0.004382	1.309378
-7.850261	0.407483	3.510157	0.004387	1.309485
-7.369266	0.281487	3.520154	0.004300	1.309429
-7.850366	0.444251	3.530150	0.004390	1.309527
-7.522913	0.375261	3.540147	0.004331	1.309509
-7.136634	0.315545	3.550144	0.004261	1.309514
-8.100141	0.350876	3.560141	0.004440	1.309355
-7.359915	0.502799	3.570138	0.004305	1.309694
-7.024279	0.343632	3.580134	0.004245	1.309567
-7.707662	0.465738	3.590131	0.004373	1.309573
-7.111678	0.382746	3.600128	0.004264	1.309593
-7.051353	0.350191	3.610125	0.004255	1.309564
-7.211291	0.541686	3.620122	0.004286	1.309764
-7.028278	0.627704	3.630118	0.004254	1.309907
-6.888977	0.436557	3.640115	0.004230	1.309699
-6.958890	0.614720	3.650112	0.004244	1.309902
-7.032583	0.629579	3.660109	0.004259	1.309903
-6.511680	0.542355	3.670106	0.004165	1.309902
-6.645746	0.565093	3.680102	0.004191	1.309901
-6.894286	0.612246	3.690099	0.004238	1.309905
-6.483372	0.541118	3.700096	0.004164	1.309901
-7.126837	0.697622	3.710093	0.004284	1.309958
-5.756428	0.579738	3.720090	0.004033	1.310097
-6.626654	0.571876	3.730086	0.004195	1.309904
-6.596046	0.760164	3.740083	0.004191	1.310140
-5.923622	0.567660	3.750080	0.004069	1.310042
-6.380716	0.590748	3.760077	0.004154	1.309973
-6.091957	0.644129	3.770074	0.004103	1.310097
-6.064720	0.724804	3.780070	0.004099	1.310201
-5.724360	0.483730	3.790067	0.004038	1.309973
-6.758013	0.813468	3.800064	0.004230	1.310162
-5.648697	0.653553	3.810061	0.004027	1.310194
-5.592373	0.652101	3.820058	0.004018	1.310203
-6.469159	0.897900	3.830054	0.004181	1.310320
-5.214683	0.818766	3.840051	0.003952	1.310483
-5.462394	0.630459	3.850048	0.003999	1.310198
-5.892578	0.709532	3.860045	0.004080	1.310204
-5.298203	0.851856	3.870042	0.003972	1.310501
-5.087895	0.567197	3.880038	0.003935	1.310193
-6.035467	0.873477	3.890035	0.004111	1.310370
-4.855227	0.711278	3.900032	0.003895	1.310415
-5.423063	0.625258	3.910029	0.004001	1.310189
-5.730969	0.931385	3.920026	0.004059	1.310500
-5.290483	0.951731	3.930022	0.003980	1.310615
-4.628163	0.774197	3.940019	0.003859	1.310533
-5.765944	1.015930	3.950016	0.004070	1.310591
-4.206249	0.856196	3.960013	0.003785	1.310718
-5.005248	0.817493	3.970010	0.003933	1.310502
-5.280620	1.055426	3.980006	0.003985	1.310736
-4.237849	0.897782	3.990003	0.003795	1.310757
-5.355595	1.039311	4.000000	0.004002	1.310697
-4.342910	0.971884	4.009997	0.003817	1.310823
-4.081864	0.899705	4.019994	0.003771	1.310787
-4.752185	0.834359	4.029990	0.003896	1.310565
-4.152442	0.875533	4.039987	0.003787	1.310739
-4.527027	0.901831	4.049984	0.003857	1.310692
-3.855581	0.673042	4.059981	0.003735	1.310548
-5.300943	1.045007	4.069978	0.004003	1.310703
-3.780712	0.881800	4.079974	0.003725	1.310817
-4.416172	0.986812	4.089971	0.003843	1.310812
-4.145295	0.943610	4.099968	0.003795	1.310814
-3.579147	0.845042	4.109965	0.003692	1.310809
-4.009681	0.923981	4.119962	0.003773	1.310814
-4.702781	1.159932	4.129958	0.003902	1.310958
-3.753493	1.219577	4.139955	0.003729	1.311228
-3.405576	1.091721	4.149952	0.003666	1.311141
-3.520951	1.029897	4.159949	0.003689	1.311039
-4.158726	1.297129	4.169946	0.003808	1.311233
-3.128293	1.048875	4.179942	0.003620	1.311141
-3.847911	1.169984	4.189939	0.003754	1.311138
-3.304343	1.076452	4.199936	0.003655	1.311135
-2.750948	0.892042	4.209933	0.003555	1.311022
-4.389378	1.310552	4.219930	0.003858	1.311193
-2.946790	1.134664	4.229926	0.003594	1.311275
-3.458591	1.283080	4.239923	0.003690	1.311349
-2.827742	1.086235	4.249920	0.003575	1.311237
-2.872700	1.192765	4.259917	0.003585	1.311357
-3.489015	1.246129	4.269914	0.003700	1.311293
-2.873319	1.271713	4.279910	0.003588	1.311450
-2.757618	1.253595	4.289907	0.003568	1.311450
-2.872794	1.169011	4.299904	0.003591	1.311321
-2.687175	1.240046	4.309901	0.003558	1.311445
-2.988066	1.294984	4.319898	0.003615	1.311448
-2.643563	1.236832	4.329894	0.003554	1.311447
-2.556240	1.225683	4.339891	0.003539	1.311449
-2.846362	1.318678	4.349888	0.003594	1.311502
-1.914225	1.320897	4.359885	0.003424	1.311696
-3.290742	1.498129	4.369882	0.003679	1.311626
-2.268959	1.439941	4.379878	0.003492	1.311765
-2.140542	1.419478	4.389875	0.003470	1.311765
-2.253817	1.438878	4.399872	0.003492	1.311764
-1.879389	1.486618	4.409869	0.003425	1.311899
-2.499603	1.615374	4.419866	0.003541	1.311926
-1.691230	1.399363	4.429862	0.003393	1.311827
-2.020326	1.572589	4.439859	0.003455	1.311970
-1.938149	1.409356	4.449856	0.003442	1.311784
-1.922711	1.640342	4.459853	0.003441	1.312070
-2.185309	1.687836	4.469850	0.003490	1.312072
-1.468112	1.572470	4.479846	0.003360	1.312077
-1.026338	1.465006	4.489843	0.003280	1.312036
-2.295087	1.621540	4.499840	0.003515	1.311962
-1.476692	1.803859	4.509837	0.003366	1.312355
-1.477519	1.659097	4.519834	0.003368	1.312175
-1.379396	1.575163	4.529830	0.003351	1.312090
-1.404509	1.836944	4.539827	0.003357	1.312405
-1.300668	1.748147	4.549824	0.003340	1.312316
-1.033193	1.778728	4.559821	0.003292	1.312407
-1.398593	1.753507	4.569818	0.003361	1.312298
-0.725927	1.619720	4.579814	0.003239	1.312272
-1.136394	1.801612	4.589811	0.003316	1.312409
-1.103643	1.797865	4.599808	0.003311	1.312409
-0.867429	1.756088	4.609805	0.003269	1.312405
-1.365911	1.923808	4.619802	0.003362	1.312506
-0.210483	1.740135	4.629798	0.003151	1.312519
-0.988008	1.949910	4.639795	0.003296	1.312613
-0.625305	1.934837	4.649792	0.003231	1.312668
-0.210548	1.837477	4.659789	0.003156	1.312633
-1.010524	1.847912	4.669786	0.003305	1.312478
-0.625884	1.942948	4.679782	0.003235	1.312673
-0.909157	2.197375	4.689779	0.003289	1.312924
0.000000	2.086694	4.699776	0.003123	1.312976

-0.135499	2.108766	4.704781	0.003149	1.312974
-0.167135	2.266151	4.709786	0.003155	1.313159
0.619948	2.243149	4.714790	0.003011	1.313294
0.634907	2.498432	4.719795	0.003009	1.313609
-0.075562	2.882179	4.724800	0.003140	1.313931
2.045522	2.765539	4.729805	0.002751	1.314228
2.408361	2.935797	4.734810	0.002684	1.314511
1.263146	3.349720	4.739814	0.002896	1.314780
2.179027	3.617675	4.744819	0.002728	1.315297
3.337556	3.729930	4.749824	0.002515	1.315674
3.919096	3.880763	4.754829	0.002409	1.315979
3.346521	4.264133	4.759834	0.002515	1.316328
4.381191	4.520936	4.764838	0.002325	1.316856
5.288271	4.608342	4.769843	0.002158	1.317150
4.142544	5.152828	4.774848	0.002370	1.317578
5.954978	5.290530	4.779853	0.002036	1.318121
6.484993	5.436471	4.784858	0.001940	1.318408
5.816157	5.979582	4.789862	0.002063	1.318932
7.882282	6.022565	4.794867	0.001683	1.319411
7.666868	6.266675	4.799872	0.001724	1.319663
7.592830	6.724674	4.804877	0.001738	1.320206
8.238317	7.020058	4.809882	0.001619	1.320699
8.232068	7.490365	4.814886	0.001621	1.321270
9.096117	7.796878	4.819891	0.001462	1.321822
8.532036	8.401520	4.824896	0.001567	1.322441
9.861468	8.720729	4.829901	0.001322	1.323103
9.893427	9.192815	4.834906	0.001317	1.323683
10.401591	9.681493	4.839910	0.001224	1.324382
11.507633	9.979653	4.844915	0.001021	1.324971
11.417832	10.486706	4.849920	0.001038	1.325568
12.110794	10.905200	4.854925	0.000910	1.326218
11.835987	11.523989	4.859930	0.000961	1.326912
12.811215	11.933322	4.864934	0.000782	1.327608
13.546024	12.312586	4.869939	0.000647	1.328218
13.365689	12.903905	4.874944	0.000681	1.328897
14.662399	13.273186	4.879949	0.000443	1.329610
14.300539	13.885416	4.884954	0.000510	1.330276
14.961948	14.400362	4.889958	0.000388	1.331034
15.455387	14.911103	4.894963	0.000298	1.331752
15.797774	15.479736	4.899968	0.000235	1.332509
16.671913	15.897993	4.904973	0.000075	1.333192
16.745211	16.490832	4.909978	0.000062	1.333922
17.169489	17.070798	4.914982	-0.000016	1.334708
17.389414	17.694883	4.919987	-0.000056	1.335505
17.733652	18.347835	4.924992	-0.000119	1.336361
18.925080	18.840483	4.929997	-0.000338	1.337197
19.359645	19.309690	4.935002	-0.000418	1.337849
19.784330	19.867176	4.940006	-0.000496	1.338606
20.233725	20.413326	4.945011	-0.000578	1.339353
20.521297	21.013276	4.950016	-0.000631	1.340132
21.069059	21.582531	4.955021	-0.000731	1.340926
21.317166	22.215674	4.960026	-0.000777	1.341736
21.927037	22.778640	4.965030	-0.000889	1.342534
22.327950	23.392928	4.970035	-0.000962	1.343351
22.565392	24.057260	4.975040	-0.001005	1.344194
23.377177	24.645415	4.980045	-0.001155	1.345062
25.855782	24.785052	4.985050	-0.001610	1.345729
26.929209	24.897966	4.990054	-0.001807	1.346080
28.329578	24.755060	4.995059	-0.002065	1.346191
28.687681	24.944465	5.000064	-0.002130	1.346489
28.965104	24.911919	5.005069	-0.002180	1.346506
29.093175	25.150268	5.010074	-0.002203	1.346816
29.354082	25.331390	5.015078	-0.002251	1.347084
29.558819	25.520994	5.020083	-0.002288	1.347351
29.816027	25.780828	5.025088	-0.002334	1.347713
30.467392	26.011339	5.030093	-0.002454	1.348118
30.492994	26.318677	5.035098	-0.002458	1.348490
30.756838	26.712218	5.040102	-0.002506	1.349012
31.110187	27.086512	5.045107	-0.002571	1.349529
31.444671	27.481830	5.050112	-0.002632	1.350067
31.939183	27.895245	5.055117	-0.002722	1.350659
32.317996	28.323954	5.060122	-0.002791	1.351245
32.581994	28.800692	5.065126	-0.002840	1.351865
33.131716	29.214922	5.070131	-0.002940	1.352468
33.300234	29.714680	5.075136	-0.002971	1.353096
34.104402	30.169943	5.080141	-0.003119	1.353798
34.767164	30.578209	5.085146	-0.003240	1.354416
35.238332	30.985538	5.090150	-0.003327	1.354993
35.890541	31.384503	5.095155	-0.003446	1.355597
36.134857	31.831189	5.100160	-0.003491	1.356176
36.382587	32.348152	5.105165	-0.003536	1.356838
36.981335	32.745669	5.110170	-0.003646	1.357428
37.217201	33.259501	5.115174	-0.003689	1.358084
38.074821	33.676034	5.120179	-0.003846	1.358748
38.284341	34.197104	5.125184	-0.003884	1.359407
38.851978	34.670084	5.130189	-0.003988	1.360079
39.425457	35.119812	5.135194	-0.004094	1.360725
39.676235	35.645451	5.140198	-0.004139	1.361396
40.277365	36.125936	5.145203	-0.004250	1.362083
40.676044	36.582309	5.150208	-0.004323	1.362701
40.948094	37.170253	5.155213	-0.004372	1.363448
41.311563	37.721852	5.160218	-0.004439	1.364171
41.668500	38.337354	5.165222	-0.004504	1.364967
42.536056	38.826587	5.170227	-0.004664	1.365715
42.966158	39.356090	5.175232	-0.004742	1.366424
43.212331	39.955207	5.180237	-0.004787	1.367178
43.946344	40.432332	5.185242	-0.004922	1.367884
44.035898	41.058926	5.190246	-0.004938	1.368638
44.713104	41.635124	5.195251	-0.005063	1.369449
44.707448	42.298159	5.200256	-0.005061	1.370226
45.184809	42.983686	5.205261	-0.005149	1.371125
45.810577	43.593657	5.210266	-0.005264	1.371964
46.262325	44.229781	5.215270	-0.005347	1.372798
46.910351	44.840109	5.220275	-0.005466	1.373641
47.299488	45.470476	5.225280	-0.005537	1.374455
47.674197	46.150641	5.230285	-0.005606	1.375324
49.305054	46.533703	5.235290	-0.005905	1.376093
49.871941	46.975627	5.240294	-0.006009	1.376720
50.194231	47.428239	5.245299	-0.006068	1.377312
50.292839	47.997417	5.250304	-0.006086	1.377995
50.602119	48.582794	5.255309	-0.006143	1.378739
50.861080	49.211503	5.260314	-0.006190	1.379523
51.163038	49.862552	5.265318	-0.006245	1.380341
52.043223	50.448528	5.270323	-0.006407	1.381195
52.569511	50.990754	5.275328	-0.006503	1.381929
52.986393	51.567282	5.280333	-0.006580	1.382681
53.227250	52.198457	5.285338	-0.006624	1.383462
53.669601	52.857901	5.290342	-0.006705	1.384315
54.348023	53.462138	5.295347	-0.006830	1.385149
54.930385	54.032431	5.300352	-0.006936	1.385924
55.514102	54.622791	5.305357	-0.007044	1.386723
55.886301	55.182364	5.310362	-0.007112	1.387444
56.131837	55.849595	5.315366	-0.007157	1.388264
56.777807	56.444036	5.320371	-0.007275	1.389078
57.225941	57.069048	5.325376	-0.007357	1.389889
57.650075	57.722795	5.330381	-0.007435	1.390727
58.196512	58.334848	5.335386	-0.007536	1.391541
58.504314	58.985928	5.340390	-0.007592	1.392352
58.979628	59.646454	5.345395	-0.007679	1.393207
59.424219	60.318017	5.350400	-0.007761	1.394068
59.922118	60.967978	5.355405	-0.007852	1.394914
60.396832	61.663316	5.360410	-0.007939	1.395807
60.674235	62.384570	5.365414	-0.007990	1.396691
61.178907	63.048507	5.370419	-0.008083	1.397552
61.572645	63.773732	5.375424	-0.008155	1.398462
61.924579	64.538402	5.380429	-0.008219	1.399409
62.869189	65.192218	5.385434	-0.008393	1.400342
63.504788	65.812555	5.390438	-0.008510	1.401176
64.157821	66.422259	5.395443	-0.008630	1.402001
64.906436	66.937438	5.400448	-0.008767	1.402736
65.388789	67.529913	5.405453	-0.008856	1.403507
65.966475	68.078443	5.410458	-0.008962	1.404246
66.707379	68.591088	5.415462	-0.009098	1.404975
67.531666	69.017958	5.420467	-0.009249	1.405621
67.723977	69.555466	5.425472	-0.009284	1.406273
68.159392	70.058888	5.430477	-0.009364	1.406931
68.817242	70.507809	5.435482	-0.009484	1.407570
69.211756	71.015501	5.440486	-0.009557	1.408225
69.561455	71.569395	5.445491	-0.009621	1.408924
69.881951	72.143677	5.450496	-0.009679	1.409640
70.449119	72.697049	5.455501	-0.009783	1.410379
71.179643	73.185194	5.460506	-0.009917	1.411075
71.487292	73.722214	5.465510	-0.009974	1.411745
71.970459	74.279437	5.470515	-0.010062	1.412471
72.318408	74.834159	5.475520	-0.010126	1.413168
72.873282	75.390870	5.480525	-0.010228	1.413907
73.316808	75.966731	5.485530	-0.010309	1.414646
73.688558	76.541785	5.490534	-0.010377	1.415370
73.922243	77.216292	5.495539	-0.010420	1.416180
74.529097	77.776591	5.500544	-0.010531	1.416931
74.755354	78.448470	5.505549	-0.010573	1.417736
75.068099	79.139032	5.510554	-0.010630	1.418578
75.565360	79.834126	5.515558	-0.010721	1.419459
75.843883	80.576548	5.520563	-0.010772	1.420353
76.095810	81.380610	5.525568	-0.010818	1.421310
76.459694	82.146219	5.530573	-0.010885	1.422244
76.879261	82.964793	5.535578	-0.010962	1.423249
77.212229	83.805000	5.540582	-0.011023	1.424260
77.519696	84.706000	5.545587	-0.011080	1.425335
77.756185	85.625560	5.550592	-0.011123	1.426416
78.226385	86.523650	5.555597	-0.011210	1.427516
78.620753	87.469580	5.560602	-0.011282	1.428655
79.360657	88.354784	5.565606	-0.011418	1.429790
79.771694	89.281109	5.570611	-0.011494	1.430909
80.287875	90.162294	5.575616	-0.011589	1.431995
80.640452	91.114427	5.580621	-0.011653	1.433130
81.436384	91.968749	5.585626	-0.011800	1.434237
82.203424	92.785098	5.590630	-0.011941	1.435295
82.460574	93.669844	5.595635	-0.011988	1.436333
83.062424	94.463062	5.600640	-0.012099	1.437333
83.388232	95.371736	5.605645	-0.012158	1.438410
83.747687	96.283904	5.610650	-0.012224	1.439496
84.020937	97.259457	5.615654	-0.012275	1.440636
84.633041	98.161451	5.620659	-0.012387	1.441756
84.883760	99.115794	5.625664	-0.012433	1.442866
85.369193	100.103466	5.630669	-0.012523	1.444056
85.853255	101.094935	5.635674	-0.012612	1.445249
86.331657	102.054704	5.640678	-0.012700	1.446405
86.785165	103.023695	5.645683	-0.012783	1.447565
87.295821	104.000736	5.650688	-0.012877	1.448744
88.186603	104.904103	5.655693	-0.013041	1.449911
88.469681	105.877799	5.660698	-0.013093	1.451042
88.872665	106.797905	5.665702	-0.013167	1.452135
89.676682	107.718017	5.670707	-0.013315	1.453302
90.063731	108.638972	5.675712	-0.013386	1.454391
90.396666	109.627629	5.680717	-0.013447	1.455545
90.958406	110.590140	5.685722	-0.013551	1.456710
91.437394	111.496849	5.690726	-0.013639	1.457798
91.924261	112.483437	5.695731	-0.013728	1.458975
92.383273	113.435300	5.700736	-0.013813	1.460107
92.827366	114.391460	5.705741	-0.013894	1.461241
93.315236	115.347245	5.710746	-0.013984	1.462381
93.706926	116.336083	5.715750	-0.014056	1.463539
94.122922	117.343760	5.720755	-0.014132	1.464721
94.659192	118.344668	5.725760	-0.014231	1.465917
95.170132	119.296591	5.730765	-0.014325	1.467053
95.635972	120.307162	5.735770	-0.014411	1.468245
96.270644	121.259996	5.740774	-0.014528	1.469403
96.608033	122.275041	5.745779	-0.014590	1.470574
97.036896	123.255152	5.750784	-0.014668	1.471722
97.366083	124.317323	5.755789	-0.014729	1.472942
97.886499	125.367497	5.760794	-0.014825	1.474181
98.246497	126.431024	5.765798	-0.014891	1.475405
98.605234	127.501158	5.770803	-0.014957	1.476636
98.801290	128.643647	5.775808	-0.014993	1.477914
99.282263	129.803385	5.780813	-0.015082	1.479261
99.538602	131.012418	5.785818	-0.015129	1.480620
99.976718	132.189221	5.790822	-0.015210	1.481976
100.327865	133.434356	5.795827	-0.015274	1.483389
100.638660	134.712975	5.800832	-0.015332	1.484830
101.004257	135.996203	5.805837	-0.015399	1.486283
101.499887	137.280534	5.810842	-0.015490	1.487761
101.896642	138.598872	5.815846	-0.015564	1.489255
102.307751	139.942145	5.820851	-0.015639	1.490777
102.883260	141.209884	5.825856	-0.015746	1.492246
103.358264	142.538616	5.830861	-0.015833	1.493761
103.926317	143.857855	5.835866	-0.015938	1.495281
104.660528	145.050855	5.840870	-0.016073	1.496694
105.019364	146.341913	5.845875	-0.016139	1.498143
105.352758	147.658758	5.850880	-0.016201	1.499614
105.758798	149.002227	5.855885	-0.016276	1.501125
106.196856	150.323300	5.860890	-0.016357	1.502617
106.651113	151.685886	5.865894	-0.016440	1.504154
107.106610	153.062775	5.870899	-0.016524	1.505704
107.406174	154.425478	5.875904	-0.016580	1.507211
107.947522	155.824537	5.880909	-0.016679	1.508797
108.152390	157.306041	5.885914	-0.016717	1.510410
108.683221	158.687448	5.890918	-0.016815	1.511973
109.210544	160.142562	5.895923	-0.016913	1.513611
109.402922	161.658539	5.900928	-0.016948	1.515254
109.747829	163.144465	5.905933	-0.017012	1.516889
110.359820	164.640054	5.910938	-0.017125	1.518580
110.759356	166.182819	5.915942	-0.017199	1.520281
111.489624	167.621390	5.920947	-0.017334	1.521929
112.248117	169.038977	5.925952	-0.017473	1.523557
112.889138	170.421861	5.930957	-0.017592	1.525126
113.511756	171.774076	5.935962	-0.017706	1.526659
114.322244	173.066743	5.940966	-0.017856	1.528159
114.929448	174.361792	5.945971	-0.017968	1.529626
115.573272	175.621233	5.950976	-0.018086	1.531060
116.432725	176.773125	5.955981	-0.018245	1.532417
117.243405	177.909693	5.960986	-0.018394	1.533748
118.040610	178.981950	5.965990	-0.018541	1.535009
118.609972	180.016341	5.970995	-0.018646	1.536189
119.061466	181.063780	5.976000	-0.018729	1.537362
119.533359	182.148177	5.981005	-0.018815	1.538576
120.026408	183.226131	5.986010	-0.018906	1.539786
120.601931	184.276285	5.991014	-0.019012	1.540980
121.242879	185.285997	5.996019	-0.019130	1.542142
121.719574	186.334486	6.001024	-0.019218	1.543316
122.360195	187.339246	6.006029	-0.019336	1.544471
122.978524	188.315969	6.011034	-0.019449	1.545593
123.662131	189.191241	6.016038	-0.019575	1.546619
124.146562	190.170263	6.021043	-0.019664	1.547718
124.724332	191.084113	6.026048	-0.019771	1.548765
125.299783	192.017117	6.031053	-0.019876	1.549831
125.659075	192.951854	6.036058	-0.019942	1.550860
126.355622	193.800296	6.041062	-0.020070	1.551857
126.961303	194.718520	6.046067	-0.020182	1.552911
127.331675	195.611346	6.051072	-0.020250	1.553897
127.849998	196.527076	6.056077	-0.020345	1.554931
128.478905	197.363298	6.061082	-0.020461	1.555901
129.012219	198.204240	6.066086	-0.020559	1.556860
129.253618	199.153349	6.071091	-0.020603	1.557879
129.837947	200.019659	6.076096	-0.020711	1.558871
130.249410	200.950541	6.081101	-0.020786	1.559900
130.790283	201.847742	6.086106	-0.020886	1.560914
131.211688	202.755268	6.091110	-0.020963	1.561919
131.426751	203.744944	6.096115	-0.021003	1.562973
131.801537	204.746246	6.101120	-0.021072	1.564064
132.134216	205.791883	6.106125	-0.021133	1.565194
132.499087	206.812793	6.111130	-0.021200	1.566302
132.925863	207.885054	6.116134	-0.021278	1.567473
133.279219	208.997244	6.121139	-0.021343	1.568672
133.344068	210.205401	6.126144	-0.021355	1.569919
133.835501	211.355952	6.131149	-0.021446	1.571178
134.161816	212.595019	6.136154	-0.021506	1.572499
134.517022	213.855207	6.141158	-0.021572	1.573845
135.054744	215.095715	6.146163	-0.021671	1.575200
135.453158	216.297653	6.151168	-0.021744	1.576492
135.884213	217.581283	6.156173	-0.021824	1.577871
136.207797	218.901276	6.161178	-0.021883	1.579268
136.713209	220.203221	6.166182	-0.021976	1.580676
137.364158	221.430873	6.171187	-0.022096	1.582031
137.726715	222.747844	6.176192	-0.022163	1.583428
138.239257	224.055738	6.181197	-0.022258	1.584839
138.463812	225.372733	6.186202	-0.022299	1.586210
138.911020	226.719918	6.191206	-0.022382	1.587648
139.317808	228.117356	6.196211	-0.022457	1.589128
139.777680	229.500053	6.201216	-0.022542	1.590601
140.346444	230.847079	6.206221	-0.022646	1.592054
140.910498	232.202422	6.211226	-0.022750	1.593514
141.312631	233.599940	6.216230	-0.022825	1.594988
141.824407	234.907329	6.221235	-0.022919	1.596388
142.420328	236.260238	6.226240	-0.023029	1.597846
142.771799	237.646964	6.231245	-0.023094	1.599297
143.492886	238.967910	6.236250	-0.023227	1.600741
143.808240	240.334265	6.241254	-0.023285	1.602163
144.415502	241.700197	6.246259	-0.023397	1.603631
144.854486	243.060758	6.251264	-0.023478	1.605065
145.285645	244.409701	6.256269	-0.023557	1.606484
145.965293	245.758454	6.261274	-0.023683	1.607943
146.429946	247.087156	6.266278	-0.023768	1.609345
147.071326	248.402583	6.271283	-0.023887	1.610761
147.507923	249.730720	6.276288	-0.023967	1.612156
148.111041	251.037080	6.281293	-0.024078	1.613554
148.786529	252.330814	6.286298	-0.024203	1.614951
149.698888	253.454799	6.291302	-0.024371	1.616216
150.523329	254.577545	6.296307	-0.024523	1.617465
151.506739	255.564878	6.301312	-0.024704	1.618604
152.123749	256.558975	6.306317	-0.024817	1.619689
152.741645	257.482491	6.311322	-0.024931	1.620704
153.284610	258.441146	6.316326	-0.025031	1.621741
153.866870	259.389972	6.321331	-0.025138	1.622774
154.310691	260.329598	6.326336	-0.025219	1.623775
154.822977	261.287579	6.331341	-0.025314	1.624804
155.325113	262.203181	6.336346	-0.025406	1.625790
155.853802	263.141635	6.341350	-0.025503	1.626801
156.613262	264.024388	6.346355	-0.025643	1.627794
157.425094	264.813747	6.351360	-0.025792	1.628703
157.740613	265.682630	6.356365	-0.025850	1.629609
158.420108	266.470901	6.361370	-0.025975	1.630494
158.704317	267.314065	6.366374	-0.026027	1.631370
159.084070	268.222087	6.371379	-0.026097	1.632324
159.462762	269.134199	6.376384	-0.026167	1.633281
160.055237	270.012647	6.381389	-0.026275	1.634239
160.487572	270.912891	6.386394	-0.026355	1.635192
160.901606	271.780283	6.391398	-0.026431	1.636109
161.330579	272.724869	6.396403	-0.026510	1.637104
161.798154	273.646117	6.401408	-0.026596	1.638081
162.076002	274.639392	6.406413	-0.026647	1.639098
162.443516	275.667172	6.411418	-0.026714	1.640163
162.836863	276.632112	6.416422	-0.026787	1.641169
163.210355	277.725301	6.421427	-0.026856	1.642298
163.498898	278.812376	6.426432	-0.026909	1.643405
163.849193	279.956832	6.431437	-0.026973	1.644578
164.295563	281.058031	6.436442	-0.027055	1.645724
164.778138	282.184270	6.441446	-0.027144	1.646898
165.291865	283.308240	6.446451	-0.027239	1.648074
165.508050	284.542163	6.451456	-0.027279	1.649310
165.796521	285.742492	6.456461	-0.027332	1.650523
166.145289	287.010534	6.461466	-0.027396	1.651811
166.524159	288.296102	6.466470	-0.027466	1.653119
166.906342	289.640606	6.471475	-0.027536	1.654484
167.229514	290.934723	6.476480	-0.027596	1.655790
167.656852	292.297071	6.481485	-0.027675	1.657177
168.140806	293.675461	6.486490	-0.027764	1.658588
168.563327	295.033156	6.491494	-0.027842	1.659967
168.928748	296.454972	6.496499	-0.027910	1.661399
169.308462	297.875278	6.501504	-0.027980	1.662830
169.795679	299.330057	6.506509	-0.028070	1.664310
170.135784	300.758959	6.511514	-0.028132	1.665740
170.476972	302.259168	6.516518	-0.028195	1.667238
170.767139	303.815326	6.521523	-0.028249	1.668781
171.153031	305.374655	6.526528	-0.028321	1.670340
171.612624	306.926646	6.531533	-0.028405	1.671902
172.108496	308.516442	6.536538	-0.028497	1.673505
172.423746	310.116502	6.541542	-0.028555	1.675087
172.907049	311.703428	6.546547	-0.028645	1.676682
173.138662	313.397261	6.551552	-0.028688	1.678338
173.584958	315.065352	6.556557	-0.028770	1.680002
173.890707	316.793308	6.561562	-0.028827	1.681699
174.515327	318.475479	6.566566	-0.028942	1.683400
174.875702	320.217075	6.571571	-0.029009	1.685115
175.272269	321.938919	6.576576	-0.029082	1.686815
175.698153	323.724013	6.581581	-0.029161	1.688578
176.067277	325.514845	6.586586	-0.029230	1.690336
176.699890	327.268915	6.591590	-0.029347	1.692097
177.133748	329.053189	6.596595	-0.029427	1.693855
177.542435	330.811015	6.601600	-0.029503	1.695582
177.941831	332.638254	6.606605	-0.029577	1.697372
178.489810	334.457859	6.611610	-0.029678	1.699175
178.973855	336.245213	6.616614	-0.029767	1.700936
179.708248	337.993728	6.621619	-0.029903	1.702697
179.991779	339.807002	6.626624	-0.029956	1.704448
180.608781	341.553550	6.631629	-0.030070	1.706185
181.115556	343.338603	6.636634	-0.030164	1.707940
181.712739	345.091558	6.641638	-0.030274	1.709677
182.083806	346.875797	6.646643	-0.030343	1.711406
182.608630	348.657098	6.651648	-0.030440	1.713155
183.061501	350.438117	6.656653	-0.030524	1.714891
183.621237	352.183769	6.661658	-0.030627	1.716608
184.044744	354.003916	6.666662	-0.030705	1.718372
184.653969	355.748067	6.671667	-0.030818	1.720091
185.005572	357.550556	6.676672	-0.030883	1.721825
185.668276	359.328759	6.681677	-0.031006	1.723580
186.222055	361.033028	6.686682	-0.031108	1.725249
186.640922	362.825143	6.691686	-0.031186	1.726978
187.346327	364.555840	6.696691	-0.031316	1.728690
187.741888	366.296418	6.701696	-0.031389	1.730364
188.240526	368.042556	6.706701	-0.031481	1.732056
188.831768	369.794329	6.711706	-0.031591	1.733766
189.201588	371.501402	6.716710	-0.031659	1.735400
190.016430	373.188230	6.721715	-0.031810	1.737080
190.414022	374.927429	6.726720	-0.031883	1.738745
191.197639	376.510652	6.731725	-0.032028	1.740321
191.668030	378.194815	6.736730	-0.032115	1.741942
192.061181	379.875769	6.741734	-0.032188	1.743548
192.812403	381.442581	6.746739	-0.032326	1.745100
193.349611	383.066745	6.751744	-0.032425	1.746671
194.139419	384.603609	6.756749	-0.032571	1.748199
194.795324	386.108683	6.761754	-0.032692	1.749676
195.013810	387.681489	6.766758	-0.032733	1.751149
195.817015	389.204406	6.771763	-0.032881	1.752662
196.199135	390.733430	6.776768	-0.032951	1.754116
196.806973	392.186756	6.781773	-0.033064	1.755534
197.345394	393.690116	6.786778	-0.033163	1.756986
197.533549	395.291045	6.791782	-0.033198	1.758474
198.233037	396.779853	6.796787	-0.033327	1.759934
198.754932	398.290632	6.801792	-0.033423	1.761386
199.348941	399.800974	6.806797	-0.033533	1.762848
199.844712	401.278143	6.811802	-0.033624	1.764263
200.260027	402.770345	6.816806	-0.033701	1.765680
200.753969	404.299709	6.821811	-0.033792	1.767140
201.150390	405.847262	6.826816	-0.033866	1.768602
201.745709	407.317134	6.831821	-0.033976	1.770021
202.134098	408.874172	6.836826	-0.034047	1.771487
202.452659	410.470148	6.841830	-0.034106	1.772978
202.853821	412.088148	6.846835	-0.034180	1.774499
203.204395	413.722626	6.851840	-0.034245	1.776026
203.698029	415.349704	6.856845	-0.034337	1.777566
204.085684	417.023635	6.861850	-0.034408	1.779132
204.456307	418.683653	6.866854	-0.034477	1.780681
205.060679	420.344068	6.871859	-0.034589	1.782262
205.233424	422.100067	6.876864	-0.034621	1.783867
205.658094	423.806136	6.881869	-0.034699	1.785461
206.097040	425.581962	6.886874	-0.034781	1.787118
206.404905	427.407449	6.891878	-0.034838	1.788800
207.167040	429.122116	6.896883	-0.034978	1.790445
207.431602	430.933655	6.901888	-0.035028	1.792105
207.890259	432.748071	6.906893	-0.035112	1.793793
208.446412	434.481132	6.911898	-0.035215	1.795421
208.863897	436.334011	6.916902	-0.035293	1.797135
209.466998	438.124319	6.921907	-0.035404	1.798818
209.865935	439.898359	6.926912	-0.035478	1.800455
210.274313	441.754140	6.931917	-0.035554	1.802165
210.871400	443.567486	6.936922	-0.035664	1.803863
210.998729	445.449437	6.941926	-0.035688	1.805553
211.607139	447.318105	6.946931	-0.035801	1.807298
212.079106	449.198654	6.951936	-0.035888	1.809032
212.586615	451.078807	6.956941	-0.035982	1.810769
213.048150	452.944213	6.961946	-0.036067	1.812486
213.338668	454.873661	6.966950	-0.036121	1.814233
213.979276	456.755002	6.971955	-0.036240	1.815985
214.225301	458.737148	6.976960	-0.036286	1.817769
214.730620	460.666793	6.981965	-0.036379	1.819541
215.130560	462.672264	6.986970	-0.036453	1.821363
215.421287	464.688146	6.991974	-0.036508	1.823178
216.045539	466.640511	6.996979	-0.036623	1.824981
216.406294	468.676631	7.001984	-0.036690	1.826820
216.888931	470.710309	7.006989	-0.036779	1.828671
217.301190	472.766246	7.011994	-0.036856	1.830530
217.766609	474.830919	7.016998	-0.036942	1.832402
218.432542	476.825130	7.022003	-0.037066	1.834239
218.876486	478.851884	7.027008	-0.037148	1.836071
219.373190	480.906393	7.032013	-0.037240	1.837933
219.954018	482.886565	7.037018	-0.037347	1.839740
220.368308	484.941098	7.042022	-0.037424	1.841587
220.915247	486.992929	7.047027	-0.037526	1.843448
221.339834	488.989296	7.052032	-0.037604	1.845242
221.919493	491.029853	7.057037	-0.037712	1.847094
222.488538	493.031628	7.062042	-0.037817	1.848908
222.886971	495.054939	7.067046	-0.037891	1.850717
223.549393	497.064348	7.072051	-0.038014	1.852547
224.027367	499.035584	7.077056	-0.038102	1.854318
224.550513	501.038531	7.082061	-0.038199	1.856120
225.294313	502.989683	7.087066	-0.038337	1.857906
225.771684	504.873844	7.092070	-0.038425	1.859596
226.271878	506.859496	7.097075	-0.038518	1.861375
226.822955	508.775652	7.102080	-0.038620	1.863100
227.239460	510.680830	7.107085	-0.038697	1.864795
227.912531	512.607658	7.112090	-0.038821	1.866542
228.311828	514.552006	7.117094	-0.038895	1.868265
228.836718	516.437286	7.122099	-0.038993	1.869953
229.390974	518.360567	7.127104	-0.039095	1.871676
229.748377	520.293078	7.132109	-0.039161	1.873378
230.341631	522.193533	7.137114	-0.039271	1.875084
230.764770	524.128326	7.142118	-0.039350	1.876794
231.252136	526.076072	7.147123	-0.039440	1.878522
231.932213	527.965715	7.152128	-0.039566	1.880225
232.318496	529.901656	7.157133	-0.039637	1.881927
233.141107	531.727283	7.162138	-0.039789	1.883591
233.525923	533.592041	7.167142	-0.039861	1.885229
234.043481	535.472519	7.172147	-0.039956	1.886896
234.461858	537.372399	7.177152	-0.040034	1.888565
235.076293	539.222237	7.182157	-0.040148	1.890216
235.497048	541.112568	7.187162	-0.040226	1.891875
235.931283	542.980406	7.192166	-0.040306	1.893514
236.412424	544.895173	7.197171	-0.040395	1.895198
236.917807	546.784855	7.202176	-0.040489	1.896863
237.351310	548.687412	7.207181	-0.040569	1.898527
238.025612	550.566133	7.212186	-0.040694	1.900202
238.316808	552.476430	7.217190	-0.040748	1.901851
238.738450	554.426172	7.222195	-0.040826	1.903549
239.268520	556.321966	7.227200	-0.040924	1.905214
239.725907	558.273454	7.232205	-0.041009	1.906915
240.242914	560.215765	7.237210	-0.041105	1.908615
240.683527	562.162783	7.242214	-0.041186	1.910307
241.151312	564.132128	7.247219	-0.041273	1.912020
241.688642	566.041389	7.252224	-0.041372	1.913690
242.023008	568.010338	7.257229	-0.041434	1.915382
242.575948	570.001944	7.262234	-0.041537	1.917120
242.937109	571.983652	7.267238	-0.041604	1.918823
243.680707	573.950545	7.272243	-0.041741	1.920562
244.041886	575.956764	7.277248	-0.041808	1.922283
244.425939	577.909197	7.282253	-0.041880	1.923960
245.022509	579.912131	7.287258	-0.041990	1.925705
245.528260	581.921456	7.292262	-0.042084	1.927442
246.107665	583.862206	7.297267	-0.042191	1.929130
246.624996	585.832534	7.302272	-0.042287	1.930833
246.956253	587.837734	7.307277	-0.042348	1.932539
247.414890	589.761785	7.312282	-0.042433	1.934193
247.733563	591.820477	7.317286	-0.042493	1.935939
248.311969	593.874528	7.322291	-0.042600	1.937714
248.841699	595.876615	7.327296	-0.042698	1.939437
249.125512	597.945049	7.332301	-0.042751	1.941181
249.795526	600.005139	7.337306	-0.042875	1.942967
250.145624	602.014689	7.342310	-0.042940	1.944669
250.471390	604.163512	7.347315	-0.043001	1.946480
251.020860	606.252045	7.352320	-0.043102	1.948269
251.396825	608.378196	7.357325	-0.043172	1.950065
251.870655	610.549899	7.362330	-0.043260	1.951909
252.245649	612.659043	7.367334	-0.043330	1.953688
252.633494	614.866283	7.372339	-0.043402	1.955547
253.230391	617.048531	7.377344	-0.043513	1.957410
253.605244	619.219446	7.382349	-0.043582	1.959234
254.063454	621.467568	7.387354	-0.043667	1.961130
254.374677	623.702966	7.392358	-0.043725	1.962995
254.743352	625.983885	7.397363	-0.043794	1.964902
255.366557	628.278150	7.402368	-0.043910	1.966851
255.756855	630.518199	7.407373	-0.043982	1.968724
256.307173	632.836601	7.412378	-0.044084	1.970679
256.599797	635.144978	7.417382	-0.044139	1.972592
256.894018	637.502925	7.422387	-0.044194	1.974543
257.328946	639.922895	7.427392	-0.044275	1.976561
257.629487	642.316947	7.432397	-0.044331	1.978538
258.036369	644.822775	7.437402	-0.044407	1.980617
258.572700	647.250068	7.442406	-0.044506	1.982647
258.787955	649.769925	7.447411	-0.044547	1.984709
259.138177	652.361171	7.452416	-0.044612	1.986843
259.352537	654.979618	7.457421	-0.044653	1.988980
259.779268	657.667200	7.462426	-0.044732	1.991197
260.151218	660.318213	7.467430	-0.044802	1.993375
260.648405	663.020908	7.472435	-0.044894	1.995608
261.033239	665.753476	7.477440	-0.044966	1.997848
261.316871	668.519077	7.482445	-0.045020	2.000099
261.796857	671.307493	7.487450	-0.045109	2.002391
262.124122	674.109146	7.492454	-0.045170	2.004672
262.542632	676.978408	7.497459	-0.045249	2.007015
262.991904	679.854235	7.502464	-0.045333	2.009364
263.626126	682.676046	7.507469	-0.045450	2.011691
263.986933	685.536775	7.512474	-0.045518	2.014012
264.276694	688.473536	7.517478	-0.045573	2.016382
264.625762	691.388188	7.522483	-0.045638	2.018739
265.159891	694.377501	7.527488	-0.045738	2.021175
265.643442	697.302665	7.532493	-0.045828	2.023551
266.114994	700.302341	7.537498	-0.045916	2.025981
266.446480	703.268605	7.542502	-0.045978	2.028366
266.785975	706.361480	7.547507	-0.046042	2.030848
267.389690	709.357444	7.552512	-0.046154	2.033283
267.667372	712.443735	7.557517	-0.046207	2.035746
268.034682	715.556438	7.562522	-0.046276	2.038238
268.632767	718.664709	7.567526	-0.046387	2.040752
269.122499	721.753802	7.572531	-0.046479	2.043234
269.602238	724.897370	7.577536	-0.046568	2.045755
269.847285	728.045199	7.582541	-0.046615	2.048247
270.377092	731.247849	7.587546	-0.046714	2.050814
270.905396	734.374087	7.592550	-0.046812	2.053317
271.367064	737.557771	7.597555	-0.046898	2.055854
272.014723	740.685005	7.602560	-0.047019	2.058366
272.397074	743.868868	7.607565	-0.047091	2.060888
272.804346	747.044902	7.612570	-0.047167	2.063403
273.201075	750.303853	7.617574	-0.047242	2.065978
273.814833	753.480055	7.622579	-0.047356	2.068512
274.307142	756.707940	7.627584	-0.047448	2.071068
274.730036	759.870140	7.632589	-0.047527	2.073561
275.024806	763.166268	7.637594	-0.047583	2.076141
275.385495	766.483487	7.642598	-0.047651	2.078740
275.846852	769.813782	7.647603	-0.047737	2.081359
276.192383	773.178443	7.652608	-0.047802	2.083987
276.650096	776.564964	7.657613	-0.047888	2.086641
277.148802	779.967024	7.662618	-0.047981	2.089309
277.648868	783.374209	7.667622	-0.048075	2.091977
277.964446	786.820678	7.672627	-0.048134	2.094651
278.459227	790.291249	7.677632	-0.048227	2.097360
278.939801	793.728112	7.682637	-0.048317	2.100038
279.528774	797.141400	7.687642	-0.048427	2.102708
279.787762	800.646398	7.692646	-0.048476	2.105406
280.213330	804.135459	7.697651	-0.048556	2.108107
280.710725	807.682647	7.702656	-0.048649	2.110857
281.275714	811.108020	7.707661	-0.048755	2.113519
281.699546	814.683010	7.712666	-0.048835	2.116275
282.171166	818.202504	7.717670	-0.048923	2.118990
282.640573	821.740862	7.722675	-0.049011	2.121716
283.146293	825.315094	7.727680	-0.049106	2.124470
283.619504	828.841205	7.732685	-0.049194	2.127180
283.972389	832.475457	7.737690	-0.049261	2.129954
284.491745	836.020652	7.742694	-0.049358	2.132677
285.099618	839.614651	7.747699	-0.049472	2.135442
285.479203	843.210415	7.752704	-0.049543	2.138180
285.843754	846.825912	7.757709	-0.049612	2.140927
286.287336	850.477112	7.762714	-0.049695	2.143706
286.803331	854.155154	7.767718	-0.049792	2.146510
287.249297	857.835940	7.772723	-0.049876	2.149304
287.727855	861.496425	7.777728	-0.049966	2.152082
288.148925	865.192501	7.782733	-0.050045	2.154878
288.490676	868.948970	7.787738	-0.050110	2.157705
289.002382	872.715936	7.792742	-0.050206	2.160556
289.574979	876.391624	7.797747	-0.050313	2.163342
289.887356	880.216206	7.802752	-0.050372	2.166205
290.243621	884.053973	7.807757	-0.050439	2.169080
290.713209	887.905604	7.812762	-0.050528	2.171973
291.235378	891.731138	7.817766	-0.050625	2.174849
291.688659	895.551426	7.822771	-0.050711	2.177709
291.980680	899.499641	7.827776	-0.050766	2.180642
292.311764	903.402742	7.832781	-0.050829	2.183542
292.832887	907.388274	7.837786	-0.050927	2.186520
293.192479	911.414429	7.842790	-0.050995	2.189505
293.743883	915.329757	7.847795	-0.051098	2.192426
293.946098	919.434832	7.852800	-0.051138	2.195444
294.593596	923.450349	7.857805	-0.051259	2.198441
294.841684	927.568839	7.862810	-0.051306	2.201465
295.206441	931.735682	7.867814	-0.051375	2.204533
295.733151	935.847577	7.872819	-0.051474	2.207574
296.129746	940.072614	7.877824	-0.051549	2.210678
296.588245	944.204335	7.882829	-0.051636	2.213718
297.074877	948.400837	7.887834	-0.051728	2.216803
297.612919	952.610027	7.892838	-0.051829	2.219898
297.986123	956.814419	7.897843	-0.051899	2.222968
298.215942	961.161908	7.902848	-0.051944	2.226121
298.871680	965.428878	7.907853	-0.052067	2.229257
299.313100	969.678989	7.912858	-0.052150	2.232354
299.710541	974.022974	7.917862	-0.052225	2.235509
300.149607	978.346363	7.922867	-0.052308	2.238649
300.616276	982.712134	7.927872	-0.052396	2.241818
300.915503	987.142478	7.932877	-0.052453	2.245011
301.567788	991.516192	7.937882	-0.052576	2.248196
301.906319	995.967658	7.942886	-0.052640	2.251399
302.489970	1000.383320	7.947891	-0.052750	2.254598
303.072416	1004.758111	7.952896	-0.052859	2.257763
303.585069	1009.128598	7.957901	-0.052956	2.260912
304.032826	1013.554885	7.962906	-0.053040	2.264091
304.667396	1017.905722	7.967910	-0.053159	2.267230
305.261707	1022.250821	7.972915	-0.053271	2.270358
305.642847	1026.628337	7.977920	-0.053343	2.273481
306.241692	1030.979192	7.982925	-0.053456	2.276604
306.686084	1035.376239	7.987930	-0.053540	2.279739
307.199431	1039.737796	7.992934	-0.053636	2.282852
307.795734	1044.103389	7.997939	-0.053748	2.285972
308.247269	1048.509754	8.002944	-0.053833	2.289102
308.836584	1052.785270	8.007949	-0.053944	2.292149
309.379473	1057.150255	8.012954	-0.054046	2.295250
309.948189	1061.476564	8.017958	-0.054153	2.298323
310.484142	1065.781343	8.022963	-0.054254	2.301373
311.100830	1070.089471	8.027968	-0.054369	2.304430
311.668174	1074.325009	8.032973	-0.054476	2.307427
312.178164	1078.610672	8.037978	-0.054572	2.310449
312.616618	1082.897661	8.042982	-0.054655	2.313461
313.255096	1087.140283	8.047987	-0.054774	2.316458
313.730506	1091.424113	8.052992	-0.054864	2.319464
314.291541	1095.616745	8.057997	-0.054969	2.322411
315.000775	1099.853709	8.063002	-0.055102	2.325399
315.222425	1104.145356	8.068006	-0.055145	2.328373
315.913248	1108.346546	8.073011	-0.055274	2.331328
316.296948	1112.630396	8.078016	-0.055347	2.334305
316.836830	1116.821316	8.083021	-0.055448	2.337229
317.341440	1121.107696	8.088026	-0.055543	2.340212
317.869710	1125.339171	8.093030	-0.055642	2.343156
318.572713	1129.511532	8.098035	-0.055774	2.346073
319.091249	1133.747156	8.103040	-0.055871	2.349012
319.562076	1137.882753	8.108045	-0.055960	2.351873
320.134249	1142.086098	8.113050	-0.056067	2.354788
320.637921	1146.241954	8.118054	-0.056162	2.357659
321.162876	1150.422780	8.123059	-0.056261	2.360546
321.771708	1154.564782	8.128064	-0.056375	2.363412
322.242379	1158.721761	8.133069	-0.056464	2.366270
322.694239	1162.918298	8.138074	-0.056549	2.369150
323.152022	1167.050298	8.143078	-0.056635	2.371983
323.826021	1171.216555	8.148083	-0.056761	2.374857
324.240379	1175.376447	8.153088	-0.056840	2.377698
324.755715	1179.521855	8.158093	-0.056936	2.380536
325.262264	1183.688063	8.163098	-0.057032	2.383383
325.734979	1187.858460	8.168102	-0.057121	2.386227
326.294690	1192.021300	8.173107	-0.057226	2.389070
326.740409	1196.179946	8.178112	-0.057310	2.391896
327.270855	1200.358173	8.183117	-0.057410	2.394740
327.805059	1204.544522	8.188122	-0.057510	2.397586
328.269326	1208.692868	8.193126	-0.057597	2.400397
328.803067	1212.875467	8.198131	-0.057698	2.403233
329.274453	1217.047210	8.203136	-0.057786	2.406054
329.678229	1221.285592	8.208141	-0.057863	2.408908
330.301364	1225.479049	8.213146	-0.057980	2.411751
330.852475	1229.662488	8.218150	-0.058083	2.414576
331.484001	1233.760321	8.223155	-0.058201	2.417349
331.882803	1237.923341	8.228160	-0.058277	2.420140
332.408474	1242.059078	8.233165	-0.058376	2.422922
332.857285	1246.219424	8.238170	-0.058460	2.425709
333.333957	1250.431221	8.243174	-0.058550	2.428529
333.997112	1254.489715	8.248179	-0.058674	2.431263
334.547843	1258.631166	8.253184	-0.058777	2.434038
335.013370	1262.730404	8.258189	-0.058865	2.436774
335.579566	1266.864655	8.263194	-0.058971	2.439539
336.177528	1270.920887	8.268198	-0.059083	2.442252
336.472916	1275.083565	8.273203	-0.059140	2.445005
337.072807	1279.244997	8.278208	-0.059252	2.447781
337.614493	1283.301218	8.283213	-0.059354	2.450480
338.169714	1287.386509	8.288218	-0.059458	2.453196
338.599760	1291.484113	8.293222	-0.059539	2.455906
339.300164	1295.583038	8.298227	-0.059670	2.458638
339.726891	1299.601399	8.303232	-0.059751	2.461290
340.260018	1303.688828	8.308237	-0.059851	2.463994
340.744868	1307.805771	8.313242	-0.059942	2.466709
341.203664	1311.883843	8.318246	-0.060028	2.469394
341.745645	1315.909453	8.323251	-0.060130	2.472049
342.252909	1320.023658	8.328256	-0.060225	2.474755
342.815485	1324.103576	8.333261	-0.060331	2.477442
343.453201	1328.106885	8.338266	-0.060450	2.480082
343.893730	1332.153712	8.343270	-0.060533	2.482730
344.418378	1336.182779	8.348275	-0.060632	2.485372
345.068356	1340.223267	8.353280	-0.060753	2.488029
345.442962	1344.175578	8.358285	-0.060824	2.490602
346.081542	1348.196622	8.363290	-0.060944	2.493240
346.526762	1352.190463	8.368294	-0.061028	2.495840
347.049902	1356.196984	8.373299	-0.061126	2.498453
347.523775	1360.176176	8.378304	-0.061215	2.501041
347.813528	1364.247893	8.383309	-0.061270	2.503669
348.452224	1368.295852	8.388314	-0.061390	2.506310
348.800068	1372.370956	8.393318	-0.061456	2.508939
349.388313	1376.397097	8.398323	-0.061566	2.511556
349.984484	1380.450569	8.403328	-0.061678	2.514189
350.450762	1384.465384	8.408333	-0.061765	2.516782
351.019487	1388.499258	8.413338	-0.061872	2.519394
351.544781	1392.518179	8.418342	-0.061971	2.521990
352.171648	1396.504380	8.423347	-0.062088	2.524571
352.654175	1400.485290	8.428352	-0.062179	2.527134
353.089969	1404.471193	8.433357	-0.062261	2.529693
353.697027	1408.449636	8.438362	-0.062374	2.532259
354.095894	1412.401021	8.443366	-0.062450	2.534788
354.431050	1416.492109	8.448371	-0.062513	2.537396
355.034735	1420.488121	8.453376	-0.062626	2.539966
355.394649	1424.565014	8.458381	-0.062695	2.542562
356.008662	1428.598152	8.463386	-0.062810	2.545151
356.646590	1432.653425	8.468390	-0.062929	2.547752
357.269599	1436.510706	8.473395	-0.063046	2.550226
357.660889	1440.529978	8.478400	-0.063120	2.552778
358.238291	1444.462629	8.483405	-0.063228	2.555290
358.848171	1448.437049	8.488410	-0.063342	2.557828
359.428655	1452.307422	8.493414	-0.063451	2.560296
359.933424	1456.244662	8.498419	-0.063545	2.562796
360.867303	1460.038482	8.503424	-0.063719	2.565242
361.179423	1463.897839	8.508429	-0.063778	2.567673
361.811822	1467.758352	8.513434	-0.063897	2.570129
362.340512	1471.552593	8.518438	-0.063996	2.572533
363.143487	1475.205058	8.523443	-0.064145	2.574870
363.712065	1478.893962	8.528448	-0.064252	2.577208
364.525006	1482.432757	8.533453	-0.064403	2.579471
365.124245	1485.952475	8.538458	-0.064515	2.581702
365.644697	1489.472560	8.543462	-0.064612	2.583925
366.273530	1492.966342	8.548467	-0.064730	2.586139
366.863668	1496.416767	8.553472	-0.064840	2.588320
367.482599	1499.768942	8.558477	-0.064955	2.590442
368.156188	1503.158833	8.563482	-0.065081	2.592590
368.796713	1506.441198	8.568487	-0.065200	2.594666
369.550172	1509.690658	8.573491	-0.065340	2.596731
370.200538	1512.864328	8.578496	-0.065461	2.598738
370.867683	1515.967213	8.583501	-0.065586	2.600701
371.632723	1519.043506	8.588506	-0.065728	2.602655
372.417546	1521.941305	8.593511	-0.065873	2.604500
373.056336	1524.855864	8.598515	-0.065992	2.606341
373.858250	1527.699238	8.603520	-0.066141	2.608151
374.347778	1530.422339	8.608525	-0.066232	2.609860
375.264861	1533.125678	8.613530	-0.066402	2.611591
375.825152	1535.744473	8.618535	-0.066506	2.613239
376.650956	1538.252616	8.623539	-0.066659	2.614841
377.385512	1540.742648	8.628544	-0.066795	2.616424
377.945962	1543.175625	8.633549	-0.066899	2.617956
378.600264	1545.468462	8.638554	-0.067021	2.619409
379.224931	1547.820714	8.643559	-0.067137	2.620895
379.930709	1550.100413	8.648563	-0.067267	2.622343
380.354319	1552.363609	8.653568	-0.067346	2.623757
380.912148	1554.610686	8.658573	-0.067449	2.625171
381.423104	1556.879525	8.663578	-0.067544	2.626593
381.962114	1559.116366	8.668583	-0.067644	2.627998
382.417678	1561.315449	8.673587	-0.067729	2.629372
383.050534	1563.532632	8.678592	-0.067846	2.630771
383.419168	1565.802511	8.683597	-0.067915	2.632180
383.940967	1567.986341	8.688602	-0.068012	2.633548
384.391288	1570.244878	8.693607	-0.068095	2.634955
384.762180	1572.542724	8.698611	-0.068164	2.636378
385.356059	1574.839851	8.703616	-0.068274	2.637818
385.755428	1577.046001	8.708621	-0.068349	2.639187
386.241328	1579.345634	8.713626	-0.068439	2.640618
386.744420	1581.666217	8.718631	-0.068532	2.642063
387.086579	1583.971120	8.723635	-0.068596	2.643484
387.525209	1586.321935	8.728640	-0.068678	2.644940
387.879229	1588.746788	8.733645	-0.068744	2.646433
388.322864	1591.179630	8.738650	-0.068826	2.647938
388.815171	1593.576066	8.743655	-0.068918	2.649423
389.072740	1596.038150	8.748659	-0.068966	2.650928
389.479806	1598.611128	8.753664	-0.069042	2.652511
389.750702	1601.138172	8.758669	-0.069093	2.654055
390.202061	1603.781537	8.763674	-0.069177	2.655682
390.541061	1606.482201	8.768679	-0.069240	2.657334
391.009106	1609.110138	8.773683	-0.069327	2.658951
391.543343	1611.794301	8.778688	-0.069427	2.660606
391.559823	1614.617326	8.783693	-0.069431	2.662302
392.011586	1617.407204	8.788698	-0.069515	2.664012
392.342827	1620.338044	8.793703	-0.069577	2.665796
392.726674	1623.280548	8.798707	-0.069649	2.667589
393.212012	1626.146328	8.803712	-0.069740	2.669344
393.531137	1629.162648	8.808717	-0.069800	2.671174
394.211331	1632.148469	8.813722	-0.069926	2.673013
394.578696	1635.100975	8.818727	-0.069995	2.674807
395.004999	1638.109379	8.823731	-0.070075	2.676637
395.384211	1641.126225	8.828736	-0.070146	2.678467
395.822324	1644.179252	8.833741	-0.070228	2.680322
396.273874	1647.303977	8.838746	-0.070312	2.682219
396.571129	1650.408066	8.843751	-0.070368	2.684091
397.160619	1653.542608	8.848755	-0.070478	2.686003
397.633774	1656.690818	8.853760	-0.070567	2.687912
397.981612	1659.839142	8.858765	-0.070632	2.689810
398.433410	1663.050096	8.863770	-0.070716	2.691752
398.770826	1666.269216	8.868775	-0.070780	2.693688
399.385086	1669.468139	8.873779	-0.070894	2.695633
399.685042	1672.772966	8.878784	-0.070951	2.697614
400.084160	1676.022807	8.883789	-0.071026	2.699569
400.771331	1679.309708	8.888794	-0.071154	2.701567
401.108822	1682.597001	8.893799	-0.071217	2.703536
401.503915	1685.913498	8.898803	-0.071292	2.705526
401.984428	1689.263538	8.903808	-0.071382	2.707540
402.491587	1692.545408	8.908813	-0.071476	2.709515
403.061494	1695.898852	8.913818	-0.071583	2.711536
403.578936	1699.178618	8.918823	-0.071679	2.713508
403.979996	1702.507597	8.923827	-0.071755	2.715498
404.460899	1705.903975	8.928832	-0.071845	2.717532
404.806076	1709.256634	8.933837	-0.071910	2.719528
405.329739	1712.693056	8.938842	-0.072008	2.721586
405.964072	1716.003686	8.943847	-0.072126	2.723578
406.388157	1719.396296	8.948851	-0.072206	2.725599
407.043388	1722.772782	8.953856	-0.072328	2.727627
407.511290	1726.101931	8.958861	-0.072415	2.729612
408.082433	1729.420553	8.963866	-0.072522	2.731597
408.432522	1732.732349	8.968871	-0.072588	2.733560
408.995804	1736.094487	8.973875	-0.072693	2.735566
409.618354	1739.367429	8.978880	-0.072809	2.737524
409.999555	1742.651013	8.983885	-0.072881	2.739468
410.496600	1745.998967	8.988890	-0.072974	2.741457
410.885381	1749.325607	8.993895	-0.073047	2.743424
411.333270	1752.748934	8.998899	-0.073131	2.745450
412.020116	1756.052806	9.003904	-0.073259	2.747424
412.386394	1759.355005	9.008909	-0.073327	2.749370
413.029450	1762.707278	9.013914	-0.073447	2.751366
413.397521	1766.026551	9.018919	-0.073517	2.753319
413.807406	1769.442977	9.023923	-0.073593	2.755331
414.277732	1772.820138	9.028928	-0.073682	2.757323
414.582435	1776.234443	9.033933	-0.073739	2.759323
415.270345	1779.677898	9.038938	-0.073867	2.761367
415.669951	1783.073112	9.043943	-0.073942	2.763360
416.135186	1786.541237	9.048947	-0.074030	2.765398
416.727832	1789.964043	9.053952	-0.074140	2.767418
417.185994	1793.343674	9.058957	-0.074226	2.769402
417.523530	1796.848823	9.063962	-0.074290	2.771448
418.063139	1800.276662	9.068967	-0.074391	2.773462
418.507757	1803.785680	9.073971	-0.074474	2.775515
419.100311	1807.219524	9.078976	-0.074585	2.777534
419.462044	1810.689807	9.083981	-0.074653	2.779555
420.015502	1814.207412	9.088986	-0.074756	2.781616
420.585429	1817.651611	9.093991	-0.074863	2.783635
420.970124	1821.143715	9.098995	-0.074935	2.785666
421.563759	1824.593932	9.104000	-0.075046	2.787687
421.972644	1828.045644	9.109005	-0.075123	2.789693
422.514896	1831.571639	9.114010	-0.075224	2.791751
422.959804	1835.014097	9.119015	-0.075308	2.793751
423.507162	1838.534432	9.124019	-0.075410	2.795803
424.126082	1841.941564	9.129024	-0.075526	2.797793
424.618553	1845.384029	9.134029	-0.075618	2.799793
425.264256	1848.796140	9.139034	-0.075738	2.801786
425.614473	1852.228132	9.144039	-0.075804	2.803767
426.290315	1855.617344	9.149043	-0.075930	2.805745
426.876579	1858.958619	9.154048	-0.076040	2.807689
427.247145	1862.320793	9.159053	-0.076109	2.809627
428.053350	1865.639179	9.164058	-0.076259	2.811571
428.435618	1868.905671	9.169063	-0.076331	2.813453
428.957345	1872.231371	9.174067	-0.076428	2.815377
429.599347	1875.508198	9.179072	-0.076548	2.817281
430.185298	1878.714100	9.184077	-0.076657	2.819140
430.902899	1881.919135	9.189082	-0.076791	2.821006
431.525751	1884.988464	9.194087	-0.076907	2.822787
432.097359	1888.072513	9.199091	-0.077013	2.824572
432.519821	1891.192678	9.204096	-0.077092	2.826365
433.104303	1894.194049	9.209101	-0.077201	2.828102
433.784513	1897.242129	9.214106	-0.077328	2.829871
434.364086	1900.261393	9.219111	-0.077436	2.831615
434.700653	1903.221192	9.224115	-0.077499	2.833308
435.453957	1906.209379	9.229120	-0.077639	2.835045
435.822271	1909.185513	9.234125	-0.077708	2.836746
436.527353	1912.068861	9.239130	-0.077839	2.838419
437.059714	1914.997212	9.244135	-0.077938	2.840103
437.626410	1917.899127	9.249139	-0.078044	2.841774
438.057487	1920.771779	9.254144	-0.078124	2.843418
438.386502	1923.717617	9.259149	-0.078186	2.845094
438.981700	1926.640247	9.264154	-0.078297	2.846776
439.434960	1929.537676	9.269159	-0.078381	2.848432
439.872593	1932.495172	9.274163	-0.078463	2.850120
440.482125	1935.438215	9.279168	-0.078577	2.851810
440.819532	1938.325645	9.284173	-0.078640	2.853450
441.190822	1941.388081	9.289178	-0.078710	2.855188
441.662397	1944.392781	9.294183	-0.078798	2.856901
442.006632	1947.430087	9.299187	-0.078862	2.858621
442.648642	1950.526054	9.304192	-0.078982	2.860395
443.122061	1953.503824	9.309197	-0.079070	2.862089
443.534968	1956.592518	9.314202	-0.079147	2.863840
443.808797	1959.723233	9.319207	-0.079199	2.865603
444.246325	1962.806596	9.324211	-0.079281	2.867350
444.624817	1966.032976	9.329216	-0.079352	2.869172
445.124177	1969.259115	9.334221	-0.079445	2.871001
445.610348	1972.433453	9.339226	-0.079536	2.872799
446.104319	1975.670753	9.344231	-0.079629	2.874631
446.337429	1978.946550	9.349235	-0.079673	2.876465
446.831921	1982.260749	9.354240	-0.079765	2.878338
447.257391	1985.584235	9.359245	-0.079845	2.880210
447.763703	1988.910495	9.364250	-0.079940	2.882087
448.179566	1992.284287	9.369255	-0.080018	2.883984
448.517782	1995.724934	9.374259	-0.080082	2.885910
449.087028	1999.115151	9.379264	-0.080188	2.887824
449.376670	2002.564402	9.384269	-0.080243	2.889749
449.745431	2006.076219	9.389274	-0.080312	2.891713
450.349696	2009.545636	9.394279	-0.080425	2.893669
450.760314	2013.083210	9.399283	-0.080502	2.895647
451.199207	2016.519415	9.404288	-0.080585	2.897570
451.626294	2020.095060	9.409293	-0.080665	2.899568
451.949972	2023.706102	9.414298	-0.080726	2.901577
452.672040	2027.255049	9.419303	-0.080861	2.903577
453.028506	2030.850681	9.424307	-0.080928	2.905577
453.675581	2034.345958	9.429312	-0.081049	2.907540
453.990207	2037.933135	9.434317	-0.081108	2.909529
454.412736	2041.554360	9.439322	-0.081188	2.911543
455.040129	2045.132658	9.444327	-0.081305	2.913546
455.317612	2048.805727	9.449331	-0.081357	2.915576
455.899139	2052.398403	9.454336	-0.081466	2.917581
456.339906	2056.051794	9.459341	-0.081549	2.919608
456.806438	2059.690901	9.464346	-0.081637	2.921628
457.252641	2063.394090	9.469351	-0.081720	2.923680
457.643907	2067.130296	9.474355	-0.081794	2.925744
458.302201	2070.754690	9.479360	-0.081917	2.927764
458.887062	2074.407494	9.484365	-0.082026	2.929794
459.444774	2078.002092	9.489370	-0.082131	2.931788
460.047143	2081.587415	9.494375	-0.082243	2.933779
460.309663	2085.230676	9.499379	-0.082293	2.935777
461.073262	2088.778160	9.504384	-0.082435	2.937755
461.709124	2092.306072	9.509389	-0.082554	2.939713
462.385488	2095.727280	9.514394	-0.082680	2.941614
462.985344	2099.178178	9.519399	-0.082792	2.943525
463.347819	2102.633137	9.524403	-0.082860	2.945421
464.108270	2105.934527	9.529408	-0.083002	2.947260
464.925154	2109.213861	9.534413	-0.083154	2.949089
465.624875	2112.427290	9.539418	-0.083284	2.950873
466.375284	2115.507125	9.544423	-0.083423	2.952587
467.041335	2118.485984	9.549427	-0.083547	2.954240
467.909516	2121.416280	9.554432	-0.083708	2.955880
468.520391	2124.160697	9.559437	-0.083822	2.957401
469.195590	2126.965315	9.564442	-0.083947	2.958958
470.034968	2129.662684	9.569447	-0.084103	2.960467
471.021000	2132.079776	9.574451	-0.084285	2.961834
471.576266	2134.533125	9.579456	-0.084389	2.963191
472.308033	2136.899272	9.584461	-0.084524	2.964513
472.795199	2139.237425	9.589466	-0.084615	2.965803
473.535584	2141.414911	9.594471	-0.084752	2.967022
474.014828	2143.657407	9.599475	-0.084841	2.968259
474.743572	2145.846467	9.604480	-0.084976	2.969482
475.523577	2147.934305	9.609485	-0.085120	2.970655
475.935415	2149.896611	9.614490	-0.085196	2.971735
476.525210	2151.979862	9.619495	-0.085305	2.972891
477.030796	2154.031825	9.624499	-0.085399	2.974025
477.572205	2156.048803	9.629504	-0.085499	2.975142
478.092504	2158.029579	9.634509	-0.085596	2.976237
478.561832	2160.000487	9.639514	-0.085683	2.977324
479.054551	2162.036365	9.644519	-0.085774	2.978446
479.657562	2163.993097	9.649523	-0.085886	2.979533
480.020727	2166.036539	9.654528	-0.085953	2.980650
480.546111	2168.017195	9.659533	-0.086050	2.981743
480.844652	2170.032780	9.664538	-0.086106	2.982841
481.269907	2172.190811	9.669543	-0.086185	2.984022
481.482604	2174.373364	9.674547	-0.086225	2.985201
481.908738	2176.515567	9.679552	-0.086304	2.986373
482.440687	2178.734666	9.684557	-0.086403	2.987592
482.945716	2180.935210	9.689562	-0.086496	2.988799
483.308640	2183.261743	9.694567	-0.086564	2.990064
483.706223	2185.441617	9.699571	-0.086638	2.991252
484.112535	2187.594401	9.704576	-0.086713	2.992425

484.533995	2189.643679	9.709581	-0.086791	2.993544
484.900235	2191.478297	9.714586	-0.086859	2.994545
485.281501	2193.235504	9.719591	-0.086930	2.995505
485.659117	2194.672282	9.724595	-0.087000	2.996294
486.117365	2196.156003	9.729600	-0.087084	2.997112
486.364433	2197.433414	9.734605	-0.087130	2.997808
486.495826	2198.650643	9.739610	-0.087154	2.998463
487.084615	2199.716273	9.744615	-0.087263	2.999068
487.292446	2200.619363	9.749619	-0.087301	2.999561
487.653047	2201.495247	9.754624	-0.087367	3.000050
487.926920	2202.206760	9.759629	-0.087417	3.000445
488.347639	2202.725460	9.764634	-0.087494	3.000748
488.631793	2203.012265	9.769639	-0.087546	3.000918
488.679859	2203.579257	9.774643	-0.087554	3.001222
489.029448	2203.681291	9.779648	-0.087618	3.001299
489.198319	2204.080306	9.784653	-0.087649	3.001521
489.312505	2204.085171	9.789658	-0.087669	3.001531
489.764339	2204.047280	9.794663	-0.087751	3.001540
489.902879	2204.010400	9.799667	-0.087776	3.001529
490.006446	2204.000099	9.804672	-0.087794	3.001530
490.278012	2203.917684	9.809677	-0.087843	3.001503
490.354452	2203.389996	9.814682	-0.087856	3.001228
490.679914	2203.254615	9.819687	-0.087915	3.001176
490.660689	2202.751521	9.824691	-0.087911	3.000908
490.937810	2202.455732	9.829696	-0.087961	3.000768
491.088756	2201.984328	9.834701	-0.087988	3.000527
491.237790	2201.321676	9.839706	-0.088014	3.000184
491.308024	2200.744440	9.844711	-0.088026	2.999882
491.481290	2200.059008	9.849715	-0.088056	2.999528
491.674588	2199.341266	9.854720	-0.088091	2.999159
491.875455	2198.461209	9.859725	-0.088126	2.998704
491.821456	2197.669197	9.864730	-0.088115	2.998279
492.080363	2196.821657	9.869735	-0.088162	2.997845
492.120904	2195.837611	9.874739	-0.088168	2.997324
492.284957	2194.869230	9.879744	-0.088196	2.996819
492.300145	2193.909718	9.884749	-0.088198	2.996309
492.345967	2192.959548	9.889754	-0.088205	2.995806
492.366539	2191.931083	9.894759	-0.088207	2.995260
492.531445	2190.887002	9.899763	-0.088236	2.994714
492.647456	2189.755832	9.904768	-0.088256	2.994119
492.694169	2188.645037	9.909773	-0.088263	2.993530
492.816730	2187.415047	9.914778	-0.088284	2.992883
492.975200	2186.214925	9.919783	-0.088312	2.992253
493.088337	2184.894619	9.924787	-0.088331	2.991557
493.049940	2183.707861	9.929792	-0.088322	2.990922
493.077927	2182.441834	9.934797	-0.088326	2.990248
493.283905	2181.034394	9.939802	-0.088362	2.989511
493.291221	2179.712951	9.944807	-0.088362	2.988806
493.247777	2178.322530	9.949811	-0.088352	2.988061
493.365430	2176.923927	9.954816	-0.088372	2.987322
493.363361	2175.560734	9.959821	-0.088370	2.986594
493.400621	2174.189567	9.964826	-0.088375	2.985864
493.350417	2172.852788	9.969831	-0.088364	2.985147
493.381058	2171.451534	9.974835	-0.088368	2.984400
493.338363	2170.029202	9.979840	-0.088359	2.983637
493.400218	2168.667481	9.984845	-0.088368	2.982913
493.413490	2167.220341	9.989850	-0.088369	2.982140
493.377044	2165.828105	9.994855	-0.088361	2.981393
493.516525	2164.472503	9.999859	-0.088385	2.980677
493.509225	2162.971775	10.004864	-0.088382	2.979873
493.450686	2161.596139	10.009869	-0.088369	2.979133
493.605877	2160.068155	10.014874	-0.088396	2.978325
493.551155	2158.661871	10.019879	-0.088384	2.977568
493.693013	2157.114732	10.024883	-0.088409	2.976749
493.645555	2155.661690	10.029888	-0.088398	2.975967
493.526884	2154.260865	10.034893	-0.088375	2.975208
493.500900	2152.741890	10.039898	-0.088368	2.974392
493.411765	2151.376057	10.044903	-0.088350	2.973654
493.553038	2149.918889	10.049907	-0.088374	2.972881
493.404161	2148.462727	10.054912	-0.088345	2.972090
493.466740	2147.106139	10.059917	-0.088355	2.971366
493.472977	2145.700942	10.064922	-0.088354	2.970612
493.531369	2144.300174	10.069927	-0.088363	2.969864
493.705893	2142.727372	10.074931	-0.088394	2.969031
493.424566	2141.341122	10.079936	-0.088340	2.968267
493.521355	2139.867011	10.084941	-0.088356	2.967482
493.538814	2138.448913	10.089946	-0.088358	2.966720
493.658300	2136.982061	10.094951	-0.088378	2.965940
493.598086	2135.556236	10.099955	-0.088365	2.965169
493.537435	2134.044933	10.104960	-0.088352	2.964352
493.493840	2132.667168	10.109965	-0.088343	2.963607
493.496625	2131.160480	10.114970	-0.088341	2.962797
493.560482	2129.771975	10.119975	-0.088351	2.962053
493.411846	2128.307890	10.124979	-0.088322	2.961255
493.501062	2126.967420	10.129984	-0.088337	2.960539
493.541028	2125.446127	10.134989	-0.088343	2.959722
493.542793	2124.032506	10.139994	-0.088341	2.958960
493.458933	2122.598510	10.144999	-0.088324	2.958181
493.499068	2121.178588	10.150003	-0.088330	2.957418
493.619859	2119.657622	10.155008	-0.088350	2.956606
493.606325	2118.345769	10.160013	-0.088346	2.955897
493.587954	2116.786009	10.165018	-0.088341	2.955054
493.656101	2115.353133	10.170023	-0.088352	2.954285
493.533237	2113.865519	10.175027	-0.088328	2.953474
493.292585	2112.509640	10.180032	-0.088282	2.952726
493.207482	2111.141879	10.185037	-0.088264	2.951981
493.191600	2109.849725	10.190042	-0.088260	2.951282
493.208097	2108.627259	10.195047	-0.088261	2.950622
493.061686	2107.326397	10.200051	-0.088233	2.949909
493.171790	2105.980338	10.205056	-0.088251	2.949188
493.003845	2104.747448	10.210061	-0.088219	2.948510
493.087416	2103.489567	10.215066	-0.088232	2.947835
492.922719	2102.266674	10.220071	-0.088201	2.947163
493.089631	2101.031375	10.225075	-0.088230	2.946505
493.086918	2099.804033	10.230080	-0.088228	2.945840
492.908487	2098.600417	10.235085	-0.088193	2.945177
493.103615	2097.309970	10.240090	-0.088227	2.944491
493.003156	2096.074804	10.245095	-0.088207	2.943815
493.137441	2094.809745	10.250099	-0.088231	2.943138
493.090300	2093.520164	10.255104	-0.088220	2.942436
493.157222	2092.193166	10.260109	-0.088231	2.941721
493.030275	2091.003927	10.265114	-0.088206	2.941068
493.046356	2089.749470	10.270119	-0.088207	2.940388
493.025554	2088.500445	10.275123	-0.088202	2.939709
492.968805	2087.276304	10.280128	-0.088190	2.939041
492.910233	2086.058426	10.285133	-0.088178	2.938376
492.979024	2084.801465	10.290138	-0.088189	2.937699
492.969306	2083.593049	10.295143	-0.088185	2.937042
492.806735	2082.442372	10.300147	-0.088154	2.936406
492.922751	2081.324680	10.305152	-0.088174	2.935806
492.747671	2080.161689	10.310157	-0.088140	2.935163
492.925796	2078.960336	10.315162	-0.088171	2.934522
492.875228	2077.785301	10.320167	-0.088160	2.933879
492.787031	2076.601985	10.325171	-0.088142	2.933230
492.916762	2075.410847	10.330176	-0.088165	2.932591
492.811727	2074.226132	10.335181	-0.088144	2.931939
492.748747	2073.115676	10.340186	-0.088131	2.931331
492.845146	2072.018377	10.345191	-0.088147	2.930740
492.809710	2070.818327	10.350195	-0.088139	2.930085
492.711985	2069.677910	10.355200	-0.088119	2.929457
492.597528	2068.595452	10.360205	-0.088097	2.928860
492.654829	2067.501056	10.365210	-0.088106	2.928268
492.626484	2066.391725	10.370215	-0.088099	2.927661
492.557980	2065.300226	10.375219	-0.088085	2.927062
492.558325	2064.270306	10.380224	-0.088084	2.926501
492.651046	2063.283525	10.385229	-0.088099	2.925969
492.754264	2062.100857	10.390234	-0.088117	2.925331
492.622519	2061.024405	10.395239	-0.088091	2.924735
492.602787	2059.906192	10.400243	-0.088086	2.924124
492.555505	2058.834575	10.405248	-0.088076	2.923536
492.563925	2057.767691	10.410253	-0.088076	2.922954
492.461920	2056.713621	10.415258	-0.088056	2.922372
492.440531	2055.718385	10.420263	-0.088050	2.921827
492.334764	2054.783606	10.425267	-0.088029	2.921310
492.490402	2053.709500	10.430272	-0.088057	2.920734
492.406373	2052.694038	10.435277	-0.088040	2.920173
492.381093	2051.705758	10.440282	-0.088034	2.919632
492.404296	2050.711623	10.445287	-0.088036	2.919090
492.305374	2049.728890	10.450291	-0.088017	2.918546
492.465622	2048.698616	10.455296	-0.088045	2.917994
492.354643	2047.710338	10.460301	-0.088023	2.917446
492.303533	2046.746772	10.465306	-0.088012	2.916915
492.278540	2045.796688	10.470311	-0.088006	2.916394
492.210212	2044.908704	10.475315	-0.087992	2.915904
492.307922	2043.963627	10.480320	-0.088009	2.915393
492.278869	2042.948914	10.485325	-0.088002	2.914836
492.300826	2041.977678	10.490330	-0.088005	2.914306
492.100155	2041.143945	10.495335	-0.087966	2.913836
492.082116	2040.159782	10.500339	-0.087962	2.913295
492.043621	2039.327215	10.505344	-0.087953	2.912837
492.011303	2038.440977	10.510349	-0.087946	2.912349
491.959350	2037.609795	10.515354	-0.087935	2.911890
491.953029	2036.800411	10.520359	-0.087933	2.911446
491.891775	2036.082371	10.525363	-0.087920	2.911049
492.052769	2035.095600	10.530368	-0.087948	2.910519
492.020655	2034.345091	10.535373	-0.087941	2.910105
491.962953	2033.373423	10.540378	-0.087929	2.909568
491.920425	2032.647250	10.545383	-0.087920	2.909167
491.894035	2031.761972	10.550387	-0.087914	2.908680
492.072448	2030.955445	10.555392	-0.087945	2.908250
491.824766	2030.055985	10.560397	-0.087898	2.907739
491.785543	2029.301402	10.565402	-0.087890	2.907322
491.869799	2028.542300	10.570407	-0.087904	2.906912
491.759989	2027.760912	10.575411	-0.087883	2.906475
491.808998	2027.127636	10.580416	-0.087890	2.906131
491.791474	2026.281440	10.585421	-0.087886	2.905665
491.575344	2025.534751	10.590426	-0.087845	2.905240
491.610331	2024.905205	10.595431	-0.087850	2.904897
491.721114	2024.141129	10.600435	-0.087869	2.904485
491.703148	2023.336981	10.605440	-0.087865	2.904042
491.540683	2022.698866	10.610445	-0.087833	2.903680
491.648877	2021.999662	10.615450	-0.087852	2.903303
491.770258	2021.197151	10.620455	-0.087873	2.902870
491.495846	2020.485810	10.625459	-0.087821	2.902460
491.511578	2019.819496	10.630464	-0.087823	2.902095
491.742119	2019.151356	10.635469	-0.087864	2.901743
491.575510	2018.487028	10.640474	-0.087832	2.901367
491.909060	2017.665267	10.645479	-0.087893	2.900938
491.700112	2016.917275	10.650483	-0.087853	2.900512
491.782727	2016.143081	10.655488	-0.087867	2.900092
491.850012	2015.308465	10.660493	-0.087878	2.899637
491.624101	2014.631078	10.665498	-0.087835	2.899249
491.695531	2013.881889	10.670503	-0.087847	2.898841
491.692118	2013.088842	10.675507	-0.087845	2.898404
491.498233	2012.438961	10.680512	-0.087808	2.898033
491.544390	2011.810695	10.685517	-0.087815	2.897690
491.395408	2011.119616	10.690522	-0.087787	2.897300
491.632025	2010.381398	10.695527	-0.087829	2.896909
491.503698	2009.787172	10.700531	-0.087804	2.896573
491.740520	2009.117714	10.705536	-0.087847	2.896221
491.494081	2008.448872	10.710541	-0.087800	2.895835
491.464701	2007.748918	10.715546	-0.087793	2.895447
491.477861	2007.098138	10.720551	-0.087795	2.895089
491.487069	2006.419595	10.725555	-0.087795	2.894716
491.509889	2005.748498	10.730560	-0.087798	2.894348
491.474207	2005.144895	10.735565	-0.087790	2.894012
491.411221	2004.451874	10.740570	-0.087778	2.893626
491.540815	2003.797077	10.745575	-0.087800	2.893274
491.424158	2003.101349	10.750579	-0.087777	2.892882
491.399838	2002.497197	10.755584	-0.087772	2.892547
491.437084	2001.880285	10.760589	-0.087777	2.892209
491.257003	2001.280558	10.765594	-0.087743	2.891866
491.409931	2000.706437	10.770599	-0.087770	2.891559
491.297776	2000.144739	10.775603	-0.087748	2.891242
491.276746	1999.531465	10.780608	-0.087743	2.890902
491.195351	1998.973394	10.785613	-0.087727	2.890588
491.155570	1998.427132	10.790618	-0.087719	2.890283
491.138079	1997.913210	10.795623	-0.087714	2.889998
491.207528	1997.340882	10.800627	-0.087726	2.889687
491.114915	1996.802003	10.805632	-0.087708	2.889383
491.196560	1996.277473	10.810637	-0.087722	2.889099
491.148562	1995.741017	10.815642	-0.087712	2.888799
491.211519	1995.184441	10.820647	-0.087722	2.888496
491.110793	1994.655296	10.825651	-0.087703	2.888197
491.101558	1994.113571	10.830656	-0.087700	2.887897
491.131936	1993.617802	10.835661	-0.087704	2.887625
491.026624	1993.112582	10.840666	-0.087684	2.887338
491.068850	1992.584328	10.845671	-0.087690	2.887049
491.065026	1992.069834	10.850675	-0.087689	2.886764
491.072391	1991.618412	10.855680	-0.087689	2.886515
491.052460	1991.142773	10.860685	-0.087684	2.886251
490.923611	1990.650375	10.865690	-0.087659	2.885969
491.035441	1990.209094	10.870695	-0.087679	2.885733
491.025980	1989.708539	10.875699	-0.087676	2.885456
491.002870	1989.218226	10.880704	-0.087671	2.885183
491.007668	1988.647627	10.885709	-0.087670	2.884867
490.910860	1988.185898	10.890714	-0.087651	2.884605
491.047848	1987.752376	10.895719	-0.087676	2.884375
491.085748	1987.263600	10.900723	-0.087682	2.884107
491.064491	1986.743924	10.905728	-0.087677	2.883818
491.153959	1986.231243	10.910733	-0.087692	2.883540
491.065070	1985.702689	10.915738	-0.087674	2.883241
491.091582	1985.229084	10.920743	-0.087678	2.882981
491.085337	1984.687967	10.925747	-0.087676	2.882681
491.250507	1984.089753	10.930752	-0.087705	2.882361
490.918083	1983.583085	10.935757	-0.087643	2.882058
490.840178	1983.145403	10.940762	-0.087627	2.881810
490.886913	1982.808278	10.945767	-0.087635	2.881626
490.972157	1982.418365	10.950771	-0.087650	2.881416
490.953824	1981.932659	10.955776	-0.087645	2.881146
491.057286	1981.379753	10.960781	-0.087663	2.880847
490.940549	1980.862558	10.965786	-0.087641	2.880552
491.042357	1980.417119	10.970791	-0.087658	2.880312
490.810007	1980.038098	10.975795	-0.087614	2.880086
491.000978	1979.534684	10.980800	-0.087649	2.879820
491.022287	1979.064549	10.985805	-0.087651	2.879561
490.929424	1978.528802	10.990810	-0.087633	2.879257
490.967578	1978.117512	10.995815	-0.087639	2.879032
490.782281	1977.710767	11.000819	-0.087604	2.878794
490.755452	1977.394538	11.005824	-0.087598	2.878616
490.811417	1976.875142	11.010829	-0.087607	2.878332
490.755161	1976.463498	11.015834	-0.087596	2.878100
490.881265	1976.089170	11.020839	-0.087618	2.877901
490.773174	1975.732021	11.025843	-0.087597	2.877695
490.829191	1975.190810	11.030848	-0.087606	2.877399
490.776738	1974.871210	11.035853	-0.087596	2.877218
490.805763	1974.509804	11.040858	-0.087600	2.877019
490.839130	1974.052120	11.045863	-0.087605	2.876768
490.835379	1973.680826	11.050867	-0.087603	2.876561
491.047352	1973.228826	11.055872	-0.087641	2.876325
490.973661	1972.760550	11.060877	-0.087627	2.876060
490.760537	1972.418597	11.065882	-0.087586	2.875855
490.846418	1971.872265	11.070887	-0.087601	2.875558
490.927632	1971.446487	11.075891	-0.087615	2.875328
490.676021	1971.106679	11.080896	-0.087568	2.875121
490.819940	1970.742282	11.085901	-0.087593	2.874929
490.770254	1970.196356	11.090906	-0.087583	2.874622
490.890687	1969.837796	11.095911	-0.087604	2.874431
490.874331	1969.458830	11.100915	-0.087600	2.874220
490.711594	1969.097259	11.105920	-0.087569	2.874008
490.675846	1968.616146	11.110925	-0.087561	2.873738
490.675859	1968.355046	11.115930	-0.087560	2.873593
490.755837	1967.941519	11.120935	-0.087574	2.873368
490.733661	1967.486365	11.125939	-0.087569	2.873114
490.711189	1967.173599	11.130944	-0.087564	2.872939
490.803217	1966.812073	11.135949	-0.087580	2.872744
490.566442	1966.314964	11.140954	-0.087535	2.872451
490.792979	1966.071467	11.145959	-0.087576	2.872332
490.678079	1965.670374	11.150963	-0.087554	2.872101
490.755030	1965.207392	11.155968	-0.087567	2.871849
490.792952	1964.935487	11.160973	-0.087573	2.871700
490.508109	1964.668977	11.165978	-0.087519	2.871532
490.677457	1964.250622	11.170983	-0.087550	2.871311
490.634251	1964.041304	11.175987	-0.087541	2.871191
490.833017	1963.483243	11.180992	-0.087576	2.870895
490.899720	1963.071766	11.185997	-0.087587	2.870671
490.880046	1962.620661	11.191002	-0.087583	2.870419
490.802332	1962.300008	11.196007	-0.087567	2.870235
490.683125	1961.769970	11.201011	-0.087544	2.869932
490.751667	1961.429753	11.206016	-0.087556	2.869747
490.721765	1961.158192	11.211021	-0.087549	2.869594
490.594718	1960.680395	11.216026	-0.087525	2.869319
490.746817	1960.413380	11.221031	-0.087552	2.869181
490.659047	1960.164924	11.226035	-0.087535	2.869037
490.658635	1959.577404	11.231040	-0.087534	2.868710
490.623822	1959.346444	11.236045	-0.087526	2.868579
490.467347	1959.026429	11.241050	-0.087497	2.868389
490.492208	1958.770536	11.246055	-0.087500	2.868249
490.552417	1958.450097	11.251059	-0.087510	2.868074
490.662785	1958.047524	11.256064	-0.087530	2.867858
490.631469	1957.830791	11.261069	-0.087523	2.867735
490.548692	1957.318527	11.266074	-0.087507	2.867444
490.491024	1957.154566	11.271079	-0.087495	2.867349
490.482416	1956.771079	11.276083	-0.087492	2.867134
490.585574	1956.571061	11.281088	-0.087511	2.867030
490.579469	1956.220978	11.286093	-0.087508	2.866835
490.475712	1955.940532	11.291098	-0.087488	2.866671
490.532819	1955.821580	11.296103	-0.087498	2.866609
490.479232	1955.337259	11.301107	-0.087487	2.866335
490.416880	1955.209314	11.306112	-0.087475	2.866259
490.563016	1954.780008	11.311117	-0.087501	2.866030
490.371860	1954.649871	11.316122	-0.087465	2.865944
490.497142	1954.260842	11.321127	-0.087487	2.865736
490.404012	1954.082402	11.326131	-0.087469	2.865630
490.420248	1953.668512	11.331136	-0.087470	2.865401
490.493629	1953.530717	11.336141	-0.087483	2.865329
490.397584	1953.137262	11.341146	-0.087464	2.865103
490.474371	1952.942953	11.346151	-0.087478	2.865000
490.406138	1952.622306	11.351155	-0.087464	2.864816
490.459832	1952.375974	11.356160	-0.087473	2.864683
490.426203	1952.043128	11.361165	-0.087466	2.864495
490.385425	1951.836272	11.366170	-0.087457	2.864376
490.383955	1951.597526	11.371175	-0.087456	2.864243
490.311737	1951.332427	11.376179	-0.087442	2.864090
490.240546	1951.329081	11.381184	-0.087428	2.864083
490.280477	1950.820457	11.386189	-0.087434	2.863802
490.180878	1950.740533	11.391194	-0.087415	2.863750
490.238013	1950.710276	11.396199	-0.087425	2.863737
490.174313	1950.195222	11.401203	-0.087412	2.863446
490.204737	1950.176761	11.406208	-0.087417	2.863437
490.283765	1950.111776	11.411213	-0.087431	2.863406
490.394129	1949.576405	11.416218	-0.087450	2.863116
490.403998	1949.596427	11.421223	-0.087451	2.863127
490.500042	1949.066843	11.426227	-0.087467	2.862839
490.446888	1949.040481	11.431232	-0.087457	2.862820
490.343556	1948.507080	11.436237	-0.087437	2.862515
490.243502	1948.480503	11.441242	-0.087418	2.862493
490.378592	1948.193222	11.446247	-0.087441	2.862342
490.394012	1947.918883	11.451251	-0.087443	2.862190
490.263584	1947.861978	11.456256	-0.087418	2.862149
490.405220	1947.350324	11.461261	-0.087443	2.861874
490.288416	1947.357259	11.466266	-0.087421	2.861869
490.412476	1946.999155	11.471271	-0.087443	2.861678
490.423923	1946.895704	11.476275	-0.087444	2.861621
490.394378	1946.457383	11.481280	-0.087438	2.861374
490.363972	1946.304909	11.486285	-0.087431	2.861287
490.196972	1946.166400	11.491290	-0.087400	2.861198
490.385803	1945.735743	11.496295	-0.087433	2.860971
490.355601	1945.726661	11.501299	-0.087427	2.860963
490.327468	1945.189129	11.506304	-0.087421	2.860661
490.353771	1945.160561	11.511309	-0.087425	2.860647
490.393626	1944.836800	11.516314	-0.087431	2.860469
490.512661	1944.588138	11.521319	-0.087452	2.860338
490.394928	1944.268720	11.526323	-0.087430	2.860152
490.324155	1944.044160	11.531328	-0.087416	2.860021
490.411729	1943.787765	11.536333	-0.087431	2.859884
490.199056	1943.497805	11.541338	-0.087391	2.859707
490.302281	1943.486921	11.546343	-0.087409	2.859708
490.259358	1943.086988	11.551347	-0.087400	2.859482
490.046476	1942.959452	11.556352	-0.087360	2.859395
490.272813	1942.943024	11.561357	-0.087401	2.859402
490.174411	1942.586562	11.566362	-0.087382	2.859196
490.528602	1942.370857	11.571367	-0.087446	2.859100
490.261309	1942.225619	11.576371	-0.087396	2.859000
490.175601	1941.822262	11.581376	-0.087379	2.858769
490.173521	1941.821379	11.586381	-0.087378	2.858768
489.986974	1941.839427	11.591386	-0.087343	2.858764
490.299022	1941.373877	11.596391	-0.087399	2.858526
490.310803	1941.243632	11.601395	-0.087400	2.858454
490.316650	1941.062098	11.606400	-0.087401	2.858353
490.272061	1940.691111	11.611405	-0.087391	2.858143
490.277265	1940.682589	11.616410	-0.087392	2.858138
490.288887	1940.307293	11.621415	-0.087393	2.857929
490.267281	1940.145504	11.626419	-0.087388	2.857837
490.214876	1940.139259	11.631424	-0.087377	2.857830
490.511020	1939.543818	11.636429	-0.087431	2.857518
490.126637	1939.594265	11.641434	-0.087359	2.857519
490.211777	1939.352374	11.646439	-0.087374	2.857389
490.344694	1939.020516	11.651443	-0.087398	2.857213
490.312902	1939.026763	11.656448	-0.087391	2.857214
490.378202	1938.474169	11.661453	-0.087402	2.856910
490.287278	1938.449328	11.666458	-0.087384	2.856890
490.428594	1938.213218	11.671463	-0.087409	2.856768
490.418708	1938.024840	11.676467	-0.087407	2.856661
490.398652	1937.754987	11.681472	-0.087402	2.856509
490.491014	1937.433404	11.686477	-0.087418	2.856336
490.474774	1937.095992	11.691482	-0.087414	2.856146
490.369065	1936.880124	11.696487	-0.087394	2.856018
490.430592	1936.665392	11.701491	-0.087404	2.855902
490.280589	1936.312595	11.706496	-0.087375	2.855694
490.394860	1936.278485	11.711501	-0.087396	2.855683
490.388493	1935.741991	11.716506	-0.087393	2.855382
490.275230	1935.773124	11.721511	-0.087372	2.855391
490.264915	1935.385882	11.726515	-0.087369	2.855174
490.266842	1935.174869	11.731520	-0.087368	2.855056
490.281308	1935.190334	11.736525	-0.087370	2.855065
490.032017	1934.645697	11.741530	-0.087323	2.854743
490.248474	1934.637173	11.746535	-0.087362	2.854754
490.232662	1934.647540	11.751539	-0.087359	2.854758
490.192819	1934.141184	11.756544	-0.087350	2.854472
490.144695	1934.093063	11.761549	-0.087340	2.854441
490.225824	1934.062609	11.766554	-0.087355	2.854430
490.256519	1933.663583	11.771559	-0.087359	2.854209
490.320100	1933.533657	11.776563	-0.087370	2.854140
490.302591	1933.351453	11.781568	-0.087366	2.854037
490.243379	1932.952173	11.786573	-0.087354	2.853809
490.204869	1932.963187	11.791578	-0.087346	2.853813
490.219352	1932.728890	11.796583	-0.087348	2.853682
490.214972	1932.414874	11.801587	-0.087346	2.853506
489.995112	1932.447261	11.806592	-0.087305	2.853508
490.187224	1932.418349	11.811597	-0.087339	2.853506
489.966086	1931.873259	11.816602	-0.087298	2.853185
490.022849	1931.872722	11.821607	-0.087307	2.853188
490.100744	1931.850505	11.826611	-0.087321	2.853181
489.819884	1931.885621	11.831616	-0.087268	2.853181
489.935169	1931.886583	11.836621	-0.087289	2.853189
489.998254	1931.517127	11.841626	-0.087299	2.852987
490.079232	1931.320806	11.846631	-0.087313	2.852882
490.140844	1931.319651	11.851635	-0.087324	2.852886
490.064737	1931.320922	11.856640	-0.087309	2.852881
490.205524	1930.891359	11.861645	-0.087334	2.852651
490.075026	1930.735347	11.866650	-0.087309	2.852554
490.157897	1930.721435	11.871655	-0.087324	2.852552
490.276440	1930.432685	11.876659	-0.087345	2.852398
490.105786	1930.182393	11.881664	-0.087312	2.852246
490.137953	1930.195031	11.886669	-0.087317	2.852255
490.065988	1930.185727	11.891674	-0.087303	2.852244
490.044501	1929.663537	11.896679	-0.087298	2.851951
490.348089	1929.609833	11.901683	-0.087353	2.851942
490.252956	1929.606828	11.906688	-0.087335	2.851933
490.392700	1929.157988	11.911693	-0.087360	2.851692
490.172986	1929.164128	11.916698	-0.087318	2.851679
490.203644	1928.968704	11.921703	-0.087323	2.851572
490.286651	1928.574585	11.926707	-0.087337	2.851357
490.234671	1928.568330	11.931712	-0.087327	2.851350
490.406134	1928.188110	11.936717	-0.087358	2.851149
490.444886	1927.980526	11.941722	-0.087364	2.851035
490.290045	1927.707151	11.946727	-0.087334	2.850871
490.278697	1927.446240	11.951731	-0.087331	2.850724
490.091699	1927.442095	11.956736	-0.087296	2.850708
490.330939	1927.060028	11.961741	-0.087339	2.850511
490.200037	1926.883559	11.966746	-0.087314	2.850403
490.258614	1926.894499	11.971751	-0.087324	2.850413
490.100531	1926.371611	11.976755	-0.087294	2.850109
490.136156	1926.327993	11.981760	-0.087300	2.850086
490.092832	1926.352453	11.986765	-0.087291	2.850097
490.244316	1926.049694	11.991770	-0.087318	2.849938
490.214484	1925.773367	11.996775	-0.087312	2.849781
490.114908	1925.791034	12.001779	-0.087292	2.849783
490.100403	1925.702469	12.006784	-0.087289	2.849732
490.200956	1925.222677	12.011789	-0.087306	2.849471
490.170809	1925.213099	12.016794	-0.087300	2.849463
490.135658	1925.225358	12.021799	-0.087293	2.849467
490.161414	1924.718869	12.026803	-0.087296	2.849185
490.158550	1924.685181	12.031808	-0.087295	2.849166
490.239239	1924.681583	12.036813	-0.087309	2.849169
490.146567	1924.248225	12.041818	-0.087291	2.848920
490.255325	1924.111649	12.046823	-0.087310	2.848851
490.233607	1924.099887	12.051827	-0.087305	2.848842
490.197684	1923.623108	12.056832	-0.087298	2.848573
490.027939	1923.593381	12.061837	-0.087266	2.848544
490.086889	1923.559084	12.066842	-0.087276	2.848528
490.080022	1923.400434	12.071847	-0.087274	2.848439
490.169717	1923.002533	12.076851	-0.087289	2.848222
490.055422	1923.003675	12.081856	-0.087267	2.848214
490.199473	1922.980853	12.086861	-0.087293	2.848211
490.203630	1922.567663	12.091866	-0.087293	2.847980
490.059029	1922.475088	12.096871	-0.087265	2.847918
490.007352	1922.472721	12.101875	-0.087255	2.847912
490.107971	1922.464906	12.106880	-0.087273	2.847915
490.178961	1921.987499	12.111885	-0.087285	2.847652
490.081550	1921.880567	12.116890	-0.087266	2.847585
490.059937	1921.898906	12.121895	-0.087261	2.847594
490.252167	1921.680952	12.126899	-0.087296	2.847485
490.307302	1921.312663	12.131904	-0.087305	2.847282
490.179971	1921.345576	12.136909	-0.087281	2.847291
490.210690	1920.984322	12.141914	-0.087285	2.847091
490.172618	1920.776217	12.146919	-0.087277	2.846971
490.223137	1920.774220	12.151923	-0.087286	2.846973
490.099453	1920.549157	12.156928	-0.087262	2.846838
489.969818	1920.396206	12.161933	-0.087237	2.846743
490.130983	1920.356708	12.166938	-0.087266	2.846732
490.158841	1920.359825	12.171943	-0.087271	2.846736
490.066631	1920.116286	12.176947	-0.087253	2.846592
490.005604	1919.780180	12.181952	-0.087241	2.846399
490.103650	1919.765998	12.186957	-0.087258	2.846398
490.061212	1919.786983	12.191962	-0.087249	2.846407
490.044550	1919.590136	12.196967	-0.087245	2.846295
490.135325	1919.216344	12.201971	-0.087261	2.846092
490.115792	1919.185933	12.206976	-0.087257	2.846073
489.920858	1919.253645	12.211981	-0.087220	2.846097
489.998202	1919.200307	12.216986	-0.087233	2.846072
489.969842	1918.674568	12.221991	-0.087227	2.845775
490.143742	1918.643478	12.226995	-0.087258	2.845770
490.185246	1918.637054	12.232000	-0.087265	2.845769
490.094778	1918.447425	12.237005	-0.087248	2.845656
490.115570	1918.099898	12.242010	-0.087250	2.845462
490.157051	1918.085119	12.247015	-0.087257	2.845456
490.125107	1918.104208	12.252019	-0.087251	2.845465
490.101188	1917.654888	12.257024	-0.087245	2.845211
490.054412	1917.526021	12.262029	-0.087236	2.845135
490.033078	1917.525374	12.267034	-0.087231	2.845133
490.025988	1917.540738	12.272039	-0.087229	2.845141
490.209402	1917.151386	12.277043	-0.087262	2.844935
490.274716	1916.943640	12.282048	-0.087273	2.844823
490.116098	1916.979425	12.287053	-0.087243	2.844831
490.169728	1916.676823	12.292058	-0.087252	2.844665
490.084373	1916.419795	12.297063	-0.087235	2.844515
490.116920	1916.415068	12.302067	-0.087240	2.844514
490.008143	1916.421111	12.307072	-0.087219	2.844510
490.138298	1916.054217	12.312077	-0.087242	2.844313
490.244217	1915.881989	12.317082	-0.087261	2.844224
490.238851	1915.889333	12.322087	-0.087259	2.844227
489.940120	1915.618338	12.327091	-0.087203	2.844053
489.955441	1915.327381	12.332096	-0.087205	2.843891
489.949766	1915.347013	12.337101	-0.087203	2.843901
490.084602	1915.316442	12.342106	-0.087227	2.843894
490.002329	1915.316327	12.347111	-0.087212	2.843887
490.095846	1915.012636	12.352115	-0.087228	2.843723
489.978989	1914.774192	12.357120	-0.087205	2.843581
490.042713	1914.767717	12.362125	-0.087216	2.843582
490.037424	1914.753337	12.367130	-0.087215	2.843573
490.039537	1914.697930	12.372135	-0.087214	2.843542
489.972896	1914.213173	12.377139	-0.087201	2.843265
490.146930	1914.174265	12.382144	-0.087232	2.843255
490.071236	1914.193356	12.387149	-0.087217	2.843260
490.128642	1914.131463	12.392154	-0.087227	2.843229
490.051430	1913.655344	12.397159	-0.087212	2.842956
489.973639	1913.653551	12.402163	-0.087197	2.842950
490.177002	1913.625932	12.407168	-0.087233	2.842948
490.020296	1913.660361	12.412173	-0.087204	2.842956
489.968630	1913.105343	12.417178	-0.087193	2.842641
490.102611	1913.069316	12.422183	-0.087217	2.842630
489.946922	1913.085806	12.427187	-0.087187	2.842628
490.103801	1913.067451	12.432192	-0.087216	2.842628
490.196501	1912.703330	12.437197	-0.087232	2.842430
490.041240	1912.525552	12.442202	-0.087202	2.842319
490.106012	1912.529513	12.447207	-0.087213	2.842326
490.116356	1912.527616	12.452211	-0.087214	2.842325
489.930003	1912.023285	12.457216	-0.087179	2.842029
490.023966	1911.980677	12.462221	-0.087196	2.842011
490.011970	1911.975509	12.467226	-0.087193	2.842007
490.126349	1911.955893	12.472231	-0.087213	2.842004
490.096502	1911.787747	12.477235	-0.087206	2.841907
489.999392	1911.522475	12.482240	-0.087188	2.841751
490.066645	1911.521109	12.487245	-0.087199	2.841755
490.040109	1911.501660	12.492250	-0.087194	2.841742
490.055913	1911.476256	12.497255	-0.087196	2.841728
489.964750	1910.946549	12.502259	-0.087178	2.841424
489.944034	1910.928587	12.507264	-0.087173	2.841412
490.051874	1910.923155	12.512269	-0.087192	2.841417
489.917970	1910.935206	12.517274	-0.087167	2.841413
489.972005	1910.942200	12.522279	-0.087176	2.841421
490.068266	1910.544953	12.527283	-0.087193	2.841205
490.024212	1910.380338	12.532288	-0.087184	2.841109
489.929588	1910.397950	12.537293	-0.087166	2.841112
489.978868	1910.379405	12.542298	-0.087174	2.841104
489.972622	1910.395755	12.547303	-0.087172	2.841113
489.875843	1910.111612	12.552307	-0.087153	2.840946
489.940227	1909.808595	12.557312	-0.087164	2.840780
490.020960	1909.822190	12.562317	-0.087178	2.840793
489.970918	1909.829109	12.567322	-0.087168	2.840793
490.000503	1909.815858	12.572327	-0.087173	2.840788
489.941716	1909.817219	12.577331	-0.087161	2.840784
489.921064	1909.328196	12.582336	-0.087156	2.840508
490.033177	1909.275499	12.587341	-0.087176	2.840486
489.903383	1909.278691	12.592346	-0.087151	2.840478
490.085456	1909.250435	12.597351	-0.087184	2.840475
489.969563	1909.276322	12.602355	-0.087162	2.840481
489.965332	1908.987668	12.607360	-0.087160	2.840318
489.974931	1908.682253	12.612365	-0.087161	2.840147
489.833374	1908.723648	12.617370	-0.087134	2.840160
489.901156	1908.707750	12.622375	-0.087146	2.840156
489.887546	1908.717250	12.627379	-0.087143	2.840160
489.832562	1908.721465	12.632384	-0.087132	2.840158
490.026650	1908.695567	12.637389	-0.087167	2.840157
490.084451	1908.240566	12.642394	-0.087176	2.839905
489.940479	1908.149941	12.647399	-0.087149	2.839844
489.928637	1908.160883	12.652403	-0.087146	2.839849
489.938297	1908.142950	12.657408	-0.087147	2.839839
489.965326	1908.170616	12.662413	-0.087151	2.839856
489.905024	1907.965349	12.667418	-0.087139	2.839736
489.941702	1907.589272	12.672423	-0.087145	2.839527
489.888745	1907.604349	12.677427	-0.087135	2.839532
489.955535	1907.591913	12.682432	-0.087146	2.839529
489.964236	1907.605236	12.687437	-0.087147	2.839537
489.992491	1907.586043	12.692442	-0.087151	2.839528
489.953597	1907.474798	12.697447	-0.087143	2.839463
489.951255	1907.072053	12.702451	-0.087142	2.839236
490.062485	1907.058947	12.707456	-0.087162	2.839236
489.965748	1907.075165	12.712461	-0.087143	2.839238
489.907147	1907.090961	12.717466	-0.087131	2.839242
489.996065	1907.081815	12.722471	-0.087147	2.839243
490.003402	1906.578929	12.727475	-0.087147	2.838961
489.973622	1906.473770	12.732480	-0.087141	2.838900
490.064483	1906.484384	12.737485	-0.087157	2.838912
490.089414	1906.483960	12.742490	-0.087161	2.838913
490.041068	1906.327261	12.747495	-0.087151	2.838821
490.091261	1905.926237	12.752499	-0.087159	2.838599
490.095437	1905.916235	12.757504	-0.087159	2.838594
490.096718	1905.931057	12.762509	-0.087159	2.838602
489.959886	1905.872922	12.767514	-0.087133	2.838559
490.091753	1905.345368	12.772519	-0.087156	2.838272
490.145167	1905.363535	12.777523	-0.087165	2.838286
489.919066	1905.385712	12.782528	-0.087122	2.838282
490.007361	1905.387756	12.787533	-0.087138	2.838289
489.941645	1904.970488	12.792538	-0.087125	2.838049
489.953839	1904.821113	12.797543	-0.087126	2.837966
489.878121	1904.824648	12.802547	-0.087111	2.837962
490.020981	1904.809166	12.807552	-0.087137	2.837963
490.146159	1904.820945	12.812557	-0.087159	2.837979
490.013805	1904.665582	12.817562	-0.087134	2.837882
489.977840	1904.245133	12.822567	-0.087126	2.837642
490.145113	1904.230420	12.827571	-0.087156	2.837646
490.036355	1904.238732	12.832576	-0.087136	2.837642
490.065192	1904.033921	12.837581	-0.087140	2.837529
489.945054	1903.698155	12.842586	-0.087117	2.837331
490.071965	1903.691927	12.847591	-0.087139	2.837337
490.158774	1903.687488	12.852595	-0.087155	2.837340
490.126587	1903.484936	12.857600	-0.087148	2.837224
490.026308	1903.150005	12.862605	-0.087128	2.837028
489.962848	1903.154757	12.867610	-0.087116	2.837026
489.966429	1903.148170	12.872615	-0.087116	2.837022
489.951770	1903.169463	12.877619	-0.087112	2.837033
489.978871	1903.139876	12.882624	-0.087117	2.837018
490.099606	1902.718984	12.887629	-0.087138	2.836789
490.022878	1902.730985	12.892634	-0.087123	2.836790
489.964497	1902.737311	12.897639	-0.087111	2.836789
489.933770	1902.741772	12.902643	-0.087105	2.836789
490.025859	1902.452302	12.907648	-0.087121	2.836633
489.959673	1902.159184	12.912653	-0.087108	2.836463
489.881219	1902.150305	12.917658	-0.087092	2.836452
489.951250	1902.142450	12.922663	-0.087105	2.836453
490.053989	1902.134305	12.927667	-0.087123	2.836455
489.954229	1902.151471	12.932672	-0.087104	2.836457
489.942763	1901.849162	12.937677	-0.087101	2.836286
489.729492	1901.615406	12.942682	-0.087060	2.836139
489.975449	1901.585077	12.947687	-0.087105	2.836139
490.065585	1901.583538	12.952691	-0.087121	2.836145
489.975149	1901.600068	12.957696	-0.087103	2.836147
490.221028	1901.465360	12.962701	-0.087148	2.836089
490.015049	1901.013603	12.967706	-0.087109	2.835820
489.837646	1901.044576	12.972711	-0.087075	2.835824
490.157483	1901.023682	12.977715	-0.087133	2.835835
490.136378	1901.010813	12.982720	-0.087129	2.835826
490.208507	1900.540780	12.987725	-0.087141	2.835567
490.041514	1900.474384	12.992730	-0.087109	2.835517
489.952230	1900.487438	12.997735	-0.087092	2.835518
489.939137	1900.492977	13.002739	-0.087089	2.835519
490.080952	1900.198385	13.007744	-0.087114	2.835364
490.058910	1899.898655	13.012749	-0.087109	2.835193
489.985696	1899.912987	13.017754	-0.087095	2.835196
490.031089	1899.900506	13.022759	-0.087102	2.835192
489.954716	1899.916907	13.027763	-0.087088	2.835195
490.024978	1899.465532	13.032768	-0.087099	2.834946
490.070137	1899.347627	13.037773	-0.087107	2.834883
490.091061	1899.349374	13.042778	-0.087110	2.834885
490.064773	1899.356599	13.047783	-0.087104	2.834887
490.024389	1898.987118	13.052787	-0.087096	2.834676
489.866055	1898.809767	13.057792	-0.087066	2.834564
490.019748	1898.801205	13.062797	-0.087093	2.834570
489.762142	1898.828005	13.067802	-0.087045	2.834566
489.967848	1898.782272	13.072807	-0.087082	2.834555
490.019403	1898.793977	13.077811	-0.087091	2.834565
489.962149	1898.565981	13.082816	-0.087080	2.834432
489.962936	1898.295619	13.087821	-0.087079	2.834280
489.942830	1898.277639	13.092826	-0.087074	2.834268
489.878054	1898.294778	13.097831	-0.087062	2.834273
489.977683	1898.297007	13.102835	-0.087079	2.834281
490.020648	1898.282063	13.107840	-0.087086	2.834275
489.943629	1897.803603	13.112845	-0.087071	2.834000
489.920414	1897.706681	13.117850	-0.087066	2.833944
490.011158	1897.690624	13.122855	-0.087082	2.833941
489.923302	1897.719036	13.127859	-0.087065	2.833950
490.121801	1897.659243	13.132864	-0.087101	2.833931
490.075262	1897.315088	13.137869	-0.087091	2.833733
490.055100	1897.141781	13.142874	-0.087086	2.833634
489.903262	1897.147859	13.147879	-0.087058	2.833626
489.956969	1897.150405	13.152883	-0.087067	2.833631
489.946044	1897.134585	13.157888	-0.087064	2.833621
489.980861	1896.938724	13.162893	-0.087070	2.833513
489.883292	1896.608913	13.167898	-0.087051	2.833320
489.883239	1896.596698	13.172903	-0.087050	2.833313
490.050270	1896.583089	13.177907	-0.087080	2.833317
490.185709	1896.546895	13.182912	-0.087104	2.833306
490.001710	1896.422296	13.187917	-0.087069	2.833223
490.005405	1896.049622	13.192922	-0.087069	2.833013
490.020360	1896.039372	13.197927	-0.087071	2.833008
489.976546	1896.059931	13.202931	-0.087062	2.833016
489.732076	1896.079524	13.207936	-0.087016	2.833009
489.915106	1896.079952	13.212941	-0.087049	2.833022
490.065230	1895.787303	13.217946	-0.087076	2.832868
489.927556	1895.482665	13.222951	-0.087050	2.832686
489.914305	1895.502643	13.227955	-0.087046	2.832696
489.771348	1895.498722	13.232960	-0.087019	2.832683
489.961322	1895.482729	13.237965	-0.087053	2.832688
489.970319	1895.479896	13.242970	-0.087054	2.832687
489.977337	1895.475099	13.247975	-0.087055	2.832684
490.161981	1894.933512	13.252979	-0.087088	2.832392
490.113365	1894.926957	13.257984	-0.087078	2.832385
490.035595	1894.934112	13.262989	-0.087063	2.832383
490.054245	1894.860730	13.267994	-0.087066	2.832343
490.154271	1894.350541	13.272999	-0.087083	2.832062
490.109492	1894.374547	13.278003	-0.087074	2.832072
490.019854	1894.382667	13.283008	-0.087057	2.832070
489.914797	1894.414937	13.288013	-0.087036	2.832080
489.990506	1893.995503	13.293018	-0.087049	2.831849
489.941701	1893.960146	13.298023	-0.087040	2.831826
490.040678	1893.952458	13.303027	-0.087057	2.831828
490.015079	1893.944626	13.308032	-0.087052	2.831821
489.907052	1893.955654	13.313037	-0.087031	2.831820
489.942928	1893.745364	13.318042	-0.087037	2.831703
489.996876	1893.345951	13.323047	-0.087045	2.831482
490.018250	1893.362602	13.328051	-0.087049	2.831493
489.945102	1893.358636	13.333056	-0.087034	2.831485
489.938708	1893.364426	13.338061	-0.087032	2.831487
489.959962	1893.362798	13.343066	-0.087036	2.831488
489.928824	1892.829074	13.348071	-0.087029	2.831185
489.901718	1892.828090	13.353075	-0.087023	2.831182
489.773135	1892.840642	13.358080	-0.086999	2.831179
489.693023	1892.850873	13.363085	-0.086983	2.831179
489.979808	1892.808069	13.368090	-0.087035	2.831175
489.754444	1892.839100	13.373095	-0.086993	2.831176
489.907514	1892.819499	13.378099	-0.087020	2.831176
489.850413	1892.830667	13.383104	-0.087009	2.831178
489.883623	1892.825846	13.388109	-0.087014	2.831177
489.907014	1892.447598	13.393114	-0.087017	2.830965
489.916260	1892.248536	13.398119	-0.087018	2.830854
489.936011	1892.252642	13.403123	-0.087021	2.830857
489.769164	1892.263995	13.408128	-0.086990	2.830851
489.996646	1892.245957	13.413133	-0.087031	2.830857
490.025211	1892.228983	13.418138	-0.087035	2.830849
490.065149	1891.956173	13.423143	-0.087042	2.830698
489.936797	1891.718210	13.428147	-0.087017	2.830555
489.780997	1891.728707	13.433152	-0.086988	2.830549
489.827854	1891.735994	13.438157	-0.086995	2.830556
489.613530	1891.760629	13.443162	-0.086955	2.830554
489.759687	1891.726394	13.448167	-0.086981	2.830545
489.765447	1891.732843	13.453171	-0.086982	2.830549
489.782373	1891.719576	13.458176	-0.086984	2.830542
489.876530	1891.719148	13.463181	-0.087001	2.830549
489.835283	1891.732721	13.468186	-0.086992	2.830553
489.943798	1891.708843	13.473191	-0.087011	2.830547
489.933058	1891.373835	13.478195	-0.087008	2.830357
489.778214	1891.145945	13.483200	-0.086979	2.830217
489.969348	1891.131442	13.488205	-0.087013	2.830223
489.838660	1891.154797	13.493210	-0.086989	2.830226
489.760186	1891.166484	13.498215	-0.086973	2.830227
489.885703	1891.164811	13.503219	-0.086996	2.830235
489.925934	1891.129170	13.508224	-0.087002	2.830217
489.930988	1891.147899	13.513229	-0.087003	2.830228
490.007725	1890.908116	13.518234	-0.087016	2.830098
489.864115	1890.589611	13.523239	-0.086988	2.829908
489.936728	1890.600246	13.528243	-0.087001	2.829919
489.897543	1890.585299	13.533248	-0.086993	2.829907
489.745306	1890.614183	13.538253	-0.086964	2.829912
489.973030	1890.580035	13.543258	-0.087005	2.829909
489.855190	1890.580140	13.548263	-0.086983	2.829900
490.006013	1890.551956	13.553267	-0.087010	2.829895
489.968761	1890.017106	13.558272	-0.087002	2.829590
489.975751	1890.035029	13.563277	-0.087002	2.829601
489.953276	1890.035119	13.568282	-0.086997	2.829599
489.917439	1890.031933	13.573287	-0.086990	2.829594
489.998262	1890.049823	13.578291	-0.087004	2.829610
489.947959	1889.810838	13.583296	-0.086994	2.829471
489.956520	1889.521679	13.588301	-0.086995	2.829309
489.900054	1889.525566	13.593306	-0.086983	2.829306
489.863225	1889.525832	13.598311	-0.086976	2.829304
489.924631	1889.522940	13.603315	-0.086986	2.829306
489.807479	1889.530718	13.608320	-0.086964	2.829302
489.987893	1889.514808	13.613325	-0.086996	2.829305
489.934702	1889.105071	13.618330	-0.086986	2.829070
489.884594	1888.937556	13.623335	-0.086976	2.828972
490.030329	1888.932729	13.628339	-0.087002	2.828979
490.021506	1888.943811	13.633344	-0.086999	2.828985
490.091852	1888.929250	13.638349	-0.087011	2.828981
490.014520	1888.679935	13.643354	-0.086996	2.828835
490.035111	1888.381547	13.648359	-0.086999	2.828668
489.977450	1888.393897	13.653363	-0.086988	2.828670
489.988265	1888.378650	13.658368	-0.086989	2.828662
490.022496	1888.377020	13.663373	-0.086994	2.828664
489.913597	1888.083047	13.668378	-0.086973	2.828490
489.966517	1887.815995	13.673383	-0.086982	2.828343
490.038364	1887.826159	13.678387	-0.086995	2.828353
489.930181	1887.821721	13.683392	-0.086974	2.828343
489.951206	1887.832302	13.688397	-0.086977	2.828350
490.083235	1887.675288	13.693402	-0.087000	2.828270
490.001451	1887.293175	13.698407	-0.086984	2.828049
490.071515	1887.290830	13.703411	-0.086997	2.828052
489.982464	1887.290589	13.708416	-0.086979	2.828045
490.039477	1887.294346	13.713421	-0.086989	2.828051
489.908294	1886.906964	13.718426	-0.086964	2.827823
490.079407	1886.706770	13.723431	-0.086995	2.827722
490.118754	1886.711126	13.728435	-0.087001	2.827727
489.995929	1886.705801	13.733440	-0.086978	2.827715
490.068342	1886.527664	13.738445	-0.086990	2.827620
490.167736	1886.165063	13.743450	-0.087007	2.827422
490.151159	1886.152223	13.748455	-0.087003	2.827413
490.269533	1886.111583	13.753459	-0.087024	2.827399
490.019016	1885.628329	13.758464	-0.086977	2.827108
489.965637	1885.642898	13.763469	-0.086967	2.827112
490.141434	1885.607081	13.768474	-0.086998	2.827104
490.006028	1885.639352	13.773479	-0.086973	2.827112
490.100741	1885.304532	13.778483	-0.086989	2.826930
490.074695	1885.199376	13.783488	-0.086983	2.826868
489.905974	1885.246430	13.788493	-0.086952	2.826882
489.977086	1885.240072	13.793498	-0.086964	2.826883
489.959277	1885.231268	13.798503	-0.086960	2.826877
489.891042	1884.770144	13.803507	-0.086946	2.826611
489.842289	1884.675658	13.808512	-0.086936	2.826554
489.837127	1884.677410	13.813517	-0.086935	2.826555
489.862027	1884.670884	13.818522	-0.086938	2.826552
489.770097	1884.668256	13.823527	-0.086921	2.826544
489.694679	1884.691736	13.828531	-0.086906	2.826552
489.862703	1884.667428	13.833536	-0.086936	2.826550
490.019950	1884.642287	13.838541	-0.086964	2.826547
489.902733	1884.653414	13.843546	-0.086942	2.826544
489.866031	1884.239213	13.848551	-0.086934	2.826307
489.993224	1884.086785	13.853555	-0.086957	2.826230
490.041947	1884.076100	13.858560	-0.086965	2.826227
490.072318	1884.079939	13.863565	-0.086970	2.826232
490.065305	1884.073629	13.868570	-0.086968	2.826227
489.822901	1883.669785	13.873575	-0.086922	2.825981
489.980420	1883.531190	13.878579	-0.086950	2.825914
489.915415	1883.538396	13.883584	-0.086937	2.825913
490.026042	1883.538590	13.888589	-0.086957	2.825921
489.951412	1883.541498	13.893594	-0.086943	2.825917
489.950556	1883.531633	13.898599	-0.086942	2.825911
489.877070	1883.273267	13.903603	-0.086927	2.825760
489.888992	1882.999547	13.908608	-0.086928	2.825606
489.829990	1883.016496	13.913613	-0.086917	2.825611
489.993051	1883.009969	13.918618	-0.086946	2.825619
489.854128	1883.018350	13.923623	-0.086920	2.825613
489.922424	1883.006817	13.928627	-0.086931	2.825611
489.999521	1882.993049	13.933632	-0.086945	2.825609
490.052537	1882.558088	13.938637	-0.086954	2.825367
490.125832	1882.399886	13.943642	-0.086966	2.825282
489.824991	1882.431233	13.948647	-0.086910	2.825278
489.981722	1882.432151	13.953651	-0.086938	2.825290
489.963342	1882.405175	13.958656	-0.086934	2.825273
489.816692	1882.166757	13.963661	-0.086906	2.825127
489.957216	1881.870533	13.968666	-0.086931	2.824970
489.929865	1881.886190	13.973671	-0.086925	2.824976
490.010695	1881.887429	13.978675	-0.086939	2.824983
489.844436	1881.897660	13.983680	-0.086908	2.824976
489.908593	1881.888316	13.988685	-0.086919	2.824975
489.932962	1881.889602	13.993690	-0.086923	2.824977
489.726381	1881.888962	13.998695	-0.086884	2.824962
489.871517	1881.420726	14.003699	-0.086909	2.824708
489.703465	1881.361512	14.008704	-0.086878	2.824662
489.802917	1881.361468	14.013709	-0.086895	2.824669
489.873326	1881.351875	14.018714	-0.086907	2.824668
489.741011	1881.348911	14.023719	-0.086882	2.824656
489.904293	1881.354511	14.028723	-0.086912	2.824671
490.053740	1881.303818	14.033728	-0.086938	2.824653
489.846628	1881.348046	14.038733	-0.086899	2.824663
489.906067	1881.354790	14.043738	-0.086910	2.824671
489.781136	1881.004159	14.048743	-0.086886	2.824463
489.774058	1880.830318	14.053747	-0.086883	2.824364
489.819052	1880.825641	14.058752	-0.086891	2.824365
489.741467	1880.832806	14.063757	-0.086876	2.824363
489.921833	1880.822941	14.068762	-0.086908	2.824370
489.848066	1880.814134	14.073767	-0.086894	2.824359
489.743776	1880.831911	14.078771	-0.086874	2.824361
489.825832	1880.823589	14.083776	-0.086888	2.824362
489.953330	1880.808336	14.088781	-0.086911	2.824363
489.763104	1880.848187	14.093786	-0.086875	2.824371
489.762332	1880.844400	14.098791	-0.086874	2.824369
489.796156	1880.852767	14.103795	-0.086880	2.824375
489.791735	1880.840047	14.108800	-0.086878	2.824368
489.864530	1880.524932	14.113805	-0.086891	2.824195
489.978599	1880.228316	14.118810	-0.086911	2.824035
489.944246	1880.210037	14.123815	-0.086904	2.824022
489.851302	1880.254004	14.128819	-0.086886	2.824040
489.856687	1880.231736	14.133824	-0.086886	2.824027
489.887668	1880.235489	14.138829	-0.086891	2.824031
490.004398	1880.224932	14.143834	-0.086912	2.824034
489.997268	1879.783546	14.148839	-0.086909	2.823784
490.003711	1879.679880	14.153843	-0.086910	2.823725
490.222347	1879.639671	14.158848	-0.086949	2.823718
489.938028	1879.686612	14.163853	-0.086896	2.823724
489.903438	1879.682739	14.168858	-0.086889	2.823719
489.932809	1879.097981	14.173863	-0.086893	2.823390
489.946761	1879.131553	14.178867	-0.086895	2.823410
489.943881	1879.117536	14.183872	-0.086893	2.823401
489.882497	1879.126497	14.188877	-0.086881	2.823402
490.022107	1879.116320	14.193882	-0.086906	2.823406
489.763028	1879.140680	14.198887	-0.086858	2.823400
489.816531	1879.140991	14.203891	-0.086867	2.823404
489.848294	1878.977159	14.208896	-0.086872	2.823314
490.033004	1878.566005	14.213901	-0.086905	2.823095
490.027360	1878.569477	14.218906	-0.086903	2.823096
490.042912	1878.577416	14.223911	-0.086905	2.823101
489.968909	1878.583022	14.228915	-0.086891	2.823099
490.007530	1878.144759	14.233920	-0.086897	2.822854
489.822603	1878.020353	14.238925	-0.086862	2.822770
490.095130	1877.995335	14.243930	-0.086911	2.822775
489.973685	1878.003711	14.248935	-0.086888	2.822770
489.916917	1878.033082	14.253939	-0.086877	2.822783
490.099704	1877.759840	14.258944	-0.086910	2.822641
489.955082	1877.472792	14.263949	-0.086882	2.822468
489.959945	1877.470495	14.268954	-0.086882	2.822467
489.923588	1877.479564	14.273959	-0.086875	2.822469
489.912331	1877.482651	14.278963	-0.086872	2.822470
489.856214	1877.492597	14.283968	-0.086861	2.822471
489.835979	1877.480810	14.288973	-0.086856	2.822463
490.114415	1877.046143	14.293978	-0.086907	2.822237
489.899837	1876.941599	14.298983	-0.086866	2.822162
489.811667	1876.968917	14.303987	-0.086849	2.822171
489.936842	1876.936823	14.308992	-0.086871	2.822161
489.722665	1876.957098	14.313997	-0.086831	2.822157
489.863085	1876.935205	14.319002	-0.086856	2.822154
489.826905	1876.931543	14.324007	-0.086849	2.822149
489.828138	1876.959548	14.329011	-0.086848	2.822165
489.813701	1876.940943	14.334016	-0.086845	2.822153
489.913905	1876.470066	14.339021	-0.086862	2.821894
489.878972	1876.495526	14.344026	-0.086855	2.821906
489.898660	1876.487461	14.349031	-0.086858	2.821902
489.954390	1876.479745	14.354035	-0.086867	2.821902
489.974714	1876.471599	14.359040	-0.086870	2.821898
489.901713	1876.478187	14.364045	-0.086856	2.821896
489.842673	1876.498452	14.369050	-0.086845	2.821903
489.815334	1875.939021	14.374055	-0.086838	2.821585
489.835698	1875.904908	14.379059	-0.086841	2.821567
489.818188	1875.908797	14.384064	-0.086837	2.821567
489.601629	1875.928832	14.389069	-0.086797	2.821563
489.786157	1875.910115	14.394074	-0.086830	2.821565
489.838653	1875.903366	14.399079	-0.086839	2.821565
489.799102	1875.916712	14.404083	-0.086831	2.821569
489.881993	1875.904406	14.409088	-0.086845	2.821568
489.985268	1875.894457	14.414093	-0.086863	2.821569
489.862732	1875.926734	14.419098	-0.086840	2.821578
489.864991	1875.897153	14.424103	-0.086840	2.821562
489.815603	1875.461029	14.429107	-0.086830	2.821311
489.852578	1875.357955	14.434112	-0.086836	2.821255
489.914156	1875.336784	14.439117	-0.086846	2.821248
489.790761	1875.372486	14.444122	-0.086823	2.821258
489.909964	1875.358834	14.449127	-0.086844	2.821259
489.744931	1875.381651	14.454131	-0.086813	2.821260
489.759398	1875.374810	14.459136	-0.086815	2.821257
489.721289	1875.377476	14.464141	-0.086807	2.821255
489.800422	1875.386640	14.469146	-0.086821	2.821266
489.740270	1875.369488	14.474151	-0.086809	2.821251
489.744932	1875.379370	14.479155	-0.086809	2.821257
489.802468	1875.362584	14.484160	-0.086819	2.821251
489.749529	1875.372676	14.489165	-0.086808	2.821253
489.677402	1875.379154	14.494170	-0.086794	2.821251
489.765218	1875.352408	14.499175	-0.086809	2.821242
489.562169	1875.386178	14.504179	-0.086771	2.821246
489.670331	1875.379466	14.509184	-0.086790	2.821250
489.816495	1875.365670	14.514189	-0.086817	2.821252
489.816164	1875.379506	14.519194	-0.086816	2.821260
489.711463	1875.141069	14.524199	-0.086796	2.821117
489.743282	1874.820513	14.529203	-0.086800	2.820938
489.731458	1874.804344	14.534208	-0.086797	2.820928
489.810114	1874.791475	14.539213	-0.086811	2.820926
489.891895	1874.800849	14.544218	-0.086825	2.820937
489.784112	1874.795336	14.549223	-0.086805	2.820925
489.869706	1874.804772	14.554227	-0.086820	2.820937
490.005888	1874.790598	14.559232	-0.086844	2.820938
490.106145	1874.772749	14.564237	-0.086862	2.820935
489.857604	1874.545067	14.569242	-0.086815	2.820788
489.794474	1874.263789	14.574247	-0.086803	2.820624
489.570596	1874.316249	14.579251	-0.086761	2.820637
489.753390	1874.264063	14.584256	-0.086793	2.820621
489.752349	1874.269153	14.589261	-0.086792	2.820623
489.894863	1874.246433	14.594266	-0.086818	2.820620
489.859847	1874.258091	14.599271	-0.086811	2.820624
489.838080	1874.267497	14.604275	-0.086806	2.820628
489.794748	1874.271939	14.609280	-0.086797	2.820627
489.794769	1874.268609	14.614285	-0.086796	2.820624
489.779220	1874.279425	14.619290	-0.086793	2.820629
489.873513	1874.255715	14.624295	-0.086809	2.820622
489.836610	1874.269271	14.629299	-0.086802	2.820627
489.832153	1874.266516	14.634304	-0.086800	2.820625
489.911839	1873.816187	14.639309	-0.086814	2.820376
489.839490	1873.699568	14.644314	-0.086800	2.820304
489.904850	1873.679570	14.649319	-0.086811	2.820297
489.821293	1873.698010	14.654323	-0.086795	2.820301
489.758446	1873.701645	14.659328	-0.086782	2.820298
489.937270	1873.670951	14.664333	-0.086815	2.820294
489.845481	1873.703146	14.669338	-0.086797	2.820305
489.891892	1873.672329	14.674343	-0.086805	2.820291
489.970603	1873.443571	14.679347	-0.086818	2.820167
489.843500	1873.152350	14.684352	-0.086794	2.819992
489.823876	1873.154855	14.689357	-0.086789	2.819992
490.006707	1873.136896	14.694362	-0.086822	2.819995
489.908027	1873.118631	14.699367	-0.086803	2.819977
489.917875	1873.144405	14.704371	-0.086804	2.819992
489.797946	1873.158680	14.709376	-0.086782	2.819991

489.736197	1872.668641	14.714381	-0.086769	2.819709
489.845532	1872.459179	14.719386	-0.086788	2.819599
489.806847	1871.865795	14.724391	-0.086780	2.819260
489.808632	1871.174575	14.729395	-0.086779	2.818869
489.783436	1870.207169	14.734400	-0.086773	2.818319
489.818574	1869.126290	14.739405	-0.086778	2.817710
489.774518	1867.952132	14.744410	-0.086768	2.817042
489.691179	1866.594739	14.749415	-0.086751	2.816267
489.590731	1865.007327	14.754419	-0.086731	2.815360
489.484108	1863.354563	14.759424	-0.086710	2.814416
489.523607	1861.466565	14.764429	-0.086715	2.813348
489.315360	1859.548935	14.769434	-0.086674	2.812246
489.380295	1857.419727	14.774439	-0.086684	2.811042
489.369990	1855.090978	14.779443	-0.086680	2.809720
489.210290	1852.629725	14.784448	-0.086648	2.808311
489.189908	1850.096836	14.789453	-0.086642	2.806870
488.950994	1847.384170	14.794458	-0.086596	2.805311
488.934125	1844.519281	14.799463	-0.086590	2.803680
488.889923	1841.499413	14.804467	-0.086579	2.801958
488.789003	1838.328663	14.809472	-0.086557	2.800145
488.714196	1834.993915	14.814477	-0.086541	2.798240
488.503031	1831.696049	14.819482	-0.086499	2.796344
488.404679	1828.101966	14.824487	-0.086478	2.794286
488.516165	1824.385018	14.829491	-0.086495	2.792171
488.349235	1820.557244	14.834496	-0.086461	2.789972
488.243726	1816.541756	14.839501	-0.086438	2.787667
488.036801	1812.537311	14.844506	-0.086397	2.785360
488.041486	1808.247287	14.849511	-0.086394	2.782902
487.825112	1803.892317	14.854515	-0.086350	2.780389
487.667657	1799.457022	14.859520	-0.086318	2.777832
487.505209	1794.884712	14.864525	-0.086284	2.775193
487.345515	1790.208437	14.869530	-0.086251	2.772492
487.135684	1785.437027	14.874535	-0.086208	2.769730
487.077010	1780.526171	14.879539	-0.086193	2.766897
486.677953	1775.555997	14.884544	-0.086116	2.764000
486.559182	1770.469193	14.889549	-0.086090	2.761054
486.482322	1765.251728	14.894554	-0.086071	2.758033
486.263155	1759.971786	14.899559	-0.086027	2.754961
486.066648	1754.560716	14.904563	-0.085986	2.751811
485.923554	1749.053684	14.909568	-0.085956	2.748607
485.726309	1743.485529	14.914573	-0.085915	2.745359
485.635975	1737.746837	14.919578	-0.085894	2.742015
485.378964	1731.931995	14.924583	-0.085842	2.738611
485.298185	1726.001200	14.929587	-0.085822	2.735149
485.119997	1719.960830	14.934592	-0.085785	2.731610
484.925341	1713.785281	14.939597	-0.085744	2.727987
484.656837	1707.509902	14.944602	-0.085690	2.724294
484.419209	1701.212980	14.949607	-0.085641	2.720587
484.346147	1694.789200	14.954611	-0.085622	2.716812
483.953149	1688.327471	14.959616	-0.085545	2.712985
483.696423	1681.808744	14.964621	-0.085493	2.709130
483.507440	1675.223185	14.969626	-0.085453	2.705235
483.295183	1668.517569	14.974631	-0.085408	2.701261
483.223270	1661.689770	14.979635	-0.085390	2.697221
482.883609	1654.819270	14.984640	-0.085322	2.693128
482.682261	1647.839388	14.989645	-0.085280	2.688975
482.233082	1640.868201	14.994650	-0.085192	2.684801
481.805114	1633.875341	14.999655	-0.085107	2.680609
481.806021	1626.782404	15.004659	-0.085102	2.676385
481.338189	1619.635712	15.009664	-0.085010	2.672084
481.305343	1612.383016	15.014669	-0.084999	2.667749
480.966253	1605.062742	15.019674	-0.084931	2.663341
480.633938	1597.714301	15.024679	-0.084864	2.658909
480.522526	1590.258735	15.029683	-0.084838	2.654423
480.115068	1582.801697	15.034688	-0.084757	2.649905
479.985110	1575.177852	15.039693	-0.084727	2.645301
479.634673	1567.526776	15.044698	-0.084657	2.640655
479.270109	1559.879141	15.049703	-0.084584	2.636001
479.102964	1552.144891	15.054707	-0.084547	2.631302
478.668870	1544.404367	15.059712	-0.084462	2.626570
478.499421	1536.543928	15.064717	-0.084424	2.621777
478.165868	1528.673343	15.069722	-0.084357	2.616956
478.001059	1520.715042	15.074727	-0.084321	2.612087
477.728972	1512.673744	15.079731	-0.084265	2.607148
477.392152	1504.620490	15.084736	-0.084196	2.602188
477.187793	1496.457230	15.089741	-0.084153	2.597161
476.837015	1488.307549	15.094746	-0.084082	2.592121
476.436709	1480.107278	15.099751	-0.084002	2.587035
476.187018	1471.860573	15.104755	-0.083950	2.581924
476.059767	1463.543981	15.109760	-0.083920	2.576769
475.802247	1455.123823	15.114765	-0.083866	2.571529
475.608289	1446.561086	15.119770	-0.083824	2.566194
475.171974	1438.002489	15.124775	-0.083738	2.560830
474.855267	1429.484884	15.129779	-0.083673	2.555491
474.677966	1420.892942	15.134784	-0.083634	2.550106
474.301564	1412.249884	15.139789	-0.083558	2.544660
474.081357	1403.554777	15.144794	-0.083511	2.539184
473.581598	1394.859995	15.149799	-0.083412	2.533671
473.268868	1386.155318	15.154803	-0.083348	2.528156
472.877351	1377.406472	15.159808	-0.083270	2.522595
472.457660	1368.664095	15.164813	-0.083186	2.517022
472.308800	1359.871713	15.169818	-0.083152	2.511430
471.869118	1351.053967	15.174823	-0.083064	2.505782
471.342966	1342.259647	15.179827	-0.082961	2.500129
471.110078	1333.429943	15.184832	-0.082911	2.494467
470.808863	1324.555970	15.189837	-0.082849	2.488758
470.395495	1315.622066	15.194842	-0.082767	2.482986
470.247920	1306.655198	15.199847	-0.082733	2.477204
470.062595	1297.594969	15.204851	-0.082692	2.471344
469.607031	1288.596772	15.209856	-0.082601	2.465486
469.199602	1279.512662	15.214861	-0.082519	2.459563
468.986768	1270.421104	15.219866	-0.082474	2.453638
468.448825	1261.353500	15.224871	-0.082368	2.447685
468.309648	1252.214902	15.229875	-0.082335	2.441707
467.787513	1243.066268	15.234880	-0.082232	2.435672
467.550952	1233.907302	15.239885	-0.082182	2.429643
467.175903	1224.713838	15.244890	-0.082106	2.423562
466.681347	1215.532557	15.249895	-0.082008	2.417463
466.547259	1206.281473	15.254899	-0.081977	2.411336
466.090519	1197.003992	15.259904	-0.081886	2.405145
465.703356	1187.732103	15.264909	-0.081807	2.398949
465.220826	1178.490822	15.269914	-0.081712	2.392748
464.797461	1169.300391	15.274919	-0.081627	2.386570
464.756143	1159.967506	15.279923	-0.081612	2.380317
464.302818	1150.638420	15.284928	-0.081522	2.374011
463.851610	1141.346884	15.289933	-0.081432	2.367713
463.646485	1131.972202	15.294938	-0.081387	2.361366
463.091458	1122.630689	15.299943	-0.081278	2.354990
462.748221	1113.324053	15.304947	-0.081208	2.348641
462.516312	1103.944937	15.309952	-0.081158	2.342236
461.946167	1094.594670	15.314957	-0.081047	2.335800
461.657004	1085.237159	15.319962	-0.080986	2.329369
461.264220	1075.826212	15.324967	-0.080907	2.322873
460.886754	1066.448940	15.329971	-0.080831	2.316384
460.456258	1057.082669	15.334976	-0.080744	2.309878
460.167116	1047.674736	15.339981	-0.080684	2.303339
459.777398	1038.294923	15.344986	-0.080605	2.296791
459.345214	1028.874430	15.349991	-0.080519	2.290192
458.982961	1019.464479	15.354995	-0.080445	2.283587
458.488108	1010.098998	15.360000	-0.080347	2.276981
458.104767	1000.728052	15.365005	-0.080270	2.270364
457.771805	991.332586	15.370010	-0.080201	2.263714
457.206535	981.989216	15.375015	-0.080090	2.257058
456.809162	972.617412	15.380019	-0.080010	2.250379
456.300254	963.287110	15.385024	-0.079910	2.243699
455.810278	953.994664	15.390029	-0.079812	2.237027
455.604242	944.667808	15.395034	-0.079768	2.230340
455.155296	935.335885	15.400039	-0.079678	2.223603
454.843895	925.991370	15.405043	-0.079614	2.216852
454.332733	916.706297	15.410048	-0.079513	2.210102
453.930455	907.373248	15.415053	-0.079432	2.203307
453.652498	898.036817	15.420058	-0.079374	2.196503
453.207945	888.735729	15.425063	-0.079285	2.189684
452.843529	879.405025	15.430067	-0.079211	2.182832
452.439854	870.092316	15.435072	-0.079129	2.175967
451.962772	860.800782	15.440077	-0.079035	2.169087
451.569293	851.495485	15.445082	-0.078955	2.162184
451.153600	842.218272	15.450087	-0.078872	2.155278
450.810116	832.944088	15.455091	-0.078802	2.148359
450.408912	823.666215	15.460096	-0.078721	2.141409
449.941405	814.385350	15.465101	-0.078628	2.134427
449.545331	805.154407	15.470106	-0.078548	2.127466
449.257694	795.851753	15.475111	-0.078488	2.120442
448.812681	786.605185	15.480115	-0.078400	2.113418
448.447208	777.362833	15.485120	-0.078325	2.106383
448.109738	768.087864	15.490125	-0.078256	2.099302
447.861436	758.790396	15.495130	-0.078204	2.092191
447.266240	749.499171	15.500135	-0.078087	2.085020
446.886105	740.254194	15.505139	-0.078010	2.077884
446.432476	731.025345	15.510144	-0.077920	2.070728
445.980142	721.841684	15.515149	-0.077830	2.063581
445.550614	712.656756	15.520154	-0.077744	2.056412
444.974758	703.541624	15.525159	-0.077631	2.049254
444.609968	694.412306	15.530163	-0.077557	2.042085
444.108762	685.328500	15.535168	-0.077458	2.034910
443.512164	676.311622	15.540173	-0.077342	2.027751
443.195382	667.272799	15.545178	-0.077276	2.020583
442.669554	658.268560	15.550183	-0.077173	2.013391
442.138470	649.305195	15.555187	-0.077068	2.006205
441.703440	640.363667	15.560192	-0.076982	1.999022
441.357735	631.415120	15.565197	-0.076911	1.991818
440.891291	622.512271	15.570202	-0.076819	1.984610
440.411438	613.619094	15.575207	-0.076724	1.977382
439.907382	604.784931	15.580211	-0.076624	1.970172
439.491799	595.952325	15.585216	-0.076541	1.962948
439.011972	587.133883	15.590221	-0.076446	1.955700
438.638690	578.358422	15.595226	-0.076371	1.948474
438.093528	569.592501	15.600231	-0.076264	1.941207
437.571014	560.913999	15.605235	-0.076161	1.933987
437.006341	552.272293	15.610240	-0.076051	1.926765
436.440418	543.661787	15.615245	-0.075940	1.919542
436.088194	535.056323	15.620250	-0.075869	1.912323
435.514644	526.490392	15.625255	-0.075757	1.905081
435.087653	517.938420	15.630259	-0.075672	1.897842
434.722853	509.420747	15.635264	-0.075598	1.890613
434.083171	500.937946	15.640269	-0.075474	1.883348
433.561385	492.523234	15.645274	-0.075372	1.876129
433.088413	484.129090	15.650279	-0.075278	1.868906
432.710277	475.727350	15.655283	-0.075202	1.861662
432.239913	467.359600	15.660288	-0.075109	1.854405
431.592069	459.056325	15.665293	-0.074984	1.847152
431.116327	450.807720	15.670298	-0.074890	1.839940
430.659186	442.556481	15.675303	-0.074800	1.832701
429.974887	434.406044	15.680307	-0.074667	1.825489
429.464622	426.280674	15.685312	-0.074567	1.818294
428.878044	418.226943	15.690317	-0.074453	1.811124
428.396167	410.176429	15.695322	-0.074358	1.803942
427.715831	402.207049	15.700327	-0.074227	1.796776
427.188643	394.312098	15.705331	-0.074124	1.789668
426.651611	386.429974	15.710336	-0.074019	1.782543
425.989202	378.602133	15.715341	-0.073891	1.775419
425.692022	370.735566	15.720346	-0.073831	1.768284
424.964623	363.012078	15.725351	-0.073691	1.761188
424.499434	355.294771	15.730355	-0.073599	1.754106
424.073393	347.597955	15.735360	-0.073515	1.747021
423.276836	340.003830	15.740365	-0.073362	1.739945
422.885634	332.421996	15.745370	-0.073285	1.732912
422.088269	324.935654	15.750375	-0.073132	1.725878
421.306111	317.544111	15.755379	-0.072982	1.718906
420.478058	310.308941	15.760384	-0.072824	1.712044
419.754309	303.091668	15.765389	-0.072685	1.705186
419.268087	295.903341	15.770394	-0.072590	1.698364
418.528953	288.834318	15.775399	-0.072449	1.691589
417.942611	281.754210	15.780403	-0.072335	1.684798
417.120547	274.822357	15.785408	-0.072179	1.678085
416.318511	267.992311	15.790413	-0.072026	1.671445
415.593106	261.210031	15.795418	-0.071887	1.664837
414.995176	254.490649	15.800423	-0.071772	1.658282
414.174863	247.877120	15.805427	-0.071615	1.651768
413.236635	241.364240	15.810432	-0.071437	1.645308
412.366734	234.969741	15.815437	-0.071272	1.638948
411.452156	228.716396	15.820442	-0.071099	1.632694
410.423386	222.589053	15.825447	-0.070905	1.626521
409.370649	216.565420	15.830451	-0.070706	1.620423
408.455439	210.660514	15.835456	-0.070533	1.614441
407.139697	204.957535	15.840461	-0.070286	1.608572
406.021583	199.406925	15.845466	-0.070075	1.602866
404.845299	194.008823	15.850471	-0.069854	1.597282
403.650161	188.803247	15.855475	-0.069630	1.591868
402.481524	183.726464	15.860480	-0.069411	1.586570
401.179254	178.842987	15.865485	-0.069167	1.581427
400.045895	174.099491	15.870490	-0.068954	1.576436
398.764383	169.536463	15.875495	-0.068714	1.571589
397.608445	165.094456	15.880499	-0.068498	1.566870
396.605887	160.781129	15.885504	-0.068310	1.562295
395.342835	156.626528	15.890509	-0.068073	1.557825
394.039069	152.689968	15.895514	-0.067830	1.553559
392.966013	148.829735	15.900519	-0.067629	1.549400
391.959783	145.078451	15.905523	-0.067440	1.545353
390.778723	141.487901	15.910528	-0.067220	1.541431
389.647092	138.020022	15.915533	-0.067008	1.537636
388.391247	134.740771	15.920538	-0.066774	1.534007
387.179604	131.565016	15.925543	-0.066548	1.530484
386.055001	128.532518	15.930547	-0.066338	1.527118
384.995253	125.641909	15.935552	-0.066140	1.523904
383.876496	122.834329	15.940557	-0.065931	1.520761
382.865549	120.160754	15.945562	-0.065743	1.517771
381.909589	117.603744	15.950567	-0.065564	1.514907
380.706686	115.148225	15.955571	-0.065340	1.512102
379.563135	112.839865	15.960576	-0.065127	1.509458
378.629882	110.599137	15.965581	-0.064953	1.506918
377.913894	108.425086	15.970586	-0.064819	1.504483
377.195365	106.265647	15.975591	-0.064684	1.502059
376.135747	104.237230	15.980595	-0.064487	1.499710
375.099807	102.312079	15.985600	-0.064294	1.497472
374.081291	100.528421	15.990605	-0.064105	1.495385
373.166946	98.770810	15.995610	-0.063934	1.493341
372.315424	97.107803	16.000615	-0.063776	1.491407
371.254118	95.552840	16.005619	-0.063578	1.489549
370.140061	94.123312	16.010624	-0.063371	1.487814
368.715243	92.905335	16.015629	-0.063107	1.486249
367.630248	91.762523	16.020634	-0.062906	1.484823
366.620043	90.715764	16.025639	-0.062719	1.483514
365.705177	89.727926	16.030643	-0.062549	1.482284
365.190168	88.771770	16.035648	-0.062452	1.481159
364.103813	87.928873	16.040653	-0.062251	1.480052
363.280646	87.144804	16.045658	-0.062098	1.479056
362.648753	86.348775	16.050663	-0.061980	1.478081
362.069943	85.572218	16.055667	-0.061872	1.477135
361.640483	84.843444	16.060672	-0.061792	1.476268
360.863534	84.124851	16.065677	-0.061648	1.475348
360.525583	83.355960	16.070682	-0.061584	1.474453
359.922872	82.620261	16.075687	-0.061472	1.473545
359.417962	81.876877	16.080691	-0.061378	1.472646
358.904412	81.157717	16.085696	-0.061282	1.471771
358.193915	80.518763	16.090701	-0.061150	1.470947
357.768256	79.808611	16.095706	-0.061070	1.470097
357.151774	79.139573	16.100711	-0.060955	1.469256
356.782785	78.437685	16.105715	-0.060886	1.468424
356.297950	77.723875	16.110720	-0.060796	1.467557
355.911733	77.018609	16.115725	-0.060723	1.466718
355.406472	76.344058	16.120730	-0.060629	1.465889
354.910434	75.637823	16.125735	-0.060536	1.465027
354.195220	74.954993	16.130739	-0.060403	1.464151
353.449291	74.360031	16.135744	-0.060265	1.463364
352.253221	73.895111	16.140749	-0.060043	1.462637
351.278995	73.527413	16.145754	-0.059863	1.462056
350.684809	73.148834	16.150759	-0.059752	1.461533
349.777938	72.926738	16.155763	-0.059584	1.461124
349.315023	72.586479	16.160768	-0.059498	1.460666
348.774373	72.300627	16.165773	-0.059398	1.460253
348.454251	71.983134	16.170778	-0.059338	1.459846
348.153225	71.568733	16.175783	-0.059281	1.459336
347.709397	71.215587	16.180787	-0.059198	1.458867
347.385022	70.813369	16.185792	-0.059138	1.458366
347.099887	70.324272	16.190797	-0.059084	1.457776
346.690457	69.867914	16.195802	-0.059008	1.457200
346.350557	69.385830	16.200807	-0.058944	1.456607
345.837534	68.897886	16.205811	-0.058848	1.455976
345.713102	68.347698	16.210816	-0.058824	1.455348
345.286690	67.759686	16.215821	-0.058744	1.454623
344.990387	67.156847	16.220826	-0.058689	1.453904
344.554924	66.552165	16.225831	-0.058607	1.453158
343.871903	65.976229	16.230835	-0.058480	1.452397
343.607912	65.387587	16.235840	-0.058431	1.451699
343.168428	64.774167	16.240845	-0.058348	1.450942
342.828621	64.095120	16.245850	-0.058285	1.450129
342.561290	63.396064	16.250855	-0.058234	1.449308
341.861279	62.779512	16.255859	-0.058104	1.448497
341.091194	62.170848	16.260864	-0.057961	1.447682
340.245643	61.655811	16.265869	-0.057804	1.446956
339.538886	61.245510	16.270874	-0.057673	1.446371
338.668528	60.817609	16.275879	-0.057512	1.445736
337.048634	60.662670	16.280883	-0.057212	1.445264
336.326542	60.527468	16.285888	-0.057078	1.444980
335.668206	60.389012	16.290893	-0.056956	1.444704
335.009959	60.329637	16.295898	-0.056834	1.444516
334.506002	60.143671	16.300903	-0.056741	1.444216
334.126237	60.050136	16.305907	-0.056670	1.444041
333.917982	59.872930	16.310912	-0.056631	1.443806
333.619663	59.634904	16.315917	-0.056575	1.443486
333.077709	59.417627	16.320922	-0.056474	1.443144
333.120000	59.093892	16.325927	-0.056481	1.442792
332.846812	58.730189	16.330931	-0.056429	1.442337
332.797084	58.314827	16.335936	-0.056419	1.441866
332.553386	57.842861	16.340941	-0.056373	1.441296
332.279639	57.316681	16.345946	-0.056322	1.440660
331.892851	56.771295	16.350951	-0.056249	1.439981
331.574402	56.207634	16.355955	-0.056189	1.439295
331.224592	55.630432	16.360960	-0.056124	1.438587
330.540454	55.078122	16.365965	-0.055997	1.437845
329.561934	54.651881	16.370970	-0.055815	1.437187
328.564831	54.327675	16.375975	-0.055631	1.436640
327.362482	54.175368	16.380979	-0.055408	1.436245
326.536122	54.026876	16.385984	-0.055255	1.435925
325.968801	53.867940	16.390989	-0.055150	1.435642
325.167548	53.771102	16.395994	-0.055002	1.435384
324.383469	53.759478	16.400999	-0.054856	1.435224
323.777809	53.754449	16.406003	-0.054744	1.435104
323.286050	53.660295	16.411008	-0.054653	1.434907
322.963472	53.682853	16.416013	-0.054592	1.434871
322.829712	53.461061	16.421018	-0.054567	1.434598
322.614365	53.311978	16.426023	-0.054526	1.434391
322.511864	53.050646	16.431027	-0.054506	1.434079
322.234819	52.751296	16.436032	-0.054454	1.433693
322.036127	52.365154	16.441037	-0.054417	1.433223
321.721647	52.017645	16.446042	-0.054358	1.432776
321.533801	51.568095	16.451047	-0.054322	1.432238
321.160934	51.122154	16.456051	-0.054253	1.431669
320.746513	50.684206	16.461056	-0.054175	1.431101
320.219036	50.216687	16.466061	-0.054077	1.430478
319.796606	49.752077	16.471066	-0.053998	1.429878
319.769002	49.200086	16.476071	-0.053992	1.429254
319.233560	48.641735	16.481075	-0.053892	1.428527
318.737851	48.110777	16.486080	-0.053800	1.427838
318.306241	47.554240	16.491085	-0.053719	1.427133
317.468557	47.135346	16.496090	-0.053564	1.426505
316.981236	46.665903	16.501095	-0.053473	1.425885
316.505225	46.165913	16.506099	-0.053384	1.425234
315.815329	45.728233	16.511104	-0.053256	1.424611
315.286128	45.283781	16.516109	-0.053157	1.424012
314.315271	44.966474	16.521114	-0.052977	1.423471
313.599464	44.650673	16.526119	-0.052845	1.422981
312.390240	44.488051	16.531123	-0.052621	1.422569
311.134287	44.537065	16.536128	-0.052389	1.422387
310.674111	44.408998	16.541133	-0.052303	1.422155
310.132770	44.472694	16.546138	-0.052203	1.422124
309.662947	44.309553	16.551143	-0.052115	1.421851
309.234653	44.382895	16.556147	-0.052036	1.421852
308.860570	44.226098	16.561152	-0.051966	1.421604
308.691715	44.109964	16.566157	-0.051934	1.421441
308.367166	43.942176	16.571162	-0.051873	1.421190
308.167410	43.683871	16.576167	-0.051836	1.420860
307.855929	43.416224	16.581171	-0.051777	1.420499
307.047204	43.261098	16.586176	-0.051628	1.420171
306.897144	42.976427	16.591181	-0.051599	1.419821
306.467274	42.726771	16.596186	-0.051519	1.419457
306.474535	42.319372	16.601191	-0.051519	1.418998
306.246290	41.903131	16.606195	-0.051476	1.418484
305.870464	41.484950	16.611200	-0.051406	1.417940
305.697187	40.967423	16.616205	-0.051373	1.417322
305.410143	40.478854	16.621210	-0.051319	1.416715
304.903434	39.980233	16.626215	-0.051224	1.416054
304.710564	39.379949	16.631219	-0.051188	1.415338
304.232249	38.820763	16.636224	-0.051098	1.414614
303.751077	38.238278	16.641229	-0.051009	1.413862
302.393484	37.863570	16.646234	-0.050757	1.413179
301.163066	37.628840	16.651239	-0.050530	1.412679
300.691335	37.376902	16.656243	-0.050442	1.412303
300.337876	37.043181	16.661248	-0.050376	1.411856
299.912940	36.776593	16.666253	-0.050297	1.411472
299.183937	36.470278	16.671258	-0.050162	1.410985
298.571373	36.240026	16.676263	-0.050048	1.410607
297.950877	36.005978	16.681267	-0.049933	1.410222
297.174411	35.842688	16.686272	-0.049789	1.409888
296.687279	35.669048	16.691277	-0.049698	1.409597
296.384088	35.460521	16.696282	-0.049641	1.409302
295.848342	35.254909	16.701287	-0.049542	1.408965
295.344756	35.031629	16.706291	-0.049448	1.408614
294.968908	34.812690	16.711296	-0.049378	1.408293
294.628003	34.560520	16.716301	-0.049314	1.407940
294.412610	34.201386	16.721306	-0.049273	1.407490
294.247541	33.877555	16.726311	-0.049242	1.407089
293.801458	33.510866	16.731315	-0.049159	1.406586
292.915626	33.270819	16.736320	-0.048995	1.406142
292.559385	32.900346	16.741325	-0.048928	1.405651
291.869650	32.647701	16.746330	-0.048800	1.405231
291.584540	32.315016	16.751335	-0.048747	1.404796
291.384852	31.941034	16.756339	-0.048709	1.404331
290.921986	31.534848	16.761344	-0.048623	1.403778
290.134966	31.241609	16.766349	-0.048477	1.403292
289.025151	31.058712	16.771354	-0.048271	1.402870
288.533471	30.853596	16.776359	-0.048180	1.402541
288.121843	30.597690	16.781363	-0.048103	1.402169
287.440318	30.456671	16.786368	-0.047977	1.401876
286.936321	30.303966	16.791373	-0.047883	1.401604
286.223030	30.144088	16.796378	-0.047751	1.401284
285.493377	30.101972	16.801383	-0.047615	1.401095
285.262442	29.860893	16.806387	-0.047572	1.400774
285.051205	29.680440	16.811392	-0.047532	1.400526
284.464354	29.473126	16.816397	-0.047423	1.400176
283.030294	29.450710	16.821402	-0.047158	1.399874
281.767466	29.637753	16.826407	-0.046925	1.399845
281.519847	29.675086	16.831411	-0.046879	1.399839
281.272454	29.715927	16.836416	-0.046832	1.399838
281.108956	29.742694	16.841421	-0.046801	1.399836
281.070658	29.560806	16.846426	-0.046793	1.399620
280.930419	29.414593	16.851431	-0.046767	1.399425
280.867881	29.138270	16.856435	-0.046754	1.399095
280.520123	28.862171	16.861440	-0.046689	1.398712
280.126821	28.554439	16.866445	-0.046616	1.398283
279.885406	28.199689	16.871450	-0.046570	1.397829
279.615626	27.827096	16.876455	-0.046520	1.397349
279.252956	27.462482	16.881459	-0.046452	1.396860
278.212154	27.190742	16.886464	-0.046259	1.396347
277.562995	26.966602	16.891469	-0.046139	1.395964
277.223107	26.655715	16.896474	-0.046075	1.395541
276.992739	26.281712	16.901479	-0.046032	1.395066
276.711097	25.900837	16.906483	-0.045979	1.394574
275.603980	25.670499	16.911488	-0.045774	1.394095
274.240462	25.602299	16.916493	-0.045522	1.393752
273.531076	25.613475	16.921498	-0.045390	1.393627
273.241346	25.403002	16.926503	-0.045336	1.393329
272.966689	25.261846	16.931507	-0.045285	1.393112
272.544920	25.124523	16.936512	-0.045206	1.392872
272.199247	24.917082	16.941517	-0.045142	1.392566
271.913865	24.682899	16.946522	-0.045088	1.392240
271.411994	24.506016	16.951527	-0.044995	1.391939
271.182372	24.245934	16.956531	-0.044952	1.391594
270.727292	23.932720	16.961536	-0.044867	1.391145
270.036199	23.715627	16.966541	-0.044739	1.390760
269.477332	23.499184	16.971546	-0.044635	1.390402
268.793819	23.332465	16.976551	-0.044508	1.390076
268.414982	23.105042	16.981555	-0.044437	1.389740
267.788152	22.942892	16.986560	-0.044321	1.389431
267.628070	22.683609	16.991565	-0.044290	1.389100
267.208604	22.424003	16.996570	-0.044212	1.388718
266.037433	22.310228	17.001575	-0.043996	1.388359
265.150005	22.254339	17.006579	-0.043831	1.388122
264.450834	22.315975	17.011584	-0.043702	1.388056
263.876517	22.239987	17.016589	-0.043595	1.387856
263.535366	22.190544	17.021594	-0.043532	1.387732
263.042780	22.220879	17.026599	-0.043440	1.387671
262.767285	22.047320	17.031603	-0.043388	1.387416
262.328829	22.003454	17.036608	-0.043307	1.387280
262.035027	21.898961	17.041613	-0.043252	1.387101
261.883823	21.715831	17.046618	-0.043223	1.386859
261.192353	21.548964	17.051623	-0.043095	1.386531
260.955236	21.366588	17.056627	-0.043050	1.386274
260.718721	21.123280	17.061632	-0.043006	1.385945
260.241310	20.856422	17.066637	-0.042917	1.385543
260.068082	20.537077	17.071642	-0.042884	1.385139
259.619266	20.275472	17.076647	-0.042800	1.384748
259.397557	19.875642	17.081651	-0.042759	1.384241
258.372759	19.672119	17.086656	-0.042569	1.383805
257.494504	19.509307	17.091661	-0.042406	1.383445
256.823552	19.366294	17.096666	-0.042282	1.383148
254.680386	19.682752	17.101671	-0.041886	1.383096
253.512703	19.875938	17.106675	-0.041671	1.383092
253.308778	20.177738	17.111680	-0.041633	1.383401
252.965790	20.231103	17.116685	-0.041569	1.383395
252.659519	20.381483	17.121690	-0.041512	1.383509
252.191097	20.638747	17.126695	-0.041425	1.383715
252.215547	20.628336	17.131699	-0.041428	1.383707
252.124084	20.598874	17.136704	-0.041411	1.383654
251.876708	20.412140	17.141709	-0.041364	1.383389
251.840126	20.298308	17.146714	-0.041357	1.383249
251.492934	20.108626	17.151719	-0.041292	1.382961
251.222721	19.898388	17.156723	-0.041241	1.382664
251.170529	19.609568	17.161728	-0.041231	1.382318
251.022905	19.280350	17.166733	-0.041202	1.381906
250.930759	18.851929	17.171738	-0.041184	1.381390
250.495832	18.408969	17.176743	-0.041103	1.380790
250.265254	17.934036	17.181747	-0.041060	1.380193
250.033021	17.406955	17.186752	-0.041016	1.379534
249.407473	16.929907	17.191757	-0.040900	1.378857
249.052210	16.407575	17.196762	-0.040833	1.378179
247.651600	16.109753	17.201767	-0.040574	1.377558
245.877084	16.100591	17.206771	-0.040246	1.377199
244.618832	16.118513	17.211776	-0.040014	1.376972
242.704416	16.500175	17.216781	-0.039661	1.377041
241.806586	16.862363	17.221786	-0.039495	1.377286
241.280807	17.196207	17.226791	-0.039397	1.377571
241.140649	17.417497	17.231795	-0.039371	1.377800
240.809094	17.721849	17.236800	-0.039309	1.378089
240.326739	17.920386	17.241805	-0.039220	1.378225
240.322139	18.099244	17.246810	-0.039218	1.378431
240.067695	18.145420	17.251815	-0.039171	1.378434
239.896174	18.171748	17.256819	-0.039138	1.378430
239.813184	18.194593	17.261824	-0.039122	1.378440
239.622322	18.086107	17.266829	-0.039086	1.378275
239.724395	17.896717	17.271834	-0.039104	1.378074
239.433584	17.673905	17.276839	-0.039050	1.377757
239.279656	17.397030	17.281843	-0.039020	1.377404
239.137368	17.105007	17.286848	-0.038993	1.377035
239.038540	16.674976	17.291853	-0.038974	1.376514
239.030225	16.176181	17.296858	-0.038971	1.375931
238.695147	15.682093	17.301863	-0.038908	1.375288
238.447062	15.118507	17.306867	-0.038862	1.374581
238.210532	14.515449	17.311872	-0.038817	1.373830
237.681128	13.942246	17.316877	-0.038718	1.373056
236.720253	13.465946	17.321882	-0.038540	1.372310
234.626810	13.358447	17.326887	-0.038154	1.371772
232.320503	13.617491	17.331891	-0.037728	1.371620
231.301756	13.796444	17.336896	-0.037540	1.371628
230.468457	14.175426	17.341901	-0.037386	1.371906
230.268436	14.255056	17.346906	-0.037348	1.371959
229.670555	14.574839	17.351911	-0.037238	1.372215
229.209404	14.660890	17.356915	-0.037152	1.372224
229.200058	14.919076	17.361920	-0.037150	1.372523
228.866000	14.974925	17.366925	-0.037087	1.372521
229.061436	14.934730	17.371930	-0.037123	1.372512
228.795158	14.731283	17.376935	-0.037073	1.372221
228.764479	14.647944	17.381939	-0.037066	1.372117
228.672077	14.439878	17.386944	-0.037048	1.371855
228.103634	14.250165	17.391949	-0.036943	1.371520
228.116647	13.937986	17.396954	-0.036944	1.371157
227.910273	13.589708	17.401959	-0.036905	1.370708
227.634765	13.204389	17.406963	-0.036853	1.370202
227.546785	12.758611	17.411968	-0.036836	1.369662
227.110929	12.305222	17.416973	-0.036755	1.369044
226.962781	11.781275	17.421978	-0.036726	1.368400
226.432509	11.288247	17.426983	-0.036628	1.367716
225.766698	10.865572	17.431987	-0.036504	1.367088
224.526763	10.581450	17.436992	-0.036274	1.366509
221.638409	10.816938	17.441997	-0.035742	1.366213
220.494338	11.124355	17.447002	-0.035531	1.366347
219.827155	11.264792	17.452007	-0.035407	1.366379
219.367355	11.584786	17.457011	-0.035322	1.366663
219.384305	11.590617	17.462016	-0.035324	1.366673
219.099957	11.638536	17.467021	-0.035271	1.366672
218.902639	11.673131	17.472026	-0.035234	1.366673
218.584758	11.726164	17.477031	-0.035175	1.366671
218.472978	11.738776	17.482035	-0.035153	1.366663
218.346601	11.518767	17.487040	-0.035129	1.366379
218.255444	11.332890	17.492045	-0.035111	1.366142
218.063944	11.106001	17.497050	-0.035075	1.365837
217.863076	10.776986	17.502055	-0.035037	1.365410
217.313966	10.505273	17.507059	-0.034935	1.364981
217.257725	10.175107	17.512064	-0.034924	1.364581
216.725889	9.782730	17.517069	-0.034825	1.364013
216.280836	9.453821	17.522074	-0.034742	1.363537
215.730011	9.117282	17.527079	-0.034639	1.363031
214.848901	8.860014	17.532083	-0.034476	1.362553
214.477371	8.592466	17.537088	-0.034407	1.362163
213.764176	8.394501	17.542093	-0.034274	1.361788
213.372782	8.086393	17.547098	-0.034201	1.361346
212.661896	7.872227	17.552103	-0.034069	1.360951
211.411151	7.834772	17.557107	-0.033838	1.360658
210.904445	7.725222	17.562112	-0.033744	1.360427
210.368314	7.612595	17.567117	-0.033644	1.360187
209.049298	7.786328	17.572122	-0.033401	1.360129
208.629302	7.860978	17.577127	-0.033323	1.360133
208.290054	7.912760	17.582131	-0.033260	1.360126
208.111989	7.680066	17.587136	-0.033226	1.359815
207.901113	7.688130	17.592141	-0.033186	1.359781
207.747147	7.488871	17.597146	-0.033157	1.359515
207.417108	7.293810	17.602151	-0.033095	1.359218
206.986832	7.113451	17.607155	-0.033015	1.358919
206.966712	6.824516	17.612160	-0.033010	1.358573
206.235307	6.579033	17.617165	-0.032875	1.358136
205.417543	6.478331	17.622170	-0.032723	1.357853
205.194686	6.255498	17.627175	-0.032681	1.357545
204.997174	6.006407	17.632179	-0.032644	1.357210
204.844143	5.689575	17.637184	-0.032615	1.356804
203.306968	5.609068	17.642189	-0.032331	1.356402
202.114122	5.573127	17.647194	-0.032110	1.356120
201.554965	5.664529	17.652199	-0.032007	1.356116
200.717108	5.799220	17.657203	-0.031852	1.356108
200.485029	5.674844	17.662208	-0.031808	1.355913
200.133341	5.639227	17.667213	-0.031742	1.355800
199.639666	5.733442	17.672218	-0.031651	1.355812
199.328945	5.579646	17.677223	-0.031593	1.355567
199.053894	5.556450	17.682227	-0.031541	1.355484
199.052687	5.307163	17.687232	-0.031540	1.355188
198.679067	5.124276	17.692237	-0.031470	1.354896
198.432963	4.888985	17.697242	-0.031424	1.354567
197.973078	4.631068	17.702247	-0.031338	1.354169
196.188439	4.731061	17.707251	-0.031009	1.353930
194.149473	5.083593	17.712256	-0.030633	1.353939
193.469291	5.401382	17.717261	-0.030507	1.354179
193.472636	5.539154	17.722266	-0.030507	1.354342
193.573596	5.721474	17.727271	-0.030525	1.354578
193.488656	5.734131	17.732275	-0.030508	1.354575
193.453887	5.476081	17.737280	-0.030501	1.354261
193.387230	5.415462	17.742285	-0.030488	1.354175
193.219143	5.195374	17.747290	-0.030456	1.353880
193.236452	4.885243	17.752295	-0.030458	1.353515
192.813615	4.635202	17.757299	-0.030380	1.353133
192.686689	4.257218	17.762304	-0.030355	1.352658
192.397912	3.901807	17.767309	-0.030301	1.352178
190.528337	3.880977	17.772314	-0.029956	1.351778
189.164727	3.864431	17.777319	-0.029704	1.351484
188.687079	3.927825	17.782323	-0.029615	1.351463
188.571937	3.947426	17.787328	-0.029593	1.351462
188.435987	3.712334	17.792333	-0.029567	1.351155
188.295090	3.561552	17.797338	-0.029540	1.350947
188.272485	3.289845	17.802343	-0.029535	1.350618
187.586889	3.061108	17.807347	-0.029408	1.350208
187.235356	2.814722	17.812352	-0.029342	1.349844
187.105103	2.504720	17.817357	-0.029317	1.349448
186.084641	2.325452	17.822362	-0.029129	1.349029
184.843265	2.248751	17.827367	-0.028899	1.348688
183.766543	2.388230	17.832371	-0.028700	1.348637
182.740767	2.562913	17.837376	-0.028510	1.348638
181.478623	2.781145	17.842381	-0.028277	1.348643
180.902134	3.058105	17.847386	-0.028171	1.348856
180.908045	3.144634	17.852391	-0.028171	1.348960
180.677052	3.183393	17.857395	-0.028128	1.348958
180.799692	3.160525	17.862400	-0.028149	1.348955
180.742410	3.170372	17.867405	-0.028138	1.348954
180.714767	3.004605	17.872410	-0.028132	1.348751
180.889488	2.732089	17.877415	-0.028163	1.348460
180.636442	2.415933	17.882419	-0.028116	1.348032
180.539471	2.048406	17.887424	-0.028097	1.347574
179.994755	1.740191	17.892429	-0.027996	1.347096
179.367186	1.447418	17.897434	-0.027879	1.346620
179.078011	1.055158	17.902439	-0.027825	1.346094
177.783605	0.885181	17.907443	-0.027585	1.345629
175.861646	0.972452	17.912448	-0.027231	1.345346
174.939838	1.051704	17.917453	-0.027060	1.345254
173.978527	1.402981	17.922458	-0.026883	1.345478
173.615102	1.532383	17.927463	-0.026815	1.345559
173.726871	1.509388	17.932467	-0.026835	1.345553
173.592694	1.534833	17.937472	-0.026809	1.345555
173.422598	1.417500	17.942477	-0.026777	1.345380
173.299661	1.302296	17.947482	-0.026754	1.345217
173.043624	1.104849	17.952487	-0.026705	1.344929
172.571652	0.942855	17.957491	-0.026618	1.344640
172.335939	0.704713	17.962496	-0.026573	1.344307
172.324884	0.369020	17.967501	-0.026570	1.343903
171.853672	0.108753	17.972506	-0.026483	1.343496
171.117031	-0.175656	17.977511	-0.026346	1.343006
168.532653	0.039041	17.982515	-0.025869	1.342740
166.986265	0.451554	17.987520	-0.025584	1.342921
166.856767	0.650216	17.992525	-0.025559	1.343131
167.217978	0.797928	17.997530	-0.025625	1.343380
167.377081	0.608967	18.002535	-0.025654	1.343185
166.973721	0.563540	18.007539	-0.025579	1.343049
167.144227	0.358990	18.012544	-0.025609	1.342838
166.916335	0.148256	18.017549	-0.025566	1.342539
166.539716	-0.029222	18.022554	-0.025496	1.342249
166.112147	-0.307467	18.027559	-0.025416	1.341829
165.332775	-0.469483	18.032563	-0.025272	1.341477
164.503258	-0.553208	18.037568	-0.025118	1.341208
162.045256	-0.276937	18.042573	-0.024665	1.341041
160.918692	0.139478	18.047578	-0.024457	1.341311
161.630894	0.220047	18.052583	-0.024587	1.341551
161.544117	0.224324	18.057587	-0.024570	1.341537
161.669435	0.098273	18.062592	-0.024593	1.341411
161.415959	-0.007999	18.067597	-0.024545	1.341232
160.979796	-0.178799	18.072602	-0.024464	1.340938
160.830432	-0.348588	18.077607	-0.024436	1.340704
160.415033	-0.534514	18.082611	-0.024358	1.340396
160.053205	-0.748957	18.087616	-0.024291	1.340065
159.110229	-0.849565	18.092621	-0.024116	1.339752
157.717492	-0.677844	18.097626	-0.023859	1.339675
157.523460	-0.773894	18.102631	-0.023822	1.339520
156.711556	-0.780420	18.107635	-0.023672	1.339347
155.960653	-0.648734	18.112640	-0.023533	1.339352
156.358432	-0.729910	18.117645	-0.023605	1.339334
155.154284	-0.771399	18.122650	-0.023383	1.339040
153.625135	-0.425389	18.127655	-0.023101	1.339144
153.430452	-0.221850	18.132659	-0.023064	1.339348
154.833638	-0.494685	18.137664	-0.023322	1.339304
154.725241	-0.788355	18.142669	-0.023301	1.338929
153.680806	-0.830322	18.147674	-0.023107	1.338666
153.266112	-0.966894	18.152679	-0.023030	1.338417
151.020221	-0.799720	18.157683	-0.022616	1.338162
150.455981	-0.485648	18.162688	-0.022511	1.338424
151.952502	-0.789068	18.167693	-0.022786	1.338362
151.329413	-0.951360	18.172698	-0.022670	1.338040
150.573337	-1.027038	18.177703	-0.022530	1.337795
150.039761	-1.128299	18.182707	-0.022431	1.337564
149.221952	-1.056766	18.187712	-0.022280	1.337483
148.021365	-0.997555	18.192717	-0.022058	1.337310
145.311162	-0.302232	18.197722	-0.021558	1.337595
148.429121	-0.674963	18.202727	-0.022132	1.337779
149.391430	-1.230693	18.207731	-0.022308	1.337305
144.762419	-0.675193	18.212736	-0.021455	1.337032
145.169350	-0.439493	18.217741	-0.021529	1.337397
146.062922	-0.699707	18.222746	-0.021693	1.337265
145.267341	-0.584161	18.227751	-0.021546	1.337242
144.934224	-0.779575	18.232755	-0.021483	1.336938
145.584249	-1.041928	18.237760	-0.021602	1.336754
144.111880	-1.119701	18.242765	-0.021330	1.336361
140.366929	-0.409669	18.247770	-0.020640	1.336453
142.230935	-0.348135	18.252775	-0.020982	1.336905
144.789755	-1.125435	18.257779	-0.021453	1.336489
141.538635	-0.974332	18.262784	-0.020853	1.336010
141.329046	-0.977928	18.267789	-0.020814	1.335962
141.541616	-1.151599	18.272794	-0.020852	1.335795
138.938654	-0.825433	18.277799	-0.020372	1.335658
138.146810	-0.447002	18.282803	-0.020226	1.335951
139.986786	-0.745016	18.287808	-0.020563	1.335966
140.171931	-1.124112	18.292813	-0.020597	1.335546
137.184102	-0.781266	18.297818	-0.020046	1.335351
137.292242	-0.560722	18.302823	-0.020065	1.335637
138.763325	-1.049718	18.307827	-0.020335	1.335347
135.880850	-0.816187	18.312832	-0.019803	1.335041
135.737245	-0.551161	18.317837	-0.019776	1.335330
136.835721	-0.889350	18.322842	-0.019978	1.335146
135.412264	-0.951616	18.327847	-0.019715	1.334780
134.231111	-0.798455	18.332851	-0.019496	1.334723
132.615848	-0.354268	18.337856	-0.019198	1.334929
135.594780	-0.864871	18.342861	-0.019746	1.334919
133.343304	-0.891369	18.347866	-0.019330	1.334428
132.553406	-0.593029	18.352871	-0.019184	1.334626
132.965237	-0.994351	18.357875	-0.019259	1.334226
130.958450	-0.534862	18.362880	-0.018889	1.334370
132.498427	-0.956492	18.367885	-0.019172	1.334175
130.654402	-0.886462	18.372890	-0.018831	1.333883
129.391629	-0.508671	18.377895	-0.018598	1.334080
130.967881	-0.960041	18.382899	-0.018887	1.333856
128.244732	-0.572022	18.387904	-0.018385	1.333768
129.150267	-0.726021	18.392909	-0.018551	1.333766
128.435601	-0.663672	18.397914	-0.018419	1.333695
127.295779	-0.407850	18.402919	-0.018208	1.333770
129.406348	-1.058129	18.407923	-0.018596	1.333416
124.805791	-0.425873	18.412928	-0.017748	1.333240
127.428062	-0.716307	18.417933	-0.018230	1.333423
126.016285	-0.724898	18.422938	-0.017969	1.333124
125.783554	-0.696444	18.427943	-0.017926	1.333110
124.891148	-0.782189	18.432947	-0.017760	1.332824
123.812171	-0.576736	18.437952	-0.017561	1.332851
124.054573	-0.638738	18.442957	-0.017605	1.332825
123.983155	-0.721343	18.447962	-0.017591	1.332710
121.719274	-0.319708	18.452967	-0.017173	1.332732
124.419305	-0.929518	18.457971	-0.017670	1.332546
120.490560	-0.324067	18.462976	-0.016945	1.332474
122.959582	-0.805801	18.467981	-0.017399	1.332396
120.611494	-0.523500	18.472986	-0.016966	1.332257
120.249742	-0.454793	18.477991	-0.016899	1.332265
121.265604	-0.818520	18.482995	-0.017085	1.332032
118.187257	-0.381247	18.488000	-0.016517	1.331931
118.753636	-0.476528	18.493005	-0.016621	1.331931
118.600585	-0.457321	18.498010	-0.016592	1.331922
117.581710	-0.268233	18.503015	-0.016404	1.331941
119.581549	-0.772042	18.508019	-0.016771	1.331741
114.344193	-0.044261	18.513024	-0.015806	1.331550
119.060239	-0.682510	18.518029	-0.016673	1.331741
115.275446	-0.411089	18.523034	-0.015976	1.331295
115.760081	-0.487389	18.528039	-0.016064	1.331301
115.678273	-0.533342	18.533043	-0.016048	1.331228
112.980275	-0.151530	18.538048	-0.015551	1.331137
116.228309	-0.651138	18.543053	-0.016148	1.331196
112.826860	-0.462072	18.548058	-0.015521	1.330729
113.294537	-0.320446	18.553063	-0.015606	1.330995
112.954240	-0.534316	18.558067	-0.015542	1.330666
112.085031	-0.393258	18.563072	-0.015382	1.330658
112.004117	-0.392629	18.568077	-0.015366	1.330641
111.690202	-0.685071	18.573082	-0.015307	1.330223
109.303372	-0.063499	18.578087	-0.014867	1.330486
111.510983	-0.689126	18.583091	-0.015273	1.330180
108.879560	-0.182220	18.588096	-0.014788	1.330254
110.107944	-0.544585	18.593101	-0.015013	1.330066
109.214184	-0.517178	18.598106	-0.014847	1.329916
105.963972	0.009782	18.603111	-0.014248	1.329888
110.719954	-0.829070	18.608115	-0.015123	1.329845
105.213123	-0.120076	18.613120	-0.014108	1.329575
107.376184	-0.342251	18.618125	-0.014506	1.329748
107.001967	-0.511760	18.623130	-0.014436	1.329466
104.780877	-0.178116	18.628135	-0.014026	1.329414
106.640326	-0.590375	18.633139	-0.014368	1.329295
103.815813	-0.269069	18.638144	-0.013847	1.329105
104.593362	-0.252935	18.643149	-0.013989	1.329283
104.846558	-0.621951	18.648154	-0.014035	1.328887
102.288329	-0.089822	18.653159	-0.013563	1.329007
103.800057	-0.498796	18.658163	-0.013841	1.328820
102.508873	-0.343291	18.663168	-0.013602	1.328743
100.442184	-0.119002	18.668173	-0.013221	1.328591
103.918824	-0.745157	18.673178	-0.013860	1.328544
98.201018	0.049596	18.678183	-0.012807	1.328335
102.543039	-0.649663	18.683187	-0.013605	1.328376
98.167607	0.056341	18.688192	-0.012799	1.328334
100.637387	-0.443725	18.693197	-0.013253	1.328234
99.818951	-0.465693	18.698202	-0.013101	1.328039
95.799631	0.164604	18.703207	-0.012361	1.327978
100.823026	-0.693739	18.708211	-0.013285	1.327966
95.600207	-0.062688	18.713216	-0.012322	1.327660
98.036581	-0.359294	18.718221	-0.012770	1.327799
96.985241	-0.393023	18.723226	-0.012576	1.327542
95.472740	-0.126941	18.728231	-0.012296	1.327554
96.316015	-0.379697	18.733235	-0.012451	1.327419
94.145029	-0.110784	18.738240	-0.012050	1.327299
94.742357	-0.199754	18.743245	-0.012159	1.327313
95.396913	-0.502685	18.748250	-0.012279	1.327079
91.880912	-0.004204	18.753255	-0.011631	1.326962
94.021005	-0.361689	18.758259	-0.012024	1.326966
92.473026	-0.354259	18.763264	-0.011738	1.326657
90.785358	0.100986	18.768269	-0.011427	1.326862
94.125322	-0.691375	18.773274	-0.012041	1.326585
89.139581	0.102796	18.778279	-0.011122	1.326525
92.101602	-0.481637	18.783283	-0.011667	1.326423
90.426850	-0.334174	18.788288	-0.011358	1.326258
87.208236	0.147978	18.793293	-0.010764	1.326181
92.042525	-0.700479	18.798298	-0.011653	1.326143
85.745848	0.277071	18.803303	-0.010493	1.326036
90.337826	-0.498823	18.808307	-0.011338	1.326036
87.115092	-0.230537	18.813312	-0.010744	1.325699
86.072231	0.027091	18.818317	-0.010551	1.325797
89.061182	-0.518597	18.823322	-0.011100	1.325748
83.854133	0.169137	18.828327	-0.010141	1.325512
87.639265	-0.432770	18.833331	-0.010837	1.325558
84.744769	-0.077317	18.838336	-0.010303	1.325394
84.390137	-0.201596	18.843341	-0.010237	1.325170
85.885055	-0.386890	18.848346	-0.010512	1.325251
81.384067	0.055634	18.853351	-0.009682	1.324863
85.397507	-0.380860	18.858355	-0.010420	1.325157
82.094402	-0.128595	18.863360	-0.009811	1.324784
82.334592	-0.164532	18.868365	-0.009855	1.324788
82.558173	-0.287308	18.873370	-0.009895	1.324684
79.525176	0.067183	18.878375	-0.009336	1.324491
82.833390	-0.387389	18.883379	-0.009944	1.324618
79.368544	-0.194496	18.888384	-0.009305	1.324139
79.572055	-0.007299	18.893389	-0.009342	1.324407
80.417427	-0.398010	18.898394	-0.009497	1.324106
77.818364	-0.132747	18.903399	-0.009017	1.323893
78.868734	-0.119951	18.908403	-0.009210	1.324123
78.370787	-0.440152	18.913408	-0.009117	1.323631
75.965234	0.116234	18.918413	-0.008674	1.323812
77.462996	-0.125785	18.923418	-0.008949	1.323825
77.255246	-0.307142	18.928423	-0.008910	1.323561
75.767746	-0.093420	18.933427	-0.008635	1.323514
75.380927	-0.256808	18.938432	-0.008563	1.323235
73.951637	0.158316	18.943437	-0.008299	1.323444
76.083911	-0.459044	18.948442	-0.008691	1.323132
72.741157	-0.007124	18.953447	-0.008075	1.322992
74.046690	-0.114231	18.958451	-0.008314	1.323130
73.509255	-0.350283	18.963456	-0.008214	1.322731
70.813104	0.204189	18.968461	-0.007717	1.322850
73.604863	-0.339314	18.973466	-0.008230	1.322763
71.363857	-0.103769	18.978471	-0.007817	1.322587
70.618980	0.019126	18.983475	-0.007679	1.322582
71.963501	-0.411945	18.988480	-0.007926	1.322334
67.949184	0.196894	18.993485	-0.007186	1.322247
70.821094	-0.238837	18.998490	-0.007714	1.322307
68.982089	-0.179466	19.003495	-0.007374	1.322000
67.377342	0.237881	19.008499	-0.007078	1.322177
70.600666	-0.525980	19.013504	-0.007671	1.321910
65.700754	0.200849	19.018509	-0.006768	1.321785
68.521771	-0.387207	19.023514	-0.007286	1.321649
65.436332	0.096905	19.028519	-0.006717	1.321602
66.382881	-0.126393	19.033523	-0.006891	1.321524
66.020915	-0.192982	19.038528	-0.006823	1.321367
64.464578	0.073340	19.043533	-0.006536	1.321370
66.115683	-0.320373	19.048538	-0.006839	1.321230
63.454150	-0.086754	19.053543	-0.006348	1.320965
63.294364	0.018635	19.058547	-0.006318	1.321060
64.001191	-0.253176	19.063552	-0.006448	1.320873
61.227656	0.132623	19.068557	-0.005936	1.320771
63.792649	-0.243430	19.073562	-0.006408	1.320841
60.775470	-0.066639	19.078567	-0.005851	1.320433
61.710453	-0.049740	19.083571	-0.006023	1.320645
61.243026	-0.288849	19.088576	-0.005936	1.320257
58.308936	0.229757	19.093581	-0.005395	1.320283
61.733299	-0.298637	19.098586	-0.006024	1.320344
58.835584	-0.171337	19.103591	-0.005490	1.319900
57.754669	0.188005	19.108595	-0.005290	1.320115
59.901153	-0.317818	19.113600	-0.005685	1.319940
56.813787	0.102528	19.118605	-0.005115	1.319815
57.909579	-0.111345	19.123610	-0.005316	1.319779
57.134807	-0.217967	19.128615	-0.005173	1.319488
55.549946	0.049523	19.133619	-0.004880	1.319486
57.325755	-0.384873	19.138624	-0.005206	1.319322
54.189349	0.039130	19.143629	-0.004628	1.319191
54.535318	-0.032791	19.148634	-0.004691	1.319174
55.372668	-0.260667	19.153639	-0.004844	1.319068
52.039997	0.211880	19.158643	-0.004230	1.318955
56.115204	-0.467688	19.163648	-0.004979	1.318967
50.965251	0.112636	19.168653	-0.004030	1.318610
53.436715	-0.204385	19.173658	-0.004485	1.318733
51.345057	0.009235	19.178663	-0.004099	1.318561
51.274077	0.018189	19.183667	-0.004085	1.318556
52.599288	-0.354363	19.188672	-0.004328	1.318374
48.052242	0.164808	19.193677	-0.003490	1.318067
51.811150	-0.334185	19.198682	-0.004181	1.318234
48.432908	-0.011750	19.203687	-0.003558	1.317929
48.073919	0.058997	19.208691	-0.003492	1.317940
50.652489	-0.271004	19.213696	-0.003965	1.318069
46.018664	0.152962	19.218701	-0.003111	1.317628
49.554003	-0.320722	19.223706	-0.003762	1.317780
46.225447	-0.081290	19.228711	-0.003148	1.317383
45.750646	-0.001219	19.233715	-0.003060	1.317381
47.808469	-0.239559	19.238720	-0.003438	1.317515
43.983063	0.042780	19.243725	-0.002733	1.317068
46.084952	-0.113413	19.248730	-0.003119	1.317311
44.533531	-0.153628	19.253735	-0.002832	1.316940
43.804379	-0.084747	19.258739	-0.002697	1.316872
43.577129	0.027655	19.263744	-0.002655	1.316962
43.184296	-0.266753	19.268749	-0.002581	1.316519
41.928570	0.270143	19.273754	-0.002350	1.316915
43.155742	-0.365977	19.278759	-0.002574	1.316390
41.243049	-0.017042	19.283763	-0.002222	1.316420
41.349704	-0.045556	19.288768	-0.002240	1.316407
40.908569	-0.324979	19.293773	-0.002158	1.315972
38.613179	0.348260	19.298778	-0.001735	1.316320
41.474197	-0.434578	19.303783	-0.002261	1.315954
38.258953	0.055833	19.308787	-0.001668	1.315887
38.815932	-0.125203	19.313792	-0.001770	1.315780
38.784405	-0.203712	19.318797	-0.001763	1.315676
35.883185	0.276340	19.323802	-0.001228	1.315662
39.548865	-0.467172	19.328807	-0.001902	1.315511
34.314497	0.351170	19.333811	-0.000938	1.315426
38.463507	-0.407179	19.338816	-0.001701	1.315357
35.066076	0.015159	19.343821	-0.001075	1.315169
34.537876	0.099643	19.348826	-0.000977	1.315162
36.867569	-0.422075	19.353831	-0.001405	1.315005
31.460443	0.259116	19.358835	-0.000408	1.314717
36.216852	-0.340286	19.363840	-0.001283	1.314969
32.231647	-0.012134	19.368845	-0.000549	1.314543
32.631118	-0.083343	19.373850	-0.000621	1.314538
33.581599	-0.278508	19.378855	-0.000796	1.314495
29.956552	0.135486	19.383859	-0.000127	1.314249
32.463219	-0.131767	19.388864	-0.000588	1.314441
30.616557	0.007425	19.393869	-0.000247	1.314228
30.641523	-0.212602	19.398874	-0.000251	1.313962
30.275967	-0.182834	19.403879	-0.000183	1.313922
27.397918	0.148896	19.408883	0.000348	1.313730
30.522561	-0.145179	19.413888	-0.000227	1.314018
27.386266	0.062092	19.418893	0.000352	1.313620
28.295263	-0.099238	19.423898	0.000185	1.313610
28.933714	-0.277887	19.428903	0.000068	1.313523
24.861298	0.047448	19.433907	0.000819	1.313075
27.801192	-0.112528	19.438912	0.000278	1.313488
24.682173	0.030030	19.443917	0.000854	1.313014
25.951808	-0.055026	19.448922	0.000621	1.313173
24.974657	-0.047228	19.453927	0.000801	1.312979
24.389837	-0.143572	19.458931	0.000910	1.312738
24.081536	0.074681	19.463936	0.000967	1.312941
23.733709	-0.229439	19.468941	0.001032	1.312494
22.227499	0.173693	19.473946	0.001310	1.312675
23.318531	-0.075591	19.478951	0.001110	1.312595
21.970473	-0.178385	19.483955	0.001359	1.312188
20.775542	0.203143	19.488960	0.001580	1.312407
22.043774	-0.207755	19.493965	0.001347	1.312165
20.619982	-0.040491	19.498970	0.001610	1.312074
19.545300	-0.103768	19.503975	0.001809	1.311772
19.023678	-0.010943	19.508979	0.001906	1.311776
19.197190	0.150346	19.513984	0.001875	1.312009
20.057647	-0.376719	19.518989	0.001717	1.311540
17.107884	0.051465	19.523994	0.002261	1.311452
17.253455	0.028531	19.528999	0.002235	1.311453
17.766498	-0.202711	19.534003	0.002141	1.311275
15.461780	0.272618	19.539008	0.002566	1.311378
17.821762	-0.404896	19.544013	0.002133	1.311036
14.108501	0.233860	19.549018	0.002817	1.311047
16.290227	-0.228220	19.554023	0.002417	1.310932
14.567072	-0.028921	19.559027	0.002735	1.310818
13.666160	0.114835	19.564032	0.002901	1.310806
15.260929	-0.404991	19.569037	0.002609	1.310498
11.043130	0.211625	19.574042	0.003386	1.310377
13.929083	-0.220452	19.579047	0.002855	1.310446
11.835032	-0.069136	19.584051	0.003242	1.310195
11.114425	0.051257	19.589056	0.003375	1.310192
12.105950	-0.134498	19.594061	0.003193	1.310169
10.003186	0.000210	19.599066	0.003581	1.309896
11.427513	-0.167001	19.604071	0.003320	1.309986
9.183879	-0.119203	19.609075	0.003734	1.309576
9.026561	0.073542	19.614080	0.003764	1.309780
8.955695	-0.079308	19.619085	0.003777	1.309576
8.436913	-0.135875	19.624090	0.003874	1.309397
6.687067	0.247851	19.629095	0.004197	1.309504
8.595122	-0.353160	19.634099	0.003846	1.309161
5.793884	0.207829	19.639104	0.004363	1.309267
6.902354	-0.167423	19.644109	0.004160	1.309035
5.374918	0.014900	19.649114	0.004442	1.308940
5.184860	0.055805	19.654119	0.004477	1.308950
5.776840	-0.226936	19.659123	0.004369	1.308724
3.254518	0.275685	19.664128	0.004834	1.308816
5.297035	-0.317361	19.669133	0.004459	1.308511
2.108046	0.141328	19.674138	0.005047	1.308409
4.047192	-0.133604	19.679143	0.004691	1.308475
1.870571	-0.110474	19.684147	0.005093	1.308048
1.379312	0.184522	19.689152	0.005184	1.308308
2.258309	-0.162094	19.694157	0.005023	1.308064
0.832653	-0.071796	19.699162	0.005286	1.307876
-0.338685	0.180632	19.704167	0.005502	1.307942
1.853549	-0.435673	19.709171	0.005100	1.307639
