Thu Nov 20 14:49:27 2025

Number of Points = 3594
Depth (nm)	Load (µN)	Time (s)	Depth (V)	Load (V)
0.710325	1.830392	0.000000	0.001996	1.318086

0.675976	1.832968	0.005005	0.002003	1.318082
0.856750	1.795875	0.010010	0.001970	1.318074
0.914555	1.592464	0.015014	0.001960	1.317837
0.725620	1.571765	0.020019	0.001995	1.317773
0.468765	1.486316	0.025024	0.002042	1.317615
0.634668	1.395746	0.030029	0.002012	1.317538
0.644291	1.230048	0.035034	0.002011	1.317338
0.325661	1.176463	0.040038	0.002070	1.317206
0.173152	0.975107	0.045043	0.002098	1.316928
0.114218	0.960964	0.050048	0.002109	1.316899
-0.257320	0.773424	0.055053	0.002178	1.316592
-0.716055	0.832575	0.060058	0.002263	1.316569
-0.303857	0.760585	0.065062	0.002187	1.316566
0.163046	0.434191	0.070067	0.002101	1.316264
-0.181333	0.266687	0.075072	0.002165	1.315988
-0.642010	0.184516	0.080077	0.002250	1.315791
-0.980713	0.113856	0.085082	0.002313	1.315635
-0.900056	0.033557	0.090086	0.002298	1.315553
-1.046084	-0.135995	0.095091	0.002326	1.315315
-1.214350	-0.225237	0.100096	0.002357	1.315171
-1.611352	-0.282562	0.105101	0.002430	1.315018
-1.541347	-0.287848	0.110106	0.002418	1.315026
-1.333704	-0.563163	0.115110	0.002380	1.314732
-2.826966	-0.345351	0.120115	0.002655	1.314688
-4.670278	0.168856	0.125120	0.002994	1.314934
-4.014739	0.340325	0.130125	0.002874	1.315280
-2.253954	0.076054	0.135130	0.002550	1.315322
-1.811879	-0.118547	0.140134	0.002469	1.315175
-4.185163	0.227118	0.145139	0.002906	1.315105
-3.874542	0.350938	0.150144	0.002849	1.315321
-3.518453	0.285203	0.155149	0.002783	1.315314
-2.062187	0.043415	0.160154	0.002515	1.315320
-2.120662	-0.230454	0.165158	0.002527	1.314973
-5.423208	0.281634	0.170163	0.003135	1.314914
-3.551050	0.123366	0.175168	0.002790	1.315109
-3.369145	0.015972	0.180173	0.002757	1.315015
-3.501967	0.046615	0.185178	0.002782	1.315024
-3.976271	-0.108501	0.190182	0.002870	1.314736
-5.773673	0.369981	0.195187	0.003200	1.314948
-2.987326	-0.049298	0.200192	0.002688	1.315013
-4.190102	-0.104207	0.205197	0.002910	1.314696
-4.999786	0.132951	0.210202	0.003059	1.314818
-4.424295	-0.065159	0.215206	0.002953	1.314695
-5.276052	0.078935	0.220211	0.003110	1.314694
-3.703843	-0.226480	0.225216	0.002821	1.314646
-6.521178	0.081295	0.230221	0.003340	1.314438
-5.491650	0.224229	0.235226	0.003150	1.314826
-4.257649	-0.137992	0.240230	0.002924	1.314639
-6.872324	0.154161	0.245235	0.003405	1.314453
-4.624781	-0.034367	0.250240	0.002992	1.314689
-6.842974	0.219356	0.255245	0.003400	1.314539
-4.981466	0.005558	0.260250	0.003058	1.314663
-5.238270	-0.178658	0.265254	0.003105	1.314384
-7.884935	0.328534	0.270259	0.003593	1.314455
-4.575512	-0.130658	0.275264	0.002984	1.314580
-6.789988	0.079153	0.280269	0.003392	1.314377
-7.278794	0.160736	0.285274	0.003482	1.314375
-5.106026	-0.242904	0.290278	0.003082	1.314332
-9.507485	0.438362	0.295283	0.003893	1.314252
-5.703543	0.097088	0.300288	0.003192	1.314623
-6.291230	0.002159	0.305293	0.003301	1.314385
-7.589722	0.035801	0.310298	0.003540	1.314156
-5.125342	-0.308475	0.315302	0.003087	1.314246
-11.313859	0.533197	0.320307	0.004226	1.313991
-5.912491	0.094403	0.325312	0.003232	1.314575
-6.259352	-0.084401	0.330317	0.003296	1.314284
-10.175510	0.445140	0.335322	0.004018	1.314119
-5.814659	-0.190208	0.340326	0.003215	1.314247
-9.674938	0.435869	0.345331	0.003926	1.314211
-6.463500	-0.139035	0.350336	0.003335	1.314174
-7.581976	-0.242776	0.355341	0.003541	1.313814
-10.887161	0.460051	0.360346	0.004150	1.313988
-6.170365	-0.291152	0.365350	0.003282	1.314048
-11.384304	0.514832	0.370355	0.004242	1.313952
-5.955002	-0.238467	0.375360	0.003242	1.314157
-9.558456	-0.066827	0.380365	0.003906	1.313618
-10.000083	0.310874	0.385370	0.003988	1.313989
-7.799986	-0.177712	0.390374	0.003583	1.313847
-10.581417	0.225962	0.395379	0.004095	1.313763
-9.048459	0.198079	0.400384	0.003813	1.314047
-8.517223	-0.286251	0.405389	0.003716	1.313564
-11.524325	0.507603	0.410394	0.004269	1.313912
-7.145322	-0.463361	0.415398	0.003464	1.313632
-12.227912	0.391641	0.420403	0.004399	1.313623
-9.873909	0.113438	0.425408	0.003966	1.313771
-8.453063	-0.231807	0.430413	0.003705	1.313643
-12.811760	0.454468	0.435418	0.004508	1.313578
-7.109164	-0.392117	0.440422	0.003458	1.313725
-13.744162	0.429434	0.445427	0.004680	1.313353
-8.956612	0.048803	0.450432	0.003798	1.313881
-10.934210	0.023215	0.455437	0.004163	1.313439
-10.966657	0.030199	0.460442	0.004169	1.313440
-10.794122	0.071796	0.465446	0.004138	1.313527
-12.200241	0.124873	0.470451	0.004397	1.313299
-11.065634	0.398133	0.475456	0.004188	1.313870
-10.076150	-0.286875	0.480461	0.004006	1.313236
-12.745517	0.300165	0.485466	0.004498	1.313400
-11.567719	0.137599	0.490470	0.004281	1.313445
-10.695917	-0.178067	0.495475	0.004121	1.313240
-14.133908	0.647654	0.500480	0.004754	1.313537
-8.910151	-0.553446	0.505485	0.003793	1.313150
-14.993404	0.586888	0.510490	0.004913	1.313283
-10.284450	-0.240540	0.515494	0.004046	1.313248
-12.858561	0.104591	0.520499	0.004520	1.313135
-14.478708	0.510773	0.525504	0.004819	1.313296
-9.228375	-0.478495	0.530509	0.003852	1.313175
-16.471026	0.666671	0.535514	0.005186	1.313072
-10.083109	-0.238052	0.540518	0.004010	1.313291
-14.562230	0.251199	0.545523	0.004835	1.312959
-13.393294	0.198257	0.550528	0.004620	1.313137
-12.547141	0.052636	0.555533	0.004465	1.313134
-13.841774	0.126165	0.560538	0.004703	1.312955
-12.429779	0.017663	0.565542	0.004443	1.313116
-14.602186	0.150438	0.570547	0.004844	1.312826
-14.192092	0.331734	0.575552	0.004768	1.313134
-12.528284	-0.109707	0.580557	0.004462	1.312938
-15.354250	0.278190	0.585562	0.004983	1.312826
-13.063403	0.098855	0.590566	0.004561	1.313082
-13.961513	-0.128233	0.595571	0.004727	1.312617
-15.746144	0.441378	0.600576	0.005056	1.312944
-13.248633	-0.167703	0.605581	0.004596	1.312716
-15.911464	0.326757	0.610586	0.005087	1.312768
-13.963831	0.049101	0.615590	0.004728	1.312833
-14.502125	-0.056691	0.620595	0.004828	1.312591
-16.931267	0.494963	0.625600	0.005275	1.312762
-13.317715	-0.161510	0.630605	0.004610	1.312708
-16.200968	0.207741	0.635610	0.005141	1.312561
-15.143380	0.233928	0.640614	0.004946	1.312813
-14.600909	-0.206642	0.645619	0.004847	1.312385
-17.891927	0.613313	0.650624	0.005453	1.312706
-13.911026	-0.102296	0.655629	0.004720	1.312656
-15.719556	0.116602	0.660634	0.005054	1.312548
-17.149461	0.252695	0.665638	0.005317	1.312417
-14.354698	-0.230701	0.670643	0.004803	1.312405
-19.805947	0.778115	0.675648	0.005806	1.312508
-12.741068	-0.410769	0.680653	0.004506	1.312520
-18.611264	0.445499	0.685658	0.005587	1.312348
-16.278098	0.203108	0.690662	0.005158	1.312536
-16.019390	-0.094672	0.695667	0.005110	1.312225
-18.646447	0.488494	0.700672	0.005594	1.312393
-15.068733	-0.127028	0.705677	0.004936	1.312382
-18.424636	0.275746	0.710682	0.005554	1.312178
-17.756159	0.205440	0.715686	0.005431	1.312230
-17.030918	0.083502	0.720691	0.005298	1.312232
-18.606768	0.419784	0.725696	0.005588	1.312316
-15.275468	-0.129433	0.730701	0.004975	1.312335
-19.659667	0.333774	0.735706	0.005783	1.311991
-17.285968	0.184558	0.740710	0.005346	1.312301
-17.448367	-0.045866	0.745715	0.005376	1.311985
-19.802071	0.419892	0.750720	0.005809	1.312066
-16.931392	0.032995	0.755725	0.005281	1.312189
-19.009827	0.159914	0.760730	0.005664	1.311911
-18.744748	0.364781	0.765734	0.005615	1.312218
-17.470316	-0.067453	0.770739	0.005381	1.311952
-19.855639	0.311601	0.775744	0.005820	1.311921
-19.177570	0.274014	0.780749	0.005696	1.312015
-17.817759	-0.153143	0.785754	0.005446	1.311774
-21.087857	0.633891	0.790758	0.006048	1.312059
-16.318437	-0.477654	0.795763	0.005170	1.311688
-22.206164	0.605932	0.800768	0.006254	1.311791
-19.132514	0.189331	0.805773	0.005689	1.311920
-18.016191	-0.122135	0.810778	0.005483	1.311770
-22.446759	0.633566	0.815782	0.006299	1.311774
-17.230121	-0.285749	0.820787	0.005339	1.311732
-21.912172	0.512557	0.825792	0.006201	1.311737
-19.157693	0.006829	0.830797	0.005695	1.311689
-20.077406	0.089857	0.835802	0.005864	1.311599
-22.317959	0.550979	0.840806	0.006277	1.311699
-17.858660	-0.247294	0.845811	0.005456	1.311647
-23.035463	0.446251	0.850816	0.006409	1.311420
-19.855961	0.116660	0.855821	0.005824	1.311677
-20.637158	0.170527	0.860826	0.005968	1.311581
-22.655609	0.390882	0.865830	0.006340	1.311431
-18.921721	-0.066286	0.870835	0.005653	1.311647
-23.245426	0.422620	0.875840	0.006449	1.311346
-20.097587	0.028034	0.880845	0.005870	1.311517
-22.112398	0.179288	0.885850	0.006241	1.311283
-22.553196	0.322517	0.890854	0.006322	1.311367
-19.620854	-0.081551	0.895859	0.005783	1.311481
-24.310903	0.387286	0.900864	0.006647	1.311080
-20.606351	0.114621	0.905869	0.005965	1.311516
-22.882131	0.235567	0.910874	0.006384	1.311190
-22.239830	0.213658	0.915878	0.006266	1.311297
-21.826932	0.133126	0.920883	0.006190	1.311284
-23.523734	0.208984	0.925888	0.006503	1.311023
-22.292060	0.224792	0.930893	0.006276	1.311299
-22.693123	0.058548	0.935898	0.006350	1.311011
-23.679904	0.425574	0.940902	0.006532	1.311256
-21.803845	-0.013338	0.945907	0.006187	1.311108
-23.941777	0.242547	0.950912	0.006581	1.310976
-23.966702	0.410697	0.955917	0.006586	1.311177
-21.572434	-0.192045	0.960922	0.006145	1.310936
-26.410514	0.726695	0.965926	0.007036	1.311056
-21.167762	-0.218969	0.970931	0.006071	1.310987
-25.128348	0.381019	0.975936	0.006801	1.310898
-24.027706	0.253407	0.980941	0.006598	1.310970
-22.372569	-0.126389	0.985946	0.006294	1.310848
-26.847160	0.603038	0.990950	0.007118	1.310812
-22.184831	-0.138695	0.995955	0.006260	1.310872
-24.907512	0.313903	1.000960	0.006761	1.310860

-24.668328	0.208495	1.010957	0.006718	1.310780
-23.732270	0.068030	1.020954	0.006546	1.310802
-23.871991	0.153315	1.030950	0.006572	1.310877
-24.490963	0.285548	1.040947	0.006686	1.310910
-24.923170	0.305956	1.050944	0.006766	1.310845
-23.595051	0.102726	1.060941	0.006522	1.310871
-23.329668	0.133602	1.070938	0.006474	1.310964
-23.384744	0.131584	1.080934	0.006484	1.310950
-24.143388	0.246650	1.090931	0.006624	1.310932
-24.645123	0.305396	1.100928	0.006717	1.310899
-23.771831	0.191434	1.110925	0.006557	1.310941
-23.277223	0.162223	1.120922	0.006466	1.311008
-23.673685	0.264534	1.130918	0.006540	1.311050
-23.548121	0.221807	1.140915	0.006517	1.311023
-23.657522	0.202587	1.150912	0.006538	1.310976
-22.938914	0.112456	1.160909	0.006406	1.311015
-22.689735	0.101146	1.170906	0.006360	1.311052
-23.486854	0.228148	1.180902	0.006508	1.311042
-23.767511	0.312721	1.190899	0.006560	1.311087
-23.353254	0.205096	1.200896	0.006484	1.311040
-23.214004	0.233256	1.210893	0.006459	1.311103
-22.694515	0.153739	1.220890	0.006363	1.311113
-22.283675	0.126082	1.230886	0.006288	1.311165
-23.562824	0.336777	1.240883	0.006524	1.311156
-23.215178	0.196208	1.250880	0.006461	1.311056
-22.563344	0.150068	1.260877	0.006341	1.311134
-22.025858	0.141481	1.270874	0.006242	1.311235
-23.145537	0.263234	1.280870	0.006449	1.311151
-22.703157	0.240858	1.290867	0.006368	1.311215
-22.508649	0.096792	1.300864	0.006333	1.311078
-22.329648	0.242236	1.310861	0.006300	1.311293
-21.738775	0.095153	1.320858	0.006192	1.311235
-22.942358	0.318938	1.330854	0.006414	1.311259
-22.182179	0.189674	1.340851	0.006274	1.311258
-22.612540	0.195106	1.350848	0.006354	1.311175
-21.912959	0.214798	1.360845	0.006226	1.311344
-21.830426	0.157782	1.370842	0.006211	1.311291
-22.416713	0.291859	1.380838	0.006319	1.311333
-21.755190	0.093058	1.390835	0.006198	1.311226
-21.906325	0.175335	1.400832	0.006226	1.311295
-21.641543	0.219651	1.410829	0.006178	1.311404
-22.164642	0.287291	1.420826	0.006275	1.311378
-22.191522	0.280739	1.430822	0.006280	1.311363
-20.986372	0.072223	1.440819	0.006059	1.311358
-21.523098	0.114096	1.450816	0.006158	1.311297
-21.097061	0.185182	1.460813	0.006080	1.311473
-22.162688	0.283482	1.470810	0.006277	1.311371
-21.975190	0.282266	1.480806	0.006242	1.311408
-20.549638	0.100229	1.490803	0.005980	1.311481
-21.060214	0.152943	1.500800	0.006075	1.311439
-20.955816	0.142712	1.510797	0.006056	1.311447
-21.468812	0.277222	1.520794	0.006151	1.311505
-21.176537	0.164746	1.530790	0.006098	1.311427
-21.384187	0.260122	1.540787	0.006136	1.311501
-21.074175	0.233093	1.550784	0.006080	1.311532
-20.237608	0.151376	1.560781	0.005926	1.311605
-20.815383	0.210136	1.570778	0.006033	1.311556
-20.893930	0.145861	1.580774	0.006048	1.311460
-20.654999	0.154072	1.590771	0.006004	1.311520
-20.868867	0.201342	1.600768	0.006044	1.311533
-20.553856	0.203653	1.610765	0.005987	1.311601
-20.908452	0.306899	1.620762	0.006052	1.311653
-20.206344	0.098390	1.630758	0.005923	1.311543
-19.680207	0.116602	1.640755	0.005827	1.311674
-20.353249	0.166110	1.650752	0.005951	1.311594
-20.599793	0.299939	1.660749	0.005997	1.311707
-20.864734	0.288106	1.670746	0.006046	1.311637
-20.169802	0.145649	1.680742	0.005919	1.311606
-19.858645	0.224227	1.690739	0.005862	1.311767
-19.759034	0.155572	1.700736	0.005844	1.311703
-19.483311	0.088441	1.710733	0.005794	1.311677
-20.310520	0.259005	1.720730	0.005947	1.311714
-20.071512	0.139825	1.730726	0.005903	1.311617
-19.787206	0.213404	1.740723	0.005851	1.311766
-19.725632	0.236367	1.750720	0.005840	1.311806
-19.160943	0.213853	1.760717	0.005737	1.311896
-20.058210	0.236224	1.770714	0.005902	1.311736
-18.950354	0.070720	1.780710	0.005699	1.311763
-19.893504	0.267389	1.790707	0.005873	1.311807
-19.050069	0.211727	1.800704	0.005718	1.311914
-19.603746	0.162299	1.810701	0.005820	1.311738
-19.388533	0.175820	1.820698	0.005781	1.311798
-18.487681	0.035756	1.830694	0.005616	1.311814
-19.616593	0.320702	1.840691	0.005824	1.311928
-19.282454	0.191294	1.850688	0.005763	1.311838
-19.419091	0.239158	1.860685	0.005789	1.311868
-18.965689	0.218328	1.870682	0.005706	1.311936
-17.912498	0.040126	1.880678	0.005512	1.311936
-18.919694	0.191791	1.890675	0.005698	1.311912
-18.995486	0.253608	1.900672	0.005712	1.311972
-18.913497	0.198509	1.910669	0.005698	1.311921
-18.770152	0.201105	1.920666	0.005672	1.311953
-18.356699	0.108247	1.930662	0.005596	1.311925
-18.291063	0.202520	1.940659	0.005584	1.312054
-18.497246	0.153367	1.950656	0.005623	1.311950
-18.963775	0.242420	1.960653	0.005709	1.311961
-18.313387	0.203913	1.970650	0.005590	1.312049
-17.796520	0.085036	1.980646	0.005495	1.312010
-18.113500	0.178409	1.990643	0.005554	1.312058
-18.017940	0.182361	2.000640	0.005537	1.312083
-18.213902	0.196840	2.010637	0.005573	1.312059
-17.961002	0.159254	2.020634	0.005527	1.312065
-18.041001	0.210321	2.030630	0.005542	1.312111
-18.210017	0.259606	2.040627	0.005574	1.312135
-17.950477	0.216752	2.050624	0.005527	1.312136
-17.966430	0.197761	2.060621	0.005530	1.312109
-17.567281	0.156518	2.070618	0.005457	1.312141
-17.048677	0.140127	2.080614	0.005362	1.312228
-17.692022	0.216674	2.090611	0.005481	1.312188
-17.968542	0.301148	2.100608	0.005532	1.312234
-17.664668	0.203045	2.110605	0.005477	1.312176
-16.795129	0.130115	2.120602	0.005317	1.312267
-16.996597	0.117614	2.130598	0.005355	1.312209
-17.815021	0.251901	2.140595	0.005506	1.312203
-17.242651	0.253030	2.150592	0.005401	1.312323
-17.160089	0.171249	2.160589	0.005386	1.312239
-16.908910	0.125098	2.170586	0.005340	1.312235
-16.623999	0.204060	2.180582	0.005288	1.312390
-16.822800	0.199513	2.190579	0.005325	1.312343
-17.859560	0.311572	2.200576	0.005517	1.312264
-16.511650	0.112183	2.210573	0.005269	1.312299
-16.785517	0.208000	2.220570	0.005320	1.312359
-16.302158	0.138075	2.230566	0.005231	1.312374
-16.262234	0.105904	2.240563	0.005224	1.312342
-17.055855	0.244839	2.250560	0.005371	1.312347
-16.211320	0.129447	2.260557	0.005216	1.312380
-17.100031	0.267688	2.270554	0.005380	1.312365
-16.272754	0.184798	2.280550	0.005228	1.312435
-16.550757	0.235049	2.290547	0.005280	1.312438
-16.756490	0.309816	2.300544	0.005318	1.312486
-15.589224	0.091557	2.310541	0.005103	1.312461
-16.088298	0.179439	2.320538	0.005196	1.312464
-15.522539	0.123392	2.330534	0.005092	1.312513
-16.352865	0.259246	2.340531	0.005245	1.312506
-16.681871	0.277358	2.350528	0.005306	1.312459
-15.798302	0.198819	2.360525	0.005144	1.312546
-15.348784	0.166574	2.370522	0.005062	1.312600
-15.185829	0.090133	2.380518	0.005032	1.312539
-16.138038	0.276749	2.390515	0.005208	1.312570
-15.939462	0.237419	2.400512	0.005172	1.312562
-15.529823	0.200912	2.410509	0.005097	1.312602
-15.518128	0.225221	2.420506	0.005095	1.312634
-15.003920	0.078801	2.430502	0.005001	1.312561
-15.682319	0.289151	2.440499	0.005126	1.312677
-15.444442	0.159775	2.450496	0.005083	1.312568
-15.242292	0.205703	2.460493	0.005046	1.312665
-15.505059	0.293531	2.470490	0.005095	1.312718
-14.599524	0.104437	2.480486	0.004929	1.312674
-15.407098	0.256892	2.490483	0.005078	1.312692
-14.900484	0.154086	2.500480	0.004985	1.312671
-15.086154	0.179684	2.510477	0.005020	1.312663
-14.266962	0.120371	2.520474	0.004869	1.312761
-14.752989	0.148471	2.530470	0.004959	1.312693
-15.690714	0.345380	2.540467	0.005132	1.312739
-14.403408	0.125693	2.550464	0.004896	1.312737
-14.743305	0.254150	2.560461	0.004959	1.312823
-14.384658	0.189769	2.570458	0.004893	1.312819
-14.265615	0.172856	2.580454	0.004872	1.312822
-14.880822	0.224269	2.590451	0.004985	1.312757
-14.328907	0.154070	2.600448	0.004884	1.312785
-14.275046	0.177224	2.610445	0.004875	1.312824
-13.871989	0.154276	2.620442	0.004801	1.312879
-14.226236	0.167919	2.630438	0.004867	1.312822
-15.061414	0.351069	2.640435	0.005021	1.312872
-13.507669	0.102701	2.650432	0.004735	1.312890
-14.140064	0.209498	2.660429	0.004852	1.312889
-13.452923	0.139893	2.670426	0.004726	1.312946
-13.944678	0.227678	2.680422	0.004817	1.312951
-13.993246	0.214076	2.690419	0.004826	1.312924
-13.709730	0.133620	2.700416	0.004775	1.312884
-13.856588	0.256503	2.710413	0.004802	1.313003
-13.343022	0.177767	2.720410	0.004708	1.313013
-14.178967	0.275732	2.730406	0.004862	1.312959
-13.604386	0.175487	2.740403	0.004757	1.312955
-12.693614	0.103660	2.750400	0.004590	1.313056
-13.441756	0.200757	2.760397	0.004728	1.313019
-13.301774	0.165563	2.770394	0.004703	1.313004
-13.549031	0.279084	2.780390	0.004749	1.313091
-13.675580	0.222337	2.790387	0.004772	1.312995
-12.857008	0.154547	2.800384	0.004622	1.313081
-12.549328	0.148428	2.810381	0.004566	1.313137
-12.747837	0.123270	2.820378	0.004603	1.313065
-13.353843	0.240001	2.830374	0.004715	1.313081
-13.123579	0.169978	2.840371	0.004673	1.313043
-12.906853	0.225713	2.850368	0.004633	1.313156
-12.699371	0.260765	2.860365	0.004596	1.313241
-12.498389	0.152785	2.870362	0.004559	1.313150
-13.023643	0.239300	2.880358	0.004656	1.313147
-12.046510	0.071472	2.890355	0.004477	1.313144
-12.952821	0.221797	2.900352	0.004644	1.313139
-12.106293	0.165731	2.910349	0.004489	1.313246
-12.855918	0.272511	2.920346	0.004627	1.313220
-12.462111	0.191899	2.930342	0.004555	1.313203
-11.577933	0.028870	2.940339	0.004393	1.313186
-11.972382	0.172665	2.950336	0.004466	1.313280
-12.083004	0.168753	2.960333	0.004487	1.313252
-12.439747	0.261252	2.970330	0.004553	1.313290
-12.168354	0.156376	2.980326	0.004503	1.313218
-12.123509	0.154220	2.990323	0.004495	1.313224
-11.800802	0.185741	3.000320	0.004436	1.313329
-11.610041	0.130642	3.010317	0.004402	1.313301
-11.903329	0.285285	3.020314	0.004456	1.313429
-12.035764	0.171472	3.030310	0.004481	1.313261
-11.037515	0.144603	3.040307	0.004298	1.313435
-11.269211	0.111535	3.050304	0.004341	1.313346
-11.931950	0.245097	3.060301	0.004463	1.313372
-11.807293	0.277564	3.070298	0.004441	1.313437
-11.167575	0.176799	3.080294	0.004323	1.313446
-10.924109	0.135402	3.090291	0.004279	1.313445
-11.258206	0.187192	3.100288	0.004341	1.313439
-11.611216	0.250610	3.110285	0.004406	1.313442
-11.146646	0.168136	3.120282	0.004321	1.313437
-11.269858	0.191554	3.130278	0.004344	1.313440
-9.989220	0.017732	3.140275	0.004109	1.313493
-11.362597	0.208301	3.150272	0.004362	1.313440
-11.553511	0.298063	3.160269	0.004398	1.313510
-11.135652	0.134334	3.170266	0.004322	1.313396
-10.079331	0.050488	3.180262	0.004128	1.313512
-9.737032	-0.006269	3.190259	0.004065	1.313513
-10.618457	0.175490	3.200256	0.004228	1.313552
-10.886646	0.163723	3.210253	0.004278	1.313482
-11.291530	0.153013	3.220250	0.004353	1.313384
-10.023575	0.111866	3.230246	0.004119	1.313596
-10.169153	0.100607	3.240243	0.004147	1.313552
-11.087130	0.329461	3.250240	0.004316	1.313641
-10.511913	0.173544	3.260237	0.004211	1.313569
-10.413885	0.086898	3.270234	0.004193	1.313483
-9.461761	0.062527	3.280230	0.004018	1.313650
-9.781063	0.089282	3.290227	0.004077	1.313616
-10.140498	0.185818	3.300224	0.004144	1.313659
-10.222515	0.127920	3.310221	0.004160	1.313571
-9.472372	0.031013	3.320218	0.004022	1.313607
-9.076094	-0.006316	3.330214	0.003949	1.313643
-9.650076	0.114489	3.340211	0.004056	1.313672
-10.457562	0.243958	3.350208	0.004205	1.313662
-10.274305	0.167349	3.360205	0.004171	1.313606
-9.539301	0.066184	3.370202	0.004037	1.313634
-9.222905	0.075328	3.380198	0.003979	1.313710
-9.342476	0.136412	3.390195	0.004001	1.313760
-9.806267	0.206688	3.400192	0.004087	1.313749
-9.145091	0.056922	3.410189	0.003966	1.313702
-8.579569	0.009712	3.420186	0.003862	1.313762
-8.809008	-0.021528	3.430182	0.003905	1.313675
-9.090760	0.145996	3.440179	0.003957	1.313821
-9.474927	0.140935	3.450176	0.004028	1.313735
-9.774515	0.105709	3.460173	0.004084	1.313629
-8.782462	0.120019	3.470170	0.003902	1.313852
-8.264406	-0.028191	3.480166	0.003807	1.313778
-9.036506	0.241916	3.490163	0.003949	1.313948
-9.417912	0.161465	3.500160	0.004020	1.313769
-8.408587	-0.086341	3.510157	0.003835	1.313675
-8.074931	0.066652	3.520154	0.003774	1.313931
-7.975611	0.006120	3.530150	0.003756	1.313877
-8.843786	0.114865	3.540147	0.003916	1.313829
-9.450001	0.269728	3.550144	0.004028	1.313893
-7.771157	-0.043850	3.560141	0.003719	1.313857
-8.314615	0.167380	3.570138	0.003820	1.314002
-7.745882	-0.014256	3.580134	0.003716	1.313897
-8.688252	0.180333	3.590131	0.003890	1.313939
-8.853021	0.167914	3.600128	0.003920	1.313889
-7.215908	-0.123270	3.610125	0.003619	1.313872
-7.629052	0.022461	3.620122	0.003696	1.313965
-7.915728	0.049098	3.630118	0.003749	1.313937
-8.570749	0.168272	3.640115	0.003870	1.313947
-8.220053	0.081503	3.650112	0.003806	1.313913
-7.535475	0.005813	3.660109	0.003680	1.313962
-7.135385	0.048269	3.670106	0.003607	1.314096
-7.527142	0.084748	3.680102	0.003680	1.314059
-8.578837	0.210508	3.690099	0.003874	1.313994
-7.481032	0.024905	3.700096	0.003672	1.313994
-6.569960	-0.090282	3.710093	0.003505	1.314042
-7.287071	0.132419	3.720090	0.003637	1.314165
-7.724648	0.129692	3.730086	0.003718	1.314070
-7.478424	0.086554	3.740083	0.003673	1.314068
-7.138655	0.048612	3.750080	0.003611	1.314092
-6.946396	0.097350	3.760077	0.003576	1.314191
-6.916887	0.108205	3.770074	0.003571	1.314210
-6.652952	0.066723	3.780070	0.003523	1.314213
-7.265389	0.053439	3.790067	0.003637	1.314069
-7.191951	0.037885	3.800064	0.003623	1.314065
-5.844145	-0.137843	3.810061	0.003376	1.314129
-7.142785	0.154901	3.820058	0.003615	1.314218
-7.545623	0.198044	3.830054	0.003690	1.314186
-6.187796	-0.075638	3.840051	0.003440	1.314133
-6.138782	-0.000428	3.850048	0.003432	1.314234
-6.687259	0.091799	3.860045	0.003533	1.314233
-6.597153	0.158576	3.870042	0.003517	1.314333
-6.493421	0.079536	3.880038	0.003498	1.314257
-6.377821	-0.027238	3.890035	0.003478	1.314150
-5.948203	-0.025265	3.900032	0.003399	1.314241
-5.981140	0.037677	3.910029	0.003405	1.314311
-6.428482	0.138031	3.920026	0.003488	1.314340
-5.986603	0.084244	3.930022	0.003407	1.314366
-6.243212	-0.010156	3.940019	0.003455	1.314196
-6.142521	0.147266	3.950016	0.003437	1.314409
-5.282815	0.043045	3.960013	0.003279	1.314460
-6.363396	0.161484	3.970010	0.003478	1.314380
-5.782163	0.062420	3.980006	0.003372	1.314379
-5.107142	-0.071640	3.990003	0.003248	1.314354
-5.350430	-0.056139	4.000000	0.003293	1.314322
-6.339569	0.238962	4.009997	0.003476	1.314478
-5.549726	0.122331	4.019994	0.003331	1.314498
-5.696720	0.008876	4.029990	0.003358	1.314329
-4.700287	-0.007826	4.039987	0.003175	1.314514
-4.977110	0.000397	4.049984	0.003227	1.314467
-5.490437	0.130333	4.059981	0.003322	1.314518
-5.666481	0.083221	4.069978	0.003355	1.314424
-5.280743	0.097572	4.079974	0.003284	1.314521
-4.075126	-0.159045	4.089971	0.003062	1.314457
-5.676870	0.238246	4.099968	0.003358	1.314610
-4.964337	0.086201	4.109965	0.003227	1.314571
-5.266854	0.177320	4.119962	0.003283	1.314619
-4.161517	0.027554	4.129958	0.003080	1.314665
-4.981776	0.160317	4.139955	0.003231	1.314657
-4.043969	-0.015952	4.149952	0.003059	1.314635
-5.234689	0.139799	4.159949	0.003279	1.314578
-4.917924	0.116242	4.169946	0.003221	1.314615
-4.234293	0.071015	4.179942	0.003096	1.314701
-3.850223	-0.021236	4.189939	0.003025	1.314667
-5.153257	0.183701	4.199936	0.003266	1.314647
-4.310146	0.136015	4.209933	0.003111	1.314763
-3.774838	-0.009986	4.219930	0.003013	1.314695
-4.186382	0.066164	4.229926	0.003089	1.314702
-3.840516	0.000828	4.239923	0.003026	1.314693
-4.963972	0.198296	4.249920	0.003233	1.314701
-4.029855	0.173628	4.259917	0.003061	1.314865
-3.956110	0.114910	4.269914	0.003048	1.314807
-3.351935	0.146854	4.279910	0.002938	1.314971
-4.303816	0.268209	4.289907	0.003113	1.314922
-4.133499	0.410860	4.299904	0.003082	1.315131
-3.272248	0.082519	4.309901	0.002924	1.314908
-3.750430	0.260353	4.319898	0.003013	1.315026
-2.511513	-0.039034	4.329894	0.002785	1.314916
-4.431836	0.286235	4.339891	0.003139	1.314915
-3.612959	0.242172	4.349888	0.002989	1.315030
-2.780270	0.092994	4.359885	0.002836	1.315020
-3.418840	0.073258	4.369882	0.002954	1.314863
-3.363381	0.195715	4.379878	0.002944	1.315024
-2.991927	0.131213	4.389875	0.002876	1.315021
-3.368546	0.146762	4.399872	0.002946	1.314962
-3.274885	0.246461	4.409869	0.002929	1.315103
-2.523614	0.058966	4.419866	0.002791	1.315029
-3.345914	0.191812	4.429862	0.002943	1.315020
-2.698585	0.140569	4.439859	0.002824	1.315091
-3.469445	0.305957	4.449856	0.002967	1.315133
-2.512290	0.301141	4.459853	0.002791	1.315325
-2.419552	0.282886	4.469850	0.002774	1.315322
-2.492155	0.256765	4.479846	0.002788	1.315274
-2.601078	0.134335	4.489843	0.002809	1.315101
-2.757318	0.341342	4.499840	0.002838	1.315322
-2.141831	0.238075	4.509837	0.002725	1.315322
-2.381941	0.274800	4.519834	0.002770	1.315317
-2.196989	0.064641	4.529830	0.002736	1.315098
-3.040598	0.407326	4.539827	0.002892	1.315342
-1.758443	0.218728	4.549824	0.002656	1.315376
-2.831135	0.469877	4.559821	0.002854	1.315461
-1.649139	0.405312	4.569818	0.002637	1.315626
-1.505977	0.146351	4.579814	0.002611	1.315339
-2.049685	0.228557	4.589811	0.002711	1.315326
-1.924489	0.206587	4.599808	0.002689	1.315325
-2.185158	0.363601	4.609805	0.002737	1.315462
-1.703621	0.421981	4.619802	0.002649	1.315633
-1.497638	0.386822	4.629798	0.002611	1.315632
-1.570774	0.335794	4.639795	0.002625	1.315554
-2.164214	0.499475	4.649792	0.002735	1.315630
-1.528010	0.397364	4.659789	0.002618	1.315637
-1.657545	0.620756	4.669786	0.002643	1.315883
-0.623626	0.331355	4.679782	0.002453	1.315743
-2.132024	0.555102	4.689779	0.002731	1.315703
-1.332595	0.618473	4.699776	0.002584	1.315946
-1.235427	0.602471	4.709773	0.002567	1.315946
-1.480787	0.832957	4.719770	0.002612	1.316176
-0.439949	0.518132	4.729766	0.002421	1.316007
-1.693010	0.798037	4.739763	0.002652	1.316089
-0.773347	0.789867	4.749760	0.002483	1.316269
-0.980982	0.822484	4.759757	0.002522	1.316265
-0.970805	0.827309	4.769754	0.002520	1.316273
-0.717415	0.780723	4.779750	0.002474	1.316268
-1.171605	0.934247	4.789747	0.002558	1.316361
-1.145494	1.118182	4.799744	0.002554	1.316590
-0.340008	1.004008	4.809741	0.002406	1.316617
-1.215252	1.310055	4.819738	0.002567	1.316809
0.026496	1.173409	4.829734	0.002339	1.316899
-0.865616	1.321702	4.839731	0.002504	1.316895
-0.445853	1.448883	4.849728	0.002427	1.317137
-0.076671	1.266221	4.859725	0.002359	1.316990
-0.739007	1.521234	4.869722	0.002482	1.317163
0.308301	1.375864	4.879718	0.002289	1.317202
-0.773463	1.589455	4.889715	0.002489	1.317239
-0.264450	1.749175	4.899712	0.002396	1.317539
0.059349	1.696542	4.909709	0.002336	1.317541
-0.279423	1.811935	4.919706	0.002399	1.317611
0.282839	1.853486	4.929702	0.002296	1.317778
0.000000	1.908968	4.939699	0.002349	1.317786

-0.045239	1.913137	4.944704	0.002357	1.317782
0.023987	2.157945	4.949709	0.002344	1.318095
0.020701	2.435194	4.954714	0.002345	1.318432
0.661743	2.637253	4.959718	0.002227	1.318811
0.803798	2.924321	4.964723	0.002201	1.319190
0.851616	3.313183	4.969728	0.002192	1.319674
1.134157	3.710314	4.974733	0.002140	1.320216
1.745375	4.054100	4.979738	0.002027	1.320761
2.097722	4.467730	4.984742	0.001962	1.321337
2.017561	4.978542	4.989747	0.001977	1.321942
2.155093	5.549135	4.994752	0.001952	1.322664
2.649524	6.062980	4.999757	0.001860	1.323391
3.297218	6.563916	5.004762	0.001741	1.324133
3.997286	7.042002	5.009766	0.001612	1.324857
4.450396	7.521108	5.014771	0.001528	1.325532
4.446448	8.117382	5.019776	0.001529	1.326254
4.867647	8.739190	5.024781	0.001451	1.327094
5.213759	9.306579	5.029786	0.001387	1.327853
5.392699	9.970404	5.034790	0.001354	1.328693
6.106612	10.603362	5.039795	0.001222	1.329605
6.483692	11.238570	5.044800	0.001153	1.330450
6.774717	11.936931	5.049805	0.001099	1.331354
7.268917	12.619446	5.054810	0.001008	1.332279
7.614265	13.280548	5.059814	0.000944	1.333147
8.052038	14.009408	5.064819	0.000863	1.334115
8.452960	14.727999	5.069824	0.000789	1.335063
8.720802	15.518308	5.074829	0.000739	1.336069
9.072335	16.340381	5.079834	0.000674	1.337129
9.287113	17.137020	5.084838	0.000634	1.338131
10.022199	17.930480	5.089843	0.000499	1.339233
10.505798	18.724081	5.094848	0.000409	1.340284
10.748518	19.572800	5.099853	0.000364	1.341351
11.042640	20.460836	5.104858	0.000310	1.342475
11.365398	21.343784	5.109862	0.000250	1.343597
11.943479	22.244782	5.114867	0.000143	1.344792
12.300689	23.143277	5.119872	0.000077	1.345938
12.585206	24.109806	5.124877	0.000024	1.347150
12.859395	25.070629	5.129882	-0.000027	1.348352
13.001539	26.151612	5.134886	-0.000054	1.349669
13.597442	27.173391	5.139891	-0.000164	1.351006
13.992529	28.206613	5.144896	-0.000237	1.352314
14.487294	29.258238	5.149901	-0.000329	1.353663
14.686533	30.376194	5.154906	-0.000366	1.355031
14.954718	31.525149	5.159910	-0.000416	1.356447
15.376927	32.644346	5.164915	-0.000494	1.357858
15.668118	33.838379	5.169920	-0.000548	1.359329
16.166733	35.032835	5.174925	-0.000641	1.360841
16.577207	36.219945	5.179930	-0.000717	1.362324
16.872192	37.456397	5.184934	-0.000772	1.363842
17.397035	38.691825	5.189939	-0.000869	1.365402
17.859244	39.923306	5.194944	-0.000955	1.366943
18.021409	41.204909	5.199949	-0.000985	1.368482
18.453604	42.519719	5.204954	-0.001065	1.370111
18.922066	43.835682	5.209958	-0.001152	1.371747
19.461274	45.122477	5.214963	-0.001252	1.373361
19.852629	46.454133	5.219968	-0.001325	1.374997
20.129324	47.848359	5.224973	-0.001377	1.376680
20.636912	49.182577	5.229978	-0.001471	1.378338
20.876871	50.592157	5.234982	-0.001516	1.380028
21.372209	52.006919	5.239987	-0.001608	1.381772
21.786054	53.399858	5.244992	-0.001685	1.383473
22.225143	54.844697	5.249997	-0.001766	1.385237
22.662041	56.281499	5.255002	-0.001847	1.386989
22.894216	57.769259	5.260006	-0.001891	1.388758
23.556394	59.226163	5.265011	-0.002014	1.390572
23.970521	60.690264	5.270016	-0.002091	1.392345
24.391649	62.194688	5.275021	-0.002169	1.394162
24.864532	63.704008	5.280026	-0.002257	1.395993
25.296572	65.165318	5.285030	-0.002337	1.397759
25.851910	66.664523	5.290035	-0.002440	1.399590
26.012072	68.248061	5.295040	-0.002471	1.401438
26.543627	69.779081	5.300045	-0.002569	1.403296
26.971094	71.368653	5.305050	-0.002649	1.405198
27.380480	72.943461	5.310054	-0.002725	1.407077
27.773734	74.543585	5.315059	-0.002798	1.408979
28.158027	76.170779	5.320064	-0.002870	1.410908
28.286924	77.878173	5.325069	-0.002895	1.412877
29.060787	79.508569	5.330074	-0.003038	1.414879
29.407264	81.183525	5.335078	-0.003103	1.416846
29.874018	82.855887	5.340083	-0.003190	1.418831
30.153324	84.583008	5.345088	-0.003242	1.420840
30.588729	86.306511	5.350093	-0.003323	1.422871
30.868791	88.085224	5.355098	-0.003376	1.424932
31.264287	89.866092	5.360102	-0.003449	1.427015
31.742447	91.660531	5.365107	-0.003538	1.429125
32.106372	93.475113	5.370112	-0.003606	1.431233
32.307004	95.359091	5.375117	-0.003644	1.433385
32.723528	97.276296	5.380122	-0.003722	1.435612
33.085756	99.152660	5.385126	-0.003790	1.437779
33.520804	101.108011	5.390131	-0.003871	1.440045
33.908621	103.048449	5.395136	-0.003943	1.442282
34.483627	104.994794	5.400141	-0.004050	1.444556
34.667107	107.005406	5.405146	-0.004085	1.446826
34.983472	109.039088	5.410150	-0.004145	1.449142
35.530950	111.078930	5.415155	-0.004247	1.451505
36.006752	113.102791	5.420160	-0.004335	1.453832
36.400514	115.188315	5.425165	-0.004409	1.456209
36.757070	117.270006	5.430170	-0.004476	1.458570
37.270559	119.356651	5.435174	-0.004572	1.460962
37.843415	121.411126	5.440179	-0.004678	1.463326
38.198429	123.523427	5.445184	-0.004745	1.465709
38.722145	125.594174	5.450189	-0.004842	1.468074
39.127429	127.721621	5.455194	-0.004918	1.470475
39.436967	129.860366	5.460198	-0.004976	1.472868
39.862568	132.069021	5.465203	-0.005056	1.475353
40.263816	134.211711	5.470208	-0.005131	1.477758
40.749751	136.420395	5.475213	-0.005222	1.480247
41.138447	138.619229	5.480218	-0.005295	1.482702
41.585579	140.854955	5.485222	-0.005378	1.485205
41.930527	143.113802	5.490227	-0.005443	1.487709
42.554672	145.353262	5.495232	-0.005559	1.490238
42.992661	147.598024	5.500237	-0.005641	1.492736
43.585834	149.846157	5.505242	-0.005752	1.495260
43.967395	152.052053	5.510246	-0.005823	1.497698
44.276988	154.392684	5.515251	-0.005882	1.500262
44.689845	156.682909	5.520256	-0.005959	1.502787
45.183003	159.019937	5.525261	-0.006051	1.505372
45.650304	161.329878	5.530266	-0.006139	1.507919
45.918635	163.729762	5.535270	-0.006189	1.510522
46.568454	166.063346	5.540275	-0.006310	1.513117
46.835028	168.466420	5.545280	-0.006361	1.515714
47.283383	170.841047	5.550285	-0.006445	1.518308
47.668793	173.311451	5.555290	-0.006517	1.520988
48.200092	175.717626	5.560294	-0.006616	1.523622
48.610313	178.178782	5.565299	-0.006693	1.526287
49.143039	180.608950	5.570304	-0.006793	1.528936
49.598088	183.070544	5.575309	-0.006878	1.531600
49.988336	185.576992	5.580314	-0.006951	1.534296
50.474027	188.030695	5.585318	-0.007042	1.536947
51.030933	190.522502	5.590323	-0.007146	1.539647
51.394748	193.008454	5.595328	-0.007215	1.542302
51.839346	195.543398	5.600333	-0.007298	1.545017
52.205625	198.087661	5.605338	-0.007367	1.547724
52.575823	200.665394	5.610342	-0.007436	1.550461
52.877814	203.295916	5.615347	-0.007494	1.553237
53.417524	205.897134	5.620352	-0.007594	1.556017
53.917940	208.494722	5.625357	-0.007688	1.558783
54.183753	211.170593	5.630362	-0.007739	1.561584
54.708374	213.836019	5.635366	-0.007837	1.564413
55.111062	216.512443	5.640371	-0.007912	1.567228
55.563612	219.218260	5.645376	-0.007997	1.570076
55.888155	221.956852	5.650381	-0.008059	1.572930
56.223213	224.753930	5.655386	-0.008122	1.575841
56.790529	227.483856	5.660390	-0.008228	1.578718
57.163587	230.296470	5.665395	-0.008299	1.581640
57.632128	233.089950	5.670400	-0.008386	1.584553
57.985847	235.892088	5.675405	-0.008453	1.587451
58.589502	238.728678	5.680410	-0.008566	1.590420
59.006839	241.555955	5.685414	-0.008645	1.593343
59.404528	244.420210	5.690419	-0.008719	1.596294
60.010538	247.244979	5.695424	-0.008833	1.599235
60.560410	250.063724	5.700429	-0.008936	1.602154
61.025177	252.927547	5.705434	-0.009023	1.605100
61.342579	255.797584	5.710438	-0.009083	1.608022
61.828406	258.711543	5.715443	-0.009174	1.611010
62.408065	261.599892	5.720448	-0.009283	1.613983
62.912249	264.481207	5.725453	-0.009377	1.616931
63.403134	267.386227	5.730458	-0.009469	1.619894
63.771212	270.278896	5.735462	-0.009539	1.622820
64.192584	273.217178	5.740467	-0.009618	1.625794
64.810480	276.124096	5.745472	-0.009734	1.628764
65.200727	279.068131	5.750477	-0.009807	1.631728
65.394080	282.107077	5.755482	-0.009845	1.634748
66.092671	285.041411	5.760486	-0.009975	1.637741
66.538941	288.032064	5.765491	-0.010059	1.640744
67.142861	291.005018	5.770496	-0.010172	1.643748
67.687147	293.927805	5.775501	-0.010274	1.646689
68.005549	296.971475	5.780506	-0.010334	1.649706
68.509025	299.964948	5.785510	-0.010429	1.652698
69.154044	302.951421	5.790515	-0.010549	1.655700
69.636320	305.929514	5.795520	-0.010640	1.658663
70.116520	308.901039	5.800525	-0.010730	1.661614
70.565827	311.935005	5.805530	-0.010815	1.664615
70.937677	314.950145	5.810534	-0.010885	1.667581
71.542697	317.985757	5.815539	-0.010998	1.670597
71.932887	321.048747	5.820544	-0.011072	1.673600
72.534651	324.042243	5.825549	-0.011184	1.676564
72.978654	327.095021	5.830554	-0.011268	1.679556
73.404591	330.148353	5.835558	-0.011348	1.682539
73.870156	333.243431	5.840563	-0.011436	1.685563
74.268430	336.355688	5.845568	-0.011511	1.688588
74.688374	339.465736	5.850573	-0.011590	1.691608
75.179147	342.613006	5.855578	-0.011682	1.694669
75.669037	345.725401	5.860582	-0.011774	1.697692
76.339648	348.819690	5.865587	-0.011900	1.700719
76.655049	351.977864	5.870592	-0.011960	1.703747
77.123504	355.111011	5.875597	-0.012048	1.706770
77.382880	358.339119	5.880602	-0.012097	1.709844
78.032829	361.528543	5.885606	-0.012219	1.712936
78.808326	364.623464	5.890611	-0.012364	1.715953
79.357147	367.745295	5.895616	-0.012467	1.718955
79.706276	370.881512	5.900621	-0.012533	1.721935
80.190660	374.060285	5.905626	-0.012624	1.724970
80.564813	377.256628	5.910630	-0.012695	1.728000
80.932754	380.490530	5.915635	-0.012764	1.731058
81.270921	383.763767	5.920640	-0.012828	1.734142
81.654053	387.055981	5.925645	-0.012901	1.737246
81.935504	390.408205	5.930650	-0.012955	1.740384
82.651931	393.705434	5.935654	-0.013089	1.743530
83.050380	397.017402	5.940659	-0.013164	1.746637
83.243114	400.450902	5.945664	-0.013202	1.749819
83.667834	403.874505	5.950669	-0.013282	1.753021
84.043988	407.311688	5.955674	-0.013353	1.756222
84.641545	410.746874	5.960678	-0.013465	1.759448
85.137438	414.214918	5.965683	-0.013559	1.762683
85.480732	417.658125	5.970688	-0.013624	1.765867
86.011081	421.158807	5.975693	-0.013724	1.769125
86.560216	424.645586	5.980698	-0.013827	1.772367
86.964552	428.163447	5.985702	-0.013903	1.775610
87.440291	431.694443	5.990707	-0.013993	1.778869
87.804514	435.224721	5.995712	-0.014062	1.782105
88.271191	438.772052	6.000717	-0.014150	1.785366
88.504691	442.401695	6.005722	-0.014196	1.788661
89.042484	446.015003	6.010726	-0.014297	1.791979
89.510092	449.631826	6.015731	-0.014385	1.795284
89.766760	453.320403	6.020736	-0.014435	1.798616
90.464801	456.953923	6.025741	-0.014565	1.801957
90.810869	460.651649	6.030746	-0.014631	1.805298
91.207164	464.374730	6.035750	-0.014706	1.808662
91.816989	468.069939	6.040755	-0.014821	1.812026
92.225029	471.765146	6.045760	-0.014898	1.815354
92.808070	475.476350	6.050765	-0.015008	1.818716
93.100583	479.259620	6.055770	-0.015064	1.822094
93.649641	482.983414	6.060774	-0.015167	1.825449
94.124806	486.751684	6.065779	-0.015257	1.828827
94.510283	490.574731	6.070784	-0.015331	1.832234
94.804012	494.393795	6.075789	-0.015387	1.835618
95.212915	498.288975	6.080794	-0.015465	1.839078
95.764918	502.141338	6.085798	-0.015569	1.842515
96.390449	505.979232	6.090803	-0.015686	1.845942
96.808995	509.860301	6.095808	-0.015765	1.849372
97.259706	513.768882	6.100813	-0.015851	1.852824
97.790653	517.627287	6.105818	-0.015951	1.856237
98.169325	521.556063	6.110822	-0.016023	1.859683
98.809873	525.449339	6.115827	-0.016143	1.863129
99.228319	529.340113	6.120832	-0.016223	1.866535
99.890596	533.222118	6.125837	-0.016347	1.869961
100.094051	537.195460	6.130842	-0.016387	1.873396
100.550506	541.142187	6.135846	-0.016473	1.876837
101.087025	545.101441	6.140851	-0.016575	1.880293
101.518958	549.088600	6.145856	-0.016657	1.883752
101.925640	553.110764	6.150861	-0.016734	1.887231
102.427866	557.138324	6.155866	-0.016829	1.890721
102.851206	561.184716	6.160870	-0.016909	1.894210
103.285952	565.248222	6.165875	-0.016992	1.897708
103.883974	569.288516	6.170880	-0.017104	1.901202
104.339735	573.342259	6.175885	-0.017191	1.904682
104.883153	577.416730	6.180890	-0.017293	1.908184
105.453839	581.473455	6.185894	-0.017401	1.911669
106.054686	585.467915	6.190899	-0.017514	1.915099
106.467621	589.515391	6.195904	-0.017592	1.918543
106.980564	593.586204	6.200909	-0.017689	1.922013
107.487560	597.631647	6.205914	-0.017785	1.925455
107.933520	601.730530	6.210918	-0.017870	1.928927
108.240413	605.864827	6.215923	-0.017929	1.932403
108.816796	609.900265	6.220928	-0.018037	1.935827
109.244428	614.051850	6.225933	-0.018119	1.939322
109.566327	618.259421	6.230938	-0.018181	1.942842
110.267235	622.379299	6.235942	-0.018312	1.946333
110.834606	626.520955	6.240947	-0.018419	1.949818
111.090751	630.710955	6.245952	-0.018469	1.953297
111.649917	634.903256	6.250957	-0.018574	1.956810
112.193034	639.069628	6.255962	-0.018677	1.960294
112.616251	643.258168	6.260966	-0.018757	1.963774
113.158325	647.486880	6.265971	-0.018860	1.967296
113.432814	651.762833	6.270976	-0.018913	1.970816
113.911859	656.004507	6.275981	-0.019004	1.974327
114.537649	660.276696	6.280986	-0.019122	1.977876
115.150665	664.503135	6.285990	-0.019237	1.981379
115.543077	668.713533	6.290995	-0.019312	1.984836
115.882054	673.040905	6.296000	-0.019377	1.988374
116.338505	677.372808	6.301005	-0.019464	1.991924
116.728929	681.710091	6.306010	-0.019538	1.995464
117.356185	686.039115	6.311014	-0.019656	1.999021
117.760869	690.395072	6.316019	-0.019734	2.002565
118.130279	694.801086	6.321024	-0.019804	2.006138
118.657460	699.179152	6.326029	-0.019904	2.009702
119.294299	703.563139	6.331034	-0.020024	2.013278
119.638579	707.964774	6.336038	-0.020090	2.016825
120.096353	712.388017	6.341043	-0.020177	2.020398
120.566561	716.809501	6.346048	-0.020266	2.023964
121.027069	721.271860	6.351053	-0.020354	2.027555
121.636195	725.731455	6.356058	-0.020469	2.031155
121.985271	730.163945	6.361062	-0.020536	2.034696
122.543028	734.656615	6.366067	-0.020641	2.038304
122.938601	739.157859	6.371072	-0.020717	2.041892
123.301736	743.689710	6.376077	-0.020786	2.045494
123.833265	748.227924	6.381082	-0.020887	2.049114
124.215096	752.802827	6.386086	-0.020960	2.052739
124.734959	757.370780	6.391091	-0.021059	2.056369
125.219677	761.950842	6.396096	-0.021151	2.059997
125.619038	766.548291	6.401101	-0.021227	2.063623
126.171362	771.194502	6.406106	-0.021332	2.067298
126.532121	775.833679	6.411110	-0.021401	2.070938
127.066491	780.457411	6.416115	-0.021502	2.074580
127.516027	785.143149	6.421120	-0.021588	2.078254
127.916124	789.834828	6.426125	-0.021665	2.081919
128.487021	794.552876	6.431130	-0.021773	2.085619
128.875668	799.247457	6.436134	-0.021847	2.089273
129.317370	804.052504	6.441139	-0.021931	2.093011
129.614274	808.845406	6.446144	-0.021989	2.096716
130.166990	813.654709	6.451149	-0.022094	2.100457
130.653497	818.440355	6.456154	-0.022186	2.104166
131.281592	823.232179	6.461158	-0.022305	2.107889
131.759495	828.026254	6.466163	-0.022396	2.111589
132.223703	832.819522	6.471168	-0.022484	2.115281
132.853385	837.584058	6.476173	-0.022603	2.118964
133.125692	842.442457	6.481178	-0.022656	2.122670
133.622654	847.289021	6.486182	-0.022751	2.126386
134.092216	852.166489	6.491187	-0.022840	2.130116
134.509873	857.024884	6.496192	-0.022920	2.133820
134.799054	861.993338	6.501197	-0.022976	2.137584
135.415424	866.937397	6.506202	-0.023093	2.141361
135.914976	871.859936	6.511206	-0.023188	2.145102
136.267179	876.860009	6.516211	-0.023256	2.148877
136.814410	881.827840	6.521216	-0.023360	2.152644
137.470678	886.767812	6.526221	-0.023484	2.156396
137.852792	891.768369	6.531226	-0.023557	2.160155
138.477327	896.702723	6.536230	-0.023675	2.163885
139.124077	901.630724	6.541235	-0.023797	2.167607
139.479809	906.606677	6.546240	-0.023866	2.171326
140.031177	911.539445	6.551245	-0.023970	2.175028
140.536590	916.515351	6.556250	-0.024067	2.178750
141.061535	921.464781	6.561254	-0.024166	2.182448
141.569487	926.441787	6.566259	-0.024263	2.186159
141.945451	931.458803	6.571264	-0.024335	2.189878
142.413655	936.423720	6.576269	-0.024424	2.193562
143.166398	941.412296	6.581274	-0.024566	2.197289
143.664324	946.378450	6.586278	-0.024661	2.200965
144.234478	951.330952	6.591283	-0.024769	2.204633
144.637189	956.299814	6.596288	-0.024846	2.208289
145.321700	961.239924	6.601293	-0.024975	2.211948
145.851321	966.185353	6.606298	-0.025076	2.215588
146.353675	971.116872	6.611302	-0.025171	2.219208
146.848010	976.042940	6.616307	-0.025266	2.222819
147.384093	980.995722	6.621312	-0.025367	2.226447
147.764048	985.981382	6.626317	-0.025440	2.230075
148.294168	990.939069	6.631322	-0.025541	2.233694
148.743423	995.937533	6.636326	-0.025627	2.237328
149.162013	1000.972663	6.641331	-0.025707	2.240978
149.531641	1006.058206	6.646336	-0.025778	2.244654
150.055040	1011.107326	6.651341	-0.025878	2.248313
150.682752	1016.194157	6.656346	-0.025996	2.252005
151.142922	1021.232335	6.661350	-0.026084	2.255638
151.592272	1026.337848	6.666355	-0.026170	2.259312
151.970029	1031.405417	6.671360	-0.026243	2.262945
152.469844	1036.566071	6.676365	-0.026338	2.266651
153.196336	1041.623438	6.681370	-0.026475	2.270302
153.497883	1046.711084	6.686374	-0.026534	2.273924
153.978650	1051.840169	6.691379	-0.026625	2.277588
154.311484	1057.047296	6.696384	-0.026690	2.281285
154.851537	1062.234711	6.701389	-0.026793	2.284984
155.357645	1067.424192	6.706394	-0.026889	2.288675
155.718317	1072.630069	6.711398	-0.026959	2.292356
156.464045	1077.811104	6.716403	-0.027099	2.296054
156.751532	1083.065256	6.721408	-0.027155	2.299749
157.315583	1088.255089	6.726413	-0.027262	2.303422
157.791633	1093.507703	6.731418	-0.027353	2.307124
158.290660	1098.733430	6.736422	-0.027448	2.310803
158.824386	1103.979530	6.741427	-0.027550	2.314494
159.151819	1109.260611	6.746432	-0.027614	2.318183
159.534663	1114.580126	6.751437	-0.027687	2.321898
160.124749	1119.939857	6.756442	-0.027799	2.325655
160.635304	1125.271157	6.761446	-0.027897	2.329379
161.250614	1130.545957	6.766451	-0.028013	2.333068
161.696023	1135.839603	6.771456	-0.028099	2.336747
162.184207	1141.146498	6.776461	-0.028192	2.340434
162.933335	1146.432200	6.781466	-0.028333	2.344126
163.510497	1151.654899	6.786470	-0.028442	2.347753
164.267932	1156.805682	6.791475	-0.028585	2.351342
164.555891	1162.057421	6.796480	-0.028641	2.354948
165.185423	1167.268892	6.801485	-0.028761	2.358555
165.826212	1172.394521	6.806490	-0.028882	2.362100
166.239579	1177.613159	6.811494	-0.028961	2.365679
166.754988	1182.834559	6.816499	-0.029059	2.369265
167.057087	1188.060778	6.821504	-0.029118	2.372828
167.554815	1193.331250	6.826509	-0.029213	2.376434
168.234665	1198.542601	6.831514	-0.029341	2.380013
168.653310	1203.799820	6.836518	-0.029422	2.383592
169.188940	1209.031967	6.841523	-0.029524	2.387160
169.723208	1214.274700	6.846528	-0.029625	2.390729
170.252426	1219.500347	6.851533	-0.029726	2.394281
170.634062	1224.801939	6.856538	-0.029800	2.397864
171.152138	1230.058788	6.861542	-0.029898	2.401426
171.733787	1235.345207	6.866547	-0.030009	2.405007
172.215366	1240.618014	6.871552	-0.030101	2.408565
172.539354	1245.955512	6.876557	-0.030163	2.412145
173.114987	1251.291100	6.881562	-0.030273	2.415742
173.576309	1256.596850	6.886566	-0.030361	2.419304
173.956619	1261.936144	6.891571	-0.030434	2.422874
174.449134	1267.313268	6.896576	-0.030528	2.426475
174.763811	1272.725685	6.901581	-0.030590	2.430077
175.536243	1278.111912	6.906586	-0.030735	2.433700
175.815163	1283.522132	6.911590	-0.030790	2.437286
176.371656	1288.930322	6.916595	-0.030896	2.440892
176.891593	1294.367202	6.921600	-0.030995	2.444508
177.257983	1299.826363	6.926605	-0.031066	2.448118
177.677382	1305.288111	6.931610	-0.031146	2.451730
178.217391	1310.777536	6.936614	-0.031249	2.455366
178.545345	1316.317206	6.941619	-0.031313	2.459009
178.891938	1321.914164	6.946624	-0.031380	2.462686
179.725232	1327.417922	6.951629	-0.031537	2.466342
180.202156	1332.937907	6.956634	-0.031628	2.469970
180.507381	1338.494393	6.961638	-0.031688	2.473600
181.060204	1344.051644	6.966643	-0.031793	2.477248
181.443738	1349.656739	6.971648	-0.031867	2.480907
181.811553	1355.328889	6.976653	-0.031939	2.484601
182.523653	1360.965406	6.981658	-0.032073	2.488299
182.955416	1366.569092	6.986662	-0.032156	2.491944
183.533979	1372.193788	6.991667	-0.032266	2.495610
183.927356	1377.827043	6.996672	-0.032342	2.499260
184.326293	1383.479384	7.001677	-0.032419	2.502918
184.859290	1389.171624	7.006682	-0.032521	2.506607
185.520357	1394.774531	7.011686	-0.032646	2.510245
185.855186	1400.458343	7.016691	-0.032711	2.513901
186.545504	1406.117156	7.021696	-0.032842	2.517567
187.036300	1411.723811	7.026701	-0.032936	2.521176
187.656097	1417.363208	7.031706	-0.033054	2.524813
188.247859	1422.947435	7.036710	-0.033166	2.528406
188.802349	1428.516459	7.041715	-0.033272	2.531982
189.216939	1434.101523	7.046720	-0.033351	2.535550
189.764414	1439.713939	7.051725	-0.033456	2.539143
190.272530	1445.324422	7.056730	-0.033553	2.542725
190.721012	1450.940924	7.061734	-0.033639	2.546301
191.265701	1456.521567	7.066739	-0.033743	2.549857
191.967220	1462.102356	7.071744	-0.033875	2.553423
192.238884	1467.716848	7.076749	-0.033929	2.556967
192.786089	1473.326934	7.081754	-0.034033	2.560527
193.197551	1478.972390	7.086758	-0.034112	2.564092
193.634235	1484.711199	7.091763	-0.034196	2.567713
194.178226	1490.450705	7.096768	-0.034300	2.571339
194.582218	1496.137133	7.101773	-0.034378	2.574914
195.190888	1501.822436	7.106778	-0.034494	2.578501
195.740004	1507.490933	7.111782	-0.034598	2.582067
196.330723	1513.130017	7.116787	-0.034711	2.585614
197.110313	1518.688986	7.121792	-0.034858	2.589122
197.709962	1524.196743	7.126797	-0.034971	2.592579
198.153221	1529.747796	7.131802	-0.035056	2.596044
198.843356	1535.227403	7.136806	-0.035187	2.599482
199.425187	1540.726389	7.141811	-0.035298	2.602917
199.823107	1546.233247	7.146816	-0.035374	2.606337
200.094171	1551.759569	7.151821	-0.035428	2.609754
200.785928	1557.326481	7.156826	-0.035558	2.613227
201.315168	1562.831803	7.161830	-0.035659	2.616644
201.812062	1568.336455	7.166835	-0.035754	2.620053
202.210824	1573.922748	7.171840	-0.035831	2.623499
202.660863	1579.503402	7.176845	-0.035917	2.626942
203.204040	1585.058852	7.181850	-0.036021	2.630372
203.630191	1590.658532	7.186854	-0.036103	2.633815
204.266876	1596.218259	7.191859	-0.036224	2.637247
204.805665	1601.763820	7.196864	-0.036326	2.640657
205.261057	1607.347444	7.201869	-0.036414	2.644079
205.760624	1612.971189	7.206874	-0.036509	2.647524
206.433705	1618.469349	7.211878	-0.036636	2.650904
207.030755	1623.970630	7.216883	-0.036750	2.654274
207.695065	1629.440494	7.221888	-0.036876	2.657627
208.156690	1634.854220	7.226893	-0.036964	2.660925
208.616960	1640.354490	7.231898	-0.037052	2.664271
209.005012	1645.843547	7.236902	-0.037127	2.667600
209.684197	1651.330467	7.241907	-0.037255	2.670947
209.964424	1656.841922	7.246912	-0.037310	2.674272
210.433145	1662.389726	7.251917	-0.037400	2.677630
210.968544	1667.943011	7.256922	-0.037502	2.680993
211.440666	1673.509912	7.261926	-0.037593	2.684354
211.632888	1679.152039	7.266931	-0.037631	2.687733
212.335091	1684.778942	7.271936	-0.037764	2.691140
212.671289	1690.409374	7.276941	-0.037830	2.694515
213.258827	1696.075330	7.281946	-0.037941	2.697927
213.819954	1701.676932	7.286950	-0.038048	2.701294
214.336739	1707.292218	7.291955	-0.038147	2.704662
214.656846	1712.964271	7.296960	-0.038209	2.708043
215.159301	1718.636070	7.301965	-0.038305	2.711435
215.855010	1724.275586	7.306970	-0.038437	2.714818
216.225401	1729.942007	7.311974	-0.038509	2.718187
216.680193	1735.645737	7.316979	-0.038596	2.721581
217.137908	1741.383477	7.321984	-0.038684	2.724991
217.750853	1747.087705	7.326989	-0.038800	2.728388
218.249096	1752.804432	7.331994	-0.038896	2.731780
218.631983	1758.509136	7.336998	-0.038970	2.735151
219.158369	1764.220664	7.342003	-0.039070	2.738534
219.714023	1769.956968	7.347008	-0.039176	2.741929
220.139490	1775.648278	7.352013	-0.039258	2.745283
220.586340	1781.410344	7.357018	-0.039344	2.748676
221.067177	1787.162335	7.362022	-0.039436	2.752061
221.527880	1792.942534	7.367027	-0.039524	2.755458
222.183457	1798.700005	7.372032	-0.039649	2.758851
222.593446	1804.446612	7.377037	-0.039728	2.762215
223.019414	1810.264615	7.382042	-0.039810	2.765618
223.513974	1816.052302	7.387046	-0.039905	2.769004
224.031783	1821.840971	7.392051	-0.040003	2.772389
224.369725	1827.724987	7.397056	-0.040069	2.775810
224.827487	1833.561097	7.402061	-0.040157	2.779209
225.175193	1839.532935	7.407066	-0.040225	2.782673
225.731138	1845.455171	7.412070	-0.040331	2.786120
226.120168	1851.379093	7.417075	-0.040406	2.789551
226.962164	1857.272426	7.422080	-0.040565	2.792994
227.429217	1863.154234	7.427085	-0.040655	2.796398
227.805158	1869.039469	7.432090	-0.040728	2.799793
228.301164	1874.986304	7.437094	-0.040823	2.803229
228.830668	1880.907808	7.442099	-0.040924	2.806647
229.226266	1886.850355	7.447104	-0.041001	2.810064
229.744650	1892.771148	7.452109	-0.041100	2.813473
230.206893	1898.765415	7.457114	-0.041189	2.816916
230.745167	1904.730378	7.462118	-0.041291	2.820343
231.020308	1910.743572	7.467123	-0.041346	2.823774
231.570399	1916.792510	7.472128	-0.041451	2.827242
232.052909	1922.803197	7.477133	-0.041543	2.830678
232.459668	1928.868776	7.482138	-0.041622	2.834136
233.006440	1934.931026	7.487142	-0.041727	2.837597
233.479230	1941.023758	7.492147	-0.041817	2.841067
233.845838	1947.164463	7.497152	-0.041889	2.844551
234.331341	1953.279195	7.502157	-0.041982	2.848025
234.840202	1959.456985	7.507162	-0.042080	2.851531
235.334342	1965.581559	7.512166	-0.042174	2.855003
235.902340	1971.695938	7.517171	-0.042283	2.858469
236.465420	1977.841494	7.522176	-0.042390	2.861949
236.822927	1983.998212	7.527181	-0.042460	2.865415
237.311627	1990.148523	7.532186	-0.042554	2.868884
237.702981	1996.367684	7.537190	-0.042630	2.872379
238.315273	2002.578113	7.542195	-0.042746	2.875881
238.993886	2008.723305	7.547200	-0.042875	2.879347
239.312579	2014.899618	7.552205	-0.042938	2.882801
239.569649	2021.197737	7.557210	-0.042989	2.886313
240.269148	2027.434326	7.562214	-0.043122	2.889819
240.911542	2033.599127	7.567219	-0.043244	2.893276
241.382516	2039.807479	7.572224	-0.043335	2.896741
241.773505	2046.017775	7.577229	-0.043410	2.900197
242.389198	2052.213937	7.582234	-0.043528	2.903657
242.922533	2058.379406	7.587238	-0.043630	2.907091
243.494921	2064.540057	7.592243	-0.043739	2.910520
244.229184	2070.608152	7.597248	-0.043878	2.913905
244.635316	2076.723345	7.602253	-0.043957	2.917290
245.077561	2082.900506	7.607258	-0.044042	2.920707
245.582996	2089.032618	7.612262	-0.044139	2.924100
246.209478	2095.114546	7.617267	-0.044258	2.927469
246.800632	2101.211036	7.622272	-0.044371	2.930840
247.294292	2107.258914	7.627277	-0.044465	2.934174
247.716182	2113.336634	7.632282	-0.044547	2.937516
248.182773	2119.489280	7.637286	-0.044637	2.940897
248.742266	2125.612276	7.642291	-0.044743	2.944265
249.176190	2131.716820	7.647296	-0.044827	2.947610
249.644829	2137.829888	7.652301	-0.044917	2.950959
250.022264	2144.038723	7.657306	-0.044991	2.954349
250.481399	2150.247531	7.662310	-0.045079	2.957741
251.055766	2156.461996	7.667315	-0.045189	2.961139
251.458556	2162.727183	7.672320	-0.045267	2.964550
252.036902	2168.873088	7.677325	-0.045377	2.967904
252.520191	2175.118580	7.682330	-0.045470	2.971301
252.758131	2181.419291	7.687334	-0.045518	2.974708
253.502363	2187.640120	7.692339	-0.045659	2.978101
253.943416	2193.921618	7.697344	-0.045744	2.981503
254.520657	2200.184294	7.702349	-0.045854	2.984900
254.884143	2206.398547	7.707354	-0.045925	2.988253
255.439445	2212.686720	7.712358	-0.046031	2.991655
256.237910	2218.886230	7.717363	-0.046182	2.995021
256.784067	2225.028173	7.722368	-0.046286	2.998336
257.072500	2231.235222	7.727373	-0.046343	3.001665
257.700752	2237.466707	7.732378	-0.046463	3.005025
258.162345	2243.647228	7.737382	-0.046552	3.008344
258.740273	2249.828705	7.742387	-0.046662	3.011667
259.147079	2256.059402	7.747392	-0.046741	3.015002
259.645611	2262.233499	7.752397	-0.046837	3.018308
260.190981	2268.484902	7.757402	-0.046941	3.021655
260.561064	2274.735361	7.762406	-0.047013	3.024986
261.268698	2280.874221	7.767411	-0.047147	3.028276
261.608145	2287.153099	7.772416	-0.047214	3.031613
261.889535	2293.463873	7.777421	-0.047269	3.034959
262.518791	2299.740573	7.782426	-0.047389	3.038306
263.179827	2306.024737	7.787430	-0.047515	3.041655
263.911172	2312.264762	7.792435	-0.047653	3.044982
264.357091	2318.429321	7.797440	-0.047739	3.048247
264.582719	2324.677391	7.802445	-0.047785	3.051538
265.260697	2330.941331	7.807450	-0.047914	3.054862
265.945141	2337.055195	7.812454	-0.048043	3.058105
266.637855	2343.167046	7.817459	-0.048175	3.061344
267.078958	2349.271137	7.822464	-0.048260	3.064559
267.584413	2355.300998	7.827469	-0.048357	3.067737
268.335652	2361.383829	7.832474	-0.048499	3.070953
268.813301	2367.428231	7.837478	-0.048591	3.074130
269.394019	2373.362161	7.842483	-0.048701	3.077252
270.085744	2379.313059	7.847488	-0.048832	3.080386
270.577132	2385.277448	7.852493	-0.048927	3.083512
271.203749	2391.172823	7.857498	-0.049046	3.086607
271.706839	2397.034247	7.862502	-0.049142	3.089674
272.446343	2402.828132	7.867507	-0.049282	3.092717
272.979685	2408.635090	7.872512	-0.049384	3.095752
273.791128	2414.291956	7.877517	-0.049536	3.098722
274.499221	2419.893590	7.882522	-0.049670	3.101656
275.281286	2425.426508	7.887526	-0.049818	3.104555
276.138454	2430.707817	7.892531	-0.049979	3.107327
276.574250	2436.116464	7.897536	-0.050063	3.110136
277.095423	2441.459234	7.902541	-0.050162	3.112913
277.790695	2446.764395	7.907546	-0.050293	3.115680
278.184173	2452.076177	7.912550	-0.050369	3.118429
279.077598	2457.252524	7.917555	-0.050537	3.121136
279.602967	2462.488178	7.922560	-0.050637	3.123849
280.438142	2467.497815	7.927565	-0.050794	3.126463
281.006438	2472.511043	7.932570	-0.050901	3.129060
281.555968	2477.454394	7.937574	-0.051006	3.131618
282.114481	2482.448016	7.942579	-0.051111	3.134200
282.537666	2487.390211	7.947584	-0.051192	3.136746
283.048735	2492.424892	7.952589	-0.051290	3.139342
283.594364	2497.348182	7.957594	-0.051393	3.141881
283.833590	2502.389591	7.962598	-0.051440	3.144460
284.352579	2507.431255	7.967603	-0.051539	3.147053
284.670355	2512.546346	7.972608	-0.051601	3.149670
285.074944	2517.742407	7.977613	-0.051678	3.152330
285.451290	2522.919801	7.982618	-0.051751	3.154977
285.808395	2528.190234	7.987622	-0.051820	3.157668
286.169253	2533.522232	7.992627	-0.051890	3.160388
286.545031	2538.925758	7.997632	-0.051962	3.163143
286.932539	2544.299985	8.002637	-0.052037	3.165881
287.420590	2549.766897	8.007642	-0.052130	3.168669
287.604152	2555.260600	8.012646	-0.052167	3.171450
288.241404	2560.802512	8.017651	-0.052288	3.174280
288.554930	2566.359269	8.022656	-0.052349	3.177096
288.885614	2572.020910	8.027661	-0.052414	3.179963
289.258004	2577.765606	8.032666	-0.052486	3.182871
289.659376	2583.418388	8.037670	-0.052563	3.185733
290.099164	2589.200220	8.042675	-0.052648	3.188658
290.537851	2595.008835	8.047680	-0.052732	3.191595
290.798087	2600.864764	8.052685	-0.052784	3.194541
291.427161	2606.746726	8.057690	-0.052903	3.197520
291.769170	2612.663715	8.062694	-0.052970	3.200496
292.243763	2618.614871	8.067699	-0.053061	3.203495
292.785177	2624.415679	8.072704	-0.053164	3.206419
293.104629	2630.390368	8.077709	-0.053227	3.209415
293.690201	2636.366578	8.082714	-0.053339	3.212423
294.068387	2642.349756	8.087718	-0.053412	3.215421
294.579422	2648.352362	8.092723	-0.053510	3.218432
294.973213	2654.363483	8.097728	-0.053586	3.221439
295.487700	2660.437741	8.102733	-0.053685	3.224481
295.858557	2666.538089	8.107738	-0.053757	3.227524
296.228491	2672.659579	8.112742	-0.053829	3.230576
296.687317	2678.828662	8.117747	-0.053917	3.233652
297.156754	2685.000055	8.122752	-0.054007	3.236728
297.516100	2691.224164	8.127757	-0.054077	3.239820
297.932348	2697.562545	8.132762	-0.054158	3.242969
298.416298	2703.770864	8.137766	-0.054251	3.246054
298.741828	2710.172649	8.142771	-0.054315	3.249223
299.437103	2716.494539	8.147776	-0.054447	3.252370
299.661228	2722.807974	8.152781	-0.054492	3.255484
300.266589	2729.205476	8.157786	-0.054608	3.258657
300.624175	2735.633532	8.162790	-0.054677	3.261828
301.144718	2742.022220	8.167795	-0.054777	3.264985
301.813342	2748.428737	8.172800	-0.054904	3.268157
302.331120	2754.753226	8.177805	-0.055004	3.271276
302.987693	2761.070942	8.182810	-0.055129	3.274398
303.321152	2767.417672	8.187814	-0.055194	3.277512
303.848572	2773.756558	8.192819	-0.055295	3.280630
304.354401	2780.134874	8.197824	-0.055392	3.283764
304.960440	2786.438944	8.202829	-0.055508	3.286863
305.488405	2792.743753	8.207834	-0.055609	3.289956
306.012952	2799.034484	8.212838	-0.055709	3.293038
306.552926	2805.298679	8.217843	-0.055813	3.296106
307.034616	2811.635969	8.222848	-0.055905	3.299203
307.400715	2817.927056	8.227853	-0.055977	3.302269
308.181426	2824.136854	8.232858	-0.056124	3.305314
308.564318	2830.441938	8.237862	-0.056199	3.308381
308.968984	2836.745433	8.242867	-0.056277	3.311446
309.513750	2843.047217	8.247872	-0.056382	3.314515
310.029975	2849.347171	8.252877	-0.056481	3.317578
310.544043	2855.650131	8.257882	-0.056579	3.320640
310.876410	2861.998570	8.262886	-0.056644	3.323711
311.329493	2868.381986	8.267891	-0.056732	3.326803
311.846794	2874.751448	8.272896	-0.056831	3.329888
312.128839	2881.219874	8.277901	-0.056887	3.333005
312.602629	2887.685851	8.282906	-0.056978	3.336128
313.152999	2894.176441	8.287910	-0.057084	3.339264
313.495036	2900.724177	8.292915	-0.057151	3.342414
314.065975	2907.187225	8.297920	-0.057260	3.345532
314.575460	2913.735840	8.302925	-0.057358	3.348684
315.175004	2920.235174	8.307930	-0.057472	3.351815
315.777207	2926.649401	8.312934	-0.057587	3.354902
316.339367	2933.064264	8.317939	-0.057695	3.357985
316.808707	2939.515652	8.322944	-0.057785	3.361077
317.263565	2946.010223	8.327949	-0.057873	3.364187
317.759993	2952.477525	8.332954	-0.057969	3.367282
318.487960	2958.825847	8.337958	-0.058107	3.370330
318.881477	2965.210990	8.342963	-0.058183	3.373376
319.471364	2971.596063	8.347968	-0.058296	3.376428
319.851139	2977.980686	8.352973	-0.058370	3.379467
320.408655	2984.412903	8.357978	-0.058476	3.382535
321.063586	2990.708384	8.362982	-0.058601	3.385540
321.713879	2996.982381	8.367987	-0.058725	3.388532
322.172998	3003.284619	8.372992	-0.058813	3.391525
322.642286	3009.572264	8.377997	-0.058903	3.394509
323.375034	3015.820201	8.383002	-0.059042	3.397485
324.096769	3021.955432	8.388006	-0.059179	3.400405
324.854587	3027.997896	8.393011	-0.059322	3.403280
325.643138	3033.917975	8.398016	-0.059471	3.406097
326.331669	3039.695292	8.403021	-0.059602	3.408840
327.102420	3045.445418	8.408026	-0.059747	3.411572
327.955032	3051.008877	8.413030	-0.059908	3.414218
328.670080	3056.471960	8.418035	-0.060043	3.416808
329.446301	3061.846720	8.423040	-0.060189	3.419358
330.142134	3067.157983	8.428045	-0.060320	3.421873
331.044420	3072.189177	8.433050	-0.060490	3.424265
331.894435	3077.196175	8.438054	-0.060649	3.426641
332.761445	3081.952412	8.443059	-0.060812	3.428900
333.508683	3086.661592	8.448064	-0.060952	3.431130
334.122496	3091.231033	8.453069	-0.061068	3.433286
334.556281	3095.859370	8.458074	-0.061151	3.435459
335.161151	3100.463371	8.463078	-0.061265	3.437629
335.622677	3104.998740	8.468083	-0.061353	3.439758
336.084844	3109.666155	8.473088	-0.061441	3.441946
336.476502	3114.203335	8.478093	-0.061516	3.444070
336.938069	3118.905195	8.483098	-0.061604	3.446272
337.376332	3123.599812	8.488102	-0.061687	3.448468
337.616047	3128.377643	8.493107	-0.061734	3.450691
338.046737	3133.212939	8.498112	-0.061817	3.452949
338.520453	3137.990966	8.503117	-0.061907	3.455181
338.839809	3142.922796	8.508122	-0.061969	3.457475
339.016156	3147.922248	8.513126	-0.062004	3.459792
339.436765	3153.037105	8.518131	-0.062085	3.462172
339.967230	3158.031759	8.523136	-0.062186	3.464501
340.309708	3163.200569	8.528141	-0.062252	3.466899
340.406746	3168.420878	8.533146	-0.062273	3.469307
341.177141	3173.735990	8.538150	-0.062418	3.471789
341.636217	3178.891712	8.543155	-0.062506	3.474182
342.213666	3184.197263	8.548160	-0.062615	3.476647
342.829574	3189.263352	8.553165	-0.062732	3.479002
343.422593	3194.472902	8.558170	-0.062844	3.481420
344.098675	3199.433845	8.563175	-0.062972	3.483727
344.492420	3204.499559	8.568179	-0.063048	3.486067
345.017943	3209.528644	8.573184	-0.063148	3.488394
345.394767	3214.631104	8.578189	-0.063220	3.490746
345.756097	3219.771485	8.583194	-0.063290	3.493114
346.382963	3224.906019	8.588199	-0.063408	3.495489
346.920947	3229.990401	8.593203	-0.063511	3.497836
347.367347	3235.121249	8.598208	-0.063596	3.500198
347.665584	3240.309177	8.603213	-0.063654	3.502578
348.070132	3245.479591	8.608218	-0.063732	3.504953
348.583521	3250.739920	8.613223	-0.063830	3.507372
349.011432	3255.990771	8.618227	-0.063912	3.509781
349.374696	3261.353574	8.623232	-0.063982	3.512237
349.820454	3266.619762	8.628237	-0.064067	3.514650
350.247904	3272.059369	8.633242	-0.064149	3.517140
350.908361	3277.435980	8.638247	-0.064274	3.519610
351.340979	3282.814840	8.643251	-0.064357	3.522069
351.729371	3288.164153	8.648256	-0.064432	3.524511
352.031986	3293.624585	8.653261	-0.064491	3.526997
352.460327	3299.096289	8.658266	-0.064573	3.529493
352.820549	3304.681086	8.663271	-0.064643	3.532034
353.033097	3310.282120	8.668275	-0.064686	3.534575
353.634191	3316.027329	8.673280	-0.064800	3.537196
354.117881	3321.647565	8.678285	-0.064893	3.539753
354.421144	3327.401651	8.683290	-0.064952	3.542361
354.939834	3333.106594	8.688295	-0.065051	3.544955
355.124489	3338.924935	8.693299	-0.065089	3.547582
355.610698	3344.864002	8.698304	-0.065182	3.550275
356.023080	3350.711576	8.703309	-0.065262	3.552922
356.259275	3356.736978	8.708314	-0.065309	3.555639
356.829872	3362.790825	8.713319	-0.065418	3.558381
357.162439	3368.867637	8.718323	-0.065483	3.561121
357.614042	3374.960416	8.723328	-0.065570	3.563872
357.920261	3381.133165	8.728333	-0.065630	3.566649
358.430321	3387.342289	8.733338	-0.065728	3.569449
358.921930	3393.556892	8.738343	-0.065822	3.572249
359.406261	3399.703139	8.743347	-0.065915	3.575016
359.798261	3405.978886	8.748352	-0.065991	3.577834
360.230980	3412.302624	8.753357	-0.066075	3.580673
360.850678	3418.482056	8.758362	-0.066193	3.583454
361.280663	3424.814917	8.763367	-0.066276	3.586292
361.705614	3431.059368	8.768371	-0.066358	3.589089
362.081561	3437.447830	8.773376	-0.066431	3.591945
362.700355	3443.762180	8.778381	-0.066549	3.594777
363.198301	3450.085799	8.783386	-0.066645	3.597605
363.704536	3456.461645	8.788391	-0.066742	3.600455
364.083808	3462.734576	8.793395	-0.066816	3.603251
364.526159	3469.164368	8.798400	-0.066901	3.606117
365.013540	3475.532221	8.803405	-0.066995	3.608955
365.828326	3481.893237	8.808410	-0.067149	3.611802
366.982340	3487.961498	8.813415	-0.067365	3.614532
367.705930	3493.866266	8.818419	-0.067502	3.617169
368.626589	3499.612052	8.823424	-0.067676	3.619743
369.423989	3505.137449	8.828429	-0.067826	3.622212
370.252934	3510.587227	8.833434	-0.067982	3.624647
370.857700	3515.926290	8.838439	-0.068097	3.627023
371.636636	3521.155690	8.843443	-0.068243	3.629356
372.196420	3526.394835	8.848448	-0.068350	3.631682
373.033289	3531.419627	8.853453	-0.068507	3.633925
373.570392	3536.498575	8.858458	-0.068609	3.636177
373.930402	3541.503833	8.863463	-0.068678	3.638388
374.409506	3546.620491	8.868467	-0.068770	3.640652
374.966472	3551.602586	8.873472	-0.068875	3.642858
375.502451	3556.647623	8.878477	-0.068977	3.645089
375.848489	3561.701896	8.883482	-0.069044	3.647316
376.332402	3566.836176	8.888487	-0.069136	3.649581
376.886449	3571.909225	8.893491	-0.069241	3.651822
377.192381	3577.033452	8.898496	-0.069301	3.654073
377.664473	3582.200219	8.903501	-0.069391	3.656348
378.074457	3587.442805	8.908506	-0.069470	3.658652
378.534980	3592.653218	8.913511	-0.069558	3.660942
378.775461	3597.892161	8.918515	-0.069605	3.663235
379.268801	3603.331445	8.923520	-0.069699	3.665624
379.639107	3608.717143	8.928525	-0.069771	3.667982
380.051166	3614.172857	8.933530	-0.069850	3.670371
380.487343	3619.593320	8.938535	-0.069934	3.672745
380.833214	3625.184847	8.943539	-0.070001	3.675187
381.351739	3630.727982	8.948544	-0.070100	3.677614
381.686501	3636.375001	8.953549	-0.070165	3.680077
382.085965	3642.042895	8.958554	-0.070242	3.682549
382.454756	3647.816383	8.963559	-0.070314	3.685065
382.804025	3653.546686	8.968563	-0.070382	3.687559
383.089984	3659.452251	8.973568	-0.070438	3.690124
383.520487	3665.313122	8.978573	-0.070521	3.692675
383.962620	3671.284118	8.983578	-0.070606	3.695271
384.318038	3677.265352	8.988583	-0.070675	3.697867
384.701176	3683.345364	8.993587	-0.070750	3.700504
385.157342	3689.376680	8.998592	-0.070837	3.703122
385.503287	3695.548810	9.003597	-0.070905	3.705794
385.962992	3701.709174	9.008602	-0.070993	3.708463
386.404733	3707.953498	9.013607	-0.071079	3.711166
386.824359	3714.146417	9.018611	-0.071160	3.713843
387.308615	3720.469637	9.023616	-0.071253	3.716578
387.848455	3726.756893	9.028621	-0.071356	3.719297
388.514793	3732.898175	9.033626	-0.071483	3.721956
388.880999	3739.121907	9.038631	-0.071554	3.724637
389.288288	3745.350855	9.043635	-0.071633	3.727320
389.916696	3751.664934	9.048640	-0.071753	3.730045
390.484502	3757.773863	9.053645	-0.071861	3.732679
391.000842	3763.981909	9.058650	-0.071960	3.735351
391.303445	3770.247699	9.063655	-0.072020	3.738038
391.888701	3776.453575	9.068659	-0.072131	3.740708
392.339945	3782.676985	9.073664	-0.072218	3.743378
392.659555	3789.015914	9.078669	-0.072281	3.746090
393.278883	3795.321383	9.083674	-0.072399	3.748798
393.721396	3801.609430	9.088679	-0.072484	3.751490
394.260083	3807.885367	9.093683	-0.072588	3.754178
394.709987	3814.239436	9.098688	-0.072674	3.756893
395.096759	3820.614979	9.103693	-0.072750	3.759614
395.710965	3826.886440	9.108698	-0.072867	3.762297
396.282112	3833.268887	9.113703	-0.072976	3.765023
396.719388	3839.517704	9.118707	-0.073060	3.767686
397.403119	3845.809533	9.123712	-0.073190	3.770375
397.836655	3852.000678	9.128717	-0.073274	3.773009
398.295716	3858.289354	9.133722	-0.073362	3.775683
398.643203	3864.638445	9.138727	-0.073430	3.778377
399.059454	3870.968298	9.143731	-0.073511	3.781064
399.818013	3877.263472	9.148736	-0.073654	3.783747
400.164943	3883.575440	9.153741	-0.073722	3.786419
400.678449	3889.932109	9.158746	-0.073821	3.789115
401.076389	3896.235411	9.163751	-0.073898	3.791781
401.764184	3902.649891	9.168755	-0.074029	3.794504
402.245981	3908.927558	9.173760	-0.074121	3.797159
402.798879	3915.258561	9.178765	-0.074227	3.799837
403.190103	3921.462528	9.183770	-0.074303	3.802455
403.630866	3927.869916	9.188775	-0.074388	3.805157
404.125900	3934.222824	9.193779	-0.074483	3.807837
404.623899	3940.576381	9.198784	-0.074579	3.810515
405.174029	3946.866556	9.203789	-0.074684	3.813166
405.757158	3953.245816	9.208794	-0.074796	3.815854
405.951323	3959.650222	9.213799	-0.074835	3.818537
406.384554	3966.053349	9.218803	-0.074919	3.821225
406.950636	3972.541671	9.223808	-0.075027	3.823952
407.441270	3978.940216	9.228813	-0.075122	3.826637
407.871205	3985.458143	9.233818	-0.075205	3.829368
408.044641	3992.031570	9.238823	-0.075241	3.832110
408.415672	3998.721846	9.243827	-0.075314	3.834906
409.106098	4005.423403	9.248832	-0.075445	3.837716
409.453375	4012.158152	9.253837	-0.075513	3.840526
409.968696	4018.837604	9.258842	-0.075612	3.843316
410.290903	4025.569538	9.263847	-0.075676	3.846120
410.793934	4032.376166	9.268851	-0.075773	3.848958
411.161139	4039.129472	9.273856	-0.075845	3.851768
411.737724	4045.940150	9.278861	-0.075955	3.854606
412.221201	4052.726977	9.283866	-0.076048	3.857429
412.703259	4059.555349	9.288871	-0.076141	3.860268
413.111577	4066.349794	9.293875	-0.076221	3.863087
413.597707	4073.224504	9.298880	-0.076315	3.865940
414.133460	4080.122990	9.303885	-0.076418	3.868803
414.613504	4086.914729	9.308890	-0.076510	3.871617
414.957408	4093.837634	9.313895	-0.076578	3.874479
415.382048	4100.793147	9.318899	-0.076661	3.877355
415.952971	4107.758387	9.323904	-0.076770	3.880237
416.338150	4114.721795	9.328909	-0.076845	3.883110
417.059208	4121.618966	9.333914	-0.076982	3.885966
417.360066	4128.612222	9.338919	-0.077042	3.888844
417.955557	4135.505368	9.343923	-0.077156	3.891689
418.464390	4142.481927	9.348928	-0.077254	3.894563
418.874023	4149.472079	9.353933	-0.077334	3.897437
419.413092	4156.376578	9.358938	-0.077438	3.900279
419.900649	4163.348670	9.363943	-0.077532	3.903144
420.499541	4170.238811	9.368947	-0.077647	3.905977
420.945458	4177.309874	9.373952	-0.077733	3.908877
421.489154	4184.142313	9.378957	-0.077837	3.911680
421.999581	4191.095287	9.383962	-0.077936	3.914530
422.492551	4198.041899	9.388967	-0.078031	3.917374
422.894258	4204.975121	9.393971	-0.078109	3.920207
423.359657	4212.004330	9.398976	-0.078199	3.923080
423.775788	4218.984447	9.403981	-0.078280	3.925929
424.410720	4226.008860	9.408986	-0.078402	3.928801
424.853957	4232.970325	9.413991	-0.078488	3.931638
425.348403	4239.963637	9.418995	-0.078583	3.934489
425.947125	4246.960667	9.424000	-0.078698	3.937342
426.402525	4253.882762	9.429005	-0.078786	3.940158
426.975222	4260.818241	9.434010	-0.078896	3.942981
427.428685	4267.763886	9.439015	-0.078984	3.945803
427.911672	4274.754823	9.444019	-0.079077	3.948641
428.410890	4281.717146	9.449024	-0.079173	3.951467
428.921870	4288.686006	9.454029	-0.079272	3.954293
429.585645	4295.612895	9.459034	-0.079398	3.957105
430.042186	4302.534386	9.464039	-0.079487	3.959907
430.493675	4309.417095	9.469043	-0.079574	3.962690
430.976705	4316.373752	9.474048	-0.079668	3.965502
431.687307	4323.262201	9.479053	-0.079803	3.968293
432.197137	4330.041011	9.484058	-0.079901	3.971030
432.536606	4336.982210	9.489063	-0.079968	3.973826
432.986255	4343.868274	9.494067	-0.080055	3.976601
433.784722	4350.758230	9.499072	-0.080206	3.979386
434.411813	4357.478801	9.504077	-0.080326	3.982096
434.985030	4364.164690	9.509082	-0.080436	3.984789
435.595168	4370.834421	9.514087	-0.080552	3.987475
436.218874	4377.382710	9.519091	-0.080671	3.990110
436.744133	4384.016000	9.524096	-0.080772	3.992775
437.030425	4390.585700	9.529101	-0.080829	3.995405
437.846433	4397.235170	9.534106	-0.080983	3.998081
438.312771	4403.785723	9.539111	-0.081073	4.000706
438.670858	4410.370333	9.544115	-0.081144	4.003338
439.367365	4416.889151	9.549120	-0.081276	4.005954
439.666854	4423.426752	9.554125	-0.081335	4.008562
440.215765	4429.984768	9.559130	-0.081440	4.011185
440.606974	4436.579105	9.564135	-0.081516	4.013816
441.001729	4443.248453	9.569139	-0.081593	4.016475
441.743919	4449.856224	9.574144	-0.081734	4.019118
442.036090	4456.418858	9.579149	-0.081792	4.021727
442.604662	4463.055329	9.584154	-0.081901	4.024373
442.997830	4469.738985	9.589159	-0.081978	4.027030
443.420059	4476.390222	9.594163	-0.082059	4.029673
443.820754	4483.198528	9.599168	-0.082138	4.032376
444.194970	4489.983510	9.604173	-0.082211	4.035068
444.856048	4496.775868	9.609178	-0.082337	4.037768
445.279756	4503.480163	9.614183	-0.082419	4.040426
445.561599	4510.347125	9.619187	-0.082475	4.043141
446.052170	4517.275961	9.624192	-0.082570	4.045885
446.538882	4524.121102	9.629197	-0.082664	4.048594
447.042541	4531.018941	9.634202	-0.082761	4.051322
447.410699	4538.002496	9.639207	-0.082833	4.054078
447.725217	4545.049018	9.644211	-0.082895	4.056855
448.333139	4552.028389	9.649216	-0.083012	4.059613
448.771243	4559.114572	9.654221	-0.083097	4.062406
449.193494	4566.138455	9.659226	-0.083179	4.065172
449.611043	4573.315107	9.664231	-0.083260	4.067995
449.999526	4580.399329	9.669235	-0.083336	4.070780
450.760167	4587.566328	9.674240	-0.083481	4.073605
451.067031	4594.665095	9.679245	-0.083542	4.076389
451.575385	4601.790719	9.684250	-0.083640	4.079187
451.936795	4608.981047	9.689255	-0.083711	4.082005
452.319122	4616.231775	9.694259	-0.083786	4.084844
452.891195	4623.535448	9.699264	-0.083896	4.087708
453.320721	4630.725011	9.704269	-0.083980	4.090521
453.852291	4638.031757	9.709274	-0.084082	4.093380
454.356607	4645.332144	9.714279	-0.084180	4.096234
454.618782	4652.597584	9.719283	-0.084232	4.099066
455.019969	4660.047786	9.724288	-0.084311	4.101971
455.496440	4667.448079	9.729293	-0.084403	4.104857
455.848076	4674.950544	9.734298	-0.084473	4.107777
456.447518	4682.429313	9.739303	-0.084588	4.110693
456.777356	4689.954800	9.744307	-0.084653	4.113617
457.158049	4697.641876	9.749312	-0.084728	4.116603
457.809085	4705.163485	9.754317	-0.084853	4.119530
458.342118	4712.728219	9.759322	-0.084956	4.122468
458.778237	4720.274738	9.764327	-0.085041	4.125395
459.281056	4727.846305	9.769331	-0.085138	4.128331
459.974835	4735.353189	9.774336	-0.085271	4.131245
460.536356	4742.801261	9.779341	-0.085379	4.134131
460.895024	4750.337220	9.784346	-0.085450	4.137043
461.391578	4757.749588	9.789351	-0.085546	4.139909
461.894502	4765.306510	9.794355	-0.085643	4.142828
462.384899	4772.841385	9.799360	-0.085738	4.145737
462.811311	4780.347185	9.804365	-0.085822	4.148631
463.531334	4787.846786	9.809370	-0.085959	4.151528
463.925640	4795.355088	9.814375	-0.086036	4.154418
464.332457	4802.875226	9.819379	-0.086116	4.157310
464.953850	4810.376865	9.824384	-0.086235	4.160199
465.376173	4817.930400	9.829389	-0.086318	4.163101
465.882860	4825.427169	9.834394	-0.086416	4.165981
466.362797	4832.924619	9.839399	-0.086509	4.168859
466.853722	4840.489646	9.844403	-0.086604	4.171760
467.389212	4848.034142	9.849408	-0.086707	4.174653
468.021487	4855.529107	9.854413	-0.086828	4.177527
468.538813	4862.864392	9.859418	-0.086928	4.180336
468.858124	4870.401212	9.864423	-0.086992	4.183214
469.268526	4877.985561	9.869427	-0.087072	4.186111
469.861265	4885.516930	9.874432	-0.087186	4.188990
470.536442	4892.997151	9.879437	-0.087315	4.191850
470.969349	4900.448943	9.884442	-0.087400	4.194690
471.490434	4907.992995	9.889447	-0.087500	4.197566
471.821524	4915.449785	9.894451	-0.087566	4.200402
472.397164	4922.993383	9.899456	-0.087677	4.203275
473.057162	4930.467420	9.904461	-0.087803	4.206122
473.467452	4937.890006	9.909466	-0.087883	4.208942
474.122308	4945.350126	9.914471	-0.088008	4.211779
474.615469	4952.733716	9.919475	-0.088104	4.214582
475.098723	4960.132979	9.924480	-0.088198	4.217388
475.609421	4967.529733	9.929485	-0.088296	4.220192
476.108308	4974.911667	9.934490	-0.088393	4.222989
476.562255	4982.315725	9.939495	-0.088481	4.225790
477.064797	4989.504407	9.944499	-0.088578	4.228510

477.718959	4996.401677	9.949504	-0.088703	4.231123
478.222522	5002.977045	9.954509	-0.088800	4.233608
478.871440	5009.295226	9.959514	-0.088923	4.235999
479.186606	5015.305651	9.964519	-0.088985	4.238265
479.430746	5021.137732	9.969523	-0.089034	4.240461
480.061006	5026.791379	9.974528	-0.089153	4.242599
480.644263	5032.079829	9.979533	-0.089264	4.244597
480.985644	5037.185050	9.984538	-0.089330	4.246519
481.534133	5041.989319	9.989543	-0.089434	4.248333
481.865043	5046.599773	9.994547	-0.089498	4.250068
482.364524	5051.037038	9.999552	-0.089592	4.251742
482.804884	5055.091236	10.004557	-0.089676	4.253270
483.179605	5059.000997	10.009562	-0.089747	4.254742
483.568176	5062.740167	10.014567	-0.089821	4.256150
483.941114	5066.184380	10.019571	-0.089892	4.257447
484.534465	5069.384203	10.024576	-0.090003	4.258658
484.754168	5072.399254	10.029581	-0.090045	4.259790
484.997103	5075.315875	10.034586	-0.090092	4.260885
485.349228	5078.090879	10.039591	-0.090158	4.261930
485.510672	5080.570268	10.044595	-0.090189	4.262860
485.951192	5083.064179	10.049600	-0.090272	4.263801
486.146188	5085.328434	10.054605	-0.090309	4.264651
486.430205	5087.492946	10.059610	-0.090362	4.265466
486.564904	5089.570347	10.064615	-0.090388	4.266244
486.880862	5091.495995	10.069619	-0.090448	4.266970
486.935332	5093.242764	10.074624	-0.090459	4.267623
487.288645	5094.897128	10.079629	-0.090524	4.268248
487.439690	5096.430649	10.084634	-0.090553	4.268823
487.681384	5097.853114	10.089639	-0.090598	4.269360
487.817137	5099.293389	10.094643	-0.090624	4.269900
488.168758	5100.426987	10.099648	-0.090689	4.270330
488.388442	5101.605111	10.104653	-0.090730	4.270775
488.639340	5102.525866	10.109658	-0.090777	4.271124
488.786716	5103.350216	10.114663	-0.090804	4.271434
489.026829	5104.012904	10.119667	-0.090849	4.271687
489.339873	5104.854529	10.124672	-0.090907	4.272008
489.780561	5104.790644	10.129677	-0.090988	4.271995
489.635163	5105.565024	10.134682	-0.090961	4.272280
489.811894	5105.672903	10.139687	-0.090994	4.272324
489.911668	5105.646546	10.144691	-0.091012	4.272316
490.286228	5105.664794	10.149696	-0.091081	4.272332
490.275319	5105.663886	10.154701	-0.091078	4.272331
490.471362	5105.584499	10.159706	-0.091114	4.272306
490.562966	5105.606428	10.164711	-0.091131	4.272317
490.734465	5105.592287	10.169715	-0.091162	4.272315
490.907045	5105.230293	10.174720	-0.091194	4.272185
491.048788	5104.737858	10.179725	-0.091219	4.272005
491.097956	5104.331752	10.184730	-0.091228	4.271854
491.192046	5103.834830	10.189735	-0.091244	4.271671
491.346780	5103.174883	10.194739	-0.091272	4.271429
491.401390	5102.668778	10.199744	-0.091282	4.271242
491.425697	5102.105132	10.204749	-0.091286	4.271032
491.384104	5101.232374	10.209754	-0.091277	4.270706
491.527484	5100.726584	10.214759	-0.091303	4.270521
491.566283	5099.990390	10.219763	-0.091309	4.270247
491.662759	5099.314239	10.224768	-0.091327	4.269998
491.833881	5098.514452	10.229773	-0.091357	4.269704
491.838711	5097.575365	10.234778	-0.091357	4.269354
491.759762	5096.781527	10.239783	-0.091342	4.269056
491.878282	5095.864667	10.244787	-0.091363	4.268717
492.095422	5094.978446	10.249792	-0.091402	4.268391
491.955826	5093.976825	10.254797	-0.091376	4.268015
491.942098	5093.102912	10.259802	-0.091372	4.267688
492.176172	5092.324635	10.264807	-0.091415	4.267404
492.093400	5091.132145	10.269811	-0.091399	4.266957
492.219943	5090.149083	10.274816	-0.091421	4.266593
492.300882	5089.076948	10.279821	-0.091435	4.266195
492.214329	5087.964535	10.284826	-0.091418	4.265778
492.354879	5086.826048	10.289831	-0.091443	4.265357
492.207400	5085.732802	10.294835	-0.091415	4.264945
492.460293	5084.623337	10.299840	-0.091460	4.264537
492.493175	5083.333106	10.304845	-0.091465	4.264056
492.506863	5082.212354	10.309850	-0.091467	4.263638
492.760335	5080.821335	10.314855	-0.091513	4.263125
492.508349	5079.566442	10.319859	-0.091465	4.262650
492.599968	5078.440242	10.324864	-0.091481	4.262232
492.548787	5077.226300	10.329869	-0.091471	4.261777
492.760022	5075.856947	10.334874	-0.091508	4.261271
492.644411	5074.501133	10.339879	-0.091486	4.260762
492.625563	5073.280530	10.344883	-0.091481	4.260305
492.759242	5071.929963	10.349888	-0.091505	4.259804
492.729678	5070.610057	10.354893	-0.091498	4.259310
492.750013	5069.155112	10.359898	-0.091501	4.258767
492.812459	5067.877244	10.364903	-0.091511	4.258291
492.825352	5066.474070	10.369907	-0.091513	4.257767
492.742953	5065.280953	10.374912	-0.091496	4.257319
492.853442	5063.883526	10.379917	-0.091516	4.256799
492.787167	5062.490936	10.384922	-0.091502	4.256276
492.833569	5061.018651	10.389927	-0.091510	4.255727
492.962837	5059.613013	10.394931	-0.091532	4.255204
492.804917	5058.239363	10.399936	-0.091502	4.254687
492.949135	5056.770509	10.404941	-0.091528	4.254141
493.020751	5055.253107	10.409946	-0.091540	4.253575
492.919772	5053.848802	10.414951	-0.091520	4.253047
492.907561	5052.504860	10.419955	-0.091516	4.252544
492.872314	5051.040785	10.424960	-0.091509	4.251995
492.985166	5049.544833	10.429965	-0.091528	4.251437
492.818022	5048.143853	10.434970	-0.091496	4.250909
493.043564	5046.772739	10.439975	-0.091537	4.250401
492.933932	5045.195828	10.444979	-0.091515	4.249808
492.908588	5043.732063	10.449984	-0.091509	4.249259
493.039492	5042.298395	10.454989	-0.091532	4.248725
492.817092	5040.886080	10.459994	-0.091490	4.248190
492.805689	5039.478638	10.464999	-0.091487	4.247663
492.965130	5038.166956	10.470003	-0.091515	4.247175
492.963674	5036.688395	10.475008	-0.091514	4.246621
493.028363	5035.197413	10.480013	-0.091525	4.246064
492.904537	5033.664709	10.485018	-0.091501	4.245486
492.908026	5032.299667	10.490023	-0.091500	4.244975
492.975458	5030.826565	10.495027	-0.091511	4.244424
492.924359	5029.337201	10.500032	-0.091501	4.243864
492.764615	5027.895880	10.505037	-0.091470	4.243320
492.621613	5026.690867	10.510042	-0.091443	4.242864
492.730970	5025.477082	10.515047	-0.091462	4.242411
492.706797	5024.115665	10.520051	-0.091456	4.241900
492.821029	5022.752901	10.525056	-0.091476	4.241391
492.820898	5021.303729	10.530061	-0.091475	4.240848
492.652154	5020.024593	10.535066	-0.091443	4.240363
492.624175	5018.720644	10.540071	-0.091437	4.239873
492.576734	5017.468013	10.545075	-0.091427	4.239402
492.626121	5016.198403	10.550080	-0.091435	4.238926
492.668972	5014.875316	10.555085	-0.091442	4.238430
492.568733	5013.649836	10.560090	-0.091422	4.237968
492.592398	5012.493717	10.565095	-0.091426	4.237534
492.755180	5011.225570	10.570099	-0.091454	4.237062
492.607356	5009.783373	10.575104	-0.091426	4.236516
492.871550	5008.519697	10.580109	-0.091474	4.236048
492.695794	5007.083001	10.585114	-0.091440	4.235504
492.829749	5005.759170	10.590119	-0.091464	4.235010
492.783758	5004.411539	10.595123	-0.091454	4.234502
492.725359	5003.038306	10.600128	-0.091442	4.233984
492.816893	5001.653769	10.605133	-0.091458	4.233466
492.757430	5000.311669	10.610138	-0.091446	4.232960
492.587862	4999.040878	10.615143	-0.091414	4.232478
492.739835	4997.833010	10.620147	-0.091441	4.232028
492.856732	4996.405934	10.625152	-0.091461	4.231494
492.716270	4995.023305	10.630157	-0.091434	4.230970
492.870546	4993.674621	10.635162	-0.091461	4.230467
492.691209	4992.291571	10.640167	-0.091427	4.229942
492.607171	4990.993706	10.645171	-0.091411	4.229451
492.701437	4989.748985	10.650176	-0.091427	4.228985
492.693123	4988.351883	10.655181	-0.091424	4.228459
492.596485	4987.096779	10.660186	-0.091405	4.227984
492.587523	4985.970397	10.665191	-0.091403	4.227560
492.684316	4984.730202	10.670195	-0.091420	4.227095
492.611319	4983.336327	10.675200	-0.091405	4.226569
492.554903	4982.179460	10.680205	-0.091394	4.226132
492.543415	4980.795951	10.685210	-0.091390	4.225610
492.622493	4979.725734	10.690215	-0.091404	4.225209
492.605139	4978.308935	10.695219	-0.091400	4.224675
492.651205	4977.079544	10.700224	-0.091407	4.224213
492.583604	4975.776591	10.705229	-0.091394	4.223720
492.414098	4974.607273	10.710234	-0.091361	4.223275
492.603591	4973.438398	10.715239	-0.091395	4.222840
492.627339	4972.244142	10.720243	-0.091399	4.222390
492.525560	4970.945677	10.725248	-0.091379	4.221898
492.565959	4969.760523	10.730253	-0.091385	4.221452
492.542478	4968.413293	10.735258	-0.091380	4.220944
492.575895	4967.285164	10.740263	-0.091385	4.220519
492.493977	4965.942102	10.745267	-0.091369	4.220010
492.536947	4964.868219	10.750272	-0.091376	4.219606
492.603644	4963.482503	10.755277	-0.091387	4.219085
492.421421	4962.344333	10.760282	-0.091352	4.218651
492.533589	4961.084995	10.765287	-0.091372	4.218179
492.611480	4960.035731	10.770291	-0.091385	4.217785
492.579203	4958.734108	10.775296	-0.091378	4.217293
492.546809	4957.584018	10.780301	-0.091371	4.216858
492.585916	4956.182004	10.785306	-0.091378	4.216330
492.530125	4955.102374	10.790311	-0.091366	4.215921
492.427240	4953.801890	10.795315	-0.091346	4.215427
492.477455	4952.701397	10.800320	-0.091355	4.215013
492.464749	4951.436541	10.805325	-0.091351	4.214535
492.502414	4950.231303	10.810330	-0.091357	4.214081
492.521570	4949.091894	10.815335	-0.091360	4.213651
492.521693	4947.809239	10.820339	-0.091359	4.213166
492.542911	4946.685640	10.825344	-0.091362	4.212742
492.464311	4945.452299	10.830349	-0.091346	4.212274
492.401025	4944.350268	10.835354	-0.091333	4.211856
492.479948	4943.056300	10.840359	-0.091347	4.211369
492.511864	4941.963030	10.845363	-0.091352	4.210957
492.401565	4940.706734	10.850368	-0.091330	4.210479
492.355058	4939.593328	10.855373	-0.091321	4.210057
492.271974	4938.488258	10.860378	-0.091305	4.209637
492.170206	4937.379598	10.865383	-0.091285	4.209215
492.218881	4936.369155	10.870387	-0.091293	4.208835
492.310477	4935.323737	10.875392	-0.091309	4.208441
492.349448	4934.242310	10.880397	-0.091315	4.208033
492.204484	4933.290488	10.885402	-0.091288	4.207670
492.246288	4932.246209	10.890407	-0.091295	4.207276
492.273073	4931.210457	10.895411	-0.091299	4.206885
492.198966	4929.979398	10.900416	-0.091284	4.206417
492.122277	4929.011839	10.905421	-0.091269	4.206049
492.116521	4928.070967	10.910426	-0.091267	4.205693
492.199399	4927.108564	10.915431	-0.091281	4.205330
492.268432	4925.870026	10.920435	-0.091293	4.204863
492.355498	4924.802782	10.925440	-0.091308	4.204462
492.190210	4923.831728	10.930445	-0.091277	4.204090
492.007039	4922.721788	10.935450	-0.091242	4.203665
491.992725	4921.804290	10.940455	-0.091239	4.203317
491.902881	4920.976032	10.945459	-0.091221	4.203001
492.205806	4920.035731	10.950464	-0.091276	4.202653
491.984916	4919.076273	10.955469	-0.091235	4.202284
491.868829	4918.180753	10.960474	-0.091213	4.201941
492.132988	4917.328164	10.965479	-0.091261	4.201625
491.910152	4916.290800	10.970483	-0.091219	4.201227
491.965319	4915.346094	10.975488	-0.091228	4.200870
491.973489	4914.465601	10.980493	-0.091229	4.200537
491.995212	4913.557077	10.985498	-0.091232	4.200193
491.960642	4912.601338	10.990503	-0.091225	4.199830
491.947302	4911.737338	10.995507	-0.091221	4.199502
491.939983	4910.833464	11.000512	-0.091219	4.199159
492.069964	4909.911357	11.005517	-0.091242	4.198813
492.111125	4908.913772	11.010522	-0.091249	4.198436
492.068865	4907.930956	11.015527	-0.091240	4.198062
491.953444	4907.145839	11.020531	-0.091218	4.197761
492.021535	4906.171388	11.025536	-0.091230	4.197394
491.913530	4905.282169	11.030541	-0.091209	4.197054
491.839504	4904.399790	11.035546	-0.091195	4.196717
491.814303	4903.505135	11.040551	-0.091189	4.196377
491.970612	4902.670732	11.045555	-0.091217	4.196065
492.086939	4901.700819	11.050560	-0.091238	4.195700
491.903288	4900.844237	11.055565	-0.091203	4.195370
491.809231	4899.919962	11.060570	-0.091185	4.195017
491.919792	4899.051881	11.065575	-0.091205	4.194690
491.881925	4898.174149	11.070579	-0.091197	4.194356
491.908026	4897.285583	11.075584	-0.091201	4.194020
491.830516	4896.385174	11.080589	-0.091186	4.193676
492.000014	4895.491165	11.085594	-0.091216	4.193341
492.035174	4894.661416	11.090599	-0.091222	4.193027
491.966449	4893.763096	11.095603	-0.091209	4.192684
491.954226	4892.778794	11.100608	-0.091205	4.192310
491.883541	4891.939970	11.105613	-0.091192	4.191990
491.791516	4891.040171	11.110618	-0.091174	4.191646
491.749456	4890.253808	11.115623	-0.091165	4.191346
491.611605	4889.431248	11.120627	-0.091139	4.191030
491.770935	4888.685608	11.125632	-0.091168	4.190751
491.683191	4887.996221	11.130637	-0.091151	4.190487
491.681868	4887.178552	11.135642	-0.091150	4.190176
491.697210	4886.425562	11.140647	-0.091152	4.189891
491.614119	4885.664510	11.145651	-0.091136	4.189599
491.791524	4884.899804	11.150656	-0.091168	4.189313
491.665617	4884.159020	11.155661	-0.091144	4.189029
491.644991	4883.377456	11.160666	-0.091140	4.188731
491.837666	4882.564210	11.165671	-0.091174	4.188427
491.604250	4881.835001	11.170675	-0.091131	4.188144
491.657640	4881.225192	11.175680	-0.091140	4.187913
491.600075	4880.375707	11.180685	-0.091128	4.187589
491.545406	4879.709255	11.185690	-0.091118	4.187334
491.572198	4879.057840	11.190695	-0.091122	4.187087
491.602447	4878.372556	11.195699	-0.091127	4.186828
491.658804	4877.599311	11.200704	-0.091137	4.186535
491.594230	4876.888541	11.205709	-0.091124	4.186263
491.612051	4876.153328	11.210714	-0.091127	4.185984
491.724173	4875.396966	11.215719	-0.091146	4.185699
491.589722	4874.660722	11.220723	-0.091121	4.185416
491.585142	4873.954273	11.225728	-0.091119	4.185147
491.606568	4873.188637	11.230733	-0.091123	4.184856
491.557419	4872.518972	11.235738	-0.091113	4.184600
491.569313	4871.856682	11.240743	-0.091114	4.184349
491.495111	4871.216713	11.245747	-0.091100	4.184103
491.504068	4870.412726	11.250752	-0.091101	4.183798
491.520444	4869.770773	11.255757	-0.091103	4.183554
491.562579	4869.094277	11.260762	-0.091111	4.183297
491.560938	4868.499578	11.265767	-0.091110	4.183071
491.455065	4867.977659	11.270771	-0.091090	4.182870
491.532966	4867.297192	11.275776	-0.091103	4.182613
491.492954	4866.471402	11.280781	-0.091095	4.182297
491.330136	4865.818120	11.285786	-0.091064	4.182045
491.417533	4865.356150	11.290791	-0.091080	4.181871
491.156209	4864.833523	11.295795	-0.091031	4.181665
491.409290	4864.087154	11.300800	-0.091077	4.181388
491.449561	4863.532513	11.305805	-0.091084	4.181178
491.260797	4863.144447	11.310810	-0.091049	4.181025
491.452922	4862.336740	11.315815	-0.091083	4.180722
491.387142	4861.741052	11.320819	-0.091071	4.180494
491.443625	4861.229699	11.325824	-0.091081	4.180301
491.449628	4860.615227	11.330829	-0.091081	4.180067
491.501049	4859.889460	11.335834	-0.091090	4.179792
491.460634	4859.161822	11.340839	-0.091082	4.179514
491.400919	4858.618363	11.345843	-0.091070	4.179305
491.531065	4858.006202	11.350848	-0.091093	4.179075
491.717057	4857.180409	11.355853	-0.091127	4.178766
491.504793	4856.535200	11.360858	-0.091087	4.178514
491.530212	4855.808199	11.365863	-0.091091	4.178238
491.496699	4855.254102	11.370867	-0.091084	4.178026
491.410709	4854.607749	11.375872	-0.091068	4.177777
491.365178	4854.111900	11.380877	-0.091059	4.177587
491.296729	4853.462778	11.385882	-0.091046	4.177338
491.471764	4852.828148	11.390887	-0.091077	4.177101
491.306911	4852.270099	11.395891	-0.091046	4.176884
491.407172	4851.706199	11.400896	-0.091064	4.176672
491.344852	4851.016662	11.405901	-0.091052	4.176407
491.143160	4850.436667	11.410906	-0.091014	4.176181
491.320610	4850.075624	11.415911	-0.091047	4.176048
491.332451	4849.368821	11.420915	-0.091048	4.175779
491.272423	4848.793945	11.425920	-0.091036	4.175558
491.366995	4848.384579	11.430925	-0.091053	4.175404
491.226772	4847.677675	11.435930	-0.091027	4.175131
491.536361	4847.156138	11.440935	-0.091083	4.174940
491.298916	4846.546883	11.445939	-0.091039	4.174702
491.284495	4846.030441	11.450944	-0.091036	4.174505
491.349542	4845.360367	11.455949	-0.091047	4.174251
491.289662	4844.818447	11.460954	-0.091035	4.174043
491.257556	4844.419560	11.465959	-0.091029	4.173890
491.169516	4843.634846	11.470963	-0.091012	4.173588
491.215461	4843.301042	11.475968	-0.091020	4.173462
491.234965	4842.806983	11.480973	-0.091023	4.173274
491.255363	4842.285053	11.485978	-0.091026	4.173075
491.266186	4841.878398	11.490983	-0.091028	4.172921
491.276912	4841.246682	11.495987	-0.091029	4.172680
491.266419	4840.683573	11.500992	-0.091027	4.172465
491.219017	4840.311263	11.505997	-0.091017	4.172321
491.104654	4839.600680	11.511002	-0.090996	4.172047
491.113924	4839.317800	11.516007	-0.090997	4.171940
490.997372	4838.805461	11.521011	-0.090975	4.171741
491.137521	4838.388401	11.526016	-0.091000	4.171586
491.062557	4837.977159	11.531021	-0.090986	4.171427
490.798385	4837.659142	11.536026	-0.090937	4.171298
491.039748	4837.154158	11.541031	-0.090981	4.171112
491.051570	4836.868711	11.546035	-0.090982	4.171003
490.930040	4836.370746	11.551040	-0.090960	4.170810
491.036596	4836.165513	11.556045	-0.090979	4.170735
490.844543	4835.571002	11.561050	-0.090943	4.170503
490.960196	4835.547577	11.566055	-0.090964	4.170497
491.039393	4834.741373	11.571059	-0.090978	4.170191
490.813861	4834.742271	11.576064	-0.090936	4.170185
490.877028	4834.198151	11.581069	-0.090947	4.169979
490.917730	4833.864171	11.586074	-0.090954	4.169853
491.019204	4833.613526	11.591079	-0.090972	4.169760
491.030417	4833.082853	11.596083	-0.090974	4.169558
490.941629	4832.790544	11.601088	-0.090957	4.169444
491.128736	4832.246149	11.606093	-0.090991	4.169241
491.039127	4831.886863	11.611098	-0.090974	4.169101
491.014225	4831.428271	11.616103	-0.090969	4.168925
491.133007	4831.047283	11.621107	-0.090990	4.168783
491.098264	4830.630289	11.626112	-0.090983	4.168623
491.157382	4830.033496	11.631117	-0.090994	4.168396
491.090966	4829.765078	11.636122	-0.090981	4.168292
490.983973	4829.230484	11.641127	-0.090961	4.168085
491.106608	4829.106011	11.646131	-0.090983	4.168041
491.131525	4828.356333	11.651136	-0.090987	4.167755
491.107170	4828.160264	11.656141	-0.090982	4.167680
490.983551	4827.460961	11.661146	-0.090959	4.167409
491.060491	4827.317588	11.666151	-0.090972	4.167357
491.093834	4826.641015	11.671155	-0.090978	4.167099
491.139520	4826.364944	11.676160	-0.090986	4.166995
491.161966	4825.833027	11.681165	-0.090990	4.166792
491.143895	4825.226294	11.686170	-0.090986	4.166560
491.145536	4824.973731	11.691175	-0.090985	4.166463
491.258922	4824.263984	11.696179	-0.091006	4.166195
491.258266	4823.808943	11.701184	-0.091005	4.166021
491.335555	4823.329738	11.706189	-0.091019	4.165840
491.338717	4822.650589	11.711194	-0.091019	4.165581
491.188530	4822.257429	11.716199	-0.090990	4.165427
491.227775	4821.708208	11.721203	-0.090997	4.165218
491.159222	4821.073337	11.726208	-0.090984	4.164973
491.122269	4820.919939	11.731213	-0.090977	4.164914
491.103941	4820.073336	11.736218	-0.090973	4.164589
490.971547	4820.022949	11.741223	-0.090948	4.164567
491.038886	4819.288928	11.746227	-0.090960	4.164288
491.111605	4819.081409	11.751232	-0.090973	4.164210
491.051750	4818.458347	11.756237	-0.090961	4.163971
491.140940	4818.117391	11.761242	-0.090977	4.163843
491.049932	4817.601079	11.766247	-0.090960	4.163643
491.089271	4817.322400	11.771251	-0.090966	4.163537
490.992872	4816.847334	11.776256	-0.090948	4.163353
491.098870	4816.486478	11.781261	-0.090967	4.163218
491.005149	4816.181113	11.786266	-0.090950	4.163099
490.907024	4815.773995	11.791271	-0.090931	4.162940
490.948107	4815.288660	11.796275	-0.090938	4.162756
491.023257	4814.993676	11.801280	-0.090951	4.162645
491.197758	4814.523620	11.806285	-0.090983	4.162470
490.961711	4814.027339	11.811290	-0.090939	4.162274
490.906160	4813.697362	11.816295	-0.090928	4.162146
491.050770	4813.395970	11.821299	-0.090955	4.162035
490.995028	4812.837450	11.826304	-0.090944	4.161820
491.210475	4812.500145	11.831309	-0.090983	4.161696
491.044979	4812.018666	11.836314	-0.090952	4.161508
490.784652	4811.662145	11.841319	-0.090904	4.161364
491.089648	4811.180719	11.846323	-0.090959	4.161188
490.986208	4810.942303	11.851328	-0.090940	4.161094
491.049809	4810.395220	11.856333	-0.090951	4.160887
490.973497	4810.154125	11.861338	-0.090936	4.160793
490.948005	4809.608368	11.866343	-0.090931	4.160583
491.041910	4809.504820	11.871347	-0.090948	4.160546
490.997446	4808.724578	11.876352	-0.090939	4.160246
490.977846	4808.680326	11.881357	-0.090935	4.160229
490.956488	4807.955658	11.886362	-0.090931	4.159951
490.681849	4807.988686	11.891367	-0.090880	4.159956
490.897569	4807.574790	11.896371	-0.090919	4.159803
490.868310	4807.105305	11.901376	-0.090913	4.159623
490.873833	4807.100927	11.906381	-0.090914	4.159621
490.686615	4806.353626	11.911386	-0.090879	4.159330
490.793566	4806.349543	11.916391	-0.090898	4.159332
490.921007	4806.169447	11.921395	-0.090921	4.159266
490.883920	4805.473780	11.926400	-0.090914	4.158999
490.885270	4805.466429	11.931405	-0.090914	4.158996
490.867707	4804.939938	11.936410	-0.090910	4.158794
490.864318	4804.716749	11.941415	-0.090909	4.158709
490.774911	4804.627609	11.946419	-0.090892	4.158672
490.798641	4803.869089	11.951424	-0.090896	4.158382
490.777655	4803.886946	11.956429	-0.090892	4.158389
490.859213	4803.710889	11.961434	-0.090907	4.158323
490.897084	4803.190417	11.966439	-0.090913	4.158125
490.847483	4803.182533	11.971443	-0.090904	4.158121
490.991519	4802.492406	11.976448	-0.090930	4.157860
491.008056	4802.295608	11.981453	-0.090932	4.157785
490.937127	4801.718346	11.986458	-0.090919	4.157562
490.900771	4801.530951	11.991463	-0.090912	4.157490
491.020254	4801.176148	11.996467	-0.090933	4.157357
490.907203	4800.662219	12.001472	-0.090912	4.157157
490.831670	4800.633313	12.006477	-0.090898	4.157144
490.896401	4799.843678	12.011482	-0.090909	4.156843
490.848516	4799.859326	12.016487	-0.090900	4.156848
490.641657	4799.688727	12.021491	-0.090861	4.156777
490.659973	4799.037732	12.026496	-0.090864	4.156528
490.734806	4799.024453	12.031501	-0.090878	4.156525
490.864738	4798.873631	12.036506	-0.090901	4.156471
490.857206	4798.178013	12.041511	-0.090899	4.156204
490.826815	4798.159834	12.046515	-0.090893	4.156197
490.897709	4797.706615	12.051520	-0.090906	4.156025
490.777959	4797.407718	12.056525	-0.090883	4.155907
490.906266	4797.385822	12.061530	-0.090907	4.155902
490.994697	4796.648562	12.066535	-0.090922	4.155622
490.883796	4796.645778	12.071539	-0.090902	4.155618
490.855940	4796.005513	12.076544	-0.090896	4.155372
490.784307	4795.774224	12.081549	-0.090882	4.155282
490.864793	4795.720612	12.086554	-0.090897	4.155263
490.745478	4794.958011	12.091559	-0.090874	4.154968
490.930575	4794.932967	12.096563	-0.090908	4.154963
490.879364	4794.544621	12.101568	-0.090898	4.154813
490.939860	4794.125684	12.106573	-0.090909	4.154654
490.799358	4794.106228	12.111578	-0.090883	4.154643
490.807314	4793.389467	12.116583	-0.090883	4.154368
490.764919	4793.336283	12.121587	-0.090875	4.154347
490.829327	4793.067863	12.126592	-0.090887	4.154246
490.885130	4792.479829	12.131597	-0.090896	4.154022
490.845196	4792.449293	12.136602	-0.090889	4.154009
491.023339	4791.938304	12.141607	-0.090921	4.153818
490.908044	4791.697119	12.146611	-0.090899	4.153722
491.006703	4791.225927	12.151616	-0.090917	4.153544
490.894313	4790.853394	12.156621	-0.090896	4.153399
490.966279	4790.634198	12.161626	-0.090909	4.153317
490.891677	4790.180845	12.166631	-0.090895	4.153141
490.648937	4790.165290	12.171635	-0.090850	4.153128
490.713603	4789.854568	12.176640	-0.090861	4.153011
490.836192	4789.311729	12.181645	-0.090883	4.152806
490.959309	4789.260046	12.186650	-0.090906	4.152790
490.735791	4788.740589	12.191655	-0.090864	4.152584
490.754863	4788.516167	12.196659	-0.090867	4.152499
490.740875	4788.502568	12.201664	-0.090864	4.152493
490.938695	4787.909743	12.206669	-0.090900	4.152271
490.850673	4787.610560	12.211674	-0.090883	4.152154
490.960008	4787.427905	12.216679	-0.090903	4.152087
490.835009	4786.878046	12.221683	-0.090879	4.151873
490.742624	4786.866671	12.226688	-0.090862	4.151866
490.897258	4786.412939	12.231693	-0.090890	4.151696
490.894357	4785.978376	12.236698	-0.090889	4.151530
491.152727	4785.590710	12.241703	-0.090936	4.151388
490.920180	4785.212131	12.246707	-0.090893	4.151236
490.832464	4784.990360	12.251712	-0.090876	4.151149
490.934214	4784.380000	12.256717	-0.090895	4.150918
490.972354	4784.363577	12.261722	-0.090901	4.150912
490.896170	4783.611006	12.266727	-0.090887	4.150622
490.911848	4783.625463	12.271731	-0.090889	4.150628
490.915068	4783.048932	12.276736	-0.090889	4.150407
490.868264	4782.776319	12.281741	-0.090880	4.150301
490.975079	4782.527969	12.286746	-0.090900	4.150208
490.829309	4781.935873	12.291751	-0.090872	4.149977
490.608810	4781.951389	12.296755	-0.090831	4.149977
490.742654	4781.817566	12.301760	-0.090856	4.149930
490.830384	4781.143243	12.306765	-0.090871	4.149673
490.674248	4781.141234	12.311770	-0.090842	4.149668
490.819280	4780.974078	12.316775	-0.090868	4.149608
490.664367	4780.302142	12.321779	-0.090839	4.149346
490.693798	4780.306678	12.326784	-0.090844	4.149349
490.619436	4780.335572	12.331789	-0.090831	4.149358
490.526950	4780.248537	12.336794	-0.090813	4.149322
490.895753	4779.489524	12.341799	-0.090880	4.149040
490.526915	4779.499975	12.346803	-0.090812	4.149034
490.657918	4779.479493	12.351808	-0.090836	4.149030
490.906529	4778.887628	12.356813	-0.090881	4.148810
490.583252	4778.687385	12.361818	-0.090821	4.148724
490.568034	4778.706439	12.366823	-0.090818	4.148731
490.642193	4778.674476	12.371827	-0.090832	4.148721
490.702153	4777.945330	12.376832	-0.090842	4.148443
490.685963	4777.865994	12.381837	-0.090839	4.148412
490.670718	4777.863078	12.386842	-0.090836	4.148410
490.746063	4777.647140	12.391847	-0.090849	4.148329
490.732334	4777.248679	12.396851	-0.090846	4.148176
490.614528	4777.251324	12.401856	-0.090824	4.148174
490.686956	4777.273998	12.406861	-0.090838	4.148184
490.609976	4776.581391	12.411866	-0.090823	4.147916
490.710636	4776.380787	12.416871	-0.090841	4.147842
490.615130	4776.412787	12.421875	-0.090823	4.147852
490.685389	4776.390049	12.426880	-0.090836	4.147845
490.676274	4775.618712	12.431885	-0.090833	4.147549
490.559097	4775.548914	12.436890	-0.090812	4.147519
490.762408	4775.540440	12.441895	-0.090849	4.147521
490.688682	4775.346384	12.446899	-0.090835	4.147444
490.668529	4774.729638	12.451904	-0.090831	4.147207
490.735977	4774.752651	12.456909	-0.090843	4.147218
490.486655	4774.726294	12.461914	-0.090797	4.147201
490.635133	4774.439396	12.466919	-0.090824	4.147095
490.735137	4773.917576	12.471923	-0.090841	4.146897
490.670201	4773.917335	12.476928	-0.090829	4.146895
490.801134	4773.916371	12.481933	-0.090853	4.146898
490.747580	4773.071060	12.486938	-0.090842	4.146572
490.708328	4773.027539	12.491943	-0.090835	4.146555
490.769959	4773.047701	12.496947	-0.090846	4.146564
490.701468	4772.440171	12.501952	-0.090833	4.146329
490.766284	4772.280372	12.506957	-0.090844	4.146269
490.548864	4772.294088	12.511962	-0.090804	4.146269
490.543932	4772.295333	12.516967	-0.090803	4.146269
490.634012	4771.779188	12.521971	-0.090819	4.146073
490.675312	4771.411239	12.526976	-0.090826	4.145933
490.793049	4771.442094	12.531981	-0.090848	4.145948
490.687452	4771.273940	12.536986	-0.090828	4.145881
490.857197	4770.711589	12.541991	-0.090859	4.145669
490.786553	4770.693053	12.546995	-0.090845	4.145660
490.776919	4770.201054	12.552000	-0.090843	4.145471
490.712657	4769.818616	12.557005	-0.090831	4.145322
490.682701	4769.797226	12.562010	-0.090825	4.145313
490.739462	4769.608757	12.567015	-0.090835	4.145242
490.803087	4769.040116	12.572019	-0.090846	4.145026
490.671948	4769.038844	12.577024	-0.090822	4.145022
490.767857	4768.997233	12.582029	-0.090839	4.145008
490.727275	4768.197743	12.587034	-0.090831	4.144700
490.778121	4768.197508	12.592039	-0.090840	4.144701
490.661495	4768.196032	12.597043	-0.090818	4.144698
490.549608	4767.652805	12.602048	-0.090797	4.144486
490.623840	4767.407053	12.607053	-0.090811	4.144394
490.592965	4767.375979	12.612058	-0.090805	4.144381
490.617039	4767.412579	12.617063	-0.090809	4.144395
490.585429	4767.290513	12.622067	-0.090803	4.144348
490.551717	4766.569518	12.627072	-0.090796	4.144070
490.584287	4766.585197	12.632077	-0.090802	4.144077
490.565683	4766.573585	12.637082	-0.090798	4.144072
490.705721	4766.589025	12.642087	-0.090824	4.144081
490.655097	4765.917219	12.647091	-0.090814	4.143822
490.570687	4765.748491	12.652096	-0.090798	4.143755
490.725358	4765.789719	12.657101	-0.090826	4.143775
490.739508	4765.638446	12.662106	-0.090828	4.143717
490.646469	4764.993252	12.667111	-0.090810	4.143467
490.669807	4764.968941	12.672115	-0.090814	4.143458
490.729937	4764.964798	12.677120	-0.090825	4.143458
490.958428	4764.489635	12.682125	-0.090867	4.143282
490.814960	4764.291766	12.687130	-0.090840	4.143202
490.719373	4764.301826	12.692135	-0.090822	4.143203
490.792456	4763.442688	12.697139	-0.090835	4.142875
490.461441	4763.436809	12.702144	-0.090774	4.142863
490.721523	4763.445412	12.707149	-0.090821	4.142874
490.766405	4763.142493	12.712154	-0.090829	4.142759
490.808633	4762.603315	12.717159	-0.090836	4.142553
490.612969	4762.620420	12.722163	-0.090800	4.142554
490.580636	4762.582155	12.727168	-0.090794	4.142538
490.688118	4762.072539	12.732173	-0.090813	4.142345
490.603850	4761.804748	12.737178	-0.090797	4.142240
490.757482	4761.795644	12.742183	-0.090825	4.142241
490.686145	4761.808063	12.747187	-0.090812	4.142243
490.554778	4760.964328	12.752192	-0.090787	4.141916
490.581320	4760.977168	12.757197	-0.090792	4.141921
490.765743	4760.948021	12.762202	-0.090825	4.141915
490.712280	4760.849507	12.767207	-0.090815	4.141876
490.653748	4760.152629	12.772211	-0.090804	4.141606
490.660024	4760.144962	12.777216	-0.090805	4.141603
490.717956	4760.162901	12.782221	-0.090815	4.141612
490.673696	4759.696572	12.787226	-0.090807	4.141431
490.687097	4759.309869	12.792231	-0.090809	4.141283
490.670251	4759.295708	12.797235	-0.090805	4.141277
490.575477	4759.315466	12.802240	-0.090788	4.141282
490.799129	4758.786441	12.807245	-0.090828	4.141085
490.712073	4758.468576	12.812250	-0.090812	4.140960
490.875777	4758.471747	12.817255	-0.090842	4.140966
490.669786	4757.879629	12.822259	-0.090803	4.140733
490.670379	4757.727796	12.827264	-0.090803	4.140674
490.757678	4757.724166	12.832269	-0.090819	4.140675
490.785180	4757.393388	12.837274	-0.090823	4.140549
490.617049	4756.878254	12.842279	-0.090792	4.140346
490.693337	4756.872962	12.847283	-0.090806	4.140346
490.620772	4756.873291	12.852288	-0.090792	4.140344
490.751111	4756.415103	12.857293	-0.090816	4.140172
490.649807	4756.097506	12.862298	-0.090796	4.140047
490.818802	4756.087301	12.867303	-0.090827	4.140047
490.774222	4755.532666	12.872307	-0.090819	4.139833
490.589059	4755.234004	12.877312	-0.090784	4.139713
490.595534	4755.259617	12.882317	-0.090785	4.139723
490.569068	4755.225030	12.887322	-0.090780	4.139709
490.627939	4754.845835	12.892327	-0.090790	4.139565
490.517417	4754.484286	12.897331	-0.090769	4.139423
490.353027	4754.479729	12.902336	-0.090739	4.139416
490.598708	4754.486842	12.907341	-0.090784	4.139426
490.616541	4754.461312	12.912346	-0.090787	4.139416
490.555076	4754.468170	12.917351	-0.090775	4.139417
490.666675	4753.680153	12.922355	-0.090795	4.139117
490.505081	4753.619385	12.927360	-0.090765	4.139090
490.678686	4753.608845	12.932365	-0.090797	4.139090
490.612399	4753.616044	12.937370	-0.090785	4.139091
490.517539	4753.080516	12.942375	-0.090767	4.138883
490.360923	4752.886267	12.947379	-0.090737	4.138804
490.516501	4752.836407	12.952384	-0.090766	4.138789
490.706419	4752.855561	12.957389	-0.090800	4.138801
490.626069	4752.810986	12.962394	-0.090785	4.138782
490.593719	4752.525171	12.967399	-0.090779	4.138671
490.607547	4752.018556	12.972403	-0.090781	4.138476
490.442813	4752.021342	12.977408	-0.090750	4.138473
490.683234	4752.018256	12.982413	-0.090795	4.138478
490.542222	4752.008002	12.987418	-0.090768	4.138471
490.617377	4751.756018	12.992423	-0.090782	4.138376
490.540712	4751.420600	12.997427	-0.090767	4.138244
490.387204	4751.424219	13.002432	-0.090739	4.138242
490.722533	4751.407935	13.007437	-0.090800	4.138244
490.729559	4751.383174	13.012442	-0.090801	4.138235
490.687721	4750.594032	13.017447	-0.090793	4.137930
490.794854	4750.568696	13.022451	-0.090812	4.137924
490.523465	4750.536815	13.027456	-0.090762	4.137904
490.633907	4750.533971	13.032461	-0.090782	4.137906
490.669401	4749.744302	13.037466	-0.090788	4.137603
490.681238	4749.751667	13.042471	-0.090790	4.137606
490.834350	4749.754735	13.047475	-0.090818	4.137611
490.498865	4749.086275	13.052480	-0.090756	4.137345
490.661296	4748.911771	13.057485	-0.090785	4.137282
490.645899	4748.877239	13.062490	-0.090782	4.137269
490.622463	4748.883850	13.067495	-0.090777	4.137270
490.447491	4748.906037	13.072499	-0.090745	4.137274
490.461076	4748.289253	13.077504	-0.090747	4.137037
490.636836	4748.149520	13.082509	-0.090779	4.136988
490.796856	4748.101783	13.087514	-0.090808	4.136974
490.701681	4748.115086	13.092519	-0.090790	4.136977
490.596155	4747.258478	13.097523	-0.090770	4.136644
490.439244	4747.265599	13.102528	-0.090741	4.136643
490.599334	4747.272219	13.107533	-0.090770	4.136649
490.566450	4747.255157	13.112538	-0.090764	4.136642
490.396199	4747.289996	13.117543	-0.090733	4.136651
490.468027	4747.272834	13.122547	-0.090746	4.136646
490.446805	4746.510132	13.127552	-0.090741	4.136352
490.624801	4746.456256	13.132557	-0.090773	4.136336
490.747975	4746.477652	13.137562	-0.090796	4.136348
490.692076	4746.497916	13.142567	-0.090785	4.136354
490.784091	4745.795404	13.147571	-0.090802	4.136086
490.629653	4745.658762	13.152576	-0.090773	4.136029
490.607322	4745.667729	13.157581	-0.090769	4.136032
490.744365	4745.557527	13.162586	-0.090793	4.135993
490.752347	4744.878052	13.167591	-0.090794	4.135732
490.587522	4744.921435	13.172595	-0.090764	4.135744
490.457813	4744.934752	13.177600	-0.090740	4.135746
490.578760	4744.927094	13.182605	-0.090762	4.135746
490.519979	4744.270231	13.187610	-0.090750	4.135491
490.572682	4744.061369	13.192615	-0.090760	4.135413
490.478295	4744.061644	13.197619	-0.090742	4.135410
490.376841	4744.053498	13.202624	-0.090723	4.135404
490.527657	4744.061569	13.207629	-0.090751	4.135411
490.433162	4744.032651	13.212634	-0.090733	4.135398
490.531940	4743.736178	13.217639	-0.090751	4.135286
490.474947	4743.216334	13.222643	-0.090740	4.135084
490.470038	4743.196491	13.227648	-0.090739	4.135077
490.621863	4743.233685	13.232653	-0.090766	4.135095
490.660027	4743.225393	13.237658	-0.090773	4.135093
490.721827	4743.019961	13.242663	-0.090784	4.135015
490.600506	4742.448744	13.247667	-0.090761	4.134792
490.741083	4742.416982	13.252672	-0.090787	4.134784
490.598560	4742.444188	13.257677	-0.090760	4.134790
490.640724	4742.071474	13.262682	-0.090768	4.134648
490.523837	4741.623261	13.267687	-0.090746	4.134472
490.542341	4741.632579	13.272691	-0.090749	4.134476
490.494521	4741.600370	13.277696	-0.090740	4.134462
490.620460	4741.603703	13.282701	-0.090763	4.134467
490.654435	4741.358912	13.287706	-0.090769	4.134374
490.594084	4740.785905	13.292711	-0.090757	4.134152
490.708212	4740.803857	13.297715	-0.090778	4.134162
490.481842	4740.787539	13.302720	-0.090736	4.134149
490.488939	4740.831722	13.307725	-0.090737	4.134166
490.632466	4740.388637	13.312730	-0.090763	4.133999
490.567292	4739.979810	13.317735	-0.090750	4.133840
490.541778	4739.989812	13.322739	-0.090745	4.133843
490.593896	4739.974855	13.327744	-0.090755	4.133839
490.763878	4739.554250	13.332749	-0.090786	4.133682
490.578588	4739.187208	13.337754	-0.090751	4.133535
490.616470	4739.153801	13.342759	-0.090758	4.133523
490.454082	4739.197013	13.347763	-0.090728	4.133536
490.576566	4739.159233	13.352768	-0.090750	4.133524
490.519693	4738.828510	13.357773	-0.090739	4.133395
490.629169	4738.487630	13.362778	-0.090759	4.133267
490.549175	4738.491764	13.367783	-0.090744	4.133266
490.592025	4738.491245	13.372787	-0.090751	4.133267
490.634738	4738.455065	13.377792	-0.090759	4.133255
490.656170	4737.642952	13.382797	-0.090762	4.132942
490.599237	4737.655991	13.387802	-0.090751	4.132946
490.671831	4737.632287	13.392807	-0.090765	4.132939
490.605961	4737.671090	13.397811	-0.090752	4.132952
490.717334	4736.902105	13.402816	-0.090772	4.132659
490.580403	4736.831652	13.407821	-0.090747	4.132628
490.647196	4736.815654	13.412826	-0.090759	4.132623
490.722146	4736.695323	13.417831	-0.090772	4.132579
490.521732	4735.994716	13.422835	-0.090735	4.132304
490.694251	4735.946904	13.427840	-0.090766	4.132290
490.650304	4735.957402	13.432845	-0.090758	4.132293
490.636131	4735.906620	13.437850	-0.090755	4.132273
490.627437	4735.180313	13.442855	-0.090753	4.131993
490.505524	4735.206067	13.447859	-0.090730	4.131999
490.390929	4735.214282	13.452864	-0.090709	4.131999
490.586732	4735.202100	13.457869	-0.090744	4.132000
490.552634	4735.183533	13.462874	-0.090738	4.131992
490.362771	4735.014736	13.467879	-0.090703	4.131921
490.567445	4734.326842	13.472883	-0.090740	4.131662
490.437921	4734.318290	13.477888	-0.090716	4.131655
490.506626	4734.345107	13.482893	-0.090728	4.131667
490.451966	4734.315035	13.487898	-0.090718	4.131654
490.462599	4734.318419	13.492903	-0.090719	4.131656
490.446483	4734.322080	13.497907	-0.090716	4.131657
490.277175	4734.330128	13.502912	-0.090685	4.131655
490.288181	4734.362659	13.507917	-0.090687	4.131668
490.561994	4733.907333	13.512922	-0.090737	4.131500
490.364247	4733.587588	13.517927	-0.090700	4.131371
490.447454	4733.572855	13.522931	-0.090715	4.131368
490.448305	4733.556675	13.527936	-0.090715	4.131362
490.540183	4733.576171	13.532941	-0.090731	4.131372
490.567557	4733.578367	13.537946	-0.090736	4.131373
490.425035	4733.561016	13.542951	-0.090710	4.131363
490.546115	4732.906690	13.547955	-0.090731	4.131114
490.458612	4732.714470	13.552960	-0.090715	4.131037
490.333543	4732.748553	13.557965	-0.090692	4.131047
490.373419	4732.720690	13.562970	-0.090699	4.131037
490.506239	4732.710538	13.567975	-0.090723	4.131037
490.582942	4732.707610	13.572979	-0.090737	4.131038
490.600009	4732.704054	13.577984	-0.090740	4.131037
490.584742	4732.232035	13.582989	-0.090737	4.130855
490.627221	4731.964161	13.587994	-0.090744	4.130753
490.466463	4732.010501	13.592999	-0.090714	4.130766
490.438603	4732.010134	13.598003	-0.090709	4.130765
490.271946	4732.002609	13.603008	-0.090678	4.130758
490.450345	4731.984357	13.608013	-0.090710	4.130755
490.431813	4731.982518	13.613018	-0.090707	4.130754
490.361961	4732.024024	13.618023	-0.090694	4.130768
490.365282	4731.136724	13.623027	-0.090694	4.130426
490.297298	4731.114904	13.628032	-0.090681	4.130416
490.566499	4731.106403	13.633037	-0.090730	4.130420
490.513659	4731.100520	13.638042	-0.090720	4.130416
490.717245	4731.103972	13.643047	-0.090757	4.130423
490.479039	4731.124216	13.648051	-0.090713	4.130424
490.555105	4730.883959	13.653056	-0.090727	4.130334
490.596066	4730.314056	13.658061	-0.090734	4.130115
490.674346	4730.299671	13.663066	-0.090748	4.130112
490.680736	4730.319556	13.668071	-0.090749	4.130120
490.635797	4729.939667	13.673075	-0.090740	4.129972
490.650236	4729.499681	13.678080	-0.090743	4.129803
490.715329	4729.514583	13.683085	-0.090754	4.129810
490.730643	4729.497381	13.688090	-0.090757	4.129804
490.565615	4728.929227	13.693095	-0.090726	4.129581
490.671141	4728.700690	13.698099	-0.090745	4.129495
490.568651	4728.686191	13.703104	-0.090726	4.129487
490.561868	4728.686760	13.708109	-0.090724	4.129487
490.681260	4728.491259	13.713114	-0.090746	4.129415
490.683032	4727.874861	13.718119	-0.090746	4.129177
490.475036	4727.889733	13.723123	-0.090707	4.129177
490.484757	4727.866451	13.728128	-0.090709	4.129169
490.646626	4727.879329	13.733133	-0.090738	4.129178
490.382364	4727.749989	13.738138	-0.090689	4.129121
490.277240	4727.062684	13.743143	-0.090669	4.128853
490.459307	4727.085458	13.748147	-0.090703	4.128867
490.245854	4727.070758	13.753152	-0.090663	4.128855
490.364225	4727.102110	13.758157	-0.090685	4.128870
490.592249	4727.055209	13.763162	-0.090726	4.128858
490.435255	4727.055931	13.768167	-0.090697	4.128854
490.614995	4727.048096	13.773171	-0.090730	4.128856
490.448349	4727.037356	13.778176	-0.090699	4.128848
490.516211	4726.691680	13.783181	-0.090711	4.128716
490.346457	4726.290031	13.788186	-0.090680	4.128557
490.474541	4726.271291	13.793191	-0.090703	4.128553
490.309717	4726.299296	13.798195	-0.090672	4.128559
490.384077	4726.285186	13.803200	-0.090686	4.128556
490.464201	4726.288482	13.808205	-0.090700	4.128559
490.380073	4726.263780	13.813210	-0.090685	4.128547
490.358372	4726.244356	13.818215	-0.090680	4.128539
490.554712	4726.289593	13.823219	-0.090716	4.128562
490.521383	4725.981096	13.828224	-0.090710	4.128442
490.554427	4725.685703	13.833229	-0.090715	4.128329
490.445726	4725.674897	13.838234	-0.090695	4.128322
490.604156	4725.671812	13.843239	-0.090724	4.128325
490.559588	4725.692883	13.848243	-0.090716	4.128332
490.503987	4725.674252	13.853248	-0.090705	4.128323
490.674157	4724.933492	13.858253	-0.090736	4.128042
490.634914	4724.783341	13.863258	-0.090728	4.127983
490.497396	4724.788354	13.868263	-0.090703	4.127981
490.612455	4724.798067	13.873267	-0.090724	4.127988
490.598995	4724.472818	13.878272	-0.090721	4.127862
490.644095	4723.975011	13.883277	-0.090729	4.127672
490.444774	4723.977948	13.888282	-0.090692	4.127667
490.555915	4723.957171	13.893287	-0.090712	4.127662
490.559555	4723.961047	13.898291	-0.090712	4.127664
490.572363	4723.621811	13.903296	-0.090714	4.127533
490.703472	4723.170541	13.908301	-0.090738	4.127363
490.547114	4723.171233	13.913306	-0.090709	4.127359
490.601039	4723.169101	13.918311	-0.090719	4.127359
490.668630	4723.122279	13.923315	-0.090731	4.127343
490.627538	4722.331964	13.928320	-0.090722	4.127037
490.521422	4722.324226	13.933325	-0.090703	4.127031
490.533851	4722.343665	13.938330	-0.090705	4.127039
490.479557	4722.329809	13.943335	-0.090694	4.127032
490.587766	4722.329476	13.948339	-0.090714	4.127035
490.623864	4721.533725	13.953344	-0.090720	4.126729
490.546818	4721.557916	13.958349	-0.090706	4.126736
490.502385	4721.526361	13.963354	-0.090697	4.126723
490.457312	4721.511041	13.968359	-0.090689	4.126716
490.645192	4721.537410	13.973363	-0.090723	4.126731
490.446168	4720.862872	13.978368	-0.090686	4.126465
490.686554	4720.691247	13.983373	-0.090730	4.126406
490.623254	4720.692605	13.988378	-0.090718	4.126404
490.647628	4720.674768	13.993383	-0.090722	4.126398
490.593576	4720.548399	13.998387	-0.090712	4.126348
490.551682	4719.878921	14.003392	-0.090703	4.126088
490.591975	4719.927123	14.008397	-0.090711	4.126108
490.786505	4719.885833	14.013402	-0.090746	4.126097
490.821237	4719.503079	14.018407	-0.090752	4.125951
490.634532	4719.116696	14.023411	-0.090717	4.125796
490.704053	4719.093216	14.028416	-0.090730	4.125789
490.841176	4718.841569	14.033421	-0.090755	4.125696
490.646337	4718.255924	14.038426	-0.090718	4.125465
490.578265	4718.229305	14.043431	-0.090705	4.125452
490.709151	4718.271040	14.048435	-0.090729	4.125472
490.646509	4717.954353	14.053440	-0.090717	4.125348
490.508410	4717.483658	14.058445	-0.090691	4.125163
490.476722	4717.457685	14.063450	-0.090685	4.125152
490.643568	4717.470959	14.068455	-0.090716	4.125161
490.580748	4717.471479	14.073459	-0.090704	4.125160
490.453440	4717.420768	14.078464	-0.090680	4.125137
490.507837	4716.603042	14.083469	-0.090690	4.124823
490.406301	4716.617651	14.088474	-0.090671	4.124825
490.420718	4716.599720	14.093479	-0.090673	4.124819
490.588350	4716.615359	14.098483	-0.090704	4.124830
490.515030	4716.604494	14.103488	-0.090690	4.124823
490.544089	4716.609790	14.108493	-0.090695	4.124826
490.591648	4716.164752	14.113498	-0.090703	4.124656
490.476829	4715.879360	14.118503	-0.090682	4.124542
490.663521	4715.882309	14.123507	-0.090716	4.124549
490.662050	4715.863894	14.128512	-0.090716	4.124541
490.723831	4715.530317	14.133517	-0.090727	4.124414
490.502981	4714.990412	14.138522	-0.090685	4.124200
490.543188	4714.988439	14.143527	-0.090692	4.124200
490.601682	4714.997295	14.148531	-0.090703	4.124205
490.665972	4714.970144	14.153536	-0.090715	4.124196
490.645657	4714.324558	14.158541	-0.090710	4.123947
490.468777	4714.228070	14.163546	-0.090677	4.123904
490.475597	4714.216346	14.168551	-0.090678	4.123900
490.445389	4714.265503	14.173555	-0.090673	4.123918
490.463410	4714.231949	14.178560	-0.090676	4.123906
490.487229	4714.235998	14.183565	-0.090680	4.123908
490.462643	4713.674073	14.188570	-0.090675	4.123690
490.368269	4713.403473	14.193575	-0.090657	4.123583
490.451798	4713.402450	14.198579	-0.090672	4.123585
490.584341	4713.395502	14.203584	-0.090696	4.123586
490.547775	4713.430551	14.208589	-0.090689	4.123599
490.334673	4713.421586	14.213594	-0.090650	4.123589
490.469082	4713.411269	14.218599	-0.090674	4.123589
490.664188	4712.955828	14.223603	-0.090710	4.123418
490.533074	4712.754188	14.228608	-0.090685	4.123337
490.558426	4712.788859	14.233613	-0.090690	4.123351
490.572213	4712.769360	14.238618	-0.090692	4.123344
490.527343	4712.756475	14.243623	-0.090684	4.123338
490.642603	4712.219417	14.248627	-0.090704	4.123133
490.401582	4711.914851	14.253632	-0.090659	4.123009
490.612766	4711.882065	14.258637	-0.090698	4.123002
490.597971	4711.916365	14.263642	-0.090695	4.123015
490.623095	4711.896058	14.268647	-0.090700	4.123008
490.445755	4711.393685	14.273651	-0.090666	4.122809
490.487640	4711.114225	14.278656	-0.090674	4.122702
490.641880	4711.127554	14.283661	-0.090702	4.122712
490.748728	4711.107879	14.288666	-0.090721	4.122707
490.535043	4711.143445	14.293671	-0.090682	4.122715
490.437370	4710.371823	14.298675	-0.090663	4.122414
490.477975	4710.228318	14.303680	-0.090670	4.122360
490.530268	4710.268331	14.308685	-0.090680	4.122377
490.555983	4710.245558	14.313690	-0.090684	4.122368
490.481543	4710.251772	14.318695	-0.090670	4.122369
490.617340	4710.253477	14.323699	-0.090695	4.122373
490.521982	4709.471244	14.328704	-0.090677	4.122068
490.623944	4709.485066	14.333709	-0.090695	4.122077
490.496576	4709.510425	14.338714	-0.090671	4.122083
490.603611	4709.482650	14.343719	-0.090691	4.122075
490.516543	4709.509981	14.348723	-0.090675	4.122083
490.611305	4708.809615	14.353728	-0.090691	4.121815
490.664491	4708.628849	14.358733	-0.090701	4.121747
490.653631	4708.628904	14.363738	-0.090699	4.121747
490.494387	4708.637140	14.368743	-0.090669	4.121745
490.625465	4708.120166	14.373747	-0.090693	4.121549
490.352785	4707.811540	14.378752	-0.090642	4.121423
490.385984	4707.814104	14.383757	-0.090648	4.121424
490.382390	4707.826574	14.388762	-0.090647	4.121429
490.212982	4707.803204	14.393767	-0.090616	4.121415
490.265889	4707.834269	14.398771	-0.090625	4.121429
490.166789	4707.819615	14.403776	-0.090607	4.121420
490.259184	4707.827647	14.408781	-0.090624	4.121426
490.263011	4707.823418	14.413786	-0.090624	4.121424
490.276049	4707.820957	14.418791	-0.090626	4.121424
490.323207	4707.845157	14.423795	-0.090635	4.121434
490.185006	4707.848658	14.428800	-0.090609	4.121432
490.462135	4707.829739	14.433805	-0.090660	4.121432
490.378990	4707.855980	14.438810	-0.090644	4.121440
490.368315	4707.834196	14.443815	-0.090642	4.121431
490.424078	4707.806853	14.448819	-0.090652	4.121422
490.415760	4707.822086	14.453824	-0.090650	4.121428
490.462326	4707.804292	14.458829	-0.090659	4.121422
490.209001	4707.845935	14.463834	-0.090612	4.121431
490.397922	4707.773503	14.468839	-0.090646	4.121408
490.468164	4707.012762	14.473843	-0.090659	4.121117
490.330193	4707.011400	14.478848	-0.090633	4.121112
490.161265	4707.061558	14.483853	-0.090602	4.121127
490.403946	4707.048332	14.488858	-0.090646	4.121128
490.430898	4707.035175	14.493863	-0.090651	4.121124
490.438044	4707.050917	14.498867	-0.090652	4.121130
490.545432	4707.013417	14.503872	-0.090671	4.121119
490.481363	4707.037485	14.508877	-0.090659	4.121126
490.450321	4707.023626	14.513882	-0.090653	4.121120
490.372352	4706.801346	14.518887	-0.090639	4.121032
490.469486	4706.223031	14.523891	-0.090656	4.120811
490.467622	4706.225676	14.528896	-0.090655	4.120812
490.575092	4706.224542	14.533901	-0.090675	4.120815
490.654280	4706.267461	14.538906	-0.090689	4.120833
490.350708	4706.244808	14.543911	-0.090633	4.120816
490.578071	4706.086378	14.548915	-0.090675	4.120761
490.502566	4705.395986	14.553920	-0.090660	4.120492
490.468677	4705.422744	14.558925	-0.090654	4.120502
490.727372	4705.434226	14.563930	-0.090701	4.120513
490.665631	4705.414484	14.568935	-0.090690	4.120504
490.610089	4704.903734	14.573939	-0.090679	4.120305
490.398657	4704.574680	14.578944	-0.090639	4.120172
490.574529	4704.567030	14.583949	-0.090672	4.120174
490.558303	4704.586865	14.588954	-0.090668	4.120181
490.590836	4704.583008	14.593959	-0.090674	4.120181
490.590862	4704.322876	14.598963	-0.090674	4.120080
490.396344	4703.780917	14.603968	-0.090637	4.119865
490.518922	4703.776270	14.608973	-0.090660	4.119867
490.655643	4703.785965	14.613978	-0.090685	4.119874
490.581319	4703.759857	14.618983	-0.090671	4.119862
490.604863	4703.558666	14.623987	-0.090675	4.119785
490.452127	4702.959622	14.628992	-0.090646	4.119549
490.453651	4702.977376	14.633997	-0.090646	4.119556
490.662147	4702.970616	14.639002	-0.090684	4.119559
490.599603	4702.967909	14.644007	-0.090673	4.119556
490.589001	4702.984915	14.649011	-0.090670	4.119563
490.299438	4702.836053	14.654016	-0.090617	4.119497
490.476219	4702.127817	14.659021	-0.090649	4.119228
490.549179	4702.164692	14.664026	-0.090662	4.119245
490.358207	4702.158257	14.669031	-0.090626	4.119237
490.553810	4702.172615	14.674035	-0.090662	4.119248
490.494552	4702.154323	14.679040	-0.090651	4.119239
490.547413	4702.123962	14.684045	-0.090661	4.119229
490.483759	4701.645466	14.689050	-0.090648	4.119042
490.245910	4701.387096	14.694055	-0.090604	4.118936
490.260018	4701.411217	14.699059	-0.090606	4.118945
490.352016	4701.382094	14.704064	-0.090623	4.118936
490.414409	4701.381751	14.709069	-0.090634	4.118938
490.364025	4701.385447	14.714074	-0.090625	4.118938
490.257792	4701.395568	14.719079	-0.090605	4.118939
490.428878	4701.393095	14.724083	-0.090636	4.118943
490.262086	4701.393819	14.729088	-0.090605	4.118938
490.272252	4701.409336	14.734093	-0.090607	4.118945
490.314657	4701.399922	14.739098	-0.090615	4.118942
490.197818	4701.398684	14.744103	-0.090593	4.118938
490.238726	4701.407959	14.749107	-0.090600	4.118943
490.244787	4701.386607	14.754112	-0.090601	4.118935
490.211686	4701.400376	14.759117	-0.090595	4.118939
490.249267	4701.392116	14.764122	-0.090602	4.118937
490.256226	4701.386049	14.769127	-0.090603	4.118935
490.435828	4701.387006	14.774131	-0.090635	4.118940
490.353305	4701.387349	14.779136	-0.090620	4.118938
490.211918	4701.408066	14.784141	-0.090594	4.118942
490.322042	4701.390570	14.789146	-0.090614	4.118938
490.221901	4701.400254	14.794151	-0.090595	4.118939
490.211864	4701.407524	14.799155	-0.090593	4.118942
490.298067	4701.384470	14.804160	-0.090609	4.118935
490.305687	4701.400977	14.809165	-0.090610	4.118942
490.442462	4701.380765	14.814170	-0.090635	4.118938
490.461622	4701.384327	14.819175	-0.090638	4.118940
490.512338	4701.287066	14.824179	-0.090647	4.118903
490.351203	4700.562742	14.829184	-0.090617	4.118619
490.445108	4700.533482	14.834189	-0.090634	4.118610
490.544723	4700.581364	14.839194	-0.090652	4.118631
490.440062	4700.551790	14.844199	-0.090633	4.118617
490.476422	4700.588856	14.849203	-0.090639	4.118632
490.785101	4700.574906	14.854208	-0.090696	4.118635
490.653818	4699.989850	14.859213	-0.090671	4.118406
490.673398	4699.979648	14.864218	-0.090674	4.118402
490.742578	4699.932773	14.869223	-0.090687	4.118386
490.664185	4699.785000	14.874227	-0.090672	4.118327
490.659528	4699.114991	14.879232	-0.090670	4.118068
490.686514	4699.151914	14.884237	-0.090675	4.118083
490.719747	4699.130234	14.889242	-0.090681	4.118075
490.721671	4698.456563	14.894247	-0.090681	4.117815
490.791300	4698.283664	14.899251	-0.090693	4.117750
490.820763	4698.264678	14.904256	-0.090698	4.117743
490.618269	4697.671941	14.909261	-0.090661	4.117508
490.619106	4697.481374	14.914266	-0.090660	4.117435
490.396127	4697.494221	14.919271	-0.090619	4.117434
490.595293	4697.489717	14.924275	-0.090656	4.117437
490.662115	4697.480167	14.929280	-0.090668	4.117435
490.460161	4696.676675	14.934285	-0.090630	4.117119
490.511210	4696.664218	14.939290	-0.090639	4.117116
490.483785	4696.646084	14.944295	-0.090634	4.117108
490.518668	4696.696159	14.949299	-0.090640	4.117128

490.488480	4696.279309	14.954304	-0.090634	4.116966
490.331601	4695.683428	14.959309	-0.090604	4.116731
490.330784	4694.827707	14.964314	-0.090603	4.116400
490.305265	4693.829319	14.969319	-0.090598	4.116014
490.144168	4692.588908	14.974323	-0.090567	4.115529
490.224139	4691.075480	14.979328	-0.090581	4.114946
490.147750	4689.295901	14.984333	-0.090565	4.114256
490.140842	4687.430141	14.989338	-0.090562	4.113534
490.127260	4685.207837	14.994343	-0.090558	4.112673
489.843865	4682.764295	14.999347	-0.090504	4.111719
489.856883	4680.182277	15.004352	-0.090505	4.110720
489.927181	4677.251764	15.009357	-0.090515	4.109587
489.846442	4674.270905	15.014362	-0.090498	4.108430
489.803567	4670.935321	15.019367	-0.090488	4.107136
489.768878	4667.353784	15.024371	-0.090479	4.105747
489.475295	4663.623161	15.029376	-0.090422	4.104292
489.372721	4659.784311	15.034381	-0.090401	4.102800
489.501509	4655.586611	15.039386	-0.090421	4.101175
489.377854	4651.138732	15.044391	-0.090395	4.099445
489.181184	4646.758349	15.049395	-0.090356	4.097738
489.253966	4641.898280	15.054400	-0.090366	4.095851
489.408064	4636.751863	15.059405	-0.090391	4.093855
489.143624	4631.517317	15.064410	-0.090339	4.091812
488.931888	4625.984813	15.069415	-0.090296	4.089653
488.792761	4620.469209	15.074419	-0.090266	4.087502
488.801070	4614.602790	15.079424	-0.090264	4.085217
488.721544	4608.533107	15.084429	-0.090245	4.082849
488.659762	4602.270393	15.089434	-0.090229	4.080404
488.443993	4595.863656	15.094439	-0.090185	4.077898
488.355123	4589.161406	15.099443	-0.090164	4.075278
488.441806	4582.348253	15.104448	-0.090175	4.072619
488.073672	4575.268362	15.109453	-0.090103	4.069840
488.186279	4568.077122	15.114458	-0.090118	4.067029
487.960731	4560.609936	15.119463	-0.090072	4.064099
487.878260	4552.989389	15.124467	-0.090051	4.061111
487.748782	4545.242703	15.129472	-0.090022	4.058069
487.561055	4537.239830	15.134477	-0.089982	4.054923
487.514354	4529.094377	15.139482	-0.089968	4.051723
487.282297	4520.778788	15.144487	-0.089919	4.048448
487.019991	4512.331099	15.149491	-0.089865	4.045117
486.789284	4503.770774	15.154496	-0.089817	4.041740
486.731208	4495.057298	15.159501	-0.089800	4.038304
486.511865	4486.161749	15.164506	-0.089754	4.034790
486.367956	4477.069862	15.169511	-0.089721	4.031197
486.046660	4467.934938	15.174515	-0.089656	4.027578
485.791512	4458.653367	15.179520	-0.089602	4.023900
485.727442	4449.214353	15.184525	-0.089584	4.020162
485.495937	4439.704102	15.189530	-0.089535	4.016387
485.311569	4429.912045	15.194535	-0.089494	4.012498
485.147154	4420.050205	15.199539	-0.089457	4.008579
484.910562	4410.035635	15.204544	-0.089407	4.004592
484.734397	4399.874256	15.209549	-0.089368	4.000545
484.534333	4389.508024	15.214554	-0.089324	3.996412
484.308226	4379.018439	15.219559	-0.089275	3.992224
484.145467	4368.484179	15.224563	-0.089238	3.988016
483.844103	4357.799383	15.229568	-0.089175	3.983738
483.508977	4347.046952	15.234573	-0.089106	3.979429
483.374144	4336.182151	15.239578	-0.089074	3.975075
483.119375	4325.144966	15.244583	-0.089020	3.970644
482.930039	4314.042708	15.249587	-0.088977	3.966184
482.597842	4302.825390	15.254592	-0.088908	3.961668
482.447425	4291.488555	15.259597	-0.088873	3.957105
482.115421	4280.023679	15.264602	-0.088804	3.952478
481.619856	4268.560046	15.269607	-0.088705	3.947842
481.526220	4256.999613	15.274611	-0.088680	3.943174
481.491165	4245.231171	15.279616	-0.088666	3.938418
481.123584	4233.345862	15.284621	-0.088590	3.933598
480.883279	4221.371757	15.289626	-0.088538	3.928741
480.581786	4209.326821	15.294631	-0.088474	3.923847
480.346927	4197.177141	15.299635	-0.088422	3.918906
480.333045	4184.832895	15.304640	-0.088412	3.913887
480.025117	4172.304952	15.309645	-0.088346	3.908777
479.816321	4159.737931	15.314650	-0.088299	3.903647
479.446273	4147.103872	15.319655	-0.088223	3.898478
479.365320	4134.318455	15.324659	-0.088199	3.893250
478.920322	4121.492251	15.329664	-0.088109	3.887986
478.831018	4108.494029	15.334669	-0.088083	3.882656
478.344622	4095.528100	15.339674	-0.087985	3.877318
478.113442	4082.420653	15.344679	-0.087934	3.871924
477.885008	4069.211618	15.349683	-0.087883	3.866480
477.561457	4055.955229	15.354688	-0.087814	3.861005
477.532112	4042.570347	15.359693	-0.087800	3.855480
477.200361	4029.028972	15.364698	-0.087729	3.849872
477.059749	4015.372843	15.369703	-0.087694	3.844215
476.878046	4001.461241	15.374707	-0.087652	3.838441
476.590928	3987.538470	15.379712	-0.087589	3.832651
476.102409	3973.622873	15.384717	-0.087490	3.826847
475.955283	3959.624915	15.389722	-0.087453	3.821013
475.529173	3945.585994	15.394727	-0.087366	3.815142
475.329115	3931.459604	15.399731	-0.087319	3.809234
474.885532	3917.285676	15.404736	-0.087228	3.803288
474.658659	3903.059327	15.409741	-0.087177	3.797319
474.234501	3888.755502	15.414746	-0.087089	3.791300
473.893588	3874.456199	15.419751	-0.087016	3.785276
473.612426	3860.110879	15.424755	-0.086955	3.779226
473.333814	3845.614684	15.429760	-0.086894	3.773102
472.972679	3831.104573	15.434765	-0.086818	3.766959
472.626369	3816.566201	15.439770	-0.086744	3.760795
472.353809	3801.873045	15.444775	-0.086684	3.754557
472.015417	3787.193568	15.449779	-0.086612	3.748313
471.734269	3772.472732	15.454784	-0.086550	3.742042
471.548812	3757.608428	15.459789	-0.086506	3.735703
471.167906	3742.731054	15.464794	-0.086426	3.729341
470.779179	3727.774258	15.469799	-0.086344	3.722933
470.553347	3712.810327	15.474803	-0.086293	3.716517
470.213754	3697.739631	15.479808	-0.086220	3.710040
470.037567	3682.548267	15.484813	-0.086177	3.703506
469.626387	3667.396981	15.489818	-0.086091	3.696968
469.117589	3652.157492	15.494823	-0.085987	3.690377
468.949827	3636.905807	15.499827	-0.085946	3.683782
468.490731	3621.571227	15.504832	-0.085851	3.677127
468.030259	3606.266344	15.509837	-0.085756	3.670473
467.749721	3590.928782	15.514842	-0.085694	3.663800
467.403052	3575.584795	15.519847	-0.085620	3.657109
467.137170	3560.147718	15.524851	-0.085561	3.650369
466.603864	3544.710601	15.529856	-0.085452	3.643605
466.391385	3529.254769	15.534861	-0.085403	3.636833
466.006685	3513.703554	15.539866	-0.085321	3.630000
465.542448	3498.206645	15.544871	-0.085225	3.623174
465.340199	3482.659415	15.549875	-0.085178	3.616324
464.945717	3467.043721	15.554880	-0.085095	3.609422
464.572041	3451.401120	15.559885	-0.085015	3.602497
464.368339	3435.652512	15.564890	-0.084967	3.595518
463.966602	3419.873163	15.569895	-0.084883	3.588503
463.594658	3404.145942	15.574899	-0.084804	3.581499
463.190141	3388.373844	15.579904	-0.084718	3.574459
462.794292	3372.562379	15.584909	-0.084635	3.567388
462.330566	3356.803286	15.589914	-0.084539	3.560324
462.041676	3340.956080	15.594919	-0.084475	3.553214
461.795422	3325.094184	15.599923	-0.084419	3.546084
461.363213	3309.215756	15.604928	-0.084329	3.538925
460.963352	3293.281437	15.609933	-0.084244	3.531726
460.638523	3277.353032	15.614938	-0.084174	3.524520
460.187605	3261.344099	15.619943	-0.084080	3.517256
459.971919	3245.346801	15.624947	-0.084030	3.509993
459.666981	3229.276565	15.629952	-0.083963	3.502677
459.186952	3213.210108	15.634957	-0.083864	3.495340
458.838225	3197.165703	15.639962	-0.083789	3.488003
458.224326	3181.128744	15.644967	-0.083665	3.480642
458.110171	3165.050851	15.649971	-0.083633	3.473269
457.665119	3148.926660	15.654976	-0.083540	3.465844
457.277476	3132.819246	15.659981	-0.083458	3.458414
456.869339	3116.740127	15.664986	-0.083372	3.450979
456.558824	3100.577843	15.669991	-0.083304	3.443494
456.029812	3084.426743	15.674995	-0.083196	3.435988
455.508982	3068.342788	15.680000	-0.083089	3.428496
455.263583	3052.241247	15.685005	-0.083033	3.420993
454.767108	3036.144959	15.690010	-0.082931	3.413464
454.380545	3020.024230	15.695015	-0.082849	3.405912
454.050138	3003.936940	15.700019	-0.082777	3.398361
453.637745	2987.811398	15.705024	-0.082690	3.390772
453.255704	2971.707134	15.710029	-0.082609	3.383177
453.019353	2955.496715	15.715034	-0.082555	3.375521
452.444521	2939.332054	15.720039	-0.082438	3.367853
452.078597	2923.141962	15.725043	-0.082360	3.360166
451.666592	2906.952199	15.730048	-0.082273	3.352459
451.297950	2890.788756	15.735053	-0.082194	3.344748
451.073599	2874.585043	15.740058	-0.082142	3.337008
450.415519	2858.394200	15.745063	-0.082010	3.329233
450.134802	2842.260194	15.750067	-0.081947	3.321487
449.678662	2826.044455	15.755072	-0.081852	3.313675
449.317168	2809.904189	15.760077	-0.081775	3.305884
448.997987	2793.736208	15.765082	-0.081705	3.298065
448.594210	2777.533744	15.770087	-0.081620	3.290205
448.227518	2761.321204	15.775091	-0.081542	3.282324
447.891548	2745.078417	15.780096	-0.081469	3.274410
447.644805	2728.781993	15.785101	-0.081413	3.266456
447.143501	2712.532407	15.790106	-0.081309	3.258491
446.622891	2696.290157	15.795111	-0.081203	3.250509
446.199574	2680.145869	15.800115	-0.081114	3.242561
445.805810	2663.927931	15.805120	-0.081030	3.234558
445.408643	2647.743282	15.810125	-0.080946	3.226552
445.180065	2631.528843	15.815130	-0.080893	3.218520
444.413516	2615.381442	15.820135	-0.080741	3.210471
444.202260	2599.337580	15.825139	-0.080692	3.202484
443.786807	2583.134030	15.830144	-0.080604	3.194387
443.246745	2567.029397	15.835149	-0.080494	3.186310
442.994192	2550.891700	15.840154	-0.080437	3.178213
442.546477	2534.749703	15.845159	-0.080343	3.170082
442.186721	2518.619460	15.850163	-0.080266	3.161941
441.844196	2502.425283	15.855168	-0.080192	3.153747
441.308538	2486.310905	15.860173	-0.080083	3.145561
440.862785	2470.272038	15.865178	-0.079990	3.137397
440.334303	2454.217642	15.870183	-0.079882	3.129198
439.939592	2438.220567	15.875187	-0.079798	3.121016
439.572628	2422.173493	15.880192	-0.079720	3.112787
439.154254	2406.172851	15.885197	-0.079632	3.104558
438.666525	2390.215995	15.890202	-0.079532	3.096324
438.078259	2374.313428	15.895207	-0.079413	3.088091
437.703582	2358.439091	15.900211	-0.079333	3.079863
437.455178	2342.511729	15.905216	-0.079277	3.071593
437.028480	2326.602744	15.910221	-0.079187	3.063299
436.565022	2310.716537	15.915226	-0.079091	3.054992
435.982158	2294.873499	15.920231	-0.078973	3.046677
435.563746	2279.047145	15.925235	-0.078886	3.038358
435.236240	2263.208344	15.930240	-0.078815	3.030016
434.595964	2247.513168	15.935245	-0.078686	3.021706
434.319629	2231.798930	15.940250	-0.078625	3.013387
433.922340	2216.034878	15.945255	-0.078541	3.005010
433.514448	2200.310576	15.950259	-0.078455	2.996630
433.097138	2184.628275	15.955264	-0.078368	2.988248
432.796446	2168.889562	15.960269	-0.078302	2.979820
432.368555	2153.174167	15.965274	-0.078213	2.971372
431.651673	2137.543258	15.970279	-0.078070	2.962925
431.446908	2121.899557	15.975283	-0.078022	2.954482
430.829240	2106.362712	15.980288	-0.077898	2.946045
430.411176	2090.847101	15.985293	-0.077810	2.937608
430.050770	2075.322736	15.990298	-0.077733	2.929146
429.562748	2059.767540	15.995303	-0.077633	2.920633
429.060680	2044.348872	16.000307	-0.077530	2.912169
428.783289	2028.893612	16.005312	-0.077469	2.903676
428.068805	2013.526212	16.010317	-0.077327	2.895176
427.555433	1998.202782	16.015322	-0.077222	2.886689
426.988909	1982.924338	16.020327	-0.077107	2.878198
426.685933	1967.685357	16.025331	-0.077041	2.869722
426.219877	1952.468290	16.030336	-0.076945	2.861221
425.635551	1937.339985	16.035341	-0.076828	2.852736
425.289558	1922.214854	16.040346	-0.076754	2.844245
424.817310	1907.078195	16.045351	-0.076657	2.835712
424.319301	1892.051194	16.050355	-0.076555	2.827213
423.885651	1877.037204	16.055360	-0.076465	2.818701
423.485979	1862.008421	16.060365	-0.076381	2.810156
423.027913	1847.038793	16.065370	-0.076287	2.801615
422.302665	1832.164884	16.070375	-0.076143	2.793082
422.000594	1817.318248	16.075379	-0.076077	2.784571
421.694636	1802.432988	16.080384	-0.076011	2.776010
421.379069	1787.538819	16.085389	-0.075943	2.767417
421.088956	1772.651097	16.090394	-0.075879	2.758803
420.337030	1757.817285	16.095399	-0.075731	2.750157
419.845735	1743.075758	16.100403	-0.075631	2.741558
419.500686	1728.354567	16.105408	-0.075557	2.732955
418.883756	1713.635661	16.110413	-0.075434	2.724304
418.557321	1698.982238	16.115418	-0.075364	2.715687
417.953405	1684.357038	16.120423	-0.075243	2.707037
417.434905	1669.848000	16.125427	-0.075137	2.698435
417.006652	1655.377804	16.130432	-0.075049	2.689835
416.409207	1640.928212	16.135437	-0.074929	2.681206
416.082635	1626.528414	16.140442	-0.074859	2.672601
415.490085	1612.184090	16.145447	-0.074740	2.663979
414.983934	1597.910401	16.150451	-0.074637	2.655379
414.693643	1583.599986	16.155456	-0.074574	2.646746
414.026563	1569.331968	16.160461	-0.074442	2.638079
413.556224	1555.205094	16.165466	-0.074346	2.629485
412.793073	1541.164813	16.170471	-0.074196	2.620891
412.471662	1527.159684	16.175475	-0.074127	2.612327
412.081379	1513.129673	16.180480	-0.074046	2.603714
411.589564	1499.150730	16.185485	-0.073946	2.595095
410.965138	1485.264275	16.190490	-0.073821	2.586492
410.348263	1471.458371	16.195495	-0.073699	2.577911
409.857136	1457.680109	16.200499	-0.073599	2.569330
409.461123	1443.875753	16.205504	-0.073517	2.560711
409.000237	1430.150203	16.210509	-0.073422	2.552107
408.366373	1416.533751	16.215514	-0.073296	2.543526
407.645167	1403.044228	16.220519	-0.073155	2.534989
407.041325	1389.661072	16.225523	-0.073034	2.526500
406.524420	1376.286643	16.230528	-0.072930	2.517995
406.032154	1362.969144	16.235533	-0.072830	2.509500
405.329219	1349.777439	16.240538	-0.072692	2.501037
404.641448	1336.685000	16.245543	-0.072557	2.492610
403.783131	1323.740525	16.250547	-0.072390	2.484233
403.267295	1310.861162	16.255552	-0.072286	2.475902
402.305475	1298.164078	16.260557	-0.072100	2.467618
401.468072	1285.615363	16.265562	-0.071938	2.459415
400.407238	1273.280857	16.270567	-0.071734	2.451302
399.491168	1261.121982	16.275571	-0.071557	2.443290
398.591550	1249.154441	16.280576	-0.071383	2.435379
397.451911	1237.382238	16.285581	-0.071165	2.427547
396.099446	1225.939673	16.290586	-0.070908	2.419886
394.918010	1214.711810	16.295591	-0.070683	2.412360
393.654414	1203.731786	16.300595	-0.070443	2.404965
392.546002	1192.998388	16.305600	-0.070232	2.397727
391.275602	1182.537731	16.310605	-0.069990	2.390633
389.975515	1172.389060	16.315610	-0.069744	2.383723
388.919024	1162.409370	16.320615	-0.069543	2.376930
387.674525	1152.691411	16.325619	-0.069307	2.370275
386.475832	1143.220965	16.330624	-0.069080	2.363773
385.233057	1133.992553	16.335629	-0.068844	2.357412
384.046329	1125.043765	16.340634	-0.068620	2.351229
382.822464	1116.275474	16.345639	-0.068388	2.345148
381.673498	1107.728316	16.350643	-0.068171	2.339210
380.580281	1099.433104	16.355648	-0.067964	2.333434
379.562932	1091.265576	16.360653	-0.067771	2.327738
378.465908	1083.309989	16.365658	-0.067563	2.322166
377.525593	1075.507632	16.370663	-0.067385	2.316702
376.503918	1067.885151	16.375667	-0.067191	2.311340
375.301931	1060.512189	16.380672	-0.066965	2.306121
374.532949	1053.195757	16.385677	-0.066818	2.300972
373.523973	1046.074417	16.390682	-0.066627	2.295923
372.764201	1039.034425	16.395687	-0.066483	2.290945
371.720746	1032.165028	16.400691	-0.066286	2.286046
370.836614	1025.451005	16.405696	-0.066118	2.281261
370.016157	1018.822990	16.410701	-0.065962	2.276533
368.974084	1012.390512	16.415706	-0.065766	2.271909
368.133213	1006.066141	16.420711	-0.065607	2.267373
367.447056	999.778479	16.425715	-0.065476	2.262869
366.422574	993.700589	16.430720	-0.065283	2.258470
365.491071	987.735037	16.435725	-0.065107	2.254151
364.342081	981.950448	16.440730	-0.064892	2.249929
363.637149	976.234402	16.445735	-0.064758	2.245794
362.984661	970.597497	16.450739	-0.064634	2.241713
362.023480	965.111967	16.455744	-0.064453	2.237701
361.300859	959.670288	16.460749	-0.064316	2.233737
360.458087	954.391635	16.465754	-0.064157	2.229871
359.533621	949.200414	16.470759	-0.063983	2.226051
358.856883	944.081338	16.475763	-0.063855	2.222303
357.968377	939.099283	16.480768	-0.063688	2.218625
357.303999	934.153078	16.485773	-0.063562	2.214990
356.485716	929.329481	16.490778	-0.063408	2.211422
355.834425	924.567853	16.495783	-0.063284	2.207910
355.105999	919.825827	16.500787	-0.063147	2.204398
354.475593	915.193176	16.505792	-0.063028	2.200971
353.667305	910.596779	16.510797	-0.062875	2.197545
352.910788	906.142536	16.515802	-0.062733	2.194223
352.318657	901.715681	16.520807	-0.062621	2.190934
351.593189	897.310149	16.525811	-0.062484	2.187640
351.019490	892.980147	16.530816	-0.062375	2.184414
350.176190	888.725813	16.535821	-0.062217	2.181208
349.456143	884.560451	16.540826	-0.062081	2.178076
348.894468	880.423039	16.545831	-0.061975	2.174978
348.161008	876.335192	16.550835	-0.061837	2.171893
347.501641	872.323463	16.555840	-0.061713	2.168867
346.813050	868.352458	16.560845	-0.061583	2.165864
346.380971	864.366750	16.565850	-0.061500	2.162875
345.725141	860.462443	16.570855	-0.061377	2.159916
345.018182	856.592304	16.575859	-0.061244	2.156973
344.377090	852.758182	16.580864	-0.061123	2.154060
343.726731	849.042502	16.585869	-0.061001	2.151230
343.275925	845.258340	16.590874	-0.060915	2.148367
342.777840	841.513363	16.595879	-0.060820	2.145524
342.357155	837.718898	16.600883	-0.060740	2.142650
341.846238	833.985563	16.605888	-0.060643	2.139807
341.540116	830.161847	16.610893	-0.060584	2.136915
340.649929	826.453556	16.615898	-0.060418	2.134040
340.463541	822.739732	16.620903	-0.060381	2.131237
339.753694	818.996455	16.625907	-0.060247	2.128349
339.300299	815.322005	16.630912	-0.060161	2.125537
338.787465	811.598750	16.635917	-0.060064	2.122678
338.265972	807.905206	16.640922	-0.059965	2.119836
337.628794	804.287947	16.645927	-0.059845	2.117035
337.166132	800.620254	16.650931	-0.059757	2.114212
336.694986	797.015024	16.655936	-0.059668	2.111432
336.122357	793.372459	16.660941	-0.059560	2.108608
335.732705	789.757737	16.665946	-0.059486	2.105822
334.976452	786.180134	16.670951	-0.059344	2.103018
334.543009	782.636356	16.675955	-0.059261	2.100274
333.939014	779.086061	16.680960	-0.059147	2.097501
333.574253	775.524239	16.685965	-0.059078	2.094744
333.059586	771.943712	16.690970	-0.058980	2.091951
332.372907	768.394814	16.695975	-0.058851	2.089158
331.835653	764.924899	16.700979	-0.058750	2.086440
331.295860	761.446846	16.705984	-0.058648	2.083711
330.748562	758.023472	16.710989	-0.058545	2.081020
330.528924	754.492060	16.715994	-0.058502	2.078280
329.832759	751.041138	16.720999	-0.058371	2.075543
329.219735	747.609008	16.726003	-0.058255	2.072827
328.474370	744.305198	16.731008	-0.058116	2.070190
328.159424	740.906560	16.736013	-0.058055	2.067528
327.720938	737.492416	16.741018	-0.057972	2.064835
327.057004	734.182116	16.746023	-0.057847	2.062193
326.626327	730.790995	16.751027	-0.057766	2.059512
326.098701	727.473166	16.756032	-0.057666	2.056873
325.499513	724.141866	16.761037	-0.057553	2.054211
325.128111	720.852827	16.766042	-0.057482	2.051607
324.677047	717.475459	16.771047	-0.057397	2.048920
324.200262	714.144205	16.776051	-0.057307	2.046263
323.556510	710.840934	16.781056	-0.057186	2.043604
323.232656	707.511872	16.786061	-0.057124	2.040959
322.608630	704.209370	16.791066	-0.057006	2.038296
322.064569	700.940232	16.796071	-0.056904	2.035666
321.590677	697.659323	16.801075	-0.056814	2.033031
321.080519	694.411224	16.806080	-0.056718	2.030414
320.428813	691.169912	16.811085	-0.056595	2.027781
319.988987	687.945814	16.816090	-0.056512	2.025185
319.302664	684.772160	16.821095	-0.056383	2.022595
318.961843	681.552182	16.826099	-0.056318	2.020007
318.498947	678.358659	16.831104	-0.056231	2.017422
317.972275	675.152086	16.836109	-0.056131	2.014815
317.491557	671.973190	16.841114	-0.056040	2.012233
316.758161	668.810944	16.846119	-0.055903	2.009629
316.237217	665.691103	16.851123	-0.055805	2.007082
315.735876	662.562372	16.856128	-0.055710	2.004526
315.147430	659.493717	16.861133	-0.055599	2.002005
314.776929	656.368189	16.866138	-0.055529	1.999462
314.016938	653.356305	16.871143	-0.055387	1.996958
313.631612	650.258760	16.876147	-0.055314	1.994429
313.026967	647.292098	16.881152	-0.055200	1.991975
312.607602	644.219301	16.886157	-0.055120	1.989455
312.297193	641.144861	16.891162	-0.055061	1.986944
311.738166	638.055294	16.896167	-0.054956	1.984387
311.396663	635.004004	16.901171	-0.054891	1.981885
310.924293	631.882900	16.906176	-0.054801	1.979306
310.137675	628.881704	16.911181	-0.054654	1.976782
309.861737	625.802597	16.916186	-0.054601	1.974255
309.311560	622.793330	16.921191	-0.054498	1.971748
308.692004	619.737537	16.926195	-0.054381	1.969190
308.267182	616.724700	16.931200	-0.054301	1.966689
307.809498	613.673774	16.936205	-0.054214	1.964149
307.219390	610.707553	16.941210	-0.054103	1.961658
306.703491	607.688179	16.946215	-0.054006	1.959130
306.151758	604.743611	16.951219	-0.053902	1.956655
305.733481	601.752146	16.956224	-0.053823	1.954156
305.226899	598.800924	16.961229	-0.053728	1.951675
305.014030	595.732917	16.966234	-0.053686	1.949133
304.221463	592.795733	16.971239	-0.053538	1.946620
303.830706	589.795382	16.976243	-0.053464	1.944104
303.363187	586.836645	16.981248	-0.053376	1.941609
302.721893	583.876123	16.986253	-0.053255	1.939087
302.476146	580.901015	16.991258	-0.053208	1.936600
301.826314	577.936085	16.996263	-0.053086	1.934066
301.105973	575.100964	17.001267	-0.052951	1.931628
300.746772	572.163304	17.006272	-0.052883	1.929148
300.205060	569.245560	17.011277	-0.052781	1.926657
299.580859	566.371195	17.016282	-0.052664	1.924189
299.109427	563.514447	17.021287	-0.052575	1.921752
298.792225	560.577668	17.026291	-0.052514	1.919265
298.381020	557.660124	17.031296	-0.052437	1.916779
297.633231	554.783510	17.036301	-0.052297	1.914279
297.151395	551.970241	17.041306	-0.052206	1.911865
296.626411	549.107256	17.046311	-0.052107	1.909399
296.169346	546.261650	17.051315	-0.052021	1.906954
295.676681	543.395696	17.056320	-0.051928	1.904484
295.098689	540.603869	17.061325	-0.051819	1.902062
294.625134	537.763170	17.066330	-0.051730	1.899610
293.858591	535.028944	17.071335	-0.051587	1.897204
293.326696	532.269575	17.076339	-0.051487	1.894806
293.116638	529.505048	17.081344	-0.051446	1.892444
292.629359	526.673567	17.086349	-0.051354	1.889984
292.162306	523.881060	17.091354	-0.051266	1.887557
291.631102	521.061569	17.096359	-0.051166	1.885096
291.215589	518.290141	17.101363	-0.051088	1.882687
290.492674	515.537920	17.106368	-0.050953	1.880251
289.873797	512.826576	17.111373	-0.050837	1.877860
289.492918	510.086560	17.116378	-0.050764	1.875473
289.008117	507.406625	17.121383	-0.050673	1.873121
288.439721	504.671672	17.126387	-0.050566	1.870707
287.854932	502.025813	17.131392	-0.050457	1.868365
287.419510	499.297334	17.136397	-0.050374	1.865968
286.866933	496.648894	17.141402	-0.050271	1.863622
286.560071	493.924154	17.146407	-0.050212	1.861240
285.909452	491.254399	17.151411	-0.050090	1.858856
285.284523	488.628773	17.156416	-0.049973	1.856509
284.744113	486.022027	17.161421	-0.049872	1.854188
284.263499	483.408138	17.166426	-0.049781	1.851866
283.812066	480.773007	17.171431	-0.049696	1.849527
283.405355	478.117662	17.176435	-0.049619	1.847173
282.928232	475.475391	17.181440	-0.049529	1.844818
282.314194	472.870265	17.186445	-0.049414	1.842473
281.946202	470.236720	17.191450	-0.049345	1.840134
281.468848	467.622232	17.196455	-0.049255	1.837794
281.086873	464.944465	17.201459	-0.049182	1.835408
280.511726	462.357562	17.206464	-0.049075	1.833073
279.985143	459.705126	17.211469	-0.048976	1.830683
279.448940	457.114231	17.216474	-0.048875	1.828343
278.690407	454.554748	17.221479	-0.048733	1.825996
278.057948	452.080143	17.226483	-0.048615	1.823739
277.450705	449.619170	17.231488	-0.048501	1.821494
276.883158	447.143723	17.236493	-0.048395	1.819239
276.655951	444.636029	17.241498	-0.048351	1.817000
276.188760	442.119841	17.246503	-0.048263	1.814718
275.763534	439.606454	17.251507	-0.048183	1.812441
275.167390	437.115162	17.256512	-0.048071	1.810156
274.572935	434.662384	17.261517	-0.047960	1.807903
274.359591	432.099104	17.266522	-0.047919	1.805603
273.805200	429.617762	17.271527	-0.047815	1.803324
273.196657	427.127820	17.276531	-0.047701	1.801028
272.874753	424.625944	17.281536	-0.047640	1.798758
272.464710	422.065698	17.286541	-0.047562	1.796421
271.956904	419.576721	17.291546	-0.047467	1.794130
271.461777	417.044817	17.296551	-0.047374	1.791800
270.802551	414.568129	17.301555	-0.047251	1.789493
270.123945	412.134386	17.306560	-0.047124	1.787218
269.607630	409.707029	17.311565	-0.047027	1.784969
269.311871	407.277453	17.316570	-0.046971	1.782748
269.000695	404.745242	17.321575	-0.046911	1.780429
268.216890	402.336465	17.326579	-0.046765	1.778149
267.718190	399.900523	17.331584	-0.046671	1.775884
267.088902	397.487415	17.336589	-0.046554	1.773617
266.579286	395.097255	17.341594	-0.046458	1.771386
266.277599	392.666687	17.346599	-0.046401	1.769145
265.876275	390.201340	17.351603	-0.046325	1.766855
265.154170	387.838544	17.356608	-0.046190	1.764609
264.554500	385.481991	17.361613	-0.046078	1.762383
263.978085	383.139280	17.366618	-0.045970	1.760170
263.538920	380.792017	17.371623	-0.045887	1.757970
263.151690	378.406923	17.376627	-0.045814	1.755741
262.707685	376.102366	17.381632	-0.045731	1.753574
262.070535	373.732791	17.386637	-0.045611	1.751317
261.667880	371.388079	17.391642	-0.045536	1.749114
261.091165	369.040399	17.396647	-0.045428	1.746879
260.571023	366.743113	17.401651	-0.045330	1.744696
260.271106	364.380384	17.406656	-0.045273	1.742483
259.550123	362.067079	17.411661	-0.045138	1.740250
259.125927	359.769957	17.416666	-0.045059	1.738074
258.549203	357.462010	17.421671	-0.044951	1.735861
257.917458	355.239958	17.426675	-0.044833	1.733717
257.478896	352.953847	17.431680	-0.044750	1.731540
257.025076	350.676241	17.436685	-0.044665	1.729366
256.606583	348.376554	17.441690	-0.044586	1.727174
256.258057	346.062381	17.446695	-0.044520	1.724976
255.929819	343.710175	17.451699	-0.044458	1.722742
255.285039	341.393332	17.456704	-0.044337	1.720492
254.678910	339.125087	17.461709	-0.044224	1.718289
254.077538	336.874395	17.466714	-0.044111	1.716100
253.519665	334.678892	17.471719	-0.044007	1.713967
253.137654	332.397381	17.476723	-0.043935	1.711777
252.830492	330.098448	17.481728	-0.043877	1.709580
252.140650	327.837733	17.486733	-0.043748	1.707357
251.604448	325.625294	17.491738	-0.043647	1.705200
251.063595	323.424872	17.496743	-0.043546	1.703051
250.653523	321.147797	17.501747	-0.043469	1.700847
250.265755	318.935950	17.506752	-0.043396	1.698705
249.548953	316.712374	17.511757	-0.043262	1.696498
248.918856	314.578141	17.516762	-0.043144	1.694387
248.291616	312.418562	17.521767	-0.043027	1.692249
247.997006	310.242512	17.526771	-0.042971	1.690144
247.381122	308.095747	17.531776	-0.042856	1.688015
246.875120	305.917748	17.536781	-0.042761	1.685870
246.259983	303.850875	17.541786	-0.042646	1.683811
245.881638	301.710830	17.546791	-0.042575	1.681716
245.344062	299.605343	17.551795	-0.042474	1.679628
244.896387	297.453658	17.556800	-0.042390	1.677506
244.450808	295.308407	17.561805	-0.042307	1.675388
243.800966	293.260095	17.566810	-0.042185	1.673329
243.164858	291.177544	17.571815	-0.042067	1.671236
242.638507	289.124841	17.576819	-0.041968	1.669186
242.197112	287.079995	17.581824	-0.041885	1.667155
241.799248	284.988787	17.586829	-0.041810	1.665083
241.358937	282.907212	17.591834	-0.041728	1.663011
240.860214	280.837876	17.596839	-0.041634	1.660939
240.232718	278.783522	17.601843	-0.041517	1.658859
239.879107	276.699547	17.606848	-0.041450	1.656791
239.310903	274.676025	17.611853	-0.041344	1.654745
238.800525	272.611250	17.616858	-0.041248	1.652665
238.680198	270.476077	17.621863	-0.041225	1.650576
237.931415	268.416971	17.626867	-0.041085	1.648459
237.486897	266.338021	17.631872	-0.041002	1.646367
236.886888	264.299099	17.636877	-0.040890	1.644288
236.306510	262.269493	17.641882	-0.040781	1.642218
235.736072	260.281766	17.646887	-0.040675	1.640188
235.365076	258.238512	17.651891	-0.040605	1.638132
234.989140	256.187729	17.656896	-0.040534	1.636066
234.324867	254.190940	17.661901	-0.040410	1.634004
233.745466	252.195392	17.666906	-0.040302	1.631955
233.352342	250.211924	17.671911	-0.040228	1.629944
232.830413	248.185439	17.676915	-0.040130	1.627868
232.344885	246.210890	17.681920	-0.040039	1.625846
231.884755	244.202800	17.686925	-0.039953	1.623793
231.431713	242.167448	17.691930	-0.039868	1.621711
230.906617	240.204911	17.696935	-0.039770	1.619687
230.540757	238.158169	17.701939	-0.039701	1.617603
230.021575	236.167337	17.706944	-0.039603	1.615546
229.334205	234.193713	17.711949	-0.039475	1.613477
228.709064	232.244034	17.716954	-0.039359	1.611439
228.298467	230.307148	17.721959	-0.039281	1.609446
227.731085	228.342564	17.726963	-0.039175	1.607397
227.319888	226.429193	17.731968	-0.039098	1.605422
226.731744	224.479507	17.736973	-0.038988	1.603379
226.115500	222.585636	17.741978	-0.038873	1.601385
225.602599	220.719730	17.746983	-0.038777	1.599434
225.108911	218.786911	17.751987	-0.038685	1.597416
224.806071	216.913801	17.756992	-0.038628	1.595487
224.037090	215.045413	17.761997	-0.038485	1.593483
223.471818	213.198226	17.767002	-0.038379	1.591532
222.865757	211.382481	17.772007	-0.038266	1.589603
222.205493	209.598295	17.777011	-0.038143	1.587695
221.747987	207.830836	17.782016	-0.038057	1.585835
221.193181	206.052714	17.787021	-0.037954	1.583945
220.713655	204.255684	17.792026	-0.037864	1.582047
220.362601	202.490613	17.797031	-0.037798	1.580201
219.842060	200.669157	17.802035	-0.037701	1.578266
219.418660	198.873101	17.807040	-0.037621	1.576371
218.742857	197.142695	17.812045	-0.037496	1.574499
218.349948	195.336490	17.817050	-0.037422	1.572594
217.856767	193.565948	17.822055	-0.037329	1.570707
217.404254	191.775979	17.827059	-0.037245	1.568804
216.910243	189.989651	17.832064	-0.037152	1.566896
216.438792	188.233791	17.837069	-0.037064	1.565020
215.946972	186.430816	17.842074	-0.036972	1.563090
215.256531	184.702235	17.847079	-0.036844	1.561201
214.648231	182.990794	17.852083	-0.036730	1.559341
214.038612	181.314864	17.857088	-0.036617	1.557514
213.418017	179.687143	17.862093	-0.036501	1.555734
213.040083	178.003800	17.867098	-0.036430	1.553935
212.674386	176.286602	17.872103	-0.036361	1.552101
212.213972	174.592167	17.877107	-0.036275	1.550273
211.775282	172.872874	17.882112	-0.036193	1.548420
211.312862	171.146719	17.887117	-0.036106	1.546554
210.531281	169.529283	17.892122	-0.035961	1.544743
210.047334	167.857960	17.897127	-0.035871	1.542926
209.558570	166.208002	17.902131	-0.035779	1.541128
209.298104	164.512425	17.907136	-0.035730	1.539319
208.573443	162.836852	17.912141	-0.035595	1.537449
207.933409	161.290911	17.917146	-0.035476	1.535727
207.705500	159.585516	17.922151	-0.035433	1.533907
206.977817	157.947799	17.927155	-0.035297	1.532070
206.512073	156.366818	17.932160	-0.035210	1.530334
205.964809	154.731552	17.937165	-0.035108	1.528526
205.397396	153.135918	17.942170	-0.035003	1.526754
204.852812	151.569555	17.947175	-0.034901	1.525015
204.270099	150.012924	17.952179	-0.034792	1.523277
203.618095	148.489126	17.957184	-0.034671	1.521559
203.097108	146.993464	17.962189	-0.034574	1.519892
202.730315	145.412758	17.967194	-0.034505	1.518160
202.305183	143.898292	17.972199	-0.034426	1.516487
201.940778	142.294062	17.977203	-0.034357	1.514726
201.398237	140.745236	17.982208	-0.034256	1.512992
200.861348	139.197240	17.987213	-0.034156	1.511257
200.094794	137.710468	17.992218	-0.034013	1.509544
199.655711	136.194258	17.997223	-0.033931	1.507857
198.958450	134.759276	18.002227	-0.033802	1.506207
198.581599	133.266062	18.007232	-0.033731	1.504551
197.913322	131.820374	18.012237	-0.033607	1.502892
197.423805	130.392660	18.017242	-0.033516	1.501282
197.010523	128.926749	18.022247	-0.033438	1.499643
196.495120	127.454127	18.027251	-0.033342	1.497977
196.041666	126.024716	18.032256	-0.033257	1.496366
195.506265	124.579277	18.037261	-0.033158	1.494722
194.996966	123.110564	18.042266	-0.033063	1.493055
194.145867	121.771967	18.047271	-0.032905	1.491466
193.781046	120.358719	18.052275	-0.032836	1.489881
193.290370	118.966413	18.057280	-0.032745	1.488294
192.894781	117.548003	18.062285	-0.032671	1.486695
192.427097	116.150596	18.067290	-0.032584	1.485104
191.985009	114.708629	18.072295	-0.032501	1.483467
191.478933	113.290422	18.077299	-0.032407	1.481843
191.030542	111.896723	18.082304	-0.032323	1.480254
190.395701	110.491336	18.087309	-0.032205	1.478617
189.831193	109.117084	18.092314	-0.032100	1.477024
189.260186	107.786634	18.097319	-0.031993	1.475476
188.615845	106.457306	18.102323	-0.031874	1.473915
188.407290	105.042673	18.107328	-0.031834	1.472338
187.849492	103.699169	18.112333	-0.031730	1.470773
187.411630	102.308742	18.117338	-0.031648	1.469177
187.041196	100.894960	18.122343	-0.031579	1.467566
186.489819	99.540712	18.127347	-0.031476	1.465986
185.849959	98.190985	18.132352	-0.031357	1.464392
185.375669	96.819232	18.137357	-0.031269	1.462803
184.905137	95.481615	18.142362	-0.031181	1.461250
184.292509	94.140967	18.147367	-0.031067	1.459667
183.683161	92.823952	18.152371	-0.030954	1.458108
183.323487	91.482386	18.157376	-0.030886	1.456566
182.636017	90.171726	18.162381	-0.030759	1.454996
182.057391	88.898526	18.167386	-0.030651	1.453486
181.499061	87.644884	18.172391	-0.030547	1.452000
180.904166	86.418680	18.177395	-0.030437	1.450535
180.369175	85.166334	18.182400	-0.030337	1.449052
180.090873	83.872187	18.187405	-0.030285	1.447568
179.526589	82.654154	18.192410	-0.030180	1.446113
178.886767	81.435195	18.197415	-0.030061	1.444643
178.229675	80.209406	18.202419	-0.029939	1.443159
177.811158	79.027097	18.207424	-0.029861	1.441767
177.399744	77.794757	18.212429	-0.029784	1.440320
176.899192	76.550504	18.217434	-0.029691	1.438841
176.441580	75.351403	18.222439	-0.029605	1.437419
175.884539	74.181701	18.227443	-0.029502	1.436009
175.400234	72.941161	18.232448	-0.029411	1.434533
174.583102	71.817194	18.237453	-0.029260	1.433123
174.087874	70.665543	18.242458	-0.029168	1.431741
173.268666	69.618549	18.247463	-0.029016	1.430414
172.782757	68.508639	18.252467	-0.028925	1.429078
172.336540	67.407672	18.257472	-0.028842	1.427758
171.942340	66.320207	18.262477	-0.028769	1.426462
171.396220	65.218201	18.267482	-0.028667	1.425120
170.889354	64.129479	18.272487	-0.028573	1.423798
170.136295	63.065423	18.277491	-0.028433	1.422457
169.479377	62.102772	18.282496	-0.028311	1.421247
168.742342	61.138462	18.287501	-0.028175	1.420019
168.271859	60.158594	18.292506	-0.028087	1.418823
167.861046	59.162727	18.297511	-0.028011	1.417619
167.325884	58.225880	18.302515	-0.027911	1.416457
166.673285	57.281358	18.307520	-0.027790	1.415263
166.226286	56.314261	18.312525	-0.027707	1.414082
166.023783	55.278268	18.317530	-0.027669	1.412868
165.371218	54.335383	18.322535	-0.027548	1.411673
164.589622	53.398055	18.327539	-0.027403	1.410458
164.137988	52.475696	18.332544	-0.027319	1.409323
163.649473	51.547193	18.337549	-0.027228	1.408173
163.180644	50.626914	18.342554	-0.027141	1.407034
162.551899	49.725154	18.347559	-0.027024	1.405886
161.707089	48.902933	18.352563	-0.026868	1.404785
161.017166	48.117104	18.357568	-0.026740	1.403755
160.559548	47.272583	18.362573	-0.026655	1.402702
160.491281	46.405092	18.367578	-0.026642	1.401697
159.961229	45.516997	18.372583	-0.026543	1.400578
159.473069	44.644732	18.377587	-0.026453	1.399485
159.026028	43.737597	18.382592	-0.026369	1.398358
158.075938	42.985350	18.387597	-0.026194	1.397312
157.413185	42.248162	18.392602	-0.026071	1.396337
157.092697	41.425104	18.397607	-0.026011	1.395330
156.541832	40.636685	18.402611	-0.025909	1.394316
156.327009	39.780606	18.407616	-0.025868	1.393289
155.805856	38.944065	18.412621	-0.025772	1.392225
155.410500	38.110375	18.417626	-0.025698	1.391187
154.733380	37.284054	18.422631	-0.025573	1.390103
153.912659	36.550121	18.427635	-0.025421	1.389096
153.433843	35.794166	18.432640	-0.025332	1.388130
152.759489	35.094538	18.437645	-0.025207	1.387190
152.224407	34.402667	18.442650	-0.025108	1.386285
151.585334	33.709010	18.447655	-0.024989	1.385358
150.656499	33.115626	18.452659	-0.024818	1.384489
149.985827	32.549566	18.457664	-0.024693	1.383702
149.614715	31.946122	18.462669	-0.024624	1.382930
149.448867	31.288316	18.467674	-0.024593	1.382134
149.056018	30.613083	18.472679	-0.024520	1.381273
148.321377	29.976413	18.477683	-0.024384	1.380389
147.724837	29.367470	18.482688	-0.024274	1.379565
147.181210	28.766021	18.487693	-0.024173	1.378758
146.066922	28.308471	18.492698	-0.023967	1.378007
145.598938	27.834623	18.497703	-0.023880	1.377363
145.186654	27.344022	18.502707	-0.023804	1.376711
144.969773	26.745783	18.507712	-0.023763	1.375971
144.473305	26.175871	18.512717	-0.023671	1.375208
144.291660	25.551537	18.517722	-0.023637	1.374444
143.738827	24.947094	18.522727	-0.023535	1.373629
143.364251	24.297804	18.527731	-0.023465	1.372797
142.515289	23.812104	18.532736	-0.023308	1.372061
141.581900	23.359545	18.537741	-0.023136	1.371348
141.025195	22.882894	18.542746	-0.023033	1.370680
140.774946	22.355261	18.547751	-0.022986	1.370013
140.285689	21.842500	18.552755	-0.022895	1.369315
140.093788	21.276046	18.557760	-0.022859	1.368613
139.304579	20.746887	18.562765	-0.022713	1.367837
138.501818	20.362747	18.567770	-0.022565	1.367227
138.084503	19.899745	18.572775	-0.022488	1.366601
137.108575	19.551429	18.577779	-0.022308	1.365998
136.696126	19.129560	18.582784	-0.022231	1.365420
136.182177	18.744152	18.587789	-0.022136	1.364865
135.902515	18.312384	18.592794	-0.022084	1.364302
135.642928	17.827942	18.597799	-0.022036	1.363680
135.095114	17.361084	18.602803	-0.021934	1.363022
134.962860	16.855268	18.607808	-0.021909	1.362400
134.304603	16.368776	18.612813	-0.021787	1.361696
133.663759	15.907875	18.617818	-0.021669	1.361025
133.060869	15.462833	18.622823	-0.021557	1.360380
132.004874	15.154340	18.627827	-0.021362	1.359805
131.163906	14.903401	18.632832	-0.021207	1.359341
130.904047	14.552927	18.637837	-0.021159	1.358876
130.746477	14.147132	18.642842	-0.021129	1.358365
130.347553	13.742093	18.647847	-0.021055	1.357806
129.710759	13.425085	18.652851	-0.020937	1.357304
129.540251	12.987937	18.657856	-0.020906	1.356753
129.070403	12.531869	18.662861	-0.020818	1.356120
128.559245	12.093323	18.667866	-0.020724	1.355498
127.973510	11.696092	18.672871	-0.020615	1.354910
127.398514	11.287921	18.677875	-0.020509	1.354312
126.638403	10.985524	18.682880	-0.020369	1.353801
126.354624	10.582969	18.687885	-0.020316	1.353266
126.040844	10.151452	18.692890	-0.020258	1.352692
125.766311	9.710888	18.697895	-0.020206	1.352114
125.050617	9.289851	18.702899	-0.020074	1.351470
124.943715	8.815376	18.707904	-0.020054	1.350885
124.411627	8.317998	18.712909	-0.019955	1.350187
124.004698	7.827747	18.717914	-0.019880	1.349522
123.466483	7.357212	18.722919	-0.019780	1.348854
122.349720	7.033129	18.727923	-0.019574	1.348243
121.335745	6.790113	18.732928	-0.019387	1.347750
120.837373	6.572166	18.737933	-0.019295	1.347389
120.672056	6.185083	18.742938	-0.019264	1.346895
120.510800	5.784504	18.747943	-0.019234	1.346385
120.165424	5.349895	18.752947	-0.019169	1.345797
120.068914	4.838765	18.757952	-0.019151	1.345167
119.574642	4.358646	18.762957	-0.019060	1.344494
119.231399	3.847665	18.767962	-0.018996	1.343815
118.768331	3.337384	18.772967	-0.018910	1.343111
117.911493	2.906543	18.777971	-0.018752	1.342423
116.721765	2.658113	18.782976	-0.018532	1.341885
116.501438	2.253771	18.787981	-0.018491	1.341356
116.060206	1.882665	18.792986	-0.018409	1.340823
115.900386	1.413574	18.797991	-0.018379	1.340228
114.633133	1.138016	18.802995	-0.018145	1.339641
113.771695	0.957365	18.808000	-0.017986	1.339250
113.570882	0.597106	18.813005	-0.017949	1.338777
113.022897	0.361707	18.818010	-0.017848	1.338383
112.826665	-0.005828	18.823015	-0.017811	1.337902
112.310665	-0.287771	18.828019	-0.017716	1.337459
111.778411	-0.621441	18.833024	-0.017617	1.336950
111.332071	-0.941470	18.838029	-0.017534	1.336475
109.542466	-0.938697	18.843034	-0.017205	1.336114
108.627146	-1.044338	18.848039	-0.017036	1.335801
108.172356	-0.983023	18.853043	-0.016952	1.335782
107.923573	-1.130797	18.858048	-0.016906	1.335554
107.935763	-1.326399	18.863053	-0.016907	1.335321
106.857687	-1.352396	18.868058	-0.016709	1.335070
106.247738	-1.412851	18.873063	-0.016596	1.334873
106.072959	-1.508119	18.878067	-0.016563	1.334722
105.309156	-1.526917	18.883072	-0.016423	1.334544
105.548043	-1.779670	18.888077	-0.016466	1.334288
104.910420	-1.944095	18.893082	-0.016348	1.333960
104.590614	-2.111664	18.898087	-0.016289	1.333693
103.968621	-2.283334	18.903091	-0.016174	1.333360
102.929436	-2.320608	18.908096	-0.015983	1.333103
101.884911	-2.239774	18.913101	-0.015790	1.332987
101.596517	-2.189069	18.918106	-0.015737	1.332989
101.620905	-2.396770	18.923111	-0.015741	1.332743
101.284308	-2.504398	18.928115	-0.015679	1.332545
94.896659	-1.438686	18.933120	-0.014502	1.332526
92.501207	0.467617	18.938125	-0.014062	1.334333
100.159130	-0.651124	18.943130	-0.015472	1.334546
101.480579	-1.274639	18.948135	-0.015715	1.334065
100.582695	-1.674609	18.953139	-0.015549	1.333400
94.433124	-0.907209	18.958144	-0.014416	1.333070
96.309383	-0.582449	18.963149	-0.014762	1.333844
95.965864	-0.711523	18.968154	-0.014698	1.333618
97.552528	-0.999832	18.973159	-0.014990	1.333594
97.335080	-1.448250	18.978163	-0.014950	1.333009
89.104559	0.321497	18.983168	-0.013434	1.333463
98.420364	-1.177733	18.988173	-0.015149	1.333556
93.359641	-0.689335	18.993178	-0.014217	1.333112
94.169611	-0.683989	18.998183	-0.014366	1.333284
94.711112	-1.295576	19.003187	-0.014465	1.332657
88.538924	0.209414	19.008192	-0.013329	1.333211
96.314222	-1.456136	19.013197	-0.014760	1.332790
87.700203	0.005591	19.018202	-0.013174	1.332794
93.796354	-0.894972	19.023207	-0.014296	1.332952
89.923324	-0.601271	19.028211	-0.013583	1.332516
89.828776	-0.449959	19.033216	-0.013565	1.332679
91.111571	-0.827839	19.038221	-0.013801	1.332485
88.534170	-0.448265	19.043226	-0.013326	1.332416
88.716650	-0.476488	19.048231	-0.013360	1.332419
87.666705	-0.563688	19.053235	-0.013166	1.332099
87.250726	-0.236929	19.058240	-0.013089	1.332408
89.682066	-1.034240	19.063245	-0.013536	1.331943
84.618531	-0.232387	19.068250	-0.012604	1.331876
87.124635	-0.525544	19.073255	-0.013065	1.332034
85.527707	-0.569756	19.078259	-0.012771	1.331654
84.082283	-0.055550	19.083264	-0.012505	1.331979
87.027425	-0.857660	19.088269	-0.013046	1.331613
83.628575	-0.415029	19.093274	-0.012420	1.331452
83.778291	-0.436545	19.098279	-0.012448	1.331457
83.557836	-0.609862	19.103283	-0.012407	1.331202
81.369034	-0.090174	19.108288	-0.012004	1.331382
84.431750	-0.807731	19.113293	-0.012567	1.331142
80.192328	-0.264547	19.118298	-0.011786	1.330931
81.592235	-0.319861	19.123303	-0.012044	1.331150
81.490753	-0.532792	19.128307	-0.012025	1.330872
79.814783	-0.294167	19.133312	-0.011716	1.330817
81.635759	-0.719631	19.138317	-0.012051	1.330675
78.284404	-0.409640	19.143322	-0.011434	1.330364
78.723265	-0.236712	19.148327	-0.011514	1.330663
79.056526	-0.615331	19.153331	-0.011575	1.330273
76.707664	-0.101849	19.158336	-0.011143	1.330413
79.446832	-0.715068	19.163341	-0.011647	1.330232
75.920011	-0.386937	19.168346	-0.010997	1.329907
76.136095	-0.182465	19.173351	-0.011037	1.330198
77.628920	-0.774100	19.178355	-0.011311	1.329788
73.209640	-0.038841	19.183360	-0.010497	1.329772
76.532477	-0.556760	19.188365	-0.011109	1.329826
74.295092	-0.381537	19.193370	-0.010697	1.329580
73.599880	-0.270781	19.198375	-0.010568	1.329571
74.910560	-0.653740	19.203379	-0.010809	1.329376
71.763203	-0.207381	19.208384	-0.010230	1.329272
73.414230	-0.495535	19.213389	-0.010533	1.329261
71.755028	-0.473949	19.218394	-0.010228	1.328947
70.883896	-0.105394	19.223399	-0.010067	1.329214
72.771680	-0.753453	19.228403	-0.010414	1.328817
68.898866	-0.083079	19.233408	-0.009701	1.328834
71.382192	-0.530329	19.238413	-0.010158	1.328802
69.822469	-0.448217	19.243418	-0.009870	1.328581
67.761623	-0.169488	19.248423	-0.009491	1.328496
70.849788	-0.766159	19.253427	-0.010059	1.328407
65.130473	0.138739	19.258432	-0.009006	1.328329
70.594636	-0.775907	19.263437	-0.010012	1.328342
66.638428	-0.378501	19.268442	-0.009283	1.328012
65.596451	-0.204860	19.273447	-0.009091	1.328009
67.891644	-0.703613	19.278451	-0.009513	1.327875
63.429157	-0.003363	19.283456	-0.008691	1.327808
66.719385	-0.482734	19.288461	-0.009297	1.327902
65.237943	-0.559591	19.293466	-0.009024	1.327505
63.163265	-0.174469	19.298471	-0.008642	1.327545
64.998972	-0.596278	19.303475	-0.008979	1.327411
61.327606	-0.074639	19.308480	-0.008303	1.327289
64.505878	-0.546396	19.313485	-0.008888	1.327370
62.333305	-0.538903	19.318490	-0.008488	1.326933
60.433980	-0.068614	19.323495	-0.008138	1.327113
63.250708	-0.704707	19.328499	-0.008656	1.326920
59.730571	-0.197590	19.333504	-0.008008	1.326812
60.205712	-0.281408	19.338509	-0.008095	1.326807
61.250759	-0.712620	19.343514	-0.008287	1.326499
57.473270	-0.104320	19.348519	-0.007591	1.326461
60.301446	-0.665379	19.353523	-0.008112	1.326361
57.044588	-0.177078	19.358528	-0.007512	1.326284
58.782590	-0.392422	19.363533	-0.007832	1.326380
57.611950	-0.563381	19.368538	-0.007616	1.325932
55.872012	-0.113613	19.373543	-0.007295	1.326120
58.112187	-0.746042	19.378547	-0.007707	1.325813
54.062259	-0.147799	19.383552	-0.006961	1.325706
55.618500	-0.286499	19.388557	-0.007248	1.325857
56.571844	-0.659239	19.393562	-0.007423	1.325601
52.636342	-0.161646	19.398567	-0.006698	1.325396
55.606833	-0.639877	19.403571	-0.007245	1.325426
51.949551	-0.170521	19.408576	-0.006571	1.325243
53.326814	-0.309023	19.413581	-0.006824	1.325358
53.658558	-0.622324	19.418586	-0.006885	1.325046
50.564076	-0.188597	19.423591	-0.006315	1.324936
52.328774	-0.491991	19.428595	-0.006640	1.324930
50.706054	-0.415091	19.433600	-0.006341	1.324690
49.028992	0.084892	19.438605	-0.006032	1.324952
52.627163	-0.821658	19.443610	-0.006694	1.324591
47.633523	-0.036911	19.448615	-0.005774	1.324516
50.090579	-0.503028	19.453619	-0.006226	1.324456
48.172984	-0.313246	19.458624	-0.005873	1.324291
47.290739	-0.166650	19.463629	-0.005710	1.324288
49.174127	-0.585151	19.468634	-0.006057	1.324167
45.493118	-0.081890	19.473639	-0.005379	1.324020
48.773272	-0.623430	19.478643	-0.005983	1.324037
44.939881	-0.264089	19.483648	-0.005276	1.323685
44.719367	-0.044738	19.488653	-0.005236	1.323906
47.675288	-0.781665	19.493658	-0.005780	1.323619
42.849679	-0.187311	19.498663	-0.004891	1.323347
44.590580	-0.476243	19.503667	-0.005211	1.323354
44.168889	-0.463827	19.508672	-0.005133	1.323282
41.068673	0.000727	19.513677	-0.004562	1.323208
45.719314	-0.844993	19.518682	-0.005418	1.323138
39.582121	-0.008215	19.523687	-0.004288	1.322891
43.079202	-0.542082	19.528691	-0.004932	1.322962
41.022824	-0.375314	19.533696	-0.004553	1.322741
39.418505	-0.109604	19.538701	-0.004257	1.322733
42.511554	-0.687865	19.543706	-0.004826	1.322667
38.883870	-0.338426	19.548711	-0.004158	1.322344
39.423017	-0.313053	19.553715	-0.004257	1.322486
38.368343	-0.383665	19.558720	-0.004063	1.322183
37.820935	-0.096495	19.563725	-0.003962	1.322419
39.857336	-0.798050	19.568730	-0.004336	1.321985
35.663721	-0.206136	19.573735	-0.003564	1.321840
36.593212	-0.178040	19.578739	-0.003735	1.322066
37.732994	-0.709967	19.583744	-0.003944	1.321654
33.579908	0.067488	19.588749	-0.003179	1.321743
37.420195	-0.664884	19.593754	-0.003886	1.321644
33.991328	-0.363913	19.598759	-0.003255	1.321302
33.906016	-0.178292	19.603763	-0.003239	1.321510
34.423045	-0.464251	19.608768	-0.003334	1.321269
32.499959	-0.183782	19.613773	-0.002979	1.321213
34.107145	-0.501056	19.618778	-0.003275	1.321158
32.000115	-0.363955	19.623783	-0.002887	1.320890
31.810576	-0.339768	19.628787	-0.002852	1.320881
31.967170	-0.524277	19.633792	-0.002880	1.320688
28.777515	0.037711	19.638797	-0.002293	1.320714
32.901382	-0.635724	19.643802	-0.003052	1.320745
28.861361	-0.338369	19.648807	-0.002307	1.320273
29.374320	-0.195779	19.653811	-0.002402	1.320552
29.325870	-0.416243	19.658816	-0.002392	1.320273
27.779485	-0.156037	19.663821	-0.002108	1.320271
29.044910	-0.445558	19.668826	-0.002340	1.320179
26.837935	-0.277965	19.673831	-0.001934	1.319927
27.262585	-0.317706	19.678835	-0.002012	1.319966
27.090039	-0.533420	19.683840	-0.001979	1.319667
24.492124	-0.110322	19.688845	-0.001501	1.319646
25.925487	-0.358020	19.693850	-0.001765	1.319640
25.320955	-0.349234	19.698855	-0.001653	1.319526
23.366634	-0.024466	19.703859	-0.001293	1.319518
27.117520	-0.851898	19.708864	-0.001983	1.319284
20.434416	0.119180	19.713869	-0.000753	1.319086
24.887300	-0.564346	19.718874	-0.001572	1.319173
22.405483	-0.264741	19.723879	-0.001115	1.319025
20.809307	-0.159541	19.728883	-0.000821	1.318823
24.301504	-0.764607	19.733888	-0.001463	1.318807
17.665262	0.143045	19.738893	-0.000241	1.318542
23.161151	-0.577531	19.743898	-0.001253	1.318799
19.127843	-0.229848	19.748903	-0.000510	1.318389
19.110216	-0.229277	19.753907	-0.000507	1.318386
20.542690	-0.516714	19.758912	-0.000770	1.318331
16.646937	-0.013790	19.763917	-0.000053	1.318138
19.938660	-0.465912	19.768922	-0.000658	1.318267
17.021053	-0.355479	19.773927	-0.000121	1.317798
16.845905	-0.103003	19.778931	-0.000088	1.318070
18.207604	-0.623134	19.783936	-0.000339	1.317717
14.608482	-0.119870	19.788941	0.000324	1.317586
16.429688	-0.298642	19.793946	-0.000011	1.317744
15.871572	-0.509307	19.798951	0.000092	1.317371
12.718536	0.064761	19.803955	0.000673	1.317419
16.731872	-0.644660	19.808960	-0.000066	1.317384
12.279023	-0.219835	19.813965	0.000754	1.316980
13.543162	-0.254191	19.818970	0.000522	1.317200
13.023277	-0.397190	19.823975	0.000618	1.316917
11.453981	-0.158304	19.828979	0.000907	1.316884
12.969642	-0.448709	19.833984	0.000628	1.316843
10.331252	-0.222698	19.838989	0.001114	1.316572
11.198531	-0.210023	19.843994	0.000955	1.316767
10.864792	-0.489190	19.848999	0.001017	1.316357
8.425747	-0.005511	19.854003	0.001466	1.316442
11.119073	-0.520207	19.859008	0.000970	1.316371
7.302311	-0.176185	19.864013	0.001673	1.316000
8.912282	-0.256204	19.869018	0.001377	1.316236
8.468492	-0.420463	19.874023	0.001459	1.315943
6.882433	-0.357247	19.879027	0.001751	1.315691
7.577126	-0.326738	19.884032	0.001624	1.315872
5.074538	-0.252641	19.889037	0.002085	1.315443
6.318564	-0.147180	19.894042	0.001856	1.315830
6.223860	-0.506431	19.899047	0.001874	1.315371
4.399600	-0.235647	19.904051	0.002210	1.315323
4.665533	-0.284944	19.909056	0.002161	1.315318
4.109632	-0.524478	19.914061	0.002264	1.314909
2.023819	0.091314	19.919066	0.002648	1.315230
4.782945	-0.651847	19.924071	0.002140	1.314893
1.139946	-0.149563	19.929075	0.002811	1.314751
3.205245	-0.387430	19.934080	0.002431	1.314888
0.471187	-0.304726	19.939085	0.002935	1.314422
0.795208	-0.143668	19.944090	0.002876	1.314686
1.198293	-0.413225	19.949095	0.002802	1.314440
