Thu Nov 20 13:35:36 2025

Number of Points = 3597
Depth (nm)	Load (µN)	Time (s)	Depth (V)	Load (V)
0.210379	1.763340	0.000000	0.002030	1.316906

-0.077989	1.794507	0.005005	0.002084	1.316884
0.132545	1.756346	0.010010	0.002045	1.316881
0.156031	1.611536	0.015014	0.002042	1.316708
-0.341624	1.576193	0.020019	0.002134	1.316562
-0.285632	1.571838	0.025024	0.002124	1.316567
-0.145779	1.418186	0.030029	0.002098	1.316408
-0.312195	1.322424	0.035034	0.002130	1.316256
-0.202085	1.126026	0.040038	0.002110	1.316039
-0.651851	1.118825	0.045043	0.002193	1.315936
-0.522892	0.926040	0.050048	0.002170	1.315727
-0.499183	0.792103	0.055053	0.002166	1.315567
-0.922986	0.651060	0.060058	0.002244	1.315307
-0.875920	0.558056	0.065062	0.002236	1.315202
-0.971334	0.420453	0.070067	0.002254	1.315014
-1.140953	0.237989	0.075072	0.002286	1.314755
-1.669676	0.268635	0.080077	0.002384	1.314682
-3.108355	0.514713	0.085082	0.002649	1.314684
-2.826397	0.463733	0.090086	0.002597	1.314680
-1.849488	0.302285	0.095091	0.002418	1.314685
-1.528398	0.158893	0.100096	0.002359	1.314575
-2.393199	0.136112	0.105101	0.002519	1.314367
-3.437069	0.318039	0.110106	0.002711	1.314373
-2.899667	0.223160	0.115110	0.002613	1.314368
-2.510606	0.157967	0.120115	0.002542	1.314369
-2.719939	0.029590	0.125120	0.002581	1.314167
-3.265840	0.025000	0.130125	0.002682	1.314048
-3.251749	0.023150	0.135130	0.002679	1.314048
-3.331848	0.036321	0.140134	0.002695	1.314047
-3.597478	0.088227	0.145139	0.002744	1.314055
-4.043534	0.150084	0.150144	0.002826	1.314038
-3.523931	-0.061288	0.155149	0.002731	1.313887
-4.247190	-0.051829	0.160154	0.002865	1.313748
-5.398764	0.294893	0.165158	0.003077	1.313933
-4.570323	0.254666	0.170163	0.002925	1.314055
-4.214549	0.190082	0.175168	0.002860	1.314049
-3.661358	0.002585	0.180173	0.002758	1.313934
-4.240343	-0.055576	0.185178	0.002865	1.313742
-5.328442	0.124368	0.190182	0.003066	1.313736
-4.854094	0.056621	0.195187	0.002979	1.313751
-4.705327	-0.054100	0.200192	0.002952	1.313646
-5.814367	0.195414	0.205197	0.003157	1.313721
-4.610923	-0.112107	0.210202	0.002936	1.313594
-7.121427	0.297518	0.215206	0.003398	1.313574
-4.625419	0.011615	0.220211	0.002939	1.313742
-5.468444	-0.077358	0.225216	0.003095	1.313457
-7.280014	0.413907	0.230221	0.003428	1.313682
-6.222989	0.288043	0.235226	0.003234	1.313747
-5.062533	0.084417	0.240230	0.003021	1.313738
-4.994574	-0.153856	0.245235	0.003009	1.313460
-6.640300	0.091886	0.250240	0.003312	1.313419
-7.327389	0.211142	0.255245	0.003439	1.313422
-6.723729	0.110942	0.260250	0.003328	1.313424
-6.495513	0.062387	0.265254	0.003287	1.313411
-5.797543	-0.065979	0.270259	0.003159	1.313399
-7.693906	0.021824	0.275264	0.003508	1.313112
-8.572889	0.534824	0.280269	0.003670	1.313557
-6.100977	0.043688	0.285274	0.003216	1.313469
-6.702380	-0.076722	0.290278	0.003327	1.313196
-8.040627	0.257841	0.295283	0.003574	1.313327
-6.855066	-0.092225	0.300288	0.003356	1.313144
-8.424213	0.150226	0.305293	0.003645	1.313115
-7.343957	-0.025601	0.310298	0.003447	1.313123
-9.064000	0.258117	0.315302	0.003764	1.313113
-7.415705	0.154031	0.320307	0.003460	1.313328
-7.890783	0.064514	0.325312	0.003548	1.313119
-8.148087	0.110676	0.330317	0.003596	1.313121
-7.867330	-0.170007	0.335322	0.003545	1.312835
-10.617544	0.387750	0.340326	0.004052	1.312947
-8.428473	0.161580	0.345331	0.003649	1.313124
-8.052486	0.072037	0.350336	0.003580	1.313092
-8.968439	-0.006461	0.355341	0.003749	1.312805
-8.753640	-0.035864	0.360346	0.003710	1.312813
-10.890725	0.385598	0.365350	0.004104	1.312885
-8.311631	0.118350	0.370355	0.003629	1.313093
-8.512403	-0.080896	0.375360	0.003667	1.312807
-10.506035	0.247717	0.380365	0.004034	1.312795
-8.549856	-0.142802	0.385370	0.003674	1.312723
-11.617226	0.307481	0.390374	0.004240	1.312636
-9.475103	0.087125	0.395379	0.003845	1.312811
-9.322124	-0.074224	0.400384	0.003818	1.312645
-11.845334	0.402552	0.405389	0.004283	1.312704
-8.491815	-0.166945	0.410394	0.003666	1.312703
-10.921239	0.114639	0.415398	0.004113	1.312542
-10.620706	0.069798	0.420403	0.004058	1.312549
-9.940920	-0.146454	0.425408	0.003934	1.312425
-13.321704	0.534051	0.430413	0.004556	1.312556
-9.110734	-0.062814	0.435418	0.003782	1.312700
-11.337273	-0.011508	0.440422	0.004192	1.312299
-11.729840	0.264860	0.445427	0.004264	1.312556
-10.191856	-0.193222	0.450432	0.003982	1.312314
-13.288755	0.424607	0.455437	0.004552	1.312427
-10.096195	-0.088573	0.460442	0.003965	1.312461
-12.990777	0.233394	0.465446	0.004498	1.312253
-11.750569	0.275154	0.470451	0.004270	1.312562
-10.418750	-0.183724	0.475456	0.004026	1.312276
-13.181143	0.245927	0.480461	0.004534	1.312228
-11.987907	0.042000	0.485466	0.004315	1.312225
-12.795382	0.179401	0.490470	0.004464	1.312226
-13.308923	0.405684	0.495475	0.004559	1.312396
-10.516485	-0.253099	0.500480	0.004046	1.312168
-15.092656	0.446282	0.505485	0.004888	1.312074
-10.942843	-0.043356	0.510490	0.004125	1.312336
-14.082291	0.164155	0.515494	0.004703	1.311937
-13.382622	0.279978	0.520499	0.004575	1.312224
-11.728760	-0.155527	0.525504	0.004271	1.312034
-15.277728	0.407527	0.530509	0.004924	1.311985
-12.466984	0.105579	0.535514	0.004407	1.312199
-13.446566	0.027319	0.540518	0.004588	1.311899
-14.456195	0.310941	0.545523	0.004774	1.312037
-12.834086	-0.076019	0.550528	0.004476	1.311899
-15.367387	0.352590	0.555533	0.004943	1.311897
-13.561790	0.113675	0.560538	0.004611	1.311979
-13.910363	0.110552	0.565542	0.004675	1.311903
-14.872902	0.288962	0.570547	0.004853	1.311921
-13.327436	-0.075127	0.575552	0.004569	1.311795
-16.994620	0.509216	0.580557	0.005244	1.311748
-13.082429	0.122293	0.585562	0.004524	1.312088
-14.455599	-0.041142	0.590566	0.004778	1.311601
-15.971918	0.338664	0.595571	0.005057	1.311751
-13.870921	-0.080034	0.600576	0.004671	1.311674
-16.916014	0.420913	0.605581	0.005232	1.311654
-14.183643	0.083715	0.610586	0.004729	1.311809
-15.365217	-0.068499	0.615590	0.004947	1.311376
-17.332430	0.580840	0.620595	0.005310	1.311763
-13.514628	-0.255269	0.625600	0.004607	1.311531
-18.013240	0.441096	0.630605	0.005436	1.311449
-15.217795	0.196025	0.635610	0.004921	1.311729
-15.759400	0.000510	0.640614	0.005022	1.311376
-18.056710	0.640267	0.645619	0.005445	1.311683
-14.120021	-0.145530	0.650624	0.004721	1.311537
-17.869218	0.352588	0.655629	0.005411	1.311368
-15.939104	0.201261	0.660634	0.005056	1.311583
-16.079713	-0.022380	0.665638	0.005083	1.311279
-17.931190	0.297380	0.670643	0.005424	1.311286
-17.099565	0.151607	0.675648	0.005271	1.311280
-17.818778	0.295159	0.680653	0.005404	1.311306
-16.594355	0.309410	0.685658	0.005179	1.311578
-15.974869	-0.217672	0.690662	0.005065	1.311059
-19.417514	0.489311	0.695667	0.005699	1.311210
-16.577791	0.063684	0.700672	0.005177	1.311278
-18.160056	0.111795	0.705677	0.005469	1.311007
-18.921289	0.611630	0.710682	0.005609	1.311462
-15.856712	-0.238959	0.715686	0.005045	1.311056
-19.498508	0.428058	0.720691	0.005716	1.311115
-17.219475	-0.024524	0.725696	0.005297	1.311034
-19.377158	0.276312	0.730701	0.005695	1.310954
-19.111934	0.447320	0.735706	0.005646	1.311218
-16.390749	-0.266761	0.740710	0.005146	1.310908
-21.726220	0.673517	0.745715	0.006128	1.310951
-16.613646	-0.071205	0.750720	0.005187	1.311101
-20.111624	0.238361	0.755725	0.005832	1.310752
-19.645787	0.327740	0.760730	0.005746	1.310958
-18.185212	0.072960	0.765734	0.005478	1.310949
-20.669830	0.373405	0.770739	0.005936	1.310800
-18.405038	0.114900	0.775744	0.005519	1.310954
-19.938796	0.128603	0.780749	0.005802	1.310651
-20.448472	0.440763	0.785754	0.005896	1.310928
-18.434354	-0.067301	0.790758	0.005526	1.310723
-21.579463	0.484813	0.795763	0.006105	1.310745
-18.648222	0.055435	0.800768	0.005566	1.310828
-20.974706	0.138985	0.805773	0.005995	1.310446
-21.478238	0.573501	0.810778	0.006088	1.310874
-18.587667	-0.165193	0.815782	0.005556	1.310569
-22.338578	0.461630	0.820787	0.006247	1.310556
-19.855312	0.114471	0.825792	0.005790	1.310647
-20.506302	0.046639	0.830797	0.005910	1.310428
-23.601877	0.801659	0.835802	0.006481	1.310709
-17.628180	-0.328981	0.840806	0.005381	1.310565
-23.795259	0.592421	0.845811	0.006517	1.310411
-20.028613	0.065039	0.850816	0.005824	1.310548
-21.309498	0.111602	0.855821	0.006060	1.310338
-23.607191	0.612837	0.860826	0.006484	1.310474
-19.357224	-0.114433	0.865830	0.005702	1.310466
-24.063361	0.450712	0.870835	0.006568	1.310179
-20.544290	0.158482	0.875840	0.005921	1.310553
-22.332391	0.065067	0.880845	0.006251	1.310065
-23.497521	0.480715	0.885850	0.006465	1.310333
-21.574394	0.153725	0.890854	0.006112	1.310331
-22.430349	0.130510	0.895859	0.006270	1.310124
-23.342489	0.440463	0.900864	0.006438	1.310314
-21.322951	-0.064325	0.905869	0.006067	1.310115
-24.389442	0.512908	0.910874	0.006632	1.310184
-21.902340	0.068487	0.915878	0.006174	1.310156
-24.219932	0.367259	0.920883	0.006601	1.310040
-22.972310	0.214217	0.925888	0.006372	1.310111
-22.740308	0.115613	0.930893	0.006330	1.310038
-24.649679	0.446250	0.935898	0.006681	1.310046
-23.070647	0.169636	0.940902	0.006391	1.310035
-24.396228	0.400130	0.945907	0.006636	1.310041
-23.809474	0.296150	0.950912	0.006528	1.310035
-22.597165	-0.070805	0.955917	0.006305	1.309837
-26.680430	0.672679	0.960922	0.007057	1.309899
-22.245404	-0.052815	0.965926	0.006241	1.309931
-25.731864	0.430995	0.970931	0.006883	1.309798
-24.055752	0.335053	0.975936	0.006575	1.310030
-23.704944	0.020612	0.980941	0.006511	1.309716
-26.307458	0.525845	0.985946	0.006991	1.309794
-23.152037	-0.014212	0.990950	0.006410	1.309788
-26.872404	0.387340	0.995955	0.007095	1.309505
-24.221258	0.144450	1.000960	0.006608	1.309759

-25.371361	0.412806	1.010957	0.006820	1.309848
-25.652761	0.377827	1.020954	0.006873	1.309745
-25.105251	0.231124	1.030950	0.006773	1.309678
-24.307524	0.202772	1.040947	0.006627	1.309809
-23.932528	0.170424	1.050944	0.006558	1.309847
-25.302040	0.341010	1.060941	0.006811	1.309770
-25.205704	0.387297	1.070938	0.006794	1.309846
-24.725182	0.184746	1.080934	0.006706	1.309696
-24.274995	0.191461	1.090931	0.006624	1.309798
-23.677750	0.155613	1.100928	0.006515	1.309877
-25.042219	0.379711	1.110925	0.006767	1.309867
-24.918924	0.339201	1.120922	0.006745	1.309842
-24.250497	0.224629	1.130918	0.006623	1.309840
-23.770178	0.176699	1.140915	0.006535	1.309880
-24.115915	0.337441	1.150912	0.006599	1.310005
-24.613774	0.353681	1.160909	0.006692	1.309920
-24.169917	0.246691	1.170906	0.006611	1.309881
-23.389682	0.107105	1.180902	0.006468	1.309871
-23.643663	0.256284	1.190899	0.006516	1.310000
-23.686376	0.278159	1.200896	0.006524	1.310017
-24.754820	0.368389	1.210893	0.006722	1.309905
-23.590099	0.279820	1.220890	0.006508	1.310038
-23.262306	0.101384	1.230886	0.006448	1.309886
-23.526217	0.299698	1.240883	0.006498	1.310074
-23.468335	0.335290	1.250880	0.006488	1.310129
-24.153961	0.325252	1.260877	0.006615	1.309973
-23.208999	0.217500	1.270874	0.006442	1.310036
-23.512092	0.268167	1.280870	0.006498	1.310035
-22.506783	0.193369	1.290867	0.006314	1.310151
-23.799392	0.384973	1.300864	0.006553	1.310117
-23.505508	0.268128	1.310861	0.006499	1.310033
-22.966334	0.235597	1.320858	0.006401	1.310105
-22.887299	0.265185	1.330854	0.006387	1.310157
-22.938891	0.279281	1.340851	0.006397	1.310163
-23.011502	0.254644	1.350848	0.006411	1.310116
-23.062026	0.300300	1.360845	0.006421	1.310161
-22.723992	0.184547	1.370842	0.006360	1.310088
-22.419878	0.190953	1.380838	0.006305	1.310159
-22.680068	0.312328	1.390835	0.006353	1.310253
-23.053392	0.316705	1.400832	0.006423	1.310180
-22.636420	0.216626	1.410829	0.006347	1.310143
-22.510055	0.238056	1.420826	0.006324	1.310195
-21.673381	0.198442	1.430822	0.006171	1.310319
-22.815804	0.342861	1.440819	0.006382	1.310258
-22.568940	0.342958	1.450816	0.006337	1.310309
-22.188976	0.181342	1.460813	0.006268	1.310188
-22.113444	0.334184	1.470810	0.006255	1.310391
-21.795691	0.236685	1.480806	0.006197	1.310337
-22.340690	0.328270	1.490803	0.006298	1.310335
-22.130543	0.281350	1.500800	0.006260	1.310320
-21.322654	0.115571	1.510797	0.006112	1.310284
-22.222764	0.297314	1.520794	0.006279	1.310319
-21.769393	0.283941	1.530790	0.006196	1.310396
-22.019441	0.356144	1.540787	0.006243	1.310432
-21.912935	0.285327	1.550784	0.006224	1.310366
-20.884707	0.103219	1.560781	0.006036	1.310356
-21.387837	0.230327	1.570778	0.006129	1.310406
-21.504934	0.256366	1.580774	0.006151	1.310413
-22.147149	0.356875	1.590771	0.006270	1.310402
-21.476809	0.270361	1.600768	0.006148	1.310434
-20.958879	0.162880	1.610765	0.006053	1.310409
-20.724505	0.216960	1.620762	0.006010	1.310524
-21.403181	0.328044	1.630758	0.006136	1.310518
-21.549144	0.333212	1.640755	0.006164	1.310493
-21.269389	0.258000	1.650752	0.006113	1.310458
-20.213979	0.121675	1.660749	0.005920	1.310510
-20.874902	0.225356	1.670746	0.006042	1.310498
-21.133875	0.338209	1.680742	0.006090	1.310582
-21.139112	0.277757	1.690739	0.006092	1.310506
-20.821931	0.230172	1.700736	0.006035	1.310513
-20.045121	0.139086	1.710733	0.005892	1.310562
-20.528418	0.243616	1.720730	0.005982	1.310589
-20.813824	0.301460	1.730726	0.006035	1.310599
-21.309225	0.350647	1.740723	0.006127	1.310556
-20.351233	0.228947	1.750720	0.005952	1.310605
-19.530404	0.162597	1.760717	0.005801	1.310694
-20.088399	0.201210	1.770714	0.005905	1.310624
-20.665340	0.308266	1.780710	0.006012	1.310634
-20.385295	0.274429	1.790707	0.005961	1.310650
-19.888020	0.184197	1.800704	0.005870	1.310642
-20.085666	0.219895	1.810701	0.005907	1.310644
-19.882202	0.310616	1.820698	0.005870	1.310797
-19.960534	0.201397	1.830694	0.005886	1.310646
-20.490883	0.343376	1.840691	0.005984	1.310709
-19.092769	0.134086	1.850688	0.005727	1.310742
-19.940105	0.303951	1.860685	0.005884	1.310773
-19.291760	0.167784	1.870682	0.005766	1.310740
-20.028979	0.216758	1.880678	0.005902	1.310646
-19.754082	0.357795	1.890675	0.005852	1.310876
-19.368553	0.200029	1.900672	0.005782	1.310761
-18.992951	0.194533	1.910669	0.005714	1.310832
-19.618892	0.345737	1.920666	0.005830	1.310886
-19.806793	0.294813	1.930662	0.005865	1.310784
-19.105720	0.237912	1.940659	0.005737	1.310859
-18.646862	0.093034	1.950656	0.005653	1.310776
-19.212560	0.380413	1.960653	0.005758	1.311010
-18.906578	0.217357	1.970650	0.005702	1.310873
-19.345411	0.208501	1.980646	0.005784	1.310770
-18.989977	0.336786	1.990643	0.005719	1.311000
-18.545732	0.148680	2.000640	0.005638	1.310861
-18.674308	0.245539	2.010637	0.005662	1.310952
-18.861447	0.234834	2.020634	0.005698	1.310899
-18.630053	0.237963	2.030630	0.005656	1.310951
-18.614357	0.238608	2.040627	0.005654	1.310954
-18.351639	0.079523	2.050624	0.005606	1.310812
-18.679178	0.343242	2.060621	0.005667	1.311067
-19.090562	0.358422	2.070618	0.005744	1.310999
-18.291504	0.194835	2.080614	0.005597	1.310964
-18.149202	0.246886	2.090611	0.005572	1.311057
-17.983422	0.167830	2.100608	0.005542	1.310993
-17.762624	0.218088	2.110605	0.005502	1.311100
-18.615902	0.245223	2.120602	0.005660	1.310955
-17.845981	0.213257	2.130598	0.005519	1.311075
-18.422683	0.278383	2.140595	0.005626	1.311034
-17.597310	0.201301	2.150592	0.005475	1.311110
-17.803032	0.212012	2.160589	0.005513	1.311080
-17.882755	0.240179	2.170586	0.005529	1.311097
-17.752147	0.236734	2.180582	0.005505	1.311119
-17.645552	0.235708	2.190579	0.005487	1.311139
-17.480526	0.211781	2.200576	0.005457	1.311143
-17.443223	0.242249	2.210573	0.005451	1.311188
-17.321620	0.167054	2.220570	0.005429	1.311120
-17.635145	0.235336	2.230566	0.005488	1.311137
-17.524853	0.214393	2.240563	0.005468	1.311134
-17.019518	0.160611	2.250560	0.005376	1.311172
-17.211887	0.266849	2.260557	0.005412	1.311262
-17.741672	0.270147	2.270554	0.005510	1.311155
-16.663559	0.184636	2.280550	0.005313	1.311273
-16.872204	0.137011	2.290547	0.005352	1.311171
-17.492645	0.324027	2.300544	0.005467	1.311270
-16.575288	0.172838	2.310541	0.005299	1.311275
-17.145328	0.273628	2.320538	0.005404	1.311279
-16.888325	0.232950	2.330534	0.005358	1.311282
-16.699017	0.197900	2.340531	0.005324	1.311277
-15.908486	0.165971	2.350528	0.005179	1.311402
-17.239923	0.262037	2.360525	0.005425	1.311241
-16.545534	0.171281	2.370522	0.005298	1.311274
-16.659638	0.266792	2.380518	0.005319	1.311366
-16.004369	0.123458	2.390515	0.005200	1.311326
-16.611360	0.187728	2.400512	0.005312	1.311278
-15.980064	0.216885	2.410509	0.005196	1.311444
-16.744678	0.243581	2.420506	0.005338	1.311317
-16.044232	0.229360	2.430502	0.005210	1.311444
-16.003356	0.165303	2.440499	0.005203	1.311373
-15.780453	0.265799	2.450496	0.005163	1.311542
-15.788697	0.161865	2.460493	0.005165	1.311412
-16.432287	0.276342	2.470490	0.005284	1.311418
-15.786642	0.162085	2.480486	0.005166	1.311411
-15.571231	0.165400	2.490483	0.005127	1.311459
-15.615855	0.192328	2.500480	0.005136	1.311482
-15.744055	0.240315	2.510477	0.005161	1.311513
-16.109031	0.214419	2.520474	0.005229	1.311405
-15.087832	0.191834	2.530470	0.005041	1.311589
-15.494841	0.142941	2.540467	0.005117	1.311443
-15.524130	0.271966	2.550464	0.005123	1.311595
-15.124512	0.194421	2.560461	0.005050	1.311582
-15.664965	0.223254	2.570458	0.005151	1.311504
-15.030580	0.193765	2.580454	0.005034	1.311599
-15.296868	0.236904	2.590451	0.005084	1.311595
-15.285129	0.235611	2.600448	0.005083	1.311595
-14.855172	0.211767	2.610445	0.005004	1.311655
-15.152113	0.208262	2.620442	0.005060	1.311588
-14.472072	0.198168	2.630438	0.004935	1.311716
-15.129024	0.207907	2.640435	0.005057	1.311591
-14.600844	0.206954	2.650432	0.004961	1.311698
-15.059803	0.319850	2.660429	0.005046	1.311741
-14.770950	0.163773	2.670426	0.004994	1.311608
-14.139142	0.199001	2.680422	0.004878	1.311782
-14.303764	0.170938	2.690419	0.004909	1.311713
-15.065987	0.282928	2.700416	0.005050	1.311691
-14.619634	0.265035	2.710413	0.004969	1.311761
-14.064816	0.079564	2.720410	0.004867	1.311648
-13.995076	0.193849	2.730406	0.004855	1.311802
-14.375606	0.252992	2.740403	0.004926	1.311794
-13.962481	0.196023	2.750400	0.004851	1.311809
-14.284575	0.233976	2.760397	0.004911	1.311788
-14.289464	0.183909	2.770394	0.004912	1.311725
-13.486944	0.146425	2.780390	0.004765	1.311845
-14.045549	0.209916	2.790387	0.004869	1.311806
-14.063472	0.202062	2.800384	0.004873	1.311791
-13.940074	0.275787	2.810381	0.004851	1.311907
-13.643252	0.094392	2.820378	0.004797	1.311745
-13.564240	0.213931	2.830374	0.004783	1.311907
-13.657481	0.228282	2.840371	0.004801	1.311905
-13.491092	0.204256	2.850368	0.004771	1.311909
-13.512625	0.202874	2.860365	0.004776	1.311902
-13.253322	0.159581	2.870362	0.004729	1.311902
-13.592235	0.226633	2.880358	0.004792	1.311913
-13.341282	0.263373	2.890355	0.004747	1.312009
-13.217758	0.214445	2.900352	0.004725	1.311974
-13.503861	0.252788	2.910349	0.004778	1.311961
-12.522833	0.134898	2.920346	0.004598	1.312019
-13.145893	0.267232	2.930342	0.004714	1.312051
-12.873834	0.111747	2.940339	0.004665	1.311916
-13.512662	0.378064	2.950336	0.004783	1.312109
-12.433807	0.132974	2.960333	0.004585	1.312032
-12.695052	0.179204	2.970330	0.004634	1.312034
-12.721116	0.296020	2.980326	0.004639	1.312171
-12.922548	0.248951	2.990323	0.004677	1.312070
-12.892635	0.259739	3.000320	0.004672	1.312089
-12.274312	0.120367	3.010317	0.004559	1.312046
-12.124457	0.150566	3.020314	0.004533	1.312113
-12.450993	0.260058	3.030310	0.004593	1.312178
-12.819161	0.205659	3.040307	0.004662	1.312034
-12.076179	0.224185	3.050304	0.004526	1.312211
-11.868292	0.093143	3.060301	0.004488	1.312092
-12.227728	0.243709	3.070298	0.004555	1.312201
-12.143666	0.246523	3.080294	0.004541	1.312221
-12.528662	0.252192	3.090291	0.004612	1.312147
-11.475502	0.080275	3.100288	0.004419	1.312155
-12.014131	0.227981	3.110285	0.004519	1.312223
-11.701859	0.176404	3.120282	0.004462	1.312224
-11.947048	0.216277	3.130278	0.004508	1.312221
-12.244280	0.318571	3.140275	0.004564	1.312284
-11.428534	0.112567	3.150272	0.004414	1.312200
-11.086097	0.151589	3.160269	0.004352	1.312318
-11.777700	0.187410	3.170266	0.004480	1.312217
-11.827479	0.255563	3.180262	0.004490	1.312290
-11.494224	0.229677	3.190259	0.004429	1.312327
-10.655050	0.046589	3.200256	0.004276	1.312276
-11.444764	0.137863	3.210253	0.004422	1.312223
-10.884630	0.170228	3.220250	0.004319	1.312378
-11.968830	0.353009	3.230246	0.004520	1.312376
-11.161980	0.185919	3.240243	0.004372	1.312338
-10.631866	0.084067	3.250240	0.004275	1.312322
-10.783789	0.210344	3.260237	0.004304	1.312445
-10.774047	0.201040	3.270234	0.004303	1.312434
-11.620687	0.289984	3.280230	0.004459	1.312366
-10.914603	0.187595	3.290227	0.004330	1.312387
-9.967329	0.083106	3.300224	0.004157	1.312455
-10.480753	0.157010	3.310221	0.004252	1.312438
-11.301055	0.313694	3.320218	0.004404	1.312459
-10.315133	0.219416	3.330214	0.004223	1.312547
-10.790591	0.152714	3.340211	0.004311	1.312366
-10.044819	0.180056	3.350208	0.004175	1.312553
-9.866118	0.110983	3.360205	0.004142	1.312505
-10.766192	0.254622	3.370202	0.004309	1.312493
-10.646020	0.284969	3.380198	0.004287	1.312554
-9.650222	0.112913	3.390195	0.004105	1.312550
-9.954654	0.165193	3.400192	0.004162	1.312550
-10.003493	0.175260	3.410189	0.004171	1.312551
-10.127098	0.192465	3.420186	0.004195	1.312546
-10.508334	0.281486	3.430182	0.004266	1.312575
-9.158236	0.109374	3.440179	0.004018	1.312644
-9.779777	0.166045	3.450176	0.004133	1.312583
-9.687319	0.212382	3.460173	0.004117	1.312658
-10.178251	0.242944	3.470170	0.004208	1.312593
-9.528634	0.135863	3.480166	0.004089	1.312596
-9.125270	0.093632	3.490163	0.004016	1.312627
-9.394006	0.170773	3.500160	0.004066	1.312665
-9.615719	0.209975	3.510157	0.004108	1.312666
-9.584690	0.216247	3.520154	0.004103	1.312679
-9.672189	0.205333	3.530150	0.004120	1.312647
-8.523599	0.057020	3.540147	0.003909	1.312703
-8.955925	0.147633	3.550144	0.003989	1.312723
-9.666915	0.249245	3.560141	0.004121	1.312699
-8.899364	0.188525	3.570138	0.003980	1.312783
-9.151829	0.117810	3.580134	0.004028	1.312643
-8.359433	0.064603	3.590131	0.003882	1.312742
-8.786073	0.177267	3.600128	0.003962	1.312790
-9.454538	0.281991	3.610125	0.004085	1.312779
-8.871617	0.206628	3.620122	0.003979	1.312807
-8.362972	0.118809	3.630118	0.003886	1.312804
-8.286679	0.112112	3.640115	0.003873	1.312811
-8.921319	0.219067	3.650112	0.003990	1.312809
-8.700109	0.241279	3.660109	0.003950	1.312882
-8.183769	0.120213	3.670106	0.003856	1.312840
-8.532647	0.153380	3.680102	0.003921	1.312807
-7.453530	0.079922	3.690099	0.003723	1.312940
-8.718728	0.179521	3.700096	0.003957	1.312799
-8.327876	0.227344	3.710093	0.003886	1.312938
-8.178547	0.101142	3.720090	0.003859	1.312813
-7.652243	0.115085	3.730086	0.003763	1.312939
-7.985850	0.196096	3.740083	0.003825	1.312968
-8.233431	0.254096	3.750080	0.003871	1.312987
-8.331896	0.262379	3.760077	0.003890	1.312975
-7.330971	0.108334	3.770074	0.003707	1.312994
-7.895688	0.348438	3.780070	0.003811	1.313170
-6.707557	0.025086	3.790067	0.003593	1.313020
-8.831052	0.457932	3.800064	0.003985	1.313108
-6.657444	0.070783	3.810061	0.003586	1.313085
-8.104588	0.147798	3.820058	0.003853	1.312877
-6.716721	0.151749	3.830054	0.003598	1.313170
-7.645656	0.183056	3.840051	0.003770	1.313014
-7.480764	0.248951	3.850048	0.003740	1.313128
-7.521827	0.153691	3.860045	0.003748	1.313002
-6.516919	0.222186	3.870042	0.003564	1.313294
-6.681191	0.042267	3.880038	0.003595	1.313039
-7.932660	0.386436	3.890035	0.003826	1.313199
-6.782528	0.129089	3.900032	0.003615	1.313122
-7.152823	0.189413	3.910029	0.003684	1.313118
-6.073431	-0.011164	3.920026	0.003486	1.313096
-7.573301	0.440650	3.930022	0.003763	1.313337
-6.000567	0.097964	3.940019	0.003474	1.313243
-7.526186	0.247187	3.950016	0.003756	1.313108
-5.833316	0.138281	3.960013	0.003445	1.313326
-6.494727	0.082097	3.970010	0.003568	1.313119
-6.542240	0.091046	3.980006	0.003577	1.313119
-6.610962	0.154677	3.990003	0.003591	1.313182
-6.540296	0.259914	4.000000	0.003578	1.313324
-5.682568	-0.009192	4.009997	0.003421	1.313172
-6.286204	0.050344	4.019994	0.003533	1.313119
-6.225230	0.148610	4.029990	0.003523	1.313251
-6.680389	0.273205	4.039987	0.003607	1.313308
-6.105206	0.159178	4.049984	0.003502	1.313287
-5.857795	0.232723	4.059981	0.003457	1.313428
-5.206748	0.037830	4.069978	0.003338	1.313323
-6.815111	0.340948	4.079974	0.003635	1.313360
-5.196409	0.209834	4.089971	0.003338	1.313535
-6.311859	0.171447	4.099968	0.003544	1.313255
-5.237737	0.314639	4.109965	0.003347	1.313653
-5.092189	0.072727	4.119962	0.003321	1.313386
-6.418116	0.372972	4.129958	0.003566	1.313477
-5.306226	0.177410	4.139955	0.003362	1.313468
-5.403228	0.280812	4.149952	0.003380	1.313573
-4.684100	0.039851	4.159949	0.003249	1.313427
-6.048634	0.335866	4.169946	0.003501	1.313505
-4.625407	0.069184	4.179942	0.003239	1.313473
-6.029716	0.336605	4.189939	0.003499	1.313508
-4.229830	0.160488	4.199936	0.003168	1.313666
-5.729047	0.298930	4.209933	0.003445	1.313523
-4.985999	0.459811	4.219930	0.003308	1.313873
-4.579121	0.158987	4.229926	0.003234	1.313589
-5.262877	0.407035	4.239923	0.003361	1.313749
-4.643663	0.306019	4.249920	0.003248	1.313754
-4.218101	0.140167	4.259917	0.003170	1.313638
-4.661963	0.270067	4.269914	0.003253	1.313704
-5.154232	0.242360	4.279910	0.003344	1.313567
-4.840940	0.451389	4.289907	0.003287	1.313887
-3.679836	0.239572	4.299904	0.003074	1.313868
-4.178769	0.159062	4.309901	0.003167	1.313665
-5.508406	0.508058	4.319898	0.003412	1.313815
-3.283719	0.229423	4.329894	0.003003	1.313935
-4.621178	0.203534	4.339891	0.003251	1.313625
-4.443378	0.488528	4.349888	0.003218	1.314010
-2.977345	0.009555	4.359885	0.002949	1.313727
-5.714857	0.521109	4.369882	0.003454	1.313784
-3.282591	0.485533	4.379878	0.003007	1.314245
-4.010945	0.278345	4.389875	0.003142	1.313839
-3.609921	0.385690	4.399872	0.003069	1.314053
-3.926653	0.241579	4.409869	0.003128	1.313810
-4.300365	0.671039	4.419866	0.003197	1.314257
-2.775805	0.229903	4.429862	0.002917	1.314033
-4.375688	0.571598	4.439859	0.003213	1.314118
-2.813903	0.286842	4.449856	0.002926	1.314093
-3.174242	0.251714	4.459853	0.002993	1.313974
-3.377258	0.094961	4.469850	0.003031	1.313739
-4.710121	0.621670	4.479846	0.003277	1.314107
-2.962506	0.542018	4.489843	0.002956	1.314371
-2.995977	0.423341	4.499840	0.002963	1.314218
-2.711295	0.260991	4.509837	0.002912	1.314078
-4.553251	0.781046	4.519834	0.003251	1.314331
-2.500753	0.686314	4.529830	0.002874	1.314640
-2.342648	0.435843	4.539827	0.002846	1.314366
-2.701054	0.246091	4.549824	0.002913	1.314058
-3.894972	0.613524	4.559821	0.003133	1.314259
-2.828934	0.777206	4.569818	0.002937	1.314680
-2.079392	0.438738	4.579814	0.002800	1.314420
-3.671519	0.832439	4.589811	0.003094	1.314571
-1.973742	0.631893	4.599808	0.002782	1.314677
-2.330480	0.477610	4.609805	0.002849	1.314413
-3.024233	0.739754	4.619802	0.002977	1.314589
-2.598179	0.740726	4.629798	0.002900	1.314678
-1.938267	0.628223	4.639795	0.002779	1.314677
-2.291457	0.686270	4.649792	0.002845	1.314673
-1.700582	0.538352	4.659789	0.002737	1.314614
-3.055325	0.770483	4.669786	0.002987	1.314616
-1.517244	0.668423	4.679782	0.002704	1.314810
-2.591259	0.755747	4.689779	0.002903	1.314693
-2.181764	0.942380	4.699776	0.002828	1.315005
-2.444037	1.003847	4.709773	0.002877	1.315025
-2.549754	1.365068	4.719770	0.002897	1.315444
-1.005170	1.026892	4.729766	0.002614	1.315350
-2.079340	1.175584	4.739763	0.002812	1.315308
-1.375643	1.052020	4.749760	0.002683	1.315302
-1.679386	1.106212	4.759757	0.002740	1.315305
-1.726834	1.114574	4.769754	0.002749	1.315304
-1.620950	1.217107	4.779750	0.002731	1.315451
-1.260940	1.104806	4.789747	0.002665	1.315387
-1.513222	1.209817	4.799744	0.002712	1.315463
-1.478736	1.324857	4.809741	0.002707	1.315610
-1.404031	1.315506	4.819738	0.002694	1.315613
-1.278209	1.295058	4.829734	0.002671	1.315613
-1.070288	1.310914	4.839731	0.002634	1.315675
-1.252811	1.514418	4.849728	0.002668	1.315885
-1.514047	1.618603	4.859725	0.002717	1.315957
-0.790200	1.724378	4.869722	0.002584	1.316236
-0.939853	1.518152	4.879718	0.002613	1.315952
-0.991946	1.771238	4.889715	0.002623	1.316250
-0.323016	1.648846	4.899712	0.002500	1.316238
-0.920555	1.681830	4.909709	0.002611	1.316153
-0.569533	1.701317	4.919706	0.002547	1.316249
-0.074275	1.507623	4.929702	0.002457	1.316114
-0.509450	1.430304	4.939699	0.002538	1.315928
-0.982334	1.731283	4.949696	0.002626	1.316198
-0.989124	1.969826	4.959693	0.002627	1.316487
0.000000	1.866815	4.969690	0.002446	1.316565

-0.102324	1.889178	4.974694	0.002465	1.316571
-0.131920	2.103731	4.979699	0.002471	1.316826
-0.155322	2.287502	4.984704	0.002475	1.317046
-0.067123	2.573605	4.989709	0.002459	1.317413
0.233070	2.836123	4.994714	0.002404	1.317795
0.312187	3.188527	4.999718	0.002390	1.318241
0.757297	3.576375	5.004723	0.002308	1.318806
1.195259	3.936455	5.009728	0.002228	1.319336
1.690356	4.305217	5.014733	0.002136	1.319887
2.123225	4.664867	5.019738	0.002057	1.320414
2.328420	5.116862	5.024742	0.002019	1.321007
2.605463	5.603835	5.029747	0.001968	1.321657
2.948812	6.106975	5.034752	0.001905	1.322339
3.195884	6.605868	5.039757	0.001860	1.322997
3.807452	7.091883	5.044762	0.001747	1.323713
3.809006	7.723487	5.049766	0.001747	1.324480
4.556444	8.253001	5.054771	0.001609	1.325277
4.755396	8.868323	5.059776	0.001572	1.326064
5.163920	9.482395	5.064781	0.001497	1.326892
5.583835	10.081771	5.069786	0.001420	1.327705
6.156452	10.670335	5.074790	0.001314	1.328535
6.639934	11.278310	5.079795	0.001225	1.329369
7.008777	11.912211	5.084800	0.001157	1.330211
7.381578	12.596266	5.089805	0.001088	1.331114
7.814460	13.255803	5.094810	0.001009	1.331999
8.119377	13.924829	5.099814	0.000952	1.332869
8.616427	14.614097	5.104819	0.000861	1.333801
9.005581	15.338893	5.109824	0.000789	1.334754
9.594824	16.012579	5.114829	0.000680	1.335686
9.884643	16.763891	5.119834	0.000627	1.336649
10.456189	17.460458	5.124838	0.000522	1.337603
10.886126	18.163384	5.129843	0.000442	1.338535
11.099613	18.966398	5.134848	0.000403	1.339542
11.450926	19.759485	5.139853	0.000338	1.340565
11.977848	20.546314	5.144858	0.000241	1.341615
12.332431	21.358827	5.149862	0.000175	1.342661
12.716559	22.178770	5.154867	0.000104	1.343720
13.119824	23.042521	5.159872	0.000030	1.344835
13.509977	23.905226	5.164877	-0.000042	1.345945
13.902731	24.802394	5.169882	-0.000115	1.347095
14.605417	25.603916	5.174886	-0.000244	1.348193
15.170780	26.424841	5.179891	-0.000349	1.349286
15.382059	27.334546	5.184896	-0.000388	1.350412
15.745157	28.251924	5.189901	-0.000455	1.351577
16.196237	29.149781	5.194906	-0.000538	1.352735
16.594368	30.083059	5.199910	-0.000612	1.353924
17.034616	31.039446	5.204915	-0.000693	1.355147
17.871185	31.891275	5.209920	-0.000847	1.356325
18.490229	32.718548	5.214925	-0.000962	1.357429
18.756112	33.615599	5.219930	-0.001011	1.358544
19.138398	34.543532	5.224934	-0.001081	1.359718
19.559814	35.482243	5.229939	-0.001159	1.360912
19.910663	36.444478	5.234944	-0.001224	1.362118
20.296737	37.405656	5.239949	-0.001295	1.363329
20.658391	38.416121	5.244954	-0.001362	1.364592
20.860796	39.485221	5.249958	-0.001400	1.365891
21.425495	40.515490	5.254963	-0.001504	1.367215
21.977604	41.511807	5.259968	-0.001606	1.368496
22.395753	42.569256	5.264973	-0.001684	1.369820
23.031032	43.580019	5.269978	-0.001801	1.371132
23.232443	44.651583	5.274982	-0.001838	1.372427
23.666532	45.727242	5.279987	-0.001919	1.373772
24.074561	46.828463	5.284992	-0.001994	1.375141
24.414950	47.972332	5.289997	-0.002057	1.376545
24.793336	49.102212	5.295002	-0.002127	1.377938
25.083273	50.276338	5.300006	-0.002181	1.379364
25.780929	51.408791	5.305011	-0.002310	1.380820
26.275221	52.555787	5.310016	-0.002401	1.382252
26.772525	53.666101	5.315021	-0.002493	1.383640
27.069094	54.874230	5.320026	-0.002548	1.385101
27.438518	56.081126	5.325030	-0.002617	1.386573
28.102707	57.211472	5.330035	-0.002740	1.388012
28.315663	58.455915	5.335040	-0.002779	1.389494
28.519970	59.748426	5.340045	-0.002817	1.391029
29.009080	61.017609	5.345050	-0.002908	1.392590
29.268812	62.350879	5.350054	-0.002956	1.394178
29.959472	63.629510	5.355059	-0.003084	1.395786
30.500729	64.874816	5.360064	-0.003184	1.397324
30.862519	66.164567	5.365069	-0.003251	1.398877
31.292647	67.481330	5.370074	-0.003331	1.400472
31.669880	68.814717	5.375078	-0.003401	1.402074
32.284449	70.118147	5.380083	-0.003514	1.403686
32.518285	71.507125	5.385088	-0.003558	1.405321
32.860964	72.895201	5.390093	-0.003622	1.406974
33.313838	74.271409	5.395098	-0.003706	1.408632
33.779565	75.682112	5.400102	-0.003792	1.410330
34.175567	77.101957	5.405107	-0.003865	1.412023
34.542688	78.555910	5.410112	-0.003934	1.413747
34.995388	80.007678	5.415117	-0.004018	1.415483
35.477049	81.453461	5.420122	-0.004107	1.417216
35.818893	82.933694	5.425126	-0.004171	1.418959
36.350068	84.425597	5.430131	-0.004269	1.420749
36.748056	85.905126	5.435136	-0.004343	1.422497
37.313239	87.401137	5.440141	-0.004448	1.424293
37.894663	88.869469	5.445146	-0.004555	1.426059
38.333465	90.313361	5.450150	-0.004637	1.427769
38.951151	91.794493	5.455155	-0.004751	1.429551
39.384550	93.275724	5.460160	-0.004831	1.431297
39.767072	94.762393	5.465165	-0.004902	1.433038
40.256570	96.269971	5.470170	-0.004993	1.434819
40.560387	97.807304	5.475174	-0.005050	1.436597
41.040378	99.302740	5.480179	-0.005139	1.438359
41.523651	100.859861	5.485184	-0.005229	1.440189
41.880196	102.438906	5.490189	-0.005295	1.442016
42.676702	103.932411	5.495194	-0.005442	1.443828
43.018292	105.484327	5.500198	-0.005506	1.445618
43.454924	107.021518	5.505203	-0.005587	1.447407
43.771161	108.621957	5.510208	-0.005646	1.449242
43.904368	110.315708	5.515213	-0.005671	1.451144
44.353949	111.962783	5.520218	-0.005755	1.453050
44.752016	113.664136	5.525222	-0.005829	1.455004
45.149928	115.385747	5.530227	-0.005903	1.456978
45.533775	117.116411	5.535232	-0.005974	1.458956
46.086472	118.844747	5.540237	-0.006077	1.460960
46.530709	120.546850	5.545242	-0.006159	1.462913
46.990772	122.303060	5.550246	-0.006245	1.464925
47.379091	124.050435	5.555251	-0.006317	1.466912
47.831255	125.800483	5.560256	-0.006401	1.468910
48.221092	127.613304	5.565261	-0.006474	1.470963
48.549923	129.417637	5.570266	-0.006535	1.472993
48.837816	131.303587	5.575270	-0.006589	1.475102
49.390066	133.141366	5.580275	-0.006692	1.477203
49.862349	134.985495	5.585280	-0.006779	1.479293
50.305768	136.859346	5.590285	-0.006862	1.481407
50.681623	138.740931	5.595290	-0.006932	1.483515
51.311937	140.620732	5.600294	-0.007049	1.485663
51.688016	142.506052	5.605299	-0.007119	1.487769
52.147803	144.404681	5.610304	-0.007205	1.489900
52.508335	146.338635	5.615309	-0.007272	1.492050
52.890560	148.306279	5.620314	-0.007343	1.494236
53.238938	150.284593	5.625318	-0.007408	1.496424
53.653785	152.285720	5.630323	-0.007486	1.498645
54.139619	154.285292	5.635328	-0.007576	1.500874
54.573765	156.298926	5.640333	-0.007657	1.503105
54.877291	158.386531	5.645338	-0.007714	1.505389
55.347443	160.416191	5.650342	-0.007801	1.507638
55.857159	162.503623	5.655347	-0.007896	1.509951
56.127036	164.595772	5.660352	-0.007947	1.512223
56.563044	166.749051	5.665357	-0.008028	1.514586
56.950446	168.860425	5.670362	-0.008101	1.516893
57.362332	171.031291	5.675366	-0.008178	1.519263
57.719521	173.233683	5.680371	-0.008245	1.521653
58.057696	175.466502	5.685376	-0.008308	1.524068
58.716887	177.637607	5.690381	-0.008430	1.526470
58.967342	179.904313	5.695386	-0.008478	1.528898
59.367371	182.177002	5.700390	-0.008552	1.531354
59.827873	184.459112	5.705395	-0.008638	1.533826
60.323770	186.726375	5.710400	-0.008731	1.536285
60.641565	189.036499	5.715405	-0.008791	1.538754
60.957989	191.411013	5.720410	-0.008850	1.541286
61.160428	193.833901	5.725414	-0.008888	1.543845
61.821263	196.207604	5.730419	-0.009011	1.546427
62.019043	198.657569	5.735424	-0.009049	1.549004
62.464278	201.121585	5.740429	-0.009132	1.551634
62.884204	203.605458	5.745434	-0.009211	1.554275
63.346345	206.069502	5.750438	-0.009297	1.556899
63.580054	208.648021	5.755443	-0.009342	1.559597
64.042437	211.172252	5.760448	-0.009428	1.562274
64.349037	213.790708	5.765453	-0.009486	1.565016
64.729419	216.402468	5.770458	-0.009557	1.567759
65.062191	219.067086	5.775462	-0.009620	1.570544
65.425452	221.757526	5.780467	-0.009688	1.573355
66.053578	224.402385	5.785472	-0.009805	1.576158
66.411191	227.099534	5.790477	-0.009873	1.578965
66.763488	229.828935	5.795482	-0.009939	1.581799
67.178171	232.591439	5.800486	-0.010017	1.584671
67.634670	235.332195	5.805491	-0.010102	1.587523
67.929078	238.149389	5.810496	-0.010158	1.590420
68.528732	240.932480	5.815501	-0.010270	1.593329
69.056754	243.698719	5.820506	-0.010369	1.596202
69.468442	246.492386	5.825510	-0.010446	1.599080
69.954554	249.313582	5.830515	-0.010537	1.601991
70.448959	252.128148	5.835520	-0.010629	1.604892
70.557837	255.026297	5.840525	-0.010651	1.607809
70.915477	257.993480	5.845530	-0.010718	1.610829
71.213961	260.972013	5.850534	-0.010775	1.613845
71.625309	263.984400	5.855539	-0.010852	1.616908
72.096458	266.988627	5.860544	-0.010941	1.619966
72.508966	270.024747	5.865549	-0.011018	1.623041
72.876348	273.079409	5.870554	-0.011088	1.626121
73.231493	276.180972	5.875558	-0.011155	1.629239
73.705943	279.268474	5.880563	-0.011244	1.632357
74.103728	282.403714	5.885568	-0.011319	1.635503
74.520514	285.539992	5.890573	-0.011397	1.638647
74.898342	288.711022	5.895578	-0.011468	1.641813
75.249083	291.924259	5.900582	-0.011535	1.645010
75.752388	295.141411	5.905587	-0.011629	1.648228
76.139280	298.396923	5.910592	-0.011702	1.651459
76.638099	301.657606	5.915597	-0.011796	1.654706
76.894911	304.952959	5.920602	-0.011845	1.657943
77.324191	308.267429	5.925606	-0.011926	1.661218
77.765323	311.625852	5.930611	-0.012009	1.664532
78.260008	314.952301	5.935616	-0.012102	1.667816
78.649070	318.338463	5.940621	-0.012175	1.671135
78.915492	321.778675	5.945626	-0.012226	1.674480
79.178541	325.264269	5.950630	-0.012277	1.677861
79.711921	328.739198	5.955635	-0.012377	1.681266
80.072891	332.269100	5.960640	-0.012445	1.684691
80.557826	335.789006	5.965645	-0.012536	1.688118
80.800061	339.384810	5.970650	-0.012583	1.691573
81.233380	342.999732	5.975654	-0.012665	1.695069
81.531662	346.681214	5.980659	-0.012722	1.698599
82.068904	350.295853	5.985664	-0.012823	1.702096
82.387182	353.988656	5.990669	-0.012883	1.705625
82.781839	357.720744	5.995674	-0.012958	1.709196
83.253972	361.457442	6.000678	-0.013047	1.712775
83.749687	365.200542	6.005683	-0.013141	1.716356
84.180746	368.961164	6.010688	-0.013222	1.719937
84.651492	372.736652	6.015693	-0.013311	1.723529
85.031947	376.530146	6.020698	-0.013383	1.727117
85.237697	380.442201	6.025702	-0.013423	1.730782
85.906825	384.288337	6.030707	-0.013549	1.734447
86.101326	388.211605	6.035712	-0.013587	1.738105
86.670828	392.103740	6.040717	-0.013694	1.741782
87.096098	396.051563	6.045722	-0.013774	1.745481
87.303827	400.061735	6.050726	-0.013815	1.749197
87.870683	404.077737	6.055731	-0.013922	1.752964
88.116569	408.104478	6.060736	-0.013969	1.756685
88.589053	412.185391	6.065741	-0.014058	1.760481
88.847943	416.336115	6.070746	-0.014108	1.764301
89.231375	420.497955	6.075750	-0.014181	1.768141
89.644085	424.715325	6.080755	-0.014260	1.772027
89.987648	428.977270	6.085760	-0.014326	1.775935
90.457472	433.234064	6.090765	-0.014414	1.779848
90.844320	437.507715	6.095770	-0.014488	1.783755
91.225543	441.826601	6.100774	-0.014561	1.787694
91.606104	446.188413	6.105779	-0.014633	1.791662
92.000664	450.555068	6.110784	-0.014709	1.795627
92.341409	454.990934	6.115789	-0.014774	1.799638
92.694892	459.473244	6.120794	-0.014842	1.803684
93.107283	463.952532	6.125798	-0.014920	1.807725
93.534409	468.486567	6.130803	-0.015001	1.811809
93.909094	473.021964	6.135808	-0.015073	1.815876
94.479052	477.586478	6.140813	-0.015181	1.819988
94.836762	482.170116	6.145818	-0.015249	1.824078
95.253947	486.784976	6.150822	-0.015329	1.828194
95.797266	491.419417	6.155827	-0.015431	1.832335
95.904826	496.108827	6.160832	-0.015454	1.836455
96.510626	500.805988	6.165837	-0.015568	1.840641
96.968167	505.533087	6.170842	-0.015655	1.844823
97.200224	510.342944	6.175846	-0.015701	1.849036
97.606450	515.190307	6.180851	-0.015778	1.853296
98.125799	519.992825	6.185856	-0.015877	1.857524
98.470505	524.862686	6.190861	-0.015943	1.861775
98.646290	529.801304	6.195866	-0.015978	1.866053
99.077290	534.788228	6.200870	-0.016061	1.870397
99.625721	539.760212	6.205875	-0.016165	1.874734
99.938255	544.777499	6.210880	-0.016225	1.879068
100.228876	549.901759	6.215885	-0.016282	1.883481
100.643306	555.032972	6.220890	-0.016361	1.887905
101.157663	560.158488	6.225894	-0.016459	1.892327
101.532768	565.322689	6.230899	-0.016531	1.896754
101.923045	570.521001	6.235904	-0.016606	1.901200
102.395742	575.728924	6.240909	-0.016696	1.905656
102.862531	580.989434	6.245914	-0.016785	1.910144
103.252080	586.250917	6.250918	-0.016860	1.914612
103.733925	591.542699	6.255923	-0.016951	1.919107
104.067025	596.880453	6.260928	-0.017016	1.923611
104.476827	602.271748	6.265933	-0.017095	1.928158
104.870965	607.703847	6.270938	-0.017170	1.932727
105.307589	613.070610	6.275942	-0.017254	1.937236
105.721072	618.547227	6.280947	-0.017333	1.941822
106.168402	624.030800	6.285952	-0.017419	1.946408
106.635765	629.563146	6.290957	-0.017508	1.951025
107.025850	635.078934	6.295962	-0.017583	1.955608
107.240335	640.713475	6.300966	-0.017626	1.960255
107.739118	646.350211	6.305971	-0.017721	1.964929
108.014856	652.091000	6.310976	-0.017776	1.969648
108.545852	657.771402	6.315981	-0.017877	1.974339
108.900230	663.538366	6.320986	-0.017945	1.979067
109.307694	669.312435	6.325990	-0.018024	1.983796
109.661505	675.175594	6.330995	-0.018093	1.988579
110.081119	681.044034	6.336000	-0.018173	1.993363
110.619084	686.916239	6.341005	-0.018276	1.998153
110.936061	692.852535	6.346010	-0.018338	2.002955
111.556869	698.770058	6.351014	-0.018456	2.007768
111.904094	704.766262	6.356019	-0.018523	2.012599
112.276211	710.757350	6.361024	-0.018595	2.017417
112.698117	716.814695	6.366029	-0.018677	2.022282
113.462875	722.796477	6.371034	-0.018821	2.027118
113.662097	728.858772	6.376038	-0.018861	2.031936
114.252878	734.929079	6.381043	-0.018974	2.036797
114.646803	741.020570	6.386048	-0.019050	2.041639
115.104961	747.168035	6.391053	-0.019138	2.046521
115.468358	753.360014	6.396058	-0.019209	2.051415
115.886067	759.554865	6.401062	-0.019289	2.056306
116.429830	765.780454	6.406067	-0.019393	2.061224
116.829848	772.031262	6.411072	-0.019470	2.066133
117.349944	778.297112	6.416077	-0.019570	2.071056
117.933265	784.498857	6.421082	-0.019681	2.075926
118.275760	790.824646	6.426086	-0.019748	2.080851
118.791906	797.154707	6.431091	-0.019847	2.085787
119.237050	803.519079	6.436096	-0.019933	2.090731
119.978239	809.840351	6.441101	-0.020073	2.095664
120.486911	816.149934	6.446106	-0.020170	2.100549
120.508667	822.558978	6.451110	-0.020178	2.105442
121.187765	828.979127	6.456115	-0.020307	2.110409
121.543330	835.401298	6.461120	-0.020377	2.115327
121.945181	841.899256	6.466125	-0.020454	2.120297
122.555430	848.375279	6.471130	-0.020571	2.125263
122.896585	854.913473	6.476134	-0.020637	2.130233
123.373859	861.467081	6.481139	-0.020729	2.135218
123.853293	868.027657	6.486144	-0.020822	2.140197
124.394314	874.599090	6.491149	-0.020925	2.145180
124.862510	881.208661	6.496154	-0.021015	2.150171
125.219292	887.816548	6.501158	-0.021085	2.155137
125.735743	894.493977	6.506163	-0.021184	2.160160
126.126484	901.183280	6.511168	-0.021260	2.165167
126.773366	907.880344	6.516173	-0.021383	2.170196
126.967877	914.632454	6.521178	-0.021423	2.175204
127.586218	921.385092	6.526182	-0.021541	2.180248
127.962856	928.171154	6.531187	-0.021615	2.185278
128.402175	935.008436	6.536192	-0.021700	2.190341
128.891152	941.850745	6.541197	-0.021794	2.195401
129.439291	948.681881	6.546202	-0.021899	2.200447
129.791750	955.586877	6.551206	-0.021968	2.205515
130.376531	962.478406	6.556211	-0.022080	2.210586
130.658582	969.430927	6.561216	-0.022136	2.215656
131.229662	976.392077	6.566221	-0.022245	2.220753
131.584833	983.398096	6.571226	-0.022315	2.225847
131.835847	990.500812	6.576230	-0.022366	2.230987
132.622761	997.510093	6.581235	-0.022515	2.236106
133.047200	1004.571291	6.586240	-0.022597	2.241212
133.575337	1011.657071	6.591245	-0.022699	2.246334
133.935305	1018.816301	6.596250	-0.022769	2.251479
134.202007	1025.994112	6.601254	-0.022823	2.256616
134.810985	1033.188832	6.606259	-0.022939	2.261789
135.245484	1040.388289	6.611264	-0.023024	2.266935
135.855121	1047.584037	6.616269	-0.023140	2.272085
136.106215	1054.862952	6.621274	-0.023191	2.277245
136.556575	1062.150255	6.626278	-0.023278	2.282419
137.120410	1069.501781	6.631283	-0.023387	2.287639
137.389539	1076.858731	6.636288	-0.023441	2.292820
138.065838	1084.223847	6.641293	-0.023570	2.298036
138.606581	1091.556570	6.646298	-0.023674	2.303204
138.934514	1098.962046	6.651302	-0.023739	2.308390
139.320738	1106.452168	6.656307	-0.023814	2.313628
139.863959	1113.906977	6.661312	-0.023919	2.318846
140.388896	1121.379572	6.666317	-0.024020	2.324062
140.763633	1128.934764	6.671322	-0.024094	2.329308
141.213948	1136.472582	6.676326	-0.024181	2.334539
141.794580	1144.011563	6.681331	-0.024293	2.339771
142.263711	1151.571485	6.686336	-0.024384	2.344994
142.802191	1159.160211	6.691341	-0.024488	2.350233
143.313525	1166.719507	6.696346	-0.024586	2.355437
143.649646	1174.364937	6.701350	-0.024653	2.360670
144.361180	1182.004897	6.706355	-0.024789	2.365925
144.728781	1189.630432	6.711360	-0.024861	2.371125
145.187212	1197.305829	6.716365	-0.024950	2.376356
145.664339	1205.018684	6.721370	-0.025043	2.381602
146.308324	1212.689694	6.726374	-0.025166	2.386825
146.590739	1220.420286	6.731379	-0.025223	2.392041
147.053299	1228.192855	6.736384	-0.025313	2.397292
147.784547	1235.933817	6.741389	-0.025452	2.402535
148.228167	1243.711710	6.746394	-0.025538	2.407764
148.543043	1251.555581	6.751398	-0.025601	2.413013
149.043011	1259.413264	6.756403	-0.025698	2.418277
149.550125	1267.249868	6.761408	-0.025796	2.423517
149.990057	1275.137250	6.766413	-0.025882	2.428772
150.445615	1283.016791	6.771418	-0.025971	2.434012
151.197980	1290.888808	6.776422	-0.026114	2.439264
151.571014	1298.784064	6.781427	-0.026188	2.444484
152.161750	1306.668295	6.786432	-0.026301	2.449706
152.754587	1314.527852	6.791437	-0.026415	2.454900
153.143156	1322.452143	6.796442	-0.026492	2.460107
153.656476	1330.390407	6.801446	-0.026591	2.465324
154.161156	1338.341510	6.806451	-0.026689	2.470537
154.686055	1346.255536	6.811456	-0.026790	2.475716
154.990745	1354.278721	6.816461	-0.026851	2.480935
155.678106	1362.307047	6.821466	-0.026983	2.486181
156.178969	1370.307545	6.826470	-0.027080	2.491382
156.700733	1378.328454	6.831475	-0.027181	2.496586
157.259393	1386.314479	6.836480	-0.027289	2.501760
157.565612	1394.395358	6.841485	-0.027350	2.506961
158.232678	1402.396558	6.846490	-0.027478	2.512134
158.720619	1410.448624	6.851494	-0.027573	2.517311
159.321093	1418.502056	6.856499	-0.027688	2.522489
159.839195	1426.547526	6.861504	-0.027788	2.527644
160.103559	1434.642753	6.866509	-0.027842	2.532797
160.687711	1442.802648	6.871514	-0.027955	2.538009
161.065258	1450.943876	6.876518	-0.028029	2.543180
161.547905	1459.155012	6.881523	-0.028123	2.548393
162.076359	1467.316238	6.886528	-0.028225	2.553569
162.652696	1475.543757	6.891533	-0.028337	2.558779
163.258133	1483.738943	6.896538	-0.028453	2.563962
163.717031	1491.977909	6.901542	-0.028543	2.569148
164.233468	1500.237631	6.906547	-0.028643	2.574341
164.753050	1508.436321	6.911552	-0.028744	2.579487
165.338340	1516.618475	6.916557	-0.028856	2.584617
165.989955	1524.771542	6.921562	-0.028981	2.589725
166.445036	1532.963386	6.926566	-0.029070	2.594830
166.987390	1541.155335	6.931571	-0.029175	2.599932
167.673871	1549.296728	6.936576	-0.029307	2.605005
167.944933	1557.511434	6.941581	-0.029361	2.610078
168.516617	1565.721964	6.946586	-0.029472	2.615164
168.950700	1573.946240	6.951590	-0.029557	2.620237
169.464001	1582.235202	6.956595	-0.029656	2.625346
170.064849	1590.462332	6.961600	-0.029772	2.630414
170.551038	1598.712103	6.966605	-0.029867	2.635477
170.984902	1606.998025	6.971610	-0.029952	2.640548
171.655087	1615.257169	6.976614	-0.030080	2.645612
172.043478	1623.595367	6.981619	-0.030157	2.650691
172.557131	1631.870988	6.986624	-0.030256	2.655733
173.135112	1640.146158	6.991629	-0.030368	2.660770
173.516895	1648.514289	6.996634	-0.030443	2.665837
173.904103	1656.875999	7.001638	-0.030520	2.670892
174.529216	1665.249807	7.006643	-0.030640	2.675963
175.195335	1673.564902	7.011648	-0.030768	2.680992
175.572445	1681.969998	7.016653	-0.030842	2.686043
175.987881	1690.377081	7.021658	-0.030924	2.691088
176.231801	1698.851074	7.026662	-0.030974	2.696150
176.945770	1707.360688	7.031667	-0.031111	2.701260
177.456879	1715.826004	7.036672	-0.031210	2.706319
177.887195	1724.304554	7.041677	-0.031295	2.711369
178.185981	1732.895599	7.046682	-0.031355	2.716466
178.702412	1741.483994	7.051686	-0.031455	2.721569
179.295317	1750.126439	7.056691	-0.031570	2.726700
179.863773	1758.740893	7.061696	-0.031680	2.731803
180.475282	1767.268518	7.066701	-0.031798	2.736849
181.038991	1775.788154	7.071706	-0.031907	2.741877
181.391111	1784.379651	7.076710	-0.031977	2.746921
181.769005	1792.999293	7.081715	-0.032052	2.751974
182.354839	1801.638134	7.086720	-0.032165	2.757045
182.839039	1810.297512	7.091725	-0.032260	2.762111
183.312841	1818.998717	7.096730	-0.032352	2.767191
183.626818	1827.703766	7.101734	-0.032415	2.772251
184.193974	1836.478736	7.106739	-0.032525	2.777362
184.786021	1845.191060	7.111744	-0.032640	2.782429
185.274792	1853.894073	7.116749	-0.032735	2.787474
185.696573	1862.668170	7.121754	-0.032818	2.792545
186.332342	1871.429400	7.126758	-0.032941	2.797615
186.746990	1880.228150	7.131763	-0.033022	2.802681
187.402515	1888.993061	7.136768	-0.033148	2.807737
188.079374	1897.679323	7.141773	-0.033278	2.812740
188.399934	1906.447015	7.146778	-0.033343	2.817754
188.607989	1915.305634	7.151782	-0.033387	2.822802
189.133276	1924.203013	7.156787	-0.033489	2.827886
189.730779	1933.048866	7.161792	-0.033604	2.832938
190.158885	1941.954347	7.166797	-0.033689	2.838001
190.454501	1950.944074	7.171802	-0.033749	2.843094
190.950135	1959.943179	7.176806	-0.033845	2.848197
191.399907	1969.014674	7.181811	-0.033934	2.853328
191.945208	1978.018089	7.186816	-0.034040	2.858418
192.604490	1987.039993	7.191821	-0.034167	2.863518
192.954585	1996.054867	7.196826	-0.034237	2.868582
193.244288	2005.191616	7.201830	-0.034296	2.873702
193.810364	2014.351021	7.206835	-0.034406	2.878844
194.242905	2023.549821	7.211840	-0.034491	2.883989
194.883093	2032.742796	7.216845	-0.034615	2.889137
195.311816	2041.909541	7.221850	-0.034699	2.894246
195.808104	2051.081904	7.226854	-0.034796	2.899353
196.190477	2060.324259	7.231859	-0.034872	2.904482
196.650661	2069.569365	7.236864	-0.034963	2.909609
197.270658	2078.806302	7.241869	-0.035083	2.914734
197.839551	2088.074301	7.246874	-0.035193	2.919863
198.114817	2097.375463	7.251878	-0.035250	2.924980
198.596810	2106.735579	7.256883	-0.035344	2.930135
199.133680	2116.071830	7.261888	-0.035449	2.935272
199.641758	2125.413486	7.266893	-0.035548	2.940400
200.013112	2134.849757	7.271898	-0.035623	2.945562
200.731419	2144.166803	7.276902	-0.035761	2.950673
201.053983	2153.594262	7.281907	-0.035826	2.955809
201.516697	2163.069309	7.286912	-0.035917	2.960970
202.027641	2172.543031	7.291917	-0.036017	2.966125
202.538409	2182.021415	7.296922	-0.036117	2.971274
202.946610	2191.510733	7.301926	-0.036198	2.976412
203.555754	2201.024915	7.306931	-0.036316	2.981569
204.026058	2210.521325	7.311936	-0.036408	2.986697
204.589990	2220.044355	7.316941	-0.036518	2.991837
204.899682	2229.606142	7.321946	-0.036581	2.996972
205.385279	2239.225464	7.326950	-0.036676	3.002141
205.854084	2248.871354	7.331955	-0.036769	3.007313
206.401509	2258.508051	7.336960	-0.036876	3.012477
206.921691	2268.139085	7.341965	-0.036977	3.017627
207.471040	2277.785684	7.346970	-0.037084	3.022778
208.024858	2287.378890	7.351974	-0.037192	3.027893
208.367408	2297.087159	7.356979	-0.037261	3.033046
208.958061	2306.758835	7.361984	-0.037376	3.038186
209.396916	2316.511994	7.366989	-0.037463	3.043352
209.966328	2326.247131	7.371994	-0.037574	3.048507
210.273053	2336.005943	7.376998	-0.037637	3.053649
210.635240	2345.844452	7.382003	-0.037709	3.058827
211.035251	2355.759207	7.387008	-0.037789	3.064039
211.516770	2365.645969	7.392013	-0.037884	3.069232
212.016032	2375.588400	7.397018	-0.037982	3.074447
212.475408	2385.554024	7.402022	-0.038073	3.079662
213.043439	2395.565293	7.407027	-0.038184	3.084899
213.587533	2405.467884	7.412032	-0.038290	3.090069
214.161167	2415.415247	7.417037	-0.038402	3.095255
214.498695	2425.414490	7.422042	-0.038470	3.100445
214.991723	2435.426704	7.427046	-0.038567	3.105642
215.441612	2445.494491	7.432051	-0.038656	3.110857
215.951396	2455.527389	7.437056	-0.038756	3.116048
216.666111	2465.599295	7.442061	-0.038894	3.121263
217.156756	2475.644913	7.447066	-0.038991	3.126442
217.508430	2485.672627	7.452070	-0.039062	3.131595
218.185845	2495.751447	7.457075	-0.039193	3.136785
218.596910	2505.822992	7.462080	-0.039275	3.141947
219.225077	2515.858234	7.467085	-0.039397	3.147094
219.690569	2525.917089	7.472090	-0.039489	3.152235
220.124900	2535.999386	7.477094	-0.039575	3.157378
220.680081	2546.145934	7.482099	-0.039684	3.162552
221.185026	2556.228837	7.487104	-0.039783	3.167683
221.705016	2566.363152	7.492109	-0.039885	3.172832
222.208462	2576.480237	7.497114	-0.039984	3.177962
222.789722	2586.606198	7.502118	-0.040097	3.183094
223.226662	2596.688491	7.507123	-0.040184	3.188186
223.784615	2606.882154	7.512128	-0.040293	3.193333
224.417582	2616.989775	7.517133	-0.040416	3.198434
224.918306	2627.105421	7.522138	-0.040514	3.203522
225.357975	2637.153756	7.527142	-0.040602	3.208565
225.893765	2647.309286	7.532147	-0.040707	3.213659
226.470736	2657.423817	7.537152	-0.040819	3.218726
227.063077	2667.524595	7.542157	-0.040934	3.223780
227.692636	2677.578148	7.547162	-0.041057	3.228804
228.175977	2687.663147	7.552166	-0.041152	3.233828
228.505501	2697.786677	7.557171	-0.041219	3.238854
228.984398	2707.966745	7.562176	-0.041313	3.243908
229.880062	2718.055555	7.567181	-0.041485	3.248933
230.405925	2728.083692	7.572186	-0.041588	3.253900
230.796541	2738.141470	7.577190	-0.041666	3.258866
231.496057	2748.216292	7.582195	-0.041801	3.263849
232.057378	2758.200716	7.587200	-0.041911	3.268773
232.572006	2768.212159	7.592205	-0.042012	3.273700
233.266662	2778.172133	7.597210	-0.042146	3.278605
233.806245	2788.118033	7.602214	-0.042251	3.283486
234.422836	2798.053778	7.607219	-0.042371	3.288360
234.729708	2807.994195	7.612224	-0.042434	3.293211
235.375476	2817.943262	7.617229	-0.042559	3.298078
235.889188	2827.903392	7.622234	-0.042659	3.302936
236.275617	2837.842922	7.627238	-0.042737	3.307770
236.889049	2847.877422	7.632243	-0.042856	3.312655
237.443062	2857.839182	7.637248	-0.042964	3.317494
237.883835	2867.819227	7.642253	-0.043052	3.322328
238.388534	2877.833644	7.647258	-0.043151	3.327176
239.091225	2887.794420	7.652262	-0.043286	3.332001
239.628018	2897.672373	7.657267	-0.043391	3.336770
239.963868	2907.689100	7.662272	-0.043459	3.341589
240.439973	2917.671874	7.667277	-0.043553	3.346392
241.017542	2927.670628	7.672282	-0.043666	3.351200
241.439836	2937.682647	7.677286	-0.043750	3.356000
242.053870	2947.763820	7.682291	-0.043869	3.360835
242.367862	2957.875984	7.687296	-0.043933	3.365663
242.874621	2967.981344	7.692301	-0.044033	3.370491
243.317570	2978.105090	7.697306	-0.044121	3.375317
243.800624	2988.285424	7.702310	-0.044216	3.380165
244.462933	2998.363644	7.707315	-0.044344	3.384966
244.927819	3008.469819	7.712320	-0.044436	3.389764
245.377425	3018.620702	7.717325	-0.044525	3.394576
245.902745	3028.815958	7.722330	-0.044628	3.399405
246.515783	3038.927662	7.727334	-0.044747	3.404192
246.934289	3049.058718	7.732339	-0.044831	3.408972
247.374995	3059.254496	7.737344	-0.044918	3.413776
247.816068	3069.473530	7.742349	-0.045006	3.418585
248.305485	3079.726140	7.747354	-0.045102	3.423404
248.641697	3090.016368	7.752358	-0.045171	3.428227
249.421006	3100.280586	7.757363	-0.045321	3.433053
249.828989	3110.525671	7.762368	-0.045402	3.437845
250.088202	3120.909065	7.767373	-0.045456	3.442687
250.676211	3131.303713	7.772378	-0.045571	3.447543
251.050411	3141.672413	7.777382	-0.045646	3.452370
251.699921	3152.050042	7.782387	-0.045773	3.457207
252.366836	3162.411053	7.787392	-0.045902	3.462031
252.875813	3172.659238	7.792397	-0.046002	3.466788
253.390388	3183.008603	7.797402	-0.046103	3.471586
253.796439	3193.357369	7.802406	-0.046184	3.476371
254.353324	3203.761432	7.807411	-0.046293	3.481183
254.727812	3214.123518	7.812416	-0.046369	3.485959
255.431328	3224.513864	7.817421	-0.046505	3.490758
255.796035	3234.878676	7.822426	-0.046578	3.495522
256.523255	3245.268512	7.827430	-0.046719	3.500308
257.033624	3255.572046	7.832435	-0.046819	3.505038
257.471540	3265.911572	7.837440	-0.046906	3.509774
257.870691	3276.330998	7.842445	-0.046986	3.514539
258.492090	3286.764192	7.847450	-0.047107	3.519313
259.045287	3297.147996	7.852454	-0.047216	3.524056
259.561838	3307.522271	7.857459	-0.047317	3.528785
259.896859	3317.938751	7.862464	-0.047385	3.533520
260.424702	3328.392093	7.867469	-0.047489	3.538273
261.188074	3338.796013	7.872474	-0.047636	3.543008
261.685164	3349.102529	7.877478	-0.047734	3.547681
262.177433	3359.476095	7.882483	-0.047831	3.552377
262.862093	3369.770168	7.887488	-0.047964	3.557040
263.432096	3380.074973	7.892493	-0.048075	3.561697
264.046372	3390.322362	7.897498	-0.048194	3.566323
264.502045	3400.516908	7.902502	-0.048285	3.570913
265.178377	3410.739957	7.907507	-0.048416	3.575519
265.687874	3420.960918	7.912512	-0.048516	3.580111
266.207791	3431.097005	7.917517	-0.048618	3.584659
266.770901	3441.300155	7.922522	-0.048728	3.589234
267.206339	3451.435881	7.927526	-0.048814	3.593767
267.884436	3461.683781	7.932531	-0.048946	3.598354
268.537470	3471.808341	7.937536	-0.049072	3.602880
268.851801	3481.907224	7.942541	-0.049136	3.607373
269.605675	3492.026131	7.947546	-0.049281	3.611889
270.148907	3502.062813	7.952550	-0.049388	3.616354
270.632714	3512.128562	7.957555	-0.049483	3.620824
271.208128	3522.171260	7.962560	-0.049595	3.625281
271.776519	3532.200386	7.967565	-0.049706	3.629727
272.321066	3542.194755	7.972570	-0.049813	3.634151
272.642082	3552.305488	7.977574	-0.049878	3.638611
273.220442	3562.353624	7.982579	-0.049991	3.643049
273.763513	3572.398481	7.987584	-0.050097	3.647478
274.244933	3582.487400	7.992589	-0.050192	3.651919
274.800563	3592.552525	7.997594	-0.050301	3.656347
275.227420	3602.621675	8.002598	-0.050385	3.660766
275.897784	3612.661515	8.007603	-0.050515	3.665177
276.375408	3622.708420	8.012608	-0.050609	3.669577
276.823141	3632.760427	8.017613	-0.050698	3.673973
277.465741	3642.810658	8.022618	-0.050823	3.678371
277.803938	3652.952950	8.027622	-0.050891	3.682791
278.415939	3663.080477	8.032627	-0.051010	3.687211
278.841529	3673.103882	8.037632	-0.051095	3.691572
279.202198	3683.271724	8.042637	-0.051168	3.695988
279.731613	3693.454980	8.047642	-0.051271	3.700413
280.323348	3703.576919	8.052646	-0.051387	3.704807
280.796726	3713.752602	8.057651	-0.051480	3.709215
281.231640	3723.894178	8.062656	-0.051567	3.713602
281.738666	3734.140054	8.067661	-0.051666	3.718031
282.435018	3744.274127	8.072666	-0.051801	3.722414
282.852792	3754.372642	8.077670	-0.051884	3.726765
283.323423	3764.568680	8.082675	-0.051977	3.731155
283.729494	3774.770495	8.087680	-0.052058	3.735540
284.335532	3784.996197	8.092685	-0.052176	3.739938
284.930297	3795.137316	8.097690	-0.052292	3.744294
285.391998	3805.290219	8.102694	-0.052383	3.748644
285.719480	3815.525974	8.107699	-0.052450	3.753020
286.285243	3825.816860	8.112704	-0.052561	3.757423
286.716892	3836.079344	8.117709	-0.052646	3.761803
287.197458	3846.400368	8.122714	-0.052741	3.766205
287.670238	3856.684360	8.127718	-0.052835	3.770586
287.940038	3867.099029	8.132723	-0.052891	3.775009
288.523457	3877.540828	8.137728	-0.053005	3.779450
289.179803	3887.843150	8.142733	-0.053132	3.783830
289.700105	3898.212784	8.147738	-0.053234	3.788228
290.101375	3908.565326	8.152742	-0.053315	3.792609
290.722866	3918.980260	8.157747	-0.053436	3.797020
291.270131	3929.296899	8.162752	-0.053543	3.801381
291.709585	3939.635931	8.167757	-0.053630	3.805742
292.204929	3950.016380	8.172762	-0.053728	3.810118
292.646121	3960.372809	8.177766	-0.053816	3.814477
293.117148	3970.873717	8.182771	-0.053909	3.818892
293.517767	3981.282667	8.187776	-0.053989	3.823261
293.916687	3991.826499	8.192781	-0.054069	3.827681
294.507539	4002.381789	8.197786	-0.054185	3.832108
294.961318	4012.936758	8.202790	-0.054275	3.836524
295.391481	4023.601462	8.207795	-0.054361	3.840980
296.023013	4034.133747	8.212800	-0.054483	3.845383
296.480993	4044.661790	8.217805	-0.054574	3.849773
297.148632	4055.221011	8.222810	-0.054704	3.854178
297.493463	4065.753215	8.227814	-0.054774	3.858555
297.931884	4076.292604	8.232819	-0.054861	3.862934
298.410001	4086.884630	8.237824	-0.054956	3.867331
299.010893	4097.483846	8.242829	-0.055073	3.871730
299.626220	4108.067723	8.247834	-0.055193	3.876118
299.892387	4118.647182	8.252838	-0.055249	3.880487
300.381339	4129.304943	8.257843	-0.055345	3.884891
300.918794	4139.974033	8.262848	-0.055451	3.889296
301.507808	4150.562202	8.267853	-0.055566	3.893664
302.117482	4161.186750	8.272858	-0.055685	3.898044
302.577477	4171.714081	8.277862	-0.055776	3.902373
302.864594	4182.374577	8.282867	-0.055836	3.906746
303.338549	4193.116500	8.287872	-0.055930	3.911153
303.864049	4203.840533	8.292877	-0.056033	3.915550
304.508426	4214.580892	8.297882	-0.056159	3.919953
304.991897	4225.231149	8.302886	-0.056254	3.924309
305.492635	4235.918184	8.307891	-0.056353	3.928675
306.116200	4246.575830	8.312896	-0.056475	3.933028
306.584404	4257.207532	8.317901	-0.056567	3.937361
307.214354	4267.782591	8.322906	-0.056690	3.941671
307.680212	4278.358985	8.327910	-0.056782	3.945972
308.186719	4289.010257	8.332915	-0.056882	3.950299
308.680540	4299.654421	8.337920	-0.056980	3.954618
309.276242	4310.268255	8.342925	-0.057096	3.958924
309.880372	4320.813531	8.347930	-0.057214	3.963197
310.406177	4331.370584	8.352934	-0.057317	3.967468
310.682122	4341.948383	8.357939	-0.057375	3.971735
311.154296	4352.669694	8.362944	-0.057468	3.976060
311.599682	4363.328070	8.367949	-0.057557	3.980355
312.242029	4374.043336	8.372954	-0.057682	3.984675
312.724134	4384.690477	8.377958	-0.057777	3.988957
313.064746	4395.447857	8.382963	-0.057847	3.993274
313.743335	4406.188966	8.387968	-0.057979	3.997590
314.181366	4416.942122	8.392973	-0.058066	4.001899
314.781235	4427.634976	8.397978	-0.058183	4.006185
315.140701	4438.303463	8.402982	-0.058256	4.010448
315.640021	4449.069141	8.407987	-0.058355	4.014750
316.181581	4459.819806	8.412992	-0.058461	4.019042
316.612064	4470.550737	8.417997	-0.058547	4.023319
317.265805	4481.316278	8.423002	-0.058674	4.027611
317.651539	4492.022828	8.428006	-0.058752	4.031868
318.232232	4502.820635	8.433011	-0.058865	4.036161
318.674558	4513.572118	8.438016	-0.058954	4.040428
319.217180	4524.299910	8.443021	-0.059060	4.044683
319.724290	4535.064145	8.448026	-0.059160	4.048948
320.159178	4545.866856	8.453030	-0.059247	4.053220
320.516850	4556.748880	8.458035	-0.059320	4.057518
321.153076	4567.569301	8.463040	-0.059444	4.061794
321.575144	4578.409580	8.468045	-0.059528	4.066068
322.145180	4589.284642	8.473050	-0.059640	4.070354
322.584764	4600.158904	8.478054	-0.059728	4.074632
323.209449	4611.022314	8.483059	-0.059850	4.078907
323.622129	4621.881241	8.488064	-0.059932	4.083169
324.064627	4632.747941	8.493069	-0.060021	4.087431
324.671749	4643.627700	8.498074	-0.060139	4.091698
325.120815	4654.501926	8.503078	-0.060229	4.095953
325.486720	4665.421843	8.508083	-0.060303	4.100220
326.049634	4676.385497	8.513088	-0.060413	4.104504
326.441924	4687.340396	8.518093	-0.060492	4.108776
326.960482	4698.362880	8.523098	-0.060595	4.113073
327.422552	4709.377920	8.528102	-0.060687	4.117361
327.861467	4720.417646	8.533107	-0.060775	4.121654
328.361031	4731.463962	8.538112	-0.060873	4.125946
328.595702	4742.632252	8.543117	-0.060924	4.130273
329.323213	4753.839457	8.548122	-0.061065	4.134625
329.817958	4764.885293	8.553126	-0.061163	4.138903
330.233394	4776.040784	8.558131	-0.061246	4.143217
330.713943	4787.250558	8.563136	-0.061342	4.147548
331.113728	4798.443109	8.568141	-0.061422	4.151867
331.640234	4809.791389	8.573146	-0.061526	4.156244
332.300627	4820.971757	8.578151	-0.061655	4.160555
332.679951	4832.183687	8.583155	-0.061732	4.164867
333.019893	4843.477837	8.588160	-0.061801	4.169204
333.352331	4854.826890	8.593165	-0.061870	4.173558
333.967872	4866.249301	8.598170	-0.061990	4.177942
334.431326	4877.574327	8.603175	-0.062083	4.182281
334.881926	4889.028484	8.608179	-0.062173	4.186664
335.045088	4900.503071	8.613184	-0.062210	4.191043
335.533993	4912.154592	8.618189	-0.062307	4.195492
336.180235	4923.708733	8.623194	-0.062433	4.199904
336.628676	4935.292875	8.628199	-0.062523	4.204318
337.106138	4946.885848	8.633203	-0.062619	4.208731
337.586901	4958.495983	8.638208	-0.062714	4.213146
338.003661	4970.126977	8.643213	-0.062798	4.217562
338.377950	4981.859911	8.648218	-0.062875	4.222011
338.917600	4993.591980	8.653223	-0.062981	4.226459
339.351422	5005.384259	8.658227	-0.063069	4.230923
339.785626	5017.218204	8.663232	-0.063156	4.235397
340.296885	5028.995194	8.668237	-0.063258	4.239848
340.819983	5040.816445	8.673242	-0.063361	4.244310
341.349962	5052.639192	8.678247	-0.063466	4.248768
341.763526	5064.512998	8.683251	-0.063550	4.253238
342.145134	5076.376629	8.688256	-0.063628	4.257698
342.766257	5088.246655	8.693261	-0.063749	4.262162
343.361160	5100.132002	8.698266	-0.063866	4.266626
343.789784	5111.985657	8.703271	-0.063953	4.271070
344.253214	5123.919083	8.708275	-0.064046	4.275539
344.708816	5135.834798	8.713280	-0.064137	4.279997
345.125528	5147.761473	8.718285	-0.064221	4.284453
345.619861	5159.814181	8.723290	-0.064320	4.288954
346.442963	5171.700529	8.728295	-0.064479	4.293395
346.887171	5183.543488	8.733299	-0.064568	4.297807
347.291424	5195.466146	8.738304	-0.064650	4.302243
347.796583	5207.438886	8.743309	-0.064750	4.306695
348.355880	5219.387243	8.748314	-0.064861	4.311134
349.014686	5231.294856	8.753319	-0.064990	4.315556
349.498961	5243.235048	8.758323	-0.065086	4.319982
350.121558	5255.040624	8.763328	-0.065208	4.324356
350.629462	5266.778279	8.768333	-0.065309	4.328698
351.209314	5278.577044	8.773338	-0.065424	4.333060
351.676735	5290.348998	8.778343	-0.065517	4.337405
352.405393	5302.058743	8.783347	-0.065658	4.341728
353.083953	5313.655211	8.788352	-0.065791	4.346004
353.764757	5325.149327	8.793357	-0.065923	4.350238
354.142729	5336.725790	8.798362	-0.066000	4.354492
354.665527	5348.200367	8.803367	-0.066104	4.358708
355.313935	5359.771113	8.808371	-0.066230	4.362957
355.792208	5371.232775	8.813376	-0.066325	4.367158
356.238437	5382.739247	8.818381	-0.066415	4.371371
356.720701	5394.337138	8.823386	-0.066511	4.375613
357.333711	5405.756503	8.828391	-0.066631	4.379790
357.688691	5417.319467	8.833395	-0.066704	4.384009
358.293985	5428.838193	8.838400	-0.066822	4.388213
358.730084	5440.377976	8.843405	-0.066910	4.392417
359.313981	5451.970523	8.848410	-0.067025	4.396639
359.835982	5463.475603	8.853415	-0.067128	4.400824
360.374943	5475.007337	8.858419	-0.067234	4.405015
360.717664	5486.502734	8.863424	-0.067305	4.409185
361.296207	5498.089244	8.868429	-0.067418	4.413388
361.802668	5509.615089	8.873434	-0.067519	4.417564
362.189568	5521.220175	8.878439	-0.067597	4.421763
362.747334	5532.862564	8.883443	-0.067707	4.425974
363.247971	5544.425024	8.888448	-0.067807	4.430150
363.742602	5556.067537	8.893453	-0.067905	4.434352
364.231882	5567.613984	8.898458	-0.068003	4.438515
364.647465	5579.337213	8.903463	-0.068086	4.442736
365.361488	5590.962594	8.908467	-0.068225	4.446923
366.231414	5602.424599	8.913472	-0.068393	4.451051
367.240281	5613.712446	8.918477	-0.068585	4.455116
368.583277	5624.503850	8.923482	-0.068840	4.459005
369.326219	5635.015034	8.928487	-0.068983	4.462779
370.253452	5645.385894	8.933491	-0.069160	4.466502
371.050474	5655.576796	8.938496	-0.069313	4.470156
371.866386	5665.565328	8.943501	-0.069470	4.473736
372.459953	5675.329442	8.948506	-0.069585	4.477227
373.285066	5685.077109	8.953511	-0.069743	4.480715
374.015255	5694.649016	8.958515	-0.069884	4.484136
374.612130	5704.153785	8.963520	-0.069999	4.487527
375.218447	5713.610159	8.968525	-0.070117	4.490899
375.877747	5723.054477	8.973530	-0.070244	4.494265
376.607435	5732.224439	8.978535	-0.070384	4.497532
377.265849	5741.397085	8.983539	-0.070511	4.500796
377.807135	5750.553529	8.988544	-0.070616	4.504050
378.315767	5759.561468	8.993549	-0.070716	4.507249
378.990414	5768.682408	8.998554	-0.070846	4.510488
379.382992	5777.706862	9.003559	-0.070923	4.513685
380.174938	5786.655146	9.008563	-0.071075	4.516861
380.609315	5795.573024	9.013568	-0.071160	4.520017
381.179779	5804.471085	9.018573	-0.071271	4.523166
381.556020	5813.383418	9.023578	-0.071346	4.526314
381.993703	5822.377099	9.028583	-0.071432	4.529490
382.473626	5831.392946	9.033587	-0.071526	4.532673
383.015479	5840.390108	9.038592	-0.071631	4.535847
383.307298	5849.427301	9.043597	-0.071690	4.539029
383.756346	5858.546011	9.048602	-0.071779	4.542240
384.232051	5867.660291	9.053607	-0.071872	4.545448
384.837862	5876.835488	9.058611	-0.071989	4.548676
385.034426	5885.997885	9.063616	-0.072031	4.551891
385.518933	5895.310014	9.068621	-0.072126	4.555161
385.866182	5904.681079	9.073626	-0.072196	4.558447
386.361351	5914.003835	9.078631	-0.072293	4.561716
386.588147	5923.473933	9.083635	-0.072340	4.565030
387.206479	5932.977331	9.088640	-0.072460	4.568359
387.528279	5942.496438	9.093645	-0.072525	4.571687
388.116019	5952.060384	9.098650	-0.072639	4.575032
388.397331	5961.630571	9.103655	-0.072697	4.578371
388.906592	5971.242187	9.108659	-0.072797	4.581727
389.231169	5980.962915	9.113664	-0.072863	4.585114
389.783435	5990.716483	9.118669	-0.072970	4.588514
390.128655	6000.500457	9.123674	-0.073040	4.591919
390.340120	6010.386082	9.128679	-0.073085	4.595355
390.697636	6020.442755	9.133683	-0.073157	4.598849
391.352311	6030.448836	9.138688	-0.073284	4.602328
391.972850	6040.417431	9.143693	-0.073404	4.605791
392.249655	6050.360404	9.148698	-0.073462	4.609236
392.694333	6060.496749	9.153703	-0.073550	4.612749
393.143227	6070.527879	9.158707	-0.073639	4.616222
393.573202	6080.687892	9.163712	-0.073724	4.619738
393.980647	6090.942818	9.168717	-0.073805	4.623282
394.439755	6101.124755	9.173722	-0.073896	4.626800
394.850354	6111.408316	9.178727	-0.073978	4.630349
395.221893	6121.847711	9.183731	-0.074053	4.633948
395.505567	6132.285552	9.188736	-0.074112	4.637543
396.132923	6142.748777	9.193741	-0.074234	4.641149
396.649844	6153.197845	9.198746	-0.074336	4.644745
396.855967	6163.697506	9.203751	-0.074380	4.648351
397.414986	6174.253450	9.208755	-0.074490	4.651979
397.710855	6184.888150	9.213760	-0.074551	4.655627
398.206130	6195.592384	9.218765	-0.074649	4.659299
398.511564	6206.381630	9.223770	-0.074712	4.662994
399.044897	6217.077934	9.228775	-0.074817	4.666658
399.525774	6227.950568	9.233779	-0.074912	4.670378
399.726263	6238.864566	9.238784	-0.074956	4.674105
400.170215	6249.850811	9.243789	-0.075044	4.677857
400.754739	6260.844118	9.248794	-0.075159	4.681611
401.129783	6271.897121	9.253799	-0.075235	4.685379
401.613162	6282.959499	9.258803	-0.075331	4.689148
402.066700	6294.094693	9.263808	-0.075421	4.692939
402.725435	6305.034250	9.268813	-0.075549	4.696663
403.002262	6316.189187	9.273818	-0.075607	4.700452
403.354149	6327.364175	9.278823	-0.075679	4.704245
403.877648	6338.642232	9.283827	-0.075782	4.708073
404.183670	6349.950080	9.288832	-0.075846	4.711905
404.793908	6361.263081	9.293837	-0.075965	4.715739
405.288316	6372.529921	9.298842	-0.076063	4.719553
405.454828	6383.948906	9.303847	-0.076101	4.723411
406.151417	6395.375992	9.308851	-0.076237	4.727275
406.444816	6406.881528	9.313856	-0.076298	4.731157
406.946831	6418.317562	9.318861	-0.076397	4.735015
407.442425	6429.875717	9.323866	-0.076496	4.738911
407.858518	6441.418684	9.328871	-0.076580	4.742798
408.264384	6453.007968	9.333875	-0.076662	4.746696
408.683860	6464.686520	9.338880	-0.076746	4.750622
409.026382	6476.453135	9.343885	-0.076817	4.754573
409.788233	6488.204580	9.348890	-0.076964	4.758520
409.979032	6499.897727	9.353895	-0.077007	4.762438
410.492606	6511.716258	9.358899	-0.077109	4.766398
410.817493	6523.608455	9.363904	-0.077176	4.770378
411.269657	6535.559666	9.368909	-0.077267	4.774375
411.774642	6547.484702	9.373914	-0.077367	4.778360
412.253135	6559.493934	9.378919	-0.077463	4.782370
412.794408	6571.461702	9.383923	-0.077570	4.786364
413.138380	6583.527072	9.388928	-0.077641	4.790384
413.663993	6595.593905	9.393933	-0.077745	4.794403
414.261925	6607.662185	9.398938	-0.077863	4.798420
414.688215	6619.650591	9.403943	-0.077949	4.802405
415.168546	6631.731220	9.408947	-0.078045	4.806418
415.556393	6643.798817	9.413952	-0.078124	4.810423
416.170247	6655.909991	9.418957	-0.078245	4.814440
416.600811	6667.992146	9.423962	-0.078332	4.818443
416.913628	6680.157262	9.428967	-0.078397	4.822469
417.496862	6692.359236	9.433971	-0.078512	4.826506
417.777563	6704.618995	9.438976	-0.078571	4.830555
418.319492	6716.959763	9.443981	-0.078679	4.834631
418.818536	6729.266115	9.448986	-0.078779	4.838691
419.138192	6741.615080	9.453991	-0.078845	4.842760
419.752247	6754.063570	9.458995	-0.078966	4.846861
420.313637	6766.435190	9.464000	-0.079077	4.850932
420.661907	6778.736312	9.469005	-0.079149	4.854975
421.311102	6791.178056	9.474010	-0.079276	4.859064
421.796199	6803.474397	9.479015	-0.079374	4.863100
422.294056	6815.860953	9.484019	-0.079473	4.867162
422.623517	6828.334511	9.489024	-0.079541	4.871247
423.095834	6840.731602	9.494029	-0.079636	4.875306
423.638939	6853.262537	9.499034	-0.079744	4.879405
424.013565	6865.777417	9.504039	-0.079821	4.883494
424.633827	6878.297213	9.509043	-0.079943	4.887583
425.156090	6890.850638	9.514048	-0.080047	4.891679
425.565145	6903.246237	9.519053	-0.080130	4.895719
426.109232	6915.806142	9.524058	-0.080238	4.899810
426.598905	6928.341781	9.529063	-0.080336	4.903889
427.088089	6940.858341	9.534067	-0.080434	4.907958
427.705487	6953.379356	9.539072	-0.080556	4.912027
428.048757	6965.871900	9.544077	-0.080627	4.916081
428.757770	6978.397477	9.549082	-0.080765	4.920144
429.117129	6990.849008	9.554087	-0.080839	4.924178
429.493614	7003.495933	9.559091	-0.080917	4.928272
430.125274	7016.042933	9.564096	-0.081041	4.932332
430.339576	7028.675600	9.569101	-0.081088	4.936412
431.025564	7041.419782	9.574106	-0.081223	4.940529
431.338929	7053.988149	9.579111	-0.081288	4.944583
431.791305	7066.801315	9.584115	-0.081380	4.948714
432.309887	7079.658845	9.589120	-0.081483	4.952855
432.741086	7092.446887	9.594125	-0.081571	4.956970
433.542200	7105.249047	9.599130	-0.081726	4.961089
433.767627	7117.910829	9.604135	-0.081776	4.965155
434.254186	7130.747729	9.609139	-0.081873	4.969276
434.743749	7143.574060	9.614144	-0.081972	4.973390
435.224643	7156.388073	9.619149	-0.082068	4.977496
435.840983	7169.220779	9.624154	-0.082190	4.981606
436.067641	7182.027751	9.629159	-0.082240	4.985702
436.573093	7195.040022	9.634163	-0.082341	4.989861
437.145795	7207.923082	9.639168	-0.082454	4.993976
437.655075	7220.864430	9.644173	-0.082556	4.998106
438.196686	7233.762208	9.649178	-0.082664	5.002219
438.535506	7246.708303	9.654183	-0.082735	5.006342
439.057190	7259.780510	9.659187	-0.082839	5.010503
439.566063	7272.672490	9.664192	-0.082941	5.014603
439.807617	7285.735824	9.669197	-0.082993	5.018752
440.505502	7298.894086	9.674202	-0.083130	5.022931
441.078587	7311.974391	9.679207	-0.083244	5.027081
441.509177	7325.059565	9.684211	-0.083332	5.031228
442.189772	7337.971674	9.689216	-0.083465	5.035318
442.583238	7350.988654	9.694221	-0.083546	5.039436
443.117106	7363.993307	9.699226	-0.083652	5.043548
443.500944	7377.029268	9.704231	-0.083731	5.047665
443.987981	7390.096142	9.709235	-0.083829	5.051789
444.526876	7403.198885	9.714240	-0.083937	5.055922
444.823931	7416.323561	9.719245	-0.083999	5.060056
445.558880	7429.418359	9.724250	-0.084143	5.064180
446.039706	7442.526288	9.729255	-0.084240	5.068303
446.362514	7455.662545	9.734259	-0.084308	5.072431
446.914903	7468.828085	9.739264	-0.084418	5.076566
447.344954	7481.982615	9.744269	-0.084505	5.080693
448.019297	7495.207296	9.749274	-0.084638	5.084840
448.404852	7508.318652	9.754279	-0.084717	5.088947
448.697213	7521.541992	9.759283	-0.084779	5.093085
449.381321	7534.857750	9.764288	-0.084913	5.097250
449.866598	7548.076505	9.769293	-0.085011	5.101380
450.284631	7561.393235	9.774298	-0.085096	5.105537
450.824881	7574.717468	9.779303	-0.085204	5.109694
451.461897	7588.012533	9.784307	-0.085330	5.113839
451.812613	7601.254117	9.789312	-0.085403	5.117962
452.314664	7614.477624	9.794317	-0.085504	5.122077
452.827500	7627.825497	9.799322	-0.085607	5.126227
453.469640	7641.035120	9.804327	-0.085733	5.130331
453.725411	7654.300382	9.809331	-0.085789	5.134447
454.450173	7667.556100	9.814336	-0.085930	5.138559
454.835585	7680.751941	9.819341	-0.086010	5.142648
455.442379	7694.056063	9.824346	-0.086130	5.146768
455.956171	7707.284302	9.829351	-0.086233	5.150861
456.407752	7720.565430	9.834355	-0.086324	5.154966
456.964421	7733.741068	9.839360	-0.086435	5.159036
457.428011	7746.966792	9.844365	-0.086529	5.163118
457.824671	7760.335586	9.849370	-0.086610	5.167240
458.315746	7773.651582	9.854375	-0.086709	5.171343
458.726008	7786.963924	9.859379	-0.086793	5.175441
459.389730	7800.389539	9.864384	-0.086924	5.179572
459.855902	7813.633729	9.869389	-0.087018	5.183642
460.301037	7827.029152	9.874394	-0.087108	5.187756
460.889205	7840.358033	9.879399	-0.087225	5.191847
461.299402	7853.673601	9.884403	-0.087309	5.195929
461.840523	7867.080541	9.889408	-0.087417	5.200037
462.383563	7880.409605	9.894413	-0.087525	5.204117
462.980055	7893.706207	9.899418	-0.087644	5.208185
463.581622	7906.886775	9.904423	-0.087763	5.212213
463.999531	7920.104554	9.909427	-0.087848	5.216250
464.493241	7933.438858	9.914432	-0.087947	5.220319
464.946078	7946.649861	9.919437	-0.088039	5.224347
465.520399	7960.029634	9.924442	-0.088153	5.228423
466.224763	7973.197904	9.929447	-0.088291	5.232432
466.566202	7986.382445	9.934451	-0.088362	5.236442
467.199078	7999.605849	9.939456	-0.088487	5.240462
467.658707	8012.798296	9.944461	-0.088580	5.244468
468.167009	8026.021506	9.949466	-0.088682	5.248481
468.727343	8039.120000	9.954471	-0.088794	5.252453
469.161624	8052.306457	9.959475	-0.088882	5.256448
470.010687	8065.430789	9.964480	-0.089047	5.260422
470.428139	8078.375661	9.969485	-0.089132	5.264337
470.888584	8091.190814	9.974490	-0.089224	5.268211

471.433015	8103.699058	9.979495	-0.089333	5.271990
471.954542	8115.753031	9.984499	-0.089436	5.275628
472.593545	8127.539964	9.989504	-0.089561	5.279183
473.403487	8138.653118	9.994509	-0.089717	5.282533
473.884723	8149.543930	9.999514	-0.089813	5.285814
474.555642	8159.970543	10.004519	-0.089943	5.288953
474.901077	8169.999055	10.009523	-0.090013	5.291970
475.905008	8179.677850	10.014528	-0.090204	5.294880
476.620385	8188.657905	10.019533	-0.090341	5.297579
477.355781	8197.341287	10.024538	-0.090482	5.300187
477.934112	8205.421730	10.029543	-0.090593	5.302613
478.583183	8213.181387	10.034547	-0.090717	5.304941
479.312104	8220.472014	10.039552	-0.090856	5.307128
479.872777	8227.384590	10.044557	-0.090963	5.309200
480.316451	8233.791496	10.049562	-0.091049	5.311120
480.860194	8240.015377	10.054567	-0.091153	5.312985
481.417069	8245.839127	10.059571	-0.091259	5.314728
481.666240	8251.328792	10.064576	-0.091308	5.316372
482.202167	8256.580549	10.069581	-0.091410	5.317944
482.679156	8261.635623	10.074586	-0.091501	5.319456
482.937664	8266.155395	10.079591	-0.091551	5.320808
483.137674	8270.711790	10.084595	-0.091590	5.322170
483.627016	8275.065094	10.089600	-0.091683	5.323471
483.972369	8279.085037	10.094605	-0.091749	5.324673
484.304108	8282.867684	10.099610	-0.091812	5.325803
484.608773	8286.414945	10.104615	-0.091870	5.326862
484.810717	8289.879153	10.109619	-0.091909	5.327897
485.080731	8293.162264	10.114624	-0.091961	5.328877
485.390192	8296.255770	10.119629	-0.092019	5.329801
485.514444	8298.989710	10.124634	-0.092044	5.330617
485.949395	8301.722607	10.129639	-0.092125	5.331432
486.197166	8304.173115	10.134643	-0.092172	5.332164
486.404247	8306.538101	10.139648	-0.092211	5.332869
486.623143	8308.723451	10.144653	-0.092253	5.333521
486.799959	8310.842015	10.149658	-0.092286	5.334153
487.034625	8312.778844	10.154663	-0.092330	5.334731
487.286304	8314.326521	10.159667	-0.092377	5.335192
487.459331	8316.081459	10.164672	-0.092410	5.335715
487.561199	8317.442739	10.169677	-0.092429	5.336121
487.803809	8318.948956	10.174682	-0.092475	5.336570
488.011474	8320.229041	10.179687	-0.092513	5.336952
487.990025	8321.311797	10.184691	-0.092510	5.337274
488.359280	8322.475158	10.189696	-0.092578	5.337621
488.407962	8323.200028	10.194701	-0.092587	5.337837
488.366010	8324.194938	10.199706	-0.092580	5.338134
488.583873	8325.140266	10.204711	-0.092620	5.338415
488.884901	8325.830263	10.209715	-0.092676	5.338621
488.908996	8326.171814	10.214720	-0.092680	5.338722
488.934911	8327.087450	10.219725	-0.092685	5.338995
489.037341	8327.236462	10.224730	-0.092703	5.339040
489.167611	8328.118895	10.229735	-0.092728	5.339302
489.338368	8328.326763	10.234739	-0.092759	5.339364
489.424871	8328.352122	10.239744	-0.092774	5.339372
489.573931	8328.302207	10.244749	-0.092801	5.339357
489.623201	8328.327472	10.249754	-0.092810	5.339364
489.664683	8328.338049	10.254759	-0.092817	5.339367
489.940823	8328.328270	10.259763	-0.092868	5.339364
490.032229	8328.315925	10.264768	-0.092884	5.339360
490.060455	8328.315992	10.269773	-0.092889	5.339360
490.138455	8328.364379	10.274778	-0.092903	5.339375
490.196767	8327.754772	10.279783	-0.092913	5.339193
490.233656	8327.241513	10.284787	-0.092919	5.339040
490.496244	8327.214932	10.289792	-0.092967	5.339032
490.569058	8326.221977	10.294797	-0.092980	5.338736
490.422803	8326.077040	10.299802	-0.092952	5.338693
490.442443	8325.128011	10.304807	-0.092955	5.338410
490.724242	8324.942249	10.309811	-0.093006	5.338355
490.849498	8324.096185	10.314816	-0.093028	5.338102
490.925192	8323.201855	10.319821	-0.093041	5.337836
490.967647	8322.479254	10.324826	-0.093048	5.337620
490.985077	8321.704255	10.329831	-0.093051	5.337389
490.963128	8320.847506	10.334835	-0.093046	5.337134
491.057454	8319.882165	10.339840	-0.093062	5.336846
491.248483	8318.831234	10.344845	-0.093096	5.336533
491.389865	8317.874480	10.349850	-0.093121	5.336247
491.167334	8316.676109	10.354855	-0.093079	5.335890
491.233365	8315.788393	10.359859	-0.093090	5.335625
491.364520	8314.743829	10.364864	-0.093113	5.335314
491.480146	8313.657411	10.369869	-0.093133	5.334990
491.628149	8312.418294	10.374874	-0.093160	5.334620
491.515266	8311.143092	10.379879	-0.093138	5.334240
491.640964	8309.920840	10.384883	-0.093160	5.333875
491.490597	8308.670859	10.389888	-0.093131	5.333502
491.520895	8307.421358	10.394893	-0.093135	5.333130
491.558189	8306.140566	10.399898	-0.093141	5.332747
491.757325	8304.895775	10.404903	-0.093176	5.332376
491.862978	8303.546241	10.409907	-0.093194	5.331973
491.897532	8301.964406	10.414912	-0.093199	5.331501
491.885741	8300.516518	10.419917	-0.093196	5.331069
491.829489	8299.074937	10.424922	-0.093184	5.330639
491.888167	8297.694361	10.429927	-0.093194	5.330227
491.894454	8296.449752	10.434931	-0.093194	5.329855
491.960268	8294.820494	10.439936	-0.093204	5.329369
492.113269	8293.323298	10.444941	-0.093231	5.328922
491.990662	8291.685610	10.449946	-0.093207	5.328433
492.008966	8290.205155	10.454951	-0.093209	5.327991
492.074415	8288.574366	10.459955	-0.093220	5.327504
492.177029	8287.067133	10.464960	-0.093237	5.327054
492.017842	8285.275282	10.469965	-0.093206	5.326518
492.037030	8283.814171	10.474970	-0.093208	5.326082
492.228218	8282.079659	10.479975	-0.093242	5.325564
492.275262	8280.574961	10.484979	-0.093249	5.325114
492.116555	8278.871548	10.489984	-0.093219	5.324605
492.079191	8277.168494	10.494989	-0.093210	5.324096
492.219733	8275.674796	10.499994	-0.093235	5.323650
492.349628	8273.765469	10.504999	-0.093257	5.323079
492.382409	8272.042110	10.510003	-0.093262	5.322564
492.374804	8270.252024	10.515008	-0.093259	5.322029
492.483604	8268.391266	10.520013	-0.093277	5.321473
492.421642	8266.501240	10.525018	-0.093264	5.320908
492.236992	8264.795009	10.530023	-0.093229	5.320397
492.427797	8263.227212	10.535027	-0.093262	5.319928
492.407824	8261.281429	10.540032	-0.093257	5.319347
492.414467	8259.446522	10.545037	-0.093257	5.318798
492.458604	8257.657765	10.550042	-0.093263	5.318263
492.355031	8255.910766	10.555047	-0.093243	5.317740
492.405626	8253.944997	10.560051	-0.093250	5.317152
492.383124	8252.173417	10.565056	-0.093245	5.316622
492.414547	8250.385376	10.570061	-0.093249	5.316087
492.498488	8248.589218	10.575066	-0.093263	5.315549
492.420502	8246.855670	10.580071	-0.093247	5.315030
492.553841	8244.901393	10.585075	-0.093270	5.314445
492.489107	8243.001383	10.590080	-0.093256	5.313876
492.466128	8241.170427	10.595085	-0.093250	5.313328
492.370220	8239.397989	10.600090	-0.093231	5.312797
492.200947	8237.523529	10.605095	-0.093198	5.312236
492.248504	8235.859968	10.610099	-0.093206	5.311738
492.351340	8234.171582	10.615104	-0.093223	5.311232
492.429148	8232.283252	10.620109	-0.093236	5.310666
492.260571	8230.688822	10.625114	-0.093203	5.310188
492.325109	8229.075916	10.630119	-0.093214	5.309705
492.386846	8227.104773	10.635123	-0.093224	5.309115
492.483360	8225.288028	10.640128	-0.093240	5.308570
492.444786	8223.433911	10.645133	-0.093231	5.308014
492.580935	8221.657126	10.650138	-0.093255	5.307482
492.424864	8219.749199	10.655143	-0.093224	5.306910
492.556270	8217.787432	10.660147	-0.093247	5.306322
492.541569	8215.877891	10.665152	-0.093242	5.305749
492.395012	8214.153831	10.670157	-0.093214	5.305232
492.559455	8212.359225	10.675162	-0.093243	5.304694
492.511658	8210.462758	10.680167	-0.093232	5.304125
492.542569	8208.387509	10.685171	-0.093236	5.303502
492.600796	8206.553916	10.690176	-0.093245	5.302952
492.371180	8204.653911	10.695181	-0.093201	5.302382
492.432794	8202.910179	10.700186	-0.093211	5.301859
492.288341	8201.041795	10.705191	-0.093183	5.301298
492.399460	8199.273452	10.710195	-0.093202	5.300768
492.422873	8197.696657	10.715200	-0.093205	5.300294
492.454135	8195.835055	10.720205	-0.093209	5.299735
492.497702	8193.909175	10.725210	-0.093215	5.299157
492.400240	8192.037600	10.730215	-0.093196	5.298595
492.448121	8190.253520	10.735219	-0.093203	5.298059
492.470752	8188.465467	10.740224	-0.093206	5.297523
492.351520	8186.609043	10.745229	-0.093182	5.296965
492.533053	8184.700745	10.750234	-0.093214	5.296392
492.244503	8182.944556	10.755239	-0.093159	5.295864
492.385496	8181.383717	10.760243	-0.093184	5.295395
492.522827	8179.527937	10.765248	-0.093207	5.294838
492.559808	8177.547730	10.770253	-0.093213	5.294243
492.643492	8175.600957	10.775258	-0.093226	5.293657
492.438835	8173.727272	10.780263	-0.093187	5.293094
492.348490	8171.924350	10.785267	-0.093169	5.292552
492.176227	8170.190211	10.790272	-0.093136	5.292031
492.445680	8168.416484	10.795277	-0.093184	5.291498
492.371214	8166.690933	10.800282	-0.093168	5.290979
492.277804	8165.005020	10.805287	-0.093150	5.290472
492.186606	8163.367023	10.810291	-0.093131	5.289979
492.475005	8161.627146	10.815296	-0.093183	5.289456
492.282074	8159.792369	10.820301	-0.093146	5.288904
492.403572	8157.994865	10.825306	-0.093167	5.288363
492.404311	8156.226705	10.830311	-0.093165	5.287831
492.335424	8154.406919	10.835315	-0.093151	5.287284
492.455444	8152.593355	10.840320	-0.093172	5.286738
492.305539	8150.753292	10.845325	-0.093142	5.286184
492.339787	8149.168372	10.850330	-0.093147	5.285707
492.218137	8147.544363	10.855335	-0.093123	5.285218
492.360213	8145.665105	10.860339	-0.093148	5.284652
492.498649	8143.885582	10.865344	-0.093172	5.284117
492.350562	8142.100368	10.870349	-0.093143	5.283579
492.399180	8140.302654	10.875354	-0.093151	5.283038
492.411927	8138.434683	10.880359	-0.093151	5.282475
492.509791	8136.595815	10.885363	-0.093168	5.281921
492.326580	8134.842506	10.890368	-0.093132	5.281393
492.313049	8133.020752	10.895373	-0.093128	5.280844
492.271732	8131.445827	10.900378	-0.093119	5.280370
492.160610	8129.914665	10.905383	-0.093098	5.279908
492.111323	8128.064481	10.910387	-0.093087	5.279351
492.114247	8126.589384	10.915392	-0.093086	5.278906
492.237776	8124.875997	10.920397	-0.093107	5.278390
492.242671	8123.189890	10.925402	-0.093107	5.277881
492.099599	8121.572540	10.930407	-0.093079	5.277394
492.038586	8119.862019	10.935411	-0.093066	5.276878
492.147960	8118.449554	10.940416	-0.093085	5.276452
492.115251	8116.644048	10.945421	-0.093077	5.275908
492.235412	8115.221462	10.950426	-0.093098	5.275479
492.151777	8113.557152	10.955431	-0.093081	5.274977
492.050509	8111.876481	10.960435	-0.093061	5.274470
492.084568	8110.359229	10.965440	-0.093066	5.274012
491.968204	8108.753408	10.970445	-0.093043	5.273527
491.999399	8107.370944	10.975450	-0.093048	5.273110
492.070418	8105.752619	10.980455	-0.093059	5.272622
491.934549	8104.194860	10.985459	-0.093033	5.272152
492.113548	8102.729698	10.990464	-0.093065	5.271710
491.877225	8101.091751	10.995469	-0.093020	5.271215
491.991647	8099.674552	11.000474	-0.093039	5.270788
491.978423	8098.197756	11.005479	-0.093036	5.270342
491.989759	8096.636240	11.010483	-0.093036	5.269870
492.135064	8095.024936	11.015488	-0.093062	5.269384
491.892571	8093.468406	11.020493	-0.093015	5.268914
492.072270	8091.911067	11.025498	-0.093047	5.268444
491.972305	8090.488882	11.030503	-0.093027	5.268014
491.782915	8088.878915	11.035507	-0.092991	5.267528
491.948798	8087.586585	11.040512	-0.093020	5.267137
491.935215	8085.957874	11.045517	-0.093017	5.266645
491.995891	8084.492401	11.050522	-0.093026	5.266203
491.897437	8083.107002	11.055527	-0.093007	5.265784
491.712236	8081.733299	11.060531	-0.092972	5.265369
491.864716	8080.382626	11.065536	-0.092998	5.264961
491.901328	8078.847436	11.070541	-0.093004	5.264497
491.942119	8077.373311	11.075546	-0.093010	5.264051
491.896174	8075.893339	11.080551	-0.093000	5.263604
491.687909	8074.452135	11.085555	-0.092960	5.263168
491.828247	8073.193945	11.090560	-0.092985	5.262788
491.722403	8071.786778	11.095565	-0.092964	5.262362
491.777594	8070.344187	11.100570	-0.092973	5.261926
491.674268	8069.047720	11.105575	-0.092953	5.261534
491.626682	8067.760491	11.110579	-0.092943	5.261145
491.638554	8066.479386	11.115584	-0.092944	5.260757
491.727418	8065.293119	11.120589	-0.092959	5.260398
491.955439	8063.953779	11.125594	-0.093000	5.259994
491.922533	8062.352115	11.130599	-0.092992	5.259509
491.803884	8061.000579	11.135603	-0.092969	5.259100
491.714937	8059.637716	11.140608	-0.092951	5.258688
491.571899	8058.278222	11.145613	-0.092924	5.258276
491.807251	8057.021909	11.150618	-0.092966	5.257896
491.791719	8055.642639	11.155623	-0.092962	5.257479
491.783056	8054.134518	11.160627	-0.092959	5.257022
491.809005	8052.737817	11.165632	-0.092962	5.256600
491.912558	8051.457530	11.170637	-0.092980	5.256212
492.010442	8049.835995	11.175642	-0.092997	5.255721
491.954540	8048.563635	11.180647	-0.092985	5.255336
491.792125	8046.949385	11.185651	-0.092954	5.254847
491.842047	8045.662470	11.190656	-0.092962	5.254458
491.787327	8044.266710	11.195661	-0.092950	5.254035
491.923627	8042.670453	11.200666	-0.092974	5.253552
491.797790	8041.374124	11.205671	-0.092950	5.253159
491.592660	8040.019416	11.210675	-0.092911	5.252748
491.453826	8038.684184	11.215680	-0.092884	5.252344
491.376207	8037.575569	11.220685	-0.092868	5.252008
491.481458	8036.472585	11.225690	-0.092887	5.251674
491.553876	8035.249224	11.230695	-0.092899	5.251303
491.329719	8034.076431	11.235699	-0.092856	5.250948
491.416097	8033.215842	11.240704	-0.092871	5.250687
491.352842	8032.104447	11.245709	-0.092859	5.250350
491.423768	8030.987501	11.250714	-0.092871	5.250012
491.463683	8029.877945	11.255719	-0.092877	5.249675
491.483779	8028.577980	11.260723	-0.092879	5.249281
491.556202	8027.382974	11.265728	-0.092892	5.248919
491.517859	8026.132838	11.270733	-0.092883	5.248540
491.440278	8025.058000	11.275738	-0.092868	5.248214
491.273548	8023.955759	11.280743	-0.092836	5.247880
491.425522	8022.835942	11.285747	-0.092863	5.247540
491.512388	8021.675249	11.290752	-0.092878	5.247189
491.402291	8020.510221	11.295757	-0.092856	5.246835
491.513937	8019.247674	11.300762	-0.092876	5.246452
491.452167	8018.120718	11.305767	-0.092863	5.246111
491.385253	8017.070028	11.310771	-0.092850	5.245792
491.360564	8016.060412	11.315776	-0.092844	5.245486
491.361581	8014.897409	11.320781	-0.092843	5.245133
491.401047	8013.795053	11.325786	-0.092849	5.244798
491.321047	8012.700435	11.330791	-0.092834	5.244466
491.402449	8011.586735	11.335795	-0.092848	5.244128
491.407058	8010.441510	11.340800	-0.092847	5.243781
491.345681	8009.367614	11.345805	-0.092835	5.243455
491.402159	8008.262453	11.350810	-0.092844	5.243120
491.497023	8007.071823	11.355815	-0.092860	5.242759
491.473202	8005.819005	11.360819	-0.092855	5.242378
491.497718	8004.720366	11.365824	-0.092858	5.242045
491.346701	8003.563891	11.370829	-0.092829	5.241694
491.400964	8002.530067	11.375834	-0.092838	5.241380
491.269896	8001.408630	11.380839	-0.092813	5.241039
491.217412	8000.499804	11.385843	-0.092802	5.240763
491.278631	7999.624486	11.390848	-0.092813	5.240498
491.269825	7998.483200	11.395853	-0.092810	5.240151
491.376264	7997.388797	11.400858	-0.092828	5.239819
491.348986	7996.333066	11.405863	-0.092822	5.239498
491.409820	7995.209176	11.410867	-0.092832	5.239157
491.417079	7994.152403	11.415872	-0.092833	5.238836
491.424002	7992.967212	11.420877	-0.092833	5.238476
491.199768	7991.919801	11.425882	-0.092790	5.238158
491.354026	7990.857455	11.430887	-0.092818	5.237835
491.325535	7989.696284	11.435891	-0.092811	5.237482
491.448164	7988.636260	11.440896	-0.092833	5.237160
491.336569	7987.519790	11.445901	-0.092811	5.236821
491.420364	7986.403556	11.450906	-0.092826	5.236482
491.281936	7985.340782	11.455911	-0.092799	5.236159
491.291260	7984.298991	11.460915	-0.092800	5.235842
491.203166	7983.469323	11.465920	-0.092782	5.235590
491.175271	7982.408297	11.470925	-0.092776	5.235268
491.424129	7981.345052	11.475930	-0.092821	5.234945
491.439380	7980.170976	11.480935	-0.092823	5.234588
491.201578	7979.081332	11.485939	-0.092778	5.234256
491.194181	7978.124210	11.490944	-0.092775	5.233965
491.319243	7977.080266	11.495949	-0.092797	5.233648
491.199621	7976.120696	11.500954	-0.092774	5.233356
491.244598	7975.091619	11.505959	-0.092782	5.233043
491.025807	7974.166515	11.510963	-0.092740	5.232762
491.158584	7973.261370	11.515968	-0.092764	5.232487
491.092141	7972.316147	11.520973	-0.092751	5.232199
491.180783	7971.370242	11.525978	-0.092766	5.231912
491.145980	7970.360304	11.530983	-0.092758	5.231605
491.103669	7969.376124	11.535987	-0.092750	5.231305
491.113006	7968.538529	11.540992	-0.092750	5.231050
491.027720	7967.768143	11.545997	-0.092734	5.230816
491.074112	7966.936605	11.551002	-0.092741	5.230563
491.332802	7965.923454	11.556007	-0.092788	5.230255
491.071058	7964.879031	11.561011	-0.092739	5.229937
491.203031	7963.946649	11.566016	-0.092762	5.229654
491.013562	7963.086696	11.571021	-0.092726	5.229392
491.055821	7962.211283	11.576026	-0.092733	5.229125
491.039129	7961.231557	11.581031	-0.092729	5.228827
491.027478	7960.353428	11.586035	-0.092726	5.228560
491.037076	7959.457798	11.591040	-0.092727	5.228287
491.059259	7958.642164	11.596045	-0.092730	5.228039
490.906135	7957.868481	11.601050	-0.092701	5.227804
490.917306	7957.125805	11.606055	-0.092702	5.227577
491.109382	7956.122753	11.611059	-0.092736	5.227272
491.223224	7955.195018	11.616064	-0.092756	5.226990
491.256940	7954.086218	11.621069	-0.092761	5.226653
491.121264	7953.187554	11.626074	-0.092735	5.226379
491.080847	7952.162325	11.631079	-0.092727	5.226067
491.077480	7951.441501	11.636083	-0.092725	5.225847
491.246478	7950.568066	11.641088	-0.092756	5.225582
491.064602	7949.539629	11.646093	-0.092721	5.225268
491.069900	7948.616905	11.651098	-0.092721	5.224987
490.921370	7947.891865	11.656103	-0.092693	5.224766
490.840684	7947.063993	11.661107	-0.092677	5.224514
491.005997	7946.169264	11.666112	-0.092706	5.224242
491.075545	7945.320183	11.671117	-0.092718	5.223983
491.059462	7944.452121	11.676122	-0.092714	5.223719
491.053625	7943.592249	11.681127	-0.092712	5.223457
491.084316	7942.677909	11.686131	-0.092717	5.223178
491.143022	7941.809582	11.691136	-0.092727	5.222914
491.081460	7940.772861	11.696141	-0.092715	5.222598
491.103026	7939.833102	11.701146	-0.092718	5.222312
491.088425	7938.905885	11.706151	-0.092714	5.222029
491.072556	7938.007413	11.711155	-0.092710	5.221755
491.084400	7937.105765	11.716160	-0.092711	5.221481
490.902974	7936.337377	11.721165	-0.092677	5.221246
491.135930	7935.529876	11.726170	-0.092719	5.221000
490.945266	7934.886589	11.731175	-0.092683	5.220804
491.018353	7933.861850	11.736179	-0.092695	5.220492
491.100309	7932.934425	11.741184	-0.092709	5.220209
491.045824	7931.992444	11.746189	-0.092698	5.219922
491.012623	7931.216311	11.751194	-0.092691	5.219685
490.947001	7930.337984	11.756199	-0.092678	5.219417
490.999392	7929.517414	11.761203	-0.092687	5.219167
490.975449	7928.685023	11.766208	-0.092682	5.218914
490.881726	7927.681045	11.771213	-0.092663	5.218607
490.923210	7927.126878	11.776218	-0.092670	5.218438
490.970751	7926.255293	11.781223	-0.092678	5.218173
490.977327	7925.419819	11.786227	-0.092678	5.217918
491.055234	7924.588072	11.791232	-0.092692	5.217664
490.939206	7923.571161	11.796237	-0.092669	5.217354
490.907215	7922.886517	11.801242	-0.092663	5.217145
491.066358	7922.058517	11.806247	-0.092691	5.216893
491.116464	7921.106309	11.811251	-0.092699	5.216603
491.046212	7920.308376	11.816256	-0.092685	5.216359
491.069312	7919.443414	11.821261	-0.092689	5.216095
491.035609	7918.629998	11.826266	-0.092682	5.215847
490.882992	7917.654605	11.831271	-0.092653	5.215549
490.953156	7916.929695	11.836275	-0.092665	5.215328
490.707983	7916.377554	11.841280	-0.092619	5.215159
490.808251	7915.424345	11.846285	-0.092636	5.214869
490.793442	7914.704123	11.851290	-0.092633	5.214649
490.850527	7914.126743	11.856295	-0.092642	5.214473
490.945561	7913.363977	11.861299	-0.092659	5.214240
490.905868	7912.328896	11.866304	-0.092651	5.213924
490.714062	7911.634415	11.871309	-0.092614	5.213712
490.752257	7911.170796	11.876314	-0.092621	5.213571
490.906960	7910.340288	11.881319	-0.092648	5.213317
490.764930	7909.470689	11.886323	-0.092621	5.213052
490.839494	7908.923037	11.891328	-0.092634	5.212885
490.906640	7908.272145	11.896333	-0.092646	5.212686
490.947737	7907.247115	11.901338	-0.092652	5.212373
490.891455	7906.541810	11.906343	-0.092641	5.212158
490.852982	7905.729051	11.911347	-0.092633	5.211910
490.688443	7905.186042	11.916352	-0.092602	5.211744
490.864843	7904.301481	11.921357	-0.092634	5.211474
490.796278	7903.580018	11.926362	-0.092620	5.211253
490.669860	7903.129895	11.931367	-0.092596	5.211116
490.754520	7902.320635	11.936371	-0.092611	5.210869
490.911921	7901.758377	11.941376	-0.092639	5.210697
490.794066	7901.060845	11.946381	-0.092617	5.210484
490.704881	7900.284450	11.951386	-0.092599	5.210247
490.761757	7899.572607	11.956391	-0.092609	5.210030
490.854238	7898.946436	11.961395	-0.092625	5.209839
490.777706	7898.261034	11.966400	-0.092610	5.209629
490.738827	7897.280033	11.971405	-0.092602	5.209329
490.859306	7896.778461	11.976410	-0.092623	5.209176
490.819771	7896.174681	11.981415	-0.092615	5.208992
490.822126	7895.111781	11.986419	-0.092615	5.208667
490.865010	7894.595428	11.991424	-0.092622	5.208510
490.814769	7893.948875	11.996429	-0.092612	5.208312
490.781137	7893.085606	12.001434	-0.092605	5.208048
490.697776	7892.354513	12.006439	-0.092589	5.207825
490.848716	7891.777268	12.011443	-0.092616	5.207648
490.775079	7891.081931	12.016448	-0.092601	5.207436
490.680873	7890.169137	12.021453	-0.092583	5.207157
490.681931	7889.811558	12.026458	-0.092582	5.207047
490.765102	7889.033567	12.031463	-0.092597	5.206810
490.789884	7888.246793	12.036467	-0.092601	5.206570
490.883681	7887.682301	12.041472	-0.092617	5.206397
490.582414	7887.012109	12.046477	-0.092561	5.206192
490.734640	7886.326747	12.051482	-0.092588	5.205983
490.691771	7886.004263	12.056487	-0.092579	5.205884
490.795237	7885.075143	12.061491	-0.092598	5.205600
490.868654	7884.299466	12.066496	-0.092610	5.205363
490.867603	7883.657079	12.071501	-0.092609	5.205167
490.736344	7883.034975	12.076506	-0.092584	5.204976
490.653447	7882.039839	12.081511	-0.092568	5.204672
490.764515	7881.637795	12.086515	-0.092588	5.204549
490.747529	7880.948643	12.091520	-0.092584	5.204339
490.753978	7880.104160	12.096525	-0.092584	5.204080
490.716425	7879.568364	12.101530	-0.092576	5.203916
490.649853	7878.896985	12.106535	-0.092563	5.203711
490.657547	7878.193489	12.111539	-0.092564	5.203496
490.699988	7877.846096	12.116544	-0.092571	5.203390
490.535993	7876.808940	12.121549	-0.092540	5.203072
490.468576	7876.701193	12.126554	-0.092527	5.203039
490.423928	7875.867477	12.131559	-0.092518	5.202784
490.625443	7875.648704	12.136563	-0.092554	5.202718
490.626974	7874.757564	12.141568	-0.092554	5.202445
490.491989	7874.422663	12.146573	-0.092528	5.202342
490.722026	7873.765825	12.151578	-0.092570	5.202142
490.658038	7873.023221	12.156583	-0.092557	5.201915
490.647256	7872.658939	12.161587	-0.092555	5.201803
490.725340	7871.777642	12.166592	-0.092568	5.201534
490.564751	7871.270509	12.171597	-0.092538	5.201378
490.596902	7870.764121	12.176602	-0.092543	5.201223
490.586491	7870.162114	12.181607	-0.092540	5.201039
490.716316	7869.921430	12.186611	-0.092564	5.200966
490.753662	7868.819120	12.191616	-0.092569	5.200629
490.500690	7868.538222	12.196621	-0.092522	5.200542
490.605431	7867.875303	12.201626	-0.092541	5.200340
490.520092	7867.283098	12.206631	-0.092524	5.200158
490.567416	7866.769581	12.211635	-0.092532	5.200001
490.592482	7866.125642	12.216640	-0.092536	5.199804
490.516637	7865.782366	12.221645	-0.092521	5.199699
490.665400	7864.924391	12.226650	-0.092548	5.199437
490.490924	7864.702202	12.231655	-0.092515	5.199368
490.659016	7863.637066	12.236659	-0.092545	5.199043
490.778719	7863.279220	12.241664	-0.092567	5.198933
490.733695	7862.714441	12.246669	-0.092557	5.198760
490.651426	7861.751128	12.251674	-0.092541	5.198465
490.525679	7861.543951	12.256679	-0.092518	5.198402
490.652738	7860.652673	12.261683	-0.092540	5.198129
490.451264	7860.322639	12.266688	-0.092502	5.198028
490.554458	7859.588646	12.271693	-0.092520	5.197803
490.582623	7859.160135	12.276698	-0.092525	5.197672
490.593606	7858.588985	12.281703	-0.092526	5.197497
490.614629	7857.905612	12.286707	-0.092529	5.197288
490.666518	7857.597300	12.291712	-0.092538	5.197194
490.561852	7856.557974	12.296717	-0.092518	5.196875
490.419831	7856.502918	12.301722	-0.092491	5.196858
490.390642	7855.567127	12.306727	-0.092485	5.196572
490.501793	7855.572466	12.311731	-0.092505	5.196573
490.534658	7854.657693	12.316736	-0.092510	5.196293
490.478336	7854.483770	12.321741	-0.092499	5.196240
490.433912	7853.735784	12.326746	-0.092490	5.196011
490.495366	7853.700696	12.331751	-0.092501	5.196000
490.401453	7852.750234	12.336755	-0.092483	5.195709
490.396046	7852.646307	12.341760	-0.092481	5.195677
490.551201	7851.926530	12.346765	-0.092509	5.195457
490.378327	7851.611787	12.351770	-0.092477	5.195360
490.350907	7851.056461	12.356775	-0.092471	5.195190
490.416378	7850.518828	12.361779	-0.092482	5.195026
490.457664	7850.257608	12.366784	-0.092489	5.194946
490.314119	7849.560475	12.371789	-0.092462	5.194732
490.441526	7849.581989	12.376794	-0.092485	5.194739
490.528733	7848.533630	12.381799	-0.092500	5.194418
490.475382	7848.447404	12.386803	-0.092490	5.194391
490.412995	7847.582624	12.391808	-0.092477	5.194126
490.374599	7847.491199	12.396813	-0.092470	5.194098
490.357794	7846.855427	12.401818	-0.092466	5.193903
490.300961	7846.482883	12.406823	-0.092455	5.193789
490.389375	7846.284557	12.411827	-0.092471	5.193728
490.640179	7845.552101	12.416832	-0.092516	5.193505
490.552937	7845.166562	12.421837	-0.092499	5.193386
490.579254	7844.454139	12.426842	-0.092503	5.193168
490.533160	7843.936887	12.431847	-0.092494	5.193009
490.553424	7843.406935	12.436851	-0.092497	5.192847
490.648259	7842.804112	12.441856	-0.092514	5.192663
490.404290	7842.404518	12.446861	-0.092468	5.192540
490.418204	7841.739167	12.451866	-0.092470	5.192336
490.367842	7841.378919	12.456871	-0.092460	5.192225
490.375461	7841.097708	12.461875	-0.092461	5.192139
490.387336	7840.410013	12.466880	-0.092462	5.191928
490.256688	7840.403870	12.471885	-0.092438	5.191926
490.451534	7839.515188	12.476890	-0.092473	5.191654
490.434476	7839.321793	12.481895	-0.092469	5.191595
490.270803	7838.758729	12.486899	-0.092438	5.191422
490.457866	7838.403902	12.491904	-0.092472	5.191314
490.238582	7838.300648	12.496909	-0.092431	5.191281
490.306500	7837.537278	12.501914	-0.092443	5.191048
490.340620	7837.577778	12.506919	-0.092449	5.191060
490.249676	7836.982660	12.511923	-0.092431	5.190877
490.439619	7836.474057	12.516928	-0.092466	5.190722
490.420095	7836.288864	12.521933	-0.092461	5.190665
490.466801	7835.384184	12.526938	-0.092469	5.190388
490.374550	7835.408319	12.531943	-0.092452	5.190395
490.659713	7834.398014	12.536947	-0.092503	5.190086
490.729590	7834.065531	12.541952	-0.092515	5.189984
490.657989	7833.333946	12.546957	-0.092501	5.189760
490.603249	7832.641976	12.551962	-0.092491	5.189547
490.549163	7832.375633	12.556967	-0.092480	5.189466
490.431466	7831.425577	12.561971	-0.092457	5.189174
490.580999	7831.302276	12.566976	-0.092484	5.189137
490.343908	7830.429551	12.571981	-0.092440	5.188868
490.511939	7830.317311	12.576986	-0.092470	5.188834
490.469046	7829.585678	12.581991	-0.092462	5.188610
490.422927	7829.313218	12.586995	-0.092452	5.188526
490.460740	7828.659394	12.592000	-0.092459	5.188326
490.469998	7828.215509	12.597005	-0.092460	5.188190
490.337027	7827.761534	12.602010	-0.092434	5.188050
490.574336	7827.248734	12.607015	-0.092477	5.187893
490.458933	7826.784473	12.612019	-0.092456	5.187751
490.628692	7826.187740	12.617024	-0.092486	5.187568
490.448753	7825.655817	12.622029	-0.092452	5.187404
490.338310	7825.241436	12.627034	-0.092431	5.187277
490.412841	7824.940637	12.632039	-0.092444	5.187185
490.243310	7824.133901	12.637043	-0.092412	5.186937
490.534515	7824.162183	12.642048	-0.092465	5.186946
490.305870	7823.193123	12.647053	-0.092422	5.186649
490.226971	7823.141855	12.652058	-0.092407	5.186633
490.317915	7823.065857	12.657063	-0.092424	5.186610
490.360670	7822.125275	12.662067	-0.092431	5.186321
490.551486	7822.144151	12.667072	-0.092465	5.186327
490.242363	7821.285739	12.672077	-0.092407	5.186063
490.209508	7821.333836	12.677082	-0.092401	5.186078
490.480718	7820.938966	12.682087	-0.092450	5.185957
490.299783	7820.181362	12.687091	-0.092416	5.185725
490.440953	7820.175182	12.692096	-0.092442	5.185723
490.240943	7819.196990	12.697101	-0.092404	5.185422
490.290442	7819.187460	12.702106	-0.092413	5.185420
490.412728	7818.818219	12.707111	-0.092435	5.185306
490.382570	7818.154141	12.712115	-0.092428	5.185103
490.437059	7818.067253	12.717120	-0.092438	5.185076
490.250686	7817.156225	12.722125	-0.092402	5.184796
490.425889	7817.156888	12.727130	-0.092434	5.184797
490.411802	7816.412388	12.732135	-0.092431	5.184568
490.291563	7816.101072	12.737139	-0.092408	5.184472
490.342860	7815.869776	12.742144	-0.092417	5.184401
490.364805	7815.076224	12.747149	-0.092420	5.184158
490.322482	7815.090817	12.752154	-0.092412	5.184162
490.377052	7814.401804	12.757159	-0.092421	5.183951
490.368566	7814.136425	12.762163	-0.092419	5.183869
490.271437	7813.879895	12.767168	-0.092401	5.183790
490.352023	7813.054440	12.772173	-0.092415	5.183537
490.334794	7813.087139	12.777178	-0.092411	5.183547
490.431394	7812.330747	12.782183	-0.092428	5.183315
490.457982	7812.077323	12.787187	-0.092432	5.183238
490.348264	7811.399917	12.792192	-0.092411	5.183029
490.214986	7811.002376	12.797197	-0.092386	5.182907
490.212387	7811.031904	12.802202	-0.092385	5.182916
490.323175	7810.351752	12.807207	-0.092405	5.182707
490.275955	7809.942359	12.812211	-0.092396	5.182582
490.444968	7809.792555	12.817216	-0.092426	5.182536
490.302895	7808.994511	12.822221	-0.092399	5.182291
490.117181	7809.027549	12.827226	-0.092365	5.182300
490.321256	7808.714784	12.832231	-0.092402	5.182205
490.300218	7807.929032	12.837235	-0.092397	5.181963
490.393868	7807.955741	12.842240	-0.092414	5.181972
490.456074	7807.160198	12.847245	-0.092424	5.181728
490.498525	7806.958570	12.852250	-0.092432	5.181666
490.528420	7806.104371	12.857255	-0.092436	5.181404
490.380536	7805.896172	12.862259	-0.092408	5.181339
490.311936	7805.392526	12.867264	-0.092395	5.181185
490.343787	7805.074102	12.872269	-0.092400	5.181087
490.385637	7804.848106	12.877274	-0.092408	5.181017
490.394001	7804.075510	12.882279	-0.092408	5.180780
490.389479	7804.050152	12.887283	-0.092407	5.180772
490.350822	7803.214959	12.892288	-0.092399	5.180516
490.313915	7803.002846	12.897293	-0.092392	5.180451
490.366530	7802.669050	12.902298	-0.092401	5.180348
490.318598	7801.969178	12.907303	-0.092391	5.180133
490.490465	7801.880374	12.912307	-0.092422	5.180106
490.316459	7801.006770	12.917312	-0.092389	5.179837
490.198126	7801.007763	12.922317	-0.092367	5.179837
490.099389	7801.023839	12.927322	-0.092348	5.179842
490.304393	7799.960169	12.932327	-0.092385	5.179516
490.435992	7799.905237	12.937331	-0.092409	5.179499
490.191900	7799.450994	12.942336	-0.092363	5.179359
490.216582	7798.974216	12.947341	-0.092367	5.179213
490.042412	7799.008194	12.952346	-0.092335	5.179223
490.277719	7798.967646	12.957351	-0.092378	5.179211
490.300795	7797.901541	12.962355	-0.092381	5.178883
490.230178	7797.904178	12.967360	-0.092367	5.178884
490.334577	7797.649302	12.972365	-0.092386	5.178806
490.246008	7796.908326	12.977370	-0.092369	5.178578
490.152381	7796.917251	12.982375	-0.092351	5.178580
490.284243	7796.536172	12.987379	-0.092375	5.178464
490.334010	7795.901787	12.992384	-0.092383	5.178269
490.237639	7795.878225	12.997389	-0.092365	5.178261
490.096589	7795.342992	13.002394	-0.092339	5.178097
490.363267	7794.912051	13.007399	-0.092387	5.177965
490.276939	7794.849804	13.012403	-0.092371	5.177945
490.493273	7794.218147	13.017408	-0.092410	5.177752
490.457894	7793.859856	13.022413	-0.092403	5.177642
490.371185	7793.117006	13.027418	-0.092386	5.177413
490.412348	7792.786538	13.032423	-0.092393	5.177312
490.374519	7792.535974	13.037427	-0.092385	5.177235
490.405659	7791.822663	13.042432	-0.092390	5.177015
490.446752	7791.675052	13.047437	-0.092397	5.176970
490.293495	7790.775434	13.052442	-0.092368	5.176693
490.239771	7790.778953	13.057447	-0.092358	5.176694
490.218991	7790.559762	13.062451	-0.092353	5.176627
490.293236	7789.804531	13.067456	-0.092366	5.176395
490.370302	7789.802879	13.072461	-0.092380	5.176394
490.321112	7789.203095	13.077466	-0.092370	5.176210
490.528591	7788.960659	13.082471	-0.092408	5.176136
490.409755	7788.538199	13.087475	-0.092385	5.176006
490.314061	7787.923624	13.092480	-0.092367	5.175817
490.493127	7787.732218	13.097485	-0.092399	5.175758
490.377741	7786.832500	13.102490	-0.092377	5.175481
490.323945	7786.841101	13.107495	-0.092367	5.175484
490.253315	7786.075085	13.112499	-0.092353	5.175248
490.456804	7785.867238	13.117504	-0.092390	5.175185
490.411534	7785.460480	13.122509	-0.092381	5.175059
490.447182	7784.790070	13.127514	-0.092387	5.174853
490.379258	7784.646497	13.132519	-0.092374	5.174809
490.234703	7783.712687	13.137523	-0.092346	5.174522
490.351797	7783.759414	13.142528	-0.092367	5.174536
490.209119	7783.294667	13.147533	-0.092340	5.174393
490.245479	7782.795905	13.152538	-0.092346	5.174240
490.173543	7782.782330	13.157543	-0.092333	5.174235
490.200085	7782.378079	13.162547	-0.092337	5.174111
490.152806	7781.762311	13.167552	-0.092327	5.173921
490.131151	7781.744244	13.172557	-0.092323	5.173916
490.256741	7781.710692	13.177562	-0.092346	5.173906
490.265849	7780.833585	13.182567	-0.092347	5.173636
490.373566	7780.792067	13.187571	-0.092366	5.173624
490.378905	7780.288570	13.192576	-0.092366	5.173469
490.209958	7779.704387	13.197581	-0.092334	5.173289
490.375526	7779.688756	13.202586	-0.092364	5.173284
490.314901	7779.013322	13.207591	-0.092352	5.173076
490.296656	7778.706982	13.212595	-0.092349	5.172982
490.096340	7778.750357	13.217600	-0.092311	5.172995
490.312541	7777.844199	13.222605	-0.092350	5.172717
490.081674	7777.676746	13.227610	-0.092307	5.172665
490.152344	7777.656864	13.232615	-0.092320	5.172659
490.300099	7777.096403	13.237619	-0.092346	5.172487
490.369814	7776.675669	13.242624	-0.092358	5.172357
490.210407	7776.668963	13.247629	-0.092329	5.172355
490.183604	7775.806643	13.252634	-0.092323	5.172089
490.005239	7775.635716	13.257639	-0.092289	5.172036
490.211940	7775.641024	13.262643	-0.092327	5.172039
490.215310	7775.407620	13.267648	-0.092327	5.171967
490.138330	7774.624952	13.272653	-0.092312	5.171726
490.196563	7774.602135	13.277658	-0.092322	5.171719
490.259442	7774.627982	13.282663	-0.092334	5.171727
490.309546	7773.706240	13.287667	-0.092342	5.171444
490.315322	7773.659534	13.292672	-0.092343	5.171429
490.291154	7773.454809	13.297677	-0.092338	5.171366
490.300537	7772.857141	13.302682	-0.092339	5.171182
490.284124	7772.839041	13.307687	-0.092335	5.171177
490.176649	7772.141988	13.312691	-0.092314	5.170962
490.256107	7771.751722	13.317696	-0.092328	5.170842
490.295283	7771.726031	13.322701	-0.092335	5.170834
490.449770	7770.970907	13.327706	-0.092363	5.170602
490.320029	7770.784399	13.332711	-0.092338	5.170544
490.276784	7770.507854	13.337715	-0.092330	5.170459
490.226623	7769.720112	13.342720	-0.092320	5.170217
490.169147	7769.706440	13.347725	-0.092309	5.170212
490.168923	7769.708489	13.352730	-0.092308	5.170213
490.204423	7768.752657	13.357735	-0.092314	5.169919
490.213945	7768.725204	13.362739	-0.092315	5.169910
490.213603	7768.745512	13.367744	-0.092315	5.169917
490.088759	7767.854051	13.372749	-0.092291	5.169642
490.138671	7767.684239	13.377754	-0.092300	5.169590
490.195794	7767.675633	13.382759	-0.092310	5.169587
490.100173	7767.471624	13.387763	-0.092292	5.169524
490.144538	7766.658844	13.392768	-0.092299	5.169274
490.190978	7766.631063	13.397773	-0.092307	5.169266
490.218355	7766.616637	13.402778	-0.092312	5.169261
490.237786	7765.859898	13.407783	-0.092314	5.169028
490.189473	7765.667660	13.412787	-0.092305	5.168969
490.291068	7765.694149	13.417792	-0.092323	5.168977
490.204392	7764.808599	13.422797	-0.092306	5.168705
490.201748	7764.657541	13.427802	-0.092305	5.168658
490.099314	7764.670650	13.432807	-0.092286	5.168662
489.996289	7764.582356	13.437811	-0.092267	5.168634
490.118400	7763.667612	13.442816	-0.092288	5.168353
489.726303	7763.679278	13.447821	-0.092216	5.168356
490.114404	7763.627124	13.452826	-0.092287	5.168341
490.193432	7763.654823	13.457831	-0.092301	5.168349
490.142891	7763.300391	13.462835	-0.092291	5.168240
490.267358	7762.586453	13.467840	-0.092313	5.168021
490.173006	7762.576171	13.472845	-0.092295	5.168017
490.353089	7762.248068	13.477850	-0.092328	5.167917
490.285075	7761.565316	13.482855	-0.092315	5.167706
490.080903	7761.516490	13.487859	-0.092277	5.167691
490.272999	7761.191337	13.492864	-0.092311	5.167591
490.087034	7760.581684	13.497869	-0.092276	5.167403
490.101243	7760.576505	13.502874	-0.092279	5.167401
490.143916	7760.580192	13.507879	-0.092286	5.167402
490.220152	7759.934726	13.512883	-0.092299	5.167204
490.182269	7759.506256	13.517888	-0.092292	5.167072
490.089803	7759.531447	13.522893	-0.092274	5.167079
490.140400	7759.481331	13.527898	-0.092283	5.167064
490.205523	7758.595754	13.532903	-0.092294	5.166791
490.007095	7758.570212	13.537907	-0.092257	5.166783
490.223507	7758.570284	13.542912	-0.092297	5.166784
490.194311	7758.007964	13.547917	-0.092291	5.166610
490.159486	7757.494370	13.552922	-0.092283	5.166452
490.003382	7757.512035	13.557927	-0.092254	5.166457
489.955035	7757.478031	13.562931	-0.092245	5.166446
490.241236	7757.320345	13.567936	-0.092297	5.166399
490.114520	7756.627192	13.572941	-0.092273	5.166185
490.214675	7756.641497	13.577946	-0.092291	5.166190
490.206586	7756.665917	13.582951	-0.092289	5.166197
490.027457	7755.580018	13.587955	-0.092255	5.165862
490.277796	7755.586860	13.592960	-0.092301	5.165865
490.303398	7755.565359	13.597965	-0.092305	5.165858
490.282365	7754.748678	13.602970	-0.092301	5.165607
490.202782	7754.621730	13.607975	-0.092285	5.165567
490.026758	7754.611207	13.612979	-0.092253	5.165564
490.359114	7754.060896	13.617984	-0.092313	5.165395
490.197546	7753.531366	13.622989	-0.092283	5.165231
490.436315	7753.441015	13.627994	-0.092326	5.165204
490.067197	7752.593200	13.632999	-0.092257	5.164942
490.115757	7752.579597	13.638003	-0.092266	5.164938
490.265156	7752.627889	13.643008	-0.092293	5.164953
490.327431	7751.916981	13.648013	-0.092304	5.164734
490.358305	7751.501258	13.653018	-0.092309	5.164606
490.334334	7751.419423	13.658023	-0.092304	5.164581
490.117193	7750.521682	13.663027	-0.092263	5.164304
490.244279	7750.603606	13.668032	-0.092286	5.164329
490.187008	7750.576799	13.673037	-0.092275	5.164321
490.283479	7749.648837	13.678042	-0.092292	5.164035
490.034067	7749.498188	13.683047	-0.092245	5.163988
490.107743	7749.496508	13.688051	-0.092258	5.163988
490.126016	7749.450765	13.693056	-0.092261	5.163974
490.290863	7748.583013	13.698061	-0.092291	5.163707
490.167501	7748.583169	13.703066	-0.092268	5.163707
490.240271	7748.479173	13.708071	-0.092281	5.163675
490.238341	7747.474237	13.713075	-0.092279	5.163365
490.205646	7747.506979	13.718080	-0.092273	5.163375
490.193023	7747.480777	13.723085	-0.092270	5.163367
490.339688	7746.513004	13.728090	-0.092296	5.163069
490.109851	7746.472631	13.733095	-0.092253	5.163056
490.142194	7746.402451	13.738099	-0.092259	5.163034
490.265724	7745.817845	13.743104	-0.092281	5.162855
490.157325	7745.483600	13.748109	-0.092260	5.162751
490.131462	7745.486901	13.753114	-0.092255	5.162752
490.131406	7745.293453	13.758119	-0.092255	5.162693
490.060116	7744.385586	13.763123	-0.092241	5.162413
490.135271	7744.400091	13.768128	-0.092254	5.162417
490.082601	7744.419850	13.773133	-0.092244	5.162423
490.200394	7744.211126	13.778138	-0.092265	5.162359
490.163719	7743.443770	13.783143	-0.092258	5.162122
490.150138	7743.389226	13.788147	-0.092255	5.162106
490.180008	7743.388964	13.793152	-0.092260	5.162106
490.269985	7742.618424	13.798157	-0.092275	5.161868
490.127988	7742.408122	13.803162	-0.092249	5.161803
490.180376	7742.390430	13.808167	-0.092258	5.161798
490.271862	7741.835625	13.813171	-0.092274	5.161627
490.164132	7741.432601	13.818176	-0.092254	5.161502
489.936051	7741.419591	13.823181	-0.092211	5.161498
489.966007	7741.395022	13.828186	-0.092216	5.161490
490.174879	7741.281669	13.833191	-0.092254	5.161456
490.148137	7740.566000	13.838195	-0.092249	5.161235
490.262971	7740.622650	13.843200	-0.092269	5.161253
490.225914	7740.586566	13.848205	-0.092262	5.161242
490.034096	7739.508983	13.853210	-0.092226	5.160909
490.205766	7739.549898	13.858215	-0.092257	5.160922
490.244150	7739.538414	13.863219	-0.092264	5.160919
490.307744	7738.784497	13.868224	-0.092275	5.160686
490.154591	7738.449823	13.873229	-0.092246	5.160583
490.093030	7738.467642	13.878234	-0.092234	5.160588
490.335334	7738.187928	13.883239	-0.092278	5.160502
490.246602	7737.507407	13.888243	-0.092261	5.160292
490.270766	7737.532507	13.893248	-0.092265	5.160300
490.286476	7736.838867	13.898253	-0.092267	5.160086
490.171540	7736.466415	13.903258	-0.092245	5.159971
490.313372	7736.468114	13.908263	-0.092271	5.159972
490.161429	7736.001876	13.913267	-0.092242	5.159828
490.137982	7735.490893	13.918272	-0.092237	5.159670
490.224876	7735.436426	13.923277	-0.092253	5.159654
490.234123	7735.174170	13.928282	-0.092254	5.159573
490.252024	7734.445177	13.933287	-0.092257	5.159348
490.088535	7734.439683	13.938291	-0.092226	5.159346
490.249257	7734.357178	13.943296	-0.092255	5.159321
490.182704	7733.398253	13.948301	-0.092242	5.159025
490.318124	7733.385834	13.953306	-0.092267	5.159021
490.161796	7733.421775	13.958311	-0.092237	5.159032
490.113906	7732.487018	13.963315	-0.092228	5.158744
490.145759	7732.450294	13.968320	-0.092233	5.158732
490.184598	7732.444878	13.973325	-0.092240	5.158731
490.075791	7732.269839	13.978330	-0.092219	5.158676
490.161858	7731.392553	13.983335	-0.092234	5.158406
490.071852	7731.381299	13.988339	-0.092217	5.158402
490.102300	7731.382037	13.993344	-0.092222	5.158403
490.180414	7731.175852	13.998349	-0.092236	5.158339
490.061196	7730.355260	14.003354	-0.092213	5.158086
489.929117	7730.438533	14.008359	-0.092189	5.158111
489.953197	7730.413019	14.013363	-0.092193	5.158103
490.042103	7730.462777	14.018368	-0.092209	5.158119
490.251211	7729.897088	14.023373	-0.092247	5.157945
490.134604	7729.339638	14.028378	-0.092224	5.157773
490.112461	7729.354040	14.033383	-0.092220	5.157777
489.960581	7729.316071	14.038387	-0.092192	5.157765
490.035724	7729.304229	14.043392	-0.092205	5.157761
490.105441	7728.392851	14.048397	-0.092217	5.157480
490.101690	7728.388860	14.053402	-0.092216	5.157479
490.157673	7728.417679	14.058407	-0.092226	5.157488
490.072711	7728.343648	14.063411	-0.092210	5.157465
490.041829	7727.333131	14.068416	-0.092203	5.157153
490.174625	7727.328819	14.073421	-0.092227	5.157152
490.216402	7727.316290	14.078426	-0.092234	5.157149
490.414247	7726.775085	14.083431	-0.092270	5.156982
490.169266	7726.332318	14.088435	-0.092224	5.156845
490.021439	7726.345925	14.093440	-0.092197	5.156848
490.103648	7726.372459	14.098445	-0.092211	5.156857
490.125372	7725.373688	14.103450	-0.092214	5.156549
490.218250	7725.349528	14.108455	-0.092231	5.156542
490.081446	7725.331667	14.113459	-0.092205	5.156536
490.001941	7725.286941	14.118464	-0.092190	5.156522
490.003179	7724.537301	14.123469	-0.092190	5.156290
489.899531	7724.534292	14.128474	-0.092170	5.156289
489.918986	7724.543226	14.133479	-0.092174	5.156292
489.931315	7724.515811	14.138483	-0.092175	5.156283
490.113548	7724.535286	14.143488	-0.092209	5.156290
490.116129	7724.196382	14.148493	-0.092208	5.156185
490.110393	7723.397291	14.153498	-0.092206	5.155939
490.033252	7723.432464	14.158503	-0.092192	5.155949
490.025732	7723.401199	14.163507	-0.092190	5.155940
489.987681	7723.420814	14.168512	-0.092183	5.155946
490.121842	7722.914742	14.173517	-0.092207	5.155790
490.068669	7722.392323	14.178522	-0.092196	5.155628
490.121223	7722.476793	14.183527	-0.092206	5.155655
490.064507	7722.442981	14.188531	-0.092195	5.155644
489.962558	7722.394442	14.193536	-0.092176	5.155629
489.906111	7721.393650	14.198541	-0.092164	5.155320
489.804229	7721.400746	14.203546	-0.092145	5.155322
489.840229	7721.389284	14.208551	-0.092151	5.155318
490.086820	7721.377764	14.213555	-0.092196	5.155315
489.983729	7721.397010	14.218560	-0.092177	5.155321
490.077357	7721.400151	14.223565	-0.092194	5.155322
490.027014	7720.901016	14.228570	-0.092184	5.155168
490.164912	7720.416216	14.233575	-0.092209	5.155019
490.192188	7720.385625	14.238579	-0.092213	5.155009
490.279205	7720.296792	14.243584	-0.092229	5.154982
490.196594	7719.370209	14.248589	-0.092213	5.154696
490.126563	7719.371935	14.253594	-0.092199	5.154696
490.278360	7719.371461	14.258599	-0.092227	5.154696
490.240895	7718.335264	14.263603	-0.092219	5.154376
490.130457	7718.335371	14.268608	-0.092198	5.154376
490.218214	7718.321373	14.273613	-0.092214	5.154372
490.128072	7717.798459	14.278618	-0.092197	5.154210
490.303234	7717.380109	14.283623	-0.092228	5.154082
490.069407	7717.374369	14.288627	-0.092185	5.154079
490.186661	7717.094128	14.293632	-0.092206	5.153993
490.161629	7716.299616	14.298637	-0.092200	5.153748
489.944164	7716.309898	14.303642	-0.092160	5.153750
490.120802	7716.324333	14.308647	-0.092192	5.153755
490.199367	7716.110217	14.313651	-0.092206	5.153689
490.190675	7715.293345	14.318656	-0.092203	5.153437
490.281386	7715.342001	14.323661	-0.092220	5.153452
490.082204	7715.334915	14.328666	-0.092183	5.153450
490.104595	7714.297366	14.333671	-0.092186	5.153129
489.952184	7714.274651	14.338675	-0.092157	5.153122
490.019270	7714.294219	14.343680	-0.092169	5.153128
490.108753	7714.286265	14.348685	-0.092185	5.153126
489.997943	7714.301552	14.353690	-0.092165	5.153130
490.148773	7713.264800	14.358695	-0.092191	5.152810
490.144152	7713.282054	14.363699	-0.092190	5.152816
490.242892	7713.247720	14.368704	-0.092208	5.152805
490.131133	7712.712051	14.373709	-0.092187	5.152640
490.209607	7712.300849	14.378714	-0.092200	5.152513
489.986832	7712.300081	14.383719	-0.092159	5.152512
490.050830	7712.294402	14.388723	-0.092170	5.152510
490.033102	7711.962018	14.393728	-0.092167	5.152408
489.997144	7711.216387	14.398733	-0.092159	5.152177
490.028979	7711.229228	14.403738	-0.092165	5.152181
490.018315	7711.322353	14.408743	-0.092162	5.152210
490.054118	7711.247211	14.413747	-0.092168	5.152187
490.024586	7711.239443	14.418752	-0.092163	5.152185
490.068557	7710.284815	14.423757	-0.092170	5.151890
489.876936	7710.311032	14.428762	-0.092134	5.151897
489.908023	7710.310739	14.433767	-0.092139	5.151897
489.953733	7710.309287	14.438771	-0.092147	5.151897
490.011519	7710.322874	14.443776	-0.092158	5.151901
489.968394	7710.295029	14.448781	-0.092149	5.151893
489.908314	7709.407207	14.453786	-0.092137	5.151618
489.866146	7709.274240	14.458791	-0.092129	5.151577
489.905045	7709.266792	14.463795	-0.092136	5.151575
490.049787	7709.254229	14.468800	-0.092162	5.151571
490.033428	7709.280694	14.473805	-0.092159	5.151579
489.915612	7709.240469	14.478810	-0.092137	5.151567
490.062091	7709.141977	14.483815	-0.092163	5.151537
490.010327	7708.402700	14.488819	-0.092153	5.151308
490.116080	7708.406700	14.493824	-0.092172	5.151310
490.129321	7708.405576	14.498829	-0.092174	5.151309
490.012454	7708.396677	14.503834	-0.092152	5.151306
490.092205	7707.641948	14.508839	-0.092166	5.151073
490.014950	7707.337551	14.513843	-0.092151	5.150979
490.238784	7707.305987	14.518848	-0.092192	5.150970
490.201570	7707.284154	14.523853	-0.092185	5.150963
489.976792	7706.359771	14.528858	-0.092142	5.150677
490.068636	7706.357845	14.533863	-0.092159	5.150677
490.111452	7706.336208	14.538867	-0.092166	5.150670
490.008967	7706.378706	14.543872	-0.092147	5.150683
489.986585	7706.237480	14.548877	-0.092142	5.150639
489.997693	7705.289535	14.553882	-0.092143	5.150346
490.172915	7705.299892	14.558887	-0.092175	5.150350
490.094677	7705.256252	14.563891	-0.092161	5.150336
490.156883	7705.277868	14.568896	-0.092172	5.150343
490.021588	7704.346629	14.573901	-0.092146	5.150055
490.092972	7704.348951	14.578906	-0.092159	5.150056
490.084094	7704.357146	14.583911	-0.092156	5.150058
490.106283	7704.341784	14.588915	-0.092160	5.150054
490.109829	7703.717341	14.593920	-0.092160	5.149861
490.070523	7703.272193	14.598925	-0.092152	5.149723
490.193066	7703.246709	14.603930	-0.092174	5.149716
490.124973	7703.254501	14.608935	-0.092161	5.149718
490.190865	7702.420325	14.613939	-0.092173	5.149460
490.243632	7702.296547	14.618944	-0.092182	5.149422
490.263568	7702.304446	14.623949	-0.092185	5.149425
490.100152	7701.386803	14.628954	-0.092154	5.149141
490.232272	7701.260194	14.633959	-0.092178	5.149102
490.132660	7701.254170	14.638963	-0.092159	5.149100
490.251417	7700.834736	14.643968	-0.092180	5.148970
490.174217	7700.336518	14.648973	-0.092166	5.148816
490.084080	7700.332418	14.653978	-0.092149	5.148815
490.124005	7700.349201	14.658983	-0.092156	5.148820
490.125143	7699.657254	14.663987	-0.092155	5.148606
490.083480	7699.278910	14.668992	-0.092147	5.148489
490.142210	7699.265193	14.673997	-0.092157	5.148485
490.107674	7699.264561	14.679002	-0.092150	5.148485
489.945744	7698.658183	14.684007	-0.092120	5.148297
490.046240	7698.250110	14.689011	-0.092138	5.148171
490.027081	7698.274571	14.694016	-0.092134	5.148178
490.072931	7698.248867	14.699021	-0.092142	5.148171
489.971133	7698.202470	14.704026	-0.092123	5.148156
490.043732	7697.908829	14.709031	-0.092135	5.148065
490.149718	7697.253267	14.714035	-0.092154	5.147863
490.054989	7697.274471	14.719040	-0.092136	5.147869
490.043265	7697.263504	14.724045	-0.092134	5.147866
489.859355	7697.251295	14.729050	-0.092099	5.147861
489.998603	7696.982227	14.734055	-0.092125	5.147779
489.903607	7696.201539	14.739059	-0.092106	5.147537
490.105461	7696.214610	14.744064	-0.092143	5.147542
489.926376	7696.230633	14.749069	-0.092110	5.147546
489.901359	7696.189508	14.754074	-0.092105	5.147533
490.054232	7696.258634	14.759079	-0.092132	5.147555
489.955449	7695.916313	14.764083	-0.092114	5.147449
490.080364	7695.240431	14.769088	-0.092136	5.147241
490.020680	7695.221887	14.774093	-0.092124	5.147235
490.083637	7695.211154	14.779098	-0.092136	5.147231
490.085511	7695.263669	14.784103	-0.092136	5.147248
490.222132	7694.468530	14.789107	-0.092160	5.147002
490.093108	7694.185132	14.794112	-0.092136	5.146914
490.079618	7694.179235	14.799117	-0.092133	5.146912
490.137084	7694.178657	14.804122	-0.092143	5.146912
490.221260	7693.326558	14.809127	-0.092157	5.146649
490.025400	7693.264004	14.814131	-0.092121	5.146629
490.111597	7693.241920	14.819136	-0.092136	5.146623
490.154797	7693.127389	14.824141	-0.092144	5.146587
490.033995	7692.394614	14.829146	-0.092121	5.146360
490.092254	7692.349599	14.834151	-0.092131	5.146347
490.046899	7692.353125	14.839155	-0.092122	5.146348
490.166175	7692.337761	14.844160	-0.092144	5.146343
490.032555	7691.337604	14.849165	-0.092118	5.146034
489.916930	7691.336821	14.854170	-0.092097	5.146033
490.062710	7691.330264	14.859175	-0.092123	5.146031
489.986000	7691.303831	14.864179	-0.092109	5.146023
490.208543	7691.203582	14.869184	-0.092149	5.145993
490.114413	7690.254569	14.874189	-0.092131	5.145699
490.210804	7690.225309	14.879194	-0.092148	5.145690
490.033271	7690.266571	14.884199	-0.092115	5.145702
490.107369	7690.087122	14.889203	-0.092128	5.145647
490.258304	7689.318312	14.894208	-0.092155	5.145410
490.165429	7689.324360	14.899213	-0.092138	5.145411
490.029049	7689.291497	14.904218	-0.092112	5.145401
490.026591	7688.717149	14.909223	-0.092111	5.145223
489.934031	7688.233612	14.914227	-0.092093	5.145073
490.033017	7688.279023	14.919232	-0.092111	5.145088
489.998453	7688.226919	14.924237	-0.092104	5.145071
489.988733	7688.233100	14.929242	-0.092102	5.145073
489.973008	7688.230259	14.934247	-0.092099	5.145072
490.028269	7687.407028	14.939251	-0.092108	5.144818
489.966656	7687.201789	14.944256	-0.092096	5.144754
490.001352	7687.199425	14.949261	-0.092102	5.144754
489.894915	7687.191489	14.954266	-0.092082	5.144751
490.012235	7687.219541	14.959271	-0.092104	5.144760
490.034988	7687.179956	14.964275	-0.092107	5.144748
490.087076	7686.221560	14.969280	-0.092116	5.144451
490.024418	7686.220228	14.974285	-0.092104	5.144451
490.003452	7686.231575	14.979290	-0.092100	5.144454

490.034357	7685.628720	14.984295	-0.092105	5.144268
489.976756	7684.892599	14.989299	-0.092093	5.144040
489.969951	7683.754320	14.994304	-0.092091	5.143688
489.908042	7682.413883	14.999309	-0.092078	5.143273
489.945399	7680.669909	15.004314	-0.092083	5.142733
489.962696	7678.535905	15.009319	-0.092085	5.142073
489.922095	7676.344295	15.014323	-0.092076	5.141395
490.038123	7673.629852	15.019328	-0.092095	5.140555
489.895866	7670.625226	15.024333	-0.092066	5.139624
489.948091	7667.325649	15.029338	-0.092073	5.138603
490.015261	7663.637489	15.034343	-0.092083	5.137461
489.832839	7659.746344	15.039347	-0.092046	5.136255
489.899974	7655.429206	15.044352	-0.092056	5.134917
489.685045	7651.043863	15.049357	-0.092013	5.133557
489.582400	7646.228504	15.054362	-0.091990	5.132064
489.589706	7641.385120	15.059367	-0.091988	5.130562
489.281528	7636.042690	15.064371	-0.091927	5.128903
489.376575	7630.656081	15.069376	-0.091941	5.127232
489.221052	7624.895084	15.074381	-0.091908	5.125443
489.087746	7618.830294	15.079386	-0.091879	5.123560
488.916172	7612.683834	15.084391	-0.091843	5.121649
488.963829	7606.282912	15.089395	-0.091847	5.119660
488.920940	7599.399653	15.094400	-0.091835	5.117520
488.646324	7592.517176	15.099405	-0.091779	5.115379
488.558786	7585.277179	15.104410	-0.091758	5.113125
488.490431	7577.737354	15.109415	-0.091740	5.110778
488.190445	7569.933442	15.114419	-0.091679	5.108346
488.283284	7562.076096	15.119424	-0.091691	5.105898
488.181243	7553.778557	15.124429	-0.091666	5.103311
488.001180	7545.363240	15.129434	-0.091627	5.100686
487.978082	7536.628139	15.134439	-0.091617	5.097959
487.824866	7527.709611	15.139443	-0.091582	5.095174
487.627990	7518.557875	15.144448	-0.091540	5.092314
487.348037	7509.309710	15.149453	-0.091482	5.089422
487.072091	7499.903214	15.154458	-0.091424	5.086478
487.169197	7490.150777	15.159463	-0.091435	5.083426
486.822208	7480.318067	15.164467	-0.091364	5.080346
486.825353	7470.164496	15.169472	-0.091358	5.077164
486.704439	7459.732524	15.174477	-0.091329	5.073893
486.475358	7449.229442	15.179482	-0.091279	5.070596
486.401938	7438.445568	15.184487	-0.091258	5.067210
486.443406	7427.288646	15.189491	-0.091258	5.063705
486.080407	7416.048697	15.194496	-0.091183	5.060169
485.835740	7404.658122	15.199501	-0.091130	5.056584
485.519738	7393.101496	15.204506	-0.091064	5.052944
485.516144	7381.436171	15.209511	-0.091056	5.049268
485.198498	7369.464046	15.214515	-0.090989	5.045492
485.158398	7357.371629	15.219520	-0.090973	5.041676
484.810032	7345.027996	15.224525	-0.090900	5.037776
484.658926	7332.546428	15.229530	-0.090864	5.033830
484.496794	7319.963449	15.234535	-0.090826	5.029849
484.236490	7307.090666	15.239539	-0.090769	5.025773
483.938002	7294.127739	15.244544	-0.090705	5.021664
483.762584	7281.066976	15.249549	-0.090664	5.017522
483.644272	7267.691498	15.254554	-0.090633	5.013277
483.439500	7254.247567	15.259559	-0.090586	5.009005
483.279816	7240.562054	15.264563	-0.090547	5.004654
483.099159	7226.712429	15.269568	-0.090504	5.000246
482.721685	7212.698835	15.274573	-0.090425	4.995781
482.505391	7198.638884	15.279578	-0.090376	4.991298
482.438596	7184.288296	15.284583	-0.090353	4.986720
482.120679	7169.762786	15.289587	-0.090285	4.982079
481.877171	7155.180109	15.294592	-0.090230	4.977416
481.652275	7140.457729	15.299597	-0.090179	4.972705
481.308587	7125.613724	15.304602	-0.090105	4.967949
481.193459	7110.572668	15.309607	-0.090074	4.963126
480.955657	7095.384760	15.314611	-0.090020	4.958251
480.775118	7080.001764	15.319616	-0.089976	4.953309
480.434579	7064.438068	15.324621	-0.089903	4.948303
480.179272	7048.767159	15.329626	-0.089845	4.943257
480.000439	7033.054430	15.334631	-0.089801	4.938194
479.729160	7017.154125	15.339635	-0.089740	4.933064
479.449734	7001.102595	15.344640	-0.089678	4.927879
479.227119	6985.012686	15.349645	-0.089626	4.922677
478.873270	6968.695424	15.354650	-0.089550	4.917395
478.765058	6952.368463	15.359655	-0.089519	4.912106
478.333897	6935.808720	15.364659	-0.089428	4.906733
478.126921	6919.179829	15.369664	-0.089379	4.901334
477.922002	6902.389823	15.374669	-0.089330	4.895876
477.592376	6885.562623	15.379674	-0.089257	4.890399
477.237892	6868.606726	15.384679	-0.089181	4.884873
477.024263	6851.481705	15.389683	-0.089130	4.879287
476.682029	6834.358109	15.394688	-0.089055	4.873694
476.317798	6817.075592	15.399693	-0.088976	4.868042
476.094078	6799.675894	15.404698	-0.088923	4.862347
475.843592	6782.222315	15.409703	-0.088865	4.856627
475.488608	6764.678446	15.414707	-0.088788	4.850869
475.150176	6746.993680	15.419712	-0.088714	4.845058
474.909414	6729.248692	15.424717	-0.088657	4.839222
474.749973	6711.335160	15.429722	-0.088616	4.833323
474.499297	6693.295956	15.434727	-0.088557	4.827375
474.101570	6675.142946	15.439731	-0.088472	4.821381
473.740143	6656.970152	15.444736	-0.088393	4.815373
473.338249	6638.812220	15.449741	-0.088306	4.809361
473.085271	6620.512372	15.454746	-0.088247	4.803297
472.878822	6602.086644	15.459751	-0.088197	4.797183
472.619733	6583.480602	15.464755	-0.088137	4.791001
472.144094	6564.807582	15.469760	-0.088036	4.784787
471.784947	6546.188068	15.474765	-0.087958	4.778583
471.471114	6527.471713	15.479770	-0.087887	4.772339
471.150295	6508.694399	15.484775	-0.087815	4.766067
470.963402	6489.804854	15.489779	-0.087768	4.759750
470.818004	6470.745225	15.494784	-0.087728	4.753368
470.406649	6451.497520	15.499789	-0.087640	4.746912
470.007972	6432.333546	15.504794	-0.087553	4.740474
469.879870	6413.043073	15.509799	-0.087517	4.733989
469.419371	6393.584817	15.514803	-0.087419	4.727434
469.235025	6374.159333	15.519808	-0.087372	4.720885
468.854077	6354.627958	15.524813	-0.087288	4.714287
468.413528	6334.952113	15.529818	-0.087194	4.707631
468.189574	6315.330211	15.534823	-0.087139	4.700987
467.624908	6295.644696	15.539827	-0.087022	4.694307
467.239498	6275.998087	15.544832	-0.086938	4.687632
467.060090	6256.242182	15.549837	-0.086891	4.680914
466.579044	6236.396879	15.554842	-0.086789	4.674152
466.461542	6216.495452	15.559847	-0.086754	4.667365
465.853645	6196.545544	15.564851	-0.086629	4.660545
465.719451	6176.557332	15.569856	-0.086590	4.653708
465.313785	6156.486151	15.574861	-0.086502	4.646829
464.985341	6136.356295	15.579866	-0.086428	4.639921
464.575036	6116.115832	15.584871	-0.086339	4.632963
464.180788	6095.828391	15.589875	-0.086252	4.625978
463.808093	6075.586425	15.594880	-0.086170	4.618999
463.516831	6055.367304	15.599885	-0.086103	4.612018
463.275997	6034.953859	15.604890	-0.086045	4.604960
462.972626	6014.476521	15.609895	-0.085975	4.597869
462.717181	5993.867816	15.614899	-0.085914	4.590721
462.263920	5973.211576	15.619904	-0.085817	4.583542
461.845908	5952.607146	15.624909	-0.085726	4.576370
461.336642	5931.971611	15.629914	-0.085618	4.569175
461.160950	5911.351589	15.634919	-0.085572	4.561979
460.681170	5890.616236	15.639923	-0.085469	4.554727
460.608248	5869.798615	15.644928	-0.085442	4.547440
460.112346	5848.890731	15.649933	-0.085336	4.540103
459.734422	5828.006052	15.654938	-0.085253	4.532764
459.470560	5807.069244	15.659943	-0.085190	4.525397
459.030761	5786.083436	15.664947	-0.085095	4.517997
458.721032	5765.072007	15.669952	-0.085023	4.510578
458.434509	5743.924823	15.674957	-0.084956	4.503100
457.912729	5722.788044	15.679962	-0.084846	4.495608
457.696681	5701.691550	15.684967	-0.084792	4.488123
457.136306	5680.498143	15.689971	-0.084674	4.480585
456.739811	5659.481447	15.694976	-0.084587	4.473100
456.345981	5638.333893	15.699981	-0.084500	4.465556
455.861046	5617.105867	15.704986	-0.084397	4.457968
455.664882	5595.951348	15.709991	-0.084346	4.450399
455.288991	5574.645070	15.714995	-0.084263	4.442759
454.850685	5553.367057	15.720000	-0.084168	4.435115
454.513987	5532.083291	15.725005	-0.084091	4.427457
454.078843	5510.698349	15.730010	-0.083997	4.419748
453.716501	5489.394670	15.735015	-0.083916	4.412055
453.409172	5467.970059	15.740019	-0.083845	4.404307
453.087657	5446.528272	15.745024	-0.083771	4.396538
452.673806	5425.024198	15.750029	-0.083680	4.388731
452.126470	5403.515840	15.755034	-0.083565	4.380905
451.889291	5382.114208	15.760039	-0.083507	4.373111
451.414235	5360.596346	15.765043	-0.083405	4.365255
451.108333	5339.090683	15.770048	-0.083334	4.357393
450.652336	5317.523099	15.775053	-0.083235	4.349490
450.174161	5295.981196	15.780058	-0.083133	4.341582
449.915696	5274.488754	15.785063	-0.083071	4.333683
449.463453	5252.893240	15.790067	-0.082973	4.325726
448.811751	5231.361950	15.795072	-0.082838	4.317774
448.671830	5209.800687	15.800077	-0.082798	4.309808
448.178601	5188.165609	15.805082	-0.082692	4.301791
447.842884	5166.628863	15.810087	-0.082616	4.293800
447.394650	5145.001069	15.815091	-0.082519	4.285756
447.014570	5123.428477	15.820096	-0.082434	4.277720
446.602617	5101.837780	15.825101	-0.082344	4.269661
446.237447	5080.190924	15.830106	-0.082262	4.261566
445.775013	5058.653538	15.835111	-0.082162	4.253495
445.421491	5036.970758	15.840115	-0.082083	4.245356
444.908862	5015.354465	15.845120	-0.081974	4.237223
444.414251	4993.861888	15.850125	-0.081868	4.229121
444.057020	4972.253862	15.855130	-0.081788	4.220963
443.661365	4950.734304	15.860135	-0.081700	4.212821
443.293485	4929.164276	15.865139	-0.081618	4.204645
442.882787	4907.563028	15.870144	-0.081528	4.196440
442.470377	4885.981601	15.875149	-0.081437	4.188226
442.120464	4864.400990	15.880154	-0.081358	4.179998
441.887263	4842.708071	15.885159	-0.081301	4.171714
441.568699	4820.965728	15.890163	-0.081227	4.163392
441.037510	4799.207172	15.895168	-0.081115	4.155041
440.569927	4777.509568	15.900173	-0.081014	4.146699
440.109482	4755.845080	15.905178	-0.080915	4.138352
439.900730	4734.165593	15.910183	-0.080862	4.129990
439.396415	4712.445657	15.915187	-0.080754	4.121586
438.880652	4690.787495	15.920192	-0.080644	4.113189
438.535348	4669.154500	15.925197	-0.080566	4.104789
437.965710	4647.543216	15.930202	-0.080447	4.096373
437.771185	4625.943781	15.935207	-0.080396	4.087956
437.293575	4604.280505	15.940211	-0.080294	4.079488
436.836281	4582.608575	15.945216	-0.080195	4.070999
436.528234	4560.976742	15.950221	-0.080124	4.062512
435.882629	4539.414250	15.955226	-0.079990	4.054025
435.583797	4517.857086	15.960231	-0.079920	4.045533
435.137089	4496.253966	15.965235	-0.079824	4.036999
434.778482	4474.638173	15.970240	-0.079743	4.028445
434.520501	4453.054627	15.975245	-0.079681	4.019889
433.693156	4431.496199	15.980250	-0.079514	4.011306
433.317213	4410.078202	15.985255	-0.079430	4.002775
433.004809	4388.524478	15.990259	-0.079358	3.994173
432.523214	4367.035532	15.995264	-0.079255	3.985574
432.130179	4345.598148	16.000269	-0.079168	3.976978
431.735439	4324.119054	16.005274	-0.079081	3.968348
431.266655	4302.728715	16.010279	-0.078980	3.959731
430.939901	4281.218449	16.015283	-0.078905	3.951052
430.437316	4259.800921	16.020288	-0.078798	3.942385
429.887264	4238.497293	16.025293	-0.078683	3.933744
429.476882	4217.178890	16.030298	-0.078593	3.925082
429.129278	4195.856794	16.035303	-0.078514	3.916401
428.848871	4174.465046	16.040307	-0.078448	3.907675
428.244363	4153.133828	16.045312	-0.078323	3.898943
427.931102	4131.842689	16.050317	-0.078251	3.890217
427.254050	4110.543569	16.055322	-0.078111	3.881456
426.933139	4089.385278	16.060327	-0.078038	3.872745
426.474072	4068.151212	16.065331	-0.077939	3.863978
425.952816	4047.030774	16.070336	-0.077829	3.855236
425.501669	4025.937715	16.075341	-0.077732	3.846487
425.201134	4004.717053	16.080346	-0.077662	3.837671
424.701121	3983.565758	16.085351	-0.077556	3.828856
424.258394	3962.472926	16.090355	-0.077460	3.820047
423.800864	3941.432004	16.095360	-0.077361	3.811238
423.447766	3920.425067	16.100365	-0.077282	3.802427
423.041411	3899.344130	16.105370	-0.077193	3.793563
422.575646	3878.310021	16.110375	-0.077093	3.784695
422.068704	3857.364129	16.115379	-0.076985	3.775841
421.779268	3836.410039	16.120384	-0.076918	3.766972
421.425509	3815.425304	16.125389	-0.076839	3.758066
421.027208	3794.358177	16.130394	-0.076751	3.749101
420.514983	3773.408611	16.135399	-0.076643	3.740161
420.015821	3752.523826	16.140403	-0.076537	3.731228
419.475068	3731.664981	16.145408	-0.076423	3.722282
419.065980	3710.919594	16.150413	-0.076334	3.713368
418.662810	3690.088993	16.155418	-0.076245	3.704397
418.271662	3669.340720	16.160423	-0.076159	3.695439
417.747115	3648.638318	16.165427	-0.076049	3.686474
417.294503	3627.829592	16.170432	-0.075951	3.677443
416.913446	3607.140398	16.175437	-0.075867	3.668445
416.468650	3586.471866	16.180442	-0.075771	3.659432
416.003088	3565.848843	16.185447	-0.075671	3.650414
415.633792	3545.248097	16.190451	-0.075589	3.641388
415.079030	3524.619210	16.195456	-0.075473	3.632320
414.621503	3504.179168	16.200461	-0.075375	3.623315
414.251787	3483.658788	16.205466	-0.075293	3.614256
413.705198	3463.203927	16.210471	-0.075179	3.605196
413.246011	3442.791110	16.215475	-0.075080	3.596135
412.857000	3422.393839	16.220480	-0.074995	3.587061
412.432682	3402.080082	16.225485	-0.074903	3.577999
411.794049	3381.748623	16.230490	-0.074772	3.568897
411.366168	3361.565127	16.235495	-0.074679	3.559847
411.122655	3341.286406	16.240499	-0.074621	3.550739
410.748380	3321.019688	16.245504	-0.074538	3.541607
410.167399	3300.844415	16.250509	-0.074418	3.532484
409.741437	3280.642756	16.255514	-0.074325	3.523331
409.134693	3260.525449	16.260519	-0.074200	3.514185
408.638877	3240.492389	16.265523	-0.074095	3.505057
408.373349	3220.453564	16.270528	-0.074033	3.495914
407.796940	3200.481620	16.275533	-0.073913	3.486763
407.432270	3180.521815	16.280538	-0.073832	3.477603
406.907785	3160.604364	16.285543	-0.073722	3.468431
406.486189	3140.752472	16.290547	-0.073631	3.459269
406.164468	3120.883758	16.295552	-0.073559	3.450079
405.700771	3101.022568	16.300557	-0.073460	3.440862
405.193652	3081.181361	16.305562	-0.073353	3.431627
404.834796	3061.388487	16.310567	-0.073273	3.422396
404.162395	3041.726029	16.315571	-0.073136	3.413186
403.806148	3022.070389	16.320576	-0.073057	3.403970
403.103473	3002.513311	16.325581	-0.072915	3.394757
402.809141	2982.976890	16.330586	-0.072847	3.385549
402.418786	2963.424949	16.335591	-0.072762	3.376304
401.971520	2943.946940	16.340595	-0.072667	3.367065
401.350281	2924.433938	16.345600	-0.072539	3.357776
401.000033	2905.041779	16.350605	-0.072461	3.348531
400.647057	2885.664609	16.355610	-0.072383	3.339268
400.051508	2866.321875	16.360615	-0.072260	3.329983
399.593161	2847.032917	16.365619	-0.072163	3.320705
399.112805	2827.796230	16.370624	-0.072061	3.311424
398.639742	2808.682942	16.375629	-0.071961	3.302178
398.322326	2789.485873	16.380634	-0.071890	3.292873
397.923717	2770.310030	16.385639	-0.071804	3.283547
397.424150	2751.165771	16.390643	-0.071699	3.274204
396.865828	2732.144598	16.395648	-0.071583	3.264892
396.438834	2713.153274	16.400653	-0.071491	3.255574
396.114462	2694.146703	16.405658	-0.071419	3.246228
395.645201	2675.178066	16.410663	-0.071319	3.236865
395.074046	2656.309867	16.415667	-0.071202	3.227518
394.612131	2637.464277	16.420672	-0.071104	3.218162
394.003278	2618.725970	16.425677	-0.070979	3.208823
393.633828	2600.084786	16.430682	-0.070898	3.199519
393.145367	2581.375856	16.435687	-0.070796	3.190147
392.517641	2562.820680	16.440691	-0.070667	3.180816
392.102572	2544.235700	16.445696	-0.070578	3.171454
391.516786	2525.839126	16.450701	-0.070458	3.162150
391.177157	2507.345753	16.455706	-0.070383	3.152784
390.575209	2488.973501	16.460711	-0.070260	3.143435
390.126472	2470.695510	16.465715	-0.070164	3.134116
389.680839	2452.408386	16.470720	-0.070070	3.124764
389.074446	2434.205859	16.475725	-0.069946	3.115417
388.682784	2416.067696	16.480730	-0.069862	3.106088
388.434243	2397.875262	16.485735	-0.069803	3.096712
387.713256	2379.784983	16.490739	-0.069658	3.087331
387.310987	2361.747131	16.495744	-0.069572	3.077968
386.841119	2343.780496	16.500749	-0.069473	3.068609
386.273102	2325.881586	16.505754	-0.069357	3.059250
385.842950	2308.058325	16.510759	-0.069265	3.049910
385.372441	2290.123088	16.515763	-0.069166	3.040481
384.953673	2272.323041	16.520768	-0.069077	3.031096
384.639041	2254.558717	16.525773	-0.069007	3.021707
383.985637	2236.832477	16.530778	-0.068875	3.012288
383.482612	2219.214951	16.535783	-0.068770	3.002906
383.142442	2201.594268	16.540787	-0.068696	2.993503
382.669941	2184.009434	16.545792	-0.068597	2.984081
382.214753	2166.515699	16.550797	-0.068501	2.974679
381.800550	2148.972863	16.555802	-0.068413	2.965224
381.295475	2131.514482	16.560807	-0.068308	2.955777
380.758646	2114.145779	16.565811	-0.068197	2.946347
380.236573	2096.834818	16.570816	-0.068089	2.936918
379.753678	2079.624859	16.575821	-0.067989	2.927516
379.194223	2062.399839	16.580826	-0.067874	2.918071
378.864575	2045.252158	16.585831	-0.067802	2.908652
378.203824	2028.197767	16.590835	-0.067668	2.899232
377.950706	2011.118262	16.595840	-0.067610	2.889795
377.549056	1994.050610	16.600845	-0.067524	2.880323
377.013412	1977.017875	16.605850	-0.067414	2.870830
376.560829	1960.071099	16.610855	-0.067319	2.861358
376.105905	1943.179502	16.615859	-0.067224	2.851886
375.569269	1926.350552	16.620864	-0.067114	2.842412
374.998775	1909.599798	16.625869	-0.066997	2.832947
374.418048	1892.933427	16.630874	-0.066879	2.823497
374.136679	1876.290595	16.635879	-0.066816	2.814050
373.715072	1859.650862	16.640883	-0.066727	2.804563
373.148612	1843.075822	16.645888	-0.066611	2.795070
372.685772	1826.569695	16.650893	-0.066515	2.785591
372.109350	1810.122082	16.655898	-0.066397	2.776105
371.754308	1793.738375	16.660903	-0.066321	2.766639
371.143078	1777.404969	16.665907	-0.066197	2.757151
370.682535	1761.131036	16.670912	-0.066101	2.747676
369.995884	1744.982755	16.675917	-0.065964	2.738223
369.455101	1728.871539	16.680922	-0.065853	2.728771
368.992482	1712.800947	16.685927	-0.065757	2.719315
368.402428	1696.886383	16.690931	-0.065638	2.709908
367.881854	1681.004630	16.695936	-0.065531	2.700493
367.443104	1665.199357	16.700941	-0.065439	2.691097
367.069573	1649.359127	16.705946	-0.065360	2.681652
366.618311	1633.594415	16.710951	-0.065266	2.672212
365.899149	1617.963195	16.715955	-0.065123	2.662797
365.476574	1602.360238	16.720960	-0.065034	2.653390
364.791308	1586.840949	16.725965	-0.064898	2.643977
364.136781	1571.450434	16.730970	-0.064767	2.634612
363.888718	1556.072649	16.735975	-0.064710	2.625254
363.184857	1540.799976	16.740979	-0.064570	2.615889
362.763709	1525.554130	16.745984	-0.064482	2.606530
362.261451	1510.365950	16.750989	-0.064379	2.597166
361.666404	1495.287295	16.755994	-0.064260	2.587827
361.033034	1480.291126	16.760999	-0.064133	2.578502
360.487952	1465.333598	16.766003	-0.064022	2.569175
360.059178	1450.347732	16.771008	-0.063933	2.559805
359.743166	1435.473507	16.776013	-0.063864	2.550481
359.147599	1420.652147	16.781018	-0.063745	2.541131
358.557764	1405.946246	16.786023	-0.063626	2.531820
357.986878	1391.288671	16.791027	-0.063511	2.522507
357.579620	1376.693062	16.796032	-0.063426	2.513212
356.985006	1362.191108	16.801037	-0.063306	2.503926
356.372808	1347.756004	16.806042	-0.063184	2.494646
356.038299	1333.345753	16.811047	-0.063112	2.485373
355.298409	1319.027281	16.816051	-0.062966	2.476087
354.976411	1304.740230	16.821056	-0.062897	2.466824
354.233944	1290.587458	16.826061	-0.062751	2.457575
353.565963	1276.548701	16.831066	-0.062618	2.448372
352.964132	1262.593055	16.836071	-0.062498	2.439194
352.770192	1248.621338	16.841075	-0.062452	2.430009
352.374061	1234.641137	16.846080	-0.062370	2.420765
351.671487	1220.789979	16.851085	-0.062231	2.411541
351.130134	1206.925918	16.856090	-0.062122	2.402289
350.622000	1193.192623	16.861095	-0.062019	2.393091
349.964942	1179.588835	16.866099	-0.061888	2.383929
349.567236	1165.976138	16.871104	-0.061806	2.374752
349.044898	1152.468447	16.876109	-0.061700	2.365597
348.571002	1138.944341	16.881114	-0.061604	2.356400
348.117050	1125.523559	16.886119	-0.061511	2.347239
347.396287	1112.198555	16.891123	-0.061369	2.338081
346.762541	1098.986603	16.896128	-0.061243	2.328973
346.303236	1085.774706	16.901133	-0.061150	2.319846
345.655464	1072.708525	16.906138	-0.061021	2.310765
344.999385	1059.721647	16.911143	-0.060892	2.301702
344.532122	1046.780986	16.916147	-0.060797	2.292655
344.069305	1033.870879	16.921152	-0.060703	2.283593
343.550480	1021.056482	16.926157	-0.060598	2.274556
342.894800	1008.306856	16.931162	-0.060469	2.265515
342.331110	995.656662	16.936167	-0.060356	2.256517
341.709849	983.042939	16.941171	-0.060233	2.247502
341.060110	970.535829	16.946176	-0.060105	2.238525
340.652379	958.100805	16.951181	-0.060021	2.229588
339.872423	945.742622	16.956186	-0.059869	2.220630
339.284191	933.536101	16.961191	-0.059752	2.211767
338.688761	921.357764	16.966195	-0.059634	2.202886
338.120001	909.245682	16.971200	-0.059521	2.194021
337.487469	897.260545	16.976205	-0.059396	2.185206
336.906632	885.327026	16.981210	-0.059281	2.176398
336.358555	873.460302	16.986215	-0.059172	2.167607
335.526005	861.718233	16.991219	-0.059011	2.158841
335.116174	850.006002	16.996224	-0.058927	2.150108
334.480224	838.392441	17.001229	-0.058802	2.141387
333.758470	826.890419	17.006234	-0.058661	2.132705
333.175425	815.450161	17.011239	-0.058546	2.124049
332.647708	804.082565	17.016243	-0.058441	2.115418
331.983298	792.815578	17.021248	-0.058310	2.106813
331.442500	781.618432	17.026253	-0.058203	2.098239
330.609524	770.471534	17.031258	-0.058042	2.089635
330.036441	759.423511	17.036263	-0.057929	2.081101
329.410103	748.523426	17.041267	-0.057806	2.072639
328.715064	737.684216	17.046272	-0.057670	2.064182
328.170210	726.904175	17.051277	-0.057563	2.055753
327.442156	716.240610	17.056282	-0.057421	2.047358
326.827636	705.636053	17.061287	-0.057301	2.038989
326.213660	695.116579	17.066291	-0.057180	2.030652
325.260747	684.763139	17.071296	-0.056997	2.022370
324.578950	674.510647	17.076301	-0.056865	2.014167
323.992876	664.291220	17.081306	-0.056750	2.005968
323.437591	654.156356	17.086311	-0.056640	1.997808
322.615813	644.124799	17.091315	-0.056482	1.989663
321.812295	634.245470	17.096320	-0.056327	1.981609
321.132719	624.446934	17.101325	-0.056195	1.973604
320.224193	614.798756	17.106330	-0.056021	1.965658
319.403398	605.249020	17.111335	-0.055863	1.957772
318.784457	595.795336	17.116339	-0.055743	1.949959
317.926710	586.440982	17.121344	-0.055578	1.942164
316.932906	577.298919	17.126349	-0.055389	1.934496
315.938765	568.296059	17.131354	-0.055199	1.926912
315.068470	559.400820	17.136359	-0.055033	1.919404
313.934803	550.714008	17.141363	-0.054818	1.912006
312.959693	542.166891	17.146368	-0.054632	1.904717
311.961012	533.776390	17.151373	-0.054442	1.897528
310.968895	525.542672	17.156378	-0.054254	1.890445
310.007515	517.423172	17.161383	-0.054071	1.883437
309.021503	509.482621	17.166387	-0.053884	1.876551
307.738418	501.762178	17.171392	-0.053642	1.869788
306.822424	494.164137	17.176397	-0.053468	1.863154
305.636519	486.743823	17.181402	-0.053244	1.856613
304.392177	479.558416	17.186407	-0.053010	1.850243
303.111483	472.548723	17.191411	-0.052769	1.843999
301.830300	465.742921	17.196416	-0.052528	1.837910
300.616763	459.172544	17.201421	-0.052300	1.832015
299.295225	452.788854	17.206426	-0.052052	1.826250
298.333742	446.547868	17.211431	-0.051870	1.820642
297.417093	440.403806	17.216435	-0.051697	1.815108
296.221413	434.447676	17.221440	-0.051473	1.809683
295.390912	428.563555	17.226445	-0.051315	1.804358
294.324109	422.849294	17.231450	-0.051115	1.799133
293.484397	417.253641	17.236455	-0.050956	1.794032
292.583962	411.739182	17.241459	-0.050786	1.788980
291.560186	406.353631	17.246464	-0.050594	1.784011
290.918697	401.025587	17.251469	-0.050472	1.779135
290.015144	395.783869	17.256474	-0.050301	1.774285
289.071688	390.666730	17.261479	-0.050124	1.769529
288.157597	385.669619	17.266483	-0.049952	1.764873
287.346283	380.747205	17.271488	-0.049799	1.760287
286.807750	375.845282	17.276493	-0.049696	1.755747
285.722272	371.120107	17.281498	-0.049493	1.751277
284.921320	366.433576	17.286503	-0.049342	1.746873
284.240450	361.841149	17.291507	-0.049213	1.742561
283.322104	357.339144	17.296512	-0.049040	1.738286
282.613483	352.894589	17.301517	-0.048906	1.734085
281.637162	348.557256	17.306522	-0.048723	1.729933
281.109672	344.241898	17.311527	-0.048623	1.725859
280.459799	339.987708	17.316531	-0.048500	1.721813
279.671694	335.783320	17.321536	-0.048352	1.717783
279.160923	331.621602	17.326541	-0.048255	1.713825
278.285643	327.534119	17.331546	-0.048090	1.709872
277.494431	323.525327	17.336551	-0.047942	1.705996
276.840814	319.563712	17.341555	-0.047818	1.702177
276.010590	315.681717	17.346560	-0.047662	1.698397
275.369453	311.844578	17.351565	-0.047541	1.694680
274.721489	308.020424	17.356570	-0.047419	1.690965
273.816665	304.323911	17.361575	-0.047250	1.687324
273.106932	300.688725	17.366579	-0.047116	1.683764
272.490814	297.054060	17.371584	-0.047000	1.680210
272.005547	293.441598	17.376589	-0.046908	1.676691
271.278257	289.902770	17.381594	-0.046771	1.673197
270.466472	286.427459	17.386599	-0.046619	1.669743
269.789638	283.005857	17.391603	-0.046491	1.666355
269.028943	279.640718	17.396608	-0.046349	1.663000
268.571320	276.289503	17.401613	-0.046262	1.659700
267.873748	272.957301	17.406618	-0.046131	1.656374
267.123097	269.723814	17.411623	-0.045990	1.653128
266.518782	266.485366	17.416627	-0.045876	1.649894
265.904477	263.270588	17.421632	-0.045761	1.646675
265.222251	260.165318	17.426637	-0.045633	1.643546
264.447394	257.080594	17.431642	-0.045487	1.640416
263.929050	253.988274	17.436647	-0.045390	1.637313
263.332147	250.988208	17.441651	-0.045277	1.634282
262.717752	247.954659	17.446656	-0.045162	1.631209
262.080617	244.985755	17.451661	-0.045042	1.628191
261.476774	242.030647	17.456666	-0.044928	1.625186
260.847973	239.130596	17.461671	-0.044810	1.622225
260.179422	236.282409	17.466675	-0.044685	1.619304
259.417140	233.451529	17.471680	-0.044542	1.616380
258.731361	230.689233	17.476685	-0.044414	1.613530
257.945482	227.984638	17.481690	-0.044267	1.610717
257.474750	225.279793	17.486695	-0.044178	1.607949
256.835149	222.616268	17.491699	-0.044058	1.605191
256.303617	219.947174	17.496704	-0.043958	1.602440
255.775211	217.322293	17.501709	-0.043859	1.599728
255.231879	214.680067	17.506714	-0.043756	1.596993
254.698466	212.107800	17.511719	-0.043656	1.594324
254.178460	209.477927	17.516723	-0.043558	1.591595
253.432387	206.954863	17.521728	-0.043419	1.588931
252.851197	204.416459	17.526733	-0.043310	1.586275
252.134787	201.967167	17.531738	-0.043176	1.583682
251.538603	199.511919	17.536743	-0.043064	1.581099
250.929166	197.104492	17.541747	-0.042950	1.578557
250.189358	194.744306	17.546752	-0.042811	1.576038
249.711472	192.389347	17.551757	-0.042721	1.573563
248.903321	190.086260	17.556762	-0.042571	1.571082
248.263600	187.831217	17.561767	-0.042451	1.568675
247.763097	185.558426	17.566771	-0.042357	1.566269
247.179461	183.331223	17.571776	-0.042248	1.563892
246.743600	181.077437	17.576781	-0.042165	1.561509
246.090576	178.869772	17.581786	-0.042043	1.559133
245.388499	176.708250	17.586791	-0.041912	1.556792
244.922321	174.568245	17.591795	-0.041825	1.554510
244.260408	172.428305	17.596800	-0.041701	1.552191
243.785263	170.318648	17.601805	-0.041612	1.549932
243.270913	168.174793	17.606810	-0.041515	1.547628
242.786387	166.070503	17.611815	-0.041424	1.545366
242.281789	163.939674	17.616819	-0.041329	1.543069
241.728225	161.853332	17.621824	-0.041226	1.540808
241.197959	159.765031	17.626829	-0.041126	1.538544
240.490406	157.732234	17.631834	-0.040994	1.536305
240.036901	155.688242	17.636839	-0.040909	1.534094
239.440626	153.674568	17.641843	-0.040797	1.531888
238.989174	151.630605	17.646848	-0.040712	1.529671
238.471628	149.599509	17.651853	-0.040615	1.527453
237.707450	147.679313	17.656858	-0.040473	1.525305
237.208073	145.696045	17.661863	-0.040379	1.523135
236.609960	143.777948	17.666867	-0.040267	1.521012
235.939043	141.871976	17.671872	-0.040142	1.518886
235.489716	139.974852	17.676877	-0.040058	1.516806
234.841853	138.135707	17.681882	-0.039937	1.514749
234.147052	136.299231	17.686887	-0.039807	1.512684
233.732674	134.467515	17.691891	-0.039729	1.510670
233.098999	132.641102	17.696896	-0.039611	1.508620
232.509240	130.879677	17.701901	-0.039501	1.506645
232.141982	129.060746	17.706906	-0.039432	1.504645
231.823664	127.201205	17.711911	-0.039372	1.502608
231.156312	125.420574	17.716915	-0.039247	1.500590
230.612783	123.620638	17.721920	-0.039145	1.498571
230.049560	121.848153	17.726925	-0.039040	1.496575
229.805799	120.030750	17.731930	-0.038994	1.494585
229.047312	118.252294	17.736935	-0.038852	1.492542
228.497857	116.528742	17.741939	-0.038750	1.490593
228.179421	114.702126	17.746944	-0.038689	1.488572
227.535644	112.983245	17.751949	-0.038569	1.486605
226.951527	111.266009	17.756954	-0.038460	1.484649
226.661876	109.465896	17.761959	-0.038405	1.482653
226.120655	107.731844	17.766963	-0.038304	1.480681
225.448948	106.017680	17.771968	-0.038179	1.478704
225.026371	104.286940	17.776973	-0.038100	1.476751
224.431549	102.597241	17.781978	-0.037988	1.474809
223.862284	100.907258	17.786983	-0.037882	1.472869
223.562817	99.190301	17.791987	-0.037825	1.470946
222.819636	97.512321	17.796992	-0.037687	1.468982
222.253678	95.852986	17.801997	-0.037581	1.467068
221.675083	94.243350	17.807002	-0.037473	1.465203
221.222096	92.592857	17.812007	-0.037388	1.463315
220.724280	90.959228	17.817011	-0.037295	1.461434
220.143650	89.329581	17.822016	-0.037187	1.459540
219.762606	87.693172	17.827021	-0.037115	1.457672
219.377626	86.024444	17.832026	-0.037043	1.455766
218.908838	84.322854	17.837031	-0.036955	1.453806
218.490834	82.657796	17.842035	-0.036877	1.451893
217.995451	80.991598	17.847040	-0.036784	1.449961
217.323123	79.373715	17.852045	-0.036659	1.448048
216.707758	77.782037	17.857050	-0.036544	1.446172
216.148532	76.180676	17.862055	-0.036439	1.444292
215.673288	74.589013	17.867059	-0.036350	1.442437
215.184152	73.012945	17.872064	-0.036259	1.440594
214.440195	71.467379	17.877069	-0.036120	1.438735
213.895798	69.955298	17.882074	-0.036019	1.436949
213.321385	68.469009	17.887079	-0.035912	1.435183
212.864369	66.938370	17.892083	-0.035826	1.433387
212.318983	65.436291	17.897088	-0.035724	1.431605
211.882732	63.923521	17.902093	-0.035642	1.429828
211.293085	62.420365	17.907098	-0.035532	1.428032
210.536791	61.018477	17.912103	-0.035392	1.426315
210.138349	59.552663	17.917107	-0.035317	1.424592
209.473119	58.120146	17.922112	-0.035193	1.422854
208.997938	56.737579	17.927117	-0.035104	1.421206
208.521447	55.280201	17.932122	-0.035015	1.419472
208.076950	53.848094	17.937127	-0.034932	1.417770
207.534139	52.452253	17.942131	-0.034831	1.416088
206.879062	51.061478	17.947136	-0.034709	1.414388
206.168510	49.713787	17.952141	-0.034577	1.412725
205.761310	48.360794	17.957146	-0.034500	1.411112
205.091973	47.036846	17.962151	-0.034376	1.409479
204.647399	45.682070	17.967155	-0.034293	1.407853
203.969462	44.426523	17.972160	-0.034167	1.406293
203.543012	43.109898	17.977165	-0.034087	1.404710
202.882942	41.816071	17.982170	-0.033964	1.403106
202.273695	40.592075	17.987175	-0.033851	1.401590
201.693161	39.362811	17.992179	-0.033743	1.400072
201.164280	38.111759	17.997184	-0.033644	1.398537
200.716726	36.894801	18.002189	-0.033560	1.397055
200.096137	35.702488	18.007194	-0.033445	1.395567
199.307666	34.546070	18.012199	-0.033298	1.394085
198.898386	33.371504	18.017203	-0.033222	1.392655
198.230220	32.268755	18.022208	-0.033098	1.391255
197.455694	31.167422	18.027213	-0.032954	1.389835
196.802756	30.127662	18.032218	-0.032833	1.388509
196.253416	29.106996	18.037223	-0.032730	1.387223
195.869414	28.051458	18.042227	-0.032659	1.385928
195.267721	26.989263	18.047232	-0.032547	1.384581
194.676365	25.976471	18.052237	-0.032437	1.383293
194.135121	24.973129	18.057242	-0.032336	1.382023
193.532041	23.991450	18.062247	-0.032224	1.380766
192.911386	23.025971	18.067251	-0.032109	1.379523
192.342893	22.066522	18.072256	-0.032003	1.378296
191.831656	21.129372	18.077261	-0.031908	1.377105
191.345067	20.175575	18.082266	-0.031817	1.375899
190.835166	19.224093	18.087271	-0.031722	1.374689
190.455799	18.246194	18.092275	-0.031651	1.373474
189.979058	17.278831	18.097280	-0.031562	1.372250
189.413380	16.339433	18.102285	-0.031457	1.371040
188.956072	15.369895	18.107290	-0.031372	1.369816
188.447115	14.391229	18.112295	-0.031277	1.368569
187.883827	13.479708	18.117299	-0.031172	1.367389
187.017464	12.640420	18.122304	-0.031012	1.366233
186.414402	11.783907	18.127309	-0.030900	1.365108
185.858476	10.943100	18.132314	-0.030797	1.364010
185.202697	10.131860	18.137319	-0.030675	1.362926
184.786691	9.343512	18.142323	-0.030597	1.361915
184.107970	8.530847	18.147328	-0.030471	1.360823
183.760407	7.705959	18.152333	-0.030406	1.359781
182.821308	6.993252	18.157338	-0.030233	1.358753
181.817364	6.362915	18.162343	-0.030047	1.357809
181.340301	5.768146	18.167347	-0.029958	1.357011
180.973894	5.077329	18.172352	-0.029890	1.356121
180.581495	4.367522	18.177357	-0.029817	1.355203
180.229200	3.633152	18.182362	-0.029751	1.354263
179.785498	2.910303	18.187367	-0.029668	1.353318
179.409057	2.174031	18.192371	-0.029598	1.352369
178.668253	1.497251	18.197376	-0.029461	1.351418
178.223621	0.782595	18.202381	-0.029378	1.350480
177.700488	0.095825	18.207386	-0.029281	1.349559
177.118537	-0.602389	18.212391	-0.029173	1.348612
176.716196	-1.282746	18.217395	-0.029098	1.347722
175.894925	-1.867144	18.222400	-0.028946	1.346861
175.407310	-2.521864	18.227405	-0.028855	1.345982
174.943262	-3.168416	18.232410	-0.028769	1.345118
173.990889	-3.723431	18.237415	-0.028593	1.344264
173.174802	-4.198072	18.242419	-0.028442	1.343533
172.761518	-4.720984	18.247424	-0.028365	1.342824
172.444074	-5.262392	18.252429	-0.028306	1.342113
171.936079	-5.808863	18.257434	-0.028212	1.341357
171.525363	-6.394906	18.262439	-0.028135	1.340573
170.669949	-6.858520	18.267443	-0.027977	1.339845
169.907629	-7.301679	18.272448	-0.027836	1.339159
169.142719	-7.679723	18.277453	-0.027694	1.338551
168.731496	-8.112269	18.282458	-0.027618	1.337949
167.809076	-8.370357	18.287463	-0.027447	1.337452
167.242408	-8.723467	18.292467	-0.027342	1.336913
166.385131	-8.961852	18.297472	-0.027184	1.336453
165.326837	-9.122189	18.302477	-0.026989	1.336045
156.801217	-7.777984	18.307482	-0.025419	1.335927
110.593345	5.238909	18.312487	-0.016915	1.342159
160.330936	1.741915	18.317491	-0.026074	1.348018
164.940572	0.837595	18.322496	-0.026922	1.347868
165.405404	0.184760	18.327501	-0.027007	1.347184
165.200857	-0.497904	18.332506	-0.026969	1.346330
164.777536	-1.195511	18.337511	-0.026890	1.345413
164.667412	-1.937019	18.342515	-0.026869	1.344506
164.349814	-2.732122	18.347520	-0.026809	1.343493
163.911419	-3.480146	18.352525	-0.026728	1.342511
163.476033	-4.251435	18.357530	-0.026647	1.341500
162.732765	-4.976267	18.362535	-0.026509	1.340483
161.674143	-5.587119	18.367539	-0.026313	1.339537
157.116626	-5.342747	18.372544	-0.025473	1.338906
127.973922	1.474509	18.377549	-0.020109	1.341167
157.029521	-0.289576	18.382554	-0.025460	1.344928
160.916928	-1.672100	18.387559	-0.026175	1.344062
159.945937	-2.390237	18.392563	-0.025995	1.343008
160.136482	-3.271924	18.397568	-0.026029	1.341993
159.738630	-4.190370	18.402573	-0.025955	1.340814
155.235231	-4.280434	18.407578	-0.025125	1.339794
132.909064	0.798766	18.412583	-0.021015	1.341354
155.467176	-1.043080	18.417587	-0.025169	1.343711
158.939872	-2.502428	18.422592	-0.025807	1.342669
158.291125	-3.544198	18.427597	-0.025687	1.341292
153.393755	-3.753135	18.432602	-0.024784	1.340051
132.183317	1.180437	18.437607	-0.020880	1.341661
155.403956	-1.363269	18.442611	-0.025155	1.343313
156.711946	-2.647450	18.447616	-0.025395	1.342043
155.600514	-3.669347	18.452621	-0.025189	1.340596
139.461260	-1.306334	18.457626	-0.022217	1.340157
143.764391	0.026837	18.462631	-0.023011	1.342621
154.980693	-2.394061	18.467635	-0.025075	1.341994
152.460144	-3.191257	18.472640	-0.024609	1.340531
137.212299	-0.497129	18.477645	-0.021802	1.340668
148.839731	-1.439353	18.482650	-0.023943	1.341893
148.083530	-2.020685	18.487655	-0.023803	1.341044
143.384573	-1.231681	18.492659	-0.022937	1.341037
144.151341	-1.074703	18.497664	-0.023078	1.341380
144.905203	-1.201056	18.502669	-0.023217	1.341381
145.327158	-1.571288	18.507674	-0.023294	1.341023
142.228615	-1.183525	18.512679	-0.022723	1.340859
143.670887	-1.264397	18.517683	-0.022988	1.341054
141.305565	-1.078380	18.522688	-0.022552	1.340798
142.631982	-1.076003	18.527693	-0.022796	1.341068
142.931185	-1.508222	18.532698	-0.022851	1.340611
139.260272	-0.862781	18.537703	-0.022175	1.340640
142.734667	-1.487723	18.542707	-0.022814	1.340595
138.477083	-0.902294	18.547712	-0.022030	1.340434
139.866604	-0.963627	18.552717	-0.022285	1.340641
139.965712	-1.316750	18.557722	-0.022303	1.340238
137.410488	-0.794532	18.562727	-0.021832	1.340345
140.135474	-1.419604	18.567731	-0.022333	1.340148
135.198670	-0.673975	18.572736	-0.021424	1.340041
139.133558	-1.138106	18.577741	-0.022148	1.340282
135.903340	-0.970515	18.582746	-0.021553	1.339828
135.583502	-0.699040	18.587751	-0.021494	1.340088
138.197979	-1.440561	18.592755	-0.021974	1.339729
133.011771	-0.723561	18.597760	-0.021019	1.339537
134.765758	-0.782186	18.602765	-0.021342	1.339821
134.719061	-0.998480	18.607770	-0.021333	1.339552
133.048997	-0.598634	18.612775	-0.021025	1.339692
135.965532	-1.420347	18.617779	-0.021561	1.339299
129.992886	-0.579728	18.622784	-0.020461	1.339095
133.995779	-0.991233	18.627789	-0.021198	1.339413
131.405167	-0.981507	18.632794	-0.020720	1.338899
130.058000	-0.529259	18.637799	-0.020472	1.339167
132.524993	-1.047543	18.642803	-0.020926	1.339046
130.005390	-0.917525	18.647808	-0.020461	1.338690
129.157485	-0.568128	18.652813	-0.020305	1.338937
130.842256	-1.101100	18.657818	-0.020615	1.338639
127.933635	-0.677992	18.662823	-0.020079	1.338556
128.547752	-0.772285	18.667827	-0.020192	1.338567
128.702861	-0.990846	18.672832	-0.020220	1.338336
126.711046	-0.730737	18.677837	-0.019853	1.338244
127.246828	-0.945971	18.682842	-0.019951	1.338094
124.827568	-0.296224	18.687847	-0.019505	1.338382
128.587402	-1.166462	18.692851	-0.020197	1.338101
123.537578	-0.549175	18.697856	-0.019267	1.337816
125.533328	-0.695436	18.702861	-0.019634	1.338045
125.013717	-0.892011	18.707866	-0.019537	1.337703
122.795143	-0.431373	18.712871	-0.019129	1.337805
125.649872	-1.053968	18.717875	-0.019654	1.337637
121.415276	-0.513465	18.722880	-0.018874	1.337426
122.981776	-0.641822	18.727885	-0.019162	1.337589
122.610726	-0.754493	18.732890	-0.019093	1.337378
121.253404	-0.533156	18.737895	-0.018843	1.337368
121.837065	-0.898404	18.742899	-0.018950	1.337048
120.286859	-0.742650	18.747904	-0.018664	1.336919
118.335797	-0.217819	18.752909	-0.018304	1.337153
122.144577	-1.128616	18.757914	-0.019005	1.336833
116.551512	-0.184943	18.762919	-0.017975	1.336829
121.011384	-1.006455	18.767923	-0.018796	1.336748
116.929845	-0.595938	18.772928	-0.018044	1.336411
117.411205	-0.424960	18.777933	-0.018132	1.336714
118.236978	-0.923944	18.782938	-0.018283	1.336282
114.662072	-0.256269	18.787943	-0.017625	1.336357
118.268152	-0.916501	18.792947	-0.018288	1.336297
115.394195	-0.782399	18.797952	-0.017759	1.335873
113.389808	-0.121550	18.802957	-0.017390	1.336259
117.018403	-0.979567	18.807962	-0.018057	1.335966
112.402549	-0.242526	18.812967	-0.017207	1.335912
115.486129	-0.898590	18.817971	-0.017774	1.335750
112.365053	-0.602761	18.822976	-0.017199	1.335471
112.036429	-0.342466	18.827981	-0.017138	1.335716
114.063189	-0.930064	18.832986	-0.017511	1.335422
109.469127	-0.209108	18.837991	-0.016665	1.335354
113.176821	-0.835533	18.842995	-0.017347	1.335354
110.606007	-0.562492	18.848000	-0.016873	1.335159
109.185445	-0.326355	18.853005	-0.016611	1.335154
111.498753	-0.832035	18.858010	-0.017037	1.335016
107.984390	-0.367522	18.863015	-0.016389	1.334859
109.184683	-0.562124	18.868019	-0.016610	1.334869
109.005102	-0.750566	18.873024	-0.016576	1.334605
105.987252	-0.162155	18.878029	-0.016020	1.334698
109.382723	-0.817084	18.883034	-0.016645	1.334601
104.782151	-0.216148	18.888039	-0.015798	1.334387
108.419193	-0.793514	18.893043	-0.016467	1.334432
105.302197	-0.635382	18.898048	-0.015892	1.333987
103.908425	-0.088181	18.903053	-0.015636	1.334362
107.155852	-0.888360	18.908058	-0.016233	1.334060
103.231112	-0.353575	18.913063	-0.015510	1.333903
103.748662	-0.437645	18.918067	-0.015605	1.333907
105.199732	-0.852559	18.923072	-0.015871	1.333703
100.346364	-0.092344	18.928077	-0.014978	1.333629
104.665692	-0.836155	18.933082	-0.015772	1.333613
100.029580	-0.192418	18.938087	-0.014918	1.333443
103.094439	-0.709588	18.943091	-0.015482	1.333444
100.951379	-0.668057	18.948096	-0.015087	1.333057
98.228422	-0.005425	18.953101	-0.014586	1.333300
103.224266	-0.960972	18.958106	-0.015505	1.333167
97.338941	-0.281897	18.963111	-0.014421	1.332784
99.253684	-0.451411	18.968115	-0.014773	1.332970
99.913523	-0.699702	18.973120	-0.014894	1.332805
96.650329	-0.263193	18.978125	-0.014293	1.332665
98.593504	-0.634258	18.983130	-0.014650	1.332614
95.938753	-0.335486	18.988135	-0.014161	1.332432
97.495106	-0.453331	18.993139	-0.014447	1.332607
97.054416	-0.769434	18.998144	-0.014365	1.332136
93.954396	-0.188178	19.003149	-0.013794	1.332204
96.738466	-0.728330	19.008154	-0.014307	1.332120
93.390547	-0.451415	19.013159	-0.013690	1.331770
93.537436	-0.224920	19.018163	-0.013716	1.332073
95.213253	-0.719993	19.023168	-0.014024	1.331818
92.409500	-0.377544	19.028173	-0.013508	1.331658
93.732770	-0.684626	19.033178	-0.013751	1.331557
91.214210	-0.353277	19.038183	-0.013287	1.331442
91.552339	-0.413083	19.043187	-0.013349	1.331439
92.827623	-0.868850	19.048192	-0.013583	1.331149
87.211528	0.084312	19.053197	-0.012549	1.331151
93.119168	-0.818207	19.058202	-0.013636	1.331269
89.056275	-0.514986	19.063207	-0.012887	1.330804
87.608666	-0.138333	19.068211	-0.012621	1.330962
91.180003	-0.758018	19.073216	-0.013278	1.330944
85.528103	-0.070480	19.078221	-0.012237	1.330618
90.336444	-0.750442	19.083226	-0.013122	1.330780
85.638563	-0.300657	19.088231	-0.012256	1.330362
87.165972	-0.442364	19.093235	-0.012537	1.330503
87.709986	-0.726054	19.098240	-0.012637	1.330271
82.919418	-0.028072	19.103245	-0.011754	1.330134
87.286582	-0.536212	19.108250	-0.012558	1.330413
84.703667	-0.518182	19.113255	-0.012082	1.329906
83.280687	-0.279927	19.118259	-0.011820	1.329902
85.086352	-0.470163	19.123264	-0.012152	1.330042
82.397772	-0.398817	19.128269	-0.011656	1.329577
83.959349	-0.470490	19.133274	-0.011943	1.329810
80.883798	-0.297361	19.138279	-0.011376	1.329389
82.687878	-0.334033	19.143283	-0.011708	1.329714
82.361932	-0.646423	19.148288	-0.011648	1.329269
79.928433	-0.419651	19.153293	-0.011199	1.329045
79.443748	0.007175	19.158298	-0.011110	1.329461
82.176362	-0.974787	19.163303	-0.011612	1.328833
77.222931	0.068858	19.168307	-0.010700	1.329080
80.127306	-0.674547	19.173312	-0.011234	1.328776
78.351116	-0.372184	19.178317	-0.010907	1.328777
77.145734	-0.294097	19.183322	-0.010685	1.328624
78.701098	-0.654930	19.188327	-0.010970	1.328506
75.091609	-0.025310	19.193331	-0.010306	1.328528
79.322305	-0.947881	19.198336	-0.011084	1.328278
73.420951	-0.040512	19.203341	-0.009997	1.328166
75.733558	-0.323221	19.208346	-0.010422	1.328298
77.650610	-0.891622	19.213351	-0.010775	1.328002
71.045596	0.100981	19.218355	-0.009558	1.327850
76.627445	-0.691966	19.223360	-0.010586	1.328034
72.079008	-0.207045	19.228365	-0.009748	1.327688
73.583534	-0.466282	19.233370	-0.010024	1.327682
73.949448	-0.631222	19.238375	-0.010091	1.327557
69.098691	0.078942	19.243379	-0.009198	1.327422
74.892901	-0.872471	19.248384	-0.010264	1.327458
69.036346	-0.135058	19.253389	-0.009186	1.327149
70.749167	-0.322957	19.258394	-0.009501	1.327272
71.296917	-0.605429	19.263399	-0.009601	1.327042
68.055324	-0.230437	19.268403	-0.009004	1.326831
70.243655	-0.433746	19.273408	-0.009406	1.327033
67.576423	-0.299995	19.278413	-0.008915	1.326648
68.644156	-0.363476	19.283418	-0.009111	1.326789
68.123489	-0.514450	19.288423	-0.009015	1.326499
66.235607	-0.221443	19.293427	-0.008667	1.326466
67.520732	-0.448570	19.298432	-0.008903	1.326455
65.914937	-0.421653	19.303437	-0.008607	1.326157
65.132575	-0.118915	19.308442	-0.008462	1.326363
66.910229	-0.755334	19.313447	-0.008789	1.325956
62.870409	-0.093773	19.318451	-0.008045	1.325928
64.955160	-0.358667	19.323456	-0.008428	1.326035
63.708090	-0.466780	19.328461	-0.008198	1.325647
63.196594	-0.229374	19.333466	-0.008104	1.325830
64.078592	-0.778754	19.338471	-0.008265	1.325344
59.951198	-0.001632	19.343475	-0.007505	1.325438
62.318744	-0.328202	19.348480	-0.007941	1.325528
62.131986	-0.494216	19.353485	-0.007906	1.325288
59.112361	0.071233	19.358490	-0.007350	1.325353
63.661383	-1.027804	19.363495	-0.008187	1.324954
56.792380	0.064776	19.368499	-0.006922	1.324868
60.371474	-0.429918	19.373504	-0.007580	1.325003
59.552333	-0.479700	19.378509	-0.007429	1.324774
56.533371	-0.063989	19.383514	-0.006873	1.324657
60.940414	-0.897834	19.388519	-0.007684	1.324551
53.226295	0.242187	19.393523	-0.006263	1.324348
59.882096	-0.678530	19.398528	-0.007488	1.324598
55.224091	-0.272945	19.403533	-0.006630	1.324133
55.316804	-0.165679	19.408538	-0.006647	1.324281
57.300204	-0.605483	19.413543	-0.007011	1.324155
52.847732	-0.177715	19.418547	-0.006191	1.323758
55.171949	-0.246060	19.423552	-0.006619	1.324153
54.118870	-0.441181	19.428557	-0.006424	1.323699
52.969981	-0.272840	19.433562	-0.006212	1.323666
53.531922	-0.370340	19.438567	-0.006315	1.323663
51.782141	-0.324974	19.443571	-0.005993	1.323358
52.152566	-0.184385	19.448576	-0.006061	1.323604
51.832260	-0.514213	19.453581	-0.006001	1.323137
50.011989	-0.061636	19.458586	-0.005666	1.323312
51.802207	-0.521978	19.463591	-0.005995	1.323121
49.718368	-0.406838	19.468595	-0.005611	1.322831
48.001737	0.026607	19.473600	-0.005294	1.323004
50.749335	-0.581547	19.478605	-0.005800	1.322830
47.824751	-0.177839	19.483610	-0.005261	1.322718
48.823760	-0.455500	19.488615	-0.005444	1.322586
47.096252	-0.256413	19.493619	-0.005126	1.322472
46.910762	-0.230216	19.498624	-0.005091	1.322465
47.814563	-0.571395	19.503629	-0.005257	1.322236
44.253067	-0.038363	19.508634	-0.004601	1.322150
47.299007	-0.520305	19.513639	-0.005162	1.322191
44.231914	-0.298116	19.518643	-0.004596	1.321829
43.875878	-0.063830	19.523648	-0.004531	1.322040
45.926089	-0.671422	19.528653	-0.004907	1.321723
41.225088	0.088349	19.533658	-0.004042	1.321678
45.031454	-0.560686	19.538663	-0.004742	1.321673
42.374969	-0.241653	19.543667	-0.004252	1.321513
41.192247	-0.114438	19.548672	-0.004034	1.321423
43.539509	-0.561298	19.553677	-0.004466	1.321363
38.003130	0.162640	19.558682	-0.003446	1.321102
44.052157	-0.712722	19.563687	-0.004560	1.321284
38.267058	-0.178143	19.568691	-0.003494	1.320741
39.585863	-0.228201	19.573696	-0.003736	1.320951
40.003037	-0.362167	19.578701	-0.003813	1.320874
38.166526	-0.298784	19.583706	-0.003474	1.320572
39.251035	-0.347177	19.588711	-0.003674	1.320736
36.461278	-0.227551	19.593715	-0.003159	1.320306
37.272362	-0.149448	19.598720	-0.003308	1.320568
37.845142	-0.462956	19.603725	-0.003413	1.320304
35.141166	-0.208569	19.608730	-0.002915	1.320055
36.555155	-0.298013	19.613735	-0.003175	1.320237
35.601682	-0.535281	19.618739	-0.002999	1.319751
33.034478	0.161492	19.623744	-0.002526	1.320069
36.064445	-0.518019	19.628749	-0.003083	1.319867
32.985674	-0.191099	19.633754	-0.002516	1.319629
33.293419	-0.242981	19.638759	-0.002572	1.319629
33.838845	-0.480796	19.643763	-0.002672	1.319451
30.180318	0.127566	19.648768	-0.001998	1.319436
34.515620	-0.640548	19.653773	-0.002796	1.319395
29.133442	0.039370	19.658778	-0.001805	1.319112
32.286328	-0.414283	19.663783	-0.002385	1.319210
30.236645	-0.232223	19.668787	-0.002007	1.319008
29.053800	-0.191443	19.673792	-0.001789	1.318813
30.515686	-0.317110	19.678797	-0.002058	1.318961
27.429040	-0.136157	19.683802	-0.001489	1.318543
30.371852	-0.437652	19.688807	-0.002030	1.318784
26.447768	-0.139746	19.693811	-0.001307	1.318335
27.797967	-0.234000	19.698816	-0.001556	1.318499
27.538652	-0.309084	19.703821	-0.001507	1.318353
25.849384	-0.254307	19.708826	-0.001196	1.318070
26.830904	-0.305411	19.713831	-0.001376	1.318210
25.460276	-0.423964	19.718835	-0.001123	1.317782
23.734531	-0.125201	19.723840	-0.000805	1.317789
25.015732	-0.139523	19.728845	-0.001041	1.318036
24.276491	-0.394092	19.733850	-0.000904	1.317572
23.517256	-0.143716	19.738855	-0.000764	1.317720
23.251285	-0.325701	19.743859	-0.000715	1.317442
22.369965	-0.192543	19.748864	-0.000552	1.317422
21.931711	-0.112835	19.753869	-0.000471	1.317428
22.463449	-0.572736	19.758874	-0.000568	1.316976
19.800031	0.076965	19.763879	-0.000078	1.317218
21.640579	-0.568880	19.768883	-0.000416	1.316810
18.734692	0.038136	19.773888	0.000119	1.316949
19.983392	-0.234273	19.778893	-0.000110	1.316874
20.491410	-0.551808	19.783898	-0.000203	1.316591
16.828728	0.092231	19.788903	0.000472	1.316619
19.446913	-0.521945	19.793907	-0.000010	1.316411
16.119013	0.072169	19.798912	0.000603	1.316447
18.547917	-0.413386	19.803917	0.000156	1.316356
17.048652	-0.418917	19.808922	0.000433	1.316038
14.103918	0.099888	19.813927	0.000975	1.316062
18.332278	-0.675420	19.818931	0.000197	1.315990
12.398561	0.145132	19.823936	0.001290	1.315762
15.753703	-0.293956	19.828941	0.000673	1.315921
14.711170	-0.365085	19.833946	0.000865	1.315617
12.896153	-0.060189	19.838951	0.001200	1.315613
14.432754	-0.440231	19.843955	0.000917	1.315467
11.050316	0.053333	19.848960	0.001541	1.315369
13.981170	-0.427281	19.853965	0.001001	1.315388
10.786743	-0.200008	19.858970	0.001590	1.315003
11.222713	-0.087101	19.863975	0.001510	1.315231
11.876507	-0.499663	19.868979	0.001390	1.314862
8.210012	0.098732	19.873984	0.002066	1.314833
11.353104	-0.371154	19.878989	0.001487	1.314909
9.005314	-0.266974	19.883994	0.001920	1.314549
8.185110	-0.028981	19.888999	0.002071	1.314670
9.641673	-0.445246	19.894003	0.001804	1.314462
6.718559	-0.102843	19.899008	0.002342	1.314274
7.840432	-0.224680	19.904013	0.002136	1.314358
6.870618	-0.310136	19.909018	0.002315	1.314051
5.320658	-0.047145	19.914023	0.002601	1.314051
7.033455	-0.350061	19.919027	0.002286	1.314035
4.755832	-0.201379	19.924032	0.002706	1.313744
4.897215	-0.073008	19.929037	0.002680	1.313930
4.996912	-0.424330	19.934042	0.002662	1.313520
2.783010	0.061338	19.939047	0.003070	1.313654
4.558027	-0.367472	19.944051	0.002744	1.313497
2.795805	-0.234868	19.949056	0.003069	1.313293
1.251369	0.021029	19.954061	0.003353	1.313285
4.285782	-0.657502	19.959066	0.002795	1.313084
-1.590843	0.340543	19.964071	0.003878	1.313085
3.625609	-0.607044	19.969075	0.002918	1.313008
-0.456480	-0.074711	19.974080	0.003670	1.312811
-1.122940	0.041051	19.979085	0.003793	1.312814
