Fri Dec 12 12:16:03 2025

Number of Points = 3577
Depth (nm)	Load (µN)	Time (s)	Depth (V)	Load (V)
1.572070	1.742844	0.000000	0.002027	1.320550

1.427159	1.762016	0.005005	0.002054	1.320543
1.733457	1.706267	0.010010	0.001997	1.320538
1.512643	1.747473	0.015014	0.002038	1.320542
1.622583	1.725642	0.020019	0.002018	1.320538
1.056411	1.578442	0.025024	0.002123	1.320241
0.675108	1.634476	0.030029	0.002193	1.320230
1.316684	1.530885	0.035034	0.002075	1.320236
1.232869	1.541383	0.040038	0.002091	1.320231
1.175591	1.306689	0.045043	0.002102	1.319932
1.333727	1.211161	0.050048	0.002073	1.319848
1.241372	1.023819	0.055053	0.002091	1.319599
1.050805	0.828506	0.060058	0.002126	1.319320
0.908879	0.708441	0.065062	0.002153	1.319144
1.129573	0.479662	0.070067	0.002112	1.318909
0.674831	0.362768	0.075072	0.002196	1.318672
0.221506	0.225528	0.080077	0.002280	1.318410
0.488039	0.108805	0.085082	0.002231	1.318322
-0.162669	-0.007851	0.090086	0.002352	1.318044
-0.222256	0.005505	0.095091	0.002363	1.318048
-0.001370	-0.248379	0.100096	0.002322	1.317782
-0.176738	-0.315019	0.105101	0.002355	1.317664
-0.587329	-0.381918	0.110106	0.002431	1.317497
-0.801083	-0.356938	0.115110	0.002471	1.317483
-1.352312	-0.523829	0.120115	0.002572	1.317163
-2.062995	-0.287381	0.125120	0.002703	1.317306
-2.206603	-0.111016	0.130125	0.002730	1.317492
-2.484959	-0.056440	0.135130	0.002781	1.317501
-2.450847	0.027059	0.140134	0.002775	1.317610
-2.384232	0.120930	0.145139	0.002763	1.317738
-2.228159	0.092506	0.150144	0.002735	1.317736
-1.941708	-0.040865	0.155149	0.002682	1.317631
-2.764737	0.084086	0.160154	0.002834	1.317613
-2.304071	0.025464	0.165158	0.002749	1.317637
-2.682941	-0.028702	0.170163	0.002820	1.317492
-3.054108	0.042598	0.175168	0.002888	1.317502
-2.702401	-0.027529	0.180173	0.002824	1.317489
-3.019270	0.032035	0.185178	0.002882	1.317496
-3.084162	0.041574	0.190182	0.002894	1.317494
-2.651648	-0.033245	0.195187	0.002815	1.317491
-3.264581	-0.138292	0.200192	0.002928	1.317235
-3.643273	-0.141185	0.205197	0.002998	1.317153
-3.832741	-0.094263	0.210202	0.003033	1.317171
-3.986004	-0.074419	0.215206	0.003062	1.317163
-4.023124	-0.069961	0.220211	0.003069	1.317161
-4.689477	0.271075	0.225216	0.003192	1.317440
-3.436475	0.036784	0.230221	0.002961	1.317413
-3.976132	-0.076825	0.235226	0.003061	1.317161
-4.450938	0.002269	0.240230	0.003148	1.317159
-4.020812	-0.061958	0.245235	0.003069	1.317170
-4.749162	-0.144995	0.250240	0.003204	1.316916
-4.758467	0.006554	0.255245	0.003206	1.317100
-5.218015	-0.096361	0.260250	0.003291	1.316878
-5.078607	0.109360	0.265254	0.003265	1.317159
-5.159478	-0.119781	0.270259	0.003280	1.316861
-6.146601	0.246254	0.275264	0.003462	1.317105
-4.743594	0.045736	0.280269	0.003204	1.317150
-5.315542	-0.102852	0.285274	0.003310	1.316849
-6.044208	0.022705	0.290278	0.003444	1.316851
-5.890462	-0.011310	0.295283	0.003416	1.316841
-5.909313	0.001644	0.300288	0.003420	1.316853
-5.379028	-0.092016	0.305293	0.003323	1.316848
-6.070712	-0.020146	0.310298	0.003450	1.316792
-6.255108	0.059210	0.315302	0.003484	1.316851
-5.942218	-0.240321	0.320307	0.003427	1.316548
-6.980761	-0.082625	0.325312	0.003618	1.316526
-6.643020	-0.143384	0.330317	0.003557	1.316521
-6.831911	-0.105158	0.335322	0.003592	1.316529
-6.907342	-0.089633	0.340326	0.003606	1.316532
-6.451285	-0.172070	0.345331	0.003522	1.316525
-7.309878	-0.018921	0.350336	0.003680	1.316534
-7.048059	-0.087326	0.355341	0.003632	1.316505
-7.561682	-0.229292	0.360346	0.003727	1.316224
-7.845385	0.005900	0.365350	0.003780	1.316453
-7.367451	-0.227499	0.370355	0.003692	1.316266
-9.274328	0.211108	0.375360	0.004043	1.316408
-7.948750	0.090224	0.380365	0.003799	1.316534
-7.342000	-0.008548	0.385370	0.003688	1.316539
-7.676185	-0.167267	0.390374	0.003750	1.316274
-7.796428	-0.190738	0.395379	0.003772	1.316220
-8.789841	-0.024760	0.400384	0.003955	1.316218
-9.121196	0.031785	0.405389	0.004016	1.316218
-8.129222	-0.130594	0.410394	0.003834	1.316224
-9.225127	0.056547	0.415398	0.004036	1.316226
-9.216235	0.053920	0.420403	0.004035	1.316224
-9.336465	0.075308	0.425408	0.004057	1.316225
-8.499579	-0.070179	0.430413	0.003903	1.316220
-8.508320	-0.261458	0.435418	0.003905	1.315984
-10.250922	-0.038088	0.440422	0.004226	1.315896
-9.366990	-0.011437	0.445427	0.004064	1.316112
-9.985046	-0.073114	0.450432	0.004178	1.315907
-10.190049	0.083174	0.455437	0.004216	1.316056
-9.593782	-0.070643	0.460442	0.004106	1.315991
-10.554400	0.019050	0.465446	0.004283	1.315902
-9.857396	0.015687	0.470451	0.004155	1.316042
-10.396302	-0.002125	0.475456	0.004255	1.315908
-10.147457	-0.056366	0.480461	0.004209	1.315893
-10.569802	0.026776	0.485466	0.004287	1.315907
-10.904076	0.080509	0.490470	0.004349	1.315903
-9.692737	-0.238271	0.495475	0.004126	1.315763
-11.866874	0.016370	0.500480	0.004527	1.315624
-11.306441	0.136207	0.505485	0.004424	1.315887
-10.161343	-0.215883	0.510490	0.004213	1.315692
-12.552737	0.159166	0.515494	0.004654	1.315656
-11.389112	0.161782	0.520499	0.004439	1.315900
-11.034936	-0.073052	0.525504	0.004375	1.315686
-12.115864	0.085108	0.530509	0.004574	1.315655
-10.693273	-0.201042	0.535514	0.004312	1.315599
-12.183969	0.042433	0.540518	0.004587	1.315588
-12.043786	0.015933	0.545523	0.004561	1.315584
-12.304735	0.068706	0.550528	0.004610	1.315594
-12.408218	0.078803	0.555533	0.004629	1.315585
-11.916188	-0.214290	0.560538	0.004539	1.315327
-13.519473	0.095492	0.565542	0.004834	1.315374
-12.338871	0.019760	0.570547	0.004617	1.315526
-13.177205	-0.035189	0.575552	0.004771	1.315284
-12.902252	-0.087360	0.580557	0.004721	1.315277
-13.304086	-0.014176	0.585562	0.004795	1.315283
-13.548761	0.223988	0.590566	0.004840	1.315525
-12.253024	-0.160231	0.595571	0.004602	1.315322
-13.483409	0.010332	0.600576	0.004829	1.315275
-13.980669	0.095153	0.605581	0.004921	1.315276
-13.742384	0.057453	0.610586	0.004877	1.315279
-13.651070	0.043611	0.615590	0.004861	1.315281
-12.955949	-0.217248	0.620595	0.004733	1.315104
-15.315219	0.123293	0.625600	0.005168	1.315032
-14.444297	0.176029	0.630605	0.005007	1.315277
-13.617605	-0.090696	0.635610	0.004855	1.315122
-15.915523	0.317202	0.640614	0.005279	1.315145
-13.322898	-0.067548	0.645619	0.004802	1.315211
-14.098763	-0.127103	0.650624	0.004945	1.314976
-15.710345	0.150713	0.655629	0.005242	1.314982
-15.012282	0.042246	0.660634	0.005113	1.314994
-15.195145	0.067563	0.665638	0.005147	1.314986
-15.037632	0.036541	0.670643	0.005119	1.314981
-14.761531	-0.003621	0.675648	0.005068	1.314989
-15.600131	-0.078444	0.680653	0.005223	1.314722
-15.582994	0.131969	0.685658	0.005220	1.314984
-16.190798	0.029333	0.690662	0.005332	1.314731
-15.177851	-0.012129	0.695667	0.005146	1.314891
-16.594778	0.036945	0.700672	0.005407	1.314656
-16.300564	0.237054	0.705677	0.005353	1.314963
-15.598345	-0.086230	0.710682	0.005224	1.314711
-16.219580	-0.027571	0.715686	0.005338	1.314654
-16.125104	-0.047478	0.720691	0.005321	1.314649
-16.657596	0.045536	0.725696	0.005420	1.314652
-16.900313	0.078318	0.730701	0.005464	1.314642
-16.868004	-0.057064	0.735706	0.005459	1.314482
-18.565456	0.432079	0.740710	0.005771	1.314730
-15.867141	0.001692	0.745715	0.005275	1.314762
-16.936378	-0.077440	0.750720	0.005472	1.314442
-18.196254	0.218114	0.755725	0.005704	1.314543
-16.322796	-0.128454	0.760730	0.005360	1.314506
-18.363792	0.109736	0.765734	0.005736	1.314374
-17.462722	-0.071858	0.770739	0.005570	1.314338
-17.400781	-0.077174	0.775744	0.005559	1.314344
-19.118556	0.207707	0.780749	0.005875	1.314337
-17.862443	0.218938	0.785754	0.005644	1.314612
-17.977492	0.016196	0.790758	0.005666	1.314338
-17.946786	0.008482	0.795763	0.005660	1.314335
-18.385213	0.090976	0.800768	0.005741	1.314345
-19.140996	0.210354	0.805773	0.005881	1.314334
-17.942209	-0.019665	0.810778	0.005660	1.314301
-18.791383	-0.098402	0.815782	0.005817	1.314027
-19.244056	-0.019276	0.820787	0.005900	1.314030
-20.656157	0.394060	0.825792	0.006160	1.314244
-18.375698	0.085314	0.830797	0.005741	1.314338
-18.132258	-0.178124	0.835802	0.005696	1.314065
-19.898776	0.082311	0.840806	0.006022	1.314017
-20.562641	0.195536	0.845811	0.006144	1.314018
-19.697234	0.054847	0.850816	0.005985	1.314025
-19.502289	0.018569	0.855821	0.005950	1.314021
-19.686889	0.054795	0.860826	0.005984	1.314027
-19.996454	0.107347	0.865830	0.006041	1.314026
-20.721680	0.222258	0.870835	0.006175	1.314017
-20.079072	0.125190	0.875840	0.006057	1.314031
-20.180149	-0.065965	0.880845	0.006076	1.313774
-20.451653	-0.067792	0.885850	0.006126	1.313715
-22.475319	0.381150	0.890854	0.006499	1.313846
-19.598275	0.020400	0.895859	0.005969	1.314001
-20.240101	-0.097500	0.900864	0.006088	1.313722
-21.398413	0.088063	0.905869	0.006301	1.313709
-20.666822	-0.070614	0.910874	0.006167	1.313666
-21.898424	-0.075658	0.915878	0.006394	1.313403
-21.598901	0.121692	0.920883	0.006339	1.313708
-21.959349	0.058108	0.925888	0.006405	1.313554
-21.238065	0.055959	0.930893	0.006273	1.313702
-21.614596	-0.124880	0.935898	0.006342	1.313401
-22.108395	-0.045325	0.940902	0.006434	1.313395
-22.844140	0.148058	0.945907	0.006569	1.313480
-21.842734	-0.090758	0.950912	0.006385	1.313394
-22.803070	0.067648	0.955917	0.006562	1.313389
-22.567020	0.029362	0.960922	0.006519	1.313391
-22.182428	-0.025691	0.965926	0.006448	1.313403
-22.285286	-0.012698	0.970931	0.006468	1.313397
-22.928678	0.099734	0.975936	0.006586	1.313401
-23.188715	0.139843	0.980941	0.006634	1.313396
-22.174529	-0.223245	0.985946	0.006448	1.313160
-24.268017	0.073502	0.990950	0.006834	1.313089
-23.622812	0.144853	0.995955	0.006715	1.313311
-23.753625	0.083872	1.000960	0.006739	1.313209

-23.247714	0.026360	1.010957	0.006647	1.313243
-23.137647	0.129411	1.020954	0.006627	1.313392
-22.784939	0.042103	1.030950	0.006562	1.313357
-23.660834	0.112324	1.040947	0.006724	1.313261
-23.012055	0.116299	1.050944	0.006605	1.313400
-23.161794	0.098223	1.060941	0.006633	1.313346
-23.504120	0.127623	1.070938	0.006697	1.313311
-22.303706	0.058812	1.080934	0.006476	1.313475
-22.605631	0.051942	1.090931	0.006532	1.313404
-23.571093	0.162869	1.100928	0.006710	1.313338
-22.283454	0.014592	1.110925	0.006474	1.313424
-22.565971	0.039966	1.120922	0.006526	1.313395
-22.461826	0.135454	1.130918	0.006507	1.313534
-22.955753	0.028573	1.140915	0.006599	1.313299
-22.423327	0.091338	1.150912	0.006501	1.313487
-22.254810	0.066989	1.160909	0.006471	1.313491
-22.729459	0.147831	1.170906	0.006559	1.313491
-21.941353	0.055780	1.180902	0.006414	1.313542
-22.489097	0.078252	1.190899	0.006515	1.313455
-22.482442	0.153827	1.200896	0.006515	1.313549
-21.797365	0.015527	1.210893	0.006389	1.313521
-21.876593	0.030066	1.220890	0.006404	1.313522
-22.066526	0.193721	1.230886	0.006439	1.313683
-22.030151	0.055900	1.240883	0.006433	1.313520
-21.893625	-0.017188	1.250880	0.006408	1.313458
-21.795032	0.176827	1.260877	0.006391	1.313717
-21.512891	-0.023197	1.270874	0.006339	1.313529
-21.810910	0.164542	1.280870	0.006395	1.313697
-21.957889	0.074284	1.290867	0.006422	1.313555
-20.945050	-0.011563	1.300864	0.006236	1.313660
-21.633785	0.122238	1.310861	0.006363	1.313681
-21.564603	0.087688	1.320858	0.006351	1.313652
-21.166592	0.071279	1.330854	0.006278	1.313714
-22.043520	0.182202	1.340851	0.006440	1.313668
-20.426358	-0.014708	1.350848	0.006143	1.313761
-21.175102	0.077882	1.360845	0.006281	1.313719
-21.032900	0.055319	1.370842	0.006255	1.313720
-21.398550	0.115101	1.380838	0.006323	1.313717
-21.418445	0.047507	1.390835	0.006327	1.313629
-20.544787	0.074554	1.400832	0.006167	1.313844
-20.690286	0.127778	1.410829	0.006194	1.313879
-20.660480	-0.005648	1.420826	0.006189	1.313720
-21.399989	0.153722	1.430822	0.006326	1.313762
-20.483074	0.038036	1.440819	0.006157	1.313810
-20.037311	0.029384	1.450816	0.006076	1.313891
-21.135973	0.120994	1.460813	0.006279	1.313775
-20.660086	0.127650	1.470810	0.006191	1.313881
-19.935131	0.091646	1.480806	0.006058	1.313988
-20.736018	0.038426	1.490803	0.006206	1.313755
-19.907791	0.000952	1.500800	0.006054	1.313881
-20.279552	0.125225	1.510797	0.006123	1.313956
-20.269095	0.077847	1.520794	0.006122	1.313899
-20.633762	0.113873	1.530790	0.006189	1.313867
-19.476092	-0.017509	1.540787	0.005977	1.313946
-19.608685	0.100302	1.550784	0.006002	1.314062
-20.711545	0.208248	1.560781	0.006205	1.313965
-19.494130	0.049780	1.570778	0.005981	1.314023
-20.735882	0.219519	1.580774	0.006210	1.313973
-18.703721	0.063619	1.590771	0.005837	1.314203
-19.748354	0.092763	1.600768	0.006030	1.314021
-19.880326	0.124624	1.610765	0.006054	1.314033
-19.628298	0.158956	1.620762	0.006008	1.314127
-19.362496	0.028159	1.630758	0.005960	1.314021
-19.237600	0.004075	1.640755	0.005937	1.314017
-19.213247	0.108616	1.650752	0.005933	1.314150
-19.487362	0.052423	1.660749	0.005984	1.314023
-19.511195	0.068396	1.670746	0.005989	1.314037
-19.281473	0.080812	1.680742	0.005947	1.314100
-18.706150	0.062968	1.690739	0.005842	1.314197
-18.683600	0.063586	1.700736	0.005838	1.314202
-19.984796	0.220037	1.710733	0.006078	1.314123
-18.773877	0.155473	1.720730	0.005856	1.314295
-18.717042	-0.001525	1.730726	0.005846	1.314113
-18.588040	0.156676	1.740723	0.005822	1.314334
-18.456027	0.032992	1.750720	0.005799	1.314209
-19.388573	0.260662	1.760717	0.005971	1.314294
-18.724032	0.086083	1.770714	0.005849	1.314217
-17.934134	0.048974	1.780710	0.005704	1.314336
-18.164494	0.001320	1.790707	0.005747	1.314229
-18.806531	0.159527	1.800704	0.005865	1.314289
-18.556618	0.034016	1.810701	0.005820	1.314186
-18.262625	0.117802	1.820698	0.005766	1.314350
-17.776985	-0.006018	1.830694	0.005677	1.314298
-18.303706	0.093427	1.840691	0.005775	1.314310
-18.033800	0.071957	1.850688	0.005725	1.314339
-19.143853	0.256339	1.860685	0.005930	1.314335
-17.448467	0.058846	1.870682	0.005619	1.314444
-17.864743	0.039282	1.880678	0.005696	1.314333
-17.449706	0.091655	1.890675	0.005620	1.314483
-18.055026	0.131567	1.900672	0.005732	1.314406
-18.123311	0.106851	1.910669	0.005745	1.314360
-17.241918	-0.019331	1.920666	0.005583	1.314388
-17.388541	0.072390	1.930662	0.005610	1.314470
-17.533014	0.144603	1.940659	0.005637	1.314528
-17.981374	0.185234	1.950656	0.005720	1.314484
-17.497924	0.045306	1.960653	0.005632	1.314412
-17.019032	0.038657	1.970650	0.005544	1.314503
-17.494990	0.213995	1.980646	0.005632	1.314619
-16.848516	-0.001754	1.990643	0.005514	1.314488
-17.636438	0.160287	2.000640	0.005659	1.314523
-17.423187	0.123665	2.010637	0.005620	1.314521
-16.293244	0.026929	2.020634	0.005413	1.314637
-16.592776	-0.044094	2.030630	0.005468	1.314487
-17.825609	0.238933	2.040627	0.005696	1.314578
-16.791655	0.128609	2.050624	0.005506	1.314657
-16.988870	0.042938	2.060621	0.005543	1.314510
-16.166478	0.023391	2.070618	0.005392	1.314656
-16.915613	0.146611	2.080614	0.005530	1.314651
-16.625033	0.103709	2.090611	0.005477	1.314659
-16.684391	0.108330	2.100608	0.005488	1.314651
-16.569719	0.091257	2.110605	0.005468	1.314654
-15.728937	0.080704	2.120602	0.005313	1.314815
-16.425984	0.063585	2.130598	0.005442	1.314649
-16.750504	0.116970	2.140595	0.005502	1.314646
-16.686088	0.227451	2.150592	0.005491	1.314795
-15.643673	-0.003411	2.160589	0.005300	1.314727
-15.620345	0.053073	2.170586	0.005296	1.314801
-16.520637	0.080983	2.180582	0.005462	1.314648
-16.203422	0.181383	2.190579	0.005404	1.314836
-16.154274	0.133212	2.200576	0.005395	1.314787
-15.490491	-0.000983	2.210573	0.005274	1.314760
-15.652021	0.202485	2.220570	0.005304	1.314975
-15.704677	0.086332	2.230566	0.005314	1.314821
-16.088465	0.146184	2.240563	0.005385	1.314815
-15.770027	0.117658	2.250560	0.005327	1.314845
-14.727546	0.019594	2.260557	0.005136	1.314941
-15.457405	0.087618	2.270554	0.005270	1.314872
-16.211699	0.191535	2.280550	0.005410	1.314842
-15.125981	0.119182	2.290547	0.005210	1.314979
-15.177925	0.125983	2.300544	0.005220	1.314976
-14.689258	-0.025031	2.310541	0.005131	1.314891
-15.845434	0.197435	2.320538	0.005344	1.314924
-15.287037	0.207151	2.330534	0.005242	1.315051
-14.533581	0.020736	2.340531	0.005104	1.314978
-15.454621	0.174765	2.350528	0.005274	1.314976
-14.138808	0.022620	2.360525	0.005032	1.315062
-15.423400	0.285597	2.370522	0.005269	1.315117
-14.723706	0.053737	2.380518	0.005140	1.314977
-15.228002	0.201763	2.390515	0.005234	1.315054
-14.020265	0.038702	2.400512	0.005012	1.315104
-14.195271	0.004848	2.410509	0.005044	1.315026
-14.939041	0.095905	2.420506	0.005182	1.314982
-14.990835	0.183955	2.430502	0.005192	1.315079
-13.978164	-0.004392	2.440499	0.005006	1.315058
-14.454188	0.015697	2.450496	0.005094	1.314983
-14.309745	0.222982	2.460493	0.005068	1.315267
-14.444707	0.165857	2.470490	0.005093	1.315168
-14.590971	0.208800	2.480486	0.005120	1.315190
-13.596197	0.117438	2.490483	0.004938	1.315284
-14.192394	0.219346	2.500480	0.005048	1.315285
-13.546384	0.114892	2.510477	0.004930	1.315290
-14.551803	0.266073	2.520474	0.005115	1.315266
-13.406155	0.086985	2.530470	0.004905	1.315284
-13.898123	0.167878	2.540467	0.004996	1.315281
-13.236333	0.028415	2.550464	0.004874	1.315246
-13.861690	0.111324	2.560461	0.004990	1.315218
-14.231369	0.283877	2.570458	0.005058	1.315352
-13.314234	0.036964	2.580454	0.004890	1.315239
-13.555734	0.115633	2.590451	0.004935	1.315285
-13.248868	0.177125	2.600448	0.004879	1.315424
-13.193181	0.210849	2.610445	0.004869	1.315476
-13.374640	0.090468	2.620442	0.004903	1.315290
-13.557326	0.124362	2.630438	0.004937	1.315293
-12.853911	0.160506	2.640435	0.004808	1.315483
-12.999320	0.127480	2.650432	0.004835	1.315412
-13.112791	0.204349	2.660429	0.004857	1.315482
-13.757953	0.275069	2.670426	0.004976	1.315434
-12.139766	0.008243	2.680422	0.004678	1.315443
-12.758156	0.133770	2.690419	0.004793	1.315468
-12.815491	0.167905	2.700416	0.004804	1.315497
-13.075695	0.187923	2.710413	0.004852	1.315467
-12.639694	0.217453	2.720410	0.004772	1.315593
-12.484802	0.013453	2.730406	0.004744	1.315375
-12.567822	0.285614	2.740403	0.004760	1.315691
-12.128513	0.111336	2.750400	0.004680	1.315568
-12.610149	0.102866	2.760397	0.004769	1.315457
-13.147024	0.274192	2.770394	0.004868	1.315555
-11.356843	0.019715	2.780390	0.004539	1.315614
-12.545863	0.205714	2.790387	0.004758	1.315595
-12.137133	0.133528	2.800384	0.004683	1.315591
-12.370872	0.178227	2.810381	0.004727	1.315596
-12.290105	0.183706	2.820378	0.004713	1.315619
-11.007100	0.061305	2.830374	0.004477	1.315735
-12.022479	0.122011	2.840371	0.004664	1.315598
-12.534302	0.245804	2.850368	0.004759	1.315643
-11.842039	0.249048	2.860365	0.004632	1.315791
-11.763176	0.137611	2.870362	0.004618	1.315670
-11.045685	0.090354	2.880358	0.004486	1.315760
-11.804088	0.248876	2.890355	0.004626	1.315797
-11.652205	0.061275	2.900352	0.004599	1.315597
-11.726161	0.326408	2.910349	0.004613	1.315907
-11.250581	0.066880	2.920346	0.004526	1.315687
-11.235773	0.241214	2.930342	0.004523	1.315903
-11.409163	0.272706	2.940339	0.004556	1.315905
-11.490091	0.182954	2.950336	0.004571	1.315778
-11.338233	0.276844	2.960333	0.004544	1.315924
-10.612823	0.095525	2.970330	0.004411	1.315852
-11.194237	0.233649	2.980326	0.004518	1.315900
-10.767412	0.159294	2.990323	0.004440	1.315897
-11.066498	0.180977	3.000320	0.004496	1.315861
-10.811921	0.176854	3.010317	0.004449	1.315908
-10.788138	0.169117	3.020314	0.004445	1.315903
-10.324636	0.187474	3.030310	0.004360	1.316021
-10.918334	0.190733	3.040307	0.004470	1.315901
-10.739180	0.165554	3.050304	0.004438	1.315907
-10.625715	0.140283	3.060301	0.004417	1.315899
-10.459009	0.116192	3.070298	0.004387	1.315904
-10.054516	0.140842	3.080294	0.004313	1.316017
-10.820067	0.300067	3.090291	0.004454	1.316053
-10.409947	0.165224	3.100288	0.004379	1.315972
-9.828447	0.187825	3.110285	0.004273	1.316120
-10.470545	0.130666	3.120282	0.004391	1.315916
-10.168423	0.329290	3.130278	0.004336	1.316222
-9.916747	0.189910	3.140275	0.004290	1.316103
-10.200198	0.191933	3.150272	0.004343	1.316046
-9.403235	0.129152	3.160269	0.004197	1.316134
-9.821422	0.172386	3.170266	0.004274	1.316100
-9.950600	0.251818	3.180262	0.004298	1.316170
-10.070642	0.187772	3.190259	0.004321	1.316066
-9.561909	0.232255	3.200256	0.004228	1.316226
-9.318949	0.192840	3.210253	0.004183	1.316227
-9.564902	0.117736	3.220250	0.004229	1.316083
-9.567035	0.235171	3.230246	0.004230	1.316226
-9.740791	0.265259	3.240243	0.004262	1.316227
-8.986674	0.137109	3.250240	0.004124	1.316226
-9.587073	0.236787	3.260237	0.004235	1.316223
-8.660435	0.184952	3.270234	0.004065	1.316351
-9.188214	0.176769	3.280230	0.004163	1.316231
-9.240261	0.174155	3.290227	0.004173	1.316216
-9.191518	0.093452	3.300224	0.004164	1.316127
-8.473790	0.164699	3.310221	0.004032	1.316363
-9.198309	0.062395	3.320218	0.004166	1.316086
-8.955941	0.238356	3.330214	0.004122	1.316352
-8.396490	0.041464	3.340211	0.004020	1.316226
-8.845257	0.050307	3.350208	0.004103	1.316143
-8.983673	0.215151	3.360205	0.004129	1.316316
-8.481255	0.055181	3.370202	0.004037	1.316224
-8.672944	0.243833	3.380198	0.004072	1.316415
-8.431469	0.047230	3.390195	0.004028	1.316223
-7.995336	0.033167	3.400192	0.003949	1.316296
-8.684617	0.092455	3.410189	0.004076	1.316225
-8.063047	0.142014	3.420186	0.003962	1.316414
-8.687666	0.170092	3.430182	0.004077	1.316319
-8.131421	0.115763	3.440179	0.003975	1.316367
-7.576153	0.076959	3.450176	0.003874	1.316434
-8.431480	0.205502	3.460173	0.004032	1.316414
-7.761358	0.024409	3.470170	0.003909	1.316330
-8.162943	0.229606	3.480166	0.003983	1.316498
-7.666228	0.171657	3.490163	0.003892	1.316529
-7.368309	-0.080709	3.500160	0.003838	1.316281
-8.507129	0.216110	3.510157	0.004048	1.316408
-7.510495	0.153342	3.520154	0.003865	1.316538
-7.653059	0.174645	3.530150	0.003891	1.316534
-7.155640	-0.006475	3.540147	0.003800	1.316414
-7.651067	0.174463	3.550144	0.003892	1.316533
-7.260921	0.111417	3.560141	0.003821	1.316536
-7.396736	0.133362	3.570138	0.003846	1.316534
-7.206862	0.100512	3.580134	0.003812	1.316533
-7.259128	0.072950	3.590131	0.003822	1.316488
-7.184123	0.096181	3.600128	0.003808	1.316531
-7.420705	0.139768	3.610125	0.003852	1.316535
-6.664914	0.123953	3.620122	0.003714	1.316672
-7.374603	0.132184	3.630118	0.003845	1.316534
-6.858967	0.163957	3.640115	0.003750	1.316680
-6.585210	0.086064	3.650112	0.003700	1.316640
-7.142784	0.197545	3.660109	0.003803	1.316661
-6.360794	0.148308	3.670106	0.003660	1.316762
-7.096213	0.138642	3.680102	0.003796	1.316597
-6.227295	0.162842	3.690099	0.003636	1.316807
-6.740193	0.239610	3.700096	0.003731	1.316794
-6.212277	0.015707	3.710093	0.003635	1.316628
-6.532354	0.147866	3.720090	0.003694	1.316723
-6.316973	0.132051	3.730086	0.003655	1.316748
-6.177957	0.051272	3.740083	0.003630	1.316678
-6.451084	0.232027	3.750080	0.003680	1.316842
-6.280715	0.215354	3.760077	0.003649	1.316856
-5.803607	0.135427	3.770074	0.003562	1.316857
-6.147364	0.191221	3.780070	0.003626	1.316853
-5.839150	0.135222	3.790067	0.003569	1.316848
-5.838067	0.140120	3.800064	0.003570	1.316854
-6.209139	0.202257	3.810061	0.003639	1.316853
-5.831301	0.134859	3.820058	0.003569	1.316848
-5.748820	0.270056	3.830054	0.003555	1.317030
-5.620779	0.099325	3.840051	0.003532	1.316847
-5.648165	0.302078	3.850048	0.003537	1.317089
-5.711814	0.234795	3.860045	0.003549	1.316993
-5.164457	0.232048	3.870042	0.003449	1.317103
-5.607671	0.165051	3.880038	0.003531	1.316928
-5.151896	0.271138	3.890035	0.003447	1.317152
-5.278688	0.080275	3.900032	0.003471	1.316891
-5.179285	0.190173	3.910029	0.003453	1.317046
-5.092167	0.129510	3.920026	0.003438	1.316989
-5.186998	0.086697	3.930022	0.003456	1.316917
-4.910393	0.162022	3.940019	0.003405	1.317066
-5.049616	0.234337	3.950016	0.003431	1.317125
-4.977201	0.253626	3.960013	0.003419	1.317163
-4.951818	0.250715	3.970010	0.003414	1.317164
-4.898241	0.240355	3.980006	0.003405	1.317162
-4.734842	0.210519	3.990003	0.003375	1.317159
-4.536189	0.179563	4.000000	0.003339	1.317162
-4.337885	0.150133	4.009997	0.003303	1.317166
-4.427098	0.162342	4.019994	0.003320	1.317162
-4.414675	0.158244	4.029990	0.003318	1.317159
-4.446074	0.165707	4.039987	0.003324	1.317161
-4.779270	0.226087	4.049984	0.003386	1.317166
-4.412719	0.263899	4.059981	0.003319	1.317288
-4.425249	0.295525	4.069978	0.003322	1.317323
-3.675492	0.222717	4.079974	0.003184	1.317389
-4.290048	0.137491	4.089971	0.003298	1.317157
-4.146487	0.385540	4.099968	0.003272	1.317490
-3.731554	0.186678	4.109965	0.003196	1.317332
-4.148041	0.285640	4.119962	0.003273	1.317366
-3.525580	0.170791	4.129958	0.003159	1.317354
-3.802224	0.165739	4.139955	0.003211	1.317290
-3.837647	0.320752	4.149952	0.003217	1.317472
-3.622842	0.247205	4.159949	0.003178	1.317426
-3.618165	0.302901	4.169946	0.003178	1.317494
-3.450352	0.274551	4.179942	0.003148	1.317494
-3.506096	0.284539	4.189939	0.003158	1.317494
-3.694709	0.317328	4.199936	0.003193	1.317495
-3.493718	0.282981	4.209933	0.003157	1.317494
-3.240903	0.244712	4.219930	0.003111	1.317499
-3.248822	0.361416	4.229926	0.003113	1.317639
-3.134547	0.393411	4.239923	0.003092	1.317702
-3.247901	0.340876	4.249920	0.003113	1.317613
-2.931461	0.380189	4.259917	0.003056	1.317727
-2.894301	0.300589	4.269914	0.003049	1.317636
-2.759142	0.307234	4.279910	0.003025	1.317672
-2.885059	0.317550	4.289907	0.003048	1.317658
-2.915000	0.383516	4.299904	0.003054	1.317732
-2.746723	0.357193	4.309901	0.003024	1.317734
-2.626671	0.333161	4.319898	0.003002	1.317729
-2.725516	0.356884	4.329894	0.003021	1.317737
-2.821048	0.371818	4.339891	0.003039	1.317735
-2.481244	0.412356	4.349888	0.002977	1.317855
-2.467305	0.320921	4.359885	0.002975	1.317745
-2.861556	0.632727	4.369882	0.003048	1.318045
-2.088286	0.502509	4.379878	0.002906	1.318045
-2.092171	0.504807	4.389875	0.002907	1.318046
-1.890114	0.470281	4.399872	0.002870	1.318046
-2.409799	0.559979	4.409869	0.002966	1.318047
-2.330915	0.651517	4.419866	0.002952	1.318175
-1.888056	0.545363	4.429862	0.002871	1.318136
-2.122648	0.662954	4.439859	0.002915	1.318231
-1.798968	0.705303	4.449856	0.002856	1.318350
-1.236723	0.420745	4.459853	0.002753	1.318117
-2.573992	0.754323	4.469850	0.002999	1.318248
-1.438356	0.645317	4.479846	0.002791	1.318349
-1.490437	0.653855	4.489843	0.002801	1.318348
-1.321796	0.629005	4.499840	0.002770	1.318352
-1.496506	0.652993	4.509837	0.002803	1.318345
-1.661588	0.685692	4.519834	0.002834	1.318350
-1.134868	0.591768	4.529830	0.002737	1.318344
-1.369250	0.636192	4.539827	0.002781	1.318349
-1.599051	0.783494	4.549824	0.002823	1.318482
-1.031252	0.796308	4.559821	0.002719	1.318614
-1.060877	0.804812	4.569818	0.002725	1.318618
-1.327436	0.861765	4.579814	0.002775	1.318632
-0.847829	0.812521	4.589811	0.002687	1.318671
-1.146765	0.862504	4.599808	0.002742	1.318669
-1.175044	0.932387	4.609805	0.002748	1.318749
-0.877552	1.070453	4.619802	0.002694	1.318979
-0.701376	1.039414	4.629798	0.002662	1.318977
-0.690639	1.039367	4.639795	0.002660	1.318978
-1.201601	1.213660	4.649792	0.002755	1.319085
-0.649191	1.294917	4.659789	0.002653	1.319298
-0.502365	1.269739	4.669786	0.002627	1.319298
-0.306784	1.242955	4.679782	0.002591	1.319305
-0.444124	1.261891	4.689779	0.002617	1.319299
-0.415009	1.252092	4.699776	0.002612	1.319292
-0.602340	1.352043	4.709773	0.002647	1.319375
-0.542916	1.534120	4.719770	0.002636	1.319610
-0.392990	1.720602	4.729766	0.002609	1.319869
-0.129982	1.732961	4.739763	0.002561	1.319938
-0.237914	1.754011	4.749760	0.002581	1.319940
-0.112749	1.923965	4.759757	0.002559	1.320174
0.000000	1.956260	4.769754	0.002538	1.320236

0.210413	1.922923	4.774758	0.002500	1.320238
0.132814	2.135447	4.779763	0.002514	1.320482
0.323813	2.305254	4.784768	0.002479	1.320729
0.420887	2.572554	4.789773	0.002461	1.321075
0.650202	2.915514	4.794778	0.002419	1.321541
0.805539	3.253227	4.799782	0.002391	1.321986
1.030605	3.668090	4.804787	0.002349	1.322538
1.988064	3.924489	4.809792	0.002173	1.323048
2.194327	4.256003	4.814797	0.002135	1.323495
2.208234	4.740912	4.819802	0.002132	1.324089
2.542882	5.242076	4.824806	0.002070	1.324769
2.839523	5.729900	4.829811	0.002016	1.325424
3.184411	6.257868	4.834816	0.001952	1.326137
3.118466	6.910787	4.839821	0.001964	1.326918
3.318680	7.570133	4.844826	0.001927	1.327761
3.660818	8.239023	4.849830	0.001864	1.328643
4.487909	8.876983	4.854835	0.001711	1.329588
5.825659	9.296570	4.859840	0.001465	1.330371
5.705635	9.909211	4.864845	0.001487	1.331089
5.841925	10.615209	4.869850	0.001461	1.331973
6.309448	11.232414	4.874854	0.001375	1.332816
6.779905	11.887178	4.879859	0.001288	1.333704
7.244729	12.553078	4.884864	0.001202	1.334605
7.342939	13.302080	4.889869	0.001184	1.335530
7.830313	14.052336	4.894874	0.001094	1.336535
8.160720	14.786922	4.899878	0.001033	1.337489
8.212523	15.636116	4.904883	0.001023	1.338524
9.273178	16.348698	4.909888	0.000827	1.339598
9.456133	17.133949	4.914893	0.000793	1.340581
9.838365	17.965584	4.919898	0.000723	1.341659
10.638014	18.681534	4.924902	0.000575	1.342682
10.714735	19.507288	4.929907	0.000561	1.343690
11.148866	20.374302	4.934912	0.000480	1.344818
11.397861	21.251095	4.939917	0.000434	1.345920
11.915239	22.146310	4.944922	0.000338	1.347097
12.632246	22.936225	4.949926	0.000206	1.348188
12.925674	23.812568	4.954931	0.000152	1.349295
13.837966	24.597601	4.959936	-0.000017	1.350418
14.418460	25.369324	4.964941	-0.000124	1.351456
15.064746	26.108796	4.969946	-0.000243	1.352469
15.386793	26.893766	4.974950	-0.000303	1.353469
15.736960	27.716164	4.979955	-0.000368	1.354520
16.411328	28.488158	4.984960	-0.000492	1.355574
16.838815	29.316250	4.989965	-0.000571	1.356645
17.451872	30.032372	4.994970	-0.000684	1.357619
17.931194	30.791350	4.999974	-0.000773	1.358617
18.288748	31.616327	5.004979	-0.000839	1.359667
19.562052	32.232592	5.009984	-0.001074	1.360653
19.887979	32.939520	5.014989	-0.001134	1.361555
20.614412	33.561192	5.019994	-0.001268	1.362437
21.391006	34.147486	5.024998	-0.001411	1.363285
21.393431	34.877146	5.030003	-0.001412	1.364149
22.544962	35.400325	5.035008	-0.001624	1.364996
22.597006	36.089001	5.040013	-0.001634	1.365820
23.122983	36.759142	5.045018	-0.001731	1.366716
23.537375	37.368001	5.050022	-0.001807	1.367517
23.634403	38.125344	5.055027	-0.001826	1.368429
24.805142	38.702907	5.060032	-0.002041	1.369342
25.059622	39.366138	5.065037	-0.002088	1.370173
25.603537	40.023554	5.070042	-0.002189	1.371054
26.071711	40.667132	5.075046	-0.002275	1.371904
26.063590	41.411354	5.080051	-0.002274	1.372777
26.900500	42.076107	5.085056	-0.002428	1.373723
27.263181	42.787157	5.090061	-0.002495	1.374629
27.967919	43.434279	5.095066	-0.002625	1.375527
28.344210	44.135559	5.100070	-0.002695	1.376423
28.880442	44.810455	5.105075	-0.002794	1.377320
29.876167	45.334066	5.110080	-0.002977	1.378129
29.957954	46.021901	5.115085	-0.002993	1.378949
30.803620	46.618063	5.120090	-0.003149	1.379813
31.529977	47.139246	5.125094	-0.003283	1.380564
31.843302	47.770719	5.130099	-0.003340	1.381363
32.775348	48.232412	5.135104	-0.003512	1.382085
32.863005	48.815206	5.140109	-0.003529	1.382782
33.613449	49.335264	5.145114	-0.003667	1.383535
33.959897	49.899997	5.150118	-0.003731	1.384261
34.353393	50.510909	5.155123	-0.003803	1.385049
35.271422	50.983004	5.160128	-0.003973	1.385778
35.389632	51.597991	5.165133	-0.003995	1.386517
35.868671	52.154860	5.170138	-0.004083	1.387258
35.950459	52.784174	5.175142	-0.004098	1.388005
36.201915	53.499855	5.180147	-0.004145	1.388885
36.508417	54.238254	5.185152	-0.004201	1.389802
36.581825	55.075811	5.190157	-0.004215	1.390788
37.296656	55.806694	5.195162	-0.004347	1.391774
37.504928	56.602347	5.200166	-0.004386	1.392736
37.818678	57.467608	5.205171	-0.004444	1.393799
38.126500	58.345511	5.210176	-0.004501	1.394874
38.236654	59.324053	5.215181	-0.004522	1.396026
38.834426	60.198216	5.220186	-0.004632	1.397151
38.996258	61.190577	5.225190	-0.004662	1.398327
39.190022	62.243191	5.230195	-0.004699	1.399578
40.104327	63.172006	5.235200	-0.004867	1.400824
40.326481	64.195641	5.240205	-0.004909	1.402045
41.613885	65.002891	5.245210	-0.005146	1.403221
42.248067	65.827460	5.250214	-0.005263	1.404291
42.947918	66.632505	5.255219	-0.005393	1.405349
43.670811	67.389216	5.260224	-0.005526	1.406356
43.954166	68.165896	5.265229	-0.005578	1.407301
44.628146	68.911893	5.270234	-0.005703	1.408284
44.892469	69.759758	5.275238	-0.005752	1.409306
45.280112	70.587072	5.280243	-0.005824	1.410326
45.830772	71.406318	5.285248	-0.005925	1.411368
45.984930	72.298551	5.290253	-0.005954	1.412416
46.461176	73.169955	5.295258	-0.006042	1.413501
46.829800	74.111616	5.300262	-0.006110	1.414645
47.077904	75.077849	5.305267	-0.006156	1.415793
47.838682	75.945363	5.310272	-0.006297	1.416926
48.132513	76.879241	5.315277	-0.006351	1.418044
48.277161	77.900422	5.320282	-0.006379	1.419232
48.847868	78.899171	5.325286	-0.006484	1.420475
49.144717	79.931929	5.330291	-0.006539	1.421703
50.019137	80.830714	5.335296	-0.006701	1.422887
50.495903	81.787553	5.340301	-0.006789	1.424061
51.233301	82.706642	5.345306	-0.006925	1.425241
51.770522	83.625859	5.350310	-0.007024	1.426382
52.106054	84.517306	5.355315	-0.007087	1.427453
53.043365	85.357266	5.360320	-0.007260	1.428578
53.462773	86.224840	5.365325	-0.007337	1.429636
54.379278	87.005598	5.370330	-0.007506	1.430688
54.806241	87.831060	5.375334	-0.007585	1.431698
55.159539	88.636054	5.380339	-0.007651	1.432671
55.562613	89.500233	5.385344	-0.007725	1.433719
55.964934	90.380375	5.390349	-0.007800	1.434783
56.475974	91.229869	5.395354	-0.007894	1.435833
56.930933	92.091659	5.400358	-0.007978	1.436886
57.107590	93.010244	5.405363	-0.008011	1.437949
57.848362	93.891200	5.410368	-0.008148	1.439075
58.617595	94.714955	5.415373	-0.008290	1.440141
59.307411	95.507634	5.420378	-0.008417	1.441157
59.976681	96.220909	5.425382	-0.008541	1.442079
60.311004	97.031725	5.430387	-0.008603	1.443047
61.073897	97.765591	5.435392	-0.008743	1.444009
61.479717	98.534325	5.440397	-0.008818	1.444942
62.075375	99.278377	5.445402	-0.008928	1.445883
62.557427	100.006930	5.450406	-0.009017	1.446784
62.799893	100.789292	5.455411	-0.009062	1.447701
63.473117	101.554191	5.460416	-0.009187	1.448677
63.792489	102.352339	5.465421	-0.009246	1.449624
64.086824	103.207202	5.470426	-0.009300	1.450628
64.431547	104.062734	5.475430	-0.009364	1.451642
64.853782	104.890379	5.480435	-0.009442	1.452639
65.429365	105.769246	5.485440	-0.009549	1.453720
65.790010	106.655671	5.490445	-0.009615	1.454769
66.389305	107.508654	5.495450	-0.009726	1.455824
66.600949	108.457009	5.500454	-0.009765	1.456913
67.117761	109.328993	5.505459	-0.009861	1.457972
67.607677	110.267076	5.510464	-0.009952	1.459099
68.201920	111.123539	5.515469	-0.010061	1.460154
68.574399	112.058412	5.520474	-0.010130	1.461254
69.112837	112.913163	5.525478	-0.010230	1.462295
69.583609	113.832596	5.530483	-0.010317	1.463394
70.154147	114.713352	5.535488	-0.010422	1.464468
70.653937	115.639413	5.540493	-0.010515	1.465579
71.207034	116.500995	5.545498	-0.010617	1.466627
72.321667	117.200876	5.550502	-0.010823	1.467599
72.941765	117.938605	5.555507	-0.010937	1.468522
73.594796	118.634686	5.560512	-0.011058	1.469405
74.207308	119.323632	5.565517	-0.011171	1.470272
74.624964	120.040072	5.570522	-0.011248	1.471133
75.250091	120.695666	5.575526	-0.011363	1.471965
75.533436	121.414128	5.580531	-0.011416	1.472803
75.843815	122.193198	5.585536	-0.011473	1.473711
76.736590	122.839652	5.590541	-0.011638	1.474580
76.959502	123.591285	5.595546	-0.011679	1.475442
77.315825	124.367819	5.600550	-0.011745	1.476354
77.591517	125.113073	5.605555	-0.011796	1.477217
78.288723	125.873769	5.610560	-0.011925	1.478173
78.930248	126.605917	5.615565	-0.012043	1.479087
79.304327	127.342774	5.620570	-0.012112	1.479957
79.756380	128.126254	5.625574	-0.012196	1.480891
80.087008	128.883103	5.630579	-0.012257	1.481774
80.586088	129.686281	5.635584	-0.012349	1.482737
80.987455	130.488753	5.640589	-0.012423	1.483681
81.049478	131.402670	5.645594	-0.012435	1.484685
81.638935	132.293510	5.650598	-0.012544	1.485757
81.880734	133.172685	5.655603	-0.012589	1.486754
82.235530	134.138934	5.660608	-0.012655	1.487864
82.751514	135.054680	5.665613	-0.012750	1.488948
82.810923	136.118859	5.670618	-0.012762	1.490110
83.246268	137.154993	5.675622	-0.012842	1.491308
83.565754	138.196086	5.680627	-0.012902	1.492489
83.812621	139.338089	5.685632	-0.012947	1.493766
84.298303	140.450617	5.690637	-0.013037	1.495052
84.558917	141.606897	5.695642	-0.013086	1.496344
85.286779	142.685566	5.700646	-0.013221	1.497635
85.673807	143.829235	5.705651	-0.013292	1.498934
86.118243	144.980440	5.710656	-0.013375	1.500250
86.729920	146.082759	5.715661	-0.013488	1.501542
87.072315	147.218116	5.720666	-0.013551	1.502820
87.681303	148.363363	5.725670	-0.013664	1.504155
88.143412	149.506522	5.730675	-0.013750	1.505461
88.592764	150.614046	5.735680	-0.013833	1.506725
89.006852	151.775910	5.740685	-0.013910	1.508040
89.232668	153.006319	5.745690	-0.013952	1.509394
89.724329	154.232056	5.750694	-0.014043	1.510789
90.533055	155.323899	5.755699	-0.014193	1.512095
91.006792	156.503681	5.760704	-0.014280	1.513435
91.426236	157.688012	5.765709	-0.014358	1.514769
91.783446	158.873780	5.770714	-0.014425	1.516092
92.147380	160.082919	5.775718	-0.014492	1.517440
92.604494	161.323409	5.780723	-0.014577	1.518836
93.213556	162.529690	5.785728	-0.014690	1.520222
93.640213	163.744659	5.790733	-0.014769	1.521584
94.117654	164.947682	5.795738	-0.014857	1.522940
94.707476	166.183660	5.800742	-0.014967	1.524350
95.310923	167.363952	5.805747	-0.015078	1.525702
95.680497	168.530501	5.810752	-0.015147	1.526997
96.110957	169.778388	5.815757	-0.015227	1.528388
96.157670	171.114621	5.820762	-0.015236	1.529804
96.839321	172.384160	5.825766	-0.015362	1.531258
97.438356	173.630230	5.830771	-0.015473	1.532672
97.935409	174.886538	5.835776	-0.015565	1.534078
98.205102	176.220475	5.840781	-0.015616	1.535525
98.528842	177.511210	5.845786	-0.015676	1.536934
99.314233	178.786185	5.850790	-0.015821	1.538405
100.048154	180.009416	5.855795	-0.015957	1.539812
100.477853	181.243934	5.860800	-0.016037	1.541177
101.299949	182.396365	5.865805	-0.016189	1.542522
101.871923	183.561295	5.870810	-0.016294	1.543836
102.651323	184.689378	5.875814	-0.016439	1.545147
103.562704	185.660428	5.880819	-0.016607	1.546315
104.036714	186.683628	5.885824	-0.016695	1.547461
104.483886	187.739707	5.890829	-0.016777	1.548637
104.875048	188.808449	5.895834	-0.016850	1.549815
105.579329	189.836394	5.900838	-0.016980	1.551003
106.428488	190.746003	5.905843	-0.017137	1.552092
106.927359	191.696934	5.910848	-0.017229	1.553164
107.570655	192.626768	5.915853	-0.017348	1.554237
107.988289	193.587277	5.920858	-0.017425	1.555303
108.302856	194.518417	5.925862	-0.017484	1.556320
108.766705	195.494919	5.930867	-0.017569	1.557409
109.121970	196.526310	5.935872	-0.017635	1.558536
109.651844	197.525832	5.940877	-0.017733	1.559658
109.933480	198.588802	5.945882	-0.017786	1.560803
110.286460	199.622540	5.950886	-0.017851	1.561929
110.618639	200.748532	5.955891	-0.017913	1.563146
110.893533	201.916272	5.960896	-0.017964	1.564395
111.462548	203.053310	5.965901	-0.018069	1.565661
111.989869	204.133679	5.970906	-0.018167	1.566861
112.340086	205.303524	5.975910	-0.018232	1.568121
112.513914	206.547491	5.980915	-0.018265	1.569427
112.804111	207.811006	5.985920	-0.018319	1.570772
113.256588	209.068953	5.990925	-0.018403	1.572137
113.585561	210.373849	5.995930	-0.018464	1.573528
114.072780	211.716257	6.000934	-0.018554	1.574983
114.540554	212.956541	6.005939	-0.018641	1.576329
114.967644	214.282199	6.010944	-0.018720	1.577754
115.544039	215.594425	6.015949	-0.018827	1.579189
115.960951	216.924341	6.020954	-0.018905	1.580614
116.308744	218.254159	6.025958	-0.018969	1.582026
116.737750	219.631161	6.030963	-0.019049	1.583499
117.234829	221.012040	6.035968	-0.019141	1.584985
117.729625	222.346251	6.040973	-0.019233	1.586422
118.053321	223.756790	6.045978	-0.019293	1.587907
118.558289	225.157327	6.050982	-0.019387	1.589410
118.747536	226.622479	6.055987	-0.019423	1.590925
119.118881	228.112943	6.060992	-0.019492	1.592494
119.633037	229.602881	6.065997	-0.019587	1.594084
120.259525	231.039355	6.071002	-0.019703	1.595638
121.011775	232.410312	6.076006	-0.019843	1.597145
121.513758	233.812250	6.081011	-0.019936	1.598640
122.058854	235.225459	6.086016	-0.020037	1.600152
122.804122	236.543526	6.091021	-0.020175	1.601601
123.286182	237.881006	6.096026	-0.020264	1.603024
123.853150	239.241033	6.101030	-0.020369	1.604482
124.829809	240.422642	6.106035	-0.020550	1.605827
126.108879	241.476321	6.111040	-0.020786	1.607093
127.160339	242.405026	6.116045	-0.020980	1.608195
128.014874	243.281547	6.121050	-0.021138	1.609212
128.268540	244.262330	6.126054	-0.021185	1.610234
128.750542	245.168154	6.131059	-0.021274	1.611218
129.230888	246.113642	6.136064	-0.021363	1.612240
129.811834	247.068384	6.141069	-0.021470	1.613288
129.932140	248.088017	6.146074	-0.021493	1.614324
130.483910	249.105788	6.151078	-0.021595	1.615429
130.809979	250.103383	6.156083	-0.021655	1.616475
130.966050	251.219331	6.161088	-0.021684	1.617611
131.318610	252.367092	6.166093	-0.021750	1.618810
131.524229	253.557832	6.171098	-0.021788	1.620027
131.896646	254.747574	6.176102	-0.021858	1.621269
132.367235	255.967107	6.181107	-0.021945	1.622555
132.612490	257.245900	6.186112	-0.021991	1.623863
132.788936	258.604297	6.191117	-0.022024	1.625237
132.961302	259.961389	6.196122	-0.022056	1.626608
133.407482	261.397655	6.201126	-0.022139	1.628101
133.744795	262.851514	6.206131	-0.022202	1.629592
133.872754	264.352153	6.211136	-0.022226	1.631094
134.171844	265.931111	6.216141	-0.022282	1.632699
134.626421	267.506153	6.221146	-0.022367	1.634324
134.941394	269.092454	6.226150	-0.022425	1.635936
135.374440	270.684495	6.231155	-0.022506	1.637571
135.525141	272.405944	6.236160	-0.022535	1.639286
135.803710	274.121453	6.241165	-0.022587	1.641014
136.304487	275.865263	6.246170	-0.022680	1.642803
136.618180	277.663892	6.251174	-0.022739	1.644614
137.048592	279.411573	6.256179	-0.022819	1.646392
137.280733	281.283834	6.261184	-0.022863	1.648258
137.759409	283.132092	6.266189	-0.022952	1.650137
138.221711	284.967622	6.271194	-0.023038	1.652000
138.641375	286.862646	6.276198	-0.023116	1.653911
139.297368	288.662297	6.281203	-0.023238	1.655765
139.643068	290.530485	6.286208	-0.023303	1.657634
140.024358	292.455611	6.291213	-0.023374	1.659562
140.490522	294.310794	6.296218	-0.023461	1.661434
140.958371	296.261814	6.301222	-0.023548	1.663396
141.683348	298.110685	6.306227	-0.023683	1.665297
141.846334	300.022524	6.311232	-0.023714	1.667169
142.213592	302.016893	6.316237	-0.023782	1.669151
142.514809	304.013101	6.321242	-0.023839	1.671121
143.095623	306.004213	6.326246	-0.023947	1.673128
143.737214	307.954552	6.331251	-0.024066	1.675103
144.058876	309.924747	6.336256	-0.024127	1.677044
144.437228	311.982749	6.341261	-0.024197	1.679077
144.803094	314.007380	6.346266	-0.024266	1.681072
145.448253	316.034180	6.351270	-0.024386	1.683111
146.130533	318.025898	6.356275	-0.024513	1.685120
146.619185	319.969375	6.361280	-0.024604	1.687050
146.948153	322.029365	6.366285	-0.024665	1.689064
147.386900	324.031657	6.371290	-0.024747	1.691038
147.859919	326.111014	6.376294	-0.024835	1.693088
148.199053	328.190503	6.381299	-0.024899	1.695115
148.738017	330.239450	6.386304	-0.024999	1.697142
149.287299	332.309605	6.391309	-0.025102	1.699187
149.798023	334.331374	6.396314	-0.025197	1.701179
150.270651	336.419802	6.401318	-0.025285	1.703225
150.953233	338.423540	6.406323	-0.025412	1.705220
151.545781	340.436233	6.411328	-0.025522	1.707209
152.113871	342.438138	6.416333	-0.025628	1.709180
152.534718	344.421112	6.421338	-0.025707	1.711110
153.077676	346.423139	6.426342	-0.025808	1.713073
153.392254	348.452457	6.431347	-0.025867	1.715026
153.847973	350.496568	6.436352	-0.025952	1.717011
154.536039	352.510727	6.441357	-0.026080	1.719001
154.793171	354.552929	6.446362	-0.026128	1.720950
155.175969	356.682419	6.451366	-0.026200	1.722997
155.718961	358.741724	6.456371	-0.026301	1.725000
156.096786	360.840048	6.461376	-0.026372	1.727013
156.700486	362.948359	6.466381	-0.026484	1.729066
157.009449	365.070991	6.471386	-0.026542	1.731086
157.518057	367.207126	6.476390	-0.026637	1.733146
158.076554	369.292466	6.481395	-0.026741	1.735163
158.492943	371.426494	6.486400	-0.026819	1.737203
158.820197	373.607005	6.491405	-0.026880	1.739269
159.294050	375.771718	6.496410	-0.026969	1.741341
159.767202	377.980872	6.501414	-0.027057	1.743450
160.237902	380.149873	6.506419	-0.027145	1.745520
160.720800	382.325389	6.511424	-0.027235	1.747595
161.204149	384.556529	6.516429	-0.027325	1.749719
161.836183	386.706492	6.521434	-0.027443	1.751787
162.385336	388.868723	6.526438	-0.027545	1.753852
163.020131	390.965062	6.531443	-0.027663	1.755867
163.562244	393.107156	6.536448	-0.027764	1.757908
164.353988	395.159121	6.541453	-0.027911	1.759900
165.008917	397.171768	6.546458	-0.028033	1.761835
165.218711	399.269379	6.551462	-0.028073	1.763779
165.564137	401.385517	6.556467	-0.028138	1.765758
166.141585	403.481226	6.561472	-0.028245	1.767750
166.521931	405.641393	6.566477	-0.028316	1.769770
167.018003	407.765331	6.571482	-0.028409	1.771771
167.361736	409.970047	6.576486	-0.028473	1.773821
167.846349	412.143513	6.581491	-0.028564	1.775861
168.383821	414.336013	6.586496	-0.028664	1.777923
168.740533	416.528993	6.591501	-0.028731	1.779957
168.958791	418.800306	6.596506	-0.028773	1.782040
169.440078	421.064030	6.601510	-0.028862	1.784151
169.897651	423.334357	6.606515	-0.028948	1.786262
170.214554	425.670043	6.611520	-0.029008	1.788409
170.686179	427.984295	6.616525	-0.029096	1.790557
171.230713	430.294187	6.621530	-0.029197	1.792708
171.641762	432.615052	6.626534	-0.029274	1.794847
172.119864	434.973467	6.631539	-0.029364	1.797028
172.447573	437.338240	6.636544	-0.029425	1.799189
173.056692	439.713414	6.641549	-0.029539	1.801398
173.492081	442.089234	6.646554	-0.029621	1.803579
173.995691	444.438797	6.651558	-0.029715	1.805744
174.608834	446.821633	6.656563	-0.029829	1.807952
174.831832	449.200917	6.661568	-0.029871	1.810098
175.370873	451.647710	6.666573	-0.029972	1.812347
175.858175	454.032657	6.671578	-0.030063	1.814530
176.415040	456.419972	6.676582	-0.030167	1.816723
176.829054	458.859863	6.681587	-0.030245	1.818939
177.553747	461.204203	6.686592	-0.030379	1.821112
178.037529	463.584839	6.691597	-0.030470	1.823281
178.587129	465.926289	6.696602	-0.030572	1.825422
179.091012	468.295637	6.701606	-0.030666	1.827578
179.740914	470.626303	6.706611	-0.030787	1.829718
180.151714	472.979827	6.711616	-0.030864	1.831842
180.601375	475.348735	6.716621	-0.030949	1.833983
181.038518	477.682061	6.721626	-0.031030	1.836088
181.474603	480.111509	6.726630	-0.031112	1.838274
181.973151	482.473162	6.731635	-0.031205	1.840408
182.564132	484.854731	6.736640	-0.031315	1.842569
182.992388	487.236895	6.741645	-0.031396	1.844705
183.366625	489.665808	6.746650	-0.031466	1.846873
183.787367	492.127668	6.751654	-0.031545	1.849072
184.462104	494.519190	6.756659	-0.031670	1.851243
184.889468	496.939664	6.761664	-0.031751	1.853403
185.335817	499.353960	6.766669	-0.031834	1.855557
185.602444	501.856021	6.771674	-0.031885	1.857760
186.153836	504.307515	6.776678	-0.031988	1.859956
186.626232	506.814126	6.781683	-0.032076	1.862185
186.960398	509.295544	6.786688	-0.032139	1.864372
187.445329	511.848084	6.791693	-0.032230	1.866637
187.728689	514.418222	6.796698	-0.032283	1.868888
188.193918	517.029927	6.801702	-0.032371	1.871196
188.566288	519.636704	6.806707	-0.032441	1.873485
189.189931	522.190465	6.811712	-0.032557	1.875759
189.608517	524.841057	6.816717	-0.032636	1.878086
189.969310	527.449386	6.821722	-0.032704	1.880366
190.421696	530.127382	6.826726	-0.032788	1.882714
190.734321	532.812167	6.831731	-0.032847	1.885047
191.101432	535.561086	6.836736	-0.032917	1.887439
191.561018	538.306970	6.841741	-0.033003	1.889838
191.938633	541.117686	6.846746	-0.033074	1.892278
192.338216	543.865415	6.851750	-0.033149	1.894664
192.990599	546.654985	6.856755	-0.033271	1.897116
193.222511	549.475596	6.861760	-0.033315	1.899535
193.803964	552.312481	6.866765	-0.033424	1.902011
194.159102	555.132690	6.871770	-0.033491	1.904440
194.541358	558.012175	6.876774	-0.033563	1.906919
194.981390	560.916708	6.881779	-0.033646	1.909424
195.401295	563.858614	6.886784	-0.033725	1.911954
195.974076	566.724676	6.891789	-0.033832	1.914438
196.558158	569.607771	6.896794	-0.033941	1.916933
197.084513	572.485762	6.901798	-0.034040	1.919414
197.363370	575.446271	6.906803	-0.034093	1.921928
197.856398	578.338603	6.911808	-0.034186	1.924410
198.290925	581.316572	6.916813	-0.034267	1.926952
198.795193	584.268620	6.921818	-0.034362	1.929478
199.487628	587.204163	6.926822	-0.034491	1.932012
200.003010	590.043839	6.931827	-0.034588	1.934440
200.342925	593.003767	6.936832	-0.034652	1.936941
200.986779	595.894084	6.941837	-0.034772	1.939421
201.463813	598.830518	6.946842	-0.034862	1.941915
202.002164	601.693917	6.951846	-0.034963	1.944352
202.399858	604.681677	6.956851	-0.035038	1.946871
202.838701	607.622542	6.961856	-0.035120	1.949354
203.336242	610.589828	6.966861	-0.035214	1.951862
203.678993	613.548904	6.971866	-0.035278	1.954341
204.036192	616.622880	6.976870	-0.035346	1.956913
204.581168	619.603909	6.981875	-0.035448	1.959429
204.914987	622.684049	6.986880	-0.035511	1.961996
205.440535	625.740105	6.991885	-0.035610	1.964564
205.851236	628.849297	6.996890	-0.035687	1.967158
206.291291	631.936752	7.001894	-0.035770	1.969734
206.735560	635.093838	7.006899	-0.035854	1.972364
207.040228	638.227809	7.011904	-0.035912	1.974955
207.414559	641.447411	7.016909	-0.035983	1.977620
207.998585	644.617292	7.021914	-0.036092	1.980267
208.591464	647.773875	7.026918	-0.036203	1.982901
209.130684	650.935636	7.031923	-0.036304	1.985529
209.644798	654.071467	7.036928	-0.036401	1.988130
210.178101	657.251351	7.041933	-0.036501	1.990765
210.860566	660.327779	7.046938	-0.036628	1.993331
211.747214	663.333254	7.051942	-0.036794	1.995863
212.440092	666.278391	7.056947	-0.036923	1.998318
212.919122	669.267744	7.061952	-0.037013	2.000780
213.693983	672.155380	7.066957	-0.037157	2.003194
214.511527	674.996907	7.071962	-0.037309	2.005572
215.201009	677.754112	7.076966	-0.037438	2.007865
215.708055	680.547455	7.081971	-0.037533	2.010161
216.301302	683.300178	7.086976	-0.037644	2.012433
216.908294	686.007877	7.091981	-0.037757	2.014668
217.447705	688.737187	7.096986	-0.037858	2.016910
217.891196	691.451482	7.101990	-0.037941	2.019125
218.523788	694.176937	7.106995	-0.038059	2.021370
218.810772	696.878292	7.112000	-0.038114	2.023551
219.428622	699.641849	7.117005	-0.038229	2.025819
219.733013	702.407940	7.122010	-0.038287	2.028048
220.116269	705.218715	7.127014	-0.038359	2.030320
220.630020	708.010757	7.132019	-0.038455	2.032590
221.079454	710.822260	7.137024	-0.038540	2.034866
221.594171	713.647818	7.142029	-0.038636	2.037157
221.995875	716.469057	7.147034	-0.038712	2.039429
222.490101	719.352196	7.152038	-0.038804	2.041759
223.324890	722.062307	7.157043	-0.038960	2.043990
223.872317	724.819992	7.162048	-0.039062	2.046222
224.165923	727.617484	7.167053	-0.039118	2.048452
224.528727	730.482451	7.172058	-0.039186	2.050741
224.865354	733.343156	7.177062	-0.039250	2.053021
225.381558	736.219646	7.182067	-0.039347	2.055332
225.786634	739.108901	7.187072	-0.039423	2.057637
226.165259	742.056197	7.192077	-0.039494	2.059982
226.624186	745.009340	7.197082	-0.039581	2.062338
227.058733	747.944237	7.202086	-0.039662	2.064674
227.446574	750.947357	7.207091	-0.039736	2.067055
227.645125	754.021921	7.212096	-0.039774	2.069466
228.198359	757.100865	7.217101	-0.039878	2.071920
228.483077	760.174124	7.222106	-0.039932	2.074335
228.811392	763.364298	7.227110	-0.039994	2.076842
229.082037	766.555688	7.232115	-0.040046	2.079341
229.590384	769.801247	7.237120	-0.040142	2.081906
229.850772	773.095145	7.242125	-0.040191	2.084476
230.103605	776.465534	7.247130	-0.040240	2.087101
230.468825	779.859741	7.252134	-0.040309	2.089754
231.487114	783.163944	7.257139	-0.040499	2.092411
232.353484	786.323488	7.262144	-0.040660	2.094936
232.921669	789.476074	7.267149	-0.040767	2.097417
233.776763	792.544803	7.272154	-0.040926	2.099865
234.392272	795.541502	7.277158	-0.041041	2.102227
234.801236	798.599626	7.282163	-0.041118	2.104609
235.142438	801.696169	7.287168	-0.041183	2.107010
235.801065	804.758574	7.292173	-0.041306	2.109419
236.054718	807.854316	7.297178	-0.041354	2.111803
236.289174	811.023527	7.302182	-0.041399	2.114239
236.819083	814.230619	7.307187	-0.041499	2.116735
237.199820	817.428558	7.312192	-0.041571	2.119203
237.644639	820.672845	7.317197	-0.041655	2.121711
238.039490	823.923078	7.322202	-0.041729	2.124215
238.379653	827.247947	7.327206	-0.041794	2.126765
238.839757	830.580363	7.332211	-0.041881	2.129332
239.096227	833.940794	7.337216	-0.041930	2.131894
239.547865	837.326167	7.342221	-0.042015	2.134494
239.949569	840.760309	7.347226	-0.042091	2.137121
240.274191	844.243687	7.352230	-0.042153	2.139774
240.426999	847.806896	7.357235	-0.042183	2.142464
240.808269	851.408902	7.362240	-0.042256	2.145205
241.321858	855.022497	7.367245	-0.042352	2.147965
241.588165	858.732404	7.372250	-0.042404	2.150767
242.138799	862.306398	7.377254	-0.042507	2.153495
242.593074	866.014431	7.382259	-0.042593	2.156309
242.936600	869.748059	7.387264	-0.042659	2.159126
243.195358	873.528807	7.392269	-0.042708	2.161965
243.594907	877.348251	7.397274	-0.042784	2.164844
244.221503	881.138738	7.402278	-0.042902	2.167723
244.649550	884.983390	7.407283	-0.042983	2.170616
245.003291	888.782105	7.412288	-0.043051	2.173464
245.381584	892.684027	7.417293	-0.043123	2.176386
245.761046	896.614888	7.422298	-0.043195	2.179326
246.302151	900.510526	7.427302	-0.043297	2.182253
246.700686	904.484271	7.432307	-0.043373	2.185219
247.086675	908.426290	7.437312	-0.043446	2.188156
247.474231	912.471292	7.442317	-0.043520	2.191164
248.064894	916.424137	7.447322	-0.043631	2.194123
248.539758	920.411091	7.452326	-0.043721	2.197090
249.088470	924.453591	7.457331	-0.043824	2.200102
249.639358	928.375998	7.462336	-0.043928	2.203022
250.013519	932.419501	7.467341	-0.044000	2.206007
250.381085	936.485279	7.472346	-0.044070	2.209004
250.894190	940.509530	7.477350	-0.044167	2.211982
251.350369	944.612014	7.482355	-0.044253	2.215006
251.942764	948.636044	7.487360	-0.044365	2.217985
252.210700	952.761915	7.492365	-0.044416	2.220998
252.559304	956.924582	7.497370	-0.044483	2.224042
252.971344	961.106655	7.502374	-0.044562	2.227102
253.645140	965.273724	7.507379	-0.044688	2.230176
253.846419	969.466236	7.512384	-0.044728	2.233213
254.382165	973.691686	7.517389	-0.044829	2.236305
254.826181	977.952189	7.522394	-0.044913	2.239409
255.347607	982.175523	7.527398	-0.045012	2.242489
255.865433	986.442734	7.532403	-0.045110	2.245596
256.287269	990.699802	7.537408	-0.045190	2.248682
256.921306	994.951133	7.542413	-0.045310	2.251781
257.288253	999.227684	7.547418	-0.045380	2.254866
257.637175	1003.523863	7.552422	-0.045447	2.257959
258.154329	1007.845984	7.557427	-0.045544	2.261083
258.465354	1012.224147	7.562432	-0.045604	2.264222
259.157513	1016.559197	7.567437	-0.045734	2.267365
259.490135	1020.910863	7.572442	-0.045798	2.270478
260.001847	1025.236638	7.577446	-0.045895	2.273587
260.488255	1029.640432	7.582451	-0.045987	2.276744
260.718655	1034.103297	7.587456	-0.046033	2.279912
261.483387	1038.502302	7.592461	-0.046176	2.283086
262.087614	1042.862489	7.597466	-0.046290	2.286211
262.602039	1047.251567	7.602470	-0.046387	2.289343
262.874328	1051.619778	7.607475	-0.046440	2.292431
263.311169	1056.095447	7.612480	-0.046523	2.295607
264.015897	1060.500204	7.617485	-0.046656	2.298756
264.333866	1064.928670	7.622490	-0.046717	2.301879
265.071054	1069.320843	7.627494	-0.046856	2.305014
265.605261	1073.725246	7.632499	-0.046957	2.308132
266.093815	1078.076587	7.637504	-0.047049	2.311205
266.752833	1082.452130	7.642509	-0.047173	2.314308
267.227628	1086.770392	7.647514	-0.047263	2.317349
267.813489	1091.111789	7.652518	-0.047374	2.320412
268.371169	1095.454193	7.657523	-0.047479	2.323469
268.534637	1099.860342	7.662528	-0.047512	2.326527
269.247659	1104.241470	7.667533	-0.047646	2.329618
269.640334	1108.625823	7.672538	-0.047721	2.332676
270.277280	1112.997101	7.677542	-0.047841	2.335744
270.879651	1117.342969	7.682547	-0.047954	2.338788
271.251375	1121.661301	7.687552	-0.048026	2.341786
271.844283	1126.061487	7.692557	-0.048137	2.344858
272.340480	1130.408308	7.697562	-0.048231	2.347879
272.832226	1134.755839	7.702566	-0.048325	2.350897
273.412910	1139.123117	7.707571	-0.048434	2.353934
274.070902	1143.362916	7.712576	-0.048558	2.356886
274.584203	1147.711048	7.717581	-0.048655	2.359895
274.918484	1152.021017	7.722586	-0.048719	2.362857
275.340409	1156.423804	7.727590	-0.048800	2.365886
275.936505	1160.791478	7.732595	-0.048912	2.368904
276.376042	1165.090271	7.737600	-0.048996	2.371857
276.871849	1169.487241	7.742605	-0.049090	2.374877
277.530234	1173.809783	7.747610	-0.049214	2.377860
277.944025	1178.132034	7.752614	-0.049292	2.380814
278.380638	1182.567624	7.757619	-0.049376	2.383844
278.711684	1186.952833	7.762624	-0.049439	2.386825
279.295030	1191.383374	7.767629	-0.049549	2.389858
279.775266	1195.780016	7.772634	-0.049640	2.392853
280.177848	1200.200658	7.777638	-0.049717	2.395854
280.707211	1204.678687	7.782643	-0.049817	2.398902
281.072541	1209.119160	7.787648	-0.049887	2.401904
281.715208	1213.631339	7.792653	-0.050008	2.404977
282.330131	1218.051801	7.797658	-0.050124	2.407983
282.947208	1222.469496	7.802662	-0.050241	2.410983
283.974146	1226.764651	7.807667	-0.050433	2.413936
284.887816	1230.829681	7.812672	-0.050603	2.416722
285.700607	1234.889321	7.817677	-0.050755	2.419492
286.528639	1238.766710	7.822682	-0.050910	2.422140
287.184372	1242.659364	7.827686	-0.051033	2.424778
287.994480	1246.446483	7.832691	-0.051185	2.427358
288.606833	1250.176289	7.837696	-0.051300	2.429879
289.336643	1253.830091	7.842701	-0.051436	2.432358
290.110102	1257.437833	7.847706	-0.051581	2.434808
290.712979	1260.995300	7.852710	-0.051694	2.437207
291.405292	1264.499886	7.857715	-0.051824	2.439576
291.775854	1268.037379	7.862720	-0.051894	2.441935
292.487157	1271.534090	7.867725	-0.052027	2.444297
293.109244	1274.962454	7.872730	-0.052144	2.446603
293.472438	1278.456963	7.877734	-0.052213	2.448927
293.943062	1281.910167	7.882739	-0.052302	2.451231
294.488757	1285.394858	7.887744	-0.052404	2.453560
294.965807	1288.865435	7.892749	-0.052494	2.455872
295.316470	1292.413189	7.897754	-0.052561	2.458220
295.748313	1295.913742	7.902758	-0.052642	2.460542
296.269800	1299.495728	7.907763	-0.052740	2.462924
296.371346	1303.145863	7.912768	-0.052761	2.465309
296.767437	1306.869156	7.917773	-0.052837	2.467766
297.281465	1310.523226	7.922778	-0.052933	2.470186
297.762668	1314.225104	7.927782	-0.053024	2.472632
298.124757	1317.985073	7.932787	-0.053093	2.475103
298.290762	1321.813519	7.937792	-0.053126	2.477597
298.797741	1325.676576	7.942797	-0.053222	2.480143
299.249960	1329.552873	7.947802	-0.053307	2.482689
299.853234	1333.370556	7.952806	-0.053421	2.485208
300.091016	1337.330077	7.957811	-0.053467	2.487783
300.539571	1341.216336	7.962816	-0.053552	2.490327
300.795071	1345.264692	7.967821	-0.053601	2.492956
301.195458	1349.283585	7.972826	-0.053677	2.495576
301.535423	1353.395743	7.977830	-0.053743	2.498247
302.038912	1357.465282	7.982835	-0.053838	2.500903
302.327382	1361.640171	7.987840	-0.053893	2.503605
302.747842	1365.859846	7.992845	-0.053973	2.506343
303.402659	1370.002347	7.997850	-0.054096	2.509051
303.613737	1374.194833	8.002854	-0.054138	2.511747
304.183672	1378.420128	8.007859	-0.054245	2.514494
304.512478	1382.705759	8.012864	-0.054309	2.517255
305.016003	1386.965836	8.017869	-0.054404	2.520011
305.229484	1391.360837	8.022874	-0.054446	2.522825
305.724701	1395.700400	8.027878	-0.054540	2.525625
306.091738	1400.167056	8.032883	-0.054610	2.528492
306.503251	1404.571397	8.037888	-0.054688	2.531319
306.721502	1409.099295	8.042893	-0.054731	2.534205
307.392212	1413.634388	8.047898	-0.054858	2.537132
307.685906	1418.141693	8.052902	-0.054914	2.540004
308.248275	1422.699081	8.057907	-0.055021	2.542928
308.322434	1427.345325	8.062912	-0.055037	2.545863
308.901095	1432.027708	8.067917	-0.055147	2.548860
309.321041	1436.703377	8.072922	-0.055227	2.551836
309.442195	1441.486942	8.077926	-0.055252	2.554850
309.937233	1446.307488	8.082931	-0.055346	2.557916
310.289366	1451.121716	8.087936	-0.055414	2.560963
310.709126	1456.057591	8.092941	-0.055494	2.564087
311.249779	1460.971570	8.097946	-0.055597	2.567204
311.515987	1465.975879	8.102950	-0.055649	2.570350
312.021913	1470.995945	8.107955	-0.055745	2.573523
312.396265	1475.973671	8.112960	-0.055817	2.576654
312.892678	1480.973059	8.117965	-0.055912	2.579805
313.471448	1485.966495	8.122970	-0.056021	2.582955
313.860652	1490.975253	8.127974	-0.056096	2.586095
314.505584	1495.981086	8.132979	-0.056218	2.589251
314.945700	1500.964391	8.137984	-0.056302	2.592372
315.406059	1505.959453	8.142989	-0.056390	2.595498
315.952594	1510.991495	8.147994	-0.056494	2.598650
316.558110	1515.962811	8.152998	-0.056608	2.601766
316.985400	1520.970614	8.158003	-0.056690	2.604885
317.606365	1525.961850	8.163008	-0.056808	2.608007
318.128421	1530.907119	8.168013	-0.056907	2.611088
318.616866	1535.890727	8.173018	-0.057000	2.614187
319.190632	1540.816887	8.178022	-0.057108	2.617253
319.638857	1545.776231	8.183027	-0.057194	2.620326
320.195817	1550.751388	8.188032	-0.057300	2.623414
320.674452	1555.701251	8.193037	-0.057391	2.626476
321.141701	1560.680116	8.198042	-0.057480	2.629552
321.716388	1565.622805	8.203046	-0.057589	2.632610
322.166682	1570.588477	8.208051	-0.057675	2.635669
322.572389	1575.603607	8.213056	-0.057753	2.638750
323.090557	1580.621968	8.218061	-0.057851	2.641839
323.723406	1585.577660	8.223066	-0.057971	2.644896
324.142581	1590.596133	8.228070	-0.058051	2.647969
324.629175	1595.601217	8.233075	-0.058144	2.651037
325.049472	1600.609280	8.238080	-0.058224	2.654097
325.459356	1605.678502	8.243085	-0.058303	2.657189
326.014750	1610.699065	8.248090	-0.058408	2.660261
326.328878	1615.789043	8.253094	-0.058469	2.663351
326.836910	1620.946386	8.258099	-0.058566	2.666494
327.051129	1626.092572	8.263104	-0.058608	2.669602
327.534490	1631.328660	8.268109	-0.058701	2.672783
328.094699	1636.536425	8.273114	-0.058807	2.675948
328.516488	1641.735093	8.278118	-0.058888	2.679094
328.981233	1647.015300	8.283123	-0.058977	2.682288
329.589040	1652.243195	8.288128	-0.059092	2.685458
330.090629	1657.447099	8.293133	-0.059187	2.688601
330.612166	1662.671940	8.298138	-0.059287	2.691755
331.096547	1667.874439	8.303142	-0.059379	2.694889
331.768032	1673.090963	8.308147	-0.059506	2.698042
332.380137	1678.197525	8.313152	-0.059622	2.701122
332.808086	1683.354533	8.318157	-0.059704	2.704213
333.537357	1688.496747	8.323162	-0.059841	2.707316
333.994445	1693.532718	8.328166	-0.059929	2.710331
334.451991	1698.648409	8.333171	-0.060016	2.713389
335.132119	1703.765558	8.338176	-0.060144	2.716463
335.736648	1708.754076	8.343181	-0.060259	2.719451
336.008020	1713.862184	8.348186	-0.060312	2.722480
336.499846	1718.974688	8.353190	-0.060406	2.725525
337.012850	1724.141342	8.358195	-0.060503	2.728601
337.385064	1729.325059	8.363200	-0.060575	2.731672
337.848268	1734.480428	8.368205	-0.060663	2.734730
338.322667	1739.674944	8.373210	-0.060754	2.737808
338.789850	1744.843319	8.378214	-0.060843	2.740867
339.376887	1750.021199	8.383219	-0.060955	2.743937
339.858079	1755.211981	8.388224	-0.061046	2.747004
340.220355	1760.389988	8.393229	-0.061116	2.750050
340.677944	1765.664422	8.398234	-0.061204	2.753156
341.141408	1770.910383	8.403238	-0.061292	2.756242
341.666809	1776.150562	8.408243	-0.061392	2.759326
342.016958	1781.484214	8.413248	-0.061460	2.762448
342.617549	1786.774742	8.418253	-0.061574	2.765560
343.058149	1792.060423	8.423258	-0.061658	2.768654
343.355733	1797.408024	8.428262	-0.061716	2.771769
343.739746	1802.832728	8.433267	-0.061791	2.774931
344.237958	1808.241382	8.438272	-0.061886	2.778090
344.621311	1813.688062	8.443277	-0.061960	2.781257
344.955086	1819.239213	8.448282	-0.062024	2.784478
345.324307	1824.786907	8.453286	-0.062096	2.787696
345.984606	1830.340537	8.458291	-0.062221	2.790934
346.432844	1835.860727	8.463296	-0.062307	2.794135
346.787630	1841.446350	8.468301	-0.062376	2.797361
347.146888	1847.136770	8.473306	-0.062445	2.800645
347.620051	1852.752144	8.478310	-0.062536	2.803890
347.933284	1858.523877	8.483315	-0.062597	2.807209
348.514908	1864.246733	8.488320	-0.062708	2.810515
348.780905	1869.993484	8.493325	-0.062760	2.813808
349.261696	1875.816713	8.498330	-0.062853	2.817156
349.726124	1881.616730	8.503334	-0.062942	2.820486
350.193422	1887.436079	8.508339	-0.063031	2.823824
350.707895	1893.282920	8.513344	-0.063130	2.827176
351.192600	1899.122505	8.518349	-0.063223	2.830517
351.552757	1905.028710	8.523354	-0.063293	2.833884
351.919460	1910.963370	8.528358	-0.063364	2.837263
352.209289	1916.963210	8.533363	-0.063421	2.840669
352.793749	1922.982787	8.538368	-0.063532	2.844103
353.389119	1928.980191	8.543373	-0.063646	2.847521
353.863036	1934.956012	8.548378	-0.063737	2.850915
354.228183	1940.948490	8.553382	-0.063808	2.854305
354.590259	1947.066716	8.558387	-0.063878	2.857762
355.151666	1953.163935	8.563392	-0.063985	2.861218
355.650293	1959.228675	8.568397	-0.064081	2.864646
356.036041	1965.310670	8.573402	-0.064156	2.868072
356.472739	1971.468112	8.578407	-0.064240	2.871539
357.087487	1977.630918	8.583411	-0.064357	2.875017
357.568175	1983.727989	8.588416	-0.064449	2.878446
358.121083	1989.839738	8.593421	-0.064555	2.881883
358.387524	1996.070928	8.598426	-0.064608	2.885363
359.018705	2002.230197	8.603431	-0.064728	2.888823
359.416534	2008.429751	8.608435	-0.064805	2.892286
360.047801	2014.624040	8.613440	-0.064925	2.895758
360.573450	2020.730730	8.618445	-0.065026	2.899169
361.247289	2026.839327	8.623450	-0.065154	2.902588
361.582337	2032.969371	8.628455	-0.065219	2.905992
361.867600	2039.187813	8.633459	-0.065276	2.909436
362.241174	2045.445902	8.638464	-0.065348	2.912904
362.919242	2051.690776	8.643469	-0.065477	2.916382
363.304266	2057.968429	8.648474	-0.065552	2.919853
363.608904	2064.286491	8.653479	-0.065612	2.923337
364.135860	2070.650266	8.658483	-0.065713	2.926857
364.542406	2077.012278	8.663488	-0.065792	2.930363
365.053658	2083.383427	8.668493	-0.065890	2.933877
365.661324	2089.749942	8.673498	-0.066006	2.937391
366.016695	2096.122236	8.678503	-0.066075	2.940887
366.387105	2102.606608	8.683507	-0.066147	2.944440
367.000478	2108.969610	8.688512	-0.066264	2.947940
367.654625	2115.357283	8.693517	-0.066389	2.951451
367.964144	2121.806725	8.698522	-0.066450	2.954969
368.560251	2128.176884	8.703527	-0.066564	2.958458
369.082605	2134.635473	8.708531	-0.066664	2.961986
369.510835	2141.088076	8.713536	-0.066747	2.965501
370.062222	2147.477873	8.718541	-0.066852	2.968985
370.709332	2153.856175	8.723546	-0.066975	2.972466
371.074234	2160.273780	8.728551	-0.067047	2.975944
371.492360	2166.752396	8.733555	-0.067128	2.979455
371.940140	2173.210791	8.738560	-0.067214	2.982953
372.654442	2179.654428	8.743565	-0.067350	2.986456
372.988353	2186.110772	8.748570	-0.067415	2.989937
373.431431	2192.580792	8.753575	-0.067501	2.993429
374.102130	2199.028030	8.758579	-0.067628	2.996919
374.479481	2205.519182	8.763584	-0.067702	3.000409
375.170699	2211.967780	8.768589	-0.067833	3.003892
375.634792	2218.396476	8.773594	-0.067923	3.007346
376.230520	2224.835657	8.778599	-0.068036	3.010811
376.595720	2231.266213	8.783603	-0.068108	3.014251
377.105757	2237.725668	8.788608	-0.068206	3.017713
377.681587	2244.167753	8.793613	-0.068316	3.021165
378.174082	2250.652235	8.798618	-0.068410	3.024630
378.584818	2257.049650	8.803623	-0.068490	3.028041
379.172397	2263.531387	8.808627	-0.068602	3.031503
379.576802	2270.048040	8.813632	-0.068681	3.034967
380.067845	2276.509212	8.818637	-0.068775	3.038404
380.490337	2283.078045	8.823642	-0.068857	3.041890
380.910469	2289.662596	8.828647	-0.068939	3.045379
381.417998	2296.305708	8.833651	-0.069036	3.048901
381.577630	2302.954074	8.838656	-0.069070	3.052399
382.384879	2309.570693	8.843661	-0.069223	3.055918
382.864806	2316.185816	8.848666	-0.069315	3.059410
383.166638	2322.830423	8.853671	-0.069375	3.062904
383.457757	2329.582696	8.858675	-0.069433	3.066448
383.873067	2336.346178	8.863680	-0.069513	3.070002
384.437522	2343.155806	8.868685	-0.069622	3.073586
384.850303	2349.960318	8.873690	-0.069702	3.077153
385.238075	2356.834139	8.878695	-0.069778	3.080750
385.764641	2363.723288	8.883699	-0.069879	3.084359
386.194715	2370.579682	8.888704	-0.069962	3.087941
386.709017	2377.484385	8.893709	-0.070061	3.091549
387.392653	2384.366050	8.898714	-0.070192	3.095151
387.869046	2391.170299	8.903719	-0.070284	3.098697
388.396394	2398.003817	8.908723	-0.070385	3.102256
388.968701	2404.839552	8.913728	-0.070495	3.105815
389.624693	2411.608712	8.918733	-0.070620	3.109341
390.505210	2418.280121	8.923738	-0.070786	3.112826
391.015153	2424.877288	8.928743	-0.070884	3.116246
391.544114	2431.503439	8.933747	-0.070986	3.119679
392.258935	2438.091156	8.938752	-0.071121	3.123099
392.965500	2444.506203	8.943757	-0.071256	3.126426
393.685232	2450.920128	8.948762	-0.071392	3.129750
394.212982	2457.276583	8.953767	-0.071493	3.133030
394.878572	2463.559733	8.958771	-0.071620	3.136277
395.476513	2469.868491	8.963776	-0.071734	3.139529
396.107117	2476.070510	8.968781	-0.071854	3.142726
396.832360	2482.193923	8.973786	-0.071991	3.145885
397.599557	2488.248903	8.978791	-0.072136	3.149008
398.058993	2494.268061	8.983795	-0.072225	3.152092
398.590388	2500.300416	8.988800	-0.072326	3.155184
399.084057	2506.322262	8.993805	-0.072421	3.158265
399.655080	2512.366604	8.998810	-0.072530	3.161359
400.026530	2518.410892	9.003815	-0.072602	3.164438
400.607865	2524.415594	9.008819	-0.072713	3.167506
400.993839	2530.501217	9.013824	-0.072788	3.170601
401.495254	2536.585963	9.018829	-0.072884	3.173699
401.987015	2542.652529	9.023834	-0.072978	3.176784
402.389363	2548.758304	9.028839	-0.073056	3.179881
402.928539	2554.933516	9.033843	-0.073159	3.183017
403.189942	2561.032773	9.038848	-0.073211	3.186097
403.709818	2567.243152	9.043853	-0.073311	3.189243
404.189988	2573.500489	9.048858	-0.073403	3.192408
404.560856	2579.707988	9.053863	-0.073475	3.195539
405.191108	2585.964202	9.058867	-0.073595	3.198705
405.566725	2592.243710	9.063872	-0.073668	3.201865
405.909326	2598.505768	9.068877	-0.073735	3.205012
406.477657	2604.822584	9.073882	-0.073844	3.208195
406.964490	2611.082986	9.078887	-0.073937	3.211343
407.584971	2617.376116	9.083891	-0.074055	3.214511
407.943345	2623.708223	9.088896	-0.074125	3.217681
408.436885	2630.041003	9.093901	-0.074220	3.220855
409.052583	2636.353345	9.098906	-0.074338	3.224023
409.763606	2642.580239	9.103911	-0.074472	3.227151
410.460302	2648.747588	9.108915	-0.074604	3.230245
410.978580	2654.864014	9.113920	-0.074704	3.233301
411.578340	2660.900291	9.118925	-0.074818	3.236319
412.478193	2666.969115	9.123930	-0.074987	3.239367
412.839466	2672.919022	9.128935	-0.075058	3.242324
413.494005	2678.847656	9.133939	-0.075182	3.245283
413.857288	2684.820550	9.138944	-0.075253	3.248245
414.250817	2690.800124	9.143949	-0.075329	3.251210
414.923973	2696.825522	9.148954	-0.075456	3.254210
415.388079	2702.760288	9.153959	-0.075546	3.257151
415.870130	2708.772419	9.158963	-0.075638	3.260128
416.195848	2714.815723	9.163968	-0.075702	3.263109
416.704456	2720.806936	9.168973	-0.075799	3.266072
417.336367	2726.894868	9.173978	-0.075919	3.269086
417.755513	2732.894488	9.178983	-0.076000	3.272042
418.286643	2738.919371	9.183987	-0.076102	3.275014
418.599239	2745.025680	9.188992	-0.076163	3.278012
418.952509	2751.177436	9.193997	-0.076232	3.281031
419.678165	2757.318665	9.199002	-0.076370	3.284062
419.865991	2763.442391	9.204007	-0.076408	3.287053
420.399835	2769.672133	9.209011	-0.076510	3.290111
420.966448	2775.868948	9.214016	-0.076618	3.293151
421.364814	2782.044307	9.219021	-0.076696	3.296170
421.899929	2788.258929	9.224026	-0.076798	3.299212
422.348062	2794.506969	9.229031	-0.076884	3.302263
422.760916	2800.666698	9.234035	-0.076964	3.305266
423.104241	2807.008268	9.239040	-0.077031	3.308351
423.635424	2813.315549	9.244045	-0.077133	3.311426
424.158660	2819.660810	9.249050	-0.077233	3.314517
424.417388	2826.049765	9.254055	-0.077285	3.317611
425.179719	2832.377612	9.259059	-0.077429	3.320699
425.426411	2838.800162	9.264064	-0.077479	3.323804
425.849083	2845.214464	9.269069	-0.077561	3.326910
426.311143	2851.685959	9.274074	-0.077650	3.330043
426.795478	2858.156786	9.279079	-0.077743	3.333174
427.158884	2864.681989	9.284083	-0.077814	3.336321
427.699015	2871.227872	9.289088	-0.077918	3.339485
428.090412	2877.775804	9.294093	-0.077994	3.342639
428.628906	2884.298073	9.299098	-0.078097	3.345785
429.181880	2890.881379	9.304103	-0.078203	3.348958
429.773840	2897.396972	9.309107	-0.078316	3.352097
430.070219	2903.907025	9.314112	-0.078375	3.355216
430.602636	2910.529384	9.319117	-0.078477	3.358397
431.154321	2917.132562	9.324122	-0.078583	3.361567
431.512518	2923.774460	9.329127	-0.078653	3.364743
432.174592	2930.360455	9.334131	-0.078779	3.367904
432.601643	2936.935536	9.339136	-0.078861	3.371046
433.024810	2943.523254	9.344141	-0.078943	3.374190
433.501681	2950.170988	9.349146	-0.079035	3.377362
434.394568	2956.715482	9.354151	-0.079204	3.380503
434.796932	2963.195590	9.359155	-0.079282	3.383586
435.461678	2969.670828	9.364160	-0.079409	3.386678
435.850938	2976.097630	9.369165	-0.079484	3.389729
436.458112	2982.609650	9.374170	-0.079600	3.392829
436.865562	2989.074407	9.379175	-0.079679	3.395894
437.468780	2995.551987	9.384179	-0.079794	3.398972
437.878340	3002.100981	9.389184	-0.079874	3.402071
438.490246	3008.466852	9.394189	-0.079991	3.405090
439.064715	3014.919023	9.399194	-0.080100	3.408146
439.462568	3021.386833	9.404199	-0.080178	3.411198
439.930966	3027.848621	9.409203	-0.080268	3.414248
440.532737	3034.293909	9.414208	-0.080383	3.417293
441.006023	3040.736382	9.419213	-0.080474	3.420328
441.409388	3047.225387	9.424218	-0.080552	3.423379
441.981005	3053.697670	9.429223	-0.080662	3.426428
442.657679	3060.080743	9.434227	-0.080790	3.429436
443.663745	3066.352750	9.439232	-0.080979	3.432407
444.175373	3072.455105	9.444237	-0.081077	3.435272
444.560222	3078.715385	9.449242	-0.081152	3.438202
445.085436	3084.958734	9.454247	-0.081253	3.441128
445.816208	3091.083685	9.459251	-0.081391	3.444007
446.399470	3097.186640	9.464256	-0.081502	3.446865
446.734327	3103.281074	9.469261	-0.081568	3.449706
447.467359	3109.396139	9.474266	-0.081707	3.452573
447.912108	3115.434451	9.479271	-0.081792	3.455388
448.615500	3121.454314	9.484275	-0.081926	3.458204
448.998794	3127.504311	9.489280	-0.082000	3.461017
449.439643	3133.485204	9.494285	-0.082085	3.463799
449.952612	3139.575501	9.499290	-0.082183	3.466631
450.464489	3145.600585	9.504295	-0.082281	3.469432
450.818349	3151.720568	9.509299	-0.082350	3.472266
451.265711	3157.835588	9.514304	-0.082436	3.475100
451.691122	3164.046285	9.519309	-0.082518	3.477975
452.153399	3170.256531	9.524314	-0.082607	3.480849
452.510377	3176.445198	9.529319	-0.082677	3.483706
453.084872	3182.719465	9.534323	-0.082787	3.486609
453.485646	3188.969496	9.539328	-0.082864	3.489491
453.982327	3195.215944	9.544333	-0.082960	3.492373
454.356534	3201.563927	9.549338	-0.083033	3.495294
454.858597	3207.912828	9.554343	-0.083129	3.498218
455.153841	3214.317879	9.559347	-0.083187	3.501156
455.739669	3220.659180	9.564352	-0.083299	3.504076
456.102860	3227.073958	9.569357	-0.083370	3.507017
456.532625	3233.571322	9.574362	-0.083453	3.509995
456.955731	3240.042078	9.579367	-0.083535	3.512959
457.485591	3246.579354	9.584371	-0.083637	3.515955
457.846724	3253.140411	9.589376	-0.083708	3.518952
458.242545	3259.762269	9.594381	-0.083785	3.521975
458.902568	3266.373638	9.599386	-0.083910	3.525003
459.245433	3272.948313	9.604391	-0.083978	3.527998
459.851120	3279.550543	9.609395	-0.084093	3.531013
460.478584	3286.031533	9.614400	-0.084213	3.533973
460.575179	3292.689625	9.619405	-0.084235	3.536986
461.344634	3299.307136	9.624410	-0.084381	3.540008
461.471403	3305.969678	9.629415	-0.084408	3.543020
462.116091	3312.670687	9.634419	-0.084531	3.546069
462.732559	3319.324277	9.639424	-0.084649	3.549092
463.337483	3325.947411	9.644429	-0.084764	3.552099
463.901857	3332.475416	9.649434	-0.084872	3.555059
464.550401	3339.030821	9.654439	-0.084996	3.558032
465.194437	3345.513753	9.659443	-0.085118	3.560970
465.631976	3351.903104	9.664448	-0.085203	3.563854
466.460449	3358.323560	9.669453	-0.085360	3.566767
467.038354	3364.621593	9.674458	-0.085470	3.569612
467.906553	3370.788764	9.679463	-0.085634	3.572408
468.550853	3376.870756	9.684467	-0.085756	3.575154
469.196112	3382.891826	9.689472	-0.085879	3.577871
469.567707	3388.910279	9.694477	-0.085951	3.580574
470.305415	3394.850111	9.699482	-0.086090	3.583254
470.866252	3400.795391	9.704487	-0.086197	3.585928
471.364840	3406.685297	9.709491	-0.086293	3.588572
472.108216	3412.550807	9.714496	-0.086433	3.591213
472.526804	3418.328120	9.719501	-0.086514	3.593800
472.982337	3424.246098	9.724506	-0.086602	3.596448
473.343186	3430.143797	9.729511	-0.086672	3.599082
473.792269	3436.088267	9.734515	-0.086758	3.601738
474.257732	3441.999094	9.739520	-0.086848	3.604378
474.536058	3448.046277	9.744525	-0.086903	3.607069
475.134105	3454.117323	9.749530	-0.087016	3.609781
475.564366	3460.096664	9.754535	-0.087099	3.612444
475.946601	3466.176223	9.759539	-0.087174	3.615147
476.365602	3472.342573	9.764544	-0.087255	3.617888
476.571564	3478.527340	9.769549	-0.087296	3.620626
477.069658	3484.540794	9.774554	-0.087392	3.623298

477.303209	3490.474434	9.779559	-0.087438	3.625923
477.764143	3496.229520	9.784563	-0.087527	3.628476
478.151408	3501.863663	9.789568	-0.087602	3.630971
478.529544	3507.161754	9.794573	-0.087675	3.633316
478.821534	3512.496262	9.799578	-0.087732	3.635672
479.129821	3517.582492	9.804583	-0.087792	3.637919
479.596847	3522.594608	9.809587	-0.087881	3.640137
479.989192	3527.264409	9.814592	-0.087956	3.642202
480.154325	3531.931637	9.819597	-0.087989	3.644254
480.664534	3536.404267	9.824602	-0.088086	3.646235
480.932419	3540.655811	9.829607	-0.088138	3.648107
481.261205	3544.850468	9.834611	-0.088201	3.649956
481.528482	3548.841702	9.839616	-0.088252	3.651713
481.682379	3552.753232	9.844621	-0.088283	3.653430
482.061102	3556.608786	9.849626	-0.088355	3.655130
482.241477	3560.269289	9.854631	-0.088390	3.656736
482.395772	3563.875907	9.859635	-0.088421	3.658317
482.746631	3567.405971	9.864640	-0.088488	3.659872
482.820520	3570.791232	9.869645	-0.088503	3.661352
483.115380	3574.028019	9.874650	-0.088560	3.662775
483.466366	3577.240202	9.879655	-0.088626	3.664189
483.669873	3580.310256	9.884659	-0.088665	3.665535
484.076066	3583.175839	9.889664	-0.088742	3.666800
484.154295	3585.952703	9.894669	-0.088758	3.668012
484.481692	3588.709888	9.899674	-0.088820	3.669225
484.671966	3591.272465	9.904679	-0.088856	3.670348
484.905251	3593.730009	9.909683	-0.088901	3.671426
485.075851	3596.046843	9.914688	-0.088933	3.672440
485.187445	3598.423578	9.919693	-0.088955	3.673478
485.443922	3600.690105	9.924698	-0.089004	3.674473
485.785862	3602.814411	9.929703	-0.089068	3.675410
486.134280	3604.756154	9.934707	-0.089133	3.676267
486.368012	3606.479499	9.939712	-0.089177	3.677025
486.644768	3608.183491	9.944717	-0.089229	3.677776
486.781109	3609.799218	9.949722	-0.089255	3.678483
487.067092	3611.262128	9.954727	-0.089308	3.679129
487.083537	3612.709515	9.959731	-0.089312	3.679758
487.321590	3614.126954	9.964736	-0.089356	3.680382
487.630679	3615.378441	9.969741	-0.089414	3.680937
487.663201	3616.550151	9.974746	-0.089421	3.681447
487.919638	3617.624688	9.979751	-0.089468	3.681923
488.050866	3618.579707	9.984755	-0.089493	3.682342
488.340546	3619.466472	9.989760	-0.089546	3.682738
488.179906	3620.414337	9.994765	-0.089517	3.683143
488.518507	3621.247189	9.999770	-0.089580	3.683517
488.645960	3621.983318	10.004775	-0.089604	3.683841
488.659115	3622.644880	10.009779	-0.089606	3.684128
488.872950	3623.263820	10.014784	-0.089646	3.684405
488.944531	3623.894260	10.019789	-0.089659	3.684681
489.149500	3624.504023	10.024794	-0.089697	3.684953
489.188141	3624.865917	10.029799	-0.089704	3.685111
489.193729	3625.317284	10.034803	-0.089705	3.685307
489.628454	3625.751436	10.039808	-0.089786	3.685512
489.435609	3626.001759	10.044813	-0.089750	3.685613
489.564033	3626.138690	10.049818	-0.089773	3.685677
489.768335	3626.727802	10.054823	-0.089811	3.685941
489.780800	3626.721023	10.059827	-0.089813	3.685938
489.957511	3626.729644	10.064832	-0.089846	3.685949
490.149440	3626.688602	10.069837	-0.089881	3.685938
490.228304	3626.702477	10.074842	-0.089895	3.685947
490.264681	3626.674075	10.079847	-0.089901	3.685937
490.276161	3626.691168	10.084851	-0.089903	3.685944
490.283283	3626.697844	10.089856	-0.089904	3.685947
490.422590	3626.664449	10.094861	-0.089930	3.685938
490.546658	3626.671349	10.099866	-0.089952	3.685946
490.712515	3625.935806	10.104871	-0.089982	3.685634
490.866394	3625.885958	10.109875	-0.090010	3.685618
490.789634	3625.591091	10.114880	-0.089996	3.685488
490.804287	3625.148891	10.119885	-0.089998	3.685296
491.043977	3624.978148	10.124890	-0.090042	3.685232
491.292104	3624.387304	10.129895	-0.090087	3.684986
491.082171	3623.814928	10.134899	-0.090048	3.684729
491.065544	3623.619150	10.139904	-0.090044	3.684644
491.173546	3622.962562	10.144909	-0.090063	3.684363
491.233256	3622.525054	10.149914	-0.090074	3.684176
491.354606	3622.076220	10.154919	-0.090096	3.683986
491.218367	3621.572961	10.159923	-0.090070	3.683763
491.324514	3620.916691	10.164928	-0.090089	3.683482
491.469681	3620.383676	10.169933	-0.090115	3.683257
491.359192	3619.818420	10.174938	-0.090094	3.683007
491.615087	3619.158058	10.179943	-0.090141	3.682731
491.552995	3618.492735	10.184947	-0.090128	3.682440
491.444466	3617.882796	10.189952	-0.090108	3.682171
491.467613	3617.197608	10.194957	-0.090111	3.681875
491.592441	3616.605467	10.199962	-0.090134	3.681623
491.710211	3615.972255	10.204967	-0.090155	3.681353
491.647907	3615.247468	10.209971	-0.090143	3.681036
491.653237	3614.538197	10.214976	-0.090143	3.680729
491.796201	3613.791303	10.219981	-0.090169	3.680410
491.848111	3613.016040	10.224986	-0.090177	3.680076
491.905577	3612.213000	10.229991	-0.090187	3.679730
491.822054	3611.393346	10.234995	-0.090171	3.679371
491.922929	3610.536880	10.240000	-0.090189	3.679003
491.838022	3609.778655	10.245005	-0.090172	3.678670
492.051590	3608.942310	10.250010	-0.090211	3.678316
492.133048	3608.035347	10.255015	-0.090225	3.677925
492.010055	3607.174391	10.260019	-0.090202	3.677546
492.082648	3606.198680	10.265024	-0.090214	3.677126
492.202306	3605.288529	10.270029	-0.090235	3.676735
492.073854	3604.517492	10.275034	-0.090211	3.676395
492.053214	3603.649751	10.280039	-0.090206	3.676017
492.014765	3602.666579	10.285043	-0.090198	3.675589
491.994944	3601.791771	10.290048	-0.090194	3.675208
491.986403	3600.977101	10.295053	-0.090192	3.674853
492.062763	3600.103769	10.300058	-0.090205	3.674477
492.024836	3599.241652	10.305063	-0.090197	3.674101
492.178956	3598.262283	10.310067	-0.090225	3.673681
492.158027	3597.386594	10.315072	-0.090220	3.673300
491.978586	3596.462250	10.320077	-0.090186	3.672891
492.021221	3595.644149	10.325082	-0.090193	3.672537
492.034043	3594.675912	10.330087	-0.090195	3.672116
492.181450	3593.811811	10.335091	-0.090221	3.671746
492.091309	3593.021147	10.340096	-0.090204	3.671399
491.990288	3592.192076	10.345101	-0.090184	3.671034
492.225295	3591.150848	10.350106	-0.090227	3.670590
492.260686	3590.285112	10.355111	-0.090232	3.670215
492.245338	3589.269826	10.360115	-0.090229	3.669773
492.258628	3588.229807	10.365120	-0.090230	3.669321
492.349684	3587.319827	10.370125	-0.090246	3.668928
492.249398	3586.284684	10.375130	-0.090227	3.668474
492.193968	3585.280717	10.380135	-0.090216	3.668034
492.390025	3584.349261	10.385139	-0.090251	3.667637
492.287131	3583.213630	10.390144	-0.090231	3.667138
492.152293	3582.302611	10.395149	-0.090205	3.666736
492.323023	3581.477729	10.400154	-0.090236	3.666383
492.119358	3580.439881	10.405159	-0.090198	3.665923
492.132155	3579.537887	10.410163	-0.090199	3.665531
492.155940	3578.688731	10.415168	-0.090203	3.665162
492.192382	3577.617088	10.420173	-0.090208	3.664696
492.301814	3576.648512	10.425178	-0.090228	3.664279
492.211697	3575.821535	10.430183	-0.090210	3.663915
492.167407	3574.753351	10.435187	-0.090201	3.663447
492.234447	3573.849859	10.440192	-0.090213	3.663056
492.314287	3572.906616	10.445197	-0.090227	3.662648
492.415988	3571.729470	10.450202	-0.090244	3.662139
492.402603	3570.832233	10.455207	-0.090241	3.661747
492.244785	3569.918988	10.460211	-0.090211	3.661342
492.276457	3568.982027	10.465216	-0.090216	3.660935
492.295203	3568.001264	10.470221	-0.090219	3.660508
492.449907	3566.872883	10.475226	-0.090246	3.660022
492.136786	3565.962181	10.480231	-0.090188	3.659612
492.279087	3564.955405	10.485235	-0.090213	3.659178
492.325650	3564.001172	10.490240	-0.090221	3.658764
492.278914	3563.039879	10.495245	-0.090211	3.658342
492.372522	3561.904167	10.500250	-0.090228	3.657850
492.304513	3560.967241	10.505255	-0.090214	3.657438
492.518564	3559.861488	10.510259	-0.090253	3.656964
492.361058	3558.950178	10.515264	-0.090223	3.656560
492.337896	3557.927970	10.520269	-0.090218	3.656112
492.477896	3556.823691	10.525274	-0.090242	3.655636
492.249811	3555.905644	10.530279	-0.090200	3.655225
492.304221	3554.770916	10.535283	-0.090209	3.654732
492.227914	3553.888444	10.540288	-0.090194	3.654343
492.188443	3552.969099	10.545293	-0.090186	3.653940
492.399891	3551.836020	10.550298	-0.090224	3.653453
492.253510	3550.908891	10.555303	-0.090196	3.653042
492.267657	3549.895666	10.560307	-0.090198	3.652599
492.293413	3548.939334	10.565312	-0.090201	3.652182
492.149435	3548.036598	10.570317	-0.090174	3.651782
492.306333	3547.139784	10.575322	-0.090202	3.651396
492.277698	3546.152374	10.580327	-0.090196	3.650963
492.255961	3545.161592	10.585331	-0.090191	3.650529
492.217433	3544.141076	10.590336	-0.090183	3.650081
492.208403	3543.240704	10.595341	-0.090181	3.649686
492.330092	3542.236320	10.600346	-0.090202	3.649252
492.417062	3541.194590	10.605351	-0.090217	3.648799
492.372566	3540.184385	10.610355	-0.090208	3.648355
492.116659	3539.180994	10.615360	-0.090160	3.647906
492.101968	3538.293809	10.620365	-0.090157	3.647517
492.201230	3537.399756	10.625370	-0.090174	3.647129
492.213892	3536.416827	10.630375	-0.090176	3.646699
492.315069	3535.564852	10.635379	-0.090193	3.646330
492.229444	3534.621876	10.640384	-0.090177	3.645914
492.188405	3533.548016	10.645389	-0.090168	3.645442
492.348869	3532.616723	10.650394	-0.090197	3.645040
492.356160	3531.550763	10.655399	-0.090197	3.644574
492.219817	3530.556657	10.660403	-0.090171	3.644133
492.412838	3529.644755	10.665408	-0.090206	3.643741
492.225261	3528.506749	10.670413	-0.090171	3.643234
492.260590	3527.643139	10.675418	-0.090176	3.642857
492.336319	3526.649819	10.680423	-0.090189	3.642425
492.196089	3525.601853	10.685427	-0.090163	3.641960
492.120322	3524.864897	10.690432	-0.090148	3.641633
492.037990	3524.053152	10.695437	-0.090132	3.641274
492.263675	3522.982290	10.700442	-0.090173	3.640814
492.050003	3522.121695	10.705447	-0.090132	3.640427
492.040277	3521.238017	10.710451	-0.090130	3.640039
492.108489	3520.362148	10.715456	-0.090142	3.639658
491.927298	3519.468238	10.720461	-0.090107	3.639258
492.086248	3518.649591	10.725466	-0.090136	3.638905
492.139508	3517.748343	10.730471	-0.090145	3.638512
492.200308	3516.812346	10.735475	-0.090155	3.638104
492.167038	3515.832554	10.740480	-0.090148	3.637672
491.917670	3514.971093	10.745485	-0.090102	3.637284
492.044283	3514.175071	10.750490	-0.090124	3.636939
492.007763	3513.438361	10.755495	-0.090117	3.636614
491.894511	3512.519023	10.760499	-0.090095	3.636206
491.896181	3511.736974	10.765504	-0.090095	3.635863
491.890172	3510.925147	10.770509	-0.090093	3.635506
492.024861	3510.077575	10.775514	-0.090117	3.635139
491.937091	3509.260720	10.780519	-0.090100	3.634777
492.156752	3508.394036	10.785523	-0.090139	3.634405
492.194163	3507.407256	10.790528	-0.090145	3.633973
491.903917	3506.527809	10.795533	-0.090091	3.633574
492.004180	3505.724364	10.800538	-0.090109	3.633225
492.052761	3504.932195	10.805543	-0.090117	3.632879
491.881184	3504.015713	10.810547	-0.090085	3.632469
492.180694	3503.110861	10.815552	-0.090139	3.632084
492.292325	3502.283238	10.820557	-0.090159	3.631724
492.071779	3501.449010	10.825562	-0.090117	3.631348
491.924860	3500.524246	10.830567	-0.090089	3.630936
491.736900	3499.731192	10.835571	-0.090054	3.630579
491.989878	3498.938287	10.840576	-0.090100	3.630241
491.929845	3498.096562	10.845581	-0.090088	3.629868
492.028268	3497.304016	10.850586	-0.090105	3.629523
491.933260	3496.482042	10.855591	-0.090087	3.629158
491.870435	3495.650766	10.860595	-0.090075	3.628789
491.934272	3494.828334	10.865600	-0.090086	3.628430
491.800770	3494.047805	10.870605	-0.090060	3.628081
492.014418	3493.188850	10.875610	-0.090099	3.627711
491.977568	3492.381019	10.880615	-0.090091	3.627354
491.791987	3491.589285	10.885619	-0.090057	3.626998
491.961102	3490.920510	10.890624	-0.090087	3.626711
491.873560	3490.099206	10.895629	-0.090070	3.626345
492.009200	3489.222400	10.900634	-0.090094	3.625965
491.875302	3488.404184	10.905639	-0.090069	3.625599
491.691208	3487.670842	10.910643	-0.090034	3.625268
491.798518	3486.896161	10.915648	-0.090053	3.624931
491.807176	3486.174709	10.920653	-0.090054	3.624614
491.770844	3485.385248	10.925658	-0.090047	3.624264
491.712041	3484.733300	10.930663	-0.090035	3.623975
491.615708	3484.015484	10.935667	-0.090017	3.623654
491.768767	3483.333912	10.940672	-0.090044	3.623360
491.738499	3482.522202	10.945677	-0.090038	3.623001
491.813831	3481.788520	10.950682	-0.090051	3.622681
491.687612	3481.104220	10.955687	-0.090027	3.622374
491.672537	3480.339468	10.960691	-0.090024	3.622036
491.939518	3479.763648	10.965696	-0.090072	3.621793
491.724789	3479.050991	10.970701	-0.090032	3.621470
491.663651	3478.281541	10.975706	-0.090020	3.621128
491.560339	3477.634342	10.980711	-0.090000	3.620839
491.482591	3476.992591	10.985715	-0.089985	3.620552
491.627872	3476.353353	10.990720	-0.090011	3.620276
491.670617	3475.652991	10.995725	-0.090019	3.619969
491.666841	3474.898308	11.000730	-0.090017	3.619636
491.575064	3474.313995	11.005735	-0.090000	3.619374
491.587669	3473.659087	11.010739	-0.090001	3.619086
491.566977	3472.998863	11.015744	-0.089997	3.618794
491.630681	3472.288329	11.020749	-0.090008	3.618483
491.671636	3471.614651	11.025754	-0.090015	3.618187
491.602732	3470.928698	11.030759	-0.090001	3.617882
491.650711	3470.245985	11.035763	-0.090009	3.617582
491.597300	3469.567183	11.040768	-0.089999	3.617280
491.681825	3468.914389	11.045773	-0.090014	3.616996
491.664750	3468.324215	11.050778	-0.090010	3.616734
491.781672	3467.587160	11.055783	-0.090031	3.616414
491.585738	3466.832173	11.060787	-0.089994	3.616072
491.607030	3466.206737	11.065792	-0.089997	3.615797
491.455972	3465.521899	11.070797	-0.089969	3.615488
491.463327	3465.002487	11.075802	-0.089970	3.615259
491.537725	3464.352412	11.080807	-0.089983	3.614975
491.572257	3463.682810	11.085811	-0.089988	3.614680
491.563278	3463.050565	11.090816	-0.089986	3.614400
491.488619	3462.493085	11.095821	-0.089972	3.614151
491.529342	3461.810334	11.100826	-0.089979	3.613851
491.600737	3461.141005	11.105831	-0.089991	3.613558
491.462898	3460.447603	11.110835	-0.089965	3.613246
491.551516	3459.924401	11.115840	-0.089981	3.613018
491.528362	3459.197012	11.120845	-0.089976	3.612696
491.581344	3458.596721	11.125850	-0.089985	3.612433
491.754679	3457.932886	11.130855	-0.090016	3.612146
491.488965	3457.333011	11.135859	-0.089967	3.611870
491.717849	3456.761492	11.140864	-0.090008	3.611627
491.632767	3455.978079	11.145869	-0.089992	3.611277
491.540687	3455.389556	11.150874	-0.089974	3.611013
491.780834	3454.615192	11.155879	-0.090018	3.610680
491.658802	3453.930058	11.160883	-0.089994	3.610372
491.638029	3453.262977	11.165888	-0.089990	3.610076
491.508265	3452.607630	11.170893	-0.089965	3.609781
491.500397	3452.019898	11.175898	-0.089963	3.609520
491.768758	3451.279864	11.180903	-0.090012	3.609204
491.525497	3450.592338	11.185907	-0.089967	3.608890
491.459064	3449.941128	11.190912	-0.089954	3.608599
491.390970	3449.399480	11.195917	-0.089940	3.608356
491.444678	3448.832983	11.200922	-0.089950	3.608108
491.378847	3448.339871	11.205927	-0.089937	3.607887
491.290631	3447.796706	11.210931	-0.089920	3.607643
491.251489	3447.171369	11.215936	-0.089912	3.607364
491.204679	3446.765432	11.220941	-0.089903	3.607182
491.278629	3446.345304	11.225946	-0.089916	3.606999
491.358761	3445.839990	11.230951	-0.089931	3.606779
491.358976	3445.258334	11.235955	-0.089930	3.606521
491.314261	3444.769801	11.240960	-0.089921	3.606303
491.347162	3444.245771	11.245965	-0.089927	3.606073
491.340534	3443.637381	11.250970	-0.089925	3.605803
491.355401	3443.046041	11.255975	-0.089927	3.605541
491.385776	3442.487819	11.260979	-0.089932	3.605295
491.432972	3442.009808	11.265984	-0.089940	3.605086
491.304000	3441.458950	11.270989	-0.089916	3.604836
491.465378	3440.806007	11.275994	-0.089945	3.604554
491.627570	3440.222093	11.280999	-0.089974	3.604302
491.385738	3439.549550	11.286003	-0.089929	3.603994
491.235735	3439.118525	11.291008	-0.089901	3.603796
491.341345	3438.583052	11.296013	-0.089920	3.603563
491.326175	3438.023097	11.301018	-0.089916	3.603315
491.374194	3437.418462	11.306023	-0.089924	3.603049
491.397773	3436.879578	11.311027	-0.089928	3.602811
491.386538	3436.285559	11.316032	-0.089925	3.602547
491.355557	3435.807548	11.321037	-0.089919	3.602334
491.290890	3435.210915	11.326042	-0.089907	3.602066
491.319259	3434.813976	11.331047	-0.089911	3.601892
491.180218	3434.427962	11.336051	-0.089885	3.601715
491.141665	3433.934588	11.341056	-0.089878	3.601494
491.141435	3433.358760	11.346061	-0.089877	3.601239
491.331767	3432.933914	11.351066	-0.089912	3.601058
491.399798	3432.405902	11.356071	-0.089923	3.600827
491.279026	3431.753592	11.361075	-0.089901	3.600533
491.268077	3431.228204	11.366080	-0.089898	3.600299
491.380340	3430.758055	11.371085	-0.089918	3.600095
491.353210	3430.269454	11.376090	-0.089913	3.599877
491.470158	3429.629300	11.381095	-0.089933	3.599598
491.338711	3429.014826	11.386099	-0.089909	3.599320
491.176186	3428.575045	11.391104	-0.089878	3.599118
491.239912	3428.184928	11.396109	-0.089889	3.598948
491.276402	3427.545519	11.401114	-0.089895	3.598665
491.355337	3427.034404	11.406119	-0.089909	3.598442
491.442685	3426.481014	11.411123	-0.089925	3.598200
491.248523	3426.001469	11.416128	-0.089889	3.597979
491.225384	3425.388984	11.421133	-0.089884	3.597706
491.073900	3424.882961	11.426138	-0.089855	3.597475
491.196630	3424.641453	11.431143	-0.089877	3.597373
491.212218	3423.996566	11.436147	-0.089880	3.597087
491.107994	3423.635244	11.441152	-0.089860	3.596922
491.179714	3423.350082	11.446157	-0.089873	3.596799
490.994718	3422.691272	11.451162	-0.089838	3.596498
491.063263	3422.464804	11.456167	-0.089850	3.596401
490.980636	3422.003074	11.461171	-0.089835	3.596192
490.831659	3421.700232	11.466176	-0.089807	3.596051
491.027779	3421.271162	11.471181	-0.089842	3.595869
491.151717	3420.809589	11.476186	-0.089865	3.595669
490.972203	3420.589131	11.481191	-0.089831	3.595564
490.960867	3419.978757	11.486195	-0.089828	3.595292
490.970190	3419.888018	11.491200	-0.089830	3.595252
490.952106	3419.194697	11.496205	-0.089826	3.594943
490.966881	3419.134375	11.501210	-0.089828	3.594917
490.902396	3418.471528	11.506215	-0.089816	3.594620
490.997683	3418.380376	11.511219	-0.089833	3.594583
491.130843	3417.753639	11.516224	-0.089857	3.594310
491.070072	3417.505143	11.521229	-0.089845	3.594197
491.117649	3417.024319	11.526234	-0.089853	3.593986
491.151699	3416.475246	11.531239	-0.089859	3.593743
491.026817	3416.232881	11.536243	-0.089836	3.593630
491.029670	3415.609545	11.541248	-0.089836	3.593353
491.011776	3415.427300	11.546253	-0.089832	3.593271
491.200213	3414.910033	11.551258	-0.089866	3.593049
491.000627	3414.362227	11.556263	-0.089829	3.592797
491.003914	3414.181510	11.561267	-0.089829	3.592717
491.101560	3413.592170	11.566272	-0.089846	3.592459
491.152151	3413.305835	11.571277	-0.089855	3.592334
491.265141	3412.795157	11.576282	-0.089876	3.592112
491.361046	3412.307903	11.581287	-0.089893	3.591899
491.298400	3411.812575	11.586291	-0.089881	3.591676
491.200914	3411.403450	11.591296	-0.089862	3.591490
491.124583	3410.795035	11.596301	-0.089847	3.591216
491.348303	3410.290125	11.601306	-0.089888	3.591001
491.221727	3409.899293	11.606311	-0.089864	3.590822
491.158897	3409.411158	11.611315	-0.089852	3.590602
491.117164	3408.814349	11.616320	-0.089844	3.590335
491.120764	3408.560724	11.621325	-0.089844	3.590222
491.059974	3407.960880	11.626330	-0.089832	3.589953
490.971548	3407.654978	11.631335	-0.089816	3.589813
491.059549	3407.260011	11.636339	-0.089831	3.589641
490.996271	3406.838054	11.641344	-0.089819	3.589451
490.946203	3406.647847	11.646349	-0.089810	3.589364
491.008390	3406.021009	11.651354	-0.089820	3.589088
490.955972	3405.895602	11.656359	-0.089810	3.589030
490.900273	3405.204969	11.661363	-0.089799	3.588720
490.855546	3405.195315	11.666368	-0.089791	3.588714
490.830840	3404.621063	11.671373	-0.089786	3.588457
490.945164	3404.479101	11.676378	-0.089806	3.588399
490.806970	3404.004100	11.681383	-0.089780	3.588181
491.077484	3403.744850	11.686387	-0.089830	3.588077
491.094331	3403.207426	11.691392	-0.089832	3.587839
490.919919	3403.085972	11.696397	-0.089800	3.587777
490.928637	3402.392255	11.701402	-0.089801	3.587469
491.066909	3402.307660	11.706407	-0.089826	3.587437
490.946045	3401.666329	11.711411	-0.089803	3.587146
490.920825	3401.607837	11.716416	-0.089798	3.587119
490.990096	3401.103431	11.721421	-0.089810	3.586898
490.957780	3400.910976	11.726426	-0.089804	3.586810
491.006660	3400.361572	11.731431	-0.089813	3.586568
490.965061	3400.069048	11.736435	-0.089804	3.586436
491.064144	3399.655847	11.741440	-0.089822	3.586256
491.019789	3399.274568	11.746445	-0.089814	3.586084
490.994774	3398.920910	11.751450	-0.089808	3.585926
490.860253	3398.396138	11.756455	-0.089783	3.585686
490.935509	3398.218730	11.761459	-0.089797	3.585610
490.809211	3397.705140	11.766464	-0.089773	3.585376
490.844032	3397.518986	11.771469	-0.089779	3.585295
490.862673	3397.250965	11.776474	-0.089782	3.585176
490.872115	3396.844349	11.781479	-0.089783	3.584995
490.913314	3396.637279	11.786483	-0.089790	3.584905
491.088184	3396.106979	11.791488	-0.089822	3.584676
490.943208	3395.825879	11.796493	-0.089795	3.584544
490.954280	3395.482249	11.801498	-0.089796	3.584392
490.914266	3395.041898	11.806503	-0.089789	3.584194
490.929062	3394.708457	11.811507	-0.089791	3.584046
490.816068	3394.370409	11.816512	-0.089770	3.583890
490.897528	3394.042545	11.821517	-0.089784	3.583748
491.028613	3393.641294	11.826522	-0.089808	3.583574
490.901834	3393.336837	11.831527	-0.089784	3.583433
490.757360	3393.137770	11.836531	-0.089757	3.583338
490.882164	3392.641186	11.841536	-0.089779	3.583122
490.959887	3392.484672	11.846541	-0.089793	3.583056
490.985987	3391.907186	11.851546	-0.089798	3.582800
490.850483	3391.717810	11.856551	-0.089772	3.582709
490.725273	3391.196156	11.861555	-0.089749	3.582471
490.867067	3391.207950	11.866560	-0.089775	3.582483
490.847268	3390.624435	11.871565	-0.089770	3.582222
490.946714	3390.540118	11.876570	-0.089788	3.582188
490.850700	3390.119401	11.881575	-0.089770	3.581997
490.762101	3390.010333	11.886579	-0.089753	3.581944
490.801874	3389.683118	11.891584	-0.089760	3.581800
490.755517	3389.254205	11.896589	-0.089751	3.581607
490.770627	3389.263386	11.901594	-0.089754	3.581611
490.611274	3388.706655	11.906599	-0.089724	3.581356
490.562401	3388.612020	11.911603	-0.089715	3.581312
490.808580	3388.597018	11.916608	-0.089760	3.581316
490.726636	3388.062344	11.921613	-0.089744	3.581074
490.913304	3387.833184	11.926618	-0.089778	3.580979
490.691826	3387.631839	11.931623	-0.089737	3.580880
490.829938	3387.191007	11.936627	-0.089762	3.580689
490.835923	3387.159753	11.941632	-0.089763	3.580676
490.847942	3386.476194	11.946637	-0.089764	3.580371
490.900517	3386.420888	11.951642	-0.089774	3.580349
490.637110	3385.872217	11.956647	-0.089724	3.580093
490.688248	3385.729560	11.961651	-0.089734	3.580031
490.926050	3385.627849	11.966656	-0.089777	3.579996
490.706655	3385.065232	11.971661	-0.089736	3.579736
490.635406	3385.066568	11.976666	-0.089723	3.579733
490.761175	3384.834203	11.981671	-0.089745	3.579635
490.766133	3384.392952	11.986675	-0.089746	3.579438
490.866952	3384.369433	11.991680	-0.089764	3.579432
490.622836	3383.698718	11.996685	-0.089719	3.579122
490.656582	3383.650826	12.001690	-0.089724	3.579102
490.679276	3383.657173	12.006695	-0.089728	3.579106
490.675897	3383.028565	12.011699	-0.089727	3.578825
490.809813	3382.932609	12.016704	-0.089752	3.578788
490.779053	3382.764250	12.021709	-0.089746	3.578712
490.626563	3382.228338	12.026714	-0.089717	3.578466
490.739300	3382.234461	12.031719	-0.089737	3.578473
490.734856	3381.919481	12.036723	-0.089736	3.578333
490.879010	3381.551814	12.041728	-0.089762	3.578175
490.629176	3381.563955	12.046733	-0.089716	3.578169
490.743286	3380.917271	12.051738	-0.089736	3.577886
490.820068	3380.831696	12.056743	-0.089750	3.577851
490.650770	3380.717218	12.061747	-0.089719	3.577792
490.780253	3380.141169	12.066752	-0.089742	3.577541
490.571273	3380.178085	12.071757	-0.089703	3.577548
490.656656	3380.027346	12.076762	-0.089719	3.577484
490.724486	3379.436965	12.081767	-0.089731	3.577224
490.742813	3379.450018	12.086771	-0.089734	3.577230
490.951625	3379.100739	12.091776	-0.089772	3.577083
490.864070	3378.847689	12.096781	-0.089755	3.576966
490.861080	3378.451583	12.101786	-0.089754	3.576789
490.857738	3378.110073	12.106791	-0.089753	3.576637
490.836620	3377.955582	12.111795	-0.089749	3.576567
490.842123	3377.435645	12.116800	-0.089749	3.576335
490.739190	3377.440033	12.121805	-0.089730	3.576332
490.810721	3376.806833	12.126810	-0.089743	3.576053
490.767406	3376.713223	12.131815	-0.089734	3.576009
490.830436	3376.473794	12.136819	-0.089746	3.575905
490.559508	3376.044060	12.141824	-0.089695	3.575701
490.586681	3376.056957	12.146829	-0.089700	3.575708
490.709438	3375.807628	12.151834	-0.089722	3.575602
490.737202	3375.298281	12.156839	-0.089727	3.575375
490.672152	3375.299045	12.161843	-0.089714	3.575373
490.689052	3374.969713	12.166848	-0.089717	3.575227
490.597304	3374.629839	12.171853	-0.089700	3.575071
490.644146	3374.622674	12.176858	-0.089708	3.575070
490.841308	3374.332003	12.181863	-0.089744	3.574948
490.629853	3373.904390	12.186867	-0.089705	3.574748
490.508477	3373.926632	12.191872	-0.089682	3.574753
490.500369	3373.911456	12.196877	-0.089680	3.574745
490.799233	3373.381129	12.201882	-0.089735	3.574521
490.922858	3373.245001	12.206887	-0.089757	3.574466
490.666388	3372.919602	12.211891	-0.089709	3.574309
490.646269	3372.529629	12.216896	-0.089705	3.574134
490.634013	3372.519046	12.221901	-0.089703	3.574129
490.605993	3372.310128	12.226906	-0.089697	3.574034
490.785450	3371.830472	12.231911	-0.089730	3.573828
490.622747	3371.811963	12.236915	-0.089700	3.573812
490.594148	3371.646439	12.241920	-0.089694	3.573737
490.520876	3371.145652	12.246925	-0.089680	3.573510
490.499196	3371.163922	12.251930	-0.089676	3.573517
490.497229	3371.149560	12.256935	-0.089675	3.573511
490.466933	3371.118354	12.261939	-0.089669	3.573495
490.622433	3370.524396	12.266944	-0.089697	3.573237
490.738883	3370.395281	12.271949	-0.089718	3.573184
490.517310	3370.428539	12.276954	-0.089677	3.573189
490.537701	3370.100468	12.281959	-0.089681	3.573043
490.522106	3369.733952	12.286963	-0.089677	3.572879
490.660412	3369.699147	12.291968	-0.089703	3.572869
490.879241	3369.437278	12.296973	-0.089742	3.572761
490.649938	3368.994212	12.301978	-0.089700	3.572553
490.654891	3369.014812	12.306983	-0.089700	3.572563
490.599429	3368.837260	12.311987	-0.089690	3.572481
490.658779	3368.322528	12.316992	-0.089700	3.572253
490.501098	3368.366421	12.321997	-0.089671	3.572266
490.491473	3368.345816	12.327002	-0.089669	3.572257
490.509317	3368.212226	12.332007	-0.089672	3.572198
490.589267	3367.787740	12.337011	-0.089686	3.572011
490.572715	3367.793641	12.342016	-0.089683	3.572013
490.531834	3367.804671	12.347021	-0.089675	3.572016
490.579011	3367.465755	12.352026	-0.089683	3.571867
490.657232	3367.065913	12.357031	-0.089697	3.571691
490.581276	3367.035619	12.362035	-0.089683	3.571674
490.620119	3366.954501	12.367040	-0.089690	3.571640
490.465322	3366.367586	12.372045	-0.089661	3.571371
490.479046	3366.349632	12.377050	-0.089663	3.571363
490.611702	3366.354470	12.382055	-0.089687	3.571371
490.430680	3366.348934	12.387059	-0.089654	3.571361
490.394348	3366.034856	12.392064	-0.089646	3.571219
490.302948	3365.671624	12.397069	-0.089629	3.571052
490.471460	3365.647181	12.402074	-0.089660	3.571048
490.470746	3365.667618	12.407079	-0.089660	3.571057
490.386809	3365.677199	12.412083	-0.089644	3.571058
490.471844	3365.653793	12.417088	-0.089659	3.571051
490.478898	3365.337670	12.422093	-0.089660	3.570910
490.355001	3364.967818	12.427098	-0.089637	3.570739
490.471129	3364.973538	12.432103	-0.089658	3.570747
490.523942	3364.955322	12.437107	-0.089668	3.570741
490.489325	3364.947600	12.442112	-0.089661	3.570736
490.558288	3364.544579	12.447117	-0.089673	3.570559
490.579559	3364.192231	12.452122	-0.089677	3.570402
490.538664	3364.222109	12.457127	-0.089669	3.570413
490.455235	3364.237926	12.462131	-0.089653	3.570417
490.428702	3363.983022	12.467136	-0.089648	3.570302
490.491807	3363.544316	12.472141	-0.089659	3.570108
490.511909	3363.534828	12.477146	-0.089662	3.570105
490.584818	3363.555165	12.482151	-0.089676	3.570117
490.500506	3363.536167	12.487155	-0.089660	3.570105
490.593605	3362.885220	12.492160	-0.089676	3.569817
490.409919	3362.884152	12.497165	-0.089642	3.569809
490.588856	3362.847534	12.502170	-0.089675	3.569800
490.693288	3362.776201	12.507175	-0.089694	3.569773
490.679275	3362.173988	12.512179	-0.089691	3.569503
490.528195	3362.193517	12.517184	-0.089663	3.569505
490.639662	3362.169665	12.522189	-0.089683	3.569499
490.682003	3361.612325	12.527194	-0.089690	3.569251
490.696779	3361.433084	12.532199	-0.089693	3.569172
490.664894	3361.416732	12.537203	-0.089686	3.569163
490.581655	3360.903615	12.542208	-0.089671	3.568930
490.697695	3360.755820	12.547213	-0.089692	3.568869
490.466824	3360.782327	12.552218	-0.089649	3.568870
490.571513	3360.698422	12.557223	-0.089668	3.568837
490.578043	3360.009277	12.562227	-0.089668	3.568529
490.554216	3360.035411	12.567232	-0.089664	3.568540
490.417179	3360.052898	12.572237	-0.089638	3.568542
490.515486	3360.035891	12.577242	-0.089656	3.568538
490.636710	3359.443905	12.582247	-0.089678	3.568279
490.444198	3359.378131	12.587251	-0.089642	3.568241
490.503198	3359.362811	12.592256	-0.089653	3.568236
490.432667	3359.385762	12.597261	-0.089640	3.568244
490.375107	3359.380258	12.602266	-0.089629	3.568239
490.521029	3358.665267	12.607271	-0.089655	3.567925
490.516175	3358.628885	12.612275	-0.089654	3.567908
490.476538	3358.647468	12.617280	-0.089646	3.567915
490.496870	3358.647727	12.622285	-0.089650	3.567916
490.564285	3358.233302	12.627290	-0.089662	3.567733
490.619388	3357.944236	12.632295	-0.089671	3.567606
490.628102	3357.949797	12.637299	-0.089673	3.567609
490.594216	3357.885522	12.642304	-0.089666	3.567579
490.553934	3357.268079	12.647309	-0.089658	3.567300
490.477081	3357.266529	12.652314	-0.089644	3.567296
490.604101	3357.277443	12.657319	-0.089667	3.567307
490.433572	3357.270262	12.662323	-0.089635	3.567296
490.586183	3356.773784	12.667328	-0.089663	3.567080
490.573243	3356.702623	12.672333	-0.089660	3.567048
490.518006	3356.714337	12.677338	-0.089650	3.567051
490.501448	3356.736974	12.682343	-0.089647	3.567060
490.427452	3356.112408	12.687347	-0.089632	3.566777
490.336538	3355.969264	12.692352	-0.089615	3.566709
490.700524	3355.951086	12.697357	-0.089682	3.566717
490.465144	3355.964799	12.702362	-0.089638	3.566713
490.535513	3355.820776	12.707367	-0.089651	3.566651
490.450902	3355.276794	12.712371	-0.089635	3.566404
490.544309	3355.267226	12.717376	-0.089652	3.566403
490.647234	3355.276963	12.722381	-0.089671	3.566412
490.593981	3355.073732	12.727386	-0.089660	3.566319
490.635205	3354.547665	12.732391	-0.089667	3.566085
490.565336	3354.548239	12.737395	-0.089654	3.566082
490.427104	3354.574221	12.742400	-0.089629	3.566088
490.626901	3354.332004	12.747405	-0.089665	3.565988
490.650484	3353.866243	12.752410	-0.089669	3.565780
490.539512	3353.867291	12.757415	-0.089648	3.565776
490.601705	3353.877458	12.762419	-0.089659	3.565783
490.512947	3353.174380	12.767424	-0.089642	3.565464
490.536629	3353.156188	12.772429	-0.089646	3.565457
490.292547	3353.174243	12.777434	-0.089601	3.565455
490.404132	3353.161526	12.782439	-0.089622	3.565454
490.367606	3353.169348	12.787443	-0.089615	3.565456
490.444533	3353.117448	12.792448	-0.089629	3.565436
490.536987	3352.454142	12.797453	-0.089645	3.565142
490.366654	3352.436519	12.802458	-0.089613	3.565127
490.632972	3352.447928	12.807463	-0.089662	3.565144
490.471074	3352.441341	12.812467	-0.089632	3.565134
490.309711	3352.047177	12.817472	-0.089602	3.564950
490.464399	3351.770338	12.822477	-0.089630	3.564833
490.585950	3351.740628	12.827482	-0.089652	3.564825
490.475532	3351.779266	12.832487	-0.089632	3.564837
490.424755	3351.773129	12.837491	-0.089622	3.564832
490.334164	3351.777100	12.842496	-0.089605	3.564830
490.476957	3351.107660	12.847501	-0.089631	3.564536
490.518408	3351.067550	12.852506	-0.089638	3.564520
490.654028	3351.088054	12.857511	-0.089663	3.564535
490.594282	3351.056998	12.862515	-0.089652	3.564518
490.481327	3350.366266	12.867520	-0.089630	3.564204
490.717077	3350.349939	12.872525	-0.089673	3.564207
490.507970	3350.377879	12.877530	-0.089634	3.564210
490.522010	3350.196867	12.882535	-0.089637	3.564130
490.541613	3349.673899	12.887539	-0.089640	3.563896
490.603856	3349.670112	12.892544	-0.089651	3.563897
490.694700	3349.666355	12.897549	-0.089667	3.563899
490.628244	3349.095977	12.902554	-0.089655	3.563641
490.686173	3348.965105	12.907559	-0.089665	3.563585
490.538418	3348.987832	12.912563	-0.089638	3.563588
490.519745	3348.860864	12.917568	-0.089634	3.563531
490.404845	3348.314726	12.922573	-0.089612	3.563281
490.389423	3348.315638	12.927578	-0.089609	3.563281
490.492991	3348.308561	12.932583	-0.089628	3.563282
490.511976	3348.300583	12.937587	-0.089631	3.563279
490.593450	3347.998172	12.942592	-0.089646	3.563147
490.540942	3347.586091	12.947597	-0.089635	3.562960
490.554867	3347.556310	12.952602	-0.089638	3.562947
490.607741	3347.580590	12.957607	-0.089647	3.562960
490.588032	3347.164671	12.962611	-0.089643	3.562773
490.648880	3346.898419	12.967616	-0.089654	3.562656
490.578265	3346.915103	12.972621	-0.089641	3.562660
490.559800	3346.848747	12.977626	-0.089637	3.562630
490.493124	3346.206169	12.982631	-0.089624	3.562339
490.759422	3346.163888	12.987635	-0.089673	3.562331
490.484658	3346.200961	12.992640	-0.089622	3.562336
490.574521	3346.026658	12.997645	-0.089638	3.562262
490.580468	3345.649436	13.002650	-0.089639	3.562093
490.512028	3345.665214	13.007655	-0.089626	3.562097
490.575549	3345.644583	13.012659	-0.089638	3.562090
490.470671	3345.347711	13.017664	-0.089618	3.561953
490.435169	3344.949453	13.022669	-0.089611	3.561773
490.349985	3344.952223	13.027674	-0.089595	3.561770
490.086735	3344.968694	13.032679	-0.089546	3.561766
490.423195	3344.946100	13.037683	-0.089608	3.561770
490.329824	3344.957321	13.042688	-0.089590	3.561771
490.382882	3344.974606	13.047693	-0.089600	3.561781
490.409437	3344.938045	13.052698	-0.089605	3.561766
490.236987	3344.964556	13.057703	-0.089573	3.561770
490.209088	3344.899825	13.062707	-0.089567	3.561740
490.188704	3344.257127	13.067712	-0.089563	3.561451
490.269073	3344.250189	13.072717	-0.089577	3.561451
490.314153	3344.232035	13.077722	-0.089585	3.561445
490.306021	3344.253135	13.082727	-0.089584	3.561454
490.253038	3344.241659	13.087731	-0.089574	3.561447
490.332683	3344.244539	13.092736	-0.089588	3.561451
490.375609	3344.236341	13.097741	-0.089596	3.561449
490.273500	3344.232392	13.102746	-0.089577	3.561443
490.341928	3344.246799	13.107751	-0.089589	3.561453
490.317118	3344.236782	13.112755	-0.089584	3.561447
490.419304	3343.933911	13.117760	-0.089603	3.561316
490.489469	3343.535275	13.122765	-0.089615	3.561140
490.405590	3343.498935	13.127770	-0.089599	3.561120
490.302764	3343.532653	13.132775	-0.089580	3.561130
490.401777	3343.510687	13.137779	-0.089598	3.561125
490.429880	3343.515059	13.142784	-0.089603	3.561128
490.300766	3343.538782	13.147789	-0.089579	3.561133
490.383380	3342.961439	13.152794	-0.089594	3.560878
490.308104	3342.874148	13.157799	-0.089580	3.560835
490.442128	3342.836967	13.162803	-0.089604	3.560824
490.436429	3342.844601	13.167808	-0.089603	3.560827
490.501493	3342.851669	13.172813	-0.089615	3.560833
490.391766	3342.830360	13.177818	-0.089594	3.560819
490.483648	3342.238247	13.182823	-0.089610	3.560557
490.534436	3342.060135	13.187827	-0.089619	3.560479
490.603565	3342.056367	13.192832	-0.089632	3.560481
490.473749	3342.083641	13.197837	-0.089608	3.560487
490.499063	3341.786178	13.202842	-0.089612	3.560355
490.451412	3341.408070	13.207847	-0.089603	3.560183
490.496394	3341.432386	13.212851	-0.089611	3.560196
490.538904	3341.422139	13.217856	-0.089618	3.560193
490.549337	3341.361394	13.222861	-0.089620	3.560166
490.573140	3340.685481	13.227866	-0.089624	3.559864
490.560490	3340.711184	13.232871	-0.089621	3.559875
490.379438	3340.714177	13.237875	-0.089588	3.559868
490.413642	3340.715868	13.242880	-0.089594	3.559871
490.517324	3340.543119	13.247885	-0.089612	3.559798
490.530532	3340.045757	13.252890	-0.089614	3.559575
490.503986	3340.076976	13.257895	-0.089609	3.559588
490.576174	3340.061775	13.262899	-0.089622	3.559584
490.570103	3339.683213	13.267904	-0.089621	3.559414
490.470378	3339.337377	13.272909	-0.089602	3.559254
490.468661	3339.327228	13.277914	-0.089601	3.559250
490.558191	3339.320788	13.282919	-0.089618	3.559251
490.607341	3339.260493	13.287923	-0.089626	3.559226
490.486526	3338.620300	13.292928	-0.089603	3.558933
490.396119	3338.661860	13.297933	-0.089587	3.558948
490.423855	3338.635645	13.302938	-0.089591	3.558937
490.287627	3338.664238	13.307943	-0.089566	3.558944
490.563354	3338.606408	13.312947	-0.089617	3.558930
490.390406	3338.178641	13.317952	-0.089584	3.558730
490.293475	3337.940446	13.322957	-0.089566	3.558619
490.383567	3337.924905	13.327962	-0.089582	3.558616
490.515431	3337.928981	13.332967	-0.089606	3.558624
490.462394	3337.932838	13.337971	-0.089596	3.558623
490.433928	3337.937798	13.342976	-0.089591	3.558624
490.378391	3337.573166	13.347981	-0.089580	3.558458
490.505563	3337.214545	13.352986	-0.089603	3.558302
490.320030	3337.226338	13.357991	-0.089569	3.558300
490.444444	3337.225566	13.362995	-0.089592	3.558305
490.334532	3337.241182	13.368000	-0.089571	3.558307
490.463134	3337.239309	13.373005	-0.089594	3.558312
490.392057	3336.999342	13.378010	-0.089581	3.558201
490.418064	3336.537138	13.383015	-0.089585	3.557994
490.232599	3336.544755	13.388019	-0.089551	3.557990
490.521764	3336.521098	13.393024	-0.089604	3.557992
490.458031	3336.523903	13.398029	-0.089592	3.557990
490.458689	3336.516310	13.403034	-0.089592	3.557987
490.483303	3336.355455	13.408039	-0.089596	3.557915
490.352268	3335.818745	13.413043	-0.089571	3.557669
490.374095	3335.830668	13.418048	-0.089575	3.557675
490.402408	3335.835704	13.423053	-0.089580	3.557678
490.384533	3335.826426	13.428058	-0.089577	3.557673
490.328771	3335.836808	13.433063	-0.089566	3.557676
490.394322	3335.841026	13.438067	-0.089578	3.557680
490.303368	3335.501481	13.443072	-0.089561	3.557524
490.183417	3335.183534	13.448077	-0.089538	3.557376
490.317994	3335.154647	13.453082	-0.089563	3.557369
490.458684	3335.164116	13.458087	-0.089588	3.557379
490.453552	3335.175862	13.463091	-0.089587	3.557384
490.520925	3335.144432	13.468096	-0.089599	3.557373
490.541901	3335.172432	13.473101	-0.089603	3.557386
490.546554	3334.578871	13.478106	-0.089603	3.557120
490.500359	3334.579984	13.483111	-0.089594	3.557118
490.402724	3334.583985	13.488115	-0.089576	3.557116
490.396090	3334.586140	13.493120	-0.089575	3.557116
490.697523	3334.374907	13.498125	-0.089630	3.557035
490.580771	3333.843212	13.503130	-0.089608	3.556791
490.531494	3333.876612	13.508135	-0.089599	3.556804
490.390598	3333.862547	13.513139	-0.089572	3.556791
490.369837	3333.860506	13.518144	-0.089568	3.556789
490.516487	3333.297811	13.523149	-0.089595	3.556543
490.591650	3333.086933	13.528154	-0.089608	3.556451
490.484541	3333.133574	13.533159	-0.089588	3.556468
490.346699	3333.139383	13.538163	-0.089563	3.556464
490.293904	3333.149480	13.543168	-0.089553	3.556466
490.372358	3333.114895	13.548173	-0.089567	3.556454
490.265827	3332.449515	13.553178	-0.089547	3.556151
490.463360	3332.426353	13.558183	-0.089583	3.556149
490.288967	3332.448216	13.563187	-0.089550	3.556151
490.393079	3332.422274	13.568192	-0.089569	3.556144
490.381571	3332.469397	13.573197	-0.089567	3.556165
490.405324	3332.446363	13.578202	-0.089571	3.556155
490.357403	3332.455989	13.583207	-0.089562	3.556157
490.345193	3332.090905	13.588211	-0.089559	3.555993
490.214481	3331.745648	13.593216	-0.089535	3.555832
490.402973	3331.747690	13.598221	-0.089569	3.555841
490.492177	3331.728753	13.603226	-0.089586	3.555836
490.448638	3331.727527	13.608231	-0.089577	3.555834
490.385733	3331.735822	13.613235	-0.089565	3.555835
490.346080	3331.743953	13.618240	-0.089558	3.555837
490.406136	3331.343407	13.623245	-0.089568	3.555659
490.427712	3331.009861	13.628250	-0.089572	3.555510
490.441686	3331.010716	13.633255	-0.089574	3.555511
490.435177	3331.022591	13.638259	-0.089573	3.555516
490.411012	3331.009759	13.643264	-0.089568	3.555510
490.411379	3331.039041	13.648269	-0.089568	3.555523
490.449573	3330.486336	13.653274	-0.089575	3.555276
490.612352	3330.331687	13.658279	-0.089604	3.555214
490.478229	3330.334367	13.663283	-0.089579	3.555209
490.335757	3330.346196	13.668288	-0.089553	3.555208
490.500092	3330.334581	13.673293	-0.089583	3.555210
490.451462	3329.666616	13.678298	-0.089573	3.554908
490.579335	3329.616829	13.683303	-0.089596	3.554891
490.500141	3329.632958	13.688307	-0.089582	3.554894
490.489847	3329.606972	13.693312	-0.089579	3.554882
490.499712	3329.408762	13.698317	-0.089581	3.554794
490.487602	3328.956245	13.703322	-0.089578	3.554590
490.532036	3328.985422	13.708327	-0.089586	3.554605
490.396170	3329.001481	13.713331	-0.089561	3.554606
490.409041	3328.985068	13.718336	-0.089563	3.554599
490.602415	3328.598153	13.723341	-0.089598	3.554434
490.505345	3328.235905	13.728346	-0.089580	3.554267
490.360975	3328.245145	13.733351	-0.089553	3.554264
490.428141	3328.256830	13.738355	-0.089565	3.554273
490.461880	3328.225890	13.743360	-0.089571	3.554260
490.345043	3328.252615	13.748365	-0.089549	3.554267
490.338168	3327.683623	13.753370	-0.089547	3.554011
490.391561	3327.577130	13.758375	-0.089557	3.553965
490.366181	3327.578321	13.763379	-0.089552	3.553965
490.367088	3327.574881	13.768384	-0.089552	3.553963
490.479860	3327.571029	13.773389	-0.089573	3.553966
490.493796	3327.553126	13.778394	-0.089575	3.553959
490.530900	3327.023693	13.783399	-0.089581	3.553722
490.553214	3326.839625	13.788403	-0.089585	3.553641
490.357686	3326.862163	13.793408	-0.089549	3.553642
490.392950	3326.863733	13.798413	-0.089555	3.553644
490.333912	3326.857069	13.803418	-0.089544	3.553639
490.549577	3326.591053	13.808423	-0.089583	3.553529
490.388225	3326.178862	13.813427	-0.089553	3.553336
490.381365	3326.185207	13.818432	-0.089551	3.553339
490.455212	3326.194848	13.823437	-0.089565	3.553346
490.432045	3326.169427	13.828442	-0.089560	3.553334
490.509010	3326.166261	13.833447	-0.089574	3.553336
490.367389	3325.642428	13.838451	-0.089548	3.553094
490.304948	3325.461048	13.843456	-0.089536	3.553010
490.459041	3325.455269	13.848461	-0.089564	3.553014
490.417780	3325.453833	13.853466	-0.089556	3.553011
490.468699	3325.476807	13.858471	-0.089565	3.553024
490.220193	3325.487813	13.863475	-0.089519	3.553018
490.116106	3325.488992	13.868480	-0.089500	3.553014
490.194162	3325.506557	13.873485	-0.089514	3.553025
490.117720	3325.493943	13.878490	-0.089500	3.553016
490.350349	3325.476385	13.883495	-0.089542	3.553018
490.261206	3325.475422	13.888499	-0.089526	3.553014
490.241212	3325.050295	13.893504	-0.089521	3.552822
490.471584	3324.774567	13.898509	-0.089563	3.552708
490.323964	3324.774411	13.903514	-0.089536	3.552701
490.443046	3324.768549	13.908519	-0.089558	3.552704
490.334993	3324.768031	13.913523	-0.089538	3.552699
490.279429	3324.767288	13.918528	-0.089527	3.552696
490.331079	3324.778380	13.923533	-0.089536	3.552703
490.328388	3324.773901	13.928538	-0.089536	3.552701
490.378819	3324.621888	13.933543	-0.089545	3.552635
490.213875	3324.117792	13.938547	-0.089514	3.552401
490.279260	3324.094214	13.943552	-0.089525	3.552393
490.392695	3324.112510	13.948557	-0.089546	3.552406
490.380008	3324.104140	13.953562	-0.089544	3.552402
490.315676	3324.126472	13.958567	-0.089531	3.552409
490.355253	3324.106785	13.963571	-0.089538	3.552402
490.320692	3324.113036	13.968576	-0.089532	3.552403
490.287907	3324.126059	13.973581	-0.089526	3.552408
490.297174	3324.095420	13.978586	-0.089527	3.552394
490.402407	3323.784624	13.983591	-0.089546	3.552259
490.388503	3323.568029	13.988595	-0.089543	3.552161
490.306088	3323.551835	13.993600	-0.089528	3.552150
490.400458	3323.569199	13.998605	-0.089545	3.552162
490.250740	3323.578280	14.003610	-0.089517	3.552159
490.315167	3323.570768	14.008615	-0.089529	3.552159
490.309848	3323.575573	14.013619	-0.089527	3.552161
490.288701	3323.563162	14.018624	-0.089523	3.552154
490.401984	3323.490496	14.023629	-0.089544	3.552126
490.313308	3322.823536	14.028634	-0.089527	3.551822
490.507400	3322.799979	14.033639	-0.089562	3.551820
490.533928	3322.815584	14.038643	-0.089567	3.551828
490.328103	3322.814137	14.043648	-0.089529	3.551819
490.423926	3322.810524	14.048653	-0.089546	3.551821
490.238570	3322.832091	14.053658	-0.089512	3.551823
490.327759	3322.445822	14.058663	-0.089528	3.551653
490.419111	3322.151012	14.063667	-0.089544	3.551524
490.252321	3322.149951	14.068672	-0.089513	3.551516
490.313019	3322.178210	14.073677	-0.089524	3.551532
490.210841	3322.163939	14.078682	-0.089505	3.551521
490.261691	3322.146633	14.083687	-0.089514	3.551515
490.490141	3322.142655	14.088691	-0.089556	3.551523
490.364316	3322.150119	14.093696	-0.089533	3.551521
490.295461	3322.148587	14.098701	-0.089520	3.551517
490.243040	3322.142683	14.103706	-0.089510	3.551512
490.387199	3321.714317	14.108711	-0.089536	3.551326
490.482968	3321.413549	14.113715	-0.089553	3.551195
490.234613	3321.426652	14.118720	-0.089507	3.551190
490.444652	3321.416817	14.123725	-0.089546	3.551195
490.432449	3321.406321	14.128730	-0.089543	3.551189
490.373441	3321.435772	14.133735	-0.089532	3.551200
490.436356	3321.302741	14.138739	-0.089543	3.551143
490.376695	3320.698413	14.143744	-0.089532	3.550868
490.344774	3320.721765	14.148749	-0.089526	3.550877
490.376178	3320.721618	14.153754	-0.089531	3.550879
490.438247	3320.721968	14.158759	-0.089542	3.550881
490.533434	3320.732990	14.163763	-0.089560	3.550891
490.521647	3320.382989	14.168768	-0.089557	3.550733
490.493517	3320.011682	14.173773	-0.089551	3.550564
490.420748	3320.008453	14.178778	-0.089538	3.550560
490.391531	3320.016269	14.183783	-0.089532	3.550562
490.664565	3320.001009	14.188787	-0.089582	3.550567
490.379393	3319.406862	14.193792	-0.089529	3.550287
490.222692	3319.324323	14.198797	-0.089500	3.550243
490.347089	3319.298493	14.203802	-0.089523	3.550237
490.395495	3319.298083	14.208807	-0.089531	3.550239
490.313700	3319.301284	14.213811	-0.089516	3.550236
490.299826	3319.313859	14.218816	-0.089513	3.550241
490.413130	3319.309234	14.223821	-0.089534	3.550244
490.331203	3319.304813	14.228826	-0.089519	3.550239
490.364466	3319.154563	14.233831	-0.089524	3.550172
490.379208	3318.643126	14.238835	-0.089526	3.549943
490.250862	3318.644600	14.243840	-0.089503	3.549938
490.387371	3318.638415	14.248845	-0.089528	3.549941
490.408283	3318.624710	14.253850	-0.089531	3.549936
490.226069	3318.656397	14.258855	-0.089497	3.549942
490.305136	3318.657869	14.263859	-0.089512	3.549946
490.365209	3318.623706	14.268864	-0.089522	3.549933
490.344791	3318.644550	14.273869	-0.089519	3.549942
490.385706	3318.457480	14.278874	-0.089526	3.549859
490.578330	3317.924658	14.283879	-0.089561	3.549628
490.419921	3317.964445	14.288883	-0.089531	3.549639
490.305161	3317.958358	14.293888	-0.089510	3.549631
490.479864	3317.950545	14.298893	-0.089542	3.549635
490.505943	3317.705944	14.303898	-0.089546	3.549526
490.385205	3317.222322	14.308903	-0.089523	3.549303
490.230131	3317.277746	14.313907	-0.089495	3.549321
490.378615	3317.240555	14.318912	-0.089522	3.549311
490.474492	3317.221656	14.323917	-0.089539	3.549307
490.409618	3317.217668	14.328922	-0.089527	3.549302
490.351557	3317.219264	14.333927	-0.089516	3.549300
490.388704	3317.019408	14.338931	-0.089523	3.549212
490.342261	3316.540415	14.343936	-0.089513	3.548994
490.468816	3316.562943	14.348941	-0.089536	3.549010
490.333087	3316.555429	14.353946	-0.089511	3.549000
490.420665	3316.531784	14.358951	-0.089527	3.548994
490.269780	3316.570841	14.363955	-0.089499	3.549005
490.384216	3316.545976	14.368960	-0.089520	3.548998
490.405227	3316.207551	14.373965	-0.089523	3.548847
490.309058	3315.859705	14.378970	-0.089505	3.548686
490.277810	3315.842743	14.383975	-0.089499	3.548677
490.211884	3315.866612	14.388979	-0.089487	3.548685
490.284004	3315.855569	14.393984	-0.089500	3.548683
490.164431	3315.862447	14.398989	-0.089478	3.548681
490.270257	3315.860619	14.403994	-0.089497	3.548685
490.242023	3315.845445	14.408999	-0.089491	3.548676
490.375727	3315.853398	14.414003	-0.089516	3.548686
490.394756	3315.832940	14.419008	-0.089519	3.548677
490.266034	3315.865683	14.424013	-0.089495	3.548686
490.356132	3315.877870	14.429018	-0.089512	3.548696
490.305954	3315.569975	14.434023	-0.089502	3.548555
490.489947	3315.169977	14.439027	-0.089535	3.548383
490.502533	3315.159165	14.444032	-0.089537	3.548379
490.436343	3315.167798	14.449037	-0.089525	3.548379
490.498669	3315.155624	14.454042	-0.089536	3.548377
490.501227	3314.837779	14.459047	-0.089536	3.548234
490.393461	3314.444648	14.464051	-0.089516	3.548052
490.142015	3314.448386	14.469056	-0.089469	3.548043
490.363781	3314.447083	14.474061	-0.089510	3.548052
490.268338	3314.445379	14.479066	-0.089492	3.548047
490.252040	3314.439455	14.484071	-0.089489	3.548043
490.410458	3314.438756	14.489075	-0.089518	3.548050
490.346347	3314.413892	14.494080	-0.089506	3.548036
490.315260	3314.455880	14.499085	-0.089500	3.548053
490.359449	3314.405235	14.504090	-0.089508	3.548032
490.449861	3313.779938	14.509095	-0.089524	3.547755
490.522738	3313.764658	14.514099	-0.089537	3.547751
490.471584	3313.760040	14.519104	-0.089527	3.547747
490.413644	3313.787294	14.524109	-0.089516	3.547756
490.355455	3313.765326	14.529114	-0.089505	3.547744
490.265407	3313.602187	14.534119	-0.089488	3.547666
490.218020	3313.239324	14.539123	-0.089479	3.547501
490.282424	3313.075061	14.544128	-0.089491	3.547430
490.163311	3313.101322	14.549133	-0.089469	3.547436
490.277279	3313.059162	14.554138	-0.089489	3.547422
490.326985	3313.050988	14.559143	-0.089498	3.547421
490.375458	3313.061659	14.564147	-0.089507	3.547428
490.417292	3313.032749	14.569152	-0.089514	3.547416
490.447899	3313.063188	14.574157	-0.089520	3.547431
490.312694	3313.086852	14.579162	-0.089495	3.547436
490.382183	3312.981741	14.584167	-0.089507	3.547392
490.305109	3312.537185	14.589171	-0.089493	3.547188
490.499066	3312.492107	14.594176	-0.089528	3.547176
490.595552	3312.495336	14.599181	-0.089546	3.547182
490.439812	3312.514755	14.604186	-0.089517	3.547184
490.305704	3312.527910	14.609191	-0.089492	3.547184
490.475956	3312.134238	14.614195	-0.089523	3.547014
490.298557	3311.795867	14.619200	-0.089489	3.546854
490.110290	3311.817063	14.624205	-0.089455	3.546855
490.190456	3311.807314	14.629210	-0.089469	3.546854
490.158406	3311.792523	14.634215	-0.089463	3.546846
490.219755	3311.801938	14.639219	-0.089474	3.546853
490.126232	3311.811151	14.644224	-0.089457	3.546853
490.309451	3311.776824	14.649229	-0.089490	3.546845
490.275294	3311.788588	14.654234	-0.089483	3.546849
490.378556	3311.763419	14.659239	-0.089502	3.546842
490.340020	3311.799879	14.664243	-0.089495	3.546857
490.289872	3311.780606	14.669248	-0.089485	3.546846
490.318159	3311.793235	14.674253	-0.089490	3.546853
490.317353	3311.794823	14.679258	-0.089490	3.546853
490.459648	3311.205593	14.684263	-0.089516	3.546594
490.154508	3311.131373	14.689267	-0.089459	3.546548
490.275220	3311.114215	14.694272	-0.089481	3.546545
490.368097	3311.104616	14.699277	-0.089498	3.546545
490.321891	3311.093977	14.704282	-0.089489	3.546538
490.298338	3311.102630	14.709287	-0.089485	3.546541
490.360272	3311.111293	14.714291	-0.089496	3.546547
490.234799	3311.109053	14.719296	-0.089473	3.546541
490.333071	3311.101703	14.724301	-0.089490	3.546542
490.379418	3311.084840	14.729306	-0.089499	3.546536
490.280378	3310.413046	14.734311	-0.089480	3.546229
490.530221	3310.366000	14.739315	-0.089526	3.546219
490.335701	3310.357996	14.744320	-0.089489	3.546207
490.463388	3310.360264	14.749325	-0.089513	3.546213
490.273412	3310.385097	14.754330	-0.089478	3.546216
490.328737	3310.375682	14.759335	-0.089488	3.546214
490.223761	3310.403343	14.764339	-0.089468	3.546222
490.268229	3310.393597	14.769344	-0.089476	3.546219
490.473154	3310.020220	14.774349	-0.089513	3.546060
490.287362	3309.733376	14.779354	-0.089479	3.545923

490.383967	3309.733118	14.784359	-0.089496	3.545927
490.440811	3309.044898	14.789363	-0.089506	3.545619
490.339827	3308.324261	14.794368	-0.089487	3.545290
490.358243	3307.376544	14.799373	-0.089489	3.544864
490.392294	3306.202905	14.804378	-0.089494	3.544337
490.431617	3304.769119	14.809383	-0.089500	3.543692
490.371519	3303.128466	14.814387	-0.089488	3.542950
490.244936	3301.446856	14.819392	-0.089463	3.542187
490.167114	3299.459006	14.824397	-0.089448	3.541287
490.163744	3297.223546	14.829402	-0.089445	3.540279
490.080411	3294.894810	14.834407	-0.089428	3.539224
490.059408	3292.257036	14.839411	-0.089422	3.538033
489.921305	3289.587338	14.844416	-0.089395	3.536822
489.924303	3286.590981	14.849421	-0.089393	3.535468
489.756617	3283.498463	14.854426	-0.089360	3.534064
489.628644	3280.186460	14.859431	-0.089334	3.532561
489.642050	3276.781278	14.864435	-0.089334	3.531022
489.522382	3273.100823	14.869440	-0.089309	3.529352
489.568489	3269.258977	14.874445	-0.089315	3.527615
489.643056	3265.144639	14.879450	-0.089326	3.525755
489.432352	3260.822129	14.884455	-0.089284	3.523787
489.604120	3256.348792	14.889459	-0.089312	3.521767
489.205782	3251.663012	14.894464	-0.089236	3.519624
489.231034	3246.851792	14.899469	-0.089237	3.517441
489.152730	3241.849671	14.904474	-0.089219	3.515166
488.989938	3236.701206	14.909479	-0.089186	3.512819
488.784351	3231.448600	14.914483	-0.089144	3.510421
488.561621	3225.997664	14.919488	-0.089099	3.507930
488.655539	3220.437043	14.924493	-0.089113	3.505402
488.509499	3214.660443	14.929498	-0.089082	3.502763
488.560712	3208.658582	14.934503	-0.089087	3.500027
488.552116	3202.466345	14.939507	-0.089081	3.497201
488.146244	3196.120607	14.944512	-0.089002	3.494283
488.060405	3189.740871	14.949517	-0.088982	3.491362
487.976997	3183.109854	14.954522	-0.088962	3.488324
487.893755	3176.328606	14.959527	-0.088942	3.485214
487.845787	3169.398794	14.964531	-0.088928	3.482035
487.586176	3162.318396	14.969536	-0.088875	3.478774
487.466985	3155.087271	14.974541	-0.088848	3.475447
487.220801	3147.761878	14.979546	-0.088798	3.472068
487.058456	3140.259647	14.984551	-0.088763	3.468608
487.125509	3132.592780	14.989555	-0.088770	3.465079
486.970043	3124.810048	14.994560	-0.088736	3.461483
486.754337	3116.854341	14.999565	-0.088691	3.457800
486.602752	3108.725820	15.004570	-0.088657	3.454036
486.434606	3100.503374	15.009575	-0.088621	3.450224
486.366783	3092.175454	15.014579	-0.088603	3.446364
486.039143	3083.674802	15.019584	-0.088536	3.442407
485.898238	3075.061487	15.024589	-0.088505	3.438402
485.650961	3066.378542	15.029594	-0.088453	3.434354
485.433245	3057.530597	15.034599	-0.088407	3.430227
485.422389	3048.570354	15.039603	-0.088399	3.426052
485.102824	3039.528420	15.044608	-0.088334	3.421818
485.037712	3030.291218	15.049613	-0.088315	3.417501
484.707433	3020.971044	15.054618	-0.088248	3.413127
484.653942	3011.505065	15.059623	-0.088232	3.408691
484.469920	3001.956518	15.064627	-0.088192	3.404205
484.283201	2992.243511	15.069632	-0.088151	3.399636
483.946840	2982.430517	15.074637	-0.088082	3.395006
483.950372	2972.524704	15.079642	-0.088076	3.390343
483.762170	2962.455370	15.084647	-0.088034	3.385586
483.602263	2952.308118	15.089651	-0.087998	3.380788
483.450227	2941.944243	15.094656	-0.087963	3.375880
483.015964	2931.587686	15.099661	-0.087876	3.370955
482.793941	2921.169525	15.104666	-0.087828	3.366004
482.521982	2910.570427	15.109671	-0.087771	3.360957
482.308390	2899.926789	15.114675	-0.087724	3.355884
482.017837	2889.224372	15.119680	-0.087663	3.350771
481.809157	2878.436246	15.124685	-0.087618	3.345614
481.499850	2867.616202	15.129690	-0.087553	3.340429
481.252659	2856.651370	15.134695	-0.087500	3.335169
481.052502	2845.626712	15.139699	-0.087456	3.329874
480.768450	2834.482521	15.144704	-0.087396	3.324509
480.683999	2823.226693	15.149709	-0.087373	3.319092
480.353295	2811.931005	15.154714	-0.087304	3.313634
480.076644	2800.508646	15.159719	-0.087246	3.308109
479.864599	2789.044981	15.164723	-0.087199	3.302558
479.600428	2777.464629	15.169728	-0.087142	3.296938
479.399380	2765.858093	15.174733	-0.087097	3.291299
479.057558	2754.159789	15.179738	-0.087026	3.285598
478.961365	2742.290434	15.184743	-0.087001	3.279817
478.582230	2730.421238	15.189747	-0.086923	3.274011
478.266907	2718.480764	15.194752	-0.086857	3.268163
478.123714	2706.483005	15.199757	-0.086822	3.262285
477.999348	2694.345152	15.204762	-0.086791	3.256329
477.693360	2682.118818	15.209767	-0.086726	3.250309
477.478616	2669.837399	15.214771	-0.086679	3.244256
477.150360	2657.439153	15.219776	-0.086610	3.238127
476.845757	2645.032296	15.224781	-0.086545	3.231983
476.658739	2632.565517	15.229786	-0.086502	3.225805
476.423485	2619.960789	15.234791	-0.086451	3.219543
476.143367	2607.341829	15.239795	-0.086390	3.213260
475.861560	2594.632006	15.244800	-0.086330	3.206919
475.522987	2581.948298	15.249805	-0.086259	3.200575
475.185033	2569.165078	15.254810	-0.086188	3.194169
474.942276	2556.287960	15.259815	-0.086135	3.187708
474.750750	2543.407068	15.264819	-0.086091	3.181234
474.446209	2530.358808	15.269824	-0.086026	3.174657
474.157520	2517.291438	15.274829	-0.085964	3.168058
473.862563	2504.244202	15.279834	-0.085901	3.161454
473.572750	2491.031519	15.284839	-0.085838	3.154753
473.363012	2477.806556	15.289843	-0.085791	3.148036
472.826188	2464.632929	15.294848	-0.085683	3.141312
472.680381	2451.333135	15.299853	-0.085647	3.134531
472.356934	2438.002117	15.304858	-0.085579	3.127710
471.997917	2424.619798	15.309863	-0.085504	3.120845
471.687614	2411.197042	15.314867	-0.085437	3.113947
471.501615	2397.731492	15.319872	-0.085394	3.107019
470.961767	2384.247232	15.324877	-0.085286	3.100044
470.743900	2370.791676	15.329882	-0.085236	3.093088
470.547528	2357.160217	15.334887	-0.085191	3.086026
470.301927	2343.520788	15.339891	-0.085137	3.078941
469.755737	2329.884215	15.344896	-0.085027	3.071823
469.397484	2316.243086	15.349901	-0.084952	3.064697
469.093733	2302.601818	15.354906	-0.084886	3.057557
468.865480	2288.835867	15.359911	-0.084835	3.050340
468.518579	2275.056175	15.364915	-0.084762	3.043092
468.158514	2261.210337	15.369920	-0.084686	3.035790
467.727092	2247.442159	15.374925	-0.084598	3.028507
467.473189	2233.635371	15.379930	-0.084541	3.021197
467.207139	2219.744719	15.384935	-0.084483	3.013824
467.086770	2205.787278	15.389939	-0.084452	3.006407
466.607853	2191.806977	15.394944	-0.084354	2.998936
466.348704	2177.807792	15.399949	-0.084297	2.991450
466.059427	2163.776398	15.404954	-0.084234	2.983927
465.668024	2149.717486	15.409959	-0.084152	2.976362
465.341174	2135.676896	15.414963	-0.084083	2.968793
464.960633	2121.572518	15.419968	-0.084003	2.961166
464.504888	2107.495572	15.424973	-0.083910	2.953529
464.038121	2093.449878	15.429978	-0.083814	2.945888
463.569529	2079.455599	15.434983	-0.083719	2.938255
463.427096	2065.395340	15.439987	-0.083683	2.930588
463.015759	2051.304825	15.444992	-0.083598	2.922866
462.682009	2037.186447	15.449997	-0.083527	2.915113
462.353536	2023.096162	15.455002	-0.083457	2.907356
462.248264	2008.885606	15.460007	-0.083428	2.899526
462.013494	1994.615042	15.465011	-0.083375	2.891634
461.641547	1980.276353	15.470016	-0.083297	2.883672
461.144808	1965.983736	15.475021	-0.083196	2.875705
460.953581	1951.718967	15.480026	-0.083151	2.867753
460.473482	1937.394128	15.485031	-0.083053	2.859724
460.089160	1923.146826	15.490035	-0.082972	2.851723
459.775100	1908.839264	15.495040	-0.082905	2.843670
459.601809	1894.475919	15.500045	-0.082863	2.835573
459.200119	1880.123234	15.505050	-0.082780	2.827443
458.744013	1865.776195	15.510055	-0.082686	2.819288
458.412139	1851.436472	15.515059	-0.082615	2.811122
458.059021	1837.053286	15.520064	-0.082540	2.802906
457.767064	1822.681771	15.525069	-0.082477	2.794677
457.271618	1808.338295	15.530074	-0.082376	2.786425
456.796418	1794.021031	15.535079	-0.082279	2.778165
456.600039	1779.708430	15.540083	-0.082233	2.769903
456.051852	1765.361464	15.545088	-0.082122	2.761570
455.621208	1751.092991	15.550093	-0.082034	2.753266
455.136076	1736.872388	15.555098	-0.081935	2.744960
454.700306	1722.659936	15.560103	-0.081845	2.736638
454.286505	1708.458384	15.565107	-0.081759	2.728298
453.991217	1694.196314	15.570112	-0.081695	2.719906
453.655469	1679.947836	15.575117	-0.081624	2.711493
453.312737	1665.726846	15.580122	-0.081551	2.703069
452.643288	1651.572196	15.585127	-0.081418	2.694633
452.469237	1637.437112	15.590131	-0.081376	2.686220
451.981408	1623.237587	15.595136	-0.081277	2.677718
451.651524	1609.112060	15.600141	-0.081207	2.669245
451.254585	1595.001662	15.605146	-0.081124	2.660749
450.939432	1580.837158	15.610151	-0.081057	2.652199
450.666381	1566.666737	15.615155	-0.080997	2.643622
450.186467	1552.513003	15.620160	-0.080899	2.635009
449.852895	1538.367007	15.625165	-0.080828	2.626385
449.479439	1524.236352	15.630170	-0.080750	2.617739
449.045915	1510.129265	15.635175	-0.080660	2.609073
448.696838	1496.046295	15.640179	-0.080586	2.600400
448.144319	1481.993515	15.645184	-0.080475	2.591699
447.827592	1467.973179	15.650189	-0.080407	2.583009
447.590258	1453.916556	15.655194	-0.080354	2.574273
447.230552	1439.717452	15.660199	-0.080278	2.565409
446.814438	1425.644632	15.665203	-0.080192	2.556587
446.287984	1411.642164	15.670208	-0.080086	2.547770
445.840339	1397.685236	15.675213	-0.079994	2.538957
445.589637	1383.723530	15.680218	-0.079938	2.530127
445.010098	1369.798950	15.685223	-0.079822	2.521262
444.785581	1355.868990	15.690227	-0.079772	2.512392
444.293295	1341.976263	15.695232	-0.079671	2.503491
443.813292	1328.122198	15.700237	-0.079574	2.494584
443.415144	1314.298863	15.705242	-0.079491	2.485672
442.907072	1300.488624	15.710247	-0.079388	2.476726
442.597437	1286.729837	15.715251	-0.079322	2.467799
442.039961	1273.020167	15.720256	-0.079210	2.458849
441.615794	1259.378526	15.725261	-0.079123	2.449922
441.160074	1245.725678	15.730266	-0.079030	2.440953
440.823319	1232.093555	15.735271	-0.078958	2.431974
440.494696	1218.498377	15.740275	-0.078889	2.422988
440.052956	1204.883501	15.745280	-0.078798	2.413944
439.671837	1191.252976	15.750285	-0.078719	2.404861
439.253864	1177.708776	15.755290	-0.078633	2.395798
438.980251	1164.149223	15.760295	-0.078573	2.386704
438.664189	1150.581275	15.765299	-0.078506	2.377565
438.094484	1137.107464	15.770304	-0.078392	2.368430
437.566570	1123.663145	15.775309	-0.078285	2.359283
437.363152	1110.255019	15.780314	-0.078239	2.350157
436.922551	1096.840570	15.785319	-0.078149	2.340967
436.584987	1083.435403	15.790323	-0.078077	2.331758
436.063986	1070.064952	15.795328	-0.077972	2.322517
435.427092	1056.821935	15.800333	-0.077846	2.313316
435.224809	1043.548794	15.805338	-0.077800	2.304101
434.709887	1030.322931	15.810343	-0.077696	2.294850
434.294833	1017.155947	15.815347	-0.077611	2.285612
433.744399	1004.041048	15.820352	-0.077501	2.276360
433.235225	990.985466	15.825357	-0.077398	2.267116
433.020392	977.934235	15.830362	-0.077350	2.257867
432.526992	964.866784	15.835367	-0.077250	2.248540
432.128271	951.865206	15.840371	-0.077168	2.239230
431.450730	938.970112	15.845376	-0.077034	2.229928
430.761055	926.172915	15.850381	-0.076899	2.220657
430.372333	913.427129	15.855386	-0.076818	2.211415
429.855214	900.735769	15.860391	-0.076715	2.202160
429.575979	888.054743	15.865395	-0.076655	2.192900
429.184824	875.360011	15.870400	-0.076574	2.183578
428.602942	862.783541	15.875405	-0.076458	2.174281
428.294390	850.199219	15.880410	-0.076393	2.164969
427.676189	837.670462	15.885415	-0.076271	2.155623
427.336246	825.207678	15.890419	-0.076200	2.146317
426.660994	812.821918	15.895424	-0.076067	2.136990
426.106218	800.523645	15.900429	-0.075956	2.127701
425.832410	788.207259	15.905434	-0.075898	2.118389
425.326529	775.944093	15.910439	-0.075796	2.109050
424.855542	763.765487	15.915443	-0.075701	2.099738
424.198929	751.633607	15.920448	-0.075572	2.090398
423.676182	739.540343	15.925453	-0.075467	2.081062
423.411304	727.534386	15.930458	-0.075411	2.071780
422.885818	715.503621	15.935463	-0.075306	2.062407
422.305740	703.631753	15.940467	-0.075191	2.053108
421.897097	691.764302	15.945472	-0.075107	2.043791
421.376530	679.950621	15.950477	-0.075004	2.034459
420.835205	668.232576	15.955482	-0.074896	2.025158
420.436941	656.514070	15.960487	-0.074815	2.015830
419.936061	644.853824	15.965491	-0.074714	2.006492
419.454471	633.227442	15.970496	-0.074618	1.997141
418.834489	621.733012	15.975501	-0.074496	1.987834
418.461169	610.253156	15.980506	-0.074419	1.978525
417.940826	598.822576	15.985511	-0.074316	1.969194
417.430258	587.465246	15.990515	-0.074214	1.959879
416.802943	576.200531	15.995520	-0.074091	1.950581
416.339129	564.958854	16.000525	-0.073998	1.941278
415.963723	553.818795	16.005530	-0.073921	1.932026
415.348682	542.669305	16.010535	-0.073800	1.922689
414.906428	531.612543	16.015539	-0.073711	1.913408
414.417076	520.581188	16.020544	-0.073614	1.904095
413.791742	509.652030	16.025549	-0.073491	1.894806
413.380766	498.758165	16.030554	-0.073408	1.885528
412.878885	487.891045	16.035559	-0.073308	1.876215
412.305610	477.141886	16.040563	-0.073195	1.866947
411.845099	466.422192	16.045568	-0.073103	1.857674
411.277720	455.742519	16.050573	-0.072991	1.848373
410.811017	445.147890	16.055578	-0.072898	1.839113
410.178328	434.647465	16.060583	-0.072775	1.829866
409.571952	424.194472	16.065587	-0.072656	1.820616
409.045536	413.836058	16.070592	-0.072552	1.811414
408.699051	403.475287	16.075597	-0.072481	1.802188
408.173167	393.197848	16.080602	-0.072377	1.792964
407.630178	382.956549	16.085607	-0.072270	1.783721
406.914469	372.841470	16.090611	-0.072131	1.774519
406.321589	362.762906	16.095616	-0.072015	1.765319
405.842883	352.749351	16.100621	-0.071920	1.756147
405.327890	342.826600	16.105626	-0.071819	1.747005
404.679041	332.973903	16.110631	-0.071693	1.737859
404.111959	323.198714	16.115635	-0.071581	1.728748
403.471007	313.508160	16.120640	-0.071457	1.719656
402.927933	303.877438	16.125645	-0.071350	1.710587
402.308704	294.340837	16.130650	-0.071230	1.701546
401.733338	284.839238	16.135655	-0.071117	1.692496
401.073211	275.446110	16.140659	-0.070989	1.683488
400.428006	266.153635	16.145664	-0.070864	1.674529
399.757867	256.916751	16.150669	-0.070734	1.665571
399.278596	247.759857	16.155674	-0.070640	1.656672
398.667620	238.641914	16.160679	-0.070521	1.647742
397.986919	229.649000	16.165683	-0.070389	1.638874
397.406115	220.714479	16.170688	-0.070276	1.630030
396.915769	211.826301	16.175693	-0.070180	1.621199
396.275649	202.994216	16.180698	-0.070056	1.612350
395.457939	194.280057	16.185703	-0.069899	1.603541
394.830619	185.660799	16.190707	-0.069778	1.594810
394.059028	177.143521	16.195712	-0.069630	1.586109
393.469573	168.696691	16.200717	-0.069516	1.577462
392.732462	160.350722	16.205722	-0.069374	1.568845
391.999527	152.080993	16.210727	-0.069234	1.560259
391.248131	143.930967	16.215731	-0.069090	1.551746
390.440493	135.897743	16.220736	-0.068935	1.543297
389.849461	127.893262	16.225741	-0.068821	1.534868
389.019999	120.023933	16.230746	-0.068663	1.526494
388.259476	112.242659	16.235751	-0.068517	1.518177
387.455626	104.565447	16.240755	-0.068364	1.509918
386.599187	97.028109	16.245760	-0.068201	1.501752
385.919150	89.512916	16.250765	-0.068071	1.493596
384.919819	82.180672	16.255770	-0.067881	1.485536
384.032482	74.953110	16.260775	-0.067713	1.477565
383.039867	67.868976	16.265779	-0.067525	1.469688
381.843393	60.969126	16.270784	-0.067300	1.461932
380.768828	54.163443	16.275789	-0.067097	1.454261
379.704795	47.508706	16.280794	-0.066897	1.446718
378.500334	41.051428	16.285799	-0.066671	1.439328
377.213751	34.794585	16.290803	-0.066429	1.432109
375.010634	28.884236	16.295808	-0.066019	1.425070
370.861045	23.809784	16.300813	-0.065251	1.418572
366.927935	19.378894	16.305818	-0.064524	1.412814
363.635800	15.412811	16.310823	-0.063915	1.407682
361.535351	11.687983	16.315827	-0.063525	1.403035
358.596128	8.419429	16.320832	-0.062981	1.398733
355.547912	5.675231	16.325837	-0.062418	1.394999
352.944192	3.248264	16.330842	-0.061936	1.391706
349.757844	1.313168	16.335847	-0.061348	1.388859
347.304629	-0.238347	16.340851	-0.060895	1.386592
346.131972	-1.829786	16.345856	-0.060677	1.384523
344.624159	-3.193583	16.350861	-0.060398	1.382650
343.221638	-4.385689	16.355866	-0.060139	1.380994
341.374360	-5.360889	16.360871	-0.059798	1.379501
339.145017	-5.980220	16.365875	-0.059387	1.378345
337.503232	-6.431762	16.370880	-0.059084	1.377499
336.161086	-6.730702	16.375885	-0.058836	1.376888
335.141888	-6.997468	16.380890	-0.058648	1.376378
334.481059	-7.265056	16.385895	-0.058526	1.375937
333.694603	-7.453265	16.390899	-0.058381	1.375563
333.009868	-7.634234	16.395904	-0.058254	1.375218
331.878543	-7.693202	16.400909	-0.058045	1.374927
330.893290	-7.594334	16.405914	-0.057864	1.374849
328.712834	-7.232865	16.410919	-0.057462	1.374843
311.926698	-3.254652	16.415923	-0.054373	1.376192
311.282886	0.358348	16.420928	-0.054256	1.380270
321.696530	0.890862	16.425933	-0.056174	1.382918
326.749905	0.730846	16.430938	-0.057105	1.383715
327.384058	0.730476	16.435943	-0.057221	1.383838
327.826555	0.648304	16.440947	-0.057303	1.383829
328.030818	0.386665	16.445952	-0.057340	1.383565
327.910059	0.146782	16.450957	-0.057317	1.383263
328.008586	-0.259129	16.455962	-0.057335	1.382812
327.538877	-0.584561	16.460967	-0.057248	1.382343
326.865482	-0.848460	16.465971	-0.057124	1.381905
327.130735	-1.333230	16.470976	-0.057172	1.381394
326.899296	-1.845734	16.475981	-0.057129	1.380754
326.770567	-2.405195	16.480986	-0.057104	1.380079
326.559767	-3.053856	16.485991	-0.057065	1.379283
324.747154	-3.338108	16.490995	-0.056731	1.378599
324.178750	-3.680141	16.496000	-0.056625	1.378089
322.792945	-3.811293	16.501005	-0.056370	1.377666
320.570376	-3.471027	16.506010	-0.055960	1.377627
320.081649	-3.401838	16.511015	-0.055870	1.377611
318.480804	-3.124593	16.516019	-0.055575	1.377621
318.734557	-2.931633	16.521024	-0.055622	1.377895
319.021957	-2.950200	16.526029	-0.055675	1.377929
318.877821	-3.080958	16.531034	-0.055648	1.377748
317.915228	-3.023747	16.536039	-0.055470	1.377627
315.511025	-2.530649	16.541043	-0.055027	1.377730
315.171416	-2.095526	16.546048	-0.054965	1.378170
316.166081	-2.193076	16.551053	-0.055148	1.378250
316.304441	-2.213293	16.556058	-0.055173	1.378254
316.379016	-2.281555	16.561063	-0.055187	1.378189
315.352770	-2.331723	16.566067	-0.054997	1.377929
315.628025	-2.442543	16.571072	-0.055048	1.377854
314.930041	-2.547000	16.576077	-0.054919	1.377596
314.357709	-2.678690	16.581082	-0.054813	1.377330
313.120441	-2.600877	16.586087	-0.054585	1.377178
311.878660	-2.267060	16.591091	-0.054356	1.377324
311.128767	-2.140570	16.596096	-0.054218	1.377324
311.122383	-2.149071	16.601101	-0.054216	1.377313
310.952733	-1.994197	16.606106	-0.054185	1.377460
310.369216	-1.870594	16.611111	-0.054077	1.377489
310.716142	-2.073064	16.616115	-0.054141	1.377321
310.794379	-2.188011	16.621120	-0.054155	1.377202
310.129919	-2.254542	16.626125	-0.054032	1.376994
309.610011	-2.390088	16.631130	-0.053936	1.376735
308.139910	-2.394841	16.636135	-0.053665	1.376441
306.476658	-1.928225	16.641139	-0.053359	1.376659
306.893533	-1.932281	16.646144	-0.053436	1.376735
306.487942	-1.864981	16.651149	-0.053361	1.376734
306.154708	-1.806759	16.656154	-0.053299	1.376736
306.186429	-1.814289	16.661159	-0.053305	1.376734
305.952275	-2.040391	16.666163	-0.053261	1.376424
305.705174	-2.126305	16.671168	-0.053215	1.376275
303.735282	-1.950659	16.676173	-0.052852	1.376094
303.387649	-1.887067	16.681178	-0.052788	1.376100
302.518150	-1.691042	16.686183	-0.052628	1.376158
302.506896	-1.462591	16.691187	-0.052626	1.376421
302.700274	-1.553276	16.696192	-0.052661	1.376353
301.689778	-1.608904	16.701197	-0.052475	1.376090
301.723258	-1.604676	16.706202	-0.052481	1.376102
301.331499	-1.613746	16.711207	-0.052408	1.376014
300.633257	-1.690592	16.716211	-0.052279	1.375787
300.800687	-1.790276	16.721216	-0.052310	1.375704
299.136730	-1.720018	16.726221	-0.052003	1.375459
298.809267	-1.661287	16.731226	-0.051943	1.375463
298.517899	-1.609292	16.736231	-0.051889	1.375467
297.097059	-1.369870	16.741235	-0.051627	1.375467
296.993950	-1.353264	16.746240	-0.051608	1.375466
296.918847	-1.340563	16.751245	-0.051594	1.375466
297.038881	-1.353431	16.756250	-0.051616	1.375474
296.643315	-1.535243	16.761255	-0.051542	1.375184
296.388942	-1.624068	16.766259	-0.051495	1.375030
295.243818	-1.586297	16.771264	-0.051284	1.374850
294.714944	-1.524610	16.776269	-0.051186	1.374818
293.685296	-1.571616	16.781274	-0.050997	1.374561
293.238105	-1.393919	16.786279	-0.050914	1.374680
292.681999	-1.404549	16.791283	-0.050811	1.374558
292.156887	-1.321150	16.796288	-0.050714	1.374552
292.205554	-1.223864	16.801293	-0.050723	1.374675
292.106542	-1.308918	16.806298	-0.050705	1.374556
291.920714	-1.474443	16.811303	-0.050670	1.374326
290.040522	-1.247486	16.816307	-0.050324	1.374222
290.156778	-1.262805	16.821312	-0.050345	1.374227
289.376406	-1.136893	16.826317	-0.050201	1.374220
289.726642	-1.264941	16.831322	-0.050265	1.374139
289.212104	-1.376874	16.836327	-0.050170	1.373907
287.163554	-1.029077	16.841331	-0.049793	1.373911
287.466974	-1.077065	16.846336	-0.049848	1.373914
287.118260	-1.022374	16.851341	-0.049784	1.373909
287.088801	-1.035787	16.856346	-0.049778	1.373888
286.661805	-1.218912	16.861351	-0.049699	1.373590
285.258560	-0.975044	16.866355	-0.049441	1.373599
285.778833	-1.100512	16.871360	-0.049536	1.373554
284.056270	-1.045315	16.876365	-0.049219	1.373280
284.101940	-0.790651	16.881370	-0.049227	1.373586
284.705858	-1.142476	16.886375	-0.049338	1.373294
282.592717	-0.795017	16.891379	-0.048949	1.373284
283.220694	-0.942325	16.896384	-0.049064	1.373235
282.262640	-1.021994	16.901389	-0.048887	1.372954
281.357742	-0.865370	16.906394	-0.048720	1.372959
281.935810	-0.971427	16.911399	-0.048827	1.372948
280.957871	-1.029799	16.916403	-0.048646	1.372687
280.625036	-1.001798	16.921408	-0.048585	1.372654
280.054279	-1.003218	16.926413	-0.048479	1.372540
279.003292	-0.940302	16.931418	-0.048286	1.372407
278.920659	-0.984529	16.936423	-0.048270	1.372339
278.241724	-0.868425	16.941427	-0.048145	1.372341
278.540589	-0.938485	16.946432	-0.048200	1.372317
277.505011	-0.971153	16.951437	-0.048009	1.372075
276.591272	-0.808226	16.956442	-0.047840	1.372086
276.951331	-0.876295	16.961447	-0.047906	1.372077
276.022644	-1.007207	16.966451	-0.047735	1.371741
276.082008	-1.013374	16.971456	-0.047746	1.371745
274.442952	-0.982203	16.976461	-0.047443	1.371459
273.299937	-0.540470	16.981466	-0.047233	1.371750
275.156881	-0.927481	16.986471	-0.047574	1.371663
273.485766	-0.840481	16.991475	-0.047266	1.371435
273.452555	-0.856290	16.996480	-0.047260	1.371410
272.824271	-1.004477	17.001485	-0.047144	1.371113
271.588533	-0.791124	17.006490	-0.046916	1.371119
272.295591	-0.984083	17.011495	-0.047046	1.371032
270.131563	-0.811001	17.016499	-0.046648	1.370808
270.622372	-0.679613	17.021504	-0.046738	1.371059
270.785590	-0.927629	17.026509	-0.046767	1.370800
269.126437	-0.645196	17.031514	-0.046462	1.370804
269.846673	-0.990973	17.036519	-0.046594	1.370541
268.397052	-0.797747	17.041523	-0.046327	1.370481
267.827627	-0.697372	17.046528	-0.046222	1.370486
268.233278	-0.970201	17.051533	-0.046296	1.370246
266.716781	-0.774900	17.056538	-0.046017	1.370176
267.168260	-0.865674	17.061543	-0.046100	1.370158
265.955669	-0.919967	17.066547	-0.045876	1.369856
265.275102	-0.799296	17.071552	-0.045750	1.369863
265.239769	-0.791809	17.076557	-0.045744	1.369864
264.908443	-0.734006	17.081562	-0.045682	1.369866
265.179057	-0.991479	17.086567	-0.045732	1.369618
263.636690	-0.960621	17.091571	-0.045448	1.369349
261.927557	-0.512884	17.096576	-0.045133	1.369537
263.855155	-0.988419	17.101581	-0.045487	1.369359
261.453820	-0.675503	17.106586	-0.045045	1.369253
262.296751	-0.828388	17.111591	-0.045200	1.369239
260.988018	-0.768854	17.116595	-0.044959	1.369051
260.031439	-0.445069	17.121600	-0.044782	1.369241
262.019560	-1.034716	17.126605	-0.045148	1.368942
258.357739	-0.577726	17.131610	-0.044474	1.368755
260.155522	-0.771987	17.136615	-0.044804	1.368882
258.296441	-0.687283	17.141619	-0.044462	1.368614
257.560799	-0.361056	17.146624	-0.044326	1.368851
259.895055	-1.041324	17.151629	-0.044755	1.368514
256.567282	-0.649619	17.156634	-0.044143	1.368316
257.302659	-0.785615	17.161639	-0.044278	1.368302
256.069534	-0.777619	17.166643	-0.044050	1.368067
254.236387	-0.197413	17.171648	-0.043713	1.368386
257.238217	-0.891461	17.176653	-0.044265	1.368164
255.293818	-0.801818	17.181658	-0.043907	1.367885
254.356965	-0.818855	17.186663	-0.043734	1.367680
253.447370	-0.659635	17.191667	-0.043566	1.367687
252.724587	-0.538092	17.196672	-0.043433	1.367686
253.732150	-0.717622	17.201677	-0.043618	1.367674
252.344938	-0.714153	17.206682	-0.043362	1.367404
252.191481	-0.718563	17.211687	-0.043334	1.367368
252.026708	-0.802677	17.216691	-0.043303	1.367237
249.291208	-0.336125	17.221696	-0.042799	1.367244
252.023204	-0.773750	17.226701	-0.043302	1.367270
250.291365	-0.664639	17.231706	-0.042983	1.367055
249.649925	-0.784649	17.236711	-0.042865	1.366787
248.796866	-0.642636	17.241715	-0.042707	1.366785
247.513083	-0.424166	17.246720	-0.042471	1.366788
249.370553	-0.824955	17.251725	-0.042812	1.366684
246.567300	-0.522844	17.256730	-0.042296	1.366484
247.573912	-0.695454	17.261735	-0.042481	1.366480
246.969354	-0.772418	17.266739	-0.042369	1.366270
243.644360	-0.041953	17.271744	-0.041757	1.366471
248.510293	-0.934584	17.276749	-0.042653	1.366384
244.174032	-0.617839	17.281754	-0.041854	1.365898
244.913010	-0.549455	17.286759	-0.041990	1.366124
244.473182	-0.713817	17.291763	-0.041908	1.365844
242.300365	-0.340949	17.296768	-0.041508	1.365852
244.502404	-0.768222	17.301773	-0.041913	1.365785
242.346673	-0.626919	17.306778	-0.041516	1.365525
242.049435	-0.581466	17.311783	-0.041461	1.365519
242.333584	-0.732051	17.316787	-0.041513	1.365398
239.275886	-0.255774	17.321792	-0.040950	1.365353
242.107370	-0.680023	17.326797	-0.041471	1.365414
240.667065	-0.763437	17.331802	-0.041205	1.365030
239.134469	-0.475992	17.336807	-0.040923	1.365065
240.626092	-0.969685	17.341811	-0.041197	1.364779
237.119587	-0.403233	17.346816	-0.040552	1.364751
238.862237	-0.617374	17.351821	-0.040872	1.364844
237.471570	-0.584451	17.356826	-0.040616	1.364607
237.537681	-0.592446	17.361831	-0.040628	1.364610
238.186992	-0.911420	17.366835	-0.040747	1.364363
234.523596	-0.443275	17.371840	-0.040072	1.364188
235.775198	-0.433361	17.376845	-0.040303	1.364447
235.732837	-0.675930	17.381850	-0.040294	1.364153
234.709055	-0.655846	17.386855	-0.040106	1.363974
235.060229	-0.720305	17.391859	-0.040170	1.363967
232.459631	-0.357141	17.396864	-0.039691	1.363879
234.478994	-0.670165	17.401869	-0.040062	1.363910
232.342590	-0.534731	17.406874	-0.039669	1.363646
231.871279	-0.455455	17.411879	-0.039582	1.363646
233.568269	-0.865288	17.416883	-0.039894	1.363499
229.641544	-0.334896	17.421888	-0.039171	1.363345
231.670597	-0.501995	17.426893	-0.039544	1.363551
230.827770	-0.737595	17.431898	-0.039388	1.363105
229.023669	-0.352649	17.436903	-0.039056	1.363201
231.200773	-0.935442	17.441907	-0.039457	1.362946
227.523825	-0.477050	17.446912	-0.038779	1.362756
229.161106	-0.618435	17.451917	-0.039081	1.362914
228.161045	-0.622418	17.456922	-0.038896	1.362711
226.906676	-0.620624	17.461927	-0.038665	1.362464
227.809040	-0.652371	17.466931	-0.038831	1.362605
225.929597	-0.609658	17.471936	-0.038484	1.362282
225.791264	-0.488476	17.476941	-0.038459	1.362397
225.776855	-0.611710	17.481946	-0.038456	1.362249
224.482089	-0.473205	17.486951	-0.038217	1.362155
225.607138	-0.736892	17.491955	-0.038424	1.362067
222.943909	-0.489324	17.496960	-0.037933	1.361830
223.902009	-0.421760	17.501965	-0.038110	1.362100
223.282346	-0.607525	17.506970	-0.037995	1.361757
222.206378	-0.367696	17.511975	-0.037797	1.361826
223.911951	-0.941947	17.516979	-0.038110	1.361487
220.395704	-0.599304	17.521984	-0.037463	1.361193
220.324383	-0.328935	17.526989	-0.037450	1.361497
221.422188	-0.709546	17.531994	-0.037651	1.361266
219.372404	-0.427835	17.536999	-0.037274	1.361191
221.082604	-0.799124	17.542003	-0.037588	1.361092
218.500799	-0.537421	17.547008	-0.037113	1.360888
218.316862	-0.509015	17.552013	-0.037078	1.360884
218.548676	-0.609964	17.557018	-0.037121	1.360811
216.138798	-0.288991	17.562023	-0.036677	1.360711
219.096976	-0.769139	17.567027	-0.037221	1.360732
216.521146	-0.719936	17.572032	-0.036747	1.360277
214.860350	-0.303448	17.577037	-0.036441	1.360439
217.065248	-0.741620	17.582042	-0.036846	1.360359
215.027491	-0.490653	17.587047	-0.036471	1.360250
214.853823	-0.712871	17.592051	-0.036439	1.359953
213.965415	-0.568742	17.597056	-0.036275	1.359946
213.158491	-0.442165	17.602061	-0.036126	1.359935
214.052918	-0.650681	17.607066	-0.036290	1.359866
212.388854	-0.561895	17.612071	-0.035984	1.359640
212.660004	-0.605756	17.617075	-0.036033	1.359642
211.615987	-0.644709	17.622080	-0.035841	1.359387
210.837072	-0.359105	17.627085	-0.035697	1.359570
211.787839	-0.764322	17.632090	-0.035872	1.359280
209.585490	-0.602067	17.637095	-0.035466	1.359033
210.645847	-0.658979	17.642099	-0.035661	1.359176
208.761640	-0.483359	17.647104	-0.035314	1.359009
208.522659	-0.451347	17.652109	-0.035270	1.358999
209.436336	-0.766942	17.657114	-0.035438	1.358807
206.972844	-0.453594	17.662119	-0.034984	1.358687
207.247205	-0.506844	17.667123	-0.035034	1.358678
207.175793	-0.600821	17.672128	-0.035021	1.358553
205.509468	-0.371692	17.677133	-0.034714	1.358491
207.125533	-0.708955	17.682138	-0.035011	1.358414
204.861765	-0.630862	17.687143	-0.034594	1.358055
205.252629	-0.540711	17.692147	-0.034666	1.358239
204.275786	-0.531347	17.697152	-0.034485	1.358055
203.855135	-0.462659	17.702157	-0.034408	1.358053
204.247765	-0.752755	17.707162	-0.034480	1.357787
202.805035	-0.557274	17.712167	-0.034214	1.357731
202.480085	-0.590400	17.717171	-0.034154	1.357627
202.183726	-0.691213	17.722176	-0.034099	1.357448
201.250463	-0.560168	17.727181	-0.033927	1.357417
201.570469	-0.714293	17.732186	-0.033985	1.357298
199.793379	-0.496065	17.737191	-0.033658	1.357201
199.614854	-0.473952	17.742195	-0.033625	1.357192
200.135546	-0.624042	17.747200	-0.033720	1.357117
198.195973	-0.480803	17.752205	-0.033363	1.356900
199.276660	-0.613349	17.757210	-0.033562	1.356958
198.278015	-0.557437	17.762215	-0.033378	1.356825
197.452232	-0.641672	17.767219	-0.033225	1.356560
197.469536	-0.646086	17.772224	-0.033228	1.356558
196.099913	-0.640498	17.777229	-0.032976	1.356291
196.378115	-0.541754	17.782234	-0.033027	1.356463
195.533100	-0.583434	17.787239	-0.032871	1.356245
195.516913	-0.705850	17.792243	-0.032867	1.356096
194.507791	-0.671509	17.797248	-0.032681	1.355935
193.386245	-0.483538	17.802253	-0.032475	1.355934
194.194634	-0.611875	17.807258	-0.032623	1.355943
192.881044	-0.656789	17.812263	-0.032381	1.355627
192.100028	-0.346514	17.817267	-0.032237	1.355839
193.271775	-0.824189	17.822272	-0.032452	1.355506
190.348763	-0.327839	17.827277	-0.031914	1.355510
192.348354	-0.702933	17.832282	-0.032282	1.355465
190.315544	-0.498932	17.837287	-0.031907	1.355300
190.094127	-0.464968	17.842291	-0.031866	1.355296
190.266547	-0.705096	17.847296	-0.031898	1.355045
188.265176	-0.416751	17.852301	-0.031529	1.354987
188.942255	-0.531536	17.857306	-0.031653	1.354986
188.835314	-0.658256	17.862311	-0.031633	1.354814
186.877305	-0.435852	17.867315	-0.031273	1.354686
187.743172	-0.570877	17.872320	-0.031432	1.354699
186.952103	-0.538371	17.877325	-0.031286	1.354579
185.510393	-0.446974	17.882330	-0.031020	1.354399
185.904653	-0.521869	17.887335	-0.031093	1.354388
185.195543	-0.424918	17.892339	-0.030962	1.354361
185.885457	-0.678467	17.897344	-0.031088	1.354198
183.320896	-0.373099	17.902349	-0.030616	1.354047
183.876213	-0.463567	17.907354	-0.030718	1.354051
183.794586	-0.522545	17.912359	-0.030703	1.353964
182.003502	-0.371784	17.917363	-0.030373	1.353784
183.366550	-0.601256	17.922368	-0.030623	1.353784
181.601901	-0.381343	17.927373	-0.030298	1.353692
180.908141	-0.485734	17.932378	-0.030170	1.353429
180.922256	-0.490921	17.937383	-0.030172	1.353425
180.309578	-0.388644	17.942387	-0.030059	1.353424
180.942062	-0.634126	17.947392	-0.030176	1.353259
178.773278	-0.400954	17.952397	-0.029776	1.353101
179.051942	-0.446782	17.957402	-0.029827	1.353102
178.729870	-0.607394	17.962407	-0.029767	1.352847
176.927823	-0.345371	17.967411	-0.029435	1.352797
177.988789	-0.521203	17.972416	-0.029630	1.352800
176.717169	-0.460819	17.977421	-0.029396	1.352617
176.600052	-0.307218	17.982426	-0.029374	1.352776
176.690933	-0.644340	17.987431	-0.029391	1.352393
174.750552	-0.300303	17.992435	-0.029033	1.352413
176.101711	-0.626903	17.997440	-0.029282	1.352295
174.707601	-0.612589	18.002445	-0.029025	1.352032
173.107570	-0.456327	18.007450	-0.028730	1.351897
173.258516	-0.482079	18.012455	-0.028757	1.351896
172.929273	-0.428997	18.017459	-0.028696	1.351893
173.041713	-0.447342	18.022464	-0.028717	1.351894
172.321561	-0.573553	18.027469	-0.028584	1.351599
171.505796	-0.448172	18.032474	-0.028434	1.351584
171.191496	-0.512237	18.037479	-0.028375	1.351445
169.571558	-0.261270	18.042483	-0.028077	1.351418
171.443160	-0.611016	18.047488	-0.028421	1.351377
169.439111	-0.418432	18.052493	-0.028052	1.351204
168.822128	-0.516389	18.057498	-0.027938	1.350963
168.534456	-0.476206	18.062503	-0.027885	1.350953
167.569583	-0.307189	18.067507	-0.027707	1.350960
168.593377	-0.545096	18.072512	-0.027895	1.350882
166.976443	-0.486887	18.077517	-0.027597	1.350627
166.419440	-0.387013	18.082522	-0.027494	1.350634
166.617130	-0.547244	18.087527	-0.027530	1.350482
164.503442	-0.287683	18.092531	-0.027141	1.350367
166.140586	-0.476051	18.097536	-0.027442	1.350471
164.636243	-0.473416	18.102541	-0.027165	1.350172
163.297673	-0.226848	18.107546	-0.026918	1.350196
165.023330	-0.595624	18.112551	-0.027236	1.350103
162.175807	-0.195801	18.117555	-0.026711	1.350007
162.771228	-0.292298	18.122560	-0.026821	1.350012
163.301049	-0.592669	18.127565	-0.026918	1.349760
161.740275	-0.387081	18.132570	-0.026630	1.349691
160.246541	-0.329484	18.137575	-0.026355	1.349459
161.321922	-0.436987	18.142579	-0.026553	1.349547
159.889327	-0.331937	18.147584	-0.026288	1.349384
160.367142	-0.519107	18.152589	-0.026376	1.349257
158.523790	-0.359553	18.157594	-0.026036	1.349076
158.631903	-0.378746	18.162599	-0.026056	1.349075
158.054047	-0.279666	18.167603	-0.025950	1.349076
158.762083	-0.427491	18.172608	-0.026080	1.349042
157.888046	-0.518221	18.177613	-0.025918	1.348758
156.871844	-0.444279	18.182618	-0.025731	1.348642
155.770471	-0.410515	18.187623	-0.025528	1.348460
155.332335	-0.343882	18.192627	-0.025447	1.348451
155.511452	-0.371516	18.197632	-0.025480	1.348454
155.217645	-0.330135	18.202637	-0.025425	1.348444
154.625196	-0.475666	18.207642	-0.025316	1.348151
154.565631	-0.527792	18.212647	-0.025305	1.348076
152.210772	-0.296175	18.217651	-0.024871	1.347879
153.310941	-0.296313	18.222656	-0.025073	1.348100
152.618078	-0.403524	18.227661	-0.024945	1.347832
152.343433	-0.477803	18.232666	-0.024894	1.347688
151.689843	-0.506727	18.237671	-0.024774	1.347521
151.107751	-0.485865	18.242675	-0.024666	1.347429
150.011632	-0.428890	18.247680	-0.024464	1.347276
149.962522	-0.423531	18.252685	-0.024455	1.347272
149.366917	-0.322877	18.257690	-0.024345	1.347272
149.832642	-0.509666	18.262695	-0.024431	1.347142
147.914762	-0.363457	18.267699	-0.024077	1.346930
148.342367	-0.420854	18.272704	-0.024156	1.346948
147.934413	-0.563605	18.277709	-0.024080	1.346695
146.267634	-0.336892	18.282714	-0.023773	1.346629
146.299315	-0.340584	18.287719	-0.023779	1.346631
146.363682	-0.353447	18.292723	-0.023790	1.346628
146.430971	-0.569366	18.297728	-0.023802	1.346384
144.750393	-0.349703	18.302733	-0.023493	1.346307
144.411357	-0.461786	18.307738	-0.023430	1.346105
143.444301	-0.200288	18.312743	-0.023252	1.346222
143.512375	-0.365222	18.317747	-0.023264	1.346038
143.690105	-0.423314	18.322752	-0.023296	1.346004
142.902397	-0.520501	18.327757	-0.023151	1.345729
141.360395	-0.302228	18.332762	-0.022867	1.345679
141.785876	-0.376520	18.337767	-0.022945	1.345676
141.322296	-0.304119	18.342771	-0.022859	1.345668
140.932053	-0.452485	18.347776	-0.022787	1.345412
140.634377	-0.447729	18.352781	-0.022732	1.345357
138.646139	-0.284880	18.357786	-0.022366	1.345151
139.962234	-0.403208	18.362791	-0.022608	1.345274
138.479130	-0.337549	18.367795	-0.022334	1.345053
138.545126	-0.383816	18.372800	-0.022346	1.345011
137.712386	-0.451549	18.377805	-0.022193	1.344762
136.918700	-0.316670	18.382810	-0.022046	1.344762
136.912525	-0.315024	18.387815	-0.022045	1.344763
136.419383	-0.487321	18.392819	-0.021954	1.344457
135.527555	-0.356871	18.397824	-0.021789	1.344433
135.518900	-0.357936	18.402829	-0.021788	1.344429
134.430793	-0.425749	18.407834	-0.021587	1.344128
134.081295	-0.221762	18.412839	-0.021522	1.344302
134.181505	-0.393695	18.417843	-0.021540	1.344116
133.922710	-0.477285	18.422848	-0.021493	1.343963
132.147357	-0.308007	18.427853	-0.021165	1.343807
132.175125	-0.315344	18.432858	-0.021170	1.343803
132.410595	-0.442545	18.437863	-0.021213	1.343698
130.718613	-0.329761	18.442867	-0.020901	1.343491
131.125930	-0.390189	18.447872	-0.020976	1.343501
130.772803	-0.459097	18.452877	-0.020911	1.343346
128.879763	-0.173367	18.457882	-0.020562	1.343306
130.684983	-0.563289	18.462887	-0.020894	1.343203
127.517465	-0.153159	18.467891	-0.020311	1.343054
129.315714	-0.401909	18.472896	-0.020642	1.343119
128.437568	-0.473204	18.477901	-0.020480	1.342856
126.543824	-0.357729	18.482906	-0.020131	1.342611
127.286305	-0.282049	18.487911	-0.020267	1.342852
126.192313	-0.333398	18.492915	-0.020065	1.342569
125.811447	-0.270614	18.497920	-0.019995	1.342567
126.030543	-0.375181	18.502925	-0.020035	1.342485
124.675756	-0.293047	18.507930	-0.019785	1.342309
124.874520	-0.323639	18.512935	-0.019822	1.342313
124.044423	-0.453096	18.517939	-0.019669	1.341989
123.176381	-0.308881	18.522944	-0.019509	1.341986
123.325893	-0.333766	18.527949	-0.019536	1.341986
122.650669	-0.456240	18.532954	-0.019411	1.341702
121.617364	-0.316519	18.537959	-0.019221	1.341660
121.783709	-0.342295	18.542963	-0.019251	1.341663
121.905034	-0.563227	18.547968	-0.019273	1.341422
119.288643	-0.184562	18.552973	-0.018791	1.341346
119.736999	-0.260919	18.557978	-0.018873	1.341345
120.647207	-0.467096	18.562983	-0.019041	1.341282
118.486131	-0.308646	18.567987	-0.018642	1.341034
118.368530	-0.282866	18.572992	-0.018621	1.341041
118.633494	-0.333607	18.577997	-0.018669	1.341033
117.038246	-0.328422	18.583002	-0.018375	1.340716
117.626739	-0.238675	18.588007	-0.018483	1.340943
116.643582	-0.447216	18.593011	-0.018302	1.340493
116.046587	-0.181348	18.598016	-0.018192	1.340691
115.717321	-0.366994	18.603021	-0.018131	1.340401
115.386972	-0.308169	18.608026	-0.018070	1.340404
115.378787	-0.530283	18.613031	-0.018068	1.340136
113.566043	-0.263221	18.618035	-0.017734	1.340089
113.593361	-0.261254	18.623040	-0.017739	1.340096
113.983789	-0.531625	18.628045	-0.017810	1.339850
112.051927	-0.248464	18.633050	-0.017454	1.339798
111.892105	-0.222574	18.638055	-0.017425	1.339797
112.410049	-0.459756	18.643059	-0.017520	1.339616
110.152579	-0.200293	18.648064	-0.017104	1.339470
110.922919	-0.333998	18.653069	-0.017245	1.339465
110.749633	-0.305185	18.658074	-0.017213	1.339465
110.418675	-0.508201	18.663079	-0.017152	1.339153
109.348912	-0.499373	18.668083	-0.016955	1.338946
106.917359	0.025478	18.673088	-0.016507	1.339084
109.162056	-0.426268	18.678093	-0.016920	1.338996
107.348805	-0.247276	18.683098	-0.016586	1.338843
107.974621	-0.347640	18.688103	-0.016701	1.338849
107.759274	-0.530467	18.693107	-0.016661	1.338585
106.109477	-0.285358	18.698112	-0.016357	1.338544
105.308065	-0.400965	18.703117	-0.016209	1.338242
104.812069	-0.075648	18.708122	-0.016117	1.338533
105.844930	-0.461208	18.713127	-0.016307	1.338278
104.755143	-0.516667	18.718131	-0.016106	1.337990
102.614480	-0.087392	18.723136	-0.015712	1.338071
104.560605	-0.502329	18.728141	-0.016070	1.337967
102.417990	-0.188506	18.733146	-0.015675	1.337909
102.056291	-0.303925	18.738151	-0.015608	1.337696
101.801062	-0.351617	18.743155	-0.015561	1.337587
101.575416	-0.303069	18.748160	-0.015519	1.337599
101.749892	-0.444034	18.753165	-0.015551	1.337464
99.864020	-0.222823	18.758170	-0.015203	1.337347
100.468423	-0.320698	18.763175	-0.015314	1.337352
99.902066	-0.501500	18.768179	-0.015210	1.337018
97.799193	-0.138863	18.773184	-0.014822	1.337027
98.791243	-0.314628	18.778189	-0.015005	1.337017
98.683495	-0.456207	18.783194	-0.014985	1.336824
96.485595	-0.119614	18.788199	-0.014580	1.336783
98.145827	-0.533313	18.793203	-0.014885	1.336622
95.680429	-0.277602	18.798208	-0.014431	1.336428
96.366544	-0.212004	18.803213	-0.014557	1.336646
95.445893	-0.277714	18.808218	-0.014387	1.336379
96.052132	-0.511732	18.813223	-0.014499	1.336220
94.212545	-0.320066	18.818227	-0.014160	1.336077
93.605424	-0.214749	18.823232	-0.014048	1.336080
94.630451	-0.542360	18.828237	-0.014236	1.335893
92.018405	-0.216524	18.833242	-0.013755	1.335754
92.245870	-0.254332	18.838247	-0.013796	1.335754
92.779536	-0.409584	18.843251	-0.013894	1.335676
90.818491	-0.130243	18.848256	-0.013533	1.335613
92.685831	-0.621709	18.853261	-0.013877	1.335400
89.085850	-0.076257	18.858266	-0.013214	1.335324
91.078626	-0.411653	18.863271	-0.013580	1.335326
89.951104	-0.384282	18.868275	-0.013372	1.335129
88.306954	-0.101826	18.873280	-0.013069	1.335134
89.512928	-0.411776	18.878285	-0.013291	1.335006
87.835116	-0.266077	18.883290	-0.012982	1.334839
87.322962	-0.179307	18.888295	-0.012887	1.334839
88.583265	-0.552266	18.893299	-0.013119	1.334646
85.830379	-0.210280	18.898304	-0.012612	1.334497
86.222472	-0.266072	18.903309	-0.012684	1.334509
85.912448	-0.404097	18.908314	-0.012626	1.334279
84.028129	-0.005638	18.913319	-0.012279	1.334376
86.375568	-0.615653	18.918323	-0.012711	1.334118
82.240381	0.071328	18.923328	-0.011950	1.334103
84.607344	-0.259983	18.928333	-0.012385	1.334186
83.861308	-0.385107	18.933338	-0.012247	1.333882
82.160018	-0.095292	18.938343	-0.011934	1.333885
82.897822	-0.366844	18.943347	-0.012070	1.333707
81.361589	-0.221870	18.948352	-0.011786	1.333569
81.358890	-0.219392	18.953357	-0.011786	1.333571
81.488933	-0.389485	18.958362	-0.011809	1.333392
79.246635	-0.131022	18.963367	-0.011396	1.333246
80.430409	-0.339668	18.968371	-0.011614	1.333235
79.210740	-0.118850	18.973376	-0.011389	1.333253
79.255278	-0.339789	18.978381	-0.011397	1.332994
79.028921	-0.428698	18.983386	-0.011355	1.332840
75.967173	0.036803	18.988391	-0.010791	1.332778
78.963150	-0.422131	18.993395	-0.011342	1.332834
76.435086	-0.154166	18.998400	-0.010877	1.332642
77.314618	-0.432164	19.003405	-0.011038	1.332485
75.750999	-0.256473	19.008410	-0.010750	1.332378
74.760604	-0.091280	19.013415	-0.010568	1.332375
76.022507	-0.470294	19.018419	-0.010800	1.332174
72.625586	0.080859	19.023424	-0.010174	1.332146
75.793609	-0.418297	19.028429	-0.010757	1.332190
73.851260	-0.473978	19.033434	-0.010399	1.331725
71.075222	0.011140	19.038439	-0.009888	1.331744
73.489315	-0.231380	19.043443	-0.010332	1.331944
71.914334	-0.361984	19.048448	-0.010042	1.331464
71.305441	-0.097718	19.053453	-0.009929	1.331659
71.447148	-0.330593	19.058458	-0.009955	1.331406
70.277529	-0.130459	19.063463	-0.009739	1.331408
70.664521	-0.390938	19.068467	-0.009810	1.331172
69.024817	-0.174283	19.073472	-0.009508	1.331099
68.803689	-0.135936	19.078477	-0.009467	1.331099
69.891650	-0.521306	19.083482	-0.009667	1.330855
66.526436	-0.016828	19.088487	-0.009047	1.330777
67.615297	-0.199939	19.093491	-0.009248	1.330778
67.625518	-0.286434	19.098496	-0.009249	1.330675
66.229222	-0.216184	19.103501	-0.008992	1.330474
67.121432	-0.476027	19.108506	-0.009156	1.330342
64.207230	0.018192	19.113511	-0.008619	1.330344
66.604033	-0.463018	19.118515	-0.009060	1.330251
63.818657	-0.065327	19.123520	-0.008547	1.330162
64.252227	-0.142172	19.128525	-0.008627	1.330158
65.495833	-0.728815	19.133530	-0.008855	1.329701
60.200967	0.165782	19.138535	-0.007880	1.329701
64.052402	-0.279755	19.143539	-0.008589	1.329949
62.384889	-0.335677	19.148544	-0.008282	1.329540
61.094868	-0.126808	19.153549	-0.008044	1.329528
62.270968	-0.426312	19.158554	-0.008260	1.329406
58.800755	0.071051	19.163559	-0.007621	1.329297
61.929103	-0.360071	19.168563	-0.008197	1.329415
59.135522	-0.288641	19.173568	-0.007682	1.328929
58.841062	-0.008665	19.178573	-0.007628	1.329208
60.109156	-0.535347	19.183578	-0.007861	1.328829
56.572475	0.040028	19.188583	-0.007209	1.328802
58.532265	-0.221479	19.193587	-0.007570	1.328886
58.001596	-0.366866	19.198592	-0.007472	1.328600
56.359170	-0.093653	19.203597	-0.007169	1.328595
56.575641	-0.345119	19.208602	-0.007209	1.328334
54.823823	-0.095328	19.213607	-0.006886	1.328277
55.601644	-0.233769	19.218611	-0.007029	1.328269
55.745165	-0.402847	19.223616	-0.007055	1.328093
52.505042	0.156541	19.228621	-0.006458	1.328107
56.198572	-0.543653	19.233626	-0.007138	1.328014
51.509791	0.033512	19.238631	-0.006274	1.327752
54.194414	-0.321744	19.243635	-0.006768	1.327872
52.367015	-0.317467	19.248640	-0.006432	1.327502
50.905602	0.004027	19.253645	-0.006162	1.327592
53.241499	-0.489258	19.258650	-0.006592	1.327472
49.220448	0.008981	19.263655	-0.005852	1.327251
51.678387	-0.389551	19.268659	-0.006304	1.327272
50.043329	-0.263666	19.273664	-0.006002	1.327089
48.270404	0.030567	19.278669	-0.005676	1.327082
50.779507	-0.521067	19.283674	-0.006137	1.326926
46.858565	-0.107358	19.288679	-0.005415	1.326623
48.128688	-0.099224	19.293683	-0.005649	1.326894
48.347162	-0.431488	19.298688	-0.005689	1.326535
45.160785	0.154204	19.303693	-0.005102	1.326592
48.760857	-0.494313	19.308698	-0.005764	1.326543
44.708041	-0.137524	19.313703	-0.005018	1.326143
45.339409	0.005507	19.318707	-0.005134	1.326447
46.535827	-0.535982	19.323712	-0.005354	1.326034
42.584605	0.057804	19.328717	-0.004626	1.325944
45.728151	-0.420774	19.333722	-0.005205	1.326008
43.111437	-0.136693	19.338727	-0.004723	1.325815
42.564723	-0.048933	19.343731	-0.004622	1.325809
44.199573	-0.495419	19.348736	-0.004922	1.325602
39.931453	0.013279	19.353741	-0.004136	1.325342
42.871556	-0.399796	19.358746	-0.004677	1.325444
40.648442	-0.226784	19.363751	-0.004268	1.325197
39.387540	0.112545	19.368755	-0.004035	1.325350
42.509980	-0.574096	19.373760	-0.004610	1.325157
37.791037	0.106459	19.378765	-0.003741	1.325014
40.761233	-0.424081	19.383770	-0.004287	1.324979
38.041983	-0.297327	19.388775	-0.003786	1.324573
36.934363	0.126479	19.393779	-0.003582	1.324861
39.464057	-0.442794	19.398784	-0.004048	1.324689
35.613005	0.015624	19.403789	-0.003339	1.324454
37.486282	-0.209566	19.408794	-0.003683	1.324565
36.794741	-0.340360	19.413799	-0.003555	1.324263
34.944248	-0.029507	19.418803	-0.003215	1.324260
36.241154	-0.369152	19.423808	-0.003453	1.324113
33.629566	-0.068611	19.428813	-0.002972	1.323941
34.731875	-0.256448	19.433818	-0.003175	1.323939
34.677320	-0.435315	19.438823	-0.003164	1.323710
31.407184	0.100558	19.443827	-0.002562	1.323689
34.442050	-0.429624	19.448832	-0.003120	1.323668
31.120360	-0.143387	19.453837	-0.002509	1.323332
32.628830	-0.228449	19.458842	-0.002786	1.323539
31.385927	-0.388042	19.463847	-0.002557	1.323088
29.546540	0.061353	19.468851	-0.002218	1.323256
31.893222	-0.405161	19.473856	-0.002650	1.323171
28.558749	-0.120963	19.478861	-0.002036	1.322829
29.601944	-0.154315	19.483866	-0.002227	1.323004
29.384612	-0.328282	19.488871	-0.002187	1.322746
27.394875	-0.031129	19.493875	-0.001820	1.322698
29.248777	-0.389411	19.498880	-0.002162	1.322643
27.141414	-0.190652	19.503885	-0.001773	1.322451
26.832857	-0.143182	19.508890	-0.001716	1.322445
26.908349	-0.362794	19.513895	-0.001730	1.322192
24.318163	0.057372	19.518899	-0.001253	1.322170
27.356468	-0.416084	19.523904	-0.001812	1.322219
23.422215	-0.071081	19.528909	-0.001087	1.321828
24.676503	-0.058741	19.533914	-0.001318	1.322101
25.348000	-0.534712	19.538919	-0.001441	1.321659
21.353492	0.112069	19.543923	-0.000705	1.321623
24.980277	-0.456875	19.548928	-0.001373	1.321677
21.014369	-0.117322	19.553933	-0.000642	1.321273
21.501698	0.016115	19.558938	-0.000732	1.321536
23.629994	-0.538968	19.563943	-0.001123	1.321298
18.979096	-0.010842	19.568947	-0.000267	1.320982
21.797717	-0.262635	19.573952	-0.000786	1.321256
19.591672	-0.217910	19.578957	-0.000379	1.320855
18.535711	0.059812	19.583962	-0.000184	1.320975
21.079504	-0.506705	19.588967	-0.000652	1.320809
16.569295	0.072499	19.593971	0.000178	1.320584
19.479644	-0.278917	19.598976	-0.000357	1.320756
17.369416	-0.313775	19.603981	0.000032	1.320277
16.321048	0.032107	19.608986	0.000225	1.320483
18.404153	-0.554020	19.613991	-0.000158	1.320197
14.107640	0.054233	19.618995	0.000633	1.320051
16.363763	-0.203019	19.624000	0.000218	1.320203
15.290630	-0.236934	19.629005	0.000416	1.319940
15.116925	-0.257445	19.634010	0.000448	1.319878
14.599479	-0.393022	19.639015	0.000543	1.319605
12.527923	-0.162461	19.644019	0.000925	1.319458
12.868283	0.034802	19.649024	0.000862	1.319770
13.144221	-0.353197	19.654029	0.000812	1.319352
12.116122	-0.086155	19.659034	0.001002	1.319466
12.589121	-0.469200	19.664039	0.000915	1.319095
9.751188	-0.080401	19.669043	0.001438	1.318983
11.257314	-0.107963	19.674048	0.001160	1.319260
10.791415	-0.449013	19.679053	0.001247	1.318746
8.205402	0.121999	19.684058	0.001723	1.318910
11.000630	-0.432898	19.689063	0.001209	1.318809
7.005110	-0.023359	19.694067	0.001945	1.318483
8.961365	-0.115201	19.699072	0.001585	1.318775
8.378671	-0.339669	19.704077	0.001692	1.318379
6.771795	-0.095124	19.709082	0.001988	1.318346
8.087659	-0.411505	19.714087	0.001746	1.318231
4.601275	-0.098895	19.719091	0.002389	1.317891
6.002977	-0.029039	19.724096	0.002131	1.318266
5.859960	-0.364773	19.729101	0.002157	1.317825
4.023886	-0.127037	19.734106	0.002496	1.317736
5.497979	-0.249506	19.739111	0.002224	1.317891
3.793209	-0.366224	19.744115	0.002539	1.317394
2.173743	0.141360	19.749120	0.002837	1.317680
3.615913	-0.230690	19.754125	0.002572	1.317523
2.474002	-0.197007	19.759130	0.002782	1.317327
1.925020	-0.103644	19.764135	0.002884	1.317328
2.338690	-0.502218	19.769139	0.002808	1.316925
-0.438456	0.102164	19.774144	0.003319	1.317089
1.084022	-0.311315	19.779149	0.003039	1.316898
