Fri Dec 12 10:33:28 2025

Number of Points = 3579
Depth (nm)	Load (µN)	Time (s)	Depth (V)	Load (V)
-0.013940	1.362596	0.000000	0.001369	1.322975

-0.113022	1.396421	0.005005	0.001388	1.322996
0.140004	1.530821	0.010010	0.001341	1.323211
0.899058	1.411983	0.015014	0.001202	1.323223
1.621926	1.087304	0.020019	0.001069	1.322975
1.423744	0.889370	0.025024	0.001106	1.322693
0.321485	0.865363	0.030029	0.001310	1.322436
-0.340666	0.976049	0.035034	0.001432	1.322434
-0.213477	0.959960	0.040038	0.001409	1.322440
0.576176	0.817574	0.045043	0.001264	1.322429
0.586420	0.625359	0.050048	0.001262	1.322196
0.123788	0.606509	0.055053	0.001348	1.322077
-0.269075	0.438984	0.060058	0.001421	1.321791
-0.436130	0.468693	0.065062	0.001452	1.321792
-0.247620	0.353368	0.070067	0.001418	1.321690
-0.211662	0.171486	0.075072	0.001411	1.321475
-0.545214	0.031936	0.080077	0.001473	1.321236
-1.041257	0.056711	0.085082	0.001565	1.321163
-1.144596	0.077434	0.090086	0.001584	1.321167
-0.952984	-0.150125	0.095091	0.001550	1.320928
-1.143180	-0.184029	0.100096	0.001585	1.320847
-1.190795	-0.290913	0.105101	0.001594	1.320706
-1.491807	-0.377085	0.110106	0.001650	1.320538
-1.705237	-0.337294	0.115110	0.001690	1.320542
-1.496471	-0.593525	0.120115	0.001652	1.320272
-1.706420	-0.593146	0.125120	0.001691	1.320228
-2.413975	-0.636926	0.130125	0.001821	1.320028
-2.458106	-0.715469	0.135130	0.001830	1.319923
-2.362508	-0.722910	0.140134	0.001812	1.319933
-1.997511	-0.793478	0.145139	0.001746	1.319922
-2.421323	-0.978272	0.150144	0.001824	1.319608
-2.426870	-0.985710	0.155149	0.001826	1.319597
-1.689400	-1.347431	0.160154	0.001690	1.319307
-1.883728	-1.573542	0.165158	0.001727	1.318990
-5.844182	-1.089336	0.170163	0.002456	1.318762
-7.107476	-0.073533	0.175168	0.002688	1.319743
-4.546187	-0.191926	0.180173	0.002217	1.320128
-3.217787	-0.488668	0.185178	0.001973	1.320039
-2.747424	-0.689545	0.190182	0.001887	1.319890
-3.317050	-0.837345	0.195187	0.001992	1.319592
-4.344815	-0.652837	0.200192	0.002182	1.319604
-4.621855	-0.609496	0.205197	0.002233	1.319600
-3.578830	-0.845117	0.210202	0.002041	1.319527
-3.786010	-1.003816	0.215206	0.002080	1.319289
-5.750612	-0.675875	0.220211	0.002442	1.319284
-5.020297	-0.794016	0.225216	0.002308	1.319290
-5.628265	-0.580219	0.230221	0.002420	1.319425
-4.854346	-0.572233	0.235226	0.002278	1.319595
-3.933088	-0.964907	0.240230	0.002109	1.319305
-5.565777	-0.704028	0.245235	0.002409	1.319286
-4.820572	-1.023612	0.250240	0.002273	1.319048
-6.498530	-0.717300	0.255245	0.002582	1.319076
-5.670907	-0.685904	0.260250	0.002430	1.319285
-5.440640	-0.937063	0.265254	0.002388	1.319025
-7.044934	-0.528894	0.270259	0.002683	1.319192
-6.067203	-0.613163	0.275264	0.002504	1.319291
-4.464970	-1.039012	0.280269	0.002209	1.319101
-7.916675	-0.561094	0.285274	0.002845	1.318971
-5.453530	-0.881114	0.290278	0.002392	1.319089
-7.575580	-0.617937	0.295283	0.002783	1.318971
-6.299476	-0.837669	0.300288	0.002548	1.318966
-6.113341	-0.943547	0.305293	0.002514	1.318875
-9.123169	-0.319228	0.310298	0.003069	1.319015
-4.823277	-1.041334	0.315302	0.002278	1.319021
-8.896349	-0.485832	0.320307	0.003028	1.318858
-6.603735	-0.781547	0.325312	0.002606	1.318970
-5.713530	-1.096407	0.330317	0.002443	1.318769
-10.072215	-0.365829	0.335322	0.003245	1.318760
-6.368436	-0.907380	0.340326	0.002564	1.318864
-8.373555	-0.731874	0.345331	0.002933	1.318663
-7.800361	-0.827270	0.350336	0.002828	1.318664
-7.251705	-0.918387	0.355341	0.002727	1.318666
-9.265087	-0.578788	0.360346	0.003098	1.318664
-7.753976	-0.834588	0.365350	0.002821	1.318664
-8.122156	-0.857569	0.370355	0.002889	1.318559
-10.149849	-0.510952	0.375360	0.003262	1.318563
-6.834091	-1.071695	0.380365	0.002652	1.318563
-10.383506	-0.559756	0.385370	0.003306	1.318454
-6.943233	-1.108096	0.390374	0.002673	1.318495
-11.260956	-0.420638	0.395379	0.003468	1.318442
-7.892945	-0.950251	0.400384	0.002849	1.318491
-10.053285	-0.711315	0.405389	0.003247	1.318336
-10.546412	-0.536155	0.410394	0.003338	1.318448
-7.260440	-1.000365	0.415398	0.002733	1.318560
-11.823947	-0.571010	0.420403	0.003574	1.318140
-8.581909	-0.752206	0.425408	0.002977	1.318589
-10.545155	-0.717222	0.430413	0.003339	1.318225
-9.358546	-0.821040	0.435418	0.003121	1.318343
-10.923292	-0.606866	0.440422	0.003409	1.318281
-9.673133	-0.920200	0.445427	0.003179	1.318156
-11.889464	-0.338621	0.450432	0.003588	1.318408
-8.646489	-1.163219	0.455437	0.002991	1.318070
-12.596717	-0.353369	0.460442	0.003719	1.318243
-10.049548	-0.854849	0.465446	0.003250	1.318156
-10.982203	-0.649065	0.470451	0.003422	1.318215
-12.307326	-0.524055	0.475456	0.003666	1.318093
-9.172911	-0.915945	0.480461	0.003090	1.318262
-12.874087	-0.601345	0.485466	0.003772	1.317880
-9.790712	-0.860085	0.490470	0.003204	1.318202
-13.443871	-0.548425	0.495475	0.003877	1.317826
-10.177950	-0.835328	0.500480	0.003276	1.318151
-13.679005	-0.453166	0.505485	0.003921	1.317893
-10.332436	-0.965630	0.510490	0.003305	1.317959
-13.470656	-0.440843	0.515494	0.003883	1.317951
-10.772606	-0.984418	0.520499	0.003387	1.317844
-13.551920	-0.426612	0.525504	0.003899	1.317950
-11.852036	-0.838384	0.530509	0.003586	1.317798
-12.000043	-0.719615	0.535514	0.003614	1.317912
-13.520358	-0.694904	0.540518	0.003894	1.317627
-12.499303	-0.691057	0.545523	0.003707	1.317843
-14.111673	-0.469042	0.550528	0.004004	1.317781
-10.591150	-1.126418	0.555533	0.003356	1.317705
-15.818424	-0.315609	0.560538	0.004319	1.317614
-11.480584	-1.029028	0.565542	0.003520	1.317639
-14.580369	-0.510151	0.570547	0.004091	1.317632
-14.079196	-0.512265	0.575552	0.003999	1.317733
-11.891896	-0.949535	0.580557	0.003597	1.317650
-14.589005	-0.629012	0.585562	0.004094	1.317483
-13.575462	-0.795811	0.590566	0.003908	1.317488
-14.906802	-0.576859	0.595571	0.004153	1.317480
-14.976283	-0.540272	0.600576	0.004166	1.317510
-12.313825	-0.941226	0.605581	0.003676	1.317571
-16.094048	-0.584103	0.610586	0.004373	1.317224
-14.101200	-0.702081	0.615590	0.004006	1.317492
-14.960899	-0.567776	0.620595	0.004165	1.317478
-14.344997	-0.824948	0.625600	0.004052	1.317291
-15.767145	-0.475526	0.630605	0.004314	1.317424
-14.496485	-0.847240	0.635610	0.004080	1.317231
-15.325430	-0.548703	0.640614	0.004233	1.317425
-16.009982	-0.651861	0.645619	0.004360	1.317156
-14.295927	-0.733061	0.650624	0.004044	1.317412
-16.759201	-0.644131	0.655629	0.004498	1.317009
-15.302349	-0.584515	0.660634	0.004230	1.317384
-16.302167	-0.603749	0.665638	0.004415	1.317153
-14.654358	-0.979332	0.670643	0.004112	1.317034
-17.712009	-0.421442	0.675648	0.004675	1.317083
-15.568224	-0.721934	0.680653	0.004281	1.317159
-16.210605	-0.618980	0.685658	0.004399	1.317152
-16.893668	-0.580911	0.690662	0.004525	1.317056
-15.389922	-0.926954	0.695667	0.004249	1.316944
-18.248547	-0.388923	0.700672	0.004776	1.317010
-15.685587	-0.905349	0.705677	0.004304	1.316908
-17.826646	-0.508737	0.710682	0.004699	1.316950
-17.654307	-0.608271	0.715686	0.004667	1.316863
-15.408092	-0.908284	0.720691	0.004254	1.316961
-19.638055	-0.414832	0.725696	0.005033	1.316688
-15.436699	-0.887234	0.730701	0.004260	1.316980
-19.347959	-0.474327	0.735706	0.004980	1.316675
-16.895853	-0.752094	0.740710	0.004529	1.316842
-17.979533	-0.567646	0.745715	0.004729	1.316843
-18.306795	-0.700657	0.750720	0.004790	1.316612
-17.638803	-0.623167	0.755725	0.004667	1.316845
-19.587461	-0.479255	0.760730	0.005026	1.316617
-16.816809	-0.808580	0.765734	0.004516	1.316788
-19.835333	-0.430334	0.770739	0.005073	1.316625
-17.188449	-0.846370	0.775744	0.004586	1.316663
-19.666659	-0.531280	0.780749	0.005042	1.316535
-19.339856	-0.589843	0.785754	0.004982	1.316531
-18.019795	-0.651681	0.790758	0.004740	1.316729
-20.072684	-0.548345	0.795763	0.005118	1.316429
-18.523396	-0.671144	0.800768	0.004833	1.316599
-19.700582	-0.527645	0.805773	0.005050	1.316531
-19.316725	-0.755489	0.810778	0.004980	1.316331
-20.208338	-0.378922	0.815782	0.005144	1.316607
-18.988054	-0.839076	0.820787	0.004920	1.316296
-20.266093	-0.475728	0.825792	0.005156	1.316476
-20.226069	-0.664213	0.830797	0.005149	1.316252
-19.374978	-0.676964	0.835802	0.004992	1.316413
-21.736681	-0.359725	0.840806	0.005427	1.316312
-18.269076	-0.958526	0.845811	0.004789	1.316296
-22.722938	-0.241465	0.850816	0.005610	1.316251
-18.504421	-1.013801	0.855821	0.004833	1.316179
-22.452000	-0.350085	0.860826	0.005560	1.316173
-20.964885	-0.552005	0.865830	0.005287	1.316234
-19.548739	-0.837302	0.870835	0.005027	1.316178
-22.782770	-0.391561	0.875840	0.005622	1.316053
-20.029179	-0.774477	0.880845	0.005116	1.316154
-22.475000	-0.432348	0.885850	0.005566	1.316066
-20.228849	-0.816369	0.890854	0.005153	1.316061
-22.824564	-0.406301	0.895859	0.005631	1.316024
-20.953783	-0.758801	0.900864	0.005287	1.315980
-22.093413	-0.538527	0.905869	0.005498	1.316013
-22.059779	-0.731522	0.910874	0.005492	1.315783
-21.902262	-0.549272	0.915878	0.005463	1.316039
-22.501388	-0.736704	0.920883	0.005574	1.315684
-22.454999	-0.574026	0.925888	0.005565	1.315893
-23.031589	-0.470479	0.930893	0.005672	1.315900
-21.750757	-0.835604	0.935898	0.005437	1.315718
-23.871313	-0.370123	0.940902	0.005827	1.315848
-22.469035	-0.734805	0.945907	0.005569	1.315691
-23.068602	-0.460516	0.950912	0.005680	1.315903
-22.762265	-0.737997	0.955917	0.005624	1.315626
-22.783122	-0.773087	0.960922	0.005628	1.315578
-24.630908	-0.385771	0.965926	0.005969	1.315669
-22.303955	-0.802246	0.970931	0.005541	1.315641
-24.384629	-0.496041	0.975936	0.005924	1.315584
-23.734431	-0.603362	0.980941	0.005805	1.315587
-22.961634	-0.841392	0.985946	0.005663	1.315455
-25.878653	-0.333276	0.990950	0.006200	1.315473
-22.941002	-0.800966	0.995955	0.005660	1.315509
-24.250451	-0.608619	1.000960	0.005901	1.315472

-24.667706	-0.523638	1.010957	0.005979	1.315489
-24.027268	-0.620214	1.020954	0.005861	1.315503
-23.412943	-0.654485	1.030950	0.005749	1.315588
-24.012532	-0.646899	1.040947	0.005860	1.315472
-24.066608	-0.550409	1.050944	0.005871	1.315578
-24.547405	-0.534654	1.060941	0.005960	1.315497
-23.902675	-0.564138	1.070938	0.005842	1.315594
-23.012193	-0.649216	1.080934	0.005678	1.315674
-23.106657	-0.716556	1.090931	0.005697	1.315571
-23.995362	-0.506761	1.100928	0.005861	1.315643
-23.588662	-0.620263	1.110925	0.005787	1.315587
-23.667169	-0.607705	1.120922	0.005802	1.315586
-23.041206	-0.640310	1.130918	0.005687	1.315675
-23.319200	-0.586221	1.140915	0.005739	1.315683
-23.906844	-0.517237	1.150912	0.005848	1.315645
-23.404083	-0.663298	1.160909	0.005756	1.315569
-22.765779	-0.648443	1.170906	0.005639	1.315719
-22.650620	-0.699742	1.180902	0.005618	1.315679
-22.826304	-0.635137	1.190899	0.005651	1.315721
-23.490118	-0.498938	1.200896	0.005774	1.315750
-23.195282	-0.655922	1.210893	0.005721	1.315618
-22.737612	-0.504886	1.220890	0.005637	1.315897
-22.440034	-0.730112	1.230886	0.005583	1.315682
-22.928885	-0.589642	1.240883	0.005674	1.315752
-23.080889	-0.464011	1.250880	0.005702	1.315874
-22.016463	-0.820672	1.260877	0.005507	1.315657
-22.511187	-0.589466	1.270874	0.005599	1.315837
-22.442058	-0.596926	1.280870	0.005587	1.315841
-22.364118	-0.574667	1.290867	0.005573	1.315884
-23.115459	-0.553016	1.300864	0.005712	1.315754
-21.846870	-0.722391	1.310861	0.005479	1.315809
-22.188646	-0.594131	1.320858	0.005543	1.315894
-21.978685	-0.633642	1.330854	0.005505	1.315889
-22.327181	-0.568450	1.340851	0.005569	1.315896
-22.403834	-0.544104	1.350848	0.005584	1.315909
-21.304318	-0.763782	1.360845	0.005382	1.315867
-22.309015	-0.573267	1.370842	0.005568	1.315891
-21.391432	-0.630612	1.380838	0.005400	1.316011
-22.195128	-0.603172	1.390835	0.005548	1.315877
-21.779056	-0.658456	1.400832	0.005472	1.315894
-20.665643	-0.804491	1.410829	0.005268	1.315946
-22.422576	-0.469599	1.420826	0.005592	1.315991
-21.360952	-0.595589	1.430822	0.005397	1.316056
-21.939611	-0.592161	1.440819	0.005505	1.315939
-21.651279	-0.596458	1.450816	0.005452	1.315993
-20.824811	-0.665960	1.460813	0.005301	1.316079
-21.248793	-0.574678	1.470810	0.005379	1.316102
-20.989416	-0.651858	1.480806	0.005332	1.316061
-21.444590	-0.582437	1.490803	0.005417	1.316050
-21.101974	-0.647647	1.500800	0.005354	1.316041
-20.789268	-0.657084	1.510797	0.005297	1.316093
-20.605092	-0.660249	1.520794	0.005264	1.316127
-21.758871	-0.498850	1.530790	0.005477	1.316085
-20.676911	-0.676313	1.540787	0.005279	1.316091
-20.839157	-0.616456	1.550784	0.005309	1.316130
-20.551510	-0.555129	1.560781	0.005257	1.316264
-20.612358	-0.665026	1.570778	0.005269	1.316116
-20.860946	-0.530984	1.580774	0.005315	1.316228
-20.305818	-0.700332	1.590771	0.005214	1.316135
-20.289934	-0.631626	1.600768	0.005211	1.316222
-20.334450	-0.609020	1.610765	0.005220	1.316239
-20.357576	-0.619790	1.620762	0.005225	1.316221
-21.309948	-0.462344	1.630758	0.005401	1.316215
-19.421763	-0.714244	1.640755	0.005054	1.316297
-19.448266	-0.712464	1.650752	0.005060	1.316293
-20.244803	-0.586361	1.660749	0.005207	1.316282
-20.578482	-0.496213	1.670746	0.005269	1.316323
-20.803824	-0.475503	1.680742	0.005311	1.316300
-19.008253	-0.756138	1.690739	0.004981	1.316328
-19.504826	-0.610703	1.700736	0.005073	1.316403
-19.564920	-0.645679	1.710733	0.005085	1.316347
-20.287759	-0.483619	1.720730	0.005219	1.316395
-20.327959	-0.564208	1.730726	0.005227	1.316287
-18.707213	-0.784224	1.740723	0.004929	1.316353
-19.720717	-0.495100	1.750720	0.005116	1.316496
-19.555984	-0.600563	1.760717	0.005087	1.316400
-19.615917	-0.602749	1.770714	0.005098	1.316384
-19.398954	-0.626749	1.780710	0.005059	1.316399
-18.696613	-0.711221	1.790707	0.004931	1.316441
-19.928122	-0.445043	1.800704	0.005158	1.316511
-18.595853	-0.656251	1.810701	0.004913	1.316527
-19.533710	-0.511655	1.820698	0.005087	1.316509
-19.215201	-0.624280	1.830694	0.005029	1.316437
-17.740939	-0.755250	1.840691	0.004758	1.316581
-20.001057	-0.457446	1.850688	0.005175	1.316477
-18.681124	-0.594230	1.860685	0.004932	1.316582
-19.179916	-0.559118	1.870682	0.005025	1.316521
-18.386681	-0.728499	1.880678	0.004879	1.316477
-17.496046	-0.748525	1.890675	0.004716	1.316636
-19.458729	-0.432355	1.900672	0.005078	1.316616
-18.972941	-0.553726	1.910669	0.004989	1.316567
-19.003925	-0.461638	1.920666	0.004996	1.316673
-17.404414	-0.768737	1.930662	0.004702	1.316628
-17.821523	-0.624115	1.940659	0.004779	1.316718
-18.788779	-0.512475	1.950656	0.004958	1.316653
-18.485025	-0.552943	1.960653	0.004903	1.316666
-18.399347	-0.584299	1.970650	0.004888	1.316644
-17.727957	-0.717957	1.980646	0.004765	1.316619
-17.309060	-0.582912	1.990643	0.004688	1.316871
-18.542731	-0.500717	2.000640	0.004916	1.316715
-18.682488	-0.544087	2.010637	0.004942	1.316632
-17.175373	-0.626406	2.020634	0.004665	1.316843
-17.006089	-0.843257	2.030630	0.004635	1.316611
-18.036097	-0.470422	2.040627	0.004825	1.316854
-18.428522	-0.521082	2.050624	0.004898	1.316710
-17.712162	-0.583691	2.060621	0.004767	1.316781
-17.098138	-0.632865	2.070618	0.004655	1.316847
-16.757568	-0.780347	2.080614	0.004593	1.316736
-17.844335	-0.440989	2.090611	0.004793	1.316926
-17.686639	-0.525781	2.100608	0.004765	1.316854
-17.770484	-0.609538	2.110605	0.004781	1.316733
-17.027881	-0.625266	2.120602	0.004645	1.316868
-16.188885	-0.774346	2.130598	0.004491	1.316858
-17.474064	-0.457826	2.140595	0.004728	1.316979
-17.747958	-0.542390	2.150592	0.004779	1.316817
-17.037065	-0.620323	2.160589	0.004649	1.316869
-16.175748	-0.698843	2.170586	0.004491	1.316950
-16.100250	-0.710500	2.180582	0.004478	1.316951
-17.610095	-0.470083	2.190579	0.004757	1.316932
-17.419046	-0.515575	2.200576	0.004722	1.316915
-16.123774	-0.676578	2.210573	0.004484	1.316985
-16.434238	-0.645877	2.220570	0.004542	1.316958
-15.843548	-0.683122	2.230566	0.004434	1.317034
-17.482284	-0.447485	2.240563	0.004736	1.316982
-16.421091	-0.630976	2.250560	0.004542	1.316977
-16.201332	-0.671317	2.260557	0.004502	1.316972
-15.586481	-0.705125	2.270554	0.004389	1.317057
-16.193741	-0.586839	2.280550	0.004502	1.317076
-16.970766	-0.472344	2.290547	0.004646	1.317054
-16.587728	-0.577550	2.300544	0.004576	1.317004
-15.378191	-0.654215	2.310541	0.004354	1.317160
-15.435650	-0.651855	2.320538	0.004365	1.317150
-16.195209	-0.511878	2.330534	0.004505	1.317164
-16.004030	-0.552931	2.340531	0.004471	1.317152
-15.623943	-0.721084	2.350528	0.004402	1.317024
-15.739484	-0.575500	2.360525	0.004423	1.317178
-15.416526	-0.674369	2.370522	0.004365	1.317123
-16.189942	-0.466112	2.380518	0.004508	1.317217
-16.017631	-0.538088	2.390515	0.004477	1.317164
-14.837161	-0.796853	2.400512	0.004260	1.317091
-14.459399	-0.693535	2.410509	0.004191	1.317295
-15.313628	-0.566940	2.420506	0.004349	1.317272
-16.142073	-0.480291	2.430502	0.004502	1.317206
-16.040276	-0.468785	2.440499	0.004484	1.317240
-14.124184	-0.831943	2.450496	0.004132	1.317192
-14.913328	-0.583902	2.460493	0.004278	1.317331
-15.326972	-0.516426	2.470490	0.004355	1.317328
-15.045430	-0.605039	2.480486	0.004304	1.317277
-14.957347	-0.602244	2.490483	0.004288	1.317298
-14.620699	-0.687937	2.500480	0.004227	1.317262
-14.481972	-0.584077	2.510477	0.004202	1.317417
-14.694459	-0.602110	2.520474	0.004242	1.317350
-15.034091	-0.557553	2.530470	0.004305	1.317333
-15.203612	-0.552176	2.540467	0.004337	1.317304
-13.713996	-0.798270	2.550464	0.004063	1.317311
-14.365700	-0.575262	2.560461	0.004184	1.317448
-14.521119	-0.595618	2.570458	0.004213	1.317390
-14.978358	-0.552719	2.580454	0.004298	1.317347
-13.944008	-0.604288	2.590451	0.004108	1.317498
-13.579268	-0.750485	2.600448	0.004042	1.317393
-14.334667	-0.509988	2.610445	0.004181	1.317531
-14.691562	-0.520111	2.620442	0.004248	1.317444
-14.124766	-0.574524	2.630438	0.004144	1.317494
-13.601510	-0.612572	2.640435	0.004048	1.317555
-13.481309	-0.680527	2.650432	0.004027	1.317496
-14.026626	-0.526858	2.660429	0.004128	1.317570
-14.037914	-0.591763	2.670426	0.004131	1.317488
-13.734607	-0.637948	2.680422	0.004075	1.317493
-13.432971	-0.654572	2.690419	0.004020	1.317535
-13.387692	-0.607021	2.700416	0.004013	1.317602
-14.138804	-0.493035	2.710413	0.004152	1.317585
-13.585578	-0.614295	2.720410	0.004051	1.317550
-13.154614	-0.699622	2.730406	0.003972	1.317534
-12.940925	-0.647330	2.740403	0.003933	1.317642
-13.204462	-0.647934	2.750400	0.003982	1.317586
-13.950669	-0.473666	2.760397	0.004120	1.317644
-12.761027	-0.709884	2.770394	0.003902	1.317600
-13.235234	-0.628081	2.780390	0.003990	1.317601
-12.970807	-0.561977	2.790387	0.003942	1.317736
-12.780628	-0.632655	2.800384	0.003908	1.317688
-13.203495	-0.524324	2.810381	0.003986	1.317733
-12.563912	-0.757612	2.820378	0.003869	1.317579
-12.833084	-0.627123	2.830374	0.003919	1.317682
-11.856414	-0.725547	2.840371	0.003740	1.317763
-13.279007	-0.551667	2.850368	0.004003	1.317681
-13.357493	-0.466007	2.860365	0.004018	1.317769
-12.292562	-0.749579	2.870362	0.003822	1.317641
-12.164678	-0.695392	2.880358	0.003799	1.317733
-11.835963	-0.676839	2.890355	0.003740	1.317823
-12.473156	-0.618694	2.900352	0.003858	1.317762
-13.295867	-0.453233	2.910349	0.004010	1.317793
-11.905075	-0.732356	2.920346	0.003754	1.317739
-12.076971	-0.617486	2.930342	0.003787	1.317843
-11.429532	-0.664659	2.940339	0.003668	1.317919
-12.193319	-0.686736	2.950336	0.003809	1.317733
-12.866049	-0.475705	2.960333	0.003934	1.317851
-10.804090	-0.871453	2.970330	0.003555	1.317793
-11.933968	-0.615736	2.980326	0.003764	1.317871
-11.980146	-0.569923	2.990323	0.003773	1.317917
-11.943827	-0.585925	3.000320	0.003767	1.317904
-12.179570	-0.564316	3.010317	0.003811	1.317881
-10.532836	-0.783885	3.020314	0.003508	1.317953
-11.247604	-0.645301	3.030310	0.003640	1.317974
-11.882203	-0.590219	3.040307	0.003758	1.317909
-11.668455	-0.555521	3.050304	0.003719	1.317995
-12.209172	-0.489204	3.060301	0.003819	1.317963
-10.447027	-0.822292	3.070298	0.003496	1.317920
-11.001597	-0.632515	3.080294	0.003598	1.318036
-11.331674	-0.630620	3.090291	0.003660	1.317970
-11.188096	-0.600127	3.100288	0.003634	1.318036
-10.934301	-0.638759	3.110285	0.003588	1.318041
-10.417260	-0.767496	3.120282	0.003494	1.317989
-10.860393	-0.611055	3.130278	0.003576	1.318088
-10.815138	-0.692004	3.140275	0.003568	1.317998
-11.126993	-0.609978	3.150272	0.003626	1.318033
-10.852947	-0.650122	3.160269	0.003576	1.318040
-9.813473	-0.803883	3.170266	0.003386	1.318066
-11.082162	-0.537498	3.180262	0.003620	1.318129
-10.788928	-0.657087	3.190259	0.003567	1.318042
-11.191557	-0.523900	3.200256	0.003641	1.318121
-10.090186	-0.796943	3.210253	0.003439	1.318014
-9.878232	-0.699961	3.220250	0.003401	1.318176
-10.220542	-0.589611	3.230246	0.003464	1.318240
-10.332575	-0.697629	3.240243	0.003486	1.318083
-10.189290	-0.640083	3.250240	0.003460	1.318183
-9.919265	-0.792573	3.260237	0.003411	1.318051
-9.511790	-0.715839	3.270234	0.003337	1.318229
-10.823755	-0.636533	3.280230	0.003579	1.318054
-9.939058	-0.647438	3.290227	0.003417	1.318223
-10.058948	-0.606887	3.300224	0.003439	1.318247
-9.708432	-0.714284	3.310221	0.003376	1.318187
-8.968359	-0.840487	3.320218	0.003240	1.318185
-10.032087	-0.585162	3.330214	0.003436	1.318277
-9.508587	-0.725912	3.340211	0.003341	1.318212
-9.907672	-0.639463	3.350208	0.003415	1.318235
-9.319913	-0.654874	3.360205	0.003307	1.318337
-8.969404	-0.713442	3.370202	0.003243	1.318337
-10.240146	-0.574047	3.380198	0.003478	1.318244
-9.125869	-0.688498	3.390195	0.003273	1.318333
-9.055382	-0.685006	3.400192	0.003261	1.318352
-8.928535	-0.691625	3.410189	0.003238	1.318369
-8.377429	-0.801494	3.420186	0.003138	1.318348
-9.228573	-0.698563	3.430182	0.003295	1.318297
-8.797955	-0.703085	3.440179	0.003216	1.318380
-9.136077	-0.745039	3.450176	0.003279	1.318258
-8.605932	-0.741124	3.460173	0.003182	1.318372
-9.039227	-0.586963	3.470170	0.003263	1.318470
-9.216275	-0.611301	3.480166	0.003296	1.318403
-8.345036	-0.799017	3.490163	0.003136	1.318352
-8.619995	-0.685307	3.500160	0.003188	1.318434
-8.054996	-0.834106	3.510157	0.003084	1.318368
-8.395364	-0.665981	3.520154	0.003148	1.318503
-8.615421	-0.751285	3.530150	0.003189	1.318352
-8.188566	-0.703647	3.540147	0.003111	1.318498
-8.253247	-0.720314	3.550144	0.003123	1.318463
-8.506930	-0.693383	3.560141	0.003171	1.318443
-8.166042	-0.685141	3.570138	0.003109	1.318523
-8.185970	-0.701974	3.580134	0.003113	1.318497
-8.668071	-0.588645	3.590131	0.003202	1.318536
-7.355886	-0.762413	3.600128	0.002961	1.318594
-7.302435	-0.861700	3.610125	0.002952	1.318483
-8.385276	-0.570502	3.620122	0.003152	1.318614
-7.840591	-0.623610	3.630118	0.003053	1.318661
-7.606190	-0.772732	3.640115	0.003010	1.318526
-7.294076	-0.709174	3.650112	0.002953	1.318668
-7.977613	-0.715188	3.660109	0.003080	1.318519
-6.917968	-0.775549	3.670106	0.002885	1.318663
-7.676361	-0.683281	3.680102	0.003026	1.318618
-7.376230	-0.692588	3.690099	0.002971	1.318668
-7.864043	-0.711732	3.700096	0.003062	1.318543
-6.435662	-0.837093	3.710093	0.002799	1.318685
-7.220749	-0.726327	3.720090	0.002944	1.318657
-7.812225	-0.705907	3.730086	0.003054	1.318559
-6.668172	-0.767389	3.740083	0.002844	1.318720
-7.426552	-0.581836	3.750080	0.002984	1.318789
-6.731497	-0.670722	3.760077	0.002857	1.318824
-6.866707	-0.683638	3.770074	0.002882	1.318779
-6.853471	-0.713621	3.780070	0.002881	1.318744
-6.513247	-0.722681	3.790067	0.002819	1.318803
-7.158008	-0.627486	3.800064	0.002938	1.318785
-6.537398	-0.757098	3.810061	0.002825	1.318754
-6.510130	-0.701971	3.820058	0.002820	1.318827
-6.721609	-0.698472	3.830054	0.002860	1.318786
-6.313023	-0.779442	3.840051	0.002785	1.318771
-6.254266	-0.781814	3.850048	0.002775	1.318780
-6.245772	-0.751735	3.860045	0.002774	1.318818
-6.414044	-0.611601	3.870042	0.002806	1.318953
-6.333468	-0.793091	3.880038	0.002792	1.318747
-5.340875	-0.846102	3.890035	0.002609	1.318887
-6.676237	-0.619832	3.900032	0.002856	1.318887
-6.247169	-0.621563	3.910029	0.002778	1.318973
-5.611755	-0.730881	3.920026	0.002661	1.318970
-6.492093	-0.678155	3.930022	0.002824	1.318851
-5.214024	-0.764762	3.940019	0.002589	1.319009
-6.114033	-0.686297	3.950016	0.002756	1.318918
-5.106033	-0.815156	3.960013	0.002571	1.318968
-6.849997	-0.537579	3.970010	0.002893	1.318946
-4.960973	-0.601439	3.980006	0.002545	1.319258
-5.243234	-0.788780	3.990003	0.002598	1.318970
-5.536370	-0.736472	4.000000	0.002653	1.318973
-5.978752	-0.587188	4.009997	0.002735	1.319063
-4.715998	-0.538297	4.019994	0.002503	1.319383
-5.337177	-0.773265	4.029990	0.002618	1.318967
-5.503551	-0.438028	4.039987	0.002649	1.319342
-5.296322	-0.639911	4.049984	0.002612	1.319137
-5.816247	-0.230577	4.059981	0.002708	1.319529
-4.521726	-0.687781	4.069978	0.002470	1.319237
-6.324856	-0.107730	4.079974	0.002803	1.319573
-2.425897	-0.777503	4.089971	0.002086	1.319559
-6.090817	-0.428108	4.099968	0.002761	1.319228
-3.624060	-0.675638	4.109965	0.002308	1.319435
-5.325784	-0.623517	4.119962	0.002622	1.319146
-3.559796	-0.916115	4.129958	0.002297	1.319152
-6.308552	-0.347830	4.139955	0.002804	1.319278
-3.903875	-0.415131	4.149952	0.002362	1.319692
-4.068749	-0.814007	4.159949	0.002393	1.319170
-4.649529	-0.625328	4.169946	0.002501	1.319280
-4.103543	-0.712743	4.179942	0.002401	1.319285
-4.351809	-0.536352	4.189939	0.002447	1.319448
-3.676717	-0.782265	4.199936	0.002323	1.319287
-5.087387	-0.486470	4.209933	0.002584	1.319356
-3.318748	-0.672232	4.219930	0.002259	1.319494
-4.666827	-0.578826	4.229926	0.002508	1.319328
-3.732258	-0.514992	4.239923	0.002336	1.319599
-3.971171	-0.708074	4.249920	0.002381	1.319313
-4.323224	-0.267016	4.259917	0.002446	1.319779
-2.594756	-0.852626	4.269914	0.002129	1.319419
-4.798504	-0.471861	4.279910	0.002535	1.319428
-3.003122	-0.639964	4.289907	0.002205	1.319593
-4.471566	-0.319692	4.299904	0.002476	1.319681
-2.244623	-0.785466	4.309901	0.002067	1.319571
-5.095200	-0.255217	4.319898	0.002592	1.319629
-2.660513	-0.373057	4.329894	0.002145	1.319988
-3.781198	-0.425612	4.339891	0.002352	1.319691
-2.930803	-0.373228	4.349888	0.002196	1.319930
-3.466686	-0.465651	4.359885	0.002295	1.319705
-2.761172	-0.283539	4.369882	0.002166	1.320073
-2.810957	-0.758568	4.379878	0.002176	1.319481
-3.805149	-0.083990	4.389875	0.002359	1.320100
-1.805108	-0.854282	4.399872	0.001992	1.319571
-4.199681	-0.080598	4.409869	0.002433	1.320021
-1.283952	-0.905315	4.419866	0.001897	1.319615
-5.118569	0.091783	4.429862	0.002604	1.320040
-0.913076	-0.499399	4.439859	0.001830	1.320186
-4.222688	-0.080858	4.449856	0.002440	1.320013
-1.899158	-0.140784	4.459853	0.002013	1.320419
-3.709638	0.103285	4.469850	0.002347	1.320343
-0.917806	-0.292075	4.479846	0.001833	1.320436
-3.233089	-0.208050	4.489843	0.002261	1.320059
-1.869147	-0.095791	4.499840	0.002010	1.320478
-2.585537	-0.180462	4.509837	0.002143	1.320225
-1.753015	-0.145168	4.519834	0.001990	1.320440
-2.842906	-0.184490	4.529830	0.002191	1.320166
-3.416646	0.574842	4.539827	0.002297	1.320974
-0.352609	-0.170720	4.549824	0.001734	1.320696
-2.255677	0.020431	4.559821	0.002085	1.320535
-1.506788	-0.111456	4.569818	0.001948	1.320528
-2.059507	-0.012303	4.579814	0.002050	1.320534
-2.431192	0.184387	4.589811	0.002119	1.320697
-1.907004	0.220603	4.599808	0.002023	1.320849
-1.918846	0.333365	4.609805	0.002026	1.320984
-1.159532	0.119566	4.619802	0.001887	1.320878
-1.798337	0.195283	4.629798	0.002005	1.320838
-1.466772	0.218295	4.639795	0.001945	1.320934
-2.015412	0.500358	4.649792	0.002046	1.321165
0.500490	-0.102813	4.659789	0.001584	1.320947
-2.540930	0.187346	4.669786	0.002145	1.320672
-1.306929	0.389643	4.679782	0.001918	1.321174
-1.153143	0.362000	4.689779	0.001890	1.321171
-0.955901	0.329182	4.699776	0.001855	1.321171
-1.054067	0.311269	4.709773	0.001873	1.321128
-2.585118	0.888144	4.719770	0.002156	1.321515
0.037411	0.589903	4.729766	0.001673	1.321692
-1.349657	0.684369	4.739763	0.001930	1.321520
-1.193119	0.886226	4.749760	0.001901	1.321798
-0.758110	0.924006	4.759757	0.001822	1.321933
-0.585598	0.782964	4.769754	0.001791	1.321796
-1.456586	1.201549	4.779750	0.001952	1.322127
0.000000	1.172615	4.789747	0.001684	1.322391

0.994390	0.781040	4.794752	0.001501	1.322118
1.093323	0.764484	4.799757	0.001483	1.322118
-0.368116	1.027810	4.804762	0.001753	1.322137
-0.371455	1.341676	4.809766	0.001754	1.322519
0.328502	1.490439	4.814771	0.001625	1.322845
-0.262269	1.968904	4.819776	0.001734	1.323306
-0.389718	2.536007	4.824781	0.001757	1.323971
1.142036	2.847575	4.829786	0.001475	1.324666
3.022409	2.832287	4.834790	0.001129	1.325034
3.544247	2.878899	4.839795	0.001033	1.325198
3.076192	3.243806	4.844800	0.001120	1.325545
3.001636	3.624928	4.849805	0.001133	1.325994
3.251876	4.057649	4.854810	0.001087	1.326571
3.591358	4.486409	4.859814	0.001025	1.327162
3.895699	4.917544	4.864819	0.000969	1.327748
4.467659	5.346523	4.869824	0.000864	1.328387
5.681487	5.631226	4.874829	0.000640	1.328981
6.420412	5.857581	4.879834	0.000504	1.329407
6.450771	6.259121	4.884838	0.000499	1.329900
6.041824	6.811822	4.889843	0.000574	1.330486
6.704579	7.299809	4.894848	0.000452	1.331213
8.411908	7.495945	4.899853	0.000138	1.331800
8.787234	7.776281	4.904858	0.000069	1.332216
8.810198	8.156290	4.909862	0.000064	1.332681
8.999657	8.585314	4.914867	0.000030	1.333238
9.594423	8.992850	4.919872	-0.000080	1.333853
10.453119	9.282591	4.924877	-0.000238	1.334378
10.671017	9.737514	4.929882	-0.000278	1.334972
11.212397	10.092995	4.934886	-0.000378	1.335512
11.338426	10.561083	4.939891	-0.000401	1.336103
12.086032	10.970923	4.944896	-0.000538	1.336749
13.686310	11.087543	4.949901	-0.000833	1.337216
13.553801	11.390578	4.954906	-0.000808	1.337554
13.259409	11.883686	4.959910	-0.000754	1.338088
13.458448	12.415806	4.964915	-0.000791	1.338770
13.928135	12.928321	4.969920	-0.000877	1.339482
15.075232	13.276628	4.974925	-0.001089	1.340135
15.522273	13.659192	4.979930	-0.001171	1.340685
15.806128	14.117517	4.984934	-0.001223	1.341294
15.805213	14.670626	4.989939	-0.001223	1.341959
16.134554	15.196207	4.994944	-0.001284	1.342657
16.786789	15.709989	4.999949	-0.001404	1.343406
17.284512	16.216911	5.004954	-0.001496	1.344115
18.405971	16.593541	5.009958	-0.001702	1.344793
18.933833	16.975456	5.014963	-0.001799	1.345358
19.238103	17.430076	5.019968	-0.001855	1.345964
19.339614	17.955360	5.024973	-0.001874	1.346613
19.829839	18.465016	5.029978	-0.001964	1.347322
20.498211	18.879724	5.034982	-0.002087	1.347953
20.768155	19.437587	5.039987	-0.002137	1.348675
21.872915	19.809161	5.044992	-0.002340	1.349342
23.284290	19.970730	5.049997	-0.002600	1.349819
23.406596	20.278874	5.055002	-0.002623	1.350211
23.409900	20.727834	5.060006	-0.002623	1.350748
23.469721	21.233488	5.065011	-0.002634	1.351363
24.004201	21.708814	5.070016	-0.002733	1.352037
25.194609	21.985099	5.075021	-0.002952	1.352606
25.484163	22.354533	5.080026	-0.003005	1.353104
25.655298	22.806449	5.085030	-0.003036	1.353677
25.947898	23.291970	5.090035	-0.003090	1.354313
26.488109	23.755164	5.095040	-0.003190	1.354973
26.938580	24.202405	5.100045	-0.003273	1.355595
27.391440	24.698457	5.105050	-0.003356	1.356276
27.789411	25.193417	5.110054	-0.003429	1.356943
28.007129	25.693412	5.115059	-0.003470	1.357581
28.681459	26.191012	5.120064	-0.003594	1.358306
29.595683	26.580798	5.125069	-0.003762	1.358952
30.072264	27.034455	5.130074	-0.003850	1.359585
30.206689	27.532049	5.135078	-0.003875	1.360201
30.354695	28.109790	5.140083	-0.003902	1.360915
31.029631	28.648136	5.145088	-0.004026	1.361687
31.359532	29.177323	5.150093	-0.004087	1.362379
31.832092	29.712216	5.155098	-0.004174	1.363106
32.825227	30.166659	5.160102	-0.004357	1.363841
33.486178	30.595762	5.165107	-0.004479	1.364479
34.090001	30.993125	5.170112	-0.004590	1.365069
34.248432	31.499144	5.175117	-0.004619	1.365698
34.827965	31.961111	5.180122	-0.004726	1.366358
35.824205	32.316830	5.185126	-0.004909	1.366975
36.302830	32.652828	5.190131	-0.004997	1.367466
36.864898	32.993877	5.195136	-0.005101	1.367979
37.166952	33.395155	5.200141	-0.005156	1.368512
37.469586	33.849002	5.205146	-0.005212	1.369106
37.646563	34.361214	5.210150	-0.005245	1.369744
37.819165	34.934519	5.215155	-0.005276	1.370452
38.483207	35.426120	5.220160	-0.005399	1.371162
38.902387	35.952072	5.225165	-0.005476	1.371862
39.493861	36.445236	5.230170	-0.005585	1.372558
40.260705	36.878772	5.235174	-0.005726	1.373219
40.887596	37.300755	5.240179	-0.005841	1.373838
41.645142	37.672539	5.245184	-0.005981	1.374423
42.557669	37.961110	5.250189	-0.006149	1.374941
42.972671	38.290120	5.255194	-0.006225	1.375408
43.543574	38.623696	5.260198	-0.006330	1.375911
44.787149	38.773698	5.265203	-0.006559	1.376332
46.817366	38.511380	5.270208	-0.006933	1.376424
47.498563	38.390876	5.275213	-0.007058	1.376417
47.748537	38.357009	5.280218	-0.007103	1.376426
47.963131	38.311898	5.285222	-0.007142	1.376415
47.945546	38.462706	5.290227	-0.007139	1.376588
48.186150	38.548390	5.295232	-0.007183	1.376735
48.360684	38.795865	5.300237	-0.007215	1.377059
48.495165	38.999326	5.305242	-0.007240	1.377323
48.540328	39.319099	5.310246	-0.007248	1.377706
48.716877	39.673857	5.315251	-0.007280	1.378155
49.099012	40.074815	5.320256	-0.007351	1.378699
49.216648	40.530308	5.325261	-0.007372	1.379254
49.407378	41.050538	5.330266	-0.007407	1.379899
49.598871	41.608200	5.335270	-0.007443	1.380588
50.009968	42.180217	5.340275	-0.007518	1.381336
50.579477	42.714461	5.345280	-0.007623	1.382070
51.324251	43.174078	5.350285	-0.007760	1.382752
52.175812	43.590203	5.355290	-0.007917	1.383403
53.340488	43.879485	5.360294	-0.008132	1.383968
54.162881	44.097378	5.365299	-0.008283	1.384382
54.450112	44.427692	5.370304	-0.008336	1.384823
54.887170	44.708680	5.375309	-0.008416	1.385235
54.942781	45.147391	5.380314	-0.008426	1.385756
55.401447	45.521793	5.385318	-0.008511	1.386280
55.722836	45.960261	5.390323	-0.008570	1.386852
56.099670	46.375653	5.395328	-0.008639	1.387408
56.790394	46.769582	5.400333	-0.008766	1.388000
57.414281	47.146323	5.405338	-0.008881	1.388559
57.661376	47.576449	5.410342	-0.008927	1.389106
58.146331	48.006263	5.415347	-0.009016	1.389699
58.442510	48.476752	5.420352	-0.009070	1.390301
58.982354	48.922327	5.425357	-0.009170	1.390923
59.727661	49.320321	5.430362	-0.009307	1.391528
60.315139	49.688421	5.435366	-0.009415	1.392068
60.804380	50.060795	5.440371	-0.009505	1.392594
61.357490	50.446378	5.445376	-0.009607	1.393147
62.517806	50.669779	5.450381	-0.009821	1.393631
63.372932	50.834514	5.455386	-0.009978	1.393987
63.953658	51.032288	5.460390	-0.010085	1.394328
64.365663	51.216036	5.465395	-0.010160	1.394619
64.882945	51.402038	5.470400	-0.010255	1.394934
65.334410	51.596584	5.475405	-0.010338	1.395246
65.518381	51.872308	5.480410	-0.010372	1.395600
66.008551	52.156912	5.485414	-0.010462	1.396023
66.389060	52.412283	5.490419	-0.010532	1.396391
66.633025	52.747345	5.495424	-0.010577	1.396825
67.269136	53.009160	5.500429	-0.010694	1.397249
67.964834	53.221702	5.505434	-0.010822	1.397629
68.492048	53.458543	5.510438	-0.010919	1.398003
68.624763	53.811775	5.515443	-0.010943	1.398436
69.051255	54.126013	5.520448	-0.011022	1.398880
69.489104	54.471145	5.525453	-0.011102	1.399362
69.951671	54.799672	5.530458	-0.011187	1.399829
70.524104	55.148173	5.535462	-0.011293	1.400340
71.818966	55.262926	5.540467	-0.011531	1.400722
72.976063	55.235162	5.545472	-0.011744	1.400912
73.932788	55.326958	5.550477	-0.011920	1.401202
74.987657	55.174263	5.555482	-0.012114	1.401230
75.445302	55.011483	5.560486	-0.012197	1.401130
75.930956	54.734336	5.565491	-0.012286	1.400905
76.327153	54.664805	5.570496	-0.012359	1.400901
76.557712	54.627257	5.575501	-0.012401	1.400902
76.727306	54.816581	5.580506	-0.012432	1.401152
76.779314	54.873055	5.585510	-0.012441	1.401227
77.062519	55.032654	5.590515	-0.012493	1.401464
77.515019	55.144889	5.595520	-0.012576	1.401680
77.783304	55.316842	5.600525	-0.012626	1.401929
78.003265	55.521937	5.605530	-0.012666	1.402207
78.127936	55.823371	5.610534	-0.012689	1.402577
78.731187	56.066270	5.615539	-0.012800	1.402972
78.822732	56.440614	5.620544	-0.012817	1.403419
79.309477	56.737678	5.625549	-0.012906	1.403853
79.796960	57.110128	5.630554	-0.012996	1.404374
79.996159	57.502764	5.635558	-0.013032	1.404862
80.793593	57.833410	5.640563	-0.013179	1.405394
81.368453	58.119405	5.645568	-0.013285	1.405832
81.775216	58.482758	5.650573	-0.013360	1.406326
82.424526	58.751914	5.655578	-0.013479	1.406759
82.748492	59.081306	5.660582	-0.013539	1.407198
83.276876	59.355837	5.665587	-0.013636	1.407613
83.604812	59.760266	5.670592	-0.013696	1.408138
84.052499	60.099079	5.675597	-0.013779	1.408611
84.654882	60.449810	5.680602	-0.013889	1.409127
85.211419	60.785039	5.685606	-0.013992	1.409616
85.883061	61.057963	5.690611	-0.014115	1.410057
86.168727	61.409481	5.695616	-0.014168	1.410512
86.692575	61.732311	5.700621	-0.014264	1.410981
87.449756	62.016479	5.705626	-0.014404	1.411450
88.066752	62.283226	5.710630	-0.014517	1.411871
88.410655	62.523155	5.715635	-0.014580	1.412211
88.631591	62.863156	5.720640	-0.014621	1.412640
89.032481	63.237779	5.725645	-0.014695	1.413143
89.335960	63.632851	5.730650	-0.014750	1.413651
89.639767	64.067918	5.735654	-0.014806	1.414204
90.217736	64.440139	5.740659	-0.014913	1.414738
90.584529	64.909492	5.745664	-0.014980	1.415342
91.117479	65.311055	5.750669	-0.015078	1.415900
91.590258	65.746233	5.755674	-0.015165	1.416485
92.031870	66.145649	5.760678	-0.015247	1.417022
92.673439	66.507937	5.765683	-0.015365	1.417556
92.949480	66.957433	5.770688	-0.015416	1.418118
93.356637	67.425614	5.775693	-0.015491	1.418727
93.965076	67.875347	5.780698	-0.015603	1.419353
94.584864	68.269211	5.785702	-0.015717	1.419917
94.998419	68.686642	5.790707	-0.015793	1.420468
95.518945	69.105655	5.795712	-0.015889	1.421042
95.815779	69.583667	5.800717	-0.015943	1.421639
96.201791	70.023691	5.805722	-0.016014	1.422210
96.548127	70.539243	5.810726	-0.016078	1.422859
97.094748	71.031775	5.815731	-0.016179	1.423520
97.631159	71.511666	5.820736	-0.016278	1.424164
98.173327	71.970149	5.825741	-0.016377	1.424784
98.795511	72.423239	5.830746	-0.016492	1.425413
99.372996	72.860842	5.835750	-0.016598	1.426016
99.964601	73.267005	5.840755	-0.016707	1.426586
100.547250	73.615392	5.845760	-0.016815	1.427089
101.321668	73.946694	5.850765	-0.016957	1.427609
101.743318	74.305313	5.855770	-0.017035	1.428092
102.385377	74.649120	5.860774	-0.017153	1.428601
102.770559	74.993092	5.865779	-0.017224	1.429060
103.209097	75.376096	5.870784	-0.017304	1.429574
103.559884	75.761323	5.875789	-0.017369	1.430074
104.058015	76.140531	5.880794	-0.017461	1.430594
104.573436	76.550603	5.885798	-0.017555	1.431152
104.910885	76.975630	5.890803	-0.017618	1.431693
105.303263	77.375561	5.895808	-0.017690	1.432216
105.666020	77.829374	5.900813	-0.017757	1.432794
106.288678	78.240534	5.905818	-0.017871	1.433373
106.485516	78.769908	5.910822	-0.017907	1.434004
106.846814	79.261628	5.915827	-0.017974	1.434623
107.203759	79.822786	5.920832	-0.018040	1.435319
107.557263	80.383297	5.925837	-0.018105	1.436014
108.083317	80.899140	5.930842	-0.018202	1.436690
108.509140	81.439127	5.935846	-0.018280	1.437375
109.043824	81.989263	5.940851	-0.018379	1.438090
109.419682	82.573505	5.945856	-0.018448	1.438814
109.399091	83.276895	5.950861	-0.018444	1.439597
110.082376	83.903377	5.955866	-0.018570	1.440425
110.671994	84.530849	5.960870	-0.018679	1.441235
111.038663	85.124096	5.965875	-0.018747	1.441966
111.606780	85.743515	5.970880	-0.018851	1.442763
111.861498	86.424325	5.975885	-0.018898	1.443569
112.148194	87.153711	5.980890	-0.018951	1.444436
112.441496	87.905593	5.985894	-0.019006	1.445327
113.280392	88.569761	5.990899	-0.019160	1.446223
113.558181	89.268142	5.995904	-0.019211	1.447051
113.923477	90.005010	6.000909	-0.019279	1.447938
114.595623	90.721407	6.005914	-0.019403	1.448858
115.000980	91.434487	6.010918	-0.019478	1.449725
115.256765	92.221094	6.015923	-0.019525	1.450646
115.773761	92.993400	6.020928	-0.019620	1.451598
116.397480	93.693985	6.025933	-0.019735	1.452489
117.195634	94.365022	6.030938	-0.019883	1.453380
117.523198	95.107824	6.035942	-0.019943	1.454262
117.947437	95.832046	6.040947	-0.020021	1.455142
118.253193	96.609971	6.045952	-0.020078	1.456058
118.613136	97.399886	6.050957	-0.020144	1.456997
119.070720	98.186395	6.055962	-0.020229	1.457949
119.378818	99.031494	6.060966	-0.020286	1.458938
120.029355	99.814508	6.065971	-0.020406	1.459921
120.593194	100.610604	6.070976	-0.020510	1.460902
120.763885	101.444862	6.075981	-0.020541	1.461852
121.120717	102.301465	6.080986	-0.020607	1.462860
121.595678	103.187173	6.085990	-0.020695	1.463921
122.129342	104.058570	6.090995	-0.020794	1.464976
122.348388	104.986605	6.096000	-0.020834	1.466035
122.832788	105.872746	6.101005	-0.020924	1.467095
123.517798	106.737614	6.106010	-0.021050	1.468169
124.234449	107.570888	6.111014	-0.021182	1.469212
124.792438	108.392050	6.116019	-0.021285	1.470213
125.306845	109.229525	6.121024	-0.021380	1.471222
125.484254	110.082726	6.126029	-0.021413	1.472187
125.915340	111.007490	6.131034	-0.021493	1.473276
126.428865	111.902711	6.136038	-0.021588	1.474347
127.006616	112.766808	6.141043	-0.021694	1.475394
127.548983	113.631765	6.146048	-0.021795	1.476435
127.928143	114.476396	6.151053	-0.021865	1.477424
128.490928	115.367564	6.156058	-0.021969	1.478496
129.368110	116.156273	6.161062	-0.022130	1.479512
130.102757	116.902137	6.166067	-0.022266	1.480456
130.735125	117.626203	6.171072	-0.022382	1.481357
131.594377	118.248258	6.176077	-0.022541	1.482187
131.869236	118.958785	6.181082	-0.022592	1.483007
132.157854	119.724455	6.186086	-0.022645	1.483890
132.115400	120.593710	6.191091	-0.022637	1.484824
132.553808	121.473731	6.196096	-0.022718	1.485856
132.970284	122.291872	6.201101	-0.022795	1.486816
133.274559	123.223331	6.206106	-0.022852	1.487879
133.835696	124.119797	6.211110	-0.022955	1.488948
134.328050	125.003552	6.216115	-0.023046	1.489991
134.712771	125.940871	6.221120	-0.023117	1.491071
135.036173	126.851906	6.226125	-0.023177	1.492112
135.505567	127.820813	6.231130	-0.023264	1.493240
135.943884	128.782349	6.236134	-0.023345	1.494354
136.240877	129.802502	6.241139	-0.023400	1.495504
136.953657	130.728107	6.246144	-0.023532	1.496627
137.604147	131.620830	6.251149	-0.023652	1.497702
138.335343	132.517203	6.256154	-0.023787	1.498794
138.830830	133.387511	6.261158	-0.023878	1.499816
139.309868	134.280871	6.266163	-0.023967	1.500859
139.888510	135.129131	6.271168	-0.024073	1.501871
140.163597	136.032002	6.276173	-0.024124	1.502886
140.551492	136.981762	6.281178	-0.024196	1.503971
140.996602	137.928049	6.286182	-0.024278	1.505062
141.569074	138.846688	6.291187	-0.024384	1.506144
142.155364	139.718751	6.296192	-0.024492	1.507179
142.648093	140.623682	6.301197	-0.024583	1.508231
143.354222	141.490615	6.306202	-0.024714	1.509280
144.044900	142.323745	6.311206	-0.024841	1.510290
144.331318	143.186926	6.316211	-0.024894	1.511259
144.854487	144.025156	6.321216	-0.024991	1.512243
145.473257	144.879165	6.326221	-0.025105	1.513260
145.911621	145.737987	6.331226	-0.025186	1.514249
146.353506	146.604792	6.336230	-0.025267	1.515247
146.875484	147.431763	6.341235	-0.025364	1.516216
147.320886	148.277748	6.346240	-0.025446	1.517191
147.770136	149.166133	6.351245	-0.025529	1.518211
148.863499	149.883930	6.356250	-0.025731	1.519163
149.589833	150.610077	6.361254	-0.025865	1.520059
149.736367	151.395729	6.366259	-0.025892	1.520915
150.324746	152.127539	6.371264	-0.026000	1.521791
150.651892	152.931703	6.376269	-0.026061	1.522698
150.974066	153.771366	6.381274	-0.026120	1.523641
151.462782	154.605666	6.386278	-0.026211	1.524606
151.805598	155.471637	6.391283	-0.026274	1.525579
152.329728	156.278025	6.396288	-0.026371	1.526520
152.461356	157.229590	6.401293	-0.026395	1.527545
152.881326	158.167108	6.406298	-0.026473	1.528605
153.487515	159.088387	6.411302	-0.026585	1.529679
154.106131	159.985182	6.416307	-0.026699	1.530728
154.759977	160.805813	6.421312	-0.026820	1.531704
155.034538	161.707542	6.426317	-0.026870	1.532698
155.573446	162.610607	6.431322	-0.026970	1.533738
155.763534	163.599360	6.436326	-0.027005	1.534807
156.288190	164.529733	6.441331	-0.027102	1.535872
157.203396	165.353566	6.446336	-0.027271	1.536892
157.802660	166.181562	6.451341	-0.027382	1.537862
158.511475	166.978648	6.456346	-0.027512	1.538817
159.010258	167.775114	6.461350	-0.027604	1.539735
159.320427	168.624321	6.466355	-0.027662	1.540675
159.864687	169.430091	6.471360	-0.027762	1.541609
160.661353	170.187759	6.476365	-0.027909	1.542536
161.998748	170.755100	6.481370	-0.028156	1.543357
162.594869	171.309945	6.486374	-0.028265	1.544037
163.201667	171.863332	6.491379	-0.028377	1.544717
163.718456	172.448515	6.496384	-0.028472	1.545415
163.904187	173.066230	6.501389	-0.028507	1.546089
164.340838	173.662840	6.506394	-0.028587	1.546784
164.794616	174.302605	6.511398	-0.028671	1.547526
166.043289	174.752508	6.516403	-0.028901	1.548207
167.691354	174.978144	6.521408	-0.029204	1.548723
168.630567	175.096115	6.526413	-0.029377	1.549006
169.268586	175.223020	6.531418	-0.029494	1.549247
169.664247	175.439544	6.536422	-0.029567	1.549539
169.753572	175.662067	6.541427	-0.029583	1.549785
170.097044	175.942825	6.546432	-0.029646	1.550134
170.052563	176.381512	6.551437	-0.029638	1.550581
170.234175	176.787742	6.556442	-0.029672	1.551033
170.736350	177.215852	6.561446	-0.029764	1.551562
170.933348	177.718678	6.566451	-0.029800	1.552117
171.130329	178.282301	6.571456	-0.029837	1.552734
171.087545	178.976593	6.576461	-0.029829	1.553445
171.474798	179.649566	6.581466	-0.029900	1.554207
171.793047	180.382886	6.586470	-0.029959	1.555019
171.873960	181.175040	6.591475	-0.029974	1.555852
172.259624	181.944658	6.596480	-0.030045	1.556712
172.426743	182.843124	6.601485	-0.030076	1.557668
172.619154	183.796867	6.606490	-0.030112	1.558684
172.949335	184.774925	6.611494	-0.030173	1.559749
173.197106	185.788780	6.616499	-0.030219	1.560835
173.503372	186.830456	6.621504	-0.030276	1.561959
173.682530	187.958339	6.626509	-0.030309	1.563150
173.972207	189.129081	6.631514	-0.030363	1.564402
174.274611	190.332923	6.636518	-0.030419	1.565690
174.541860	191.532487	6.641523	-0.030469	1.566966
175.004903	192.808391	6.646528	-0.030555	1.568352
175.416106	194.061880	6.651533	-0.030631	1.569706
175.787074	195.343431	6.656538	-0.030700	1.571080
176.192126	196.658137	6.661542	-0.030775	1.572492
176.791082	197.929264	6.666547	-0.030886	1.573892
177.337534	199.227092	6.671552	-0.030987	1.575308
177.792454	200.437590	6.676557	-0.031071	1.576619
178.149948	201.773351	6.681562	-0.031138	1.578040
178.839537	203.030874	6.686566	-0.031265	1.579435
179.546450	204.246435	6.691571	-0.031396	1.580790
180.202997	205.427044	6.696576	-0.031517	1.582099
180.878621	206.568264	6.701581	-0.031642	1.583371
181.195839	207.791327	6.706586	-0.031701	1.584665
181.859513	208.926589	6.711590	-0.031824	1.585926
182.491072	210.033618	6.716595	-0.031941	1.587152
183.257024	211.112791	6.721600	-0.032082	1.588372
183.804314	212.167960	6.726605	-0.032183	1.589530
184.517472	213.199117	6.731610	-0.032315	1.590690
185.282873	214.146992	6.736614	-0.032456	1.591774
185.833281	215.115087	6.741619	-0.032558	1.592842
186.548339	216.010655	6.746624	-0.032690	1.593863
187.132007	216.912321	6.751629	-0.032798	1.594868
187.653189	217.780861	6.756634	-0.032894	1.595829
188.018865	218.686013	6.761638	-0.032961	1.596801
188.543410	219.595386	6.766643	-0.033058	1.597802
189.103911	220.495481	6.771648	-0.033162	1.598799
189.784846	221.361428	6.776653	-0.033287	1.599781
190.383529	222.181924	6.781658	-0.033398	1.600703
190.717593	223.032600	6.786662	-0.033460	1.601612
191.220819	223.912460	6.791667	-0.033553	1.602577
191.495925	224.839597	6.796672	-0.033604	1.603551
191.863336	225.815193	6.801677	-0.033672	1.604589
192.194625	226.753719	6.806682	-0.033733	1.605582
192.835105	227.668510	6.811686	-0.033851	1.606602
193.253906	228.651621	6.816691	-0.033929	1.607654
193.449280	229.669634	6.821696	-0.033965	1.608703
193.811259	230.753819	6.826701	-0.034032	1.609844
194.091760	231.798170	6.831706	-0.034084	1.610932
194.562817	232.913430	6.836710	-0.034171	1.612120
194.894035	234.068589	6.841715	-0.034233	1.613325
195.332511	235.208081	6.846720	-0.034314	1.614531
195.655616	236.391992	6.851725	-0.034374	1.615761
196.017943	237.567940	6.856730	-0.034441	1.616989
196.483540	238.788339	6.861734	-0.034527	1.618277
196.798312	240.044023	6.866739	-0.034586	1.619574
197.186718	241.303549	6.871744	-0.034658	1.620886
197.783413	242.529218	6.876749	-0.034768	1.622197
198.340685	243.759429	6.881754	-0.034871	1.623505
198.778730	245.031027	6.886758	-0.034952	1.624833
199.165197	246.247715	6.891763	-0.035024	1.626098
199.606552	247.538040	6.896768	-0.035106	1.627443
200.087603	248.806271	6.901773	-0.035195	1.628772
200.536443	250.117778	6.906778	-0.035278	1.630138
200.885842	251.414036	6.911782	-0.035343	1.631471
201.343960	252.745408	6.916787	-0.035428	1.632855
201.549669	254.177407	6.921792	-0.035467	1.634296
201.965761	255.545122	6.926797	-0.035544	1.635706
202.540621	256.900798	6.931802	-0.035650	1.637129
203.149321	258.291098	6.936806	-0.035763	1.638590
203.461863	259.693079	6.941811	-0.035821	1.640014
203.877736	261.096259	6.946816	-0.035898	1.641454
204.564307	262.479829	6.951821	-0.036025	1.642917
205.055655	263.853417	6.956826	-0.036116	1.644338
205.857244	265.150780	6.961830	-0.036265	1.645732
206.389382	266.433396	6.966835	-0.036363	1.647068
206.942684	267.737413	6.971840	-0.036465	1.648427
207.196094	269.126817	6.976845	-0.036513	1.649820
207.743886	270.424009	6.981850	-0.036614	1.651170
208.197401	271.790842	6.986854	-0.036698	1.652570
208.609629	273.154226	6.991859	-0.036775	1.653960
209.003827	274.542194	6.996864	-0.036848	1.655370
209.410483	275.919901	7.001869	-0.036923	1.656770
209.989737	277.309319	7.006874	-0.037031	1.658208
210.748300	278.667224	7.011878	-0.037171	1.659642
211.803546	279.799771	7.016883	-0.037366	1.660903
213.047993	280.844338	7.021888	-0.037595	1.662108
213.953617	281.807994	7.026893	-0.037762	1.663181
214.505928	282.777206	7.031898	-0.037865	1.664203
215.094106	283.691432	7.036902	-0.037973	1.665178
215.279405	284.664373	7.041907	-0.038008	1.666145
215.840567	285.691129	7.046912	-0.038111	1.667222
216.450072	286.651616	7.051917	-0.038224	1.668242
216.758742	287.661258	7.056922	-0.038281	1.669262
217.237931	288.679450	7.061926	-0.038370	1.670316
217.839071	289.635374	7.066931	-0.038481	1.671328
218.351763	290.641735	7.071936	-0.038575	1.672375
218.856069	291.615685	7.076941	-0.038669	1.673388
219.081465	292.684655	7.081946	-0.038711	1.674448
219.447197	293.685670	7.086950	-0.038778	1.675465
219.666874	294.820833	7.091955	-0.038819	1.676587
220.244451	295.938255	7.096960	-0.038926	1.677746
220.685688	297.053505	7.101965	-0.039008	1.678882
220.777870	298.268737	7.106970	-0.039025	1.680058
221.180786	299.484345	7.111974	-0.039100	1.681282
221.563162	300.723202	7.116979	-0.039171	1.682524
221.923564	302.015856	7.121984	-0.039238	1.683813
222.206258	303.336556	7.126989	-0.039290	1.685115
222.665559	304.621879	7.131994	-0.039375	1.686410
224.978782	305.604508	7.136998	-0.039802	1.687702
228.958947	305.581302	7.142003	-0.040534	1.688292
230.215297	305.705259	7.147008	-0.040766	1.688603
230.611476	305.635214	7.152013	-0.040838	1.688597
230.910121	305.779902	7.157018	-0.040893	1.688781
231.118705	305.900438	7.162022	-0.040931	1.688927
231.445374	306.155248	7.167027	-0.040991	1.689219
231.737509	306.391394	7.172032	-0.041045	1.689488
231.811060	306.711734	7.177037	-0.041058	1.689804
231.905590	307.123380	7.182042	-0.041076	1.690209
232.109126	307.575185	7.187046	-0.041113	1.690669
232.382242	308.102511	7.192051	-0.041163	1.691212
232.602390	308.700923	7.197056	-0.041204	1.691814
232.588498	309.406512	7.202061	-0.041202	1.692481
232.886116	310.136408	7.207066	-0.041257	1.693218
233.067089	310.948581	7.212070	-0.041290	1.694016
233.322317	311.783423	7.217075	-0.041337	1.694846
233.474385	312.673292	7.222080	-0.041366	1.695712
233.718615	313.670131	7.227085	-0.041411	1.696693
233.793539	314.734382	7.232090	-0.041425	1.697711
234.069032	315.842679	7.237094	-0.041476	1.698800
234.138180	317.030341	7.242099	-0.041489	1.699933
234.478070	318.271324	7.247104	-0.041552	1.701156
234.641897	319.573134	7.252109	-0.041583	1.702409
234.801948	320.961010	7.257114	-0.041613	1.703742
234.987436	322.393304	7.262118	-0.041648	1.705119
235.269692	323.862769	7.267123	-0.041701	1.706545
235.715776	325.364370	7.272128	-0.041783	1.708025
235.857860	326.952305	7.277133	-0.041810	1.709538
236.228898	328.522714	7.282138	-0.041879	1.711068
236.514798	330.173271	7.287142	-0.041933	1.712659
236.680070	331.913037	7.292147	-0.041964	1.714314
237.157850	333.597648	7.297152	-0.042053	1.715963
237.638107	335.307801	7.302157	-0.042142	1.717635
237.962203	337.090189	7.307162	-0.042203	1.719349
238.547858	338.793987	7.312166	-0.042311	1.721027
239.003806	340.555643	7.317171	-0.042396	1.722738
239.473882	342.306321	7.322176	-0.042484	1.724439
239.870748	344.074983	7.327181	-0.042557	1.726144
240.448986	345.823864	7.332186	-0.042665	1.727856
241.056044	347.570990	7.337190	-0.042777	1.729569
241.586035	349.288787	7.342195	-0.042876	1.731241
242.191425	350.998436	7.347200	-0.042988	1.732916
242.822393	352.679793	7.352205	-0.043105	1.734567
243.347914	354.307082	7.357210	-0.043203	1.736150
243.876104	355.972885	7.362214	-0.043301	1.737768
244.282941	357.671184	7.367219	-0.043376	1.739396
244.870071	359.295316	7.372224	-0.043485	1.740981
245.305986	361.015826	7.377229	-0.043566	1.742631
245.788640	362.692569	7.382234	-0.043656	1.744246
246.182957	364.351877	7.387238	-0.043729	1.745831
246.703462	366.048945	7.392243	-0.043826	1.747467
247.367574	367.741012	7.397248	-0.043949	1.749118
247.691679	369.431814	7.402253	-0.044010	1.750717
248.173984	371.139421	7.407258	-0.044099	1.752352
248.676124	372.862439	7.412262	-0.044193	1.754003
249.040666	374.538736	7.417267	-0.044261	1.755590
249.489568	376.285989	7.422272	-0.044344	1.757252
250.006052	378.055989	7.427277	-0.044440	1.758943
250.507112	379.762480	7.432282	-0.044533	1.760573
250.934525	381.542608	7.437286	-0.044613	1.762257
251.479417	383.285148	7.442291	-0.044714	1.763923
252.325072	384.902000	7.447296	-0.044870	1.765516
252.940764	386.567258	7.452301	-0.044985	1.767119
253.667363	388.166365	7.457306	-0.045119	1.768676
254.199628	389.714272	7.462310	-0.045218	1.770157
254.648762	391.329772	7.467315	-0.045301	1.771686
255.262811	392.913501	7.472320	-0.045415	1.773209
255.565179	394.520913	7.477325	-0.045472	1.774707
256.099447	396.123615	7.482330	-0.045571	1.776232
256.435238	397.789942	7.487334	-0.045633	1.777786
256.780509	399.456630	7.492339	-0.045698	1.779339
257.324523	401.096404	7.497344	-0.045799	1.780896
257.725914	402.799330	7.502349	-0.045873	1.782487
258.169203	404.494055	7.507354	-0.045956	1.784076
258.400251	406.213481	7.512358	-0.045999	1.785655
258.797951	408.030627	7.517363	-0.046073	1.787344
259.183680	409.840530	7.522368	-0.046145	1.789023
259.590096	411.641780	7.527373	-0.046221	1.790696
259.985822	413.500209	7.532378	-0.046295	1.792417
260.517180	415.339775	7.537382	-0.046393	1.794139
260.839225	417.177372	7.542387	-0.046454	1.795827
261.172262	419.118532	7.547392	-0.046516	1.797608
261.578924	421.044022	7.552397	-0.046592	1.799384
261.929648	423.023167	7.557402	-0.046657	1.801198
262.340915	425.038779	7.562406	-0.046734	1.803050
262.708903	427.026232	7.567411	-0.046803	1.804870
263.093073	429.080168	7.572416	-0.046875	1.806750
263.365456	431.209536	7.577421	-0.046926	1.808678
263.781943	433.305658	7.582426	-0.047004	1.810595
264.391068	435.423923	7.587430	-0.047117	1.812557
264.790776	437.524608	7.592435	-0.047192	1.814472
265.331680	439.613317	7.597440	-0.047292	1.816394
265.843134	441.739480	7.602445	-0.047387	1.818343
266.125516	443.849524	7.607450	-0.047441	1.820243
266.689374	446.036657	7.612454	-0.047546	1.822248
266.946118	448.229285	7.617459	-0.047594	1.824214
267.560596	450.361216	7.622464	-0.047708	1.826173
267.819247	452.635248	7.627469	-0.047757	1.828206
268.286047	454.836871	7.632474	-0.047844	1.830202
268.957822	457.061307	7.637478	-0.047969	1.832244
269.133185	459.305829	7.642483	-0.048002	1.834233
269.867172	461.506717	7.647488	-0.048139	1.836258
270.133272	463.801289	7.652493	-0.048189	1.838299
270.711437	466.023496	7.657498	-0.048297	1.840317
271.142780	468.328347	7.662502	-0.048377	1.842384
271.509331	470.607212	7.667507	-0.048446	1.844418
272.106888	472.879837	7.672512	-0.048557	1.846476
272.462522	475.212820	7.677517	-0.048624	1.848550
273.061303	477.498583	7.682522	-0.048735	1.850615
273.657691	479.787262	7.687526	-0.048846	1.852679
274.186981	482.021038	7.692531	-0.048945	1.854685
274.801589	484.265044	7.697536	-0.049059	1.856708
275.358270	486.489516	7.702541	-0.049163	1.858705
275.861852	488.684350	7.707546	-0.049257	1.860667
276.668329	490.853622	7.712550	-0.049406	1.862645
276.975700	493.018823	7.717555	-0.049464	1.864551
277.665795	495.177941	7.722560	-0.049592	1.866501
278.046652	497.374037	7.727565	-0.049664	1.868439
278.264250	499.612421	7.732570	-0.049705	1.870389
279.171706	501.766801	7.737574	-0.049873	1.872358
279.739758	503.862210	7.742579	-0.049979	1.874228
280.286173	505.979871	7.747584	-0.050080	1.876113
280.772471	508.142335	7.752589	-0.050171	1.878026
281.263950	510.240819	7.757594	-0.050263	1.879884
281.760975	512.395565	7.762598	-0.050355	1.881788
282.402368	514.487950	7.767603	-0.050475	1.883656
283.083711	516.531705	7.772608	-0.050601	1.885487
283.777388	518.540593	7.777613	-0.050730	1.887287
284.033071	520.585050	7.782618	-0.050778	1.889058
284.656526	522.635393	7.787622	-0.050894	1.890881
285.090824	524.705395	7.792627	-0.050975	1.892693
285.496264	526.721169	7.797632	-0.051050	1.894455
286.064900	528.815925	7.802637	-0.051156	1.896303
286.645338	530.854114	7.807642	-0.051264	1.898102
287.201314	532.845327	7.812646	-0.051368	1.899858
287.598072	534.918988	7.817651	-0.051442	1.901660
288.064831	536.961325	7.822656	-0.051529	1.903443
288.442553	539.026310	7.827661	-0.051599	1.905231
288.798185	541.174183	7.832666	-0.051666	1.907085
289.561278	543.233508	7.837670	-0.051807	1.908917
290.061370	545.278130	7.842675	-0.051901	1.910699
290.433523	547.389842	7.847680	-0.051970	1.912519
290.721169	549.472153	7.852685	-0.052024	1.914302
291.174415	551.635022	7.857690	-0.052109	1.916172
291.735641	553.787906	7.862694	-0.052213	1.918046
292.064760	555.943982	7.867699	-0.052275	1.919891
292.568208	558.131846	7.872704	-0.052369	1.921783
293.098712	560.285184	7.877709	-0.052468	1.923648
293.206650	562.537075	7.882714	-0.052489	1.925538
293.802520	564.829879	7.887718	-0.052600	1.927524
294.348955	567.016093	7.892723	-0.052701	1.929413
294.739632	569.287910	7.897728	-0.052774	1.931350
295.358090	571.506643	7.902733	-0.052889	1.933272
295.842178	573.672580	7.907738	-0.052980	1.935130
296.354529	575.940775	7.912742	-0.053075	1.937074
297.002759	578.091307	7.917747	-0.053196	1.938937
297.791104	580.213933	7.922752	-0.053342	1.940793
298.272870	582.347742	7.927757	-0.053432	1.942617
298.871767	584.407709	7.932762	-0.053543	1.944393
299.804146	586.420466	7.937766	-0.053716	1.946171
300.489578	588.357255	7.942771	-0.053843	1.947854
301.140212	590.242254	7.947776	-0.053964	1.949488
301.831904	592.131709	7.952781	-0.054092	1.951130
302.406729	593.968824	7.957786	-0.054199	1.952712
303.029252	595.753140	7.962790	-0.054314	1.954255
303.557467	597.560687	7.967795	-0.054413	1.955805
304.045817	599.370629	7.972800	-0.054503	1.957350
304.633795	601.113612	7.977805	-0.054613	1.958852
304.825549	602.994750	7.982810	-0.054649	1.960415
305.423941	604.847376	7.987814	-0.054760	1.962005
305.783095	606.690565	7.992819	-0.054827	1.963556
306.162881	608.592737	7.997824	-0.054898	1.965156
306.596969	610.513588	8.002829	-0.054979	1.966777
306.737030	612.483224	8.007834	-0.055005	1.968400
307.198939	614.533928	8.012838	-0.055092	1.970127
307.850555	616.507420	8.017843	-0.055213	1.971814
308.097448	618.513912	8.022848	-0.055259	1.973476
308.481026	620.570799	8.027853	-0.055331	1.975194
308.674549	622.750223	8.032858	-0.055367	1.976986
309.250250	624.831878	8.037862	-0.055474	1.978746
309.651250	626.971469	8.042867	-0.055549	1.980528
310.049634	629.168498	8.047872	-0.055624	1.982355
310.530839	631.311180	8.052877	-0.055714	1.984147
310.906699	633.512222	8.057882	-0.055784	1.985971
311.411835	635.731794	8.062886	-0.055878	1.987825
311.950754	637.916566	8.067891	-0.055979	1.989653
312.244613	640.165166	8.072896	-0.056034	1.991500
312.819116	642.367559	8.077901	-0.056141	1.993343
313.178185	644.613140	8.082906	-0.056208	1.995192
313.825903	646.862847	8.087910	-0.056328	1.997079
314.335257	649.035924	8.092915	-0.056423	1.998885
314.778310	651.294566	8.097920	-0.056506	2.000750
315.177938	653.573621	8.102925	-0.056581	2.002624
315.692613	655.784282	8.107930	-0.056677	2.004456
316.122706	658.090418	8.112934	-0.056757	2.006352
316.647293	660.350850	8.117939	-0.056855	2.008221
317.147773	662.613505	8.122944	-0.056948	2.010088
317.706303	664.906094	8.127949	-0.057052	2.011983
318.004976	667.141315	8.132954	-0.057109	2.013800
318.673798	669.436356	8.137958	-0.057233	2.015707
319.133459	671.708899	8.142963	-0.057319	2.017569
319.388143	674.004133	8.147968	-0.057367	2.019422
320.032848	676.341045	8.152973	-0.057487	2.021355
320.495490	678.594805	8.157978	-0.057573	2.023197
320.944348	680.918721	8.162982	-0.057657	2.025091
321.465595	683.262047	8.167987	-0.057754	2.027008
321.960103	685.543250	8.172992	-0.057847	2.028871
322.635350	687.841081	8.177997	-0.057972	2.030767
323.105195	690.065209	8.183002	-0.058060	2.032578
323.762474	692.292230	8.188006	-0.058182	2.034412
324.463566	694.494078	8.193011	-0.058312	2.036230
325.065618	696.620321	8.198016	-0.058424	2.037975
325.635985	698.764300	8.203021	-0.058530	2.039729
326.292176	700.880810	8.208026	-0.058652	2.041470
326.801474	702.943136	8.213030	-0.058747	2.043149
327.458591	705.007762	8.218035	-0.058869	2.044846
327.974682	707.073683	8.223040	-0.058965	2.046526
328.569806	709.063091	8.228045	-0.059076	2.048154
329.092153	711.105065	8.233050	-0.059173	2.049813
329.481065	713.173589	8.238054	-0.059246	2.051476
330.039711	715.143945	8.243059	-0.059350	2.053081
330.441239	717.209407	8.248064	-0.059425	2.054740
331.174696	719.239576	8.253069	-0.059561	2.056409
331.759436	721.162924	8.258074	-0.059669	2.057977
332.408998	723.096024	8.263078	-0.059790	2.059558
332.974721	725.019835	8.268083	-0.059895	2.061121
333.366843	726.930896	8.273088	-0.059968	2.062653
333.992062	728.842914	8.278093	-0.060084	2.064211
334.419633	730.757037	8.283098	-0.060164	2.065747
334.995463	732.683715	8.288102	-0.060271	2.067308
335.460532	734.561312	8.293107	-0.060358	2.068818
336.047363	736.470038	8.298112	-0.060467	2.070364
336.554962	738.362492	8.303117	-0.060561	2.071888
337.156549	740.158704	8.308122	-0.060673	2.073347
337.803176	742.015950	8.313126	-0.060793	2.074857
338.321226	743.837180	8.318131	-0.060889	2.076324
338.819869	745.604846	8.323136	-0.060982	2.077746
339.369748	747.441590	8.328141	-0.061084	2.079226
340.009362	749.178729	8.333146	-0.061202	2.080638
340.700825	750.924705	8.338150	-0.061331	2.082063
341.661066	752.446435	8.343155	-0.061508	2.083345
342.277306	754.017239	8.348160	-0.061622	2.084625
343.059558	755.508819	8.353165	-0.061767	2.085861
343.573101	756.989525	8.358170	-0.061862	2.087058
344.208511	758.398128	8.363174	-0.061980	2.088213
344.878769	759.814939	8.368179	-0.062104	2.089377
345.196385	761.253136	8.373184	-0.062163	2.090516
345.865748	762.675910	8.378189	-0.062287	2.091684
346.184375	764.075673	8.383194	-0.062346	2.092792
346.677112	765.546548	8.388198	-0.062438	2.093974
347.131141	766.969681	8.393203	-0.062522	2.095115
347.432357	768.484434	8.398208	-0.062578	2.096308
347.831419	769.986292	8.403213	-0.062652	2.097501
348.312026	771.494507	8.408218	-0.062741	2.098708
348.608387	773.093167	8.413222	-0.062797	2.099962
349.179793	774.671048	8.418227	-0.062903	2.101230
349.501070	776.218991	8.423232	-0.062963	2.102447
350.027837	777.816126	8.428237	-0.063060	2.103724
350.394125	779.463420	8.433242	-0.063129	2.105020
350.766804	781.137920	8.438246	-0.063198	2.106336
351.534149	782.702697	8.443251	-0.063340	2.107614
352.426959	784.196551	8.448256	-0.063505	2.108851
353.091288	785.649456	8.453261	-0.063628	2.110030
353.964217	786.992732	8.458266	-0.063789	2.111149
354.971840	788.163942	8.463270	-0.063975	2.112153
355.838819	789.237213	8.468275	-0.064136	2.113066
356.586247	790.282744	8.473280	-0.064274	2.113943
357.354676	791.216989	8.478285	-0.064415	2.114738
357.692701	792.241813	8.483290	-0.064478	2.115553
358.331698	793.223690	8.488294	-0.064596	2.116369
358.738208	794.196530	8.493299	-0.064671	2.117151
359.192632	795.144990	8.498304	-0.064755	2.117920
359.548345	796.170694	8.503309	-0.064821	2.118736
360.243897	797.207744	8.508314	-0.064950	2.119598
360.587837	798.185479	8.513318	-0.065013	2.120376
361.267389	799.208929	8.518323	-0.065139	2.121226
361.606573	800.183659	8.523328	-0.065202	2.122000
361.956612	801.174111	8.528333	-0.065266	2.122787
362.532846	802.214911	8.533338	-0.065373	2.123637
362.802816	803.305050	8.538342	-0.065423	2.124490
363.283376	804.395409	8.543347	-0.065512	2.125366
363.562350	805.537792	8.548352	-0.065564	2.126258
363.782478	806.732271	8.553357	-0.065605	2.127182
364.062968	807.983969	8.558362	-0.065657	2.128155
364.372706	809.321746	8.563367	-0.065714	2.129196
364.741603	810.705099	8.568371	-0.065783	2.130278
365.009376	812.114403	8.573376	-0.065833	2.131367
365.410430	813.518332	8.578381	-0.065907	2.132467
365.695236	814.993160	8.583386	-0.065960	2.133606
366.214795	816.479910	8.588391	-0.066057	2.134780
366.392603	818.098093	8.593395	-0.066090	2.136013
366.684850	819.684401	8.598400	-0.066145	2.137234
366.883282	821.393557	8.603405	-0.066182	2.138537
367.171117	823.155230	8.608410	-0.066236	2.139887
367.632709	824.975460	8.613415	-0.066322	2.141300
367.759563	826.742184	8.618419	-0.066346	2.142635
368.321513	828.632607	8.623424	-0.066450	2.144110
368.583463	830.560904	8.628429	-0.066500	2.145579
368.856483	832.518843	8.633434	-0.066551	2.147070
369.233583	834.520812	8.638439	-0.066621	2.148604
369.621974	836.594288	8.643443	-0.066694	2.150192
370.081672	838.611266	8.648448	-0.066780	2.151744
370.433608	840.674080	8.653453	-0.066845	2.153317
370.815443	842.788830	8.658458	-0.066917	2.154931
371.256295	844.936982	8.663463	-0.066999	2.156576
371.616142	847.113097	8.668467	-0.067066	2.158230
372.162324	849.251683	8.673472	-0.067168	2.159877
372.712679	851.415417	8.678477	-0.067271	2.161541
373.322061	853.498699	8.683482	-0.067384	2.163150
373.773562	855.630915	8.688487	-0.067468	2.164777
374.254655	857.790188	8.693491	-0.067558	2.166427
375.016919	859.829471	8.698496	-0.067699	2.168017
375.759187	861.824945	8.703501	-0.067837	2.169572
376.678631	863.744078	8.708506	-0.068007	2.171088
378.179038	865.296606	8.713511	-0.068284	2.172398
379.401579	866.710153	8.718515	-0.068510	2.173573
380.437650	867.969464	8.723520	-0.068701	2.174614
381.434918	869.103759	8.728525	-0.068886	2.175558
382.597273	870.069052	8.733530	-0.069100	2.176396
383.710501	870.760193	8.738535	-0.069305	2.177026
384.557024	871.413050	8.743539	-0.069461	2.177598
385.022583	872.068596	8.748544	-0.069547	2.178131
385.712964	872.751141	8.753549	-0.069674	2.178708
386.205022	873.327682	8.758554	-0.069765	2.179185
386.936198	873.895713	8.763559	-0.069900	2.179682
387.384746	874.419949	8.768563	-0.069982	2.180116
387.691673	875.060506	8.773568	-0.070039	2.180620
387.980901	875.733441	8.778573	-0.070092	2.181145
388.188389	876.417681	8.783578	-0.070131	2.181669
388.695090	877.128584	8.788583	-0.070224	2.182246
389.135739	877.900019	8.793587	-0.070306	2.182860
389.371995	878.723040	8.798592	-0.070349	2.183489
389.858560	879.562915	8.803597	-0.070439	2.184157
390.180723	880.409045	8.808602	-0.070499	2.184812
390.563280	881.303802	8.813607	-0.070569	2.185509
390.963606	882.272789	8.818611	-0.070643	2.186262
391.343320	883.185059	8.823616	-0.070714	2.186970
391.843190	884.118391	8.828621	-0.070806	2.187707
392.156571	885.154782	8.833626	-0.070864	2.188499
392.389530	886.234092	8.838631	-0.070907	2.189314
392.670394	887.366303	8.843635	-0.070960	2.190171
392.915905	888.579697	8.848640	-0.071005	2.191084
393.476189	889.674516	8.853645	-0.071109	2.191944
393.712792	890.957236	8.858650	-0.071153	2.192906
394.141742	892.224566	8.863655	-0.071232	2.193877
394.469014	893.554306	8.868659	-0.071293	2.194882
394.843032	894.897883	8.873664	-0.071363	2.195902
395.329120	896.213042	8.878669	-0.071453	2.196912
396.118376	897.500752	8.883674	-0.071599	2.197935
396.798087	898.717273	8.888679	-0.071724	2.198894
397.425739	899.917246	8.893683	-0.071840	2.199835
398.220165	901.047089	8.898688	-0.071987	2.200742
398.904142	902.077474	8.903693	-0.072113	2.201564
399.590206	903.019911	8.908698	-0.072240	2.202323
400.543623	903.908000	8.913703	-0.072416	2.203071
401.200534	904.737934	8.918707	-0.072537	2.203744
401.761951	905.515033	8.923712	-0.072641	2.204368
402.630864	906.231271	8.928717	-0.072801	2.204982
403.403979	906.831799	8.933722	-0.072943	2.205500
404.132459	907.442585	8.938727	-0.073078	2.206022
404.753074	907.897763	8.943731	-0.073192	2.206418
405.275036	908.346803	8.948736	-0.073288	2.206800
405.598621	908.957824	8.953741	-0.073348	2.207277
406.137685	909.423296	8.958746	-0.073447	2.207672
406.973902	909.951029	8.963751	-0.073601	2.208144
407.491124	910.377745	8.968755	-0.073696	2.208509
408.010174	910.789197	8.973760	-0.073792	2.208862
408.501736	911.193173	8.978765	-0.073882	2.209208
408.974826	911.600618	8.983770	-0.073969	2.209553
409.507379	912.020466	8.988775	-0.074067	2.209914
409.876568	912.527175	8.993779	-0.074135	2.210320
410.404592	912.984348	8.998784	-0.074233	2.210708
410.935895	913.405754	9.003789	-0.074331	2.211069
410.983848	913.853141	9.008794	-0.074339	2.211398
411.464500	914.427489	9.013799	-0.074428	2.211865
411.567738	915.055971	9.018803	-0.074447	2.212330
411.868403	915.774324	9.023808	-0.074503	2.212881
412.376258	916.533032	9.028813	-0.074596	2.213484
412.863389	917.221593	9.033818	-0.074686	2.214033
417.758734	916.901049	9.038823	-0.075587	2.214325
423.236285	914.966490	9.043827	-0.076595	2.213514
424.784816	912.736774	9.048832	-0.076878	2.212068
425.631129	910.507014	9.053837	-0.077032	2.210546
426.263243	908.123217	9.058842	-0.077147	2.208889
426.718286	905.771004	9.063847	-0.077229	2.207234
426.992718	903.537256	9.068851	-0.077277	2.205644
426.920535	901.379956	9.073856	-0.077262	2.204072
427.264832	899.286443	9.078861	-0.077324	2.202589
427.234901	897.393168	9.083866	-0.077317	2.201211
427.227218	895.603436	9.088871	-0.077314	2.199909
427.387404	893.919248	9.093875	-0.077342	2.198702
427.404274	892.328907	9.098880	-0.077344	2.197546
427.274039	890.944590	9.103885	-0.077319	2.196525
427.318424	889.703867	9.108890	-0.077326	2.195626
427.339035	888.520101	9.113895	-0.077328	2.194766
427.308256	887.540837	9.118899	-0.077322	2.194048
427.191915	886.686603	9.123904	-0.077299	2.193413
427.415189	885.995963	9.128909	-0.077340	2.192933
427.355375	885.331517	9.133914	-0.077328	2.192442
427.326511	884.906991	9.138919	-0.077322	2.192129
427.409413	884.613537	9.143923	-0.077337	2.191924
427.409588	884.259459	9.148928	-0.077336	2.191665
427.589564	884.162564	9.153933	-0.077369	2.191614
427.530249	884.152829	9.158938	-0.077358	2.191600
427.428504	884.478679	9.163943	-0.077339	2.191827
427.513608	884.778477	9.168947	-0.077354	2.192055
427.544491	885.215211	9.173952	-0.077360	2.192376
427.717692	885.711325	9.178957	-0.077392	2.192757
427.698454	886.427133	9.183962	-0.077389	2.193276
427.640351	887.236265	9.188967	-0.077378	2.193860
427.846613	888.137836	9.193971	-0.077416	2.194539
427.763289	889.224408	9.198976	-0.077401	2.195321
427.948536	890.375203	9.203981	-0.077436	2.196179
428.157061	891.541239	9.208986	-0.077475	2.197050
428.441583	892.828214	9.213991	-0.077528	2.198017
428.454692	894.246485	9.218995	-0.077531	2.199050
428.527883	895.793102	9.224000	-0.077545	2.200182
428.744215	897.398568	9.229005	-0.077585	2.201372
428.968841	899.024991	9.234010	-0.077628	2.202577
429.014427	900.871681	9.239015	-0.077637	2.203922
429.111522	902.799701	9.244019	-0.077656	2.205331
429.444479	904.741165	9.249024	-0.077718	2.206773
429.431075	906.851300	9.254029	-0.077716	2.208300
429.539998	909.079379	9.259034	-0.077738	2.209924
429.733509	911.366321	9.264039	-0.077774	2.211599
429.942254	913.710902	9.269043	-0.077814	2.213316
430.234344	916.150968	9.274048	-0.077869	2.215109
430.513431	918.657981	9.279053	-0.077922	2.216947
430.668039	921.241879	9.284058	-0.077952	2.218826
430.812745	923.951529	9.289063	-0.077980	2.220794
431.208019	926.627219	9.294067	-0.078054	2.222761
431.177188	929.525173	9.299072	-0.078050	2.224841
431.539649	932.431430	9.304077	-0.078118	2.226967
431.882277	935.396372	9.309082	-0.078183	2.229131
432.240485	938.373969	9.314087	-0.078251	2.231303
432.536117	941.388002	9.319091	-0.078307	2.233493
432.712877	944.547894	9.324096	-0.078341	2.235773
433.045598	947.729151	9.329101	-0.078404	2.238081
433.400261	950.995426	9.334106	-0.078471	2.240451
433.798752	954.209759	9.339111	-0.078546	2.242785
434.195374	957.547518	9.344115	-0.078621	2.245204
434.521265	960.891283	9.349120	-0.078683	2.247618
435.026993	964.259749	9.354125	-0.078778	2.250066
435.671530	967.550057	9.359130	-0.078899	2.252470
436.788662	970.718947	9.364135	-0.079106	2.254834
438.033944	973.627826	9.369139	-0.079337	2.257025
438.955680	976.441766	9.374144	-0.079509	2.259113
440.374194	978.991813	9.379149	-0.079771	2.261063
441.718085	981.317584	9.384154	-0.080020	2.262846
443.174114	983.343339	9.389159	-0.080289	2.264427
444.312668	985.205562	9.394163	-0.080500	2.265859
445.389489	986.852816	9.399168	-0.080699	2.267132
445.958311	988.516876	9.404173	-0.080804	2.268363
446.375078	990.185356	9.409178	-0.080882	2.269582
447.160517	991.771101	9.414183	-0.081027	2.270779
447.587406	993.326855	9.419187	-0.081107	2.271917
448.015696	994.964939	9.424192	-0.081186	2.273113
448.751757	996.539597	9.429197	-0.081323	2.274296
449.249237	998.106077	9.434202	-0.081415	2.275447
449.458297	999.671574	9.439207	-0.081454	2.276568
449.851870	1001.368621	9.444211	-0.081527	2.277799
450.369177	1003.019401	9.449216	-0.081623	2.279010
450.831840	1004.739699	9.454221	-0.081710	2.280264
451.083134	1006.381146	9.459226	-0.081757	2.281439
451.343188	1008.217278	9.464231	-0.081805	2.282752
451.663274	1010.091700	9.469235	-0.081865	2.284096
451.842838	1012.034445	9.474240	-0.081899	2.285473
452.399414	1013.953978	9.479245	-0.082003	2.286872
452.838807	1015.879808	9.484250	-0.082085	2.288262
453.067819	1017.939994	9.489255	-0.082128	2.289723
453.515853	1019.953046	9.494259	-0.082211	2.291173
453.938962	1021.982283	9.499264	-0.082290	2.292631
454.191221	1024.103213	9.504269	-0.082338	2.294135
454.518357	1026.288223	9.509274	-0.082399	2.295689
454.935966	1028.448589	9.514279	-0.082477	2.297235
455.294479	1030.709359	9.519283	-0.082544	2.298843
455.731739	1032.966167	9.524288	-0.082626	2.300455
456.224466	1035.174978	9.529293	-0.082718	2.302039
456.447985	1037.520636	9.534298	-0.082760	2.303689
456.799126	1039.917705	9.539303	-0.082826	2.305387
457.090482	1042.325976	9.544307	-0.082881	2.307084
457.327249	1044.833097	9.549312	-0.082926	2.308844
458.002474	1047.322759	9.554317	-0.083052	2.310634
458.475608	1049.745799	9.559322	-0.083140	2.312357
458.768854	1052.247933	9.564327	-0.083195	2.314114
459.065960	1054.855993	9.569331	-0.083252	2.315944
459.434631	1057.461469	9.574336	-0.083321	2.317778
459.823375	1060.156596	9.579341	-0.083394	2.319674
460.390243	1062.747254	9.584346	-0.083500	2.321514
460.680100	1065.442170	9.589351	-0.083554	2.323397
461.071751	1068.213199	9.594355	-0.083628	2.325341
461.614280	1070.900925	9.599360	-0.083729	2.327241
462.099920	1073.634243	9.604365	-0.083820	2.329164
462.708123	1076.308040	9.609370	-0.083934	2.331058
463.245452	1078.983454	9.614375	-0.084034	2.332944
463.909429	1081.657008	9.619379	-0.084158	2.334840
464.690879	1084.168226	9.624384	-0.084303	2.336635
465.718828	1086.576290	9.629389	-0.084494	2.338382
466.701551	1088.863724	9.634394	-0.084676	2.340041
467.122436	1091.056018	9.639399	-0.084755	2.341579
467.869605	1093.273760	9.644403	-0.084893	2.343165
468.501903	1095.458390	9.649408	-0.085011	2.344716
469.171403	1097.518644	9.654413	-0.085135	2.346185
469.714246	1099.643056	9.659418	-0.085236	2.347684
470.247163	1101.698968	9.664423	-0.085336	2.349135
470.739510	1103.754508	9.669427	-0.085427	2.350580
471.337271	1105.791635	9.674432	-0.085538	2.352022
471.744790	1107.840698	9.679437	-0.085614	2.353453
472.012974	1110.003622	9.684442	-0.085665	2.354947
472.262558	1112.154293	9.689447	-0.085712	2.356430
472.775471	1114.398703	9.694451	-0.085808	2.358001
473.119817	1116.681375	9.699456	-0.085872	2.359580
473.746704	1118.794247	9.704461	-0.085989	2.361071
474.077845	1121.111254	9.709466	-0.086051	2.362670
474.944589	1123.290188	9.714471	-0.086212	2.364226
475.500424	1125.409909	9.719475	-0.086315	2.365712
476.218868	1127.469111	9.724480	-0.086449	2.367171
476.709746	1129.535721	9.729485	-0.086540	2.368613
477.151318	1131.674901	9.734490	-0.086622	2.370097
477.543398	1133.686782	9.739495	-0.086696	2.371490
477.889835	1135.888030	9.744499	-0.086761	2.373006
478.261344	1138.098529	9.749504	-0.086830	2.374529
478.712923	1140.238915	9.754509	-0.086914	2.376012
479.170074	1142.480300	9.759514	-0.087000	2.377562
479.485478	1144.769319	9.764519	-0.087059	2.379129
479.987783	1147.002937	9.769523	-0.087153	2.380676
480.212900	1149.345708	9.774528	-0.087195	2.382269
480.554655	1151.761027	9.779533	-0.087259	2.383920
480.897359	1154.207097	9.784538	-0.087324	2.385591
481.391967	1156.623698	9.789543	-0.087416	2.387256
481.799870	1159.010801	9.794547	-0.087493	2.388891

482.203841	1161.178464	9.799552	-0.087568	2.390378
482.725008	1163.217222	9.804557	-0.087665	2.391789
482.926450	1165.218426	9.809562	-0.087703	2.393144
483.236957	1167.127785	9.814567	-0.087761	2.394448
483.693855	1168.875474	9.819571	-0.087846	2.395656
484.047064	1170.544009	9.824576	-0.087912	2.396802
484.422653	1172.100516	9.829581	-0.087982	2.397874
484.965761	1173.496747	9.834586	-0.088083	2.398855
485.340809	1174.789238	9.839591	-0.088152	2.399751
486.569699	1175.699784	9.844595	-0.088379	2.400473
488.487811	1176.021393	9.849600	-0.088732	2.400868
489.754147	1176.070463	9.854605	-0.088965	2.401021
490.487007	1175.631261	9.859610	-0.089099	2.400798
490.927656	1175.266060	9.864615	-0.089180	2.400597
491.436465	1174.739594	9.869619	-0.089273	2.400294
491.785560	1174.100544	9.874624	-0.089337	2.399902
491.933321	1173.375781	9.879629	-0.089363	2.399434
492.084587	1172.559192	9.884634	-0.089390	2.398904
492.333179	1171.689993	9.889639	-0.089435	2.398349
492.467163	1170.788548	9.894643	-0.089459	2.397761
492.556959	1169.861738	9.899648	-0.089474	2.397152
492.616281	1168.910214	9.904653	-0.089484	2.396524
492.595376	1167.954206	9.909658	-0.089479	2.395885
492.640020	1167.004568	9.914663	-0.089487	2.395256
492.859425	1166.077085	9.919667	-0.089526	2.394658
492.656755	1165.072842	9.924672	-0.089488	2.393969
492.700277	1164.096273	9.929677	-0.089495	2.393321
492.807127	1163.095263	9.934682	-0.089514	2.392663
492.788760	1162.096009	9.939687	-0.089509	2.391994
492.942962	1161.020524	9.944691	-0.089537	2.391291
492.873719	1159.984933	9.949696	-0.089523	2.390593
492.833279	1159.085721	9.954701	-0.089514	2.389988
492.971597	1158.053085	9.959706	-0.089539	2.389311
492.871125	1156.981957	9.964711	-0.089519	2.388585
492.800806	1155.965919	9.969715	-0.089505	2.387899
492.684187	1154.996461	9.974720	-0.089483	2.387239
492.744281	1154.006948	9.979725	-0.089493	2.386583
492.674714	1153.062110	9.984730	-0.089479	2.385944
492.636127	1152.103778	9.989735	-0.089471	2.385298
492.779627	1151.162825	9.994739	-0.089497	2.384682
492.714265	1150.167577	9.999744	-0.089484	2.384009
492.536022	1149.220199	10.004749	-0.089450	2.383357
492.603667	1148.296187	10.009754	-0.089461	2.382744
492.480219	1147.355709	10.014759	-0.089438	2.382102
492.553594	1146.444162	10.019763	-0.089450	2.381498
492.376919	1145.546946	10.024768	-0.089417	2.380879
492.386607	1144.686154	10.029773	-0.089418	2.380302
492.456845	1143.881818	10.034778	-0.089430	2.379769
492.441399	1142.969433	10.039783	-0.089426	2.379155
492.404279	1142.089916	10.044787	-0.089418	2.378561
492.406612	1141.197539	10.049792	-0.089418	2.377962
492.181635	1140.388806	10.054797	-0.089375	2.377397
492.274372	1139.528312	10.059802	-0.089392	2.376828
492.097953	1138.737898	10.064807	-0.089358	2.376280
492.334983	1137.888036	10.069811	-0.089401	2.375731
492.180207	1137.132752	10.074816	-0.089372	2.375208
492.054314	1136.313386	10.079821	-0.089348	2.374645
492.143726	1135.553676	10.084826	-0.089363	2.374143
492.063851	1134.781237	10.089831	-0.089348	2.373615
492.243120	1133.939617	10.094835	-0.089380	2.373066
492.279162	1133.099907	10.099840	-0.089386	2.372504
492.025168	1132.333709	10.104845	-0.089338	2.371964
491.998532	1131.603517	10.109850	-0.089332	2.371469
492.061186	1130.757546	10.114855	-0.089343	2.370905
492.205846	1130.025844	10.119859	-0.089369	2.370426
491.987498	1129.363450	10.124864	-0.089328	2.369959
491.942980	1128.538699	10.129869	-0.089319	2.369399
491.856332	1127.868623	10.134874	-0.089302	2.368938
491.786832	1127.112873	10.139879	-0.089288	2.368422
491.762465	1126.474431	10.144883	-0.089283	2.367989
491.656058	1125.790243	10.149888	-0.089263	2.367517
491.701229	1125.168226	10.154893	-0.089270	2.367102
491.797163	1124.421276	10.159898	-0.089287	2.366607
491.568332	1123.817050	10.164903	-0.089244	2.366177
491.396578	1123.233435	10.169907	-0.089212	2.365766
491.491606	1122.606803	10.174912	-0.089229	2.365352
491.552393	1122.091303	10.179917	-0.089239	2.365010
491.557820	1121.474713	10.184922	-0.089240	2.364594
491.452278	1120.800433	10.189927	-0.089219	2.364128
491.499729	1120.222408	10.194931	-0.089227	2.363742
491.498850	1119.651413	10.199936	-0.089226	2.363356
491.406105	1119.042416	10.204941	-0.089209	2.362935
491.436529	1118.471280	10.209946	-0.089214	2.362552
491.338570	1117.913355	10.214951	-0.089195	2.362165
491.371734	1117.346167	10.219955	-0.089200	2.361785
491.287404	1116.813251	10.224960	-0.089184	2.361416
491.248646	1116.229796	10.229965	-0.089176	2.361018
491.344866	1115.714516	10.234970	-0.089193	2.360678
491.315986	1115.212659	10.239975	-0.089187	2.360336
491.403027	1114.716835	10.244979	-0.089203	2.360009
491.272944	1114.166455	10.249984	-0.089178	2.359623
491.247618	1113.574141	10.254989	-0.089173	2.359220
491.077377	1113.130493	10.259994	-0.089141	2.358903
491.271378	1112.554116	10.264999	-0.089176	2.358531
491.193619	1112.050063	10.270003	-0.089161	2.358182
491.304461	1111.533739	10.275008	-0.089180	2.357843
491.170846	1111.008367	10.280013	-0.089155	2.357474
490.963475	1110.565113	10.285018	-0.089116	2.357154
490.965691	1110.121294	10.290023	-0.089116	2.356853
491.067047	1109.651073	10.295027	-0.089134	2.356544
490.987961	1109.192336	10.300032	-0.089119	2.356225
490.906624	1108.756097	10.305037	-0.089103	2.355921
490.723228	1108.422093	10.310042	-0.089069	2.355677
490.849716	1108.018710	10.315047	-0.089092	2.355416
490.784383	1107.743326	10.320051	-0.089079	2.355222
490.842260	1107.256418	10.325056	-0.089089	2.354898
490.900337	1106.817652	10.330061	-0.089099	2.354606
490.912183	1106.391340	10.335066	-0.089101	2.354318
490.768966	1105.989221	10.340071	-0.089074	2.354031
490.987993	1105.568881	10.345075	-0.089114	2.353767
490.904766	1105.142360	10.350080	-0.089098	2.353469
490.840427	1104.721921	10.355085	-0.089085	2.353177
490.689731	1104.426891	10.360090	-0.089057	2.352962
490.818894	1104.015968	10.365095	-0.089080	2.352696
490.687290	1103.595231	10.370099	-0.089055	2.352397
490.829511	1103.206205	10.375104	-0.089081	2.352147
490.719175	1102.806882	10.380109	-0.089060	2.351865
490.553879	1102.566090	10.385114	-0.089029	2.351685
490.513151	1102.223036	10.390119	-0.089021	2.351448
490.598424	1101.836604	10.395123	-0.089036	2.351193
490.506684	1101.599555	10.400128	-0.089019	2.351023
490.556816	1101.294539	10.405133	-0.089027	2.350821
490.646348	1100.887143	10.410138	-0.089043	2.350553
490.570839	1100.643462	10.415143	-0.089029	2.350379
490.584881	1100.448022	10.420147	-0.089031	2.350248
490.573123	1100.016478	10.425152	-0.089028	2.349953
490.734730	1099.642032	10.430157	-0.089057	2.349714
490.622349	1099.355980	10.435162	-0.089036	2.349509
490.427534	1099.105017	10.440167	-0.089000	2.349319
490.504600	1098.688184	10.445171	-0.089013	2.349043
490.411550	1098.476816	10.450176	-0.088996	2.348890
490.466714	1098.171573	10.455181	-0.089005	2.348688
490.391767	1097.859378	10.460186	-0.088991	2.348468
490.432217	1097.684856	10.465191	-0.088998	2.348353
490.631367	1097.238901	10.470195	-0.089034	2.348069
490.368726	1097.011198	10.475200	-0.088985	2.347888
490.450058	1096.824174	10.480205	-0.089000	2.347769
490.407331	1096.358541	10.485210	-0.088991	2.347448
490.374116	1096.240821	10.490215	-0.088985	2.347364
490.398608	1095.892464	10.495219	-0.088989	2.347130
490.285005	1095.666810	10.500224	-0.088967	2.346965
490.445562	1095.408338	10.505229	-0.088996	2.346804
490.489895	1095.036331	10.510234	-0.089004	2.346555
490.287905	1094.940906	10.515239	-0.088966	2.346471
490.214800	1094.527846	10.520243	-0.088952	2.346182
490.343393	1094.469904	10.525248	-0.088976	2.346155
490.538843	1094.036785	10.530253	-0.089011	2.345879
490.446828	1093.757938	10.535258	-0.088993	2.345680
490.387524	1093.589044	10.540263	-0.088982	2.345559
490.168505	1093.293232	10.545267	-0.088941	2.345336
490.114388	1093.273778	10.550272	-0.088931	2.345317
490.186373	1092.945241	10.555277	-0.088944	2.345101
490.303682	1092.754382	10.560282	-0.088965	2.344982
490.178114	1092.527244	10.565287	-0.088941	2.344815
490.192086	1092.306832	10.570291	-0.088943	2.344666
490.151026	1092.190621	10.575296	-0.088935	2.344582
490.152606	1091.836122	10.580301	-0.088935	2.344341
490.171951	1091.846884	10.585306	-0.088938	2.344350
490.114183	1091.396029	10.590311	-0.088927	2.344037
490.148953	1091.403421	10.595315	-0.088933	2.344045
490.066860	1091.208612	10.600320	-0.088918	2.343904
490.163864	1090.904380	10.605325	-0.088935	2.343706
490.232395	1090.771966	10.610330	-0.088947	2.343623
490.098875	1090.457701	10.615335	-0.088922	2.343395
490.037666	1090.481444	10.620339	-0.088910	2.343405
490.116440	1090.165012	10.625344	-0.088924	2.343197
490.168568	1089.998342	10.630349	-0.088933	2.343089
490.211452	1089.839425	10.635354	-0.088941	2.342984
490.085530	1089.592861	10.640359	-0.088917	2.342804
490.167642	1089.528610	10.645363	-0.088932	2.342768
490.190006	1089.078881	10.650368	-0.088935	2.342463
490.181624	1089.081951	10.655373	-0.088934	2.342464
490.372711	1088.669082	10.660378	-0.088968	2.342201
490.368216	1088.562612	10.665383	-0.088967	2.342128
490.446760	1088.132371	10.670387	-0.088981	2.341842
490.296676	1087.962902	10.675392	-0.088953	2.341712
490.068940	1087.734831	10.680397	-0.088910	2.341534
490.225000	1087.609130	10.685402	-0.088939	2.341463
490.014647	1087.244472	10.690407	-0.088899	2.341194
490.150596	1087.233136	10.695411	-0.088924	2.341199
490.165941	1086.954509	10.700416	-0.088926	2.341010
490.052056	1086.807808	10.705421	-0.088905	2.340899
490.015814	1086.826109	10.710426	-0.088898	2.340908
490.004800	1086.379032	10.715431	-0.088895	2.340601
490.167707	1086.338177	10.720435	-0.088925	2.340589
490.099809	1086.232691	10.725440	-0.088912	2.340511
490.019543	1086.015749	10.730445	-0.088897	2.340355
490.141466	1086.001396	10.735450	-0.088919	2.340357
490.025548	1085.622854	10.740455	-0.088897	2.340087
490.068078	1085.518848	10.745459	-0.088904	2.340020
489.867074	1085.547874	10.750464	-0.088867	2.340020
489.947757	1085.260420	10.755469	-0.088881	2.339831
490.054161	1085.067848	10.760474	-0.088901	2.339710
489.831450	1085.094518	10.765479	-0.088859	2.339706
490.002914	1084.867185	10.770483	-0.088890	2.339568
489.972364	1084.596058	10.775488	-0.088884	2.339379
489.989269	1084.607828	10.780493	-0.088887	2.339389
490.089172	1084.411424	10.785498	-0.088905	2.339264
489.884459	1084.173464	10.790503	-0.088867	2.339082
490.125519	1084.139401	10.795507	-0.088911	2.339082
489.957209	1083.971430	10.800512	-0.088879	2.338951
489.964461	1083.675033	10.805517	-0.088880	2.338749
490.112321	1083.665160	10.810522	-0.088907	2.338756
489.955356	1083.509068	10.815527	-0.088878	2.338634
489.854182	1083.243901	10.820531	-0.088859	2.338443
489.719270	1083.260657	10.825536	-0.088833	2.338441
489.947247	1083.226648	10.830541	-0.088875	2.338440
490.029216	1083.054160	10.835546	-0.088890	2.338330
489.856980	1082.783972	10.840551	-0.088857	2.338128
490.004846	1082.757408	10.845555	-0.088884	2.338125
489.935164	1082.751268	10.850560	-0.088871	2.338113
489.944430	1082.335623	10.855565	-0.088872	2.337830
490.005683	1082.342811	10.860570	-0.088883	2.337841
489.962505	1082.330563	10.865575	-0.088875	2.337828
489.957628	1081.930035	10.870579	-0.088873	2.337554
489.960018	1081.868256	10.875584	-0.088873	2.337512
489.847643	1081.877652	10.880589	-0.088852	2.337507
489.852914	1081.780272	10.885594	-0.088853	2.337441
489.740372	1081.435332	10.890599	-0.088832	2.337194
489.782922	1081.444528	10.895603	-0.088839	2.337204
490.057332	1081.400611	10.900608	-0.088889	2.337201
489.847325	1081.429355	10.905613	-0.088850	2.337200
489.813543	1080.995417	10.910618	-0.088844	2.336900
489.691190	1080.965824	10.915623	-0.088821	2.336867
489.884333	1080.956707	10.920627	-0.088856	2.336880
489.828051	1080.965319	10.925632	-0.088845	2.336880
489.881281	1080.845966	10.930637	-0.088855	2.336804
490.016025	1080.504029	10.935642	-0.088879	2.336583
489.833184	1080.534338	10.940647	-0.088845	2.336585
489.956044	1080.509781	10.945651	-0.088867	2.336581
489.943586	1080.170625	10.950656	-0.088864	2.336347
489.782876	1080.054779	10.955661	-0.088834	2.336252
489.805375	1080.057499	10.960666	-0.088838	2.336256
489.601301	1080.085850	10.965671	-0.088800	2.336255
489.747960	1080.056488	10.970675	-0.088827	2.336249
489.782286	1079.995157	10.975680	-0.088833	2.336211
489.896824	1079.586345	10.980685	-0.088853	2.335942
489.875130	1079.609374	10.985690	-0.088849	2.335956
489.899399	1079.590831	10.990695	-0.088853	2.335945
489.828787	1079.518628	10.995699	-0.088840	2.335889
489.873340	1079.144175	11.000704	-0.088847	2.335637
489.735915	1079.167473	11.005709	-0.088822	2.335639
489.843697	1079.153084	11.010714	-0.088841	2.335640
489.868222	1079.151857	11.015719	-0.088845	2.335641
489.918879	1078.877920	11.020723	-0.088854	2.335459
489.833194	1078.784398	11.025728	-0.088838	2.335386
489.891789	1078.764783	11.030733	-0.088849	2.335378
489.849557	1078.784382	11.035738	-0.088840	2.335387
489.846069	1078.469672	11.040743	-0.088839	2.335172
489.730662	1078.319284	11.045747	-0.088818	2.335057
489.888159	1078.295431	11.050752	-0.088846	2.335056
489.691301	1078.320466	11.055757	-0.088810	2.335054
489.890290	1078.305686	11.060762	-0.088846	2.335063
489.861058	1077.917597	11.065767	-0.088840	2.334795
489.874822	1077.829829	11.070771	-0.088842	2.334736
489.828156	1077.845272	11.075776	-0.088833	2.334742
489.734033	1077.860265	11.080781	-0.088816	2.334742
489.874502	1077.739824	11.085786	-0.088841	2.334674
489.592918	1077.417910	11.090791	-0.088789	2.334426
489.647276	1077.413058	11.095795	-0.088798	2.334427
489.718539	1077.390703	11.100800	-0.088811	2.334419
489.659670	1077.396955	11.105805	-0.088800	2.334417
489.786934	1077.384996	11.110810	-0.088823	2.334421
489.666825	1077.394616	11.115815	-0.088801	2.334416
489.367114	1077.447745	11.120819	-0.088745	2.334423
489.588132	1077.419508	11.125824	-0.088785	2.334425
489.462521	1077.427412	11.130829	-0.088762	2.334418
489.567350	1077.423941	11.135834	-0.088781	2.334426
489.610043	1077.407767	11.140839	-0.088789	2.334418
489.661694	1077.375010	11.145843	-0.088798	2.334401
489.709109	1076.955430	11.150848	-0.088806	2.334118
489.554021	1076.971017	11.155853	-0.088777	2.334114
489.708378	1076.966322	11.160858	-0.088805	2.334125
489.666405	1076.957586	11.165863	-0.088797	2.334115
489.528819	1076.981596	11.170867	-0.088771	2.334118
489.770732	1076.946003	11.175872	-0.088815	2.334117
489.665673	1076.953452	11.180877	-0.088796	2.334112
489.730209	1076.961046	11.185882	-0.088807	2.334123
489.685318	1076.745798	11.190887	-0.088799	2.333971
489.758605	1076.467869	11.195891	-0.088812	2.333788
489.730061	1076.466321	11.200896	-0.088806	2.333784
489.729180	1076.460092	11.205901	-0.088806	2.333780
489.825450	1076.465609	11.210906	-0.088823	2.333793
489.729179	1076.474300	11.215911	-0.088805	2.333789
489.650405	1076.462897	11.220915	-0.088790	2.333773
489.815818	1076.016346	11.225920	-0.088820	2.333484
489.727522	1076.016359	11.230925	-0.088803	2.333475
489.698370	1076.036569	11.235930	-0.088798	2.333486
489.836059	1076.012605	11.240935	-0.088823	2.333483
489.764193	1076.024387	11.245939	-0.088809	2.333483
489.731884	1075.801225	11.250944	-0.088803	2.333327
489.605810	1075.582274	11.255949	-0.088779	2.333165
489.710641	1075.578337	11.260954	-0.088798	2.333172
489.793706	1075.558842	11.265959	-0.088813	2.333167
489.691207	1075.575962	11.270963	-0.088794	2.333168
489.881952	1075.556193	11.275968	-0.088828	2.333174
489.806328	1075.418909	11.280973	-0.088814	2.333072
489.850430	1075.126371	11.285978	-0.088822	2.332876
489.689601	1075.132991	11.290983	-0.088792	2.332864
489.630833	1075.155652	11.295987	-0.088781	2.332874
489.815248	1075.128357	11.300992	-0.088814	2.332873
489.752113	1075.142755	11.305997	-0.088802	2.332877
489.804964	1074.802917	11.311002	-0.088811	2.332649
489.751569	1074.640796	11.316007	-0.088801	2.332533
489.705502	1074.666180	11.321011	-0.088792	2.332545
489.734534	1074.663842	11.326016	-0.088797	2.332546
489.841291	1074.639557	11.331021	-0.088817	2.332540
489.697801	1074.670581	11.336026	-0.088790	2.332547
489.721863	1074.383282	11.341031	-0.088794	2.332353
489.532116	1074.226296	11.346035	-0.088758	2.332226
489.659903	1074.216298	11.351040	-0.088782	2.332232
489.708127	1074.193860	11.356045	-0.088790	2.332221
489.655839	1074.211250	11.361050	-0.088780	2.332227
489.634483	1074.213684	11.366055	-0.088776	2.332227
489.627004	1074.216164	11.371059	-0.088774	2.332228
489.658756	1074.208417	11.376064	-0.088780	2.332225
489.774802	1074.193733	11.381069	-0.088801	2.332227
489.678668	1073.926120	11.386074	-0.088783	2.332034
489.595687	1073.757608	11.391079	-0.088767	2.331910
489.658523	1073.751752	11.396083	-0.088778	2.331912
489.549199	1073.781942	11.401088	-0.088758	2.331922
489.538169	1073.770347	11.406093	-0.088755	2.331912
489.490193	1073.781642	11.411098	-0.088746	2.331915
489.540975	1073.769549	11.416103	-0.088755	2.331912
489.365622	1073.794237	11.421107	-0.088723	2.331911
489.614276	1073.754690	11.426112	-0.088768	2.331908
489.573787	1073.760573	11.431117	-0.088760	2.331908
489.555679	1073.773023	11.436122	-0.088757	2.331915
489.608972	1073.755097	11.441127	-0.088766	2.331908
489.483494	1073.785114	11.446131	-0.088743	2.331916
489.541700	1073.770581	11.451136	-0.088753	2.331911
489.612577	1073.752621	11.456141	-0.088766	2.331906
489.556871	1073.777798	11.461146	-0.088755	2.331917
489.500558	1073.765453	11.466151	-0.088744	2.331903
489.469431	1073.775225	11.471155	-0.088738	2.331907
489.537349	1073.785046	11.476160	-0.088751	2.331920
489.807674	1073.728236	11.481165	-0.088800	2.331907
489.715047	1073.561583	11.486170	-0.088782	2.331784
489.694136	1073.305491	11.491175	-0.088778	2.331606
489.574608	1073.315503	11.496179	-0.088756	2.331601
489.544796	1073.342634	11.501184	-0.088750	2.331617
489.601490	1073.321483	11.506189	-0.088760	2.331608
489.655231	1073.326284	11.511194	-0.088770	2.331616
489.787568	1073.302633	11.516199	-0.088794	2.331613
489.734405	1073.298269	11.521203	-0.088784	2.331604
489.480726	1073.334960	11.526208	-0.088736	2.331604
489.438361	1073.347040	11.531213	-0.088728	2.331608
489.581971	1073.340905	11.536218	-0.088754	2.331618
489.584706	1073.330970	11.541223	-0.088755	2.331611
489.642165	1073.317912	11.546227	-0.088765	2.331608
489.456201	1073.347781	11.551232	-0.088730	2.331610
489.533949	1073.333843	11.556237	-0.088744	2.331608
489.394506	1073.358812	11.561242	-0.088718	2.331611
489.643753	1073.197248	11.566247	-0.088764	2.331525
489.562850	1072.862120	11.571251	-0.088748	2.331287
489.441920	1072.893758	11.576256	-0.088726	2.331296
489.532967	1072.863768	11.581261	-0.088742	2.331285
489.664094	1072.853054	11.586266	-0.088766	2.331290
489.686881	1072.849109	11.591271	-0.088770	2.331289
489.575024	1072.861660	11.596275	-0.088749	2.331287
489.721600	1072.840737	11.601280	-0.088776	2.331287
489.809130	1072.816497	11.606285	-0.088791	2.331279
489.584994	1072.856670	11.611290	-0.088750	2.331284
489.746954	1072.843778	11.616295	-0.088779	2.331291
489.686161	1072.557730	11.621299	-0.088768	2.331089
489.613778	1072.417611	11.626304	-0.088754	2.330985
489.560705	1072.417567	11.631309	-0.088744	2.330980
489.705095	1072.415414	11.636314	-0.088770	2.330993
489.530740	1072.427430	11.641319	-0.088737	2.330983
489.597189	1072.403732	11.646323	-0.088749	2.330974
489.781025	1072.390409	11.651328	-0.088783	2.330982
489.887121	1072.373513	11.656333	-0.088802	2.330981
489.782437	1072.231005	11.661338	-0.088782	2.330873
489.607436	1071.963797	11.666343	-0.088750	2.330672
489.647166	1071.946924	11.671347	-0.088757	2.330665
489.600066	1071.964927	11.676352	-0.088748	2.330672
489.692828	1071.944261	11.681357	-0.088764	2.330667
489.862253	1071.932107	11.686362	-0.088795	2.330675
489.673125	1071.957881	11.691367	-0.088760	2.330674
489.686896	1071.942709	11.696371	-0.088762	2.330665
489.594130	1071.978476	11.701376	-0.088745	2.330680
489.633648	1071.619692	11.706381	-0.088752	2.330438
489.581969	1071.629700	11.711386	-0.088742	2.330439
489.542870	1071.632195	11.716391	-0.088734	2.330437
489.576482	1071.622813	11.721395	-0.088740	2.330434
489.577114	1071.623209	11.726400	-0.088740	2.330434
489.612899	1071.613285	11.731405	-0.088746	2.330430
489.737470	1071.599183	11.736410	-0.088769	2.330433
489.661177	1071.605004	11.741415	-0.088754	2.330429
489.576370	1071.606817	11.746419	-0.088738	2.330422
489.690047	1071.602946	11.751424	-0.088759	2.330430
489.715051	1071.586152	11.756429	-0.088763	2.330421
489.806554	1071.146093	11.761434	-0.088780	2.330128
489.602542	1071.127559	11.766439	-0.088742	2.330095
489.634587	1071.111798	11.771443	-0.088747	2.330087
489.639899	1071.121995	11.776448	-0.088748	2.330095
489.457499	1071.147484	11.781453	-0.088714	2.330094
489.533968	1071.150583	11.786458	-0.088728	2.330104
489.613126	1071.127557	11.791463	-0.088742	2.330095
489.546099	1071.134090	11.796467	-0.088729	2.330093
489.378093	1071.162964	11.801472	-0.088698	2.330096
489.639775	1071.123801	11.806477	-0.088746	2.330095
489.476932	1071.145780	11.811482	-0.088715	2.330094
489.503682	1071.144678	11.816487	-0.088720	2.330095
489.417683	1071.154181	11.821491	-0.088704	2.330093
489.367157	1071.167439	11.826496	-0.088694	2.330097
489.344651	1071.165714	11.831501	-0.088690	2.330094
489.479478	1071.156961	11.836506	-0.088714	2.330101
489.525029	1071.141526	11.841511	-0.088722	2.330095
489.498597	1071.126703	11.846515	-0.088717	2.330082
489.485989	1071.156345	11.851520	-0.088714	2.330100
489.581725	1071.133427	11.856525	-0.088732	2.330094
489.591640	1071.145009	11.861530	-0.088733	2.330103
489.480472	1071.157467	11.866535	-0.088712	2.330100
489.426652	1071.158674	11.871539	-0.088702	2.330095
489.518622	1071.152244	11.876544	-0.088719	2.330100
489.413773	1071.145113	11.881549	-0.088699	2.330085
489.558287	1071.137920	11.886554	-0.088725	2.330094
489.684121	1071.126139	11.891559	-0.088748	2.330098
489.757645	1071.123287	11.896563	-0.088762	2.330103
489.723691	1071.123672	11.901568	-0.088755	2.330100
489.615042	1071.068349	11.906573	-0.088735	2.330051
489.876474	1070.638636	11.911578	-0.088782	2.329782
489.745237	1070.664701	11.916583	-0.088758	2.329787
489.626131	1070.675120	11.921587	-0.088735	2.329782
489.804410	1070.660766	11.926592	-0.088768	2.329790
489.717166	1070.662935	11.931597	-0.088751	2.329782
489.884511	1070.447028	11.936602	-0.088782	2.329651
489.731835	1070.202027	11.941607	-0.088753	2.329467
489.805831	1070.185897	11.946611	-0.088766	2.329464
489.638134	1070.217233	11.951616	-0.088735	2.329468
489.397518	1070.244539	11.956621	-0.088691	2.329463
489.589384	1070.222297	11.961626	-0.088726	2.329467
489.698093	1070.215037	11.966631	-0.088745	2.329472
489.551236	1070.224917	11.971635	-0.088718	2.329464
489.727964	1070.214654	11.976640	-0.088750	2.329474
489.664555	1070.068109	11.981645	-0.088738	2.329368
489.648924	1069.757339	11.986650	-0.088735	2.329153
489.582512	1069.769706	11.991655	-0.088722	2.329154
489.658965	1069.747756	11.996659	-0.088736	2.329147
489.558888	1069.769088	12.001664	-0.088717	2.329151
489.445699	1069.783893	12.006669	-0.088696	2.329150
489.590338	1069.771208	12.011674	-0.088722	2.329156
489.654121	1069.752456	12.016679	-0.088734	2.329149
489.504729	1069.774772	12.021683	-0.088706	2.329149
489.483279	1069.788834	12.026688	-0.088702	2.329157
489.443769	1069.787749	12.031693	-0.088694	2.329152
489.577323	1069.779399	12.036698	-0.088718	2.329159
489.440758	1069.784379	12.041703	-0.088693	2.329149
489.593440	1069.759148	12.046707	-0.088720	2.329146
489.523951	1069.773098	12.051712	-0.088707	2.329149
489.384554	1069.799888	12.056717	-0.088681	2.329153
489.533196	1069.778656	12.061722	-0.088708	2.329153
489.448001	1069.785543	12.066727	-0.088692	2.329149
489.642030	1069.750691	12.071731	-0.088728	2.329144
489.669662	1069.754924	12.076736	-0.088732	2.329150
489.417309	1069.790988	12.081741	-0.088686	2.329149
489.566439	1069.781525	12.086746	-0.088713	2.329158
489.475086	1069.792262	12.091751	-0.088696	2.329156
489.467634	1069.787224	12.096755	-0.088694	2.329151
489.504835	1069.796221	12.101760	-0.088701	2.329161
489.500388	1069.780277	12.106765	-0.088699	2.329149
489.481941	1069.783887	12.111770	-0.088696	2.329150
489.526246	1069.776148	12.116775	-0.088703	2.329149
489.563086	1069.782465	12.121779	-0.088710	2.329157
489.762116	1069.756452	12.126784	-0.088746	2.329158
489.545529	1069.773685	12.131789	-0.088706	2.329149
489.814914	1069.341829	12.136794	-0.088755	2.328879
489.724820	1069.281588	12.141799	-0.088738	2.328829
489.673565	1069.291536	12.146803	-0.088728	2.328830
489.653499	1069.303803	12.151808	-0.088724	2.328836
489.630359	1069.301491	12.156813	-0.088720	2.328832
489.574539	1069.314147	12.161818	-0.088709	2.328835
489.668788	1069.292357	12.166823	-0.088726	2.328829
489.504306	1069.313441	12.171827	-0.088695	2.328827
489.669595	1069.302549	12.176832	-0.088726	2.328836
489.627489	1068.945148	12.181837	-0.088717	2.328587
489.375331	1068.882178	12.186842	-0.088670	2.328518
489.518646	1069.047903	12.191847	-0.088697	2.328646
489.554491	1068.857701	12.196851	-0.088703	2.328519
489.410414	1068.889721	12.201856	-0.088676	2.328526
489.327408	1069.307834	12.206861	-0.088661	2.328805
489.452241	1069.309165	12.211866	-0.088683	2.328818
489.560889	1069.304414	12.216871	-0.088703	2.328825
489.399334	1069.321433	12.221875	-0.088673	2.328821
489.578032	1069.308374	12.226880	-0.088705	2.328829
489.612196	1069.292539	12.231885	-0.088711	2.328822
489.526987	1069.095473	12.236890	-0.088695	2.328678
489.461089	1069.186524	12.241895	-0.088683	2.328734
489.375387	1069.291140	12.246899	-0.088667	2.328797
489.644510	1069.214698	12.251904	-0.088716	2.328771
489.650556	1068.840786	12.256909	-0.088716	2.328515
489.618593	1068.862056	12.261914	-0.088710	2.328526
489.655236	1068.849278	12.266919	-0.088717	2.328521
489.400016	1068.872333	12.271923	-0.088669	2.328511
489.727902	1068.834055	12.276928	-0.088729	2.328517
489.697343	1068.832817	12.281933	-0.088723	2.328513
489.736677	1068.823064	12.286938	-0.088730	2.328510
489.736951	1068.834665	12.291943	-0.088730	2.328518
489.689505	1068.845883	12.296947	-0.088721	2.328521
489.752652	1068.485601	12.301952	-0.088732	2.328280
489.633454	1068.388171	12.306957	-0.088710	2.328201
489.793202	1068.371701	12.311962	-0.088739	2.328205
489.780154	1068.376351	12.316967	-0.088736	2.328207
489.702874	1068.376636	12.321971	-0.088721	2.328199
489.724627	1068.380578	12.326976	-0.088725	2.328204
489.766826	1068.161501	12.331981	-0.088732	2.328058
489.705416	1067.959470	12.336986	-0.088721	2.327913
489.567947	1067.980294	12.341991	-0.088695	2.327913
489.711948	1067.953356	12.346995	-0.088721	2.327909
489.797247	1067.946059	12.352000	-0.088737	2.327912
489.859265	1067.932116	12.357005	-0.088748	2.327909
489.771629	1067.880655	12.362010	-0.088731	2.327864
489.672887	1067.497926	12.367015	-0.088712	2.327592
489.522470	1067.496052	12.372019	-0.088684	2.327576
489.813548	1067.471503	12.377024	-0.088738	2.327587
489.590567	1067.484903	12.382029	-0.088696	2.327574
489.487871	1067.512758	12.387034	-0.088677	2.327583
489.459668	1067.519373	12.392039	-0.088671	2.327585
489.580790	1067.477087	12.397043	-0.088693	2.327567
489.596674	1067.493024	12.402048	-0.088696	2.327580
489.544936	1067.489846	12.407053	-0.088686	2.327572
489.668181	1067.476149	12.412058	-0.088709	2.327575
489.454426	1067.516426	12.417063	-0.088669	2.327581
489.574843	1067.493582	12.422067	-0.088691	2.327577
489.714840	1067.490657	12.427072	-0.088716	2.327589
489.606090	1067.493451	12.432077	-0.088696	2.327580
489.614164	1067.114887	12.437082	-0.088697	2.327321
489.658611	1067.037514	12.442087	-0.088704	2.327272
489.681969	1067.022111	12.447091	-0.088708	2.327263
489.711290	1067.027685	12.452096	-0.088714	2.327270
489.721733	1067.010055	12.457101	-0.088715	2.327259
489.525514	1067.048935	12.462106	-0.088679	2.327266
489.493038	1067.065494	12.467111	-0.088672	2.327274
489.540328	1067.052317	12.472115	-0.088681	2.327269
489.614047	1067.054426	12.477120	-0.088694	2.327278
489.516636	1067.055809	12.482125	-0.088676	2.327269
489.461004	1067.075491	12.487130	-0.088665	2.327277
489.494081	1067.067554	12.492135	-0.088671	2.327274
489.476981	1067.064828	12.497139	-0.088667	2.327271
489.789750	1067.017573	12.502144	-0.088725	2.327269
489.622221	1066.838472	12.507149	-0.088693	2.327129
489.757400	1066.567375	12.512154	-0.088718	2.326957
489.535481	1066.609745	12.517159	-0.088677	2.326963
489.370804	1066.625866	12.522163	-0.088646	2.326958
489.605642	1066.598979	12.527168	-0.088689	2.326963
489.570117	1066.594143	12.532173	-0.088682	2.326956
489.463542	1066.610957	12.537178	-0.088662	2.326956
489.563717	1066.605597	12.542183	-0.088680	2.326963
489.488654	1066.608072	12.547187	-0.088666	2.326957
489.754263	1066.581511	12.552192	-0.088715	2.326965
489.477517	1066.596101	12.557197	-0.088663	2.326947
489.684571	1066.577555	12.562202	-0.088701	2.326955
489.368219	1066.633358	12.567207	-0.088642	2.326961
489.494102	1066.607675	12.572211	-0.088665	2.326956
489.643962	1066.586485	12.577216	-0.088693	2.326956
489.562148	1066.595851	12.582221	-0.088677	2.326954
489.468232	1066.612426	12.587226	-0.088660	2.326956
489.563912	1066.605214	12.592231	-0.088677	2.326960
489.304154	1066.623716	12.597235	-0.088629	2.326947
489.405683	1066.624757	12.602240	-0.088647	2.326958
489.510635	1066.601646	12.607245	-0.088666	2.326952
489.523719	1066.600696	12.612250	-0.088668	2.326953
489.624284	1066.590049	12.617255	-0.088686	2.326955
489.474258	1066.597226	12.622259	-0.088658	2.326945
489.654300	1066.578494	12.627264	-0.088691	2.326950
489.556451	1066.584038	12.632269	-0.088673	2.326944
489.605899	1066.574870	12.637274	-0.088682	2.326942
489.650208	1066.580776	12.642279	-0.088689	2.326951
489.567465	1066.583453	12.647283	-0.088674	2.326944
489.550195	1066.256874	12.652288	-0.088670	2.326718
489.614587	1066.141610	12.657293	-0.088682	2.326645
489.598097	1066.145848	12.662298	-0.088678	2.326646
489.694767	1066.143267	12.667303	-0.088696	2.326654
489.488396	1066.162466	12.672307	-0.088657	2.326646
489.521657	1066.162235	12.677312	-0.088663	2.326649
489.593804	1066.144553	12.682317	-0.088676	2.326644
489.493378	1066.159797	12.687322	-0.088657	2.326644
489.475241	1066.165637	12.692327	-0.088654	2.326646
489.524685	1066.157608	12.697331	-0.088662	2.326646
489.651005	1066.143005	12.702336	-0.088685	2.326648
489.649045	1066.127857	12.707341	-0.088685	2.326637
489.737930	1066.124810	12.712346	-0.088701	2.326644
489.630853	1066.148521	12.717351	-0.088681	2.326649
489.573449	1066.145032	12.722355	-0.088670	2.326641
489.613757	1066.159019	12.727360	-0.088677	2.326654
489.709536	1065.707884	12.732365	-0.088694	2.326354
489.464684	1065.705366	12.737370	-0.088648	2.326328
489.505144	1065.691587	12.742375	-0.088655	2.326322
489.666821	1065.653903	12.747379	-0.088685	2.326312
489.691190	1065.667010	12.752384	-0.088689	2.326323
489.579724	1065.673846	12.757389	-0.088668	2.326317
489.469869	1065.689545	12.762394	-0.088648	2.326317
489.601085	1065.683328	12.767399	-0.088671	2.326325
489.476089	1065.696897	12.772403	-0.088648	2.326322
489.628317	1065.679909	12.777408	-0.088676	2.326325
489.492446	1065.698462	12.782413	-0.088650	2.326324
489.476291	1065.698104	12.787418	-0.088647	2.326322
489.619462	1065.681289	12.792423	-0.088673	2.326325
489.528839	1065.680334	12.797427	-0.088656	2.326315
489.543038	1065.693548	12.802432	-0.088658	2.326325
489.475582	1065.701749	12.807437	-0.088646	2.326324
489.664343	1065.673790	12.812442	-0.088680	2.326323
489.801048	1065.628350	12.817447	-0.088705	2.326306
489.506934	1065.240511	12.822451	-0.088650	2.326010
489.609894	1065.241562	12.827456	-0.088669	2.326021
489.711142	1065.217397	12.832461	-0.088687	2.326014
489.531529	1065.233640	12.837466	-0.088654	2.326007
489.647363	1065.233739	12.842471	-0.088675	2.326018
489.516310	1065.237727	12.847475	-0.088650	2.326008
489.482355	1065.253131	12.852480	-0.088644	2.326015
489.526814	1065.246732	12.857485	-0.088652	2.326015
489.419377	1065.252760	12.862490	-0.088631	2.326008
489.528433	1065.252248	12.867495	-0.088651	2.326018
489.448432	1065.258171	12.872499	-0.088636	2.326014
489.392727	1065.268310	12.877504	-0.088626	2.326016
489.506929	1065.235677	12.882509	-0.088646	2.326004
489.388257	1065.258337	12.887514	-0.088624	2.326008
489.516977	1065.253842	12.892519	-0.088647	2.326017
489.454782	1065.257190	12.897523	-0.088636	2.326013
489.569362	1065.252240	12.902528	-0.088656	2.326021
489.538959	1065.251897	12.907533	-0.088650	2.326018
489.522594	1065.251115	12.912538	-0.088647	2.326015
489.643986	1065.237222	12.917543	-0.088669	2.326018
489.683273	1065.225659	12.922547	-0.088676	2.326014
489.547635	1065.267599	12.927552	-0.088651	2.326029
489.550588	1065.256064	12.932557	-0.088651	2.326021
489.450453	1065.263991	12.937562	-0.088632	2.326016
489.545813	1065.257275	12.942567	-0.088649	2.326021
489.582649	1065.249705	12.947571	-0.088656	2.326019
489.545690	1065.260996	12.952576	-0.088649	2.326023
489.541770	1065.260687	12.957581	-0.088648	2.326022
489.485376	1065.256147	12.962586	-0.088637	2.326013
489.575458	1065.244056	12.967591	-0.088653	2.326014
489.529331	1065.241896	12.972595	-0.088644	2.326008
489.451254	1065.272778	12.977600	-0.088630	2.326021
489.618003	1065.238909	12.982605	-0.088660	2.326014
489.583654	1065.260736	12.987610	-0.088653	2.326025
489.544979	1065.084706	12.992615	-0.088646	2.325901
489.490062	1065.126561	12.997619	-0.088635	2.325924
489.587397	1064.803551	13.002624	-0.088653	2.325711
489.338663	1064.879585	13.007629	-0.088607	2.325739
489.391919	1065.258175	13.012634	-0.088616	2.326004
489.593263	1065.251358	13.017639	-0.088653	2.326019
489.492443	1065.258475	13.022643	-0.088634	2.326014
489.566423	1064.919737	13.027648	-0.088647	2.325788
489.550177	1064.796404	13.032653	-0.088644	2.325702
489.488850	1064.793944	13.037658	-0.088632	2.325694
489.555057	1064.808267	13.042663	-0.088644	2.325710
489.460026	1064.795907	13.047667	-0.088626	2.325692
489.643739	1064.787317	13.052672	-0.088660	2.325704
489.659438	1064.780759	13.057677	-0.088662	2.325701
489.567144	1064.788236	13.062682	-0.088645	2.325697
489.673969	1064.774631	13.067687	-0.088664	2.325698
489.613137	1064.781874	13.072691	-0.088653	2.325697
489.619225	1064.782163	13.077696	-0.088654	2.325697
489.327922	1064.824119	13.082701	-0.088600	2.325697
489.503707	1064.795989	13.087706	-0.088632	2.325695
489.534763	1064.805395	13.092711	-0.088637	2.325704
489.593871	1064.790283	13.097715	-0.088648	2.325700
489.538236	1064.795638	13.102720	-0.088637	2.325697
489.402524	1064.814171	13.107725	-0.088612	2.325697
489.404628	1064.802760	13.112730	-0.088612	2.325689
489.425555	1064.800675	13.117735	-0.088615	2.325689
489.578907	1064.780564	13.122739	-0.088643	2.325690
489.495122	1064.793175	13.127744	-0.088628	2.325691
489.574721	1064.780099	13.132749	-0.088642	2.325689
489.498009	1064.799416	13.137754	-0.088627	2.325695
489.441807	1064.815310	13.142759	-0.088617	2.325700
489.543668	1064.797649	13.147763	-0.088635	2.325698
489.348206	1064.832103	13.152768	-0.088599	2.325702
489.480135	1064.819184	13.157773	-0.088623	2.325706
489.401324	1064.818117	13.162778	-0.088608	2.325697
489.541852	1064.799863	13.167783	-0.088633	2.325698
489.402658	1064.814353	13.172787	-0.088608	2.325694
489.481887	1064.815880	13.177792	-0.088622	2.325703
489.659676	1064.790188	13.182797	-0.088654	2.325703
489.372334	1064.820431	13.187802	-0.088601	2.325695
489.395860	1064.832291	13.192807	-0.088605	2.325705
489.400777	1064.804560	13.197811	-0.088605	2.325687
489.689827	1064.784366	13.202816	-0.088658	2.325701
489.594916	1064.797677	13.207821	-0.088641	2.325701
489.344153	1064.833767	13.212826	-0.088594	2.325700
489.550871	1064.805253	13.217831	-0.088632	2.325701
489.768738	1064.769669	13.222835	-0.088672	2.325698
489.754210	1064.773396	13.227840	-0.088669	2.325699
489.498066	1064.803444	13.232845	-0.088621	2.325694
489.607292	1064.784945	13.237850	-0.088641	2.325692
489.500425	1064.824083	13.242855	-0.088621	2.325708
489.580735	1064.804539	13.247859	-0.088635	2.325703
489.742430	1064.405417	13.252864	-0.088665	2.325444
489.712397	1064.420252	13.257869	-0.088659	2.325451
489.664196	1064.420440	13.262874	-0.088649	2.325447
489.683209	1064.435225	13.267879	-0.088653	2.325459
489.605366	1064.430156	13.272883	-0.088638	2.325447
489.750259	1064.405585	13.277888	-0.088664	2.325444
489.660042	1064.424583	13.282893	-0.088647	2.325448
489.834634	1064.077727	13.287898	-0.088679	2.325227
489.591310	1063.958194	13.292903	-0.088634	2.325121
489.617270	1063.941061	13.297907	-0.088638	2.325111
489.742329	1063.938451	13.302912	-0.088661	2.325122
489.751654	1063.922135	13.307917	-0.088662	2.325111
489.780731	1063.907051	13.312922	-0.088667	2.325104
489.892880	1063.737448	13.317927	-0.088687	2.324998
489.596040	1063.490237	13.322931	-0.088632	2.324799
489.586977	1063.506125	13.327936	-0.088630	2.324809
489.599352	1063.510957	13.332941	-0.088632	2.324813
489.783324	1063.474367	13.337946	-0.088666	2.324806
489.650838	1063.494028	13.342951	-0.088641	2.324806
489.596789	1063.485522	13.347955	-0.088631	2.324795
489.578377	1063.509126	13.352960	-0.088627	2.324809
489.573513	1063.506000	13.357965	-0.088626	2.324806
489.709779	1063.479722	13.362970	-0.088651	2.324801
489.738588	1063.435819	13.367975	-0.088656	2.324774
489.619498	1063.025902	13.372979	-0.088633	2.324480
489.627176	1063.026187	13.377984	-0.088634	2.324481
489.557880	1063.045111	13.382989	-0.088621	2.324487
489.403982	1063.054012	13.387994	-0.088592	2.324478
489.634917	1063.036981	13.392999	-0.088635	2.324489
489.770598	1062.996700	13.398003	-0.088659	2.324474
489.656608	1063.028228	13.403008	-0.088638	2.324485
489.618466	1063.029464	13.408013	-0.088631	2.324481
489.436408	1063.048122	13.413018	-0.088597	2.324476
489.489512	1063.053420	13.418023	-0.088606	2.324485
489.459858	1063.036160	13.423027	-0.088600	2.324470
489.503515	1063.046688	13.428032	-0.088608	2.324481
489.525541	1063.048305	13.433037	-0.088612	2.324484
489.544600	1063.035355	13.438042	-0.088615	2.324477
489.756266	1063.015660	13.443047	-0.088654	2.324484
489.754648	1062.978664	13.448051	-0.088653	2.324459
489.648010	1062.582225	13.453056	-0.088633	2.324176
489.639124	1062.593086	13.458061	-0.088631	2.324182
489.599786	1062.588363	13.463066	-0.088623	2.324175
489.568281	1062.599999	13.468071	-0.088617	2.324179
489.605092	1062.584708	13.473075	-0.088623	2.324172
489.552871	1062.583213	13.478080	-0.088613	2.324166
489.615713	1062.590507	13.483085	-0.088625	2.324177
489.642411	1062.574408	13.488090	-0.088629	2.324168
489.651802	1062.584214	13.493095	-0.088631	2.324176
489.639649	1062.575556	13.498099	-0.088628	2.324168
489.669637	1062.587151	13.503104	-0.088633	2.324179
489.663400	1062.181910	13.508109	-0.088632	2.323900
489.676432	1062.091467	13.513114	-0.088634	2.323839
489.633465	1062.109305	13.518119	-0.088625	2.323847
489.514324	1062.114772	13.523123	-0.088603	2.323838
489.543972	1062.117782	13.528128	-0.088608	2.323843
489.558422	1062.120040	13.533133	-0.088611	2.323846
489.598580	1062.101767	13.538138	-0.088618	2.323837
489.632861	1062.112511	13.543143	-0.088624	2.323848
489.446018	1062.136410	13.548147	-0.088589	2.323846
489.703621	1062.097338	13.553152	-0.088636	2.323844
489.468504	1062.142081	13.558157	-0.088592	2.323851
489.600659	1062.110264	13.563162	-0.088616	2.323843
489.547234	1062.119848	13.568167	-0.088606	2.323844
489.238076	1062.163270	13.573171	-0.088549	2.323843
489.618191	1062.108507	13.578176	-0.088619	2.323843
489.534200	1062.119336	13.583181	-0.088603	2.323841
489.516866	1062.123014	13.588186	-0.088599	2.323842
489.470930	1062.141508	13.593191	-0.088590	2.323850
489.374621	1062.145942	13.598195	-0.088572	2.323843
489.382280	1062.151227	13.603200	-0.088574	2.323848
489.371300	1062.155121	13.608205	-0.088571	2.323849
489.378633	1062.148187	13.613210	-0.088572	2.323845
489.484121	1062.138175	13.618215	-0.088591	2.323848
489.403863	1062.141876	13.623219	-0.088576	2.323843
489.534851	1062.125447	13.628224	-0.088600	2.323844
489.591712	1062.116568	13.633229	-0.088610	2.323843
489.460915	1062.138033	13.638234	-0.088586	2.323845
489.540784	1062.123552	13.643239	-0.088600	2.323843
489.362822	1062.137307	13.648243	-0.088567	2.323834
489.576052	1062.124419	13.653248	-0.088606	2.323847
489.616658	1062.114259	13.658253	-0.088613	2.323843
489.546129	1062.122684	13.663258	-0.088600	2.323842
489.714660	1062.108998	13.668263	-0.088630	2.323849
489.593780	1062.111764	13.673267	-0.088608	2.323839
489.796640	1062.096062	13.678272	-0.088645	2.323848
489.692002	1061.688316	13.683277	-0.088625	2.323557
489.726362	1061.647263	13.688282	-0.088631	2.323532
489.829493	1061.644631	13.693287	-0.088650	2.323541
489.716434	1061.652855	13.698291	-0.088628	2.323535
489.629646	1061.660682	13.703296	-0.088612	2.323531
489.645027	1061.654401	13.708301	-0.088615	2.323528
489.580480	1061.678541	13.713306	-0.088602	2.323538
489.797364	1061.443003	13.718311	-0.088642	2.323398
489.629397	1061.208689	13.723315	-0.088610	2.323220
489.579988	1061.220644	13.728320	-0.088601	2.323223
489.517624	1061.226754	13.733325	-0.088589	2.323221
489.508947	1061.223501	13.738330	-0.088587	2.323218
489.565946	1061.220960	13.743335	-0.088597	2.323221
489.462664	1061.235038	13.748339	-0.088578	2.323221
489.546028	1061.220731	13.753344	-0.088593	2.323219
489.529144	1061.216851	13.758349	-0.088590	2.323214
489.441672	1061.223416	13.763354	-0.088573	2.323210
489.563415	1061.215135	13.768359	-0.088595	2.323216
489.537528	1061.210741	13.773363	-0.088590	2.323211
489.490570	1061.218935	13.778368	-0.088581	2.323211
489.510588	1061.234010	13.783373	-0.088585	2.323223
489.372942	1061.245114	13.788378	-0.088559	2.323217
489.429507	1061.245361	13.793383	-0.088569	2.323223
489.477603	1061.228894	13.798387	-0.088578	2.323216
489.517349	1061.222492	13.803392	-0.088585	2.323215
489.594006	1061.217332	13.808397	-0.088598	2.323219
489.550530	1061.214348	13.813402	-0.088590	2.323213
489.600909	1061.211403	13.818407	-0.088599	2.323216
489.461181	1061.241884	13.823411	-0.088573	2.323223
489.546375	1061.234352	13.828416	-0.088588	2.323226
489.809010	1061.195228	13.833421	-0.088636	2.323225
489.597300	1061.211378	13.838426	-0.088597	2.323215
489.599810	1061.220131	13.843431	-0.088597	2.323221
489.513354	1061.224052	13.848435	-0.088581	2.323215
489.554464	1061.221085	13.853440	-0.088588	2.323216
489.531590	1061.218526	13.858445	-0.088583	2.323212
489.411899	1061.244516	13.863450	-0.088561	2.323218
489.523184	1061.227985	13.868455	-0.088581	2.323218
489.577981	1061.218950	13.873459	-0.088591	2.323217
489.536527	1061.228164	13.878464	-0.088583	2.323219
489.637613	1060.818907	13.883469	-0.088601	2.322947
489.501563	1060.812980	13.888474	-0.088576	2.322929
489.508722	1060.810161	13.893479	-0.088577	2.322928
489.450477	1060.819762	13.898483	-0.088566	2.322929
489.558026	1060.796050	13.903488	-0.088585	2.322923
489.610372	1060.805989	13.908493	-0.088594	2.322935
489.388646	1060.823819	13.913498	-0.088553	2.322925
489.381976	1060.837079	13.918503	-0.088552	2.322933
489.596761	1060.804200	13.923507	-0.088591	2.322932
489.445161	1060.836853	13.928512	-0.088563	2.322939
489.637757	1060.817858	13.933517	-0.088598	2.322945
489.474747	1060.826960	13.938522	-0.088567	2.322935
489.510433	1060.830228	13.943527	-0.088574	2.322940
489.467990	1060.819604	13.948531	-0.088566	2.322928
489.472989	1060.828450	13.953536	-0.088566	2.322935
489.583951	1060.813100	13.958541	-0.088586	2.322935
489.475329	1060.824545	13.963546	-0.088566	2.322932
489.458296	1060.832948	13.968551	-0.088562	2.322936
489.444938	1060.835370	13.973555	-0.088560	2.322936
489.546936	1060.808829	13.978560	-0.088578	2.322928
489.609494	1060.806844	13.983565	-0.088589	2.322932
489.474507	1060.814841	13.988570	-0.088564	2.322924
489.642313	1060.811242	13.993575	-0.088595	2.322938
489.551767	1060.818708	13.998579	-0.088578	2.322934
489.592523	1060.810797	14.003584	-0.088585	2.322933
489.721702	1060.796669	14.008589	-0.088608	2.322936
489.480828	1060.822040	14.013594	-0.088564	2.322929
489.580075	1060.809748	14.018599	-0.088582	2.322930
489.596680	1060.801700	14.023603	-0.088584	2.322926
489.660632	1060.809731	14.028608	-0.088596	2.322938
489.775765	1060.649824	14.033613	-0.088616	2.322839
489.624383	1060.338935	14.038618	-0.088588	2.322610
489.588247	1060.342158	14.043623	-0.088581	2.322609
489.620536	1060.332522	14.048627	-0.088587	2.322605
489.679414	1060.322668	14.053632	-0.088597	2.322604
489.887505	1060.295523	14.058637	-0.088635	2.322606
489.577965	1060.327207	14.063642	-0.088578	2.322597
489.620681	1060.334223	14.068647	-0.088585	2.322606
489.490891	1060.340563	14.073651	-0.088561	2.322597
489.510177	1060.353015	14.078656	-0.088564	2.322607
489.468688	1060.357239	14.083661	-0.088556	2.322606
489.408289	1060.361931	14.088666	-0.088545	2.322603
489.373494	1060.375403	14.093671	-0.088538	2.322608
489.461728	1060.346996	14.098675	-0.088554	2.322597
489.365252	1060.353733	14.103680	-0.088536	2.322592
489.522655	1060.341192	14.108685	-0.088565	2.322599
489.324634	1060.365584	14.113690	-0.088528	2.322596
489.428206	1060.358340	14.118695	-0.088547	2.322601
489.566624	1060.337651	14.123699	-0.088572	2.322601
489.543397	1060.330150	14.128704	-0.088567	2.322593
489.612129	1060.349291	14.133709	-0.088580	2.322613
489.463857	1060.339917	14.138714	-0.088552	2.322591
489.482089	1060.350933	14.143719	-0.088555	2.322601
489.660478	1060.320369	14.148723	-0.088587	2.322597
489.586343	1060.330002	14.153728	-0.088573	2.322596
489.680905	1060.324289	14.158733	-0.088591	2.322602
489.650352	1060.084021	14.163738	-0.088584	2.322433
489.471109	1060.174479	14.168743	-0.088551	2.322477
489.502274	1059.989756	14.173747	-0.088556	2.322353
489.493809	1059.882737	14.178752	-0.088554	2.322279
489.562815	1059.884582	14.183757	-0.088567	2.322287
489.512211	1059.875145	14.188762	-0.088557	2.322275
489.376702	1059.910917	14.193767	-0.088532	2.322286
489.551035	1060.022588	14.198771	-0.088564	2.322380
489.417555	1059.905069	14.203776	-0.088539	2.322285
489.571166	1059.886718	14.208781	-0.088567	2.322288
489.540190	1059.883746	14.213786	-0.088561	2.322283
489.368731	1059.915644	14.218791	-0.088529	2.322287
489.513312	1060.216410	14.223795	-0.088555	2.322508
489.484391	1059.889656	14.228800	-0.088549	2.322281
489.658616	1059.883076	14.233805	-0.088581	2.322293
489.549836	1059.879566	14.238810	-0.088561	2.322280
489.581504	1059.895217	14.243815	-0.088566	2.322294
489.382222	1059.916842	14.248819	-0.088529	2.322288
489.427896	1059.911170	14.253824	-0.088537	2.322289
489.378763	1059.920361	14.258829	-0.088528	2.322290
489.544800	1059.892947	14.263834	-0.088558	2.322288
489.467395	1059.913496	14.268839	-0.088544	2.322294
489.630307	1059.871099	14.273843	-0.088573	2.322281
489.569788	1059.879669	14.278848	-0.088562	2.322280
489.419460	1059.912139	14.283853	-0.088534	2.322288
489.659853	1059.857161	14.288858	-0.088578	2.322274
489.800476	1059.856807	14.293863	-0.088603	2.322287
489.741862	1059.866009	14.298867	-0.088592	2.322287
489.649346	1059.876034	14.303872	-0.088575	2.322285
489.742489	1059.882102	14.308877	-0.088592	2.322298
489.638889	1059.881474	14.313882	-0.088572	2.322287
489.673214	1059.449358	14.318887	-0.088578	2.321993
489.705598	1059.412927	14.323891	-0.088584	2.321971
489.628334	1059.423695	14.328896	-0.088569	2.321971
489.510216	1059.453997	14.333901	-0.088547	2.321980
489.597111	1059.429872	14.338906	-0.088563	2.321972
489.602188	1059.431667	14.343911	-0.088563	2.321973
489.615980	1059.425164	14.348915	-0.088565	2.321970
489.411694	1059.438893	14.353920	-0.088527	2.321959
489.424051	1059.463692	14.358925	-0.088529	2.321977
489.207687	1059.477808	14.363930	-0.088489	2.321965
489.269290	1059.490936	14.368935	-0.088500	2.321980
489.412305	1059.458458	14.373939	-0.088526	2.321972
489.410049	1059.437029	14.378944	-0.088525	2.321957
489.369889	1059.529125	14.383949	-0.088518	2.322016
489.249946	1059.952596	14.388954	-0.088496	2.322295
489.468914	1059.920015	14.393959	-0.088536	2.322294
489.516995	1059.908093	14.398963	-0.088544	2.322290
489.514694	1059.899153	14.403968	-0.088543	2.322284
489.557560	1059.908869	14.408973	-0.088551	2.322295
489.481869	1059.909194	14.413978	-0.088537	2.322287
489.526454	1059.912078	14.418983	-0.088545	2.322293
489.613813	1059.906272	14.423987	-0.088560	2.322298
489.746045	1059.451806	14.428992	-0.088584	2.321998
489.465273	1059.466397	14.433997	-0.088532	2.321980
489.377382	1059.471895	14.439002	-0.088516	2.321975
489.502890	1059.462378	14.444007	-0.088538	2.321981
489.689261	1059.421352	14.449011	-0.088572	2.321971
489.382586	1059.466476	14.454016	-0.088515	2.321971
489.359565	1059.475517	14.459021	-0.088511	2.321975
489.456983	1059.441471	14.464026	-0.088528	2.321961
489.538446	1059.455127	14.469031	-0.088543	2.321979
489.447510	1059.467875	14.474035	-0.088526	2.321978
489.500602	1059.446603	14.479040	-0.088536	2.321969
489.487306	1059.461499	14.484045	-0.088533	2.321977
489.473762	1059.456685	14.489050	-0.088530	2.321972
489.434480	1059.465811	14.494055	-0.088522	2.321975
489.460746	1059.897613	14.499059	-0.088527	2.322274
489.448301	1059.807291	14.504064	-0.088524	2.322211
489.582674	1059.881387	14.509069	-0.088549	2.322275
489.445001	1059.781051	14.514074	-0.088523	2.322192
489.590027	1059.600517	14.519079	-0.088549	2.322082
489.511556	1059.459617	14.524083	-0.088535	2.321977
489.568175	1059.444643	14.529088	-0.088545	2.321972
489.413852	1059.468613	14.534093	-0.088516	2.321973
489.463678	1059.457346	14.539098	-0.088525	2.321970
489.552384	1059.459967	14.544103	-0.088541	2.321981
489.493016	1059.472456	14.549107	-0.088530	2.321983
489.399010	1059.469761	14.554112	-0.088512	2.321972
489.390671	1059.832347	14.559117	-0.088510	2.322220
489.340158	1059.931400	14.564122	-0.088501	2.322283
489.443799	1059.919377	14.569127	-0.088519	2.322285
489.456965	1059.925221	14.574131	-0.088522	2.322290
489.538945	1059.897949	14.579136	-0.088536	2.322279
489.471426	1059.923876	14.584141	-0.088524	2.322290
489.471331	1059.920291	14.589146	-0.088523	2.322287
489.527610	1059.911494	14.594151	-0.088533	2.322287
489.565715	1059.919403	14.599155	-0.088540	2.322296
489.447294	1059.930909	14.604160	-0.088518	2.322292
489.409442	1059.940055	14.609165	-0.088510	2.322294
489.329146	1059.939685	14.614170	-0.088495	2.322286
489.439422	1059.938732	14.619175	-0.088515	2.322296
489.494860	1059.928014	14.624179	-0.088525	2.322294
489.538593	1059.932157	14.629184	-0.088533	2.322301
489.394650	1059.941684	14.634189	-0.088506	2.322293
489.380926	1059.942796	14.639194	-0.088503	2.322292
489.504557	1059.939456	14.644199	-0.088526	2.322302
489.393700	1059.953952	14.649203	-0.088505	2.322301
489.382907	1059.935119	14.654208	-0.088503	2.322287
489.655412	1059.920663	14.659213	-0.088552	2.322304
489.483790	1059.923983	14.664218	-0.088520	2.322289
489.661748	1059.910279	14.669223	-0.088553	2.322297
489.409220	1059.950964	14.674227	-0.088506	2.322299
489.574513	1059.909585	14.679232	-0.088536	2.322287
489.551431	1059.920679	14.684237	-0.088532	2.322292
489.522716	1059.922373	14.689242	-0.088526	2.322290
489.482178	1059.927369	14.694247	-0.088518	2.322290
489.564335	1059.924812	14.699251	-0.088533	2.322296
489.636339	1059.887861	14.704256	-0.088546	2.322277
489.613342	1059.904844	14.709261	-0.088541	2.322287
489.419515	1059.926588	14.714266	-0.088505	2.322282
489.664508	1059.888650	14.719271	-0.088550	2.322280
489.641122	1059.435615	14.724275	-0.088545	2.321966
489.577724	1059.434616	14.729280	-0.088533	2.321959
489.579487	1059.459360	14.734285	-0.088533	2.321976
489.567610	1059.447495	14.739290	-0.088531	2.321967
489.558487	1059.450666	14.744295	-0.088529	2.321968
489.290279	1059.507015	14.749299	-0.088479	2.321979
489.417252	1059.487527	14.754304	-0.088502	2.321979
489.477146	1059.489781	14.759309	-0.088513	2.321986
489.548748	1059.446763	14.764314	-0.088526	2.321963
489.624806	1059.446450	14.769319	-0.088539	2.321970
489.586763	1059.464476	14.774323	-0.088532	2.321979
489.506988	1059.466529	14.779328	-0.088517	2.321972
489.497894	1059.491257	14.784333	-0.088515	2.321988
489.358146	1059.482703	14.789338	-0.088489	2.321968
489.552470	1059.454596	14.794343	-0.088524	2.321968
489.619540	1059.449684	14.799347	-0.088536	2.321971

489.524234	1059.454894	14.804352	-0.088518	2.321965
489.489909	1059.054113	14.809357	-0.088511	2.321686
489.433813	1058.698740	14.814362	-0.088501	2.321435
489.540884	1058.096299	14.819367	-0.088520	2.321032
489.377959	1057.502218	14.824371	-0.088489	2.320606
489.484531	1056.653545	14.829376	-0.088508	2.320033
489.617757	1055.608054	14.834381	-0.088531	2.319326
489.442394	1054.461866	14.839386	-0.088498	2.318519
489.412227	1053.206924	14.844391	-0.088491	2.317651
489.295646	1051.796279	14.849395	-0.088468	2.316667
489.260292	1050.332369	14.854400	-0.088460	2.315654
489.139772	1048.733948	14.859405	-0.088437	2.314539
488.942792	1047.025075	14.864410	-0.088399	2.313340
488.905257	1045.177593	14.869415	-0.088391	2.312060
488.828709	1043.293889	14.874419	-0.088375	2.310751
488.378171	1041.321101	14.879424	-0.088290	2.309341
488.431281	1039.215087	14.884429	-0.088298	2.307890
488.261291	1036.992664	14.889434	-0.088265	2.306334
488.395519	1034.641279	14.894439	-0.088288	2.304719
488.276158	1032.108683	14.899443	-0.088264	2.302951
488.001019	1029.548084	14.904448	-0.088212	2.301146
487.773019	1026.943142	14.909453	-0.088167	2.299315
487.599247	1024.221503	14.914458	-0.088133	2.297406
487.537548	1021.367161	14.919463	-0.088120	2.295414
487.231670	1018.500001	14.924467	-0.088061	2.293387
487.162057	1015.473363	14.929472	-0.088046	2.291271
487.048265	1012.388859	14.934477	-0.088023	2.289108
486.861344	1009.151223	14.939482	-0.087986	2.286829
486.631311	1005.898152	14.944487	-0.087941	2.284532
486.487529	1002.505110	14.949491	-0.087912	2.282144
486.149040	999.113583	14.954496	-0.087847	2.279735
485.969990	995.599606	14.959501	-0.087811	2.277253
485.670229	992.086270	14.964506	-0.087754	2.274757
485.553011	988.387832	14.969511	-0.087729	2.272146
485.350619	984.735877	14.974515	-0.087689	2.269557
484.972800	980.921540	14.979520	-0.087617	2.266832
484.943788	977.069865	14.984525	-0.087609	2.264113
484.627321	973.116903	14.989530	-0.087547	2.261290
484.381913	969.155029	14.994535	-0.087499	2.258464
484.318215	965.063499	14.999539	-0.087484	2.255562
483.895544	960.904948	15.004544	-0.087404	2.252571
483.840428	956.679354	15.009549	-0.087390	2.249567
483.274235	952.427460	15.014554	-0.087283	2.246487
483.223656	948.088178	15.019559	-0.087270	2.243394
483.017740	943.671589	15.024563	-0.087229	2.240225
482.616159	939.227857	15.029568	-0.087152	2.237012
482.335046	934.762641	15.034573	-0.087097	2.233792
482.079452	930.240917	15.039578	-0.087047	2.230529
481.896140	925.604663	15.044583	-0.087009	2.227187
481.678630	920.919210	15.049587	-0.086966	2.223801
481.402317	916.191957	15.054592	-0.086912	2.220373
481.054671	911.417029	15.059597	-0.086844	2.216898
480.716718	906.582760	15.064602	-0.086778	2.213376
480.543294	901.728280	15.069607	-0.086743	2.209851
480.362649	896.730470	15.074611	-0.086706	2.206216
479.781068	891.788206	15.079616	-0.086595	2.202572
479.566350	886.809570	15.084621	-0.086552	2.198935
479.189562	881.770247	15.089626	-0.086479	2.195230
478.967693	876.673088	15.094631	-0.086435	2.191494
478.581609	871.567259	15.099635	-0.086360	2.187727
478.182501	866.415148	15.104640	-0.086283	2.183918
478.003789	861.246390	15.109645	-0.086246	2.180114
477.584981	856.004307	15.114650	-0.086165	2.176224
477.273687	850.763815	15.119655	-0.086104	2.172339
477.084165	845.433285	15.124659	-0.086065	2.168395
476.547257	840.113084	15.129664	-0.085962	2.164412
476.344741	834.742774	15.134669	-0.085921	2.160422
476.024689	829.314531	15.139674	-0.085858	2.156369
475.729729	823.875224	15.144679	-0.085800	2.152303
475.428247	818.408277	15.149683	-0.085741	2.148207
475.101030	812.835304	15.154688	-0.085676	2.144022
474.815489	807.294508	15.159693	-0.085620	2.139857
474.114224	801.797713	15.164698	-0.085487	2.135671
473.819669	796.259413	15.169703	-0.085429	2.131490
473.536664	790.661171	15.174707	-0.085372	2.127258
472.927856	785.066057	15.179712	-0.085256	2.122982
472.697088	779.493426	15.184717	-0.085210	2.118758
472.254397	773.893557	15.189722	-0.085124	2.114481
471.912811	768.265652	15.194727	-0.085057	2.110185
471.793562	762.552404	15.199731	-0.085031	2.105841
471.170984	756.867811	15.204736	-0.084912	2.101452
470.903789	751.143058	15.209741	-0.084859	2.097064
470.347097	745.459371	15.214746	-0.084753	2.092664
469.926170	739.712263	15.219751	-0.084671	2.088223
469.609658	733.974385	15.224755	-0.084608	2.083791
469.360187	728.180801	15.229760	-0.084558	2.079315
468.853325	722.425983	15.234765	-0.084461	2.074828
468.443360	716.664497	15.239770	-0.084381	2.070339
467.944495	710.894761	15.244775	-0.084285	2.065822
467.654482	705.107904	15.249779	-0.084228	2.061307
467.340519	699.249326	15.254784	-0.084166	2.056723
466.913690	693.434242	15.259789	-0.084083	2.052149
466.435533	687.590795	15.264794	-0.083991	2.047537
466.047568	681.764559	15.269799	-0.083915	2.042939
465.662822	675.897203	15.274803	-0.083840	2.038298
465.181584	670.056218	15.279808	-0.083747	2.033656
464.643460	664.259962	15.284813	-0.083644	2.029031
464.444778	658.378687	15.289818	-0.083603	2.024370
464.102146	652.479895	15.294823	-0.083536	2.019667
463.717199	646.579495	15.299827	-0.083461	2.014946
463.218027	640.673009	15.304832	-0.083365	2.010195
462.682111	634.792507	15.309837	-0.083262	2.005449
462.158114	628.941214	15.314842	-0.083161	2.000716
461.787451	623.075172	15.319847	-0.083089	1.995979
461.566061	617.190124	15.324851	-0.083044	1.991234
460.914083	611.283651	15.329856	-0.082919	1.986407
460.569985	605.424678	15.334861	-0.082852	1.981645
460.091991	599.564975	15.339866	-0.082759	1.976854
459.615232	593.700886	15.344871	-0.082667	1.972047
459.316454	587.802284	15.349875	-0.082608	1.967224
458.757204	581.944715	15.354880	-0.082501	1.962388
458.390837	576.062241	15.359885	-0.082429	1.957545
457.841214	570.215752	15.364890	-0.082324	1.952696
457.495803	564.353333	15.369895	-0.082256	1.947848
457.117684	558.469241	15.374899	-0.082182	1.942965
456.570623	552.624761	15.379904	-0.082077	1.938081
456.068839	546.812085	15.384909	-0.081981	1.933217
455.668888	540.982834	15.389914	-0.081903	1.928340
454.947196	535.183649	15.394919	-0.081766	1.923434
454.467786	529.439073	15.399923	-0.081673	1.918591
453.992636	523.673298	15.404928	-0.081582	1.913720
453.329408	517.988267	15.409933	-0.081456	1.908879
452.957560	512.283983	15.414938	-0.081383	1.904047
452.508072	506.577628	15.419943	-0.081296	1.899191
452.016193	500.898521	15.424947	-0.081201	1.894341
451.525238	495.235223	15.429952	-0.081107	1.889490
450.993704	489.588906	15.434957	-0.081005	1.884637
450.574700	483.948588	15.439962	-0.080924	1.879791
449.996830	478.314730	15.444967	-0.080813	1.874916
449.491953	472.753241	15.449971	-0.080716	1.870100
448.964445	467.173521	15.454976	-0.080615	1.865254
448.302917	461.657913	15.459981	-0.080489	1.860431
447.885572	456.139156	15.464986	-0.080409	1.855626
447.330412	450.642243	15.469991	-0.080302	1.850809
446.824619	445.159394	15.474995	-0.080205	1.845997
446.274864	439.713921	15.480000	-0.080100	1.841200
445.857205	434.283239	15.485005	-0.080019	1.836421
445.252688	428.903327	15.490010	-0.079904	1.831648
444.642770	423.507986	15.495015	-0.079788	1.826848
444.180395	418.169990	15.500019	-0.079699	1.822106
443.581455	412.845127	15.505024	-0.079585	1.817344
443.116457	407.559512	15.510029	-0.079495	1.812623
442.348776	402.329163	15.515034	-0.079350	1.807896
441.826833	397.119844	15.520039	-0.079250	1.803210
441.329352	391.935065	15.525043	-0.079155	1.798536
440.864705	386.751829	15.530048	-0.079065	1.793856
440.524918	381.540317	15.535053	-0.078999	1.789157
439.839781	376.399860	15.540058	-0.078869	1.784459
439.124779	371.324002	15.545063	-0.078734	1.779803
438.637124	366.265424	15.550067	-0.078640	1.775182
438.117012	361.166551	15.555072	-0.078541	1.770508
437.534984	356.141527	15.560077	-0.078430	1.765880
437.051536	351.150710	15.565082	-0.078337	1.761285
436.606100	346.127676	15.570087	-0.078252	1.756653
436.152420	341.158817	15.575091	-0.078165	1.752058
435.361346	336.242689	15.580096	-0.078015	1.747449
434.579037	331.416026	15.585101	-0.077868	1.742912
434.077813	326.590374	15.590106	-0.077772	1.738405
433.544610	321.798412	15.595111	-0.077670	1.733912
433.000432	317.031925	15.600115	-0.077566	1.729429
432.301156	312.284208	15.605120	-0.077434	1.724929
431.496021	307.664923	15.610125	-0.077282	1.720521
430.935152	303.078588	15.615130	-0.077176	1.716168
430.410762	298.488811	15.620135	-0.077076	1.711807
429.982254	293.902242	15.625139	-0.076994	1.707452
429.409083	289.349633	15.630144	-0.076885	1.703095
428.723690	284.845365	15.635149	-0.076755	1.698756
428.076396	280.388532	15.640154	-0.076633	1.694456
427.331812	275.989138	15.645159	-0.076492	1.690184
426.759039	271.636536	15.650163	-0.076384	1.685973
426.194956	267.283060	15.655168	-0.076277	1.681751
425.458610	263.001969	15.660173	-0.076138	1.677561
424.596807	258.856524	15.665178	-0.075976	1.673470
423.831799	254.725886	15.670183	-0.075832	1.669398
423.492083	250.593987	15.675187	-0.075766	1.665382
423.026427	246.451166	15.680192	-0.075678	1.661325
422.626154	242.301958	15.685197	-0.075601	1.657263
421.530299	238.326486	15.690202	-0.075396	1.653249
420.670897	234.399301	15.695207	-0.075235	1.649309
420.323192	230.465389	15.700211	-0.075168	1.645434
419.969821	226.494109	15.705216	-0.075100	1.641513
419.546335	222.526821	15.710221	-0.075019	1.637575
419.027219	218.604330	15.715226	-0.074920	1.633656
418.073878	214.752596	15.720231	-0.074742	1.629727
417.196020	211.039890	15.725235	-0.074577	1.625938
416.401660	207.365108	15.730240	-0.074428	1.622191
415.904093	203.704963	15.735245	-0.074334	1.618497
415.501220	199.987703	15.740250	-0.074257	1.614753
414.671947	196.374557	15.745255	-0.074101	1.611035
413.581173	192.927581	15.750259	-0.073898	1.607430
413.073372	189.486052	15.755264	-0.073802	1.603918
412.682352	185.987608	15.760269	-0.073727	1.600361
412.136344	182.536371	15.765274	-0.073624	1.596817
411.614867	179.098066	15.770279	-0.073525	1.593283
410.491808	175.830267	15.775283	-0.073316	1.589813
409.762193	172.565265	15.780288	-0.073179	1.586403
408.996358	169.394508	15.785293	-0.073036	1.583074
408.257897	166.285942	15.790298	-0.072897	1.579807
407.037094	163.321448	15.795303	-0.072670	1.576598
406.491956	160.384186	15.800307	-0.072567	1.573523
406.080016	157.390122	15.805312	-0.072489	1.570406
405.638194	154.398837	15.810317	-0.072406	1.567281
405.218284	151.426899	15.815322	-0.072326	1.564173
403.900711	148.611395	15.820327	-0.072081	1.561068
402.956630	145.935659	15.825331	-0.071905	1.558163
402.516045	143.236172	15.830336	-0.071822	1.555313
401.938867	140.512957	15.835341	-0.071713	1.552411
401.516215	137.812409	15.840346	-0.071633	1.549552
400.848685	135.124314	15.845351	-0.071508	1.546660
399.491287	132.693753	15.850355	-0.071256	1.543911
398.819341	130.234157	15.855360	-0.071131	1.541244
398.365393	127.784105	15.860365	-0.071045	1.538620
397.729748	125.363732	15.865370	-0.070926	1.535991
396.800624	123.023689	15.870375	-0.070753	1.533391
395.626697	120.875901	15.875379	-0.070535	1.530945
395.313605	118.620858	15.880384	-0.070476	1.528531
394.790421	116.404033	15.885389	-0.070377	1.526117
394.208969	114.188935	15.890394	-0.070269	1.523691
393.625171	112.015201	15.895399	-0.070159	1.521304
392.883997	109.905022	15.900403	-0.070021	1.518953
392.021526	107.863536	15.905408	-0.069861	1.516650
391.377708	105.863428	15.910413	-0.069740	1.514425
390.908839	103.825290	15.915418	-0.069652	1.512187
390.039198	101.893308	15.920423	-0.069490	1.509988
388.839547	100.119480	15.925427	-0.069268	1.507895
388.199546	98.363481	15.930432	-0.069149	1.505917
387.836474	96.541094	15.935437	-0.069080	1.503915
387.337705	94.748258	15.940442	-0.068987	1.501917
386.169251	93.100791	15.945447	-0.068770	1.499953
385.367344	91.535034	15.950451	-0.068621	1.498139
384.849940	89.947728	15.955456	-0.068524	1.496350
384.495562	88.316487	15.960461	-0.068458	1.494540
383.838057	86.731176	15.965466	-0.068335	1.492724
382.660507	85.302261	15.970471	-0.068117	1.490981
381.886857	83.929875	15.975475	-0.067973	1.489368
381.625247	82.455059	15.980480	-0.067924	1.487735
381.188035	81.030339	15.985485	-0.067842	1.486123
380.786378	79.556933	15.990490	-0.067767	1.484463
380.485582	78.012869	15.995495	-0.067710	1.482742
380.083618	76.521553	16.000499	-0.067635	1.481059
378.864515	75.159956	16.005504	-0.067409	1.479367
378.040287	73.875690	16.010509	-0.067256	1.477828
377.601480	72.579011	16.015514	-0.067174	1.476343
377.419053	71.178438	16.020519	-0.067139	1.474790
377.075578	69.749844	16.025523	-0.067074	1.473176
376.302593	68.406350	16.030528	-0.066931	1.471575
375.172234	67.230697	16.035533	-0.066722	1.470090
374.871611	65.964757	16.040538	-0.066665	1.468656
374.495431	64.654611	16.045543	-0.066595	1.467158
374.069559	63.391878	16.050547	-0.066515	1.465702
373.392724	62.125427	16.055552	-0.066389	1.464194
372.745330	60.883057	16.060557	-0.066269	1.462717
372.229499	59.708658	16.065562	-0.066173	1.461336
371.569168	58.507583	16.070567	-0.066050	1.459899
370.416025	57.475192	16.075571	-0.065836	1.458555
369.423573	56.526759	16.080576	-0.065653	1.457331
368.828531	55.582821	16.085581	-0.065542	1.456185
368.098347	54.683657	16.090586	-0.065407	1.455061
367.643854	53.746051	16.095591	-0.065322	1.453945
367.098634	52.844467	16.100595	-0.065221	1.452852
366.890903	51.878505	16.105600	-0.065181	1.451748
366.748021	50.839867	16.110605	-0.065154	1.450575
366.266381	49.813626	16.115610	-0.065064	1.449353
365.261081	48.895956	16.120615	-0.064878	1.448153
363.389013	48.301025	16.125619	-0.064533	1.447149
362.662657	47.754287	16.130624	-0.064398	1.446409
362.527138	47.027674	16.135629	-0.064372	1.445579
362.302675	46.260707	16.140634	-0.064330	1.444687
362.017395	45.460060	16.145639	-0.064277	1.443747
361.906146	44.589043	16.150643	-0.064255	1.442759
361.614159	43.716048	16.155648	-0.064201	1.441735
361.085989	42.860514	16.160653	-0.064103	1.440686
360.307011	42.016950	16.165658	-0.063958	1.439603
358.863964	41.444382	16.170663	-0.063692	1.438698
357.916769	40.904952	16.175667	-0.063517	1.437921
357.524804	40.322980	16.180672	-0.063444	1.437199
357.379839	39.712857	16.185677	-0.063416	1.436491
357.200376	38.996312	16.190682	-0.063382	1.435658
356.873586	38.228736	16.195687	-0.063321	1.434741
356.577914	37.460554	16.200691	-0.063266	1.433827
356.020146	36.706506	16.205696	-0.063162	1.432880
355.196004	36.044131	16.210701	-0.063010	1.431985
354.179597	35.500726	16.215706	-0.062822	1.431187
353.051346	35.041109	16.220711	-0.062614	1.430461
352.529649	34.568587	16.225715	-0.062517	1.429834
352.304467	34.055284	16.230720	-0.062475	1.429216
352.215991	33.415120	16.235725	-0.062458	1.428482
352.002994	32.759790	16.240730	-0.062418	1.427706
351.763373	32.084539	16.245735	-0.062373	1.426903
351.608482	31.332034	16.250739	-0.062343	1.426029
351.129224	30.566176	16.255744	-0.062254	1.425078
350.487567	29.831793	16.260749	-0.062135	1.424131
348.286447	29.520110	16.265754	-0.061729	1.423366
346.752288	29.374192	16.270759	-0.061446	1.422913
346.615700	29.036496	16.275763	-0.061420	1.422506
346.385549	28.735887	16.280768	-0.061378	1.422124
346.457485	28.279589	16.285773	-0.061390	1.421623
346.165711	27.785263	16.290778	-0.061336	1.421011
345.914367	27.263658	16.295783	-0.061289	1.420375
345.967651	26.601733	16.300787	-0.061298	1.419637
345.910829	25.900083	16.305792	-0.061287	1.418834
345.582798	25.146249	16.310797	-0.061225	1.417921
345.655843	24.319779	16.315802	-0.061238	1.417000
345.188899	23.524161	16.320807	-0.061151	1.416011
344.872862	22.659804	16.325811	-0.061092	1.414973
344.084054	21.847146	16.330816	-0.060946	1.413902
342.491514	21.303688	16.335821	-0.060652	1.412984
341.478978	20.848225	16.340826	-0.060465	1.412275
341.207868	20.314516	16.345831	-0.060414	1.411617
340.798099	19.734743	16.350835	-0.060338	1.410881
339.586154	19.344294	16.355840	-0.060114	1.410206
338.573353	19.052096	16.360845	-0.059927	1.409681
338.111642	18.683056	16.365850	-0.059841	1.409173
337.963614	18.278541	16.370855	-0.059813	1.408685
338.031857	17.729181	16.375859	-0.059825	1.408072
337.759273	17.170498	16.380864	-0.059774	1.407384
337.638053	16.585534	16.385869	-0.059751	1.406695
337.396600	15.911577	16.390874	-0.059706	1.405880
336.736713	15.269400	16.395879	-0.059584	1.405022
335.378400	14.870692	16.400883	-0.059333	1.404307
334.601653	14.500696	16.405888	-0.059189	1.403736
334.461668	13.979401	16.410893	-0.059163	1.403113
334.193532	13.450863	16.415898	-0.059113	1.402458
334.152001	12.872610	16.420903	-0.059104	1.401789
333.814506	12.210630	16.425907	-0.059042	1.400967
333.105067	11.650565	16.430912	-0.058910	1.400189
331.931533	11.219941	16.435917	-0.058693	1.399471
331.082371	10.852878	16.440922	-0.058536	1.398887
330.593389	10.452497	16.445927	-0.058446	1.398334
330.605108	9.935428	16.450931	-0.058447	1.397743
330.288429	9.436622	16.455936	-0.058388	1.397110
329.675479	8.969933	16.460941	-0.058275	1.396456
328.980036	8.517766	16.465946	-0.058146	1.395803
328.482793	8.042429	16.470951	-0.058054	1.395161
327.996014	7.603228	16.475955	-0.057963	1.394562
327.808536	7.054871	16.480960	-0.057928	1.393895
327.404150	6.510477	16.485965	-0.057853	1.393191
326.606667	6.066114	16.490970	-0.057705	1.392525
325.500881	5.775031	16.495975	-0.057501	1.391976
323.769958	5.717233	16.500979	-0.057182	1.391575
322.676884	5.656601	16.505984	-0.056980	1.391293
322.475392	5.636919	16.510989	-0.056943	1.391231
322.486949	5.403085	16.515994	-0.056945	1.390964
322.280768	5.145968	16.520999	-0.056906	1.390627
322.351771	4.773368	16.526003	-0.056919	1.390211
322.195321	4.376379	16.531008	-0.056889	1.389723
321.743267	3.995055	16.536013	-0.056805	1.389195
321.782387	3.450753	16.541018	-0.056812	1.388574
321.474325	2.919412	16.546023	-0.056754	1.387900
321.312581	2.365693	16.551027	-0.056724	1.387229
321.098558	1.730842	16.556032	-0.056684	1.386453
320.308948	1.172894	16.561037	-0.056538	1.385654
319.139864	0.756755	16.566042	-0.056322	1.384945
317.613493	0.536017	16.571047	-0.056040	1.384393
316.242803	0.541092	16.576051	-0.055787	1.384132
315.727617	0.366869	16.581056	-0.055692	1.383829
315.579826	0.207672	16.586061	-0.055664	1.383616
315.428829	-0.017902	16.591066	-0.055636	1.383325
315.050962	-0.282619	16.596071	-0.055566	1.382944
315.018741	-0.664516	16.601075	-0.055559	1.382495
314.888966	-1.018869	16.606080	-0.055535	1.382058
314.580783	-1.456940	16.611085	-0.055477	1.381489
314.825790	-2.070542	16.616090	-0.055522	1.380824
314.363217	-2.621322	16.621095	-0.055436	1.380094
314.125352	-3.239456	16.626099	-0.055391	1.379329
313.282775	-3.774546	16.631104	-0.055235	1.378542
311.603759	-4.055198	16.636109	-0.054926	1.377887
309.960811	-4.053417	16.641114	-0.054623	1.377568
309.235052	-4.150963	16.646119	-0.054489	1.377312
309.169832	-4.294432	16.651123	-0.054476	1.377132
308.994232	-4.512631	16.656128	-0.054443	1.376843
308.861574	-4.838365	16.661133	-0.054418	1.376437
308.792058	-5.232746	16.666138	-0.054405	1.375964
308.464626	-5.620062	16.671143	-0.054344	1.375448
308.145635	-6.027364	16.676147	-0.054285	1.374910
307.716530	-6.442731	16.681152	-0.054205	1.374341
307.530985	-6.968773	16.686157	-0.054170	1.373690
307.254351	-7.498215	16.691162	-0.054119	1.373018
306.527940	-7.947608	16.696167	-0.053984	1.372350
304.564861	-8.047629	16.701171	-0.053622	1.371847
302.769058	-7.853689	16.706176	-0.053291	1.371720
302.064803	-7.981039	16.711181	-0.053161	1.371432
301.951877	-7.958278	16.716186	-0.053140	1.371436
301.494418	-7.885730	16.721191	-0.053055	1.371431
301.296769	-8.047482	16.726195	-0.053019	1.371203
301.028765	-8.122769	16.731200	-0.052969	1.371061
300.834912	-8.331539	16.736205	-0.052933	1.370779
299.979808	-8.443069	16.741210	-0.052775	1.370480
299.780820	-8.585778	16.746215	-0.052738	1.370273
299.589889	-8.804625	16.751219	-0.052702	1.369979
299.542710	-9.076255	16.756224	-0.052693	1.369651
299.208170	-9.452756	16.761229	-0.052631	1.369144
298.750606	-9.722472	16.766234	-0.052546	1.368738
298.199548	-10.041078	16.771239	-0.052444	1.368255
297.313897	-10.253323	16.776243	-0.052280	1.367832
295.607161	-10.105179	16.781248	-0.051966	1.367668
294.837006	-10.236994	16.786253	-0.051823	1.367361
294.355214	-10.150855	16.791258	-0.051734	1.367367
293.987821	-10.092743	16.796263	-0.051666	1.367362
293.655198	-10.086124	16.801267	-0.051605	1.367304
293.209809	-10.167912	16.806272	-0.051522	1.367120
292.173028	-9.995861	16.811277	-0.051331	1.367117
290.994558	-9.792390	16.816282	-0.051114	1.367123
290.651703	-9.708600	16.821287	-0.051050	1.367153
290.249692	-9.463437	16.826291	-0.050976	1.367361
289.709751	-9.371906	16.831296	-0.050876	1.367361
289.586021	-9.356911	16.836301	-0.050853	1.367354
285.999883	-8.704383	16.841306	-0.050193	1.367412
243.140645	2.012971	16.846311	-0.042305	1.371523
281.069327	1.193501	16.851315	-0.049290	1.378009
288.102724	0.481831	16.856320	-0.050585	1.378556
290.105418	-0.071803	16.861325	-0.050953	1.378303
289.164593	-0.370047	16.866330	-0.050780	1.377772
289.232394	-0.854742	16.871335	-0.050791	1.377220
288.857826	-1.317290	16.876339	-0.050722	1.376608
288.493785	-1.812965	16.881344	-0.050654	1.375958
288.422994	-2.444112	16.886349	-0.050640	1.375208
288.192264	-3.028226	16.891354	-0.050597	1.374481
287.942397	-3.718938	16.896359	-0.050550	1.373625
286.451192	-4.139572	16.901363	-0.050275	1.372841
285.116818	-4.404026	16.906368	-0.050029	1.372269
282.591652	-4.291432	16.911373	-0.049563	1.371904
276.819464	-2.947472	16.916378	-0.048501	1.372340
278.041879	-2.345437	16.921383	-0.048726	1.373284
280.586750	-2.503967	16.926387	-0.049194	1.373598
280.225877	-2.447141	16.931392	-0.049127	1.373593
280.531496	-2.509443	16.936397	-0.049183	1.373580
280.178568	-2.601219	16.941402	-0.049118	1.373403
279.933570	-2.667027	16.946407	-0.049072	1.373278
279.925467	-2.942714	16.951411	-0.049070	1.372954
278.418760	-2.944342	16.956416	-0.048793	1.372655
277.500913	-2.794531	16.961421	-0.048623	1.372650
276.897476	-2.690904	16.966426	-0.048512	1.372652
276.789385	-2.672696	16.971431	-0.048492	1.372652
276.973390	-2.918986	16.976435	-0.048525	1.372400
275.046618	-2.647332	16.981440	-0.048170	1.372338
275.031264	-2.642178	16.986445	-0.048167	1.372341
274.238441	-2.499229	16.991450	-0.048020	1.372352
273.467434	-2.377036	16.996455	-0.047878	1.372343
273.314941	-2.353898	17.001459	-0.047850	1.372339
273.184522	-2.104421	17.006464	-0.047826	1.372605
272.493571	-2.211987	17.011469	-0.047698	1.372343
271.256120	-1.844081	17.016474	-0.047470	1.372530
271.948827	-1.858500	17.021479	-0.047597	1.372649
272.053499	-2.129878	17.026483	-0.047616	1.372351
271.338052	-2.074296	17.031488	-0.047484	1.372275
270.836078	-2.158448	17.036493	-0.047391	1.372078
269.942955	-2.131827	17.041498	-0.047226	1.371933
268.190716	-1.826352	17.046503	-0.046903	1.371945
269.023674	-1.907253	17.051507	-0.047056	1.372014
266.887789	-1.493097	17.056512	-0.046663	1.372078
267.486672	-1.597896	17.061517	-0.046773	1.372073
266.404615	-1.272443	17.066522	-0.046573	1.372241
267.574577	-1.467523	17.071527	-0.046788	1.372242
267.164031	-1.643632	17.076531	-0.046712	1.371955
264.862276	-1.205056	17.081536	-0.046288	1.372015
266.458420	-1.606583	17.086541	-0.046582	1.371859
265.138325	-1.478644	17.091546	-0.046338	1.371749
264.736207	-1.545208	17.096551	-0.046264	1.371591
263.178424	-1.423425	17.101555	-0.045977	1.371427
262.868877	-1.107469	17.106560	-0.045920	1.371735
263.471434	-1.395925	17.111565	-0.046030	1.371516
261.976248	-1.212361	17.116570	-0.045754	1.371436
263.199649	-1.443658	17.121575	-0.045979	1.371406
261.875213	-1.472574	17.126579	-0.045735	1.371111
260.247249	-1.194108	17.131584	-0.045435	1.371116
260.378150	-1.223419	17.136589	-0.045459	1.371107
260.085921	-1.166907	17.141594	-0.045405	1.371116
260.084924	-1.311110	17.146599	-0.045404	1.370946
259.151063	-1.267488	17.151603	-0.045232	1.370813
258.886505	-1.224962	17.156608	-0.045183	1.370810
258.323405	-1.412288	17.161613	-0.045078	1.370480
256.544758	-1.105397	17.166618	-0.044751	1.370489
257.602914	-1.138432	17.171623	-0.044945	1.370658
257.339795	-1.387894	17.176627	-0.044896	1.370314
255.068352	-0.975733	17.181632	-0.044478	1.370349
257.077129	-1.393619	17.186637	-0.044847	1.370254
254.662520	-1.263687	17.191642	-0.044402	1.369930
254.722058	-1.072488	17.196647	-0.044413	1.370166
253.771821	-1.167229	17.201651	-0.044237	1.369867
253.453519	-1.114324	17.206656	-0.044179	1.369866
254.532242	-1.352330	17.211661	-0.044377	1.369800
251.686066	-1.050735	17.216666	-0.043852	1.369592
252.427739	-0.990843	17.221671	-0.043989	1.369808
252.847662	-1.403177	17.226675	-0.044065	1.369407
249.444320	-0.791027	17.231680	-0.043439	1.369453
252.763398	-1.412767	17.236685	-0.044049	1.369378
249.821393	-1.033061	17.241690	-0.043507	1.369243
249.344541	-0.958543	17.246695	-0.043419	1.369236
249.860857	-1.198848	17.251699	-0.043514	1.369056
248.318328	-1.047169	17.256704	-0.043229	1.368929
249.673030	-1.374961	17.261709	-0.043478	1.368811
246.774462	-1.056101	17.266714	-0.042944	1.368613
246.874287	-0.881489	17.271719	-0.042963	1.368837
247.863176	-1.237168	17.276723	-0.043144	1.368615
245.806169	-0.893377	17.281728	-0.042765	1.368612
247.215827	-1.348410	17.286733	-0.043024	1.368356
245.188705	-1.141868	17.291738	-0.042651	1.368198
243.993097	-0.981807	17.296743	-0.042430	1.368149
245.589356	-1.326780	17.301747	-0.042724	1.368059
242.849118	-0.930273	17.306752	-0.042219	1.367983
244.390702	-1.233859	17.311757	-0.042502	1.367931
242.726148	-1.173744	17.316762	-0.042195	1.367672
242.232823	-1.091512	17.321767	-0.042104	1.367671
242.353355	-1.124251	17.326771	-0.042126	1.367656
240.111003	-0.901328	17.331776	-0.041713	1.367474
243.912724	-1.514021	17.336781	-0.042412	1.367506
239.140715	-1.032830	17.341786	-0.041533	1.367128
239.550532	-0.924436	17.346791	-0.041608	1.367335
240.303356	-1.217996	17.351795	-0.041747	1.367139
238.266687	-0.892448	17.356800	-0.041371	1.367119
239.936184	-1.292899	17.361805	-0.041678	1.366978
237.774435	-1.267693	17.366810	-0.041280	1.366580
236.502585	-0.877901	17.371815	-0.041045	1.366786
237.790009	-1.172861	17.376819	-0.041282	1.366694
235.219136	-0.852919	17.381824	-0.040808	1.366561
238.022330	-1.214931	17.386829	-0.041324	1.366689
234.955146	-1.137147	17.391834	-0.040759	1.366174
234.999369	-0.925016	17.396839	-0.040767	1.366432
235.562473	-1.323188	17.401843	-0.040870	1.366075
232.903986	-0.893085	17.406848	-0.040380	1.366054
234.705625	-1.221030	17.411853	-0.040712	1.366025
232.548243	-1.002034	17.416858	-0.040314	1.365855
231.875199	-0.895515	17.421863	-0.040190	1.365847
233.404930	-1.202270	17.426867	-0.040471	1.365788
230.304213	-0.855554	17.431872	-0.039900	1.365582
233.206843	-1.215459	17.436877	-0.040434	1.365733
229.421869	-0.981842	17.441882	-0.039736	1.365258
230.479121	-0.954422	17.446887	-0.039931	1.365499
230.889104	-1.312270	17.451891	-0.040006	1.365159
227.518946	-0.878826	17.456896	-0.039385	1.365001
229.720861	-1.099414	17.461901	-0.039790	1.365178
228.200778	-1.074548	17.466906	-0.039510	1.364905
227.377995	-0.940690	17.471911	-0.039358	1.364900
228.954252	-1.353819	17.476915	-0.039648	1.364725
225.273793	-0.830811	17.481920	-0.038970	1.364612
226.463191	-1.039959	17.486925	-0.039188	1.364601
227.364748	-1.364575	17.491930	-0.039354	1.364397
223.046169	-0.650990	17.496935	-0.038559	1.364381
226.850021	-1.359817	17.501939	-0.039258	1.364300
222.728052	-0.810028	17.506944	-0.038499	1.364130
224.623840	-1.105195	17.511949	-0.038848	1.364158
223.901542	-1.200324	17.516954	-0.038714	1.363902
221.161661	-0.815218	17.521959	-0.038210	1.363812
224.005328	-1.238526	17.526963	-0.038733	1.363877
220.598879	-0.858109	17.531968	-0.038105	1.363649
221.292154	-0.976083	17.536973	-0.038233	1.363647
222.541711	-1.279384	17.541978	-0.038462	1.363538
218.866178	-0.800739	17.546983	-0.037785	1.363372
221.486304	-1.239065	17.551987	-0.038267	1.363375
218.268252	-0.910112	17.556992	-0.037674	1.363124
219.729216	-1.059422	17.561997	-0.037943	1.363238
218.701977	-1.071784	17.567002	-0.037754	1.363019
217.398094	-1.101099	17.572007	-0.037513	1.362725
218.777373	-1.187834	17.577011	-0.037767	1.362896
214.675381	-0.815085	17.582016	-0.037011	1.362521
217.248528	-0.886047	17.587021	-0.037485	1.362948
216.795617	-1.208854	17.592026	-0.037401	1.362477
214.547984	-0.890294	17.597031	-0.036986	1.362406
215.931754	-1.118695	17.602035	-0.037241	1.362411
214.474205	-1.070120	17.607040	-0.036972	1.362179
213.441475	-0.790215	17.612045	-0.036782	1.362304
214.994315	-1.283328	17.617050	-0.037067	1.362030
211.172644	-0.710064	17.622055	-0.036363	1.361947
214.806357	-1.266829	17.627059	-0.037032	1.362011
210.889186	-1.004658	17.632064	-0.036310	1.361542
211.285642	-0.844217	17.637069	-0.036383	1.361810
212.759923	-1.319527	17.642074	-0.036654	1.361542
208.221034	-0.743290	17.647079	-0.035818	1.361320
211.928857	-1.109823	17.652083	-0.036500	1.361623
208.908138	-0.969451	17.657088	-0.035944	1.361188
208.659083	-0.933300	17.662093	-0.035897	1.361181
209.706964	-1.107568	17.667098	-0.036090	1.361183
206.860069	-0.842155	17.672103	-0.035565	1.360931
209.238757	-1.111046	17.677107	-0.036003	1.361086
206.329174	-0.996722	17.682112	-0.035467	1.360642
206.528751	-0.830942	17.687117	-0.035503	1.360877
207.608387	-1.258291	17.692122	-0.035702	1.360586
204.557508	-1.000020	17.697127	-0.035140	1.360284
205.682912	-0.979747	17.702131	-0.035347	1.360532
204.783553	-1.064696	17.707136	-0.035180	1.360252
203.564458	-0.864672	17.712141	-0.034956	1.360246
204.975174	-1.156080	17.717146	-0.035215	1.360182
202.024232	-0.869477	17.722151	-0.034671	1.359933
203.597416	-1.052038	17.727155	-0.034961	1.360030
202.463451	-1.160509	17.732160	-0.034751	1.359676
199.995334	-0.633523	17.737165	-0.034297	1.359807
203.732324	-1.322322	17.742170	-0.034984	1.359736
198.819650	-0.769974	17.747175	-0.034079	1.359411
201.466803	-1.074937	17.752179	-0.034567	1.359577
200.397267	-1.216050	17.757184	-0.034369	1.359197
196.805760	-0.543211	17.762189	-0.033708	1.359277
202.023021	-1.366165	17.767194	-0.034668	1.359342
196.023048	-0.778142	17.772199	-0.033563	1.358843
198.590636	-0.920502	17.777203	-0.034035	1.359185
198.043924	-1.084212	17.782208	-0.033934	1.358882
195.439845	-0.813491	17.787213	-0.033454	1.358683
198.244332	-1.125803	17.792218	-0.033970	1.358872
194.835744	-0.973711	17.797223	-0.033342	1.358373
195.852139	-0.951557	17.802227	-0.033529	1.358601
195.216775	-1.037013	17.807232	-0.033412	1.358373
193.538749	-0.956586	17.812237	-0.033102	1.358134
194.952439	-1.023683	17.817242	-0.033362	1.358336
192.549506	-1.019243	17.822247	-0.032919	1.357861
192.823552	-0.756740	17.827251	-0.032970	1.358226
193.096052	-1.115173	17.832256	-0.033019	1.357856
190.836221	-0.803217	17.837261	-0.032603	1.357775
193.351917	-1.105571	17.842266	-0.033066	1.357918
190.130065	-0.970027	17.847271	-0.032472	1.357435
190.429494	-0.833482	17.852275	-0.032527	1.357656
190.549105	-1.038684	17.857280	-0.032549	1.357437
188.537528	-0.805800	17.862285	-0.032178	1.357311
190.090591	-0.990112	17.867290	-0.032463	1.357402
188.935521	-1.184571	17.872295	-0.032250	1.356941
187.260356	-0.733026	17.877299	-0.031942	1.357142
188.335726	-1.104016	17.882304	-0.032139	1.356916
186.027735	-0.762242	17.887309	-0.031714	1.356860
187.078276	-0.935869	17.892314	-0.031907	1.356864
187.023040	-1.168803	17.897319	-0.031896	1.356576
184.595215	-0.778627	17.902323	-0.031449	1.356554
186.149104	-1.127807	17.907328	-0.031735	1.356450
182.440814	-0.627409	17.912333	-0.031052	1.356302
185.493627	-0.957642	17.917338	-0.031613	1.356520
184.437118	-1.213161	17.922343	-0.031418	1.356006
181.637494	-0.720816	17.927347	-0.030903	1.356030
184.208512	-1.089773	17.932352	-0.031376	1.356106
180.509377	-0.780156	17.937357	-0.030694	1.355734
183.231365	-1.124682	17.942362	-0.031195	1.355868
180.766065	-0.934543	17.947367	-0.030741	1.355601
180.167335	-0.832844	17.952371	-0.030630	1.355602
181.425900	-1.111040	17.957376	-0.030861	1.355523
177.940702	-0.700170	17.962381	-0.030219	1.355313
180.741222	-1.010351	17.967386	-0.030735	1.355505
179.244667	-1.185420	17.972391	-0.030459	1.354997
177.228997	-0.863269	17.977395	-0.030087	1.354976
177.756250	-0.947590	17.982400	-0.030184	1.354981
176.980015	-0.929892	17.987405	-0.030041	1.354847
177.047929	-0.837378	17.992410	-0.030053	1.354970
177.079958	-1.138149	17.997415	-0.030058	1.354619
174.452257	-0.793595	18.002419	-0.029574	1.354502
177.022156	-1.145821	18.007424	-0.030047	1.354598
172.966562	-0.776818	18.012429	-0.029300	1.354224
174.938557	-0.812557	18.017434	-0.029663	1.354576
174.754738	-1.172827	18.022439	-0.029628	1.354111
172.376854	-0.829422	18.027443	-0.029190	1.354042
172.985822	-0.925685	18.032448	-0.029302	1.354050
172.594935	-1.037084	18.037453	-0.029229	1.353839
171.004796	-0.638588	18.042458	-0.028936	1.353993
173.088751	-1.288427	18.047463	-0.029320	1.353638
169.607898	-0.696046	18.052467	-0.028678	1.353645
171.385911	-1.100867	18.057472	-0.029005	1.353520
169.655101	-0.893247	18.062477	-0.028686	1.353419
168.451301	-0.689823	18.067482	-0.028464	1.353420
170.742057	-1.216506	18.072487	-0.028886	1.353252
167.224984	-0.886319	18.077491	-0.028238	1.352940
168.624400	-0.994457	18.082496	-0.028495	1.353091
167.008764	-0.968901	18.087501	-0.028197	1.352798
165.879172	-0.621443	18.092506	-0.027989	1.352984
168.178540	-1.104897	18.097511	-0.028412	1.352870
164.617364	-0.742612	18.102515	-0.027756	1.352586
167.486091	-1.160526	18.107520	-0.028284	1.352664
163.980648	-0.939487	18.112525	-0.027638	1.352224
163.701812	-0.669318	18.117530	-0.027586	1.352489
165.699130	-1.115106	18.122535	-0.027954	1.352359
162.345121	-0.873417	18.127539	-0.027336	1.351974
163.605151	-0.871708	18.132544	-0.027567	1.352228
162.649338	-0.995856	18.137549	-0.027391	1.351888
161.774432	-0.842057	18.142554	-0.027229	1.351895
162.422142	-1.011538	18.147559	-0.027348	1.351823
159.953491	-0.873380	18.152563	-0.026893	1.351492
161.376196	-0.887775	18.157568	-0.027155	1.351760
159.218430	-0.887766	18.162573	-0.026757	1.351327
159.273889	-0.685257	18.167578	-0.026767	1.351579
160.674294	-1.033664	18.172583	-0.027025	1.351444
157.682717	-0.929714	18.177587	-0.026473	1.350968
158.164294	-0.763163	18.182592	-0.026562	1.351262
158.512196	-1.074957	18.187597	-0.026625	1.350960
156.731998	-0.919829	18.192602	-0.026297	1.350787
156.433180	-0.734787	18.197607	-0.026242	1.350947
156.201105	-1.034595	18.202611	-0.026199	1.350543
156.099562	-0.813622	18.207616	-0.026180	1.350786
155.387727	-1.176910	18.212621	-0.026048	1.350210
153.832194	-0.638942	18.217626	-0.025762	1.350538
154.659393	-0.965210	18.222631	-0.025914	1.350315
154.702879	-1.147939	18.227635	-0.025921	1.350106
151.523253	-0.544147	18.232640	-0.025335	1.350186
154.379046	-1.263697	18.237645	-0.025861	1.349902
150.569070	-0.583765	18.242650	-0.025159	1.349947
152.271772	-0.822958	18.247655	-0.025472	1.350003
152.619642	-1.252220	18.252659	-0.025536	1.349561
149.221003	-0.614776	18.257664	-0.024910	1.349638
151.788555	-1.292854	18.262669	-0.025382	1.349345
147.786355	-0.438691	18.267674	-0.024645	1.349558
150.537929	-0.985033	18.272679	-0.025151	1.349460
149.716563	-1.133359	18.277683	-0.024999	1.349118
146.597764	-0.554347	18.282688	-0.024425	1.349181
149.689962	-1.257330	18.287693	-0.024994	1.348964
146.026304	-0.766664	18.292698	-0.024319	1.348812
147.451718	-0.887336	18.297703	-0.024581	1.348954
146.053078	-0.953372	18.302707	-0.024323	1.348594
145.291819	-0.690857	18.307712	-0.024183	1.348753
146.116421	-1.012902	18.312717	-0.024334	1.348535
144.397337	-0.796006	18.317722	-0.024017	1.348447
144.670747	-0.834216	18.322727	-0.024067	1.348456
144.982005	-1.211448	18.327731	-0.024124	1.348068
141.106808	-0.362182	18.332736	-0.023410	1.348302
144.588559	-1.051637	18.337741	-0.024051	1.348179
142.188246	-0.946331	18.342746	-0.023608	1.347821
141.360238	-0.706243	18.347751	-0.023456	1.347941
142.644278	-1.129053	18.352755	-0.023692	1.347694
139.677782	-0.587206	18.357760	-0.023145	1.347744
142.035376	-1.168140	18.362765	-0.023579	1.347524
139.258480	-0.718130	18.367770	-0.023067	1.347502
139.303997	-0.716875	18.372775	-0.023075	1.347512
140.631869	-1.251696	18.377779	-0.023319	1.347141
136.104765	-0.411899	18.382784	-0.022486	1.347232
140.114032	-1.173303	18.387789	-0.023223	1.347129
137.098176	-0.825523	18.392794	-0.022668	1.346937
136.328390	-0.696969	18.397799	-0.022526	1.346935
137.764852	-1.101178	18.402803	-0.022790	1.346741
134.255863	-0.472000	18.407808	-0.022143	1.346786
137.713262	-1.250194	18.412813	-0.022779	1.346552
133.333969	-0.558214	18.417818	-0.021973	1.346496
135.490912	-0.941010	18.422823	-0.022369	1.346473
134.977138	-1.065619	18.427827	-0.022274	1.346220
131.955132	-0.701476	18.432832	-0.021718	1.346046
133.978152	-0.869106	18.437837	-0.022090	1.346253
132.585745	-0.852531	18.442842	-0.021833	1.345991
132.476574	-0.943211	18.447847	-0.021813	1.345861
131.178825	-0.880788	18.452851	-0.021573	1.345673
130.682401	-0.794666	18.457856	-0.021481	1.345676
131.602775	-0.963694	18.462861	-0.021651	1.345659
129.730882	-0.898219	18.467866	-0.021305	1.345359
129.323924	-0.632229	18.472871	-0.021230	1.345595
130.285356	-1.134399	18.477875	-0.021407	1.345188
127.624628	-0.603103	18.482880	-0.020917	1.345286
129.115995	-0.997736	18.487885	-0.021191	1.345114
127.941972	-0.886672	18.492890	-0.020974	1.345010
125.820284	-0.628916	18.497895	-0.020583	1.344890
129.094110	-1.230410	18.502899	-0.021186	1.344831
123.999939	-0.567718	18.507904	-0.020247	1.344595
127.339367	-1.103479	18.512909	-0.020862	1.344627
124.491302	-0.795508	18.517914	-0.020337	1.344421
123.688868	-0.612644	18.522919	-0.020189	1.344477
126.904520	-1.194034	18.527923	-0.020781	1.344430
121.640041	-0.598826	18.532928	-0.019811	1.344079
124.677768	-0.957553	18.537933	-0.020370	1.344263
122.096820	-0.810949	18.542938	-0.019894	1.343917
122.517792	-0.739343	18.547943	-0.019972	1.344087
122.575892	-1.038026	18.552947	-0.019982	1.343741
120.185988	-0.721443	18.557952	-0.019541	1.343637
121.824394	-0.895393	18.562957	-0.019843	1.343759
120.367745	-1.011918	18.567962	-0.019574	1.343324
119.120016	-0.658078	18.572967	-0.019344	1.343496
120.389113	-1.037972	18.577971	-0.019577	1.343297
118.282691	-0.787656	18.582976	-0.019189	1.343171
117.693294	-0.685308	18.587981	-0.019080	1.343174
119.091023	-0.981253	18.592986	-0.019337	1.343101
117.369793	-0.882882	18.597991	-0.019020	1.342871
117.527546	-0.982499	18.602995	-0.019049	1.342783
114.878667	-0.654779	18.608000	-0.018561	1.342640
117.191108	-0.946089	18.613005	-0.018986	1.342758
115.436853	-0.817996	18.618010	-0.018663	1.342556
115.089997	-0.954667	18.623015	-0.018598	1.342322
115.036226	-0.967025	18.628019	-0.018588	1.342295
112.642606	-0.713140	18.633024	-0.018147	1.342115
114.255026	-0.855427	18.638029	-0.018444	1.342270
113.270451	-0.945726	18.643034	-0.018262	1.341963
112.538410	-0.813181	18.648039	-0.018127	1.341973
112.227328	-1.026681	18.653043	-0.018069	1.341653
110.912355	-0.801622	18.658048	-0.017827	1.341657
110.263950	-0.696196	18.663053	-0.017707	1.341652
111.716391	-0.980656	18.668058	-0.017974	1.341604
109.287104	-0.791374	18.673063	-0.017526	1.341339
110.612048	-0.895142	18.678067	-0.017770	1.341482
108.569323	-0.898738	18.683072	-0.017393	1.341064
108.719290	-0.725202	18.688077	-0.017421	1.341302
108.894306	-1.105853	18.693082	-0.017452	1.340880
106.028093	-0.575184	18.698087	-0.016924	1.340936
107.964948	-0.875612	18.703091	-0.017281	1.340968
106.952336	-0.927080	18.708096	-0.017094	1.340700
106.085125	-0.781203	18.713101	-0.016934	1.340699
105.998615	-0.996184	18.718106	-0.016917	1.340423
103.907852	-0.578838	18.723111	-0.016532	1.340500
105.204528	-0.863120	18.728115	-0.016771	1.340421
105.193858	-0.987046	18.733120	-0.016768	1.340270
102.048498	-0.580994	18.738125	-0.016189	1.340120
105.284593	-1.138162	18.743130	-0.016784	1.340106
101.224911	-0.617641	18.748135	-0.016036	1.339908
103.722646	-1.135789	18.753139	-0.016496	1.339791
100.472201	-0.643882	18.758144	-0.015897	1.339723
101.374275	-0.924254	18.763149	-0.016063	1.339568
101.143277	-0.773811	18.768154	-0.016020	1.339702
99.952268	-0.876687	18.773159	-0.015800	1.339336
101.186598	-1.072262	18.778163	-0.016027	1.339351
97.693585	-0.742618	18.783168	-0.015383	1.339038
98.982603	-0.867743	18.788173	-0.015620	1.339149
98.611349	-0.807630	18.793178	-0.015552	1.339146
97.606011	-0.879147	18.798183	-0.015366	1.338855
97.879089	-0.946739	18.803187	-0.015416	1.338829
96.904196	-0.844546	18.808192	-0.015236	1.338754
95.375730	-0.771111	18.813197	-0.014954	1.338531
97.690604	-1.094625	18.818202	-0.015380	1.338612
93.228252	-0.591277	18.823207	-0.014558	1.338311
96.485714	-1.043188	18.828211	-0.015158	1.338428
93.597959	-0.733620	18.833216	-0.014626	1.338214
93.763426	-0.768382	18.838221	-0.014656	1.338205
94.654378	-1.008095	18.843226	-0.014819	1.338097
91.751619	-0.802104	18.848231	-0.014285	1.337755
92.912087	-0.880507	18.853235	-0.014498	1.337896
91.430091	-0.873738	18.858240	-0.014225	1.337602
90.749297	-0.602942	18.863245	-0.014099	1.337790
92.832193	-1.122800	18.868250	-0.014482	1.337587
89.111828	-0.609960	18.873255	-0.013797	1.337448
90.928037	-0.955550	18.878259	-0.014131	1.337400
90.071554	-0.906939	18.883264	-0.013973	1.337284
87.698461	-0.730145	18.888269	-0.013535	1.337014
90.341043	-1.108623	18.893274	-0.014022	1.337096
85.815502	-0.573299	18.898279	-0.013188	1.336820
88.989994	-1.064342	18.903283	-0.013772	1.336873
85.880345	-0.663494	18.908288	-0.013199	1.336723
86.426280	-0.775248	18.913293	-0.013299	1.336699
87.572124	-1.037509	18.918298	-0.013510	1.336616
84.776194	-0.754788	18.923303	-0.012995	1.336387
85.500087	-0.927859	18.928307	-0.013128	1.336326
84.126440	-0.862248	18.933312	-0.012874	1.336125
83.397206	-0.779850	18.938317	-0.012740	1.336075
84.255279	-0.740654	18.943322	-0.012898	1.336297
83.225484	-0.958908	18.948327	-0.012707	1.335824
82.973747	-0.848468	18.953331	-0.012661	1.335905
81.827898	-0.847456	18.958336	-0.012449	1.335673
82.206693	-0.940492	18.963341	-0.012519	1.335637
80.325194	-0.787907	18.968346	-0.012172	1.335438
81.055613	-0.906417	18.973351	-0.012306	1.335443
80.153853	-0.765677	18.978355	-0.012140	1.335429
79.754459	-0.940430	18.983360	-0.012066	1.335136
79.264320	-0.860590	18.988365	-0.011975	1.335132
78.843711	-0.880770	18.993370	-0.011897	1.335022
77.487245	-0.805878	18.998375	-0.011647	1.334836
77.728796	-0.853220	19.003379	-0.011691	1.334827
77.072385	-0.730490	19.008384	-0.011570	1.334841
77.075178	-0.847879	19.013389	-0.011570	1.334700
76.096200	-0.845995	19.018394	-0.011390	1.334502
76.197497	-0.863186	19.023399	-0.011408	1.334502
75.508566	-0.956337	19.028403	-0.011281	1.334248
74.537622	-0.840134	19.033408	-0.011101	1.334190
74.236346	-0.786492	19.038413	-0.011046	1.334193
74.395103	-0.968863	19.043418	-0.011074	1.334005
71.780379	-0.545172	19.048423	-0.010593	1.333983
74.227697	-1.051113	19.053427	-0.011043	1.333871
71.936345	-0.785392	19.058432	-0.010621	1.333724
71.508131	-0.837817	19.063437	-0.010541	1.333573
71.905141	-0.913546	19.068442	-0.010614	1.333562
69.960886	-0.745796	19.073447	-0.010256	1.333367
71.284179	-0.903387	19.078451	-0.010499	1.333447
69.343209	-0.740369	19.083456	-0.010141	1.333247
69.733533	-0.940875	19.088461	-0.010213	1.333084
67.944635	-0.568357	19.093466	-0.009883	1.333169
69.467120	-1.059053	19.098471	-0.010163	1.332886
67.696598	-0.723922	19.103475	-0.009837	1.332929
67.318172	-0.893355	19.108480	-0.009767	1.332647
66.792952	-0.822338	19.113485	-0.009670	1.332625
65.755501	-0.654469	19.118490	-0.009478	1.332616
66.835879	-0.921331	19.123495	-0.009677	1.332513
65.435857	-0.810490	19.128499	-0.009419	1.332361
65.859825	-1.029682	19.133504	-0.009496	1.332182
63.487457	-0.747768	19.138509	-0.009059	1.332038
63.999577	-0.842039	19.143514	-0.009153	1.332028
63.566334	-0.763129	19.148519	-0.009073	1.332035
63.006819	-0.785955	19.153523	-0.008970	1.331892
62.922892	-0.920257	19.158528	-0.008954	1.331712
62.685505	-1.013074	19.163533	-0.008910	1.331551
60.425946	-0.754379	19.168538	-0.008493	1.331402
61.065911	-0.865029	19.173543	-0.008611	1.331398
60.251957	-0.727472	19.178547	-0.008461	1.331398
60.691835	-0.894830	19.183552	-0.008541	1.331285
58.982147	-0.764507	19.188557	-0.008226	1.331093
59.769987	-0.898789	19.193562	-0.008371	1.331091
58.434730	-0.908185	19.198567	-0.008124	1.330806
57.457141	-0.624659	19.203571	-0.007944	1.330949
58.958825	-1.109982	19.208576	-0.008220	1.330668
55.711266	-0.585530	19.213581	-0.007622	1.330638
57.760964	-0.998219	19.218586	-0.007999	1.330557
56.181774	-0.803378	19.223591	-0.007708	1.330470
54.603170	-0.772800	19.228595	-0.007417	1.330183
56.673547	-0.967154	19.233600	-0.007798	1.330371
52.678720	-0.605439	19.238605	-0.007062	1.329991
55.798598	-1.046198	19.243610	-0.007636	1.330096
52.909424	-0.712001	19.248615	-0.007103	1.329909
53.337618	-0.829570	19.253619	-0.007182	1.329853
53.364091	-0.878551	19.258624	-0.007186	1.329799
50.587626	-0.567909	19.263629	-0.006675	1.329607
53.812555	-1.086857	19.268634	-0.007268	1.329638
49.655795	-0.634657	19.273639	-0.006502	1.329334
51.906711	-0.997856	19.278643	-0.006917	1.329354
49.343030	-0.679270	19.283648	-0.006444	1.329215
48.955028	-0.616166	19.288653	-0.006372	1.329212
50.609889	-0.942804	19.293658	-0.006677	1.329154
48.497783	-0.794428	19.298663	-0.006287	1.328901
48.701630	-0.883061	19.303667	-0.006325	1.328835
47.768627	-0.921142	19.308672	-0.006152	1.328597
46.281600	-0.671272	19.313677	-0.005878	1.328595
46.900748	-0.777853	19.318682	-0.005992	1.328592
47.174260	-0.879918	19.323687	-0.006042	1.328524
44.375326	-0.542990	19.328691	-0.005526	1.328358
47.813354	-1.103265	19.333696	-0.006159	1.328383
43.222895	-0.636220	19.338701	-0.005313	1.328008
45.504189	-0.947733	19.343706	-0.005733	1.328098
43.653436	-0.745917	19.348711	-0.005392	1.327962
42.799280	-0.842145	19.353715	-0.005234	1.327670
43.461419	-0.774820	19.358720	-0.005356	1.327887
41.527036	-0.744491	19.363725	-0.004999	1.327527
43.135900	-0.954293	19.368730	-0.005295	1.327602
40.724013	-0.699462	19.373735	-0.004851	1.327416
41.026796	-0.785928	19.378739	-0.004906	1.327372
41.765709	-0.965574	19.383744	-0.005042	1.327306
38.251639	-0.715790	19.388749	-0.004394	1.326887
40.399694	-0.835839	19.393754	-0.004789	1.327182
37.869496	-0.662790	19.398759	-0.004323	1.326872
39.716233	-0.937325	19.403763	-0.004663	1.326917
37.635604	-0.713322	19.408768	-0.004279	1.326762
37.928719	-0.989730	19.413773	-0.004333	1.326486
36.560750	-0.801524	19.418778	-0.004081	1.326433
35.537354	-0.621423	19.423783	-0.003892	1.326441
36.340113	-0.753605	19.428787	-0.004039	1.326445
36.750722	-0.915791	19.433792	-0.004115	1.326332
34.223524	-0.819262	19.438797	-0.003649	1.325930
35.124425	-0.820505	19.443802	-0.003814	1.326113
33.384056	-0.770938	19.448807	-0.003494	1.325815
33.637224	-0.817603	19.453811	-0.003540	1.325810
33.232898	-0.745804	19.458816	-0.003465	1.325814
32.668634	-0.873049	19.463821	-0.003361	1.325543
31.648301	-0.688386	19.468826	-0.003173	1.325557
31.907060	-0.768583	19.473831	-0.003220	1.325512
31.530808	-0.881954	19.478835	-0.003150	1.325297
30.345146	-0.760597	19.483840	-0.002931	1.325200
30.718747	-0.984535	19.488845	-0.003000	1.325004
28.519773	-0.523978	19.493850	-0.002595	1.325112
30.465181	-0.969719	19.498855	-0.002952	1.324969
28.832996	-0.820538	19.503859	-0.002652	1.324814
27.382636	-0.773542	19.508864	-0.002384	1.324573
28.070747	-0.885156	19.513869	-0.002510	1.324578
26.730436	-0.663625	19.518874	-0.002263	1.324571
27.064418	-0.912373	19.523879	-0.002324	1.324337
25.435999	-0.523184	19.528883	-0.002024	1.324475
26.674995	-0.934672	19.533888	-0.002252	1.324229
24.561375	-0.790471	19.538893	-0.001862	1.323969
24.597435	-0.563697	19.543898	-0.001869	1.324252
25.229965	-1.024365	19.548903	-0.001985	1.323821
22.993481	-0.599782	19.553907	-0.001573	1.323877
24.023801	-0.916975	19.558912	-0.001762	1.323702
22.565726	-0.723859	19.563917	-0.001493	1.323637
21.650835	-0.570199	19.568922	-0.001324	1.323635
23.642946	-1.127671	19.573927	-0.001691	1.323366
18.881053	-0.487769	19.578931	-0.000814	1.323164
21.594586	-0.820647	19.583936	-0.001313	1.323317
21.699029	-0.995368	19.588941	-0.001332	1.323125
17.575081	-0.519028	19.593946	-0.000572	1.322855
21.857835	-1.051765	19.598951	-0.001360	1.323089
16.634415	-0.503138	19.603955	-0.000398	1.322680
19.548329	-0.837851	19.608960	-0.000934	1.322872
18.180372	-0.773756	19.613965	-0.000682	1.322668
17.292906	-0.858377	19.618970	-0.000518	1.322381
17.730414	-0.895851	19.623975	-0.000598	1.322426
14.327953	-0.530848	19.628979	0.000028	1.322169
17.202143	-0.832902	19.633984	-0.000501	1.322393
15.722986	-0.803583	19.638989	-0.000228	1.322123
14.473921	-0.841126	19.643994	0.000003	1.321819
15.049165	-0.756557	19.648999	-0.000103	1.322040
12.765788	-0.734549	19.654003	0.000318	1.321596
14.273425	-0.713007	19.659008	0.000041	1.321933
12.755891	-0.812816	19.664013	0.000320	1.321497
13.138955	-0.947105	19.669018	0.000250	1.321412
11.737190	-0.686385	19.674023	0.000509	1.321440
11.203746	-0.914009	19.679027	0.000607	1.321052
10.575925	-0.505988	19.684032	0.000723	1.321420
11.537780	-1.056355	19.689037	0.000547	1.320946
9.548886	-0.797531	19.694042	0.000913	1.320851
8.869270	-0.540622	19.699047	0.001038	1.321024
10.507762	-1.122851	19.704051	0.000737	1.320651
7.336409	-0.482890	19.709056	0.001321	1.320777
8.873410	-1.035693	19.714061	0.001039	1.320419
7.355147	-0.682131	19.719066	0.001319	1.320537
6.555688	-0.703836	19.724071	0.001466	1.320345
7.975158	-1.056161	19.729075	0.001206	1.320207
4.126042	-0.462732	19.734080	0.001914	1.320136
7.631939	-1.109493	19.739085	0.001269	1.320070
4.295251	-0.654441	19.744090	0.001884	1.319936
4.171811	-0.634341	19.749095	0.001907	1.319935
5.451374	-1.013843	19.754099	0.001672	1.319735
2.105777	-0.466729	19.759104	0.002288	1.319712
4.869855	-1.151453	19.764109	0.001780	1.319446
1.503507	-0.601700	19.769114	0.002400	1.319421
2.128076	-0.803405	19.774119	0.002285	1.319304
2.272598	-0.855687	19.779123	0.002259	1.319269
-0.104830	-0.525213	19.784128	0.002697	1.319181
3.079472	-1.197522	19.789133	0.002111	1.319017
-2.195421	-0.454578	19.794138	0.003083	1.318834
0.690899	-0.823948	19.799143	0.002552	1.318979
