Fri Feb 20 11:11:37 2026

Number of Points = 3578
Depth (nm)	Load (µN)	Time (s)	Depth (V)	Load (V)
1.712791	1.891381	0.000000	0.000854	1.037104

1.549899	1.960326	0.005005	0.000884	1.037107
1.562855	1.950314	0.010010	0.000882	1.037099
1.312888	2.056490	0.015014	0.000927	1.037106
1.605669	1.882433	0.020019	0.000876	1.037029
1.529807	1.712306	0.025024	0.000890	1.036765
1.326300	1.803746	0.030029	0.000927	1.036776
1.416146	1.545508	0.035034	0.000912	1.036484
1.342784	1.548505	0.040038	0.000925	1.036447
1.088875	1.432674	0.045043	0.000972	1.036162
1.315971	1.265850	0.050048	0.000932	1.036060
0.995024	1.250188	0.055053	0.000990	1.035870
1.063826	1.032714	0.060058	0.000978	1.035619
1.077490	0.864593	0.065062	0.000976	1.035404
0.909252	0.775241	0.070067	0.001007	1.035198
0.769155	0.599657	0.075072	0.001033	1.034893
0.519004	0.539961	0.080077	0.001078	1.034682
0.405089	0.461549	0.085082	0.001099	1.034518
0.424473	0.272932	0.090086	0.001097	1.034279
0.358165	0.076335	0.095091	0.001109	1.033984
0.401117	-0.133115	0.100096	0.001102	1.033730
0.063204	-0.153696	0.105101	0.001163	1.033525
0.215146	-0.404610	0.110106	0.001137	1.033273
0.019301	-0.575987	0.115110	0.001172	1.032944
-0.284734	-0.620868	0.120115	0.001228	1.032724
-0.260171	-0.852828	0.125120	0.001224	1.032430
-0.742283	-0.872760	0.130125	0.001311	1.032150
-0.665105	-1.078206	0.135130	0.001298	1.031918
-1.037870	-1.105284	0.140134	0.001365	1.031686
-1.730333	-0.952535	0.145139	0.001490	1.031522
-1.891899	-0.888211	0.150144	0.001519	1.031520
-2.095958	-0.894119	0.155149	0.001556	1.031404
-2.433620	-0.791196	0.160154	0.001617	1.031360
-2.527034	-0.870586	0.165158	0.001635	1.031205
-3.077784	-0.652833	0.170163	0.001734	1.031201
-2.627637	-0.827874	0.175168	0.001654	1.031205
-2.819186	-0.752916	0.180173	0.001689	1.031201
-2.902812	-0.723602	0.185178	0.001705	1.031194
-2.487752	-0.920758	0.190182	0.001631	1.031150
-3.756059	-0.563315	0.195187	0.001859	1.030954
-2.765334	-0.937359	0.200192	0.001682	1.030979
-3.238796	-0.806986	0.205197	0.001767	1.030901
-3.615063	-0.651231	0.210202	0.001835	1.030906
-3.281404	-0.960544	0.215206	0.001776	1.030672
-4.455231	-0.569704	0.220211	0.001987	1.030570
-3.447407	-0.914685	0.225216	0.001807	1.030642
-3.741615	-0.844873	0.230221	0.001861	1.030578
-4.378559	-0.598422	0.235226	0.001975	1.030566
-3.592023	-1.091040	0.240230	0.001835	1.030328
-5.249328	-0.480067	0.245235	0.002132	1.030262
-4.555048	-0.756191	0.250240	0.002009	1.030260
-4.337208	-0.835890	0.255245	0.001970	1.030268
-4.737662	-0.680997	0.260250	0.002043	1.030260
-4.514436	-0.972067	0.265254	0.002004	1.029991
-5.735818	-0.523396	0.270259	0.002223	1.029940
-4.944299	-0.836172	0.275264	0.002082	1.029941
-4.940303	-0.836170	0.280269	0.002082	1.029941
-5.728721	-0.518717	0.285274	0.002223	1.029944
-4.624867	-1.130540	0.290278	0.002027	1.029715
-5.721803	-0.756358	0.295283	0.002223	1.029631
-5.641533	-0.787323	0.300288	0.002210	1.029630
-6.241882	-0.779913	0.305293	0.002318	1.029323
-6.342148	-0.540746	0.310298	0.002336	1.029583
-5.647097	-1.016137	0.315302	0.002213	1.029320
-6.717641	-0.596808	0.320307	0.002405	1.029309
-5.920469	-0.912141	0.325312	0.002263	1.029310
-6.604995	-0.831512	0.330317	0.002386	1.029055
-7.520271	-0.324166	0.335322	0.002550	1.029241
-5.660617	-1.157032	0.340326	0.002219	1.029117
-7.086218	-0.672105	0.345331	0.002474	1.029006
-6.908014	-0.735380	0.350336	0.002443	1.029015
-7.264112	-0.811352	0.355341	0.002507	1.028726
-7.568994	-0.566968	0.360346	0.002563	1.028886
-6.692048	-1.054577	0.365350	0.002406	1.028701
-7.656357	-0.698849	0.370355	0.002580	1.028662
-7.249461	-0.907665	0.375360	0.002507	1.028598
-7.822334	-0.788259	0.380365	0.002611	1.028453
-8.519063	-0.515704	0.385370	0.002736	1.028445
-7.124756	-1.088391	0.390374	0.002487	1.028420
-8.815596	-0.612192	0.395379	0.002790	1.028158
-7.877319	-0.851189	0.400384	0.002623	1.028334
-8.496018	-0.762076	0.405389	0.002734	1.028124
-8.857605	-0.621923	0.410394	0.002800	1.028117
-7.334989	-1.305705	0.415398	0.002528	1.028013
-9.838933	-0.460811	0.420403	0.002977	1.027810
-8.795696	-0.831520	0.425408	0.002791	1.027867
-8.175641	-1.145720	0.430413	0.002680	1.027777
-10.417654	-0.308290	0.435418	0.003082	1.027701
-8.200348	-1.174333	0.440422	0.002686	1.027722
-9.839350	-0.696443	0.445427	0.002980	1.027489
-9.835852	-0.696243	0.450432	0.002980	1.027489
-9.005636	-1.022460	0.455437	0.002832	1.027493
-10.288459	-0.514394	0.460442	0.003062	1.027488
-9.024645	-1.157266	0.465446	0.002837	1.027301
-10.095544	-0.825992	0.470451	0.003029	1.027174
-10.221730	-0.770123	0.475456	0.003052	1.027179
-9.760409	-1.153151	0.480461	0.002971	1.026914
-11.711556	-0.370380	0.485466	0.003320	1.026920
-9.599075	-1.097322	0.490470	0.002943	1.027069
-10.738607	-0.801323	0.495475	0.003148	1.026858
-10.961270	-0.712348	0.500480	0.003188	1.026857
-10.307835	-1.127343	0.505485	0.003072	1.026650
-12.145501	-0.448126	0.510490	0.003401	1.026579
-10.289987	-1.126185	0.515494	0.003070	1.026657
-11.325707	-0.792186	0.520499	0.003256	1.026552
-11.739160	-0.627988	0.525504	0.003331	1.026549
-10.807515	-1.170047	0.530509	0.003165	1.026321
-12.621180	-0.510812	0.535514	0.003490	1.026236
-11.746823	-0.853807	0.540518	0.003334	1.026241
-11.652632	-0.891737	0.545523	0.003318	1.026238
-11.852249	-0.815362	0.550528	0.003354	1.026232
-11.868024	-1.020341	0.555533	0.003358	1.025951
-12.893642	-0.618925	0.560538	0.003542	1.025940
-11.692447	-1.091692	0.565542	0.003328	1.025945
-13.011117	-0.749985	0.570547	0.003564	1.025701
-12.811394	-0.651746	0.575552	0.003529	1.025934
-12.607094	-0.937292	0.580557	0.003493	1.025662
-13.622410	-0.573727	0.585562	0.003675	1.025606
-12.553509	-0.953560	0.590566	0.003485	1.025665
-13.195753	-0.736527	0.595571	0.003600	1.025611
-13.606779	-0.576944	0.600576	0.003675	1.025604
-12.462027	-1.164262	0.605581	0.003471	1.025428
-14.028062	-0.638909	0.610586	0.003751	1.025296
-12.941318	-1.083215	0.615590	0.003558	1.025279
-14.359185	-0.741605	0.620595	0.003812	1.024982
-14.491984	-0.469167	0.625600	0.003836	1.025270
-13.261192	-1.104283	0.630605	0.003617	1.025077
-14.557948	-0.658304	0.635610	0.003849	1.024982
-13.944495	-0.894160	0.640614	0.003740	1.024991
-14.418362	-0.905081	0.645619	0.003826	1.024725
-15.050586	-0.526416	0.650624	0.003940	1.024890
-14.416271	-0.927845	0.655629	0.003827	1.024692
-15.322055	-0.579903	0.660634	0.003989	1.024673
-14.367690	-0.956922	0.665638	0.003819	1.024675
-14.897271	-0.925661	0.670643	0.003915	1.024435
-15.755526	-0.482522	0.675648	0.004069	1.024567
-14.794891	-0.994024	0.680653	0.003898	1.024395
-16.130010	-0.490616	0.685658	0.004137	1.024355
-15.630754	-0.685947	0.690662	0.004049	1.024358
-14.930489	-1.019811	0.695667	0.003924	1.024283
-16.472837	-0.434558	0.700672	0.004201	1.024243
-15.336103	-0.978987	0.705677	0.003998	1.024119
-16.399305	-0.609744	0.710682	0.004189	1.024045
-16.272868	-0.649324	0.715686	0.004167	1.024058
-15.786323	-0.992009	0.720691	0.004080	1.023859
-16.925980	-0.562543	0.725696	0.004285	1.023824
-16.178430	-0.919106	0.730701	0.004152	1.023744
-16.930775	-0.625893	0.735706	0.004287	1.023734
-16.622441	-0.739230	0.740710	0.004233	1.023744
-16.621417	-0.884167	0.745715	0.004233	1.023551
-17.702406	-0.491247	0.750720	0.004427	1.023499
-16.614428	-0.916626	0.755725	0.004233	1.023508
-17.468606	-0.582078	0.760730	0.004387	1.023498
-16.990605	-0.819652	0.765734	0.004302	1.023434
-17.720276	-0.729632	0.770739	0.004433	1.023166
-18.505002	-0.408378	0.775744	0.004574	1.023175
-17.066257	-0.978676	0.780749	0.004317	1.023177
-18.094716	-0.574871	0.785754	0.004502	1.023167
-17.798100	-0.719279	0.790758	0.004450	1.023130
-18.094603	-0.804101	0.795763	0.004503	1.022859
-18.985097	-0.448126	0.800768	0.004663	1.022859
-17.455357	-1.064803	0.805773	0.004390	1.022847
-19.347140	-0.540189	0.810778	0.004729	1.022542
-18.482783	-0.674285	0.815782	0.004575	1.022819
-18.415392	-0.910355	0.820787	0.004564	1.022539
-19.510819	-0.476207	0.825792	0.004761	1.022534
-18.006877	-1.131794	0.830797	0.004492	1.022457
-19.943671	-0.534805	0.835802	0.004839	1.022224
-19.509101	-0.699510	0.840806	0.004762	1.022233
-18.416292	-1.146197	0.845811	0.004568	1.022216
-20.564156	-0.387869	0.850816	0.004952	1.022085
-18.989636	-1.007994	0.855821	0.004671	1.022092
-20.453310	-0.572832	0.860826	0.004934	1.021894
-20.265196	-0.546817	0.865830	0.004901	1.022026
-19.399418	-0.987317	0.870835	0.004747	1.021897
-20.843125	-0.416993	0.875840	0.005006	1.021889
-19.433333	-1.007305	0.880845	0.004754	1.021849
-20.599838	-0.739796	0.885850	0.004963	1.021585
-20.944655	-0.592371	0.890854	0.005026	1.021596
-20.023575	-0.968711	0.895859	0.004862	1.021582
-22.075031	-0.262448	0.900864	0.005229	1.021433
-20.001739	-1.012426	0.905869	0.004859	1.021532
-20.926752	-0.845753	0.910874	0.005025	1.021261
-21.446128	-0.630079	0.915878	0.005119	1.021271
-20.724940	-0.992116	0.920883	0.004991	1.021170
-22.330008	-0.434670	0.925888	0.005278	1.021059
-21.020375	-0.935323	0.930893	0.005045	1.021085
-21.579409	-0.787493	0.935898	0.005145	1.020984
-22.488570	-0.421817	0.940902	0.005309	1.020986
-21.081657	-1.086860	0.945907	0.005058	1.020845
-22.938489	-0.448158	0.950912	0.005390	1.020709
-22.027720	-0.788745	0.955917	0.005228	1.020737
-22.173027	-0.795673	0.960922	0.005255	1.020649
-22.703728	-0.580828	0.965926	0.005350	1.020651
-22.252155	-0.807816	0.970931	0.005270	1.020587
-23.696836	-0.287607	0.975936	0.005529	1.020511
-22.335538	-0.816442	0.980941	0.005287	1.020527
-22.989841	-0.700106	0.985946	0.005404	1.020333
-23.652201	-0.427699	0.990950	0.005523	1.020343
-22.552455	-0.862960	0.995955	0.005327	1.020344
-23.774602	-0.377804	1.000960	0.005547	1.020340

-23.197739	-0.601980	1.010957	0.005445	1.020344
-23.529692	-0.522318	1.020954	0.005506	1.020270
-23.056952	-0.652823	1.030950	0.005422	1.020343
-23.140815	-0.614114	1.040947	0.005439	1.020346
-23.473401	-0.479251	1.050944	0.005499	1.020345
-23.392292	-0.498568	1.060941	0.005486	1.020359
-22.842490	-0.686455	1.070938	0.005389	1.020396
-22.813594	-0.736044	1.080934	0.005385	1.020342
-22.864764	-0.600448	1.090931	0.005396	1.020491
-23.125037	-0.562343	1.100928	0.005444	1.020400
-22.944842	-0.579698	1.110925	0.005413	1.020468
-22.572287	-0.703194	1.120922	0.005347	1.020497
-22.472808	-0.766919	1.130918	0.005331	1.020461
-22.835211	-0.537177	1.140915	0.005397	1.020571
-22.482789	-0.612791	1.150912	0.005335	1.020653
-22.560904	-0.684186	1.160909	0.005351	1.020513
-22.473175	-0.674572	1.170906	0.005336	1.020568
-22.140637	-0.737325	1.180902	0.005278	1.020657
-22.175441	-0.717984	1.190899	0.005286	1.020661
-22.679629	-0.587124	1.200896	0.005377	1.020564
-22.540160	-0.555793	1.210893	0.005354	1.020675
-22.026909	-0.672013	1.220890	0.005263	1.020789
-21.753917	-0.847440	1.230886	0.005216	1.020696
-21.983304	-0.666322	1.240883	0.005258	1.020811
-22.185431	-0.525164	1.250880	0.005295	1.020888
-21.740584	-0.832447	1.260877	0.005217	1.020711
-21.919161	-0.665984	1.270874	0.005250	1.020834
-21.328102	-0.870934	1.280870	0.005146	1.020871
-22.131546	-0.526670	1.290867	0.005291	1.020899
-21.345310	-0.776972	1.300864	0.005152	1.020979
-21.734209	-0.682250	1.310861	0.005223	1.020895
-21.253070	-0.809238	1.320858	0.005138	1.020977
-21.336476	-0.770299	1.330854	0.005154	1.020980
-21.983323	-0.504477	1.340851	0.005271	1.020987
-21.393496	-0.713695	1.350848	0.005167	1.021018
-21.076490	-0.829337	1.360845	0.005112	1.021028
-21.275589	-0.722545	1.370842	0.005149	1.021060
-21.015147	-0.716363	1.380838	0.005103	1.021203
-21.363509	-0.595338	1.390835	0.005167	1.021175
-20.796120	-0.741666	1.400832	0.005067	1.021277
-20.881648	-0.703410	1.410829	0.005083	1.021279
-20.905085	-0.697009	1.420826	0.005089	1.021271
-21.015397	-0.646939	1.430822	0.005110	1.021275
-20.781090	-0.687391	1.440819	0.005069	1.021341
-21.022210	-0.573148	1.450816	0.005114	1.021362
-20.415685	-0.754408	1.460813	0.005007	1.021438
-20.370366	-0.790344	1.470810	0.005000	1.021410
-20.696239	-0.548367	1.480806	0.005059	1.021555
-20.567676	-0.570804	1.490803	0.005038	1.021590
-20.058601	-0.771017	1.500800	0.004948	1.021589
-20.485217	-0.691028	1.510797	0.005026	1.021466
-20.529924	-0.583889	1.520794	0.005035	1.021580
-20.045682	-0.755614	1.530790	0.004950	1.021605
-20.422459	-0.558252	1.540787	0.005018	1.021664
-19.882714	-0.716066	1.550784	0.004923	1.021736
-19.768475	-0.873862	1.560781	0.004904	1.021583
-20.162917	-0.622500	1.570778	0.004976	1.021704
-19.829030	-0.702304	1.580774	0.004918	1.021771
-19.776161	-0.750730	1.590771	0.004909	1.021730
-19.763825	-0.728449	1.600768	0.004909	1.021763
-19.744491	-0.714252	1.610765	0.004906	1.021788
-19.599231	-0.687591	1.620762	0.004882	1.021896
-19.631712	-0.671587	1.630758	0.004889	1.021896
-19.024752	-0.923448	1.640755	0.004782	1.021879
-19.881872	-0.652975	1.650752	0.004936	1.021781
-19.460449	-0.727501	1.660749	0.004862	1.021901
-19.300251	-0.795556	1.670746	0.004835	1.021891
-19.555873	-0.497613	1.680742	0.004882	1.022148
-18.992226	-0.720209	1.690739	0.004782	1.022146
-19.207477	-0.666074	1.700736	0.004822	1.022100
-18.925543	-0.795108	1.710733	0.004773	1.022074
-18.854680	-0.735545	1.720730	0.004762	1.022187
-18.980352	-0.685302	1.730726	0.004786	1.022183
-18.928771	-0.766141	1.740723	0.004778	1.022099
-18.679645	-0.768640	1.750720	0.004734	1.022224
-18.800985	-0.719888	1.760717	0.004757	1.022220
-18.829898	-0.701654	1.770714	0.004764	1.022225
-18.967603	-0.641259	1.780710	0.004790	1.022229
-18.455621	-0.733736	1.790707	0.004700	1.022373
-18.644798	-0.742351	1.800704	0.004735	1.022258
-18.198138	-0.744188	1.810701	0.004656	1.022487
-18.587158	-0.584385	1.820698	0.004727	1.022490
-18.357177	-0.640600	1.830694	0.004687	1.022533
-17.859990	-0.847613	1.840691	0.004600	1.022517
-18.608341	-0.587134	1.850688	0.004735	1.022463
-18.260245	-0.669844	1.860685	0.004674	1.022534
-18.160178	-0.710590	1.870682	0.004657	1.022529
-18.011358	-0.631731	1.880678	0.004632	1.022708
-17.900277	-0.685230	1.890675	0.004614	1.022692
-17.591746	-0.846311	1.900672	0.004560	1.022637
-18.142431	-0.598307	1.910669	0.004659	1.022671
-17.252887	-0.870419	1.920666	0.004502	1.022776
-17.757066	-0.771968	1.930662	0.004593	1.022637
-18.049861	-0.558651	1.940659	0.004647	1.022761
-17.332672	-0.799394	1.950656	0.004520	1.022817
-17.258506	-0.856101	1.960653	0.004508	1.022777
-17.609058	-0.668493	1.970650	0.004572	1.022837
-17.378360	-0.744307	1.980646	0.004532	1.022854
-17.217421	-0.807947	1.990643	0.004505	1.022851
-17.373834	-0.742810	2.000640	0.004534	1.022851
-17.308553	-0.767401	2.010637	0.004524	1.022848
-17.096497	-0.776213	2.020634	0.004487	1.022945
-17.363026	-0.596199	2.030630	0.004536	1.023039
-16.885830	-0.778336	2.040627	0.004452	1.023046
-16.894694	-0.755474	2.050624	0.004455	1.023067
-16.843261	-0.697397	2.060621	0.004447	1.023168
-16.657981	-0.773326	2.070618	0.004415	1.023161
-16.826534	-0.701999	2.080614	0.004447	1.023162
-16.776057	-0.769731	2.090611	0.004439	1.023095
-16.670448	-0.757576	2.100608	0.004421	1.023163
-16.505204	-0.818509	2.110605	0.004393	1.023166
-16.582962	-0.784765	2.120602	0.004408	1.023166
-16.592400	-0.745817	2.130598	0.004411	1.023209
-16.432876	-0.727072	2.140595	0.004384	1.023314
-16.171505	-0.842685	2.150592	0.004339	1.023295
-16.204816	-0.801769	2.160589	0.004346	1.023327
-16.062787	-0.799333	2.170586	0.004322	1.023402
-16.377914	-0.635129	2.180582	0.004380	1.023449
-15.992492	-0.780290	2.190579	0.004312	1.023456
-16.024053	-0.728097	2.200576	0.004319	1.023505
-15.890824	-0.786830	2.210573	0.004296	1.023493
-15.961068	-0.757082	2.220570	0.004310	1.023492
-15.970204	-0.749258	2.230566	0.004313	1.023493
-15.810150	-0.805941	2.240563	0.004286	1.023499
-15.809090	-0.705356	2.250560	0.004287	1.023629
-15.210510	-0.899450	2.260557	0.004181	1.023684
-15.700832	-0.716167	2.270554	0.004270	1.023664
-15.753671	-0.702375	2.280550	0.004281	1.023650
-15.412828	-0.773514	2.290547	0.004221	1.023732
-15.242102	-0.836275	2.300544	0.004192	1.023735
-15.507962	-0.723828	2.310541	0.004241	1.023740
-15.032061	-0.904377	2.320538	0.004157	1.023748
-15.581327	-0.685054	2.330534	0.004257	1.023745
-15.182214	-0.746957	2.340531	0.004187	1.023870
-14.657066	-1.010116	2.350528	0.004094	1.023794
-15.123069	-0.691420	2.360525	0.004179	1.023966
-15.213044	-0.613580	2.370522	0.004196	1.024018
-14.962074	-0.686652	2.380518	0.004153	1.024050
-14.712235	-0.785998	2.390515	0.004109	1.024046
-14.641760	-0.816139	2.400512	0.004098	1.024040
-14.550907	-0.848498	2.410509	0.004083	1.024041
-14.580068	-0.826621	2.420506	0.004090	1.024051
-15.014024	-0.647570	2.430502	0.004169	1.024055
-14.532364	-0.762854	2.440499	0.004084	1.024152
-14.281132	-0.888303	2.450496	0.004040	1.024115
-14.228908	-0.781363	2.460493	0.004032	1.024280
-14.260533	-0.812790	2.470490	0.004039	1.024218
-14.655771	-0.637479	2.480486	0.004111	1.024238
-13.949595	-0.895998	2.490483	0.003986	1.024264
-13.912629	-0.953684	2.500480	0.003981	1.024203
-13.978203	-0.808486	2.510477	0.003994	1.024357
-14.312813	-0.697513	2.520474	0.004055	1.024323
-14.179331	-0.731980	2.530470	0.004032	1.024344
-13.477866	-1.003903	2.540467	0.003908	1.024350
-13.929776	-0.820358	2.550464	0.003990	1.024351
-13.735601	-0.777191	2.560461	0.003957	1.024507
-13.855887	-0.728339	2.570458	0.003980	1.024504
-13.835845	-0.798830	2.580454	0.003978	1.024417
-13.317106	-0.906127	2.590451	0.003886	1.024545
-13.333920	-0.864372	2.600448	0.003891	1.024588
-13.638378	-0.701902	2.610445	0.003946	1.024638
-13.386924	-0.818478	2.620442	0.003903	1.024613
-13.428255	-0.751666	2.630438	0.003911	1.024675
-13.136600	-0.863476	2.640435	0.003861	1.024677
-13.148274	-0.856765	2.650432	0.003864	1.024676
-13.160463	-0.767965	2.660429	0.003867	1.024783
-13.392612	-0.697404	2.670426	0.003910	1.024750
-13.178429	-0.723270	2.680422	0.003873	1.024825
-12.704094	-0.787386	2.690419	0.003790	1.024987
-12.675912	-0.796137	2.700416	0.003786	1.024986
-12.957288	-0.681233	2.710413	0.003838	1.024986
-12.994029	-0.667963	2.720410	0.003846	1.024980
-12.397423	-0.904367	2.730406	0.003740	1.024978
-12.555519	-0.832839	2.740403	0.003770	1.024985
-12.389317	-0.897806	2.750400	0.003741	1.024983
-12.834846	-0.712793	2.760397	0.003822	1.024989
-12.781633	-0.668089	2.770394	0.003814	1.025072
-12.178813	-0.913524	2.780390	0.003708	1.025061
-12.276644	-0.693590	2.790387	0.003726	1.025297
-12.137559	-0.742439	2.800384	0.003703	1.025302
-12.645372	-0.571959	2.810381	0.003795	1.025256
-12.608947	-0.501294	2.820378	0.003790	1.025365
-11.715077	-0.800210	2.830374	0.003631	1.025436
-11.748062	-0.771247	2.840371	0.003639	1.025453
-11.926434	-0.643843	2.850368	0.003672	1.025524
-12.210461	-0.582714	2.860365	0.003724	1.025451
-11.735692	-0.657024	2.870362	0.003640	1.025599
-11.595036	-0.800208	2.880358	0.003616	1.025480
-11.369949	-0.803132	2.890355	0.003578	1.025591
-11.789872	-0.683625	2.900352	0.003654	1.025524
-12.177051	-0.432986	2.910349	0.003725	1.025647
-11.310631	-0.792925	2.920346	0.003571	1.025624
-11.197818	-0.794670	2.930342	0.003552	1.025677
-11.217868	-0.772156	2.940339	0.003557	1.025692
-11.394130	-0.646526	2.950336	0.003590	1.025762
-11.689598	-0.573113	2.960333	0.003644	1.025699
-10.951967	-0.852798	2.970330	0.003513	1.025714
-10.689093	-0.971103	2.980326	0.003468	1.025692
-11.227394	-0.673672	2.990323	0.003565	1.025798
-11.126817	-0.644353	3.000320	0.003549	1.025886
-10.979097	-0.801664	3.010317	0.003523	1.025752
-10.819074	-0.770433	3.020314	0.003496	1.025874
-10.617959	-0.851905	3.030310	0.003462	1.025868
-10.762761	-0.740511	3.040307	0.003489	1.025935
-10.722275	-0.751445	3.050304	0.003483	1.025938
-10.565119	-0.807015	3.060301	0.003456	1.025943
-10.619654	-0.782584	3.070298	0.003467	1.025943
-10.277770	-0.918352	3.080294	0.003407	1.025940
-10.803589	-0.701540	3.090291	0.003503	1.025945
-10.429585	-0.735122	3.100288	0.003437	1.026094
-10.531130	-0.738552	3.110285	0.003457	1.026032
-10.153052	-0.805791	3.120282	0.003390	1.026139
-9.707415	-1.004343	3.130278	0.003312	1.026107
-10.065660	-0.858414	3.140275	0.003377	1.026107
-10.438095	-0.693295	3.150272	0.003445	1.026125
-10.229023	-0.755294	3.160269	0.003409	1.026150
-9.722556	-0.894826	3.170266	0.003320	1.026228
-9.646882	-0.922317	3.180262	0.003308	1.026228
-10.110662	-0.639627	3.190259	0.003392	1.026353
-9.930309	-0.707863	3.200256	0.003361	1.026354
-9.807019	-0.778918	3.210253	0.003340	1.026321
-9.331800	-0.882456	3.220250	0.003257	1.026431
-9.359709	-0.879335	3.230246	0.003263	1.026416
-9.733916	-0.712857	3.240243	0.003331	1.026435
-9.519939	-0.711507	3.250240	0.003294	1.026546
-9.364614	-0.847371	3.260237	0.003268	1.026444
-9.008906	-0.914239	3.270234	0.003205	1.026539
-8.957536	-0.971381	3.280230	0.003198	1.026487
-9.950161	-0.568058	3.290227	0.003376	1.026493
-9.296063	-0.712540	3.300224	0.003261	1.026643
-8.909197	-0.876453	3.310221	0.003193	1.026626
-8.999274	-0.770668	3.320218	0.003210	1.026714
-8.764596	-0.755824	3.330214	0.003170	1.026854
-9.171602	-0.617992	3.340211	0.003244	1.026818
-9.098838	-0.611071	3.350208	0.003232	1.026861
-8.454337	-0.870971	3.360205	0.003118	1.026853
-8.837773	-0.713358	3.370202	0.003188	1.026856
-8.518623	-0.644796	3.380198	0.003132	1.027110
-9.012290	-0.484174	3.390195	0.003222	1.027059
-8.539629	-0.574788	3.400192	0.003139	1.027184
-8.078766	-0.752966	3.410189	0.003057	1.027187
-8.242413	-0.688336	3.420186	0.003088	1.027182
-8.644581	-0.524803	3.430182	0.003161	1.027183
-8.336865	-0.613043	3.440179	0.003108	1.027224
-8.171206	-0.707207	3.450176	0.003079	1.027183
-7.873892	-0.765853	3.460173	0.003027	1.027258
-7.984453	-0.716092	3.470170	0.003049	1.027262
-7.965225	-0.677536	3.480166	0.003046	1.027319
-8.334800	-0.580789	3.490163	0.003114	1.027248
-7.721787	-0.723255	3.500160	0.003006	1.027379
-7.725782	-0.752341	3.510157	0.003008	1.027334
-7.809150	-0.602235	3.520154	0.003024	1.027485
-7.739779	-0.624431	3.530150	0.003013	1.027488
-7.830679	-0.585638	3.540147	0.003030	1.027488
-7.527792	-0.703559	3.550144	0.002977	1.027487
-7.415886	-0.746248	3.560141	0.002959	1.027486
-7.430060	-0.615925	3.570138	0.002963	1.027647
-7.395519	-0.529562	3.580134	0.002958	1.027775
-7.462895	-0.612766	3.590131	0.002971	1.027626
-7.235692	-0.567307	3.600128	0.002932	1.027801
-6.814523	-0.775683	3.610125	0.002858	1.027744
-7.122879	-0.615938	3.620122	0.002914	1.027789
-7.198818	-0.572385	3.630118	0.002929	1.027802
-6.991674	-0.692385	3.640115	0.002893	1.027749
-6.715343	-0.763307	3.650112	0.002845	1.027797
-6.992243	-0.645049	3.660109	0.002896	1.027803
-6.895799	-0.673999	3.670106	0.002880	1.027812
-6.961815	-0.609345	3.680102	0.002893	1.027859
-6.831523	-0.636139	3.690099	0.002871	1.027888
-6.456493	-0.692403	3.700096	0.002806	1.028007
-6.252120	-0.856263	3.710093	0.002770	1.027894
-6.493090	-0.649071	3.720090	0.002815	1.028037
-6.636857	-0.630630	3.730086	0.002842	1.027982
-6.497588	-0.649919	3.740083	0.002818	1.028026
-5.981967	-0.778333	3.750080	0.002727	1.028123
-6.015067	-0.818898	3.760077	0.002735	1.028049
-6.485599	-0.596334	3.770074	0.002820	1.028091
-6.386263	-0.613222	3.780070	0.002804	1.028117
-6.005598	-0.758620	3.790067	0.002737	1.028121
-5.969781	-0.768102	3.800064	0.002732	1.028124
-5.756608	-0.744832	3.810061	0.002695	1.028263
-5.962443	-0.630168	3.820058	0.002733	1.028302
-5.937585	-0.619643	3.830054	0.002730	1.028325
-5.688867	-0.736785	3.840051	0.002687	1.028297
-5.505159	-0.877449	3.850048	0.002655	1.028204
-5.322559	-0.831387	3.860045	0.002624	1.028357
-5.896441	-0.590411	3.870042	0.002728	1.028370
-5.266334	-0.810733	3.880038	0.002617	1.028406
-5.089363	-1.054780	3.890035	0.002586	1.028173
-5.688461	-0.778641	3.900032	0.002695	1.028219
-5.038018	-0.864674	3.910029	0.002580	1.028443
-5.211909	-0.956791	3.920026	0.002612	1.028226
-5.219097	-0.797335	3.930022	0.002615	1.028429
-5.020465	-1.002673	3.940019	0.002580	1.028259
-5.096868	-0.872122	3.950016	0.002595	1.028387
-4.991127	-0.862694	3.960013	0.002578	1.028451
-4.915019	-0.886443	3.970010	0.002566	1.028456
-5.230741	-0.762680	3.980006	0.002623	1.028449
-4.424334	-1.080234	3.990003	0.002480	1.028450
-4.907329	-0.882447	4.000000	0.002568	1.028453
-4.804284	-0.786120	4.009997	0.002551	1.028631
-4.629547	-0.874219	4.019994	0.002521	1.028602
-4.780173	-0.740336	4.029990	0.002549	1.028696
-4.588510	-0.813719	4.039987	0.002516	1.028696
-4.711852	-0.733082	4.049984	0.002540	1.028734
-4.284896	-0.691892	4.059981	0.002465	1.029008
-4.331065	-0.737976	4.069978	0.002474	1.028919
-4.228211	-0.709049	4.079974	0.002457	1.029007
-4.095037	-0.801593	4.089971	0.002435	1.028952
-4.355113	-0.655052	4.099968	0.002483	1.029004
-4.315022	-0.580667	4.109965	0.002477	1.029119
-3.910944	-0.641200	4.119962	0.002406	1.029248
-3.916127	-0.816708	4.129958	0.002408	1.029010
-3.842708	-0.619541	4.139955	0.002396	1.029304
-3.851559	-0.600022	4.149952	0.002399	1.029322
-3.581946	-0.707233	4.159949	0.002352	1.029318
-3.529733	-0.735579	4.169946	0.002344	1.029304
-3.713858	-0.735048	4.179942	0.002378	1.029204
-3.520648	-0.728265	4.189939	0.002345	1.029311
-3.377386	-0.781066	4.199936	0.002321	1.029312
-3.549952	-0.709399	4.209933	0.002353	1.029312
-3.799979	-0.605758	4.219930	0.002399	1.029314
-3.456921	-0.496204	4.229926	0.002339	1.029634
-3.249774	-0.571596	4.239923	0.002303	1.029640
-2.954812	-0.689732	4.249920	0.002252	1.029635
-3.117985	-0.618840	4.259917	0.002282	1.029639
-3.204786	-0.581269	4.269914	0.002299	1.029639
-3.195752	-0.584413	4.279910	0.002299	1.029636
-3.083061	-0.495563	4.289907	0.002280	1.029808
-2.864272	-0.475828	4.299904	0.002242	1.029945
-2.812477	-0.491787	4.309901	0.002234	1.029947
-2.887831	-0.459546	4.319898	0.002249	1.029946
-2.652043	-0.548776	4.329894	0.002208	1.029948
-2.752759	-0.511836	4.339891	0.002228	1.029940
-2.676254	-0.381407	4.349888	0.002215	1.030148
-2.589568	-0.324347	4.359885	0.002201	1.030265
-2.635552	-0.303862	4.369882	0.002211	1.030264
-2.618310	-0.285044	4.379878	0.002209	1.030294
-2.329532	-0.187543	4.389875	0.002159	1.030570
-2.312763	-0.190028	4.399872	0.002157	1.030571
-2.269873	-0.203508	4.409869	0.002150	1.030572
-2.144076	-0.252616	4.419866	0.002129	1.030570
-2.209894	-0.223165	4.429862	0.002142	1.030570
-2.103473	-0.083581	4.439859	0.002125	1.030806
-1.777807	-0.137902	4.449856	0.002068	1.030901
-1.774457	-0.139677	4.459853	0.002068	1.030896
-1.727377	-0.289610	4.469850	0.002061	1.030720
-1.696958	-0.212469	4.479846	0.002057	1.030834
-1.724033	-0.182465	4.489843	0.002063	1.030855
-1.732487	-0.140926	4.499840	0.002066	1.030901
-1.737141	-0.139454	4.509837	0.002068	1.030897
-1.656322	-0.145522	4.519834	0.002055	1.030927
-1.578170	0.021190	4.529830	0.002043	1.031184
-1.468906	-0.010281	4.539827	0.002024	1.031196
-1.398660	-0.034476	4.549824	0.002013	1.031197
-1.474531	0.102979	4.559821	0.002028	1.031334
-1.311116	0.173579	4.569818	0.002000	1.031508
-1.493256	0.247743	4.579814	0.002034	1.031507
-1.277506	0.343068	4.589811	0.001997	1.031741
-1.171396	0.361616	4.599808	0.001979	1.031817
-1.555443	0.641467	4.609805	0.002049	1.031980
-1.576017	0.872080	4.619802	0.002054	1.032268
-1.496119	1.060844	4.629798	0.002041	1.032554
-1.304581	1.185695	4.639795	0.002008	1.032815
-0.995932	1.268732	4.649792	0.001954	1.033081
-0.878649	1.297377	4.659789	0.001934	1.033176
-0.699852	1.408904	4.669786	0.001904	1.033412
-0.773363	1.435818	4.679782	0.001918	1.033405
-0.669715	1.489986	4.689779	0.001901	1.033526
-0.500133	1.521727	4.699776	0.001872	1.033653
-0.548486	1.542852	4.709773	0.001882	1.033651
-0.695697	1.762278	4.719770	0.001910	1.033858
-0.589368	1.813335	4.729766	0.001892	1.033977
-0.413772	1.965200	4.739763	0.001862	1.034264
-0.243599	1.901763	4.749760	0.001833	1.034266
-0.097911	1.961510	4.759757	0.001808	1.034416
-0.149254	2.119989	4.769754	0.001818	1.034593
0.000000	2.056753	4.779750	0.001793	1.034585

-0.125851	2.197715	4.784755	0.001816	1.034702
-0.002490	2.332567	4.789760	0.001795	1.034941
0.015051	2.598370	4.794765	0.001792	1.035296
0.238938	2.799463	4.799770	0.001753	1.035675
0.532261	3.000334	4.804774	0.001701	1.036088
0.555946	3.386356	4.809779	0.001697	1.036604
0.966144	3.675001	4.814784	0.001625	1.037193
1.087560	4.069191	4.819789	0.001604	1.037770
1.208421	4.527143	4.824794	0.001583	1.038429
1.523639	4.950997	4.829798	0.001527	1.039144
1.739558	5.444329	4.834803	0.001489	1.039898
1.972582	6.016397	4.839808	0.001448	1.040762
2.205482	6.574505	4.844813	0.001407	1.041608
2.547310	7.161742	4.849818	0.001346	1.042547
2.937870	7.707966	4.854822	0.001277	1.043457
3.110325	8.355195	4.859827	0.001246	1.044385
3.444369	9.033594	4.864832	0.001187	1.045436
3.697233	9.746328	4.869837	0.001143	1.046489
3.956342	10.520418	4.874842	0.001097	1.047623
4.226611	11.276298	4.879846	0.001049	1.048738
4.486638	12.102993	4.884851	0.001003	1.049938
4.889693	12.915734	4.889856	0.000931	1.051192
4.965812	13.883152	4.894861	0.000918	1.052476
5.221500	14.810692	4.899866	0.000873	1.053799
5.786642	15.627085	4.904870	0.000773	1.055136
6.138987	16.561568	4.909875	0.000710	1.056515
6.347209	17.581580	4.914880	0.000673	1.057927
6.710060	18.556282	4.919885	0.000609	1.059358
7.021209	19.597835	4.924890	0.000554	1.060847
7.470021	20.594439	4.929894	0.000474	1.062346
7.704992	21.681295	4.934899	0.000433	1.063849
8.114675	22.748950	4.939904	0.000360	1.065414
8.305079	23.929926	4.944909	0.000326	1.067010
8.573893	25.110417	4.949914	0.000279	1.068643
8.979255	26.274173	4.954918	0.000207	1.070321
9.427543	27.440314	4.959923	0.000127	1.072020
9.844875	28.619000	4.964928	0.000053	1.073718
10.148512	29.850710	4.969933	-0.000001	1.075422
10.663204	31.049224	4.974938	-0.000092	1.077187
11.082197	32.254982	4.979942	-0.000167	1.078911
11.543994	33.485465	4.984947	-0.000249	1.080685
11.943933	34.762562	4.989952	-0.000320	1.082483
12.425183	35.927757	4.994957	-0.000406	1.084178
12.818271	37.233775	4.999962	-0.000476	1.086003
13.305613	38.494205	5.004966	-0.000562	1.087815
13.812929	39.710828	5.009971	-0.000652	1.089578
14.407916	40.932111	5.014976	-0.000758	1.091389
14.557198	42.320079	5.019981	-0.000785	1.093183
14.854272	43.701132	5.024986	-0.000837	1.095038
15.302594	45.061534	5.029990	-0.000917	1.096939
15.788048	46.389528	5.034995	-0.001003	1.098815
16.561666	47.616763	5.040000	-0.001141	1.100704
16.870732	49.000742	5.045005	-0.001196	1.102556
17.360062	50.306276	5.050010	-0.001283	1.104397
17.837773	51.648257	5.055014	-0.001368	1.106273
18.320530	52.995463	5.060019	-0.001454	1.108155
18.758533	54.350032	5.065024	-0.001532	1.110021
18.990115	55.828576	5.070029	-0.001573	1.111935
19.418221	57.229660	5.075034	-0.001649	1.113847
19.876331	58.674326	5.080038	-0.001730	1.115822
20.234553	60.146836	5.085043	-0.001794	1.117780
20.921081	61.499333	5.090048	-0.001916	1.119746
21.293255	62.978640	5.095053	-0.001982	1.121712
21.976990	64.290099	5.100058	-0.002104	1.123621
22.443012	65.712364	5.105062	-0.002187	1.125556
23.012336	67.098570	5.110067	-0.002289	1.127493
23.473409	68.516370	5.115072	-0.002371	1.129414
23.877207	69.966461	5.120077	-0.002442	1.131342
24.410544	71.366771	5.125082	-0.002537	1.133270
24.719269	72.871521	5.130086	-0.002592	1.135212
25.240520	74.334196	5.135091	-0.002685	1.137201
25.895840	75.701402	5.140096	-0.002801	1.139136
26.273492	77.184209	5.145101	-0.002869	1.141075
26.859548	78.611392	5.150106	-0.002973	1.143042
27.273233	80.092645	5.155110	-0.003046	1.144989
27.816886	81.532015	5.160115	-0.003143	1.146944
28.385408	82.923776	5.165120	-0.003244	1.148851
28.865020	84.367509	5.170125	-0.003330	1.150775
29.447373	85.768902	5.175130	-0.003434	1.152693
30.115933	87.102234	5.180134	-0.003553	1.154568
30.395110	88.611003	5.185139	-0.003602	1.156465
30.879119	90.044813	5.190144	-0.003688	1.158366
31.329986	91.514089	5.195149	-0.003768	1.160291
31.711015	93.021324	5.200154	-0.003836	1.162223
32.196857	94.460923	5.205158	-0.003923	1.164123
32.591628	96.008423	5.210163	-0.003993	1.166102
33.109086	97.480998	5.215168	-0.004085	1.168048
33.582504	98.975372	5.220173	-0.004169	1.169995
34.105229	100.484213	5.225178	-0.004262	1.171978
34.528418	101.992069	5.230182	-0.004337	1.173912
34.841807	103.592789	5.235187	-0.004393	1.175899
35.404702	105.116364	5.240192	-0.004493	1.177907
35.812035	106.678271	5.245197	-0.004566	1.179886
36.187715	108.314843	5.250202	-0.004632	1.181932
36.658990	109.857296	5.255206	-0.004716	1.183910
37.151072	111.449729	5.260211	-0.004804	1.185952
37.705720	112.999693	5.265216	-0.004903	1.187969
38.247745	114.553994	5.270221	-0.004999	1.189983
38.823148	116.092386	5.275226	-0.005101	1.191990
39.336431	117.614099	5.280230	-0.005193	1.193946
39.745881	119.229011	5.285235	-0.005266	1.195959
40.226166	120.802488	5.290240	-0.005351	1.197953
40.562499	122.472130	5.295245	-0.005411	1.199988
41.091470	124.055806	5.300250	-0.005505	1.202008
41.518412	125.665326	5.305254	-0.005581	1.204008
41.925923	127.343596	5.310259	-0.005653	1.206074
42.422635	128.971064	5.315264	-0.005742	1.208119
43.012916	130.551712	5.320269	-0.005847	1.210149
43.357667	132.259267	5.325274	-0.005908	1.212209
43.852168	133.897210	5.330278	-0.005996	1.214254
43.910151	135.789911	5.335283	-0.006006	1.216388
44.267408	137.583622	5.340288	-0.006070	1.218539
44.772594	139.342012	5.345293	-0.006160	1.220711
45.198575	141.131567	5.350298	-0.006235	1.222880
45.923023	142.810656	5.355302	-0.006364	1.225053
46.383022	144.555736	5.360307	-0.006446	1.227179
46.949983	146.263818	5.365312	-0.006547	1.229308
47.249303	148.102329	5.370317	-0.006600	1.231460
47.740907	149.866187	5.375322	-0.006688	1.233610
48.133641	151.713042	5.380326	-0.006758	1.235804
48.452871	153.582670	5.385331	-0.006814	1.237987
48.966200	155.432290	5.390336	-0.006906	1.240228
49.345718	157.286528	5.395341	-0.006973	1.242413
49.837364	159.150385	5.400346	-0.007061	1.244652
50.274385	161.035907	5.405350	-0.007139	1.246888
50.734172	162.928079	5.410355	-0.007220	1.249136
51.493216	164.705311	5.415360	-0.007356	1.251384
51.847704	166.580101	5.420365	-0.007419	1.253560
52.395420	168.441737	5.425370	-0.007516	1.255801
52.829620	170.321926	5.430374	-0.007594	1.258009
53.180457	172.289466	5.435379	-0.007656	1.260272
53.709002	174.156075	5.440384	-0.007750	1.262498
54.242161	176.023489	5.445389	-0.007845	1.264723
54.620978	177.979544	5.450394	-0.007912	1.266973
55.264462	179.831444	5.455398	-0.008027	1.269219
55.641357	181.796700	5.460403	-0.008094	1.271471
56.257519	183.642108	5.465408	-0.008204	1.273691
56.673453	185.590059	5.470413	-0.008278	1.275932
56.992583	187.578551	5.475418	-0.008335	1.278172
57.593620	189.509835	5.480422	-0.008442	1.280465
58.093121	191.399043	5.485427	-0.008531	1.282667
58.514994	193.394215	5.490432	-0.008606	1.284945
59.282250	195.209762	5.495437	-0.008743	1.287172
59.909886	197.071841	5.500442	-0.008854	1.289387
60.314116	199.005893	5.505446	-0.008926	1.291581
60.726631	200.936190	5.510451	-0.009000	1.293771
61.354995	202.829195	5.515456	-0.009112	1.296007
61.825094	204.732249	5.520461	-0.009195	1.298185
62.381909	206.633608	5.525466	-0.009295	1.300393
63.129060	208.428951	5.530470	-0.009428	1.302564
63.638066	210.280519	5.535475	-0.009518	1.304693
64.019415	212.198671	5.540480	-0.009586	1.306835
64.548728	214.038825	5.545485	-0.009681	1.308954
65.075178	215.918768	5.550490	-0.009774	1.311109
65.663282	217.722071	5.555494	-0.009879	1.313206
65.916794	219.718100	5.560499	-0.009924	1.315363
66.618616	221.512834	5.565504	-0.010049	1.317490
67.151368	223.357852	5.570509	-0.010144	1.319597
67.715850	225.194912	5.575514	-0.010245	1.321706
68.145211	227.068649	5.580518	-0.010321	1.323794
68.562667	228.975158	5.585523	-0.010395	1.325908
69.192257	230.781615	5.590528	-0.010507	1.328001
69.674077	232.659685	5.595533	-0.010593	1.330105
70.269022	234.476567	5.600538	-0.010699	1.332188
70.896426	236.260618	5.605542	-0.010811	1.334248
71.361983	238.113317	5.610547	-0.010894	1.336309
71.774604	239.989928	5.615552	-0.010967	1.338371
72.391691	241.793623	5.620557	-0.011077	1.340437
72.851400	243.616461	5.625562	-0.011159	1.342456
73.411472	245.442230	5.630566	-0.011259	1.344515
73.905792	247.264927	5.635571	-0.011347	1.346542
74.480640	249.055157	5.640576	-0.011449	1.348565
75.009620	250.874978	5.645581	-0.011543	1.350596
75.566933	252.631130	5.650586	-0.011643	1.352572
76.195642	254.391510	5.655590	-0.011755	1.354576
76.709755	256.143412	5.660595	-0.011846	1.356525
77.236839	257.915346	5.665600	-0.011940	1.358496
77.776301	259.693834	5.670605	-0.012036	1.360475
78.101163	261.492534	5.675610	-0.012094	1.362388
78.506970	263.370277	5.680614	-0.012166	1.364408
78.916595	265.222321	5.685619	-0.012239	1.366401
79.464135	267.044440	5.690624	-0.012336	1.368415
79.820830	268.955081	5.695629	-0.012400	1.370440
80.139281	270.875653	5.700634	-0.012456	1.372456
80.478287	272.864319	5.705638	-0.012517	1.374545
80.999695	274.776116	5.710643	-0.012610	1.376625
81.243702	276.845445	5.715648	-0.012653	1.378750
81.547385	278.936089	5.720653	-0.012707	1.380915
82.066490	280.928107	5.725658	-0.012799	1.383063
82.452729	283.021469	5.730662	-0.012868	1.385256
82.814944	285.100276	5.735667	-0.012932	1.387422
83.369611	287.184110	5.740672	-0.013031	1.389662
83.931886	289.188794	5.745677	-0.013131	1.391825
84.501703	291.208687	5.750682	-0.013233	1.394002
84.772825	293.367333	5.755686	-0.013281	1.396197
85.192582	295.492896	5.760691	-0.013356	1.398413
85.629607	297.645454	5.765696	-0.013433	1.400657
86.093369	299.744430	5.770701	-0.013516	1.402857
86.547137	301.918845	5.775706	-0.013597	1.405122
86.945746	304.092624	5.780710	-0.013668	1.407362
87.155608	306.406969	5.785715	-0.013705	1.409662
87.507368	308.688205	5.790720	-0.013767	1.411980
87.940204	311.000931	5.795725	-0.013845	1.414355
88.458695	313.252153	5.800730	-0.013937	1.416699
88.774390	315.619383	5.805734	-0.013993	1.419074
89.260459	317.922838	5.810739	-0.014080	1.421447
89.516999	320.380493	5.815744	-0.014125	1.423878
89.905148	322.788026	5.820749	-0.014194	1.426306
90.408296	325.193449	5.825754	-0.014284	1.428770
90.895691	327.589740	5.830758	-0.014371	1.431216
91.355389	329.998312	5.835763	-0.014453	1.433658
91.850286	332.426987	5.840768	-0.014541	1.436129
92.335883	334.849580	5.845773	-0.014627	1.438586
92.783983	337.286623	5.850778	-0.014707	1.441038
93.380499	339.687951	5.855782	-0.014814	1.443507
93.771092	342.145219	5.860787	-0.014883	1.445949
94.210841	344.637306	5.865792	-0.014961	1.448437
94.836256	347.032411	5.870797	-0.015073	1.450898
95.477941	349.399760	5.875802	-0.015187	1.453335
95.911880	351.845903	5.880806	-0.015265	1.455765
96.406748	354.263887	5.885811	-0.015353	1.458188
96.904235	356.742389	5.890816	-0.015441	1.460663
97.465059	359.148894	5.895821	-0.015541	1.463090
97.938499	361.582422	5.900826	-0.015626	1.465507
98.422256	364.018695	5.905830	-0.015712	1.467926
98.964696	366.426911	5.910835	-0.015809	1.470336
99.549569	368.803482	5.915840	-0.015913	1.472728
99.957243	371.276426	5.920845	-0.015985	1.475141
100.435369	373.714124	5.925850	-0.016071	1.477544
101.007346	376.129317	5.930854	-0.016173	1.479954
101.641535	378.459583	5.935859	-0.016286	1.482306
101.984212	380.974715	5.940864	-0.016347	1.484719
102.533013	383.361095	5.945869	-0.016445	1.487084
103.010002	385.815781	5.950874	-0.016530	1.489482
103.538737	388.209275	5.955878	-0.016624	1.491838
104.158075	390.605121	5.960883	-0.016734	1.494225
104.463759	393.100334	5.965888	-0.016789	1.496587
104.954787	395.580174	5.970893	-0.016876	1.498997
105.482000	397.995951	5.975898	-0.016970	1.501358
106.135960	400.399124	5.980902	-0.017087	1.503748
106.695699	402.769900	5.985907	-0.017186	1.506072
107.049913	405.269205	5.990912	-0.017249	1.508437
107.459355	407.737542	5.995917	-0.017322	1.510789
108.174414	410.098063	6.000922	-0.017450	1.513147
108.611211	412.575506	6.005926	-0.017528	1.515509
109.061226	415.033274	6.010931	-0.017608	1.517854
109.640096	417.436740	6.015936	-0.017711	1.520192
109.884105	419.970458	6.020941	-0.017754	1.522527
110.334982	422.500432	6.025946	-0.017835	1.524926
110.704282	425.067134	6.030950	-0.017900	1.527326
111.375262	427.540101	6.035955	-0.018020	1.529742
112.010126	429.957328	6.040960	-0.018133	1.532093
112.423238	432.490428	6.045965	-0.018207	1.534466
112.809264	435.030052	6.050970	-0.018276	1.536833
113.168942	437.660267	6.055974	-0.018340	1.539266
113.561031	440.223846	6.060979	-0.018409	1.541648
114.135390	442.810432	6.065984	-0.018512	1.544109
114.662381	445.339340	6.070989	-0.018606	1.546498
115.174463	447.919242	6.075994	-0.018697	1.548924
115.790307	450.397806	6.080998	-0.018807	1.551292
116.441209	452.884832	6.086003	-0.018923	1.553676
116.731462	455.485971	6.091008	-0.018975	1.556034
116.993078	458.184163	6.096013	-0.019021	1.558463
117.654768	460.675742	6.101018	-0.019139	1.560843
118.098988	463.309396	6.106022	-0.019218	1.563270
118.528370	465.912334	6.111027	-0.019295	1.565661
119.010316	468.559952	6.116032	-0.019381	1.568105
119.734130	471.043802	6.121037	-0.019510	1.570484
120.136904	473.679213	6.126042	-0.019581	1.572884
120.688349	476.252767	6.131046	-0.019680	1.575275
121.213974	478.814340	6.136051	-0.019774	1.577645
121.588005	481.466596	6.141056	-0.019840	1.580038
122.143313	484.042763	6.146061	-0.019939	1.582422
122.888208	486.528289	6.151066	-0.020072	1.584788
123.431294	489.074821	6.156070	-0.020169	1.587136
123.831594	491.642998	6.161075	-0.020240	1.589451
124.358848	494.195586	6.166080	-0.020334	1.591792
124.737426	496.827885	6.171085	-0.020402	1.594148
125.501840	499.289804	6.176090	-0.020538	1.596483
125.867147	501.893235	6.181094	-0.020603	1.598803
126.328687	504.420815	6.186099	-0.020685	1.601088
127.013371	506.947655	6.191104	-0.020807	1.603440
127.403710	509.508901	6.196109	-0.020877	1.605723
127.829582	512.120753	6.201114	-0.020953	1.608057
128.373409	514.670371	6.206118	-0.021050	1.610373
128.857064	517.251795	6.211123	-0.021136	1.612693
129.282748	519.889554	6.216128	-0.021212	1.615038
129.743432	522.500260	6.221133	-0.021294	1.617368
130.174114	525.174073	6.226138	-0.021370	1.619738
130.580887	527.822875	6.231142	-0.021443	1.622076
130.933064	530.545313	6.236147	-0.021506	1.624455
131.425563	533.240701	6.241152	-0.021593	1.626852
131.933498	535.931292	6.246157	-0.021684	1.629246
132.651224	538.502972	6.251162	-0.021812	1.631605
133.064093	541.208021	6.256166	-0.021886	1.633974
133.390356	543.936872	6.261171	-0.021944	1.636332
133.781368	546.715094	6.266176	-0.022013	1.638748
134.419477	549.346711	6.271181	-0.022127	1.641117
134.737457	552.154002	6.276186	-0.022184	1.643526
135.231655	554.876845	6.281190	-0.022272	1.645918
135.772756	557.628485	6.286195	-0.022368	1.648345
136.237402	560.383710	6.291200	-0.022451	1.650747
136.688296	563.172214	6.296205	-0.022531	1.653169
137.026687	566.005697	6.301210	-0.022592	1.655588
137.461477	568.896680	6.306214	-0.022669	1.658081
137.858146	571.725397	6.311219	-0.022740	1.660507
138.305941	574.645963	6.316224	-0.022820	1.663020
138.889786	577.441136	6.321229	-0.022924	1.665470
139.592485	580.213116	6.326234	-0.023049	1.667935
139.904859	583.082574	6.331238	-0.023105	1.670354
140.241541	586.031171	6.336243	-0.023165	1.672840
140.763747	588.910015	6.341248	-0.023258	1.675324
141.093259	591.905501	6.346253	-0.023316	1.677839
141.570704	594.819511	6.351258	-0.023402	1.680330
142.012390	597.820075	6.356262	-0.023480	1.682875
142.437619	600.796160	6.361267	-0.023556	1.685393
142.937298	603.808634	6.366272	-0.023645	1.687958
143.376784	606.778142	6.371277	-0.023724	1.690466
143.643317	609.912055	6.376282	-0.023771	1.693050
144.028527	613.033292	6.381286	-0.023840	1.695655
144.637866	616.090019	6.386291	-0.023948	1.698273
145.052624	619.173851	6.391296	-0.024022	1.700849
145.389648	622.353897	6.396301	-0.024082	1.703475
145.950997	625.462460	6.401306	-0.024182	1.706107
146.292564	628.666318	6.406310	-0.024243	1.708744
146.790815	631.800656	6.411315	-0.024332	1.711370
147.348933	634.957967	6.416320	-0.024432	1.714027
147.924036	638.088744	6.421325	-0.024534	1.716665
148.091841	641.356805	6.426330	-0.024564	1.719284
148.680975	644.561494	6.431334	-0.024669	1.721975
149.165494	647.749092	6.436339	-0.024756	1.724618
149.587694	651.040092	6.441344	-0.024831	1.727319
149.905735	654.344605	6.446349	-0.024888	1.729995
150.278641	657.700673	6.451354	-0.024954	1.732724
150.812392	660.990527	6.456358	-0.025049	1.735444
151.273854	664.341347	6.461363	-0.025132	1.738186
151.695451	667.703712	6.466368	-0.025207	1.740920
152.102629	671.089656	6.471373	-0.025279	1.743665
152.627630	674.455657	6.476378	-0.025373	1.746424
153.216786	677.764619	6.481382	-0.025478	1.749154
153.498467	681.246762	6.486387	-0.025529	1.751922
153.977361	684.669901	6.491392	-0.025614	1.754699
154.430851	688.122486	6.496397	-0.025695	1.757486
155.069643	691.473166	6.501402	-0.025809	1.760245
155.526684	694.916266	6.506406	-0.025890	1.763017
155.930632	698.368949	6.511411	-0.025962	1.765777
156.368908	701.860105	6.516416	-0.026041	1.768571
156.782159	705.362719	6.521421	-0.026114	1.771363
157.135491	708.947808	6.526426	-0.026177	1.774196
157.764600	712.458027	6.531430	-0.026290	1.777046
158.184083	715.998251	6.536435	-0.026365	1.779855
158.841883	719.478860	6.541440	-0.026482	1.782682
159.272765	722.977761	6.546445	-0.026559	1.785454
159.848976	726.471434	6.551450	-0.026662	1.788259
160.546852	729.862279	6.556454	-0.026786	1.791016
160.956652	733.349629	6.561459	-0.026859	1.793760
161.267830	736.934536	6.566464	-0.026915	1.796545
161.706082	740.459720	6.571469	-0.026993	1.799317
162.254752	743.997455	6.576474	-0.027091	1.802125
162.791174	747.504874	6.581478	-0.027187	1.804902
163.289244	751.053698	6.586483	-0.027276	1.807695
163.886739	754.524375	6.591488	-0.027382	1.810454
164.278531	758.106153	6.596493	-0.027452	1.813233
164.740352	761.674207	6.601498	-0.027535	1.816017
165.370129	765.165552	6.606502	-0.027647	1.818788
165.970130	768.640457	6.611507	-0.027754	1.821533
166.389660	772.171859	6.616512	-0.027829	1.824266
166.899494	775.703310	6.621517	-0.027920	1.827019
167.486032	779.167972	6.626522	-0.028025	1.829741
168.128119	782.641854	6.631526	-0.028139	1.832480
168.520455	786.166976	6.636531	-0.028209	1.835184
169.118392	789.610966	6.641536	-0.028316	1.837881
169.577935	793.101955	6.646541	-0.028398	1.840570
170.108778	796.593474	6.651546	-0.028493	1.843276
170.658188	800.067941	6.656550	-0.028591	1.845970
171.137936	803.518119	6.661555	-0.028677	1.848623
171.546756	807.080764	6.666560	-0.028749	1.851335
171.944788	810.668207	6.671565	-0.028820	1.854057
172.410386	814.253611	6.676570	-0.028904	1.856793
173.096947	817.702204	6.681574	-0.029026	1.859486
173.451209	821.282110	6.686579	-0.029089	1.862179
173.967935	824.822762	6.691584	-0.029182	1.864884
174.638421	828.294299	6.696589	-0.029301	1.867578
175.190343	831.762043	6.701594	-0.029400	1.870232
175.612276	835.307539	6.706598	-0.029475	1.872903
176.312272	838.747026	6.711603	-0.029600	1.875569
176.847611	842.184461	6.716608	-0.029696	1.878185
177.243572	845.712219	6.721613	-0.029766	1.880825
177.995434	849.043920	6.726618	-0.029900	1.883417
178.373760	852.562750	6.731622	-0.029968	1.886038
178.923124	855.986332	6.736627	-0.030066	1.888634
179.379364	859.483164	6.741632	-0.030147	1.891253
179.852779	862.963611	6.746637	-0.030232	1.893861
180.527931	866.370716	6.751642	-0.030352	1.896468
180.952588	869.803067	6.756646	-0.030428	1.899022
181.487519	873.258158	6.761651	-0.030524	1.901618
181.963325	876.711420	6.766656	-0.030609	1.904193
182.477621	880.179521	6.771661	-0.030700	1.906786
182.957005	883.604386	6.776666	-0.030786	1.909335
183.428134	887.137613	6.781670	-0.030870	1.911955
184.011044	890.548063	6.786675	-0.030974	1.914514
184.727216	893.898540	6.791680	-0.031102	1.917063
185.154210	897.282646	6.796685	-0.031178	1.919555
185.783975	900.655178	6.801690	-0.031290	1.922090
186.179574	904.115671	6.806694	-0.031361	1.924621
186.693481	907.516039	6.811699	-0.031453	1.927138
187.385770	910.824858	6.816704	-0.031576	1.929635
187.842211	914.229874	6.821709	-0.031658	1.932133
188.445226	917.565835	6.826714	-0.031765	1.934618
188.880609	920.943981	6.831718	-0.031843	1.937086
189.454871	924.185820	6.836723	-0.031946	1.939492
190.070657	927.507508	6.841728	-0.032055	1.941961
190.757254	930.709126	6.846733	-0.032178	1.944362
191.134648	934.060427	6.851738	-0.032245	1.946783
191.609868	937.338848	6.856742	-0.032330	1.949177
192.124068	940.650398	6.861747	-0.032422	1.951600
192.655418	943.943723	6.866752	-0.032517	1.954012
193.227244	947.236776	6.871757	-0.032619	1.956431
193.680625	950.495022	6.876762	-0.032700	1.958793
194.254140	953.790079	6.881766	-0.032802	1.961208
194.935814	956.955473	6.886771	-0.032924	1.963559
195.503108	960.180173	6.891776	-0.033025	1.965918
196.037661	963.337728	6.896781	-0.033120	1.968220
196.290101	966.680883	6.901786	-0.033165	1.970574
196.871115	969.916425	6.906790	-0.033269	1.972935
197.609037	973.083891	6.911795	-0.033401	1.975287
198.041813	976.271619	6.916800	-0.033478	1.977573
198.631689	979.448160	6.921805	-0.033583	1.979888
199.295974	982.545620	6.926810	-0.033702	1.982165
199.867698	985.634835	6.931814	-0.033804	1.984411
200.459528	988.726614	6.936819	-0.033909	1.986660
201.000632	991.757566	6.941824	-0.034006	1.988853
201.490409	994.884251	6.946829	-0.034093	1.991096
201.884703	997.989553	6.951834	-0.034163	1.993297
202.534114	1001.087366	6.956838	-0.034279	1.995555
202.992878	1004.114222	6.961843	-0.034361	1.997715
203.422197	1007.255026	6.966848	-0.034438	1.999942
203.867362	1010.388136	6.971853	-0.034517	2.002165
204.435238	1013.482944	6.976858	-0.034618	2.004390
205.011449	1016.568441	6.981862	-0.034721	2.006609
205.416462	1019.667468	6.986867	-0.034793	2.008791
205.966053	1022.785136	6.991872	-0.034891	2.011020
206.530142	1025.835982	6.996877	-0.034992	2.013205
207.091570	1028.929220	7.001882	-0.035092	2.015415
207.421740	1032.064215	7.006886	-0.035151	2.017594
208.009953	1035.123572	7.011891	-0.035256	2.019783
208.819182	1038.068010	7.016896	-0.035400	2.021948
209.319582	1041.073232	7.021901	-0.035490	2.024074
209.791970	1044.092723	7.026906	-0.035574	2.026201
210.291160	1047.093521	7.031910	-0.035663	2.028320
210.667470	1050.182658	7.036915	-0.035730	2.030465
211.201981	1053.186410	7.041920	-0.035825	2.032590
211.667164	1056.274563	7.046925	-0.035908	2.034752
212.266058	1059.247053	7.051930	-0.036015	2.036868
212.639218	1062.335888	7.056934	-0.036082	2.039002
213.234660	1065.351213	7.061939	-0.036188	2.041141
213.773275	1068.334272	7.066944	-0.036284	2.043242
214.236818	1071.409251	7.071949	-0.036367	2.045383
214.804020	1074.375256	7.076954	-0.036468	2.047475
215.557034	1077.287848	7.081958	-0.036602	2.049575
216.007957	1080.240317	7.086963	-0.036683	2.051626
216.756524	1083.079704	7.091968	-0.036816	2.053672
217.191215	1086.005299	7.096973	-0.036894	2.055697
217.754611	1088.838651	7.101978	-0.036994	2.057691
218.532127	1091.592007	7.106982	-0.037133	2.059682
218.955648	1094.406422	7.111987	-0.037208	2.061625
219.410332	1097.263562	7.116992	-0.037289	2.063602
219.931451	1100.117109	7.121997	-0.037382	2.065591
220.586721	1102.811755	7.127002	-0.037499	2.067506
221.267977	1105.542278	7.132006	-0.037621	2.069449
221.887991	1108.199006	7.137011	-0.037731	2.071328
222.296365	1110.937831	7.142016	-0.037804	2.073207
222.780090	1113.692178	7.147021	-0.037890	2.075113
223.349167	1116.316892	7.152026	-0.037992	2.076953
223.832034	1119.051729	7.157030	-0.038078	2.078843
224.203185	1121.835938	7.162035	-0.038144	2.080736
224.971549	1124.420289	7.167040	-0.038281	2.082592
225.567937	1127.057061	7.172045	-0.038388	2.084440
226.036059	1129.705954	7.177050	-0.038471	2.086264
226.298225	1132.457532	7.182054	-0.038518	2.088103
226.857332	1135.165380	7.187059	-0.038617	2.089982
227.328056	1137.855387	7.192064	-0.038701	2.091828
227.703009	1140.661472	7.197069	-0.038768	2.093724
228.072470	1143.505046	7.202074	-0.038834	2.095641
228.466397	1146.334642	7.207078	-0.038904	2.097553
228.972541	1149.158358	7.212083	-0.038994	2.099486
229.492224	1151.960487	7.217088	-0.039087	2.101407
229.830633	1154.857065	7.222093	-0.039147	2.103343
230.389026	1157.689129	7.227098	-0.039247	2.105288
230.957173	1160.434144	7.232102	-0.039348	2.107178
231.393917	1163.309952	7.237107	-0.039426	2.109119
231.835927	1166.197931	7.242112	-0.039505	2.111067
232.246306	1169.091832	7.247117	-0.039578	2.113010
232.943834	1171.887949	7.252122	-0.039702	2.114956
233.337510	1174.706715	7.257126	-0.039772	2.116843
233.861090	1177.570348	7.262131	-0.039866	2.118787
234.269291	1180.478412	7.267136	-0.039938	2.120731
234.667595	1183.385102	7.272141	-0.040009	2.122670
235.128191	1186.327664	7.277146	-0.040091	2.124644
235.632084	1189.250190	7.282150	-0.040181	2.126614
235.948705	1192.227485	7.287155	-0.040238	2.128574
236.409476	1195.250375	7.292160	-0.040320	2.130593
236.816258	1198.277357	7.297165	-0.040392	2.132601
237.325774	1201.328133	7.302170	-0.040483	2.134646
237.751049	1204.324091	7.307174	-0.040559	2.136634
238.168276	1207.405732	7.312179	-0.040633	2.138673
238.772389	1210.420449	7.317184	-0.040741	2.140711
238.979168	1213.595518	7.322189	-0.040778	2.142756
239.528955	1216.705968	7.327194	-0.040876	2.144837
239.943919	1219.805845	7.332198	-0.040950	2.146879
240.395068	1222.980767	7.337203	-0.041030	2.148974
240.827288	1226.164440	7.342208	-0.041107	2.151069
241.224301	1229.396710	7.347213	-0.041178	2.153183
241.801017	1232.559267	7.352218	-0.041281	2.155293
242.218104	1235.743766	7.357222	-0.041356	2.157378
242.846290	1238.918294	7.362227	-0.041468	2.159503
243.392659	1242.041766	7.367232	-0.041565	2.161575
243.937925	1245.183952	7.372237	-0.041662	2.163657
244.411540	1248.360338	7.377242	-0.041747	2.165741
244.822519	1251.525707	7.382246	-0.041820	2.167803
245.137845	1254.814605	7.387251	-0.041876	2.169917
245.657828	1258.024494	7.392256	-0.041969	2.172027
246.137238	1261.296369	7.397261	-0.042055	2.174164
246.831763	1264.410181	7.402266	-0.042179	2.176249
247.153907	1267.677579	7.407270	-0.042236	2.178343
247.569796	1270.937135	7.412275	-0.042310	2.180452
248.149502	1274.153072	7.417280	-0.042414	2.182568
248.604536	1277.443863	7.422285	-0.042495	2.184701
249.255423	1280.556925	7.427290	-0.042611	2.186766
249.661408	1283.844989	7.432294	-0.042683	2.188881
250.087456	1287.081692	7.437299	-0.042759	2.190968
250.522201	1290.417350	7.442304	-0.042837	2.193115
251.103810	1293.640062	7.447309	-0.042941	2.195223
251.800437	1296.711624	7.452314	-0.043065	2.197263
252.323143	1299.947401	7.457318	-0.043158	2.199362
252.874919	1303.041339	7.462323	-0.043257	2.201379
253.361365	1306.251697	7.467328	-0.043343	2.203450
254.058804	1309.312586	7.472333	-0.043468	2.205475
254.539589	1312.411547	7.477338	-0.043554	2.207474
255.109400	1315.525777	7.482342	-0.043655	2.209499
255.352945	1318.683896	7.487347	-0.043699	2.211478
255.761238	1321.985463	7.492352	-0.043771	2.213578
256.248401	1325.146014	7.497357	-0.043858	2.215607
256.875652	1328.253776	7.502362	-0.043970	2.217634
257.418681	1331.437133	7.507366	-0.044067	2.219686
257.762425	1334.636984	7.512371	-0.044128	2.221703
258.463861	1337.771887	7.517376	-0.044254	2.223756
258.686714	1341.004228	7.522381	-0.044293	2.225762
259.077774	1344.306693	7.527386	-0.044363	2.227845
259.503076	1347.635184	7.532390	-0.044439	2.229949
260.012541	1350.877095	7.537395	-0.044530	2.232018
260.615132	1354.156643	7.542400	-0.044637	2.234128
260.844925	1357.446226	7.547405	-0.044678	2.236160
261.328729	1360.828303	7.552410	-0.044764	2.238301
261.848038	1364.164948	7.557414	-0.044857	2.240421
262.183155	1367.576027	7.562419	-0.044917	2.242543
262.869456	1370.909090	7.567424	-0.045039	2.244693
263.018495	1374.362005	7.572429	-0.045066	2.246796
263.312393	1377.939441	7.577434	-0.045118	2.249003
263.938783	1381.380899	7.582438	-0.045230	2.251198
264.403964	1384.900966	7.587443	-0.045313	2.253403
265.136915	1388.274753	7.592448	-0.045444	2.255577
265.180606	1391.912697	7.597453	-0.045451	2.257757
265.751065	1395.445562	7.602458	-0.045553	2.259986
266.169129	1399.025920	7.607462	-0.045628	2.262208
266.731468	1402.550384	7.612467	-0.045728	2.264426
267.193650	1406.069536	7.617472	-0.045811	2.266617
267.377581	1409.827233	7.622477	-0.045843	2.268888
267.837833	1413.473700	7.627482	-0.045926	2.271149
268.352694	1417.166025	7.632486	-0.046018	2.273447
268.855348	1420.807959	7.637491	-0.046107	2.275711
269.623440	1424.365616	7.642496	-0.046244	2.277978
269.948363	1428.023860	7.647501	-0.046302	2.280209
270.485606	1431.644108	7.652506	-0.046398	2.282460
270.776161	1435.399062	7.657510	-0.046450	2.284735
271.045300	1439.173836	7.662515	-0.046498	2.287016
271.699872	1442.903613	7.667520	-0.046615	2.289350
272.074308	1446.682751	7.672525	-0.046682	2.291650
272.415876	1450.557192	7.677530	-0.046743	2.293998
272.943003	1454.332138	7.682534	-0.046837	2.296323
273.601066	1458.100410	7.687539	-0.046954	2.298670
274.256451	1461.758659	7.692544	-0.047071	2.300950
274.550251	1465.592062	7.697549	-0.047124	2.303254
275.075272	1469.338473	7.702554	-0.047218	2.305553
275.752848	1473.041402	7.707558	-0.047339	2.307856
276.262548	1476.745156	7.712563	-0.047430	2.310122
276.779254	1480.489709	7.717568	-0.047522	2.312411
277.234466	1484.169082	7.722573	-0.047603	2.314648
277.369845	1488.051464	7.727578	-0.047627	2.316933
278.042028	1491.862904	7.732582	-0.047747	2.319286
278.622554	1495.582255	7.737587	-0.047851	2.321565
279.270020	1499.335748	7.742592	-0.047966	2.323875
279.713897	1503.004971	7.747597	-0.048046	2.326092
280.048890	1506.846711	7.752602	-0.048105	2.328383
280.547917	1510.644806	7.757606	-0.048195	2.330681
280.783864	1514.587532	7.762611	-0.048237	2.333006
281.378727	1518.431158	7.767616	-0.048343	2.335346
281.541937	1522.439774	7.772621	-0.048372	2.337689
282.046351	1526.410315	7.777626	-0.048462	2.340078
283.026729	1530.170624	7.782630	-0.048637	2.342442
283.725926	1533.835654	7.787635	-0.048762	2.344690
284.363780	1537.493558	7.792640	-0.048876	2.346920
284.793726	1541.238482	7.797645	-0.048953	2.349155
285.326780	1544.920144	7.802650	-0.049048	2.351372
286.006854	1548.561295	7.807654	-0.049169	2.353595
286.243377	1552.264763	7.812659	-0.049211	2.355760
286.955725	1555.956540	7.817664	-0.049339	2.358013
287.486343	1559.536140	7.822669	-0.049433	2.360164
287.884413	1563.284009	7.827674	-0.049504	2.362381
288.518369	1566.901394	7.832678	-0.049618	2.364570
288.885865	1570.583343	7.837683	-0.049683	2.366739
289.302108	1574.350101	7.842688	-0.049757	2.368964
289.883365	1577.998367	7.847693	-0.049861	2.371154
290.252037	1581.792832	7.852698	-0.049927	2.373381
290.763358	1585.479703	7.857702	-0.050018	2.375574
291.134652	1589.306070	7.862707	-0.050085	2.377815
291.576899	1593.084242	7.867712	-0.050163	2.380042
291.962716	1596.963863	7.872717	-0.050232	2.382312
292.415877	1600.808249	7.877722	-0.050313	2.384574
292.884706	1604.705202	7.882726	-0.050397	2.386866
293.298546	1608.594659	7.887731	-0.050471	2.389141
294.012638	1612.403884	7.892736	-0.050598	2.391429
294.222580	1616.376684	7.897741	-0.050636	2.393705
294.611917	1620.291375	7.902746	-0.050705	2.395983
295.038692	1624.358849	7.907750	-0.050781	2.398351
295.603548	1628.261623	7.912755	-0.050882	2.400652
296.184396	1632.260024	7.917760	-0.050986	2.403008
296.678545	1636.132742	7.922765	-0.051074	2.405274
297.164319	1640.128205	7.927770	-0.051161	2.407604
297.489128	1644.184549	7.932774	-0.051219	2.409935
298.009374	1648.207949	7.937779	-0.051312	2.412283
298.700678	1652.125707	7.942784	-0.051435	2.414604
299.091217	1656.154629	7.947789	-0.051505	2.416925
299.632485	1660.099790	7.952794	-0.051602	2.419227
300.209074	1663.989607	7.957798	-0.051705	2.421503
300.679586	1667.975436	7.962803	-0.051789	2.423809
301.228518	1671.879347	7.967808	-0.051887	2.426083
301.635257	1675.862533	7.972813	-0.051959	2.428371
301.962867	1679.928957	7.977818	-0.052018	2.430687
302.484677	1683.977116	7.982822	-0.052111	2.433029
302.989386	1687.916869	7.987827	-0.052201	2.435305
303.595642	1691.920285	7.992832	-0.052310	2.437634
304.049832	1695.892666	7.997837	-0.052391	2.439914
304.527305	1699.944634	8.002842	-0.052476	2.442241
305.120535	1703.860941	8.007846	-0.052582	2.444512
305.509325	1707.894442	8.012851	-0.052651	2.446807
305.878415	1711.988308	8.017856	-0.052717	2.449128
306.547326	1715.994251	8.022861	-0.052837	2.451457
306.961452	1720.020691	8.027866	-0.052911	2.453746
307.287937	1724.135533	8.032870	-0.052969	2.456064
307.607951	1728.302625	8.037875	-0.053026	2.458407
308.424489	1732.335359	8.042880	-0.053172	2.460770
308.822776	1736.434724	8.047885	-0.053243	2.463087
309.331057	1740.491178	8.052890	-0.053334	2.465399
309.829262	1744.605922	8.057894	-0.053423	2.467739
310.161609	1748.761657	8.062899	-0.053482	2.470067
310.852859	1752.872512	8.067904	-0.053606	2.472437
311.349159	1756.867282	8.072909	-0.053694	2.474705
311.586082	1761.090112	8.077914	-0.053737	2.477044
312.111645	1765.269218	8.082918	-0.053830	2.479413
312.512833	1769.509794	8.087923	-0.053902	2.481789
313.066316	1773.649918	8.092928	-0.054001	2.484137
313.574021	1777.866856	8.097933	-0.054092	2.486516
314.028986	1782.055210	8.102938	-0.054173	2.488867
314.562496	1786.294513	8.107942	-0.054268	2.491258
314.960507	1790.515079	8.112947	-0.054339	2.493611
315.505934	1794.712816	8.117952	-0.054437	2.495977
316.065744	1798.929216	8.122957	-0.054537	2.498354
316.589940	1803.074789	8.127962	-0.054630	2.500684
317.021740	1807.326253	8.132966	-0.054708	2.503051
317.510471	1811.498688	8.137971	-0.054795	2.505384
318.071039	1815.723469	8.142976	-0.054895	2.507756
318.594981	1819.880904	8.147981	-0.054989	2.510083
319.075374	1824.085685	8.152986	-0.055074	2.512425
319.851008	1828.084975	8.157990	-0.055213	2.514710
320.217797	1832.271443	8.162995	-0.055278	2.517016
320.687152	1836.391631	8.168000	-0.055362	2.519305
321.141930	1840.613651	8.173005	-0.055444	2.521642
321.572843	1844.768210	8.178010	-0.055520	2.523937
321.946718	1849.075657	8.183014	-0.055587	2.526301
322.614031	1853.223078	8.188019	-0.055707	2.528632
323.079810	1857.466396	8.193024	-0.055790	2.530974
323.565333	1861.664681	8.198029	-0.055876	2.533293
323.965747	1865.881135	8.203034	-0.055948	2.535605
324.391761	1870.179315	8.208038	-0.056024	2.537962
324.897403	1874.421564	8.213043	-0.056114	2.540302
325.458411	1878.678816	8.218048	-0.056215	2.542658
326.052271	1882.825518	8.223053	-0.056321	2.544959
326.487755	1887.109724	8.228058	-0.056398	2.547302
327.068434	1891.312102	8.233062	-0.056502	2.549626
327.775400	1895.447170	8.238067	-0.056629	2.551936
328.260051	1899.489336	8.243072	-0.056715	2.554153
328.736656	1903.651091	8.248077	-0.056800	2.556431
329.109250	1907.841948	8.253082	-0.056867	2.558702
329.579832	1912.118016	8.258086	-0.056951	2.561034
329.935952	1916.353775	8.263091	-0.057014	2.563322
330.463605	1920.624793	8.268096	-0.057109	2.565657
331.063287	1924.827308	8.273101	-0.057216	2.567968
331.739351	1928.937926	8.278106	-0.057337	2.570242
332.114660	1933.260717	8.283110	-0.057404	2.572570
332.422081	1937.578876	8.288115	-0.057459	2.574882
332.972769	1941.856870	8.293120	-0.057557	2.577214
333.601944	1945.992984	8.298125	-0.057669	2.579485
334.239452	1950.146365	8.303130	-0.057783	2.581763
334.763115	1954.234279	8.308134	-0.057877	2.583986
335.169292	1958.436578	8.313139	-0.057949	2.586244
335.597450	1962.632450	8.318144	-0.058026	2.588502
336.080448	1966.854137	8.323149	-0.058112	2.590780
336.602270	1971.041686	8.328154	-0.058205	2.593046
337.042155	1975.271727	8.333158	-0.058284	2.595317
337.337696	1979.578185	8.338163	-0.058337	2.597599
337.758259	1983.913005	8.343168	-0.058412	2.599917
338.286173	1988.239315	8.348173	-0.058506	2.602247
338.836342	1992.516446	8.353178	-0.058604	2.604554
339.432797	1996.811342	8.358182	-0.058711	2.606876
339.801434	2001.123541	8.363187	-0.058777	2.609164
340.212809	2005.533812	8.368192	-0.058850	2.611508
340.726057	2009.817565	8.373197	-0.058942	2.613803
341.136271	2014.211923	8.378202	-0.059015	2.616135
341.568848	2018.638583	8.383206	-0.059093	2.618485
342.150781	2022.996109	8.388211	-0.059197	2.620824
342.829122	2027.280490	8.393216	-0.059318	2.623140
343.058431	2031.708304	8.398221	-0.059359	2.625449
343.381513	2036.245157	8.403226	-0.059416	2.627827
343.898180	2040.745980	8.408230	-0.059509	2.630219
344.580406	2045.091260	8.413235	-0.059631	2.632559
345.124138	2049.449512	8.418240	-0.059728	2.634879
345.487011	2053.933733	8.423245	-0.059793	2.637229
345.800398	2058.452932	8.428250	-0.059849	2.639586
346.252857	2063.027974	8.433254	-0.059930	2.641993
346.737862	2067.499858	8.438259	-0.060016	2.644352
347.329825	2072.056688	8.443264	-0.060122	2.646770
347.888901	2076.504712	8.448269	-0.060222	2.649126
348.304664	2081.073859	8.453274	-0.060296	2.651515
348.775751	2085.600963	8.458278	-0.060380	2.653890
349.221535	2090.168803	8.463283	-0.060460	2.656280
349.936926	2094.576417	8.468288	-0.060588	2.658633
350.516371	2099.060817	8.473293	-0.060692	2.660999
351.029267	2103.417662	8.478298	-0.060783	2.663287
351.565568	2107.876371	8.483302	-0.060879	2.665629
352.156448	2112.227671	8.488307	-0.060985	2.667924
352.546957	2116.688744	8.493312	-0.061054	2.670237
353.165276	2121.066090	8.498317	-0.061165	2.672545
353.693740	2125.385679	8.503322	-0.061259	2.674807
354.238668	2129.750203	8.508326	-0.061357	2.677093
354.566105	2134.181177	8.513331	-0.061415	2.679372
354.947473	2138.690486	8.518336	-0.061483	2.681698
355.527314	2143.076337	8.523341	-0.061587	2.683994
355.863037	2147.588823	8.528346	-0.061647	2.686309
356.507883	2152.047426	8.533350	-0.061762	2.688649
356.825250	2156.607506	8.538355	-0.061819	2.690981
357.208750	2161.148546	8.543360	-0.061887	2.693313
357.709933	2165.762582	8.548365	-0.061977	2.695699
358.411273	2170.183713	8.553370	-0.062102	2.698021
358.909749	2174.690621	8.558375	-0.062191	2.700349
359.377204	2179.150083	8.563379	-0.062275	2.702646
359.850399	2183.665662	8.568384	-0.062359	2.704970
360.307011	2188.227486	8.573389	-0.062441	2.707312
360.776601	2192.752580	8.578394	-0.062525	2.709636
361.514548	2197.189349	8.583399	-0.062657	2.711959
361.971602	2201.626735	8.588403	-0.062739	2.714234
362.386819	2206.156748	8.593408	-0.062813	2.716545
363.267279	2210.446365	8.598413	-0.062970	2.718813
363.754804	2214.822788	8.603418	-0.063057	2.721057
364.347889	2219.102092	8.608423	-0.063163	2.723268
365.095575	2223.298546	8.613427	-0.063297	2.725463
365.526784	2227.575625	8.618432	-0.063374	2.727642
365.985891	2231.845610	8.623437	-0.063456	2.729821
366.807937	2235.993728	8.628442	-0.063603	2.731999
367.227443	2240.201217	8.633447	-0.063678	2.734137
367.783171	2244.328569	8.638451	-0.063777	2.736256
368.193597	2248.498384	8.643456	-0.063850	2.738371
368.680768	2252.718235	8.648461	-0.063937	2.740521
369.213218	2256.835830	8.653466	-0.064032	2.742627
369.845122	2260.970403	8.658471	-0.064145	2.744755
370.287233	2265.097968	8.663475	-0.064224	2.746848
370.774870	2269.235857	8.668480	-0.064311	2.748951
371.440515	2273.312535	8.673485	-0.064430	2.751052
371.914789	2277.338282	8.678490	-0.064515	2.753095
372.371606	2281.491565	8.683495	-0.064597	2.755196
372.898304	2285.528542	8.688499	-0.064691	2.757250
373.341045	2289.691992	8.693504	-0.064770	2.759350
373.806009	2293.852608	8.698509	-0.064853	2.761451
374.270592	2297.933255	8.703514	-0.064936	2.763511
374.789074	2302.101819	8.708519	-0.065028	2.765621
375.161943	2306.249553	8.713523	-0.065095	2.767696
375.597376	2310.528824	8.718528	-0.065173	2.769843
376.000809	2314.756693	8.723533	-0.065245	2.771958
376.449143	2319.030885	8.728538	-0.065325	2.774101
376.995390	2323.302743	8.733543	-0.065423	2.776258
377.457084	2327.538186	8.738547	-0.065505	2.778381
377.868923	2331.871394	8.743552	-0.065579	2.780542
378.187898	2336.197999	8.748557	-0.065636	2.782682
378.724438	2340.588941	8.753562	-0.065731	2.784888
379.251542	2344.941455	8.758567	-0.065826	2.787071
379.796801	2349.262371	8.763571	-0.065923	2.789241
380.273332	2353.609337	8.768576	-0.066008	2.791410
380.564660	2358.012980	8.773581	-0.066060	2.793575
380.963644	2362.480224	8.778586	-0.066131	2.795786
381.421443	2366.982849	8.783591	-0.066213	2.798021
382.068937	2371.437419	8.788595	-0.066329	2.800263
382.352781	2375.900510	8.793600	-0.066380	2.802448
382.889126	2380.413000	8.798605	-0.066476	2.804695
383.333779	2384.920287	8.803610	-0.066555	2.806924
383.800110	2389.503776	8.808615	-0.066638	2.809190
384.116123	2394.089883	8.813619	-0.066695	2.811432
384.562090	2398.746201	8.818624	-0.066774	2.813727
385.001563	2403.410027	8.823629	-0.066853	2.816022
385.435427	2408.062068	8.828634	-0.066931	2.818308
386.056271	2412.727738	8.833639	-0.067042	2.820629
386.480414	2417.322203	8.838643	-0.067117	2.822883
386.985438	2422.057060	8.843648	-0.067208	2.825214
387.444467	2426.712197	8.848653	-0.067290	2.827499
387.957023	2431.399514	8.853658	-0.067381	2.829805
388.538124	2435.971273	8.858663	-0.067485	2.832065
389.033726	2440.611066	8.863667	-0.067574	2.834343
389.480505	2445.276388	8.868672	-0.067654	2.836622
390.048625	2449.929673	8.873677	-0.067755	2.838913
390.652026	2454.506562	8.878682	-0.067863	2.841172
390.988254	2459.155865	8.883687	-0.067923	2.843421
391.511943	2463.830634	8.888691	-0.068017	2.845710
392.122647	2468.412944	8.893696	-0.068126	2.847967
392.665338	2473.052297	8.898701	-0.068223	2.850238
393.114676	2477.566840	8.903706	-0.068303	2.852434
393.752728	2482.188275	8.908711	-0.068417	2.854708
394.226467	2486.706905	8.913715	-0.068502	2.856907
394.741390	2491.284032	8.918720	-0.068594	2.859137
395.259092	2495.826143	8.923725	-0.068687	2.861349
395.839248	2500.306688	8.928730	-0.068790	2.863541
396.356434	2504.845152	8.933735	-0.068883	2.865748
396.752129	2509.375648	8.938739	-0.068953	2.867931
397.227845	2513.990696	8.943744	-0.069038	2.870164
397.675011	2518.492808	8.948749	-0.069118	2.872339
398.108868	2523.116577	8.953754	-0.069196	2.874566
398.634296	2527.683047	8.958759	-0.069290	2.876779
399.144971	2532.329801	8.963763	-0.069381	2.879025
399.601996	2536.925837	8.968768	-0.069463	2.881238
400.247110	2541.469437	8.973773	-0.069578	2.883453
400.781583	2546.007137	8.978778	-0.069674	2.885647
401.399335	2550.492813	8.983783	-0.069784	2.887827
401.927887	2554.998886	8.988787	-0.069878	2.890002
402.266267	2559.572102	8.993792	-0.069939	2.892177
402.825686	2564.112271	8.998797	-0.070039	2.894369
403.147211	2568.653856	9.003802	-0.070096	2.896524
403.727762	2573.232132	9.008807	-0.070200	2.898733
404.305429	2577.724063	9.013811	-0.070303	2.900901
404.708240	2582.255685	9.018816	-0.070375	2.903058
405.026902	2586.953056	9.023821	-0.070432	2.905277
405.627776	2591.517229	9.028826	-0.070540	2.907476
406.092486	2596.196314	9.033831	-0.070623	2.909706
406.585169	2600.722374	9.038835	-0.070711	2.911868
407.059338	2605.365203	9.043840	-0.070796	2.914079
407.482747	2609.996613	9.048845	-0.070871	2.916275
407.920226	2614.703788	9.053850	-0.070949	2.918507
408.418500	2619.383922	9.058855	-0.071038	2.920733
408.931635	2624.061626	9.063859	-0.071130	2.922959
409.217518	2628.883122	9.068864	-0.071181	2.925215
409.705782	2633.645417	9.073869	-0.071269	2.927473
410.187616	2638.438951	9.078874	-0.071355	2.929742
410.789270	2643.135744	9.083879	-0.071462	2.931983
411.141379	2647.961286	9.088883	-0.071525	2.934244
411.515748	2652.771128	9.093888	-0.071592	2.936499
411.990337	2657.710581	9.098893	-0.071677	2.938826
412.473381	2662.528967	9.103898	-0.071763	2.941098
413.096723	2667.364241	9.108903	-0.071875	2.943396
413.622597	2672.151931	9.113907	-0.071969	2.945656
413.889534	2677.083849	9.118912	-0.072017	2.947942
414.431363	2681.980572	9.123917	-0.072113	2.950251
414.999075	2686.788464	9.128922	-0.072215	2.952521
415.572995	2691.648484	9.133927	-0.072318	2.954814
416.054035	2696.447305	9.138931	-0.072404	2.957064
416.432633	2701.370220	9.143936	-0.072471	2.959353
416.759551	2706.308498	9.148941	-0.072530	2.961639
417.391838	2711.258639	9.153946	-0.072643	2.963975
417.818854	2716.188897	9.158951	-0.072719	2.966269
418.339206	2721.151442	9.163955	-0.072812	2.968589
418.810111	2726.094860	9.168960	-0.072896	2.970892
419.187673	2731.095595	9.173965	-0.072964	2.973205
419.636846	2736.079853	9.178970	-0.073044	2.975520
420.272923	2741.069013	9.183975	-0.073158	2.977862
420.627043	2746.098738	9.188979	-0.073221	2.980179
420.976874	2751.139502	9.193984	-0.073284	2.982498
421.364687	2756.335895	9.198989	-0.073353	2.984892
421.999798	2761.380508	9.203994	-0.073467	2.987251
422.533548	2766.445683	9.208999	-0.073562	2.989603
423.123479	2771.411945	9.214003	-0.073668	2.991917
423.452268	2776.559800	9.219008	-0.073727	2.994272
423.976562	2781.617742	9.224013	-0.073820	2.996613
424.319782	2786.793080	9.229018	-0.073882	2.998979
424.731506	2791.951861	9.234023	-0.073955	3.001346
425.394308	2797.091537	9.239027	-0.074074	3.003738
425.922880	2802.190323	9.244032	-0.074169	3.006091
426.353379	2807.404942	9.249037	-0.074246	3.008479
426.740600	2812.511138	9.254042	-0.074315	3.010811
427.311175	2817.709380	9.259047	-0.074417	3.013208
427.679552	2822.898182	9.264051	-0.074483	3.015570
428.270289	2828.116244	9.269056	-0.074588	3.017976
428.974938	2833.147338	9.274061	-0.074714	3.020312
429.159382	2838.410556	9.279066	-0.074747	3.022675
429.762089	2843.629479	9.284071	-0.074855	3.025077
430.221457	2848.811782	9.289075	-0.074937	3.027439
430.804415	2853.964126	9.294080	-0.075042	3.029805
431.248972	2859.154150	9.299085	-0.075121	3.032165
431.790851	2864.292350	9.304090	-0.075218	3.034514
432.147608	2869.566558	9.309095	-0.075282	3.036895
432.636803	2874.829299	9.314099	-0.075370	3.039288
433.130706	2880.026971	9.319104	-0.075458	3.041651
433.655983	2885.315183	9.324109	-0.075552	3.044057
434.226030	2890.448816	9.329114	-0.075654	3.046399
434.399360	2895.893084	9.334119	-0.075685	3.048819
435.051997	2901.179867	9.339123	-0.075802	3.051236
435.608152	2906.488686	9.344128	-0.075901	3.053647
436.043472	2911.710647	9.349133	-0.075979	3.056001
436.547562	2917.039340	9.354138	-0.076069	3.058410
436.838069	2922.384053	9.359143	-0.076121	3.060794
437.361839	2927.760913	9.364147	-0.076215	3.063222
437.956070	2933.051226	9.369152	-0.076321	3.065621
438.430400	2938.438691	9.374157	-0.076406	3.068043
438.922995	2943.713325	9.379162	-0.076494	3.070417
439.767827	2948.886646	9.384167	-0.076645	3.072794
440.564177	2953.908145	9.389171	-0.076788	3.075096
441.379559	2958.812390	9.394176	-0.076934	3.077347
441.796056	2963.773657	9.399181	-0.077008	3.079566
442.402617	2968.627721	9.404186	-0.077117	3.081763
442.799591	2973.628615	9.409191	-0.077188	3.083994
443.425865	2978.483199	9.414195	-0.077300	3.086191
443.992041	2983.382299	9.419200	-0.077401	3.088397
444.400463	2988.193800	9.424205	-0.077474	3.090542
444.840762	2993.157769	9.429210	-0.077553	3.092756
445.195290	2998.149979	9.434215	-0.077616	3.094968
445.685253	3003.133753	9.439219	-0.077704	3.097194
446.091162	3008.146692	9.444224	-0.077776	3.099420
446.664608	3013.138939	9.449229	-0.077879	3.101658
447.404067	3018.024399	9.454234	-0.078011	3.103870
447.789944	3022.987200	9.459239	-0.078080	3.106066
448.179479	3028.021999	9.464243	-0.078150	3.108292
448.519813	3032.996585	9.469248	-0.078210	3.110484
448.867798	3038.182561	9.474253	-0.078273	3.112766
449.334245	3043.302234	9.479258	-0.078356	3.115034
449.653929	3048.602396	9.484263	-0.078413	3.117358
450.141766	3053.780651	9.489267	-0.078501	3.119651
450.641013	3059.017484	9.494272	-0.078590	3.121969
451.089036	3064.281982	9.499277	-0.078670	3.124290
451.500819	3069.629083	9.504282	-0.078744	3.126639
451.917940	3074.983820	9.509287	-0.078818	3.128991
452.483259	3080.251372	9.514291	-0.078920	3.131324
452.920006	3085.614198	9.519296	-0.078998	3.133678
453.200432	3091.024919	9.524301	-0.079048	3.136030
453.807075	3096.423582	9.529306	-0.079156	3.138419
454.287069	3101.782626	9.534311	-0.079242	3.140772
454.740987	3107.233217	9.539315	-0.079324	3.143159
455.225991	3112.641008	9.544320	-0.079410	3.145530
455.675673	3118.144178	9.549325	-0.079491	3.147935
456.178083	3123.459823	9.554330	-0.079581	3.150265
456.675299	3129.027956	9.559335	-0.079670	3.152700
457.207381	3134.371455	9.564339	-0.079765	3.155043
457.595564	3139.896170	9.569344	-0.079834	3.157441
458.094645	3145.370470	9.574349	-0.079924	3.159831
458.566384	3150.875457	9.579354	-0.080008	3.162228
459.044842	3156.403383	9.584359	-0.080094	3.164634
459.404577	3162.018853	9.589363	-0.080158	3.167060
460.003569	3167.519268	9.594368	-0.080265	3.169466
460.513336	3173.035239	9.599373	-0.080357	3.171866
461.039391	3178.537965	9.604378	-0.080451	3.174260
461.685125	3183.987547	9.609383	-0.080566	3.176646
462.222086	3189.372063	9.614387	-0.080662	3.178988
462.491076	3194.916051	9.619392	-0.080710	3.181360
462.894301	3200.531939	9.624397	-0.080783	3.183779
463.387373	3206.098903	9.629402	-0.080871	3.186186
463.769478	3211.736302	9.634407	-0.080939	3.188607
464.262814	3217.315839	9.639411	-0.081028	3.191016
464.792308	3222.968853	9.644416	-0.081122	3.193459
465.059661	3228.710007	9.649421	-0.081170	3.195903
465.569218	3234.448456	9.654426	-0.081261	3.198375
465.987832	3240.202906	9.659431	-0.081336	3.200840
466.546072	3245.961648	9.664435	-0.081436	3.203324
467.002530	3251.716631	9.669440	-0.081518	3.205790
467.322590	3257.571185	9.674445	-0.081575	3.208278
467.924653	3263.242232	9.679450	-0.081683	3.210725
468.432319	3269.072355	9.684455	-0.081774	3.213223
468.890075	3274.843453	9.689459	-0.081856	3.215689
469.531689	3280.609150	9.694464	-0.081971	3.218174
470.085429	3286.290739	9.699469	-0.082070	3.220610
470.398223	3292.125512	9.704474	-0.082126	3.223078
470.865155	3297.953770	9.709479	-0.082210	3.225560
471.350937	3303.808726	9.714483	-0.082297	3.228055
471.755128	3309.640406	9.719488	-0.082369	3.230527
472.101892	3315.595528	9.724493	-0.082431	3.233040
472.468774	3321.597461	9.729498	-0.082497	3.235574
472.975854	3327.640732	9.734503	-0.082588	3.238141
473.542339	3333.579300	9.739507	-0.082689	3.240670
474.146646	3339.548862	9.744512	-0.082797	3.243215
474.687994	3345.483980	9.749517	-0.082894	3.245735
475.166712	3351.419192	9.754522	-0.082980	3.248246
475.778105	3357.237893	9.759527	-0.083089	3.250723
476.393256	3363.063227	9.764531	-0.083200	3.253202
476.896839	3368.845172	9.769536	-0.083290	3.255646
477.310787	3374.722443	9.774541	-0.083364	3.258117
477.829087	3380.512130	9.779546	-0.083457	3.260562
478.244727	3386.192188	9.784551	-0.083531	3.262948

478.793479	3391.599680	9.789555	-0.083629	3.265237
479.308311	3396.813112	9.794560	-0.083721	3.267441
479.650278	3401.754547	9.799565	-0.083782	3.269509
480.239739	3406.496406	9.804570	-0.083888	3.271526
480.708267	3411.019405	9.809575	-0.083972	3.273437
480.995815	3415.448378	9.814579	-0.084023	3.275285
481.530811	3419.590709	9.819584	-0.084119	3.277046
481.859130	3423.500405	9.824589	-0.084177	3.278685
482.266464	3427.257149	9.829594	-0.084250	3.280271
482.603674	3430.892903	9.834599	-0.084310	3.281798
482.855866	3434.415084	9.839603	-0.084355	3.283267
483.568706	3437.558445	9.844608	-0.084482	3.284638
483.885808	3440.588420	9.849613	-0.084538	3.285913
484.165080	3443.519458	9.854618	-0.084588	3.287143
484.528004	3446.216772	9.859623	-0.084653	3.288287
484.985378	3448.638516	9.864627	-0.084734	3.289330
485.501488	3450.896642	9.869632	-0.084826	3.290314
485.675172	3453.070528	9.874637	-0.084857	3.291220
485.936436	3455.084667	9.879642	-0.084903	3.292072
486.267317	3456.971339	9.884647	-0.084962	3.292881
486.460184	3458.692906	9.889651	-0.084996	3.293605
486.840581	3460.305114	9.894656	-0.085064	3.294308
486.801602	3461.956603	9.899661	-0.085056	3.294974
487.039504	3463.458170	9.904666	-0.085098	3.295613
487.383161	3464.776289	9.909671	-0.085159	3.296192
487.409992	3466.130427	9.914675	-0.085164	3.296745
487.741903	3467.364310	9.919680	-0.085222	3.297287
487.908077	3468.423331	9.924685	-0.085252	3.297738
488.051494	3469.352684	9.929690	-0.085277	3.298133
488.547214	3470.124912	9.934695	-0.085365	3.298508
488.533578	3470.939698	9.939699	-0.085362	3.298836
488.791685	3471.543605	9.944704	-0.085407	3.299113
488.892838	3472.124199	9.949709	-0.085425	3.299361
488.970261	3472.834383	9.954714	-0.085438	3.299659
489.133931	3473.382073	9.959719	-0.085467	3.299901
489.354014	3473.463383	9.964723	-0.085506	3.299961
489.637687	3474.235843	9.969728	-0.085556	3.300309
489.690724	3474.220718	9.974733	-0.085565	3.300309
489.750041	3474.193669	9.979738	-0.085575	3.300305
490.194405	3474.050877	9.984743	-0.085653	3.300302
490.401235	3473.977064	9.989747	-0.085690	3.300297
490.691966	3473.899065	9.994752	-0.085741	3.300301
490.695534	3473.896799	9.999757	-0.085741	3.300301
490.695500	3473.431855	10.004762	-0.085740	3.300111
490.854202	3473.052856	10.009767	-0.085768	3.299977
491.021081	3472.793639	10.014771	-0.085797	3.299892
491.305739	3472.119954	10.019776	-0.085847	3.299653
491.328549	3471.505833	10.024781	-0.085851	3.299406
491.511843	3470.934813	10.029786	-0.085883	3.299197
491.653630	3470.218935	10.034791	-0.085907	3.298923
491.702910	3469.494577	10.039795	-0.085915	3.298635
492.026249	3468.561696	10.044800	-0.085973	3.298296
492.031466	3467.762587	10.049805	-0.085973	3.297972
492.080073	3466.909514	10.054810	-0.085981	3.297631
492.225735	3465.916094	10.059815	-0.086006	3.297245
492.146939	3464.854103	10.064819	-0.085991	3.296803
492.289947	3463.874787	10.069824	-0.086016	3.296422
492.338160	3462.844770	10.074829	-0.086024	3.296009
492.370432	3461.683820	10.079834	-0.086029	3.295541
492.576629	3460.645521	10.084839	-0.086065	3.295144
492.451217	3459.415779	10.089843	-0.086041	3.294628
492.477825	3458.399848	10.094848	-0.086045	3.294218
492.589311	3457.190636	10.099853	-0.086065	3.293740
492.635758	3456.034560	10.104858	-0.086072	3.293275
492.816762	3454.839632	10.109863	-0.086104	3.292811
492.881323	3453.514101	10.114867	-0.086114	3.292279
493.010487	3452.135181	10.119872	-0.086137	3.291734
492.711325	3450.843538	10.124877	-0.086082	3.291170
492.810459	3449.597001	10.129882	-0.086099	3.290675
492.927605	3448.325170	10.134887	-0.086119	3.290171
492.860826	3446.922188	10.139891	-0.086107	3.289591
493.002134	3445.567441	10.144896	-0.086131	3.289057
492.836758	3444.325537	10.149901	-0.086101	3.288530
492.760520	3443.154546	10.154906	-0.086086	3.288043
492.849532	3441.837935	10.159911	-0.086101	3.287517
492.949715	3440.494343	10.164915	-0.086118	3.286981
492.977562	3439.150218	10.169920	-0.086123	3.286437
493.012762	3437.740488	10.174925	-0.086128	3.285866
493.200547	3436.284847	10.179930	-0.086161	3.285296
493.271894	3434.768017	10.184935	-0.086173	3.284686
493.163412	3433.346572	10.189939	-0.086152	3.284092
493.141956	3431.894802	10.194944	-0.086148	3.283496
493.317711	3430.446135	10.199949	-0.086178	3.282927
493.030585	3429.100335	10.204954	-0.086126	3.282341
493.160187	3427.680121	10.209959	-0.086148	3.281777
493.064793	3426.256727	10.214963	-0.086131	3.281184
493.218166	3424.725688	10.219968	-0.086157	3.280578
493.400209	3423.215903	10.224973	-0.086189	3.279983
493.216239	3421.738028	10.229978	-0.086155	3.279356
493.202688	3420.250021	10.234983	-0.086152	3.278746
493.091945	3418.903769	10.239987	-0.086131	3.278182
493.327850	3417.492258	10.244992	-0.086173	3.277634
493.348539	3415.934150	10.249997	-0.086175	3.276999
493.108116	3414.476627	10.255002	-0.086132	3.276373
493.158770	3413.074802	10.260007	-0.086140	3.275806
493.196709	3411.609194	10.265011	-0.086146	3.275211
493.203550	3410.124429	10.270016	-0.086146	3.274604
493.255999	3408.651827	10.275021	-0.086155	3.274007
493.321077	3407.132871	10.280026	-0.086165	3.273394
493.391962	3405.693257	10.285031	-0.086177	3.272813
493.257420	3404.184522	10.290035	-0.086152	3.272178
493.322861	3402.614436	10.295040	-0.086163	3.271543
493.235809	3401.194589	10.300045	-0.086147	3.270950
493.120557	3399.744072	10.305050	-0.086125	3.270341
493.324248	3398.234331	10.310055	-0.086161	3.269748
493.238902	3396.753046	10.315059	-0.086145	3.269130
493.329732	3395.255027	10.320064	-0.086160	3.268527
493.251282	3393.931368	10.325069	-0.086145	3.267974
493.132832	3392.493875	10.330074	-0.086123	3.267369
493.008888	3391.152770	10.335079	-0.086100	3.266803
493.166896	3389.660941	10.340083	-0.086128	3.266211
493.082055	3388.314352	10.345088	-0.086112	3.265647
492.946820	3386.939427	10.350093	-0.086087	3.265066
492.906090	3385.600256	10.355098	-0.086079	3.264511
493.095041	3384.230712	10.360103	-0.086111	3.263972
492.882249	3382.950454	10.365107	-0.086073	3.263419
492.844433	3381.734267	10.370112	-0.086065	3.262915
492.918255	3380.383424	10.375117	-0.086077	3.262369
492.753400	3379.175710	10.380122	-0.086047	3.261852
492.848936	3377.888519	10.385127	-0.086063	3.261335
492.976381	3376.471585	10.390131	-0.086085	3.260768
492.890789	3375.186063	10.395136	-0.086069	3.260229
492.914838	3373.931454	10.400141	-0.086073	3.259716
492.971254	3372.555376	10.405146	-0.086082	3.259157
492.859516	3371.228470	10.410151	-0.086061	3.258597
492.990913	3370.047607	10.415155	-0.086084	3.258128
492.938447	3368.724829	10.420160	-0.086074	3.257577
492.928706	3367.364780	10.425165	-0.086071	3.257016
492.895058	3366.035128	10.430170	-0.086064	3.256464
492.960027	3364.750331	10.435175	-0.086075	3.255943
492.811016	3363.501571	10.440179	-0.086047	3.255410
492.622588	3362.199229	10.445184	-0.086013	3.254850
492.647953	3361.167751	10.450189	-0.086017	3.254428
492.632370	3359.895777	10.455194	-0.086013	3.253902
492.711844	3358.767477	10.460199	-0.086026	3.253447
492.673686	3357.649195	10.465203	-0.086019	3.252981
492.534674	3356.448587	10.470208	-0.085993	3.252468
492.707383	3355.301765	10.475213	-0.086023	3.252018
492.564325	3354.039888	10.480218	-0.085997	3.251479
492.637943	3352.979377	10.485223	-0.086009	3.251051
492.600979	3351.713839	10.490227	-0.086002	3.250524
492.743021	3350.555937	10.495232	-0.086026	3.250065
492.796654	3349.301356	10.500237	-0.086035	3.249554
492.937587	3347.935878	10.505242	-0.086060	3.249009
492.941542	3346.641052	10.510247	-0.086059	3.248475
492.786987	3345.560562	10.515251	-0.086031	3.248009
492.875921	3344.160343	10.520256	-0.086046	3.247442
492.914174	3342.908490	10.525261	-0.086052	3.246930
492.809687	3341.660201	10.530266	-0.086033	3.246401
492.901141	3340.321905	10.535271	-0.086048	3.245860
492.621335	3339.152586	10.540275	-0.085997	3.245341
492.598777	3338.027775	10.545280	-0.085992	3.244874
492.840143	3336.683700	10.550285	-0.086035	3.244349
492.523164	3335.605901	10.555290	-0.085977	3.243863
492.573034	3334.466715	10.560295	-0.085985	3.243399
492.505406	3333.537200	10.565299	-0.085972	3.243006
492.653641	3332.180394	10.570304	-0.085998	3.242464
492.627875	3331.081766	10.575309	-0.085993	3.242006
492.549537	3329.871171	10.580314	-0.085978	3.241495
492.596141	3328.764028	10.585319	-0.085985	3.241043
492.487471	3327.609285	10.590323	-0.085965	3.240551
492.477115	3326.582053	10.595328	-0.085963	3.240125
492.473340	3325.424558	10.600333	-0.085961	3.239645
492.607820	3324.318701	10.605338	-0.085984	3.239205
492.649185	3323.099971	10.610343	-0.085991	3.238706
492.478063	3322.160199	10.615347	-0.085960	3.238294
492.350229	3321.039603	10.620352	-0.085936	3.237814
492.531587	3320.040508	10.625357	-0.085968	3.237423
492.546356	3318.759784	10.630362	-0.085969	3.236895
492.440375	3317.776228	10.635367	-0.085950	3.236474
492.321109	3316.686071	10.640371	-0.085927	3.236007
492.254626	3315.718443	10.645376	-0.085915	3.235597
492.335378	3314.749707	10.650381	-0.085928	3.235206
492.119358	3313.758656	10.655386	-0.085889	3.234767
492.118626	3312.848637	10.660391	-0.085888	3.234390
492.184929	3311.878710	10.665395	-0.085899	3.233996
492.208540	3310.976418	10.670400	-0.085903	3.233625
492.182936	3310.075954	10.675405	-0.085897	3.233248
492.269266	3309.046641	10.680410	-0.085912	3.232832
492.177464	3308.140600	10.685415	-0.085895	3.232444
492.088848	3307.239712	10.690419	-0.085878	3.232059
492.156898	3306.187825	10.695424	-0.085889	3.231631
492.200911	3305.276081	10.700429	-0.085897	3.231259
492.047742	3304.436265	10.705434	-0.085868	3.230890
492.158768	3303.494864	10.710439	-0.085887	3.230514
491.958351	3302.570578	10.715443	-0.085851	3.230104
491.929320	3301.735409	10.720448	-0.085845	3.229754
491.982435	3300.868775	10.725453	-0.085854	3.229400
491.949763	3300.015358	10.730458	-0.085847	3.229042
492.095119	3299.148822	10.735463	-0.085872	3.228701
491.995137	3298.436904	10.740467	-0.085854	3.228392
492.034064	3297.584816	10.745472	-0.085860	3.228043
492.139286	3296.561002	10.750477	-0.085878	3.227631
491.891499	3295.766690	10.755482	-0.085833	3.227269
491.814581	3295.020867	10.760487	-0.085818	3.226949
491.995036	3294.104078	10.765491	-0.085850	3.226591
491.868979	3293.327839	10.770496	-0.085826	3.226252
492.034848	3292.524778	10.775501	-0.085855	3.225939
492.013274	3291.592165	10.780506	-0.085851	3.225549
492.010610	3290.677084	10.785511	-0.085849	3.225168
491.968870	3289.808092	10.790515	-0.085841	3.224801
491.867078	3289.033787	10.795520	-0.085822	3.224466
491.996222	3288.150133	10.800525	-0.085845	3.224115
492.112570	3287.279564	10.805530	-0.085865	3.223768
491.970219	3286.564723	10.810535	-0.085838	3.223452
491.977068	3285.693100	10.815539	-0.085839	3.223090
491.783185	3284.899834	10.820544	-0.085803	3.222735
492.020853	3283.970071	10.825549	-0.085845	3.222378
491.910337	3283.155551	10.830554	-0.085825	3.222025
491.981756	3282.276224	10.835559	-0.085837	3.221668
491.789579	3281.539878	10.840563	-0.085801	3.221337
491.786746	3280.788199	10.845568	-0.085800	3.221023
491.923125	3279.969223	10.850573	-0.085824	3.220700
491.712711	3279.227550	10.855578	-0.085785	3.220364
491.662865	3278.524514	10.860583	-0.085776	3.220064
491.569559	3277.897364	10.865587	-0.085758	3.219791
491.683871	3277.130573	10.870592	-0.085778	3.219486
491.649321	3276.465735	10.875597	-0.085771	3.219204
491.713602	3275.696653	10.880602	-0.085782	3.218892
491.676417	3275.057516	10.885607	-0.085774	3.218621
491.748555	3274.399376	10.890611	-0.085787	3.218356
491.645497	3273.680375	10.895616	-0.085767	3.218043
491.717501	3272.979645	10.900621	-0.085780	3.217760
491.704451	3272.216244	10.905626	-0.085776	3.217440
491.814063	3271.425943	10.910631	-0.085795	3.217124
491.609409	3270.751643	10.915635	-0.085758	3.216817
491.621149	3270.019725	10.920640	-0.085759	3.216513
491.607255	3269.372319	10.925645	-0.085756	3.216241
491.582211	3268.684975	10.930650	-0.085751	3.215951
491.728038	3268.000638	10.935655	-0.085776	3.215684
491.636081	3267.278070	10.940659	-0.085759	3.215371
491.467818	3266.693258	10.945664	-0.085728	3.215105
491.493058	3266.114109	10.950669	-0.085732	3.214866
491.621827	3265.415820	10.955674	-0.085754	3.214592
491.656249	3264.728273	10.960679	-0.085760	3.214309
491.583930	3264.034368	10.965683	-0.085746	3.214010
491.356874	3263.383542	10.970688	-0.085705	3.213709
491.492097	3262.931361	10.975693	-0.085728	3.213537
491.519478	3262.330105	10.980698	-0.085732	3.213290
491.683013	3261.550898	10.985703	-0.085761	3.212986
491.623381	3260.884036	10.990707	-0.085749	3.212699
491.588273	3260.199855	10.995712	-0.085742	3.212409
491.447694	3259.681139	11.000717	-0.085716	3.212174
491.392430	3258.927763	11.005722	-0.085706	3.211852
491.405493	3258.449543	11.010727	-0.085707	3.211654
491.523010	3257.816024	11.015731	-0.085728	3.211404
491.448677	3257.234170	11.020736	-0.085714	3.211151
491.568009	3256.617385	11.025741	-0.085734	3.210909
491.344170	3255.928885	11.030746	-0.085693	3.210592
491.558787	3255.325861	11.035751	-0.085731	3.210368
491.826002	3254.564312	11.040755	-0.085778	3.210085
491.751365	3253.793547	11.045760	-0.085764	3.209753
491.671057	3253.137580	11.050765	-0.085749	3.209468
491.780752	3252.345342	11.055770	-0.085768	3.209151
491.572161	3251.724310	11.060775	-0.085730	3.208864
491.457303	3251.231122	11.065779	-0.085708	3.208643
491.455648	3250.784141	11.070784	-0.085707	3.208456
491.451328	3250.208667	11.075789	-0.085706	3.208214
491.466065	3249.442628	11.080794	-0.085708	3.207896
491.731220	3248.780885	11.085799	-0.085754	3.207654
491.723992	3248.036781	11.090803	-0.085752	3.207341
491.570787	3247.286758	11.095808	-0.085724	3.207008
491.533848	3246.723972	11.100813	-0.085717	3.206767
491.531702	3246.044253	11.105818	-0.085716	3.206482
491.532453	3245.430938	11.110823	-0.085715	3.206226
491.446565	3244.956056	11.115827	-0.085699	3.206016
491.293510	3244.226507	11.120832	-0.085671	3.205690
491.306715	3243.738695	11.125837	-0.085673	3.205488
491.499594	3243.146987	11.130842	-0.085706	3.205265
491.410803	3242.612667	11.135847	-0.085690	3.205030
491.232093	3241.995941	11.140851	-0.085657	3.204748
491.214196	3241.497077	11.145856	-0.085653	3.204537
491.274842	3241.130533	11.150861	-0.085663	3.204391
491.309187	3240.475020	11.155866	-0.085669	3.204121
491.406038	3239.879179	11.160871	-0.085685	3.203884
491.423908	3239.388688	11.165875	-0.085688	3.203681
491.388303	3238.907469	11.170880	-0.085681	3.203474
491.318193	3238.328819	11.175885	-0.085667	3.203223
491.124517	3237.747776	11.180890	-0.085632	3.202954
491.451795	3237.263001	11.185895	-0.085690	3.202794
491.469444	3236.660789	11.190899	-0.085692	3.202543
491.367590	3236.053431	11.195904	-0.085673	3.202276
491.238107	3235.418946	11.200909	-0.085649	3.201993
491.520053	3234.879785	11.205914	-0.085699	3.201804
491.601648	3234.226432	11.210919	-0.085713	3.201540
491.478913	3233.651918	11.215923	-0.085690	3.201283
491.413050	3233.082059	11.220928	-0.085678	3.201036
491.470313	3232.367089	11.225933	-0.085687	3.200744
491.379486	3231.820801	11.230938	-0.085670	3.200503
491.491394	3231.255926	11.235943	-0.085689	3.200280
491.499006	3230.617047	11.240947	-0.085690	3.200013
491.428076	3230.042302	11.245952	-0.085677	3.199763
491.379139	3229.366032	11.250957	-0.085667	3.199473
491.301934	3228.873131	11.255962	-0.085653	3.199256
491.206734	3228.498471	11.260967	-0.085635	3.199086
491.436432	3227.813494	11.265971	-0.085675	3.198829
491.333033	3227.387036	11.270976	-0.085656	3.198636
491.375283	3226.891205	11.275981	-0.085663	3.198434
491.296391	3226.432546	11.280986	-0.085648	3.198231
491.328139	3225.709021	11.285991	-0.085653	3.197931
491.323782	3225.186885	11.290995	-0.085651	3.197712
491.210393	3224.777135	11.296000	-0.085630	3.197525
491.365223	3224.203037	11.301005	-0.085657	3.197304
491.235574	3223.572675	11.306010	-0.085633	3.197022
491.177693	3223.246239	11.311015	-0.085622	3.196877
491.128387	3222.785275	11.316019	-0.085613	3.196677
491.222818	3222.179552	11.321024	-0.085629	3.196435
491.231001	3221.816870	11.326029	-0.085630	3.196284
491.066440	3221.359285	11.331034	-0.085600	3.196070
490.902625	3221.081744	11.336039	-0.085570	3.195932
490.973127	3220.616954	11.341043	-0.085582	3.195746
490.848394	3220.403184	11.346048	-0.085559	3.195639
491.002989	3219.893502	11.351053	-0.085585	3.195445
491.029030	3219.570769	11.356058	-0.085589	3.195313
490.895886	3219.142240	11.361063	-0.085565	3.195115
491.020615	3218.878751	11.366067	-0.085586	3.195021
491.211270	3218.308725	11.371072	-0.085620	3.194806
491.108739	3217.811876	11.376077	-0.085601	3.194584
491.102129	3217.548581	11.381082	-0.085599	3.194472
491.030319	3216.867241	11.386087	-0.085585	3.194176
491.103103	3216.686319	11.391091	-0.085598	3.194110
491.021849	3216.097335	11.396096	-0.085582	3.193851
491.211660	3215.797924	11.401101	-0.085616	3.193750
491.166374	3215.476099	11.406106	-0.085607	3.193609
491.083036	3214.785910	11.411111	-0.085591	3.193308
491.035536	3214.627801	11.416115	-0.085582	3.193235
491.205903	3213.943845	11.421120	-0.085612	3.192970
491.321168	3213.451300	11.426125	-0.085632	3.192778
491.142284	3213.082124	11.431130	-0.085599	3.192599
491.079156	3212.463212	11.436135	-0.085587	3.192330
491.180274	3212.080823	11.441139	-0.085604	3.192183
491.134978	3211.694453	11.446144	-0.085595	3.192014
491.300225	3211.001916	11.451149	-0.085624	3.191745
490.988520	3210.802415	11.456154	-0.085568	3.191620
491.066870	3210.228649	11.461159	-0.085581	3.191389
491.108900	3209.929566	11.466163	-0.085588	3.191268
490.982286	3209.558371	11.471168	-0.085565	3.191095
491.077355	3209.055307	11.476173	-0.085581	3.190896
490.890470	3208.781861	11.481178	-0.085547	3.190756
490.866783	3208.414191	11.486183	-0.085542	3.190598
490.941306	3208.047750	11.491187	-0.085554	3.190454
490.862081	3207.715356	11.496192	-0.085539	3.190303
490.982804	3207.293584	11.501197	-0.085560	3.190141
490.912882	3207.031910	11.506202	-0.085547	3.190022
490.893749	3206.584103	11.511207	-0.085543	3.189831
490.807969	3206.580170	11.516211	-0.085527	3.189817
490.875579	3205.805663	11.521216	-0.085538	3.189500
490.940300	3205.811077	11.526221	-0.085549	3.189511
490.742663	3205.200009	11.531226	-0.085513	3.189227
490.818756	3205.123817	11.536231	-0.085526	3.189205
490.891213	3204.747764	11.541235	-0.085538	3.189056
490.859693	3204.353026	11.546240	-0.085532	3.188886
490.939606	3204.271182	11.551245	-0.085546	3.188861
490.906213	3203.824295	11.556250	-0.085539	3.188669
490.922213	3203.746131	11.561255	-0.085541	3.188637
490.807525	3203.088463	11.566259	-0.085520	3.188346
490.932785	3203.040715	11.571264	-0.085542	3.188341
490.889932	3202.397751	11.576269	-0.085533	3.188065
490.737593	3202.318860	11.581274	-0.085505	3.188011
490.739023	3202.098919	11.586279	-0.085505	3.187919
490.755255	3201.571990	11.591283	-0.085507	3.187699
490.926856	3201.501544	11.596288	-0.085537	3.187691
490.901446	3200.906733	11.601293	-0.085532	3.187438
490.965008	3200.775065	11.606298	-0.085542	3.187390
490.775213	3200.219205	11.611303	-0.085508	3.187131
490.887201	3200.006267	11.616307	-0.085527	3.187056
490.994235	3199.587671	11.621312	-0.085546	3.186893
490.964223	3199.296711	11.626317	-0.085539	3.186767
490.875142	3198.982692	11.631322	-0.085523	3.186622
490.925124	3198.541187	11.636327	-0.085531	3.186443
490.937860	3198.334147	11.641331	-0.085533	3.186357
490.915000	3197.876156	11.646336	-0.085528	3.186161
490.945844	3197.664943	11.651341	-0.085533	3.186076
490.912782	3197.056506	11.656346	-0.085526	3.185815
491.046729	3196.867930	11.661351	-0.085549	3.185753
490.933885	3196.340988	11.666355	-0.085528	3.185516
490.876963	3196.203356	11.671360	-0.085518	3.185450
491.030695	3195.562458	11.676365	-0.085544	3.185200
490.832217	3195.530835	11.681370	-0.085508	3.185160
490.829725	3194.876626	11.686375	-0.085507	3.184884
490.882383	3194.858307	11.691379	-0.085516	3.184883
490.667953	3194.321078	11.696384	-0.085477	3.184628
490.909894	3194.103139	11.701389	-0.085519	3.184568
490.812530	3193.976013	11.706394	-0.085501	3.184501
490.768790	3193.392757	11.711399	-0.085493	3.184250
490.841971	3193.346481	11.716403	-0.085505	3.184239
490.638178	3192.882475	11.721408	-0.085468	3.184017
490.800269	3192.648044	11.726413	-0.085496	3.183939
490.863765	3192.610000	11.731418	-0.085507	3.183931
490.782999	3192.025110	11.736423	-0.085492	3.183674
490.831991	3192.025003	11.741427	-0.085500	3.183680
490.748112	3191.641449	11.746432	-0.085484	3.183507
490.736708	3191.293052	11.751437	-0.085481	3.183358
490.604988	3191.322915	11.756442	-0.085457	3.183353
490.881510	3190.859006	11.761447	-0.085506	3.183194
490.866936	3190.482708	11.766451	-0.085502	3.183033
490.664729	3190.556937	11.771456	-0.085466	3.183037
490.491755	3189.926237	11.776461	-0.085434	3.182748
490.618192	3189.794282	11.781466	-0.085456	3.182709
490.724930	3189.798306	11.786471	-0.085474	3.182724
490.794048	3189.401746	11.791475	-0.085486	3.182566
490.705586	3189.022005	11.796480	-0.085469	3.182394
490.766563	3189.037412	11.801485	-0.085480	3.182408
490.735895	3188.437849	11.806490	-0.085473	3.182151
490.789112	3188.243597	11.811495	-0.085482	3.182076
490.821697	3188.154447	11.816499	-0.085487	3.182042
490.753544	3187.546695	11.821504	-0.085474	3.181777
490.731776	3187.553203	11.826509	-0.085470	3.181776
490.677353	3187.234810	11.831514	-0.085459	3.181634
490.763329	3186.789343	11.836519	-0.085474	3.181457
490.870894	3186.741186	11.841523	-0.085493	3.181451
490.837751	3186.170756	11.846528	-0.085486	3.181206
490.778795	3186.095523	11.851533	-0.085475	3.181166
490.846270	3185.787874	11.856538	-0.085486	3.181045
490.846985	3185.304743	11.861543	-0.085486	3.180841
490.837918	3185.279099	11.866547	-0.085483	3.180828
490.851725	3184.554704	11.871552	-0.085485	3.180525
491.082418	3184.473837	11.876557	-0.085526	3.180521
490.847271	3183.775758	11.881562	-0.085483	3.180195
490.816765	3183.799834	11.886567	-0.085477	3.180201
490.884298	3183.370711	11.891571	-0.085488	3.180028
490.918444	3183.078067	11.896576	-0.085493	3.179909
490.770136	3182.848625	11.901581	-0.085466	3.179792
490.766419	3182.348553	11.906586	-0.085465	3.179581
490.905697	3182.295626	11.911591	-0.085489	3.179576
490.629242	3181.752273	11.916595	-0.085439	3.179310
490.582782	3181.704300	11.921600	-0.085430	3.179283
490.625007	3181.672945	11.926605	-0.085437	3.179275
490.736408	3181.285736	11.931610	-0.085456	3.179126
490.739477	3180.905135	11.936615	-0.085456	3.178966
490.712964	3180.913880	11.941619	-0.085450	3.178965
490.616241	3180.570551	11.946624	-0.085432	3.178808
490.431105	3180.448338	11.951629	-0.085399	3.178731
490.563598	3180.390130	11.956634	-0.085422	3.178724
490.582457	3180.395002	11.961639	-0.085424	3.178728
490.700121	3180.020700	11.966643	-0.085445	3.178585
490.646721	3179.564564	11.971648	-0.085434	3.178385
490.580736	3179.599034	11.976653	-0.085422	3.178390
490.577177	3179.610942	11.981658	-0.085421	3.178394
490.522477	3178.987120	11.986663	-0.085410	3.178124
490.666871	3178.833336	11.991667	-0.085435	3.178078
490.803819	3178.798168	11.996672	-0.085459	3.178080
490.634875	3178.291738	12.001677	-0.085428	3.177844
490.548267	3178.105331	12.006682	-0.085412	3.177754
490.554876	3178.121451	12.011687	-0.085413	3.177761
490.536323	3178.131401	12.016691	-0.085409	3.177762
490.561563	3177.668474	12.021696	-0.085412	3.177570
490.513282	3177.418219	12.026701	-0.085403	3.177457
490.633419	3177.366109	12.031706	-0.085424	3.177451
490.725560	3177.345005	12.036711	-0.085440	3.177453
490.735432	3176.594478	12.041715	-0.085441	3.177138
490.817549	3176.519507	12.046720	-0.085455	3.177117
490.520294	3176.633262	12.051725	-0.085401	3.177125
490.586292	3175.865192	12.056730	-0.085412	3.176809
490.734160	3175.849533	12.061735	-0.085438	3.176822
490.872761	3175.751646	12.066739	-0.085462	3.176798
490.895730	3175.027508	12.071744	-0.085465	3.176495
490.977246	3175.031941	12.076749	-0.085479	3.176508
490.831898	3174.392559	12.081754	-0.085452	3.176218
490.953170	3174.316404	12.086759	-0.085473	3.176202
490.919417	3173.761201	12.091763	-0.085467	3.175962
490.932899	3173.541273	12.096768	-0.085468	3.175871
490.769793	3173.185875	12.101773	-0.085438	3.175699
490.725654	3172.860476	12.106778	-0.085430	3.175555
490.725825	3172.880827	12.111783	-0.085429	3.175563
490.769304	3172.342922	12.116787	-0.085436	3.175342
490.700439	3172.127445	12.121792	-0.085423	3.175241
490.720882	3172.129586	12.126797	-0.085426	3.175244
490.710700	3171.437673	12.131802	-0.085424	3.174951
490.892558	3171.359510	12.136807	-0.085456	3.174941
490.896482	3171.005038	12.141811	-0.085456	3.174792
490.582760	3170.688229	12.146816	-0.085399	3.174616
490.619510	3170.686725	12.151821	-0.085405	3.174620
490.706909	3170.466601	12.156826	-0.085420	3.174538
490.654179	3169.950214	12.161831	-0.085409	3.174312
490.582627	3169.990872	12.166835	-0.085396	3.174320
490.687883	3169.930856	12.171840	-0.085414	3.174308
490.640305	3169.220573	12.176845	-0.085405	3.174001
490.574200	3169.230671	12.181850	-0.085392	3.173996
490.606640	3169.231998	12.186855	-0.085398	3.174001
490.545517	3169.136978	12.191859	-0.085386	3.173952
490.590075	3168.653732	12.196864	-0.085393	3.173753
490.551636	3168.678068	12.201869	-0.085386	3.173758
490.478402	3168.667481	12.206874	-0.085372	3.173743
490.627286	3168.447316	12.211879	-0.085398	3.173670
490.584269	3167.882177	12.216883	-0.085389	3.173425
490.684192	3167.844546	12.221888	-0.085407	3.173422
490.843052	3167.746242	12.226893	-0.085434	3.173401
490.856881	3167.029441	12.231898	-0.085436	3.173100
490.814067	3167.070679	12.236903	-0.085428	3.173111
490.874964	3166.461894	12.241907	-0.085438	3.172861
490.924563	3166.255225	12.246912	-0.085446	3.172780
490.904746	3165.890712	12.251917	-0.085442	3.172623
490.876356	3165.541480	12.256922	-0.085436	3.172471
490.777350	3165.343835	12.261927	-0.085418	3.172374
490.716652	3164.836978	12.266931	-0.085406	3.172152
490.790754	3164.798588	12.271936	-0.085419	3.172145
490.907869	3164.351194	12.276941	-0.085439	3.171971
490.935349	3164.038435	12.281946	-0.085443	3.171842
490.739781	3163.704886	12.286951	-0.085407	3.171675
490.686237	3163.376976	12.291955	-0.085397	3.171529
490.698421	3163.375049	12.296960	-0.085399	3.171529
490.762560	3163.041941	12.301965	-0.085409	3.171396
490.799922	3162.672922	12.306970	-0.085415	3.171245
490.708686	3162.710157	12.311975	-0.085398	3.171248
490.805662	3162.053423	12.316979	-0.085415	3.170983
490.775163	3161.874263	12.321984	-0.085409	3.170903
490.719920	3161.830722	12.326989	-0.085398	3.170876
490.744100	3161.167391	12.331994	-0.085402	3.170599
490.761006	3161.158807	12.336999	-0.085404	3.170597
490.625336	3161.065935	12.342003	-0.085379	3.170539
490.656818	3160.450618	12.347008	-0.085384	3.170283
490.744340	3160.444212	12.352013	-0.085399	3.170291
490.815389	3160.211002	12.357018	-0.085411	3.170202
490.850896	3159.649147	12.362023	-0.085417	3.169968
490.758396	3159.701558	12.367027	-0.085400	3.169978
490.676798	3159.135200	12.372032	-0.085384	3.169727
490.638127	3158.984541	12.377037	-0.085377	3.169658
490.696500	3158.942235	12.382042	-0.085386	3.169647
490.781884	3158.407632	12.387047	-0.085401	3.169432
490.397411	3158.318464	12.392051	-0.085332	3.169343
490.509230	3158.268954	12.397056	-0.085351	3.169336
490.512267	3158.285412	12.402061	-0.085351	3.169343
490.529373	3158.146038	12.407066	-0.085353	3.169286
490.718124	3157.491841	12.412071	-0.085386	3.169034
490.553544	3157.567658	12.417075	-0.085356	3.169044
490.606409	3157.524872	12.422080	-0.085365	3.169032
490.485899	3157.199860	12.427085	-0.085343	3.168878
490.523480	3157.023789	12.432090	-0.085349	3.168808
490.467283	3157.058874	12.437095	-0.085338	3.168815
490.591668	3157.014273	12.442099	-0.085360	3.168812
490.536094	3156.976054	12.447104	-0.085349	3.168788
490.655577	3156.184240	12.452109	-0.085370	3.168469
490.606705	3156.193392	12.457114	-0.085360	3.168466
490.678646	3156.205895	12.462119	-0.085372	3.168480
490.756422	3155.593390	12.467123	-0.085386	3.168231
490.694744	3155.433805	12.472128	-0.085374	3.168155
490.788242	3155.382673	12.477133	-0.085390	3.168145
490.770975	3154.685696	12.482138	-0.085386	3.167848
490.730945	3154.683212	12.487143	-0.085378	3.167841
490.694623	3154.526010	12.492147	-0.085371	3.167769
490.906854	3153.864694	12.497152	-0.085408	3.167517
490.756865	3153.935187	12.502157	-0.085381	3.167526
490.724718	3153.382531	12.507162	-0.085374	3.167288
490.752020	3153.167702	12.512167	-0.085378	3.167200
490.569085	3153.250775	12.517171	-0.085345	3.167211
490.394288	3153.003586	12.522176	-0.085313	3.167082
490.619743	3152.497643	12.527181	-0.085353	3.166898
490.625744	3152.487326	12.532186	-0.085353	3.166894
490.490797	3152.530947	12.537191	-0.085328	3.166894
490.385142	3152.561663	12.542195	-0.085309	3.166892
490.432539	3152.113243	12.547200	-0.085317	3.166708
490.626099	3151.755375	12.552205	-0.085350	3.166582
490.579483	3151.774159	12.557210	-0.085341	3.166583
490.692350	3151.708819	12.562215	-0.085361	3.166570
490.551144	3151.227546	12.567219	-0.085335	3.166347
490.592147	3151.071924	12.572224	-0.085342	3.166286
490.506283	3151.108961	12.577229	-0.085326	3.166290
490.646056	3151.049912	12.582234	-0.085350	3.166283
490.758300	3150.394498	12.587239	-0.085369	3.166020
490.471277	3150.342110	12.592243	-0.085317	3.165960
490.539085	3150.297591	12.597248	-0.085329	3.165949
490.621194	3150.273656	12.602253	-0.085343	3.165950
490.423967	3149.623478	12.607258	-0.085307	3.165648
490.614088	3149.581782	12.612263	-0.085340	3.165655
490.520681	3149.604964	12.617267	-0.085323	3.165652
490.255581	3149.667423	12.622272	-0.085275	3.165642
490.433708	3149.622123	12.627277	-0.085306	3.165646
490.372044	3149.636792	12.632282	-0.085294	3.165644
490.519216	3148.863552	12.637287	-0.085320	3.165336
490.458251	3148.854398	12.642291	-0.085308	3.165323
490.488119	3148.829198	12.647296	-0.085313	3.165316
490.500350	3148.838316	12.652301	-0.085314	3.165321
490.482806	3148.848691	12.657306	-0.085311	3.165323
490.623058	3148.105727	12.662311	-0.085335	3.165026
490.568735	3148.112188	12.667315	-0.085325	3.165021
490.430106	3148.156247	12.672320	-0.085299	3.165021
490.422740	3148.155305	12.677325	-0.085297	3.165019
490.498619	3147.993927	12.682330	-0.085310	3.164960
490.720852	3147.301199	12.687335	-0.085349	3.164696
490.760175	3147.286300	12.692339	-0.085355	3.164695
490.680260	3147.081785	12.697344	-0.085340	3.164597
490.556048	3146.629431	12.702349	-0.085317	3.164389
490.646728	3146.591730	12.707354	-0.085333	3.164384
490.720734	3146.575500	12.712359	-0.085346	3.164387
490.678547	3145.915231	12.717363	-0.085337	3.164101
490.599822	3145.880715	12.722368	-0.085323	3.164075
490.471165	3145.936389	12.727373	-0.085299	3.164081
490.378962	3145.953307	12.732378	-0.085282	3.164076
490.456530	3145.717702	12.737383	-0.085295	3.163986
490.492282	3145.310941	12.742387	-0.085301	3.163818
490.253532	3145.396850	12.747392	-0.085257	3.163822
490.382687	3145.394222	12.752397	-0.085280	3.163837
490.262976	3145.405793	12.757402	-0.085258	3.163826
490.338698	3145.391232	12.762407	-0.085270	3.163829
490.327189	3145.387910	12.767411	-0.085268	3.163826
490.424749	3145.338457	12.772416	-0.085284	3.163818
490.322811	3145.395306	12.777421	-0.085266	3.163828
490.504662	3144.664634	12.782426	-0.085297	3.163542
490.541300	3144.512720	12.787431	-0.085303	3.163482
490.306308	3144.604084	12.792435	-0.085261	3.163489
490.486680	3144.545517	12.797440	-0.085292	3.163488
490.485549	3144.556622	12.802445	-0.085291	3.163492
490.248264	3144.613323	12.807450	-0.085248	3.163483
490.275008	3144.611229	12.812455	-0.085252	3.163486
490.295062	3144.273609	12.817459	-0.085255	3.163345
490.142780	3143.918758	12.822464	-0.085227	3.163174
490.304204	3143.895638	12.827469	-0.085255	3.163185
490.143522	3143.934125	12.832474	-0.085226	3.163179
490.218214	3143.910300	12.837479	-0.085239	3.163179
490.205664	3143.914680	12.842483	-0.085236	3.163178
490.122000	3143.924495	12.847488	-0.085220	3.163171
490.295119	3143.905065	12.852493	-0.085251	3.163185
490.190938	3143.933871	12.857498	-0.085231	3.163183
490.289714	3143.899515	12.862503	-0.085248	3.163181
490.288805	3143.905390	12.867507	-0.085247	3.163183
490.291807	3143.894554	12.872512	-0.085247	3.163178
490.334306	3143.897819	12.877517	-0.085254	3.163185
490.361636	3143.877112	12.882522	-0.085258	3.163179
490.460719	3143.831603	12.887527	-0.085276	3.163173
490.419954	3143.866980	12.892531	-0.085268	3.163182
490.319132	3143.226177	12.897536	-0.085249	3.162897
490.317356	3143.146088	12.902541	-0.085248	3.162862
490.489531	3143.073142	12.907546	-0.085278	3.162853
490.484197	3143.090729	12.912551	-0.085276	3.162860
490.625904	3143.035485	12.917555	-0.085301	3.162855
490.453987	3143.036237	12.922560	-0.085270	3.162832
490.590033	3142.342300	12.927565	-0.085293	3.162555
490.618904	3142.301210	12.932570	-0.085298	3.162541
490.644609	3142.303126	12.937575	-0.085302	3.162545
490.573725	3141.856426	12.942579	-0.085288	3.162346
490.500720	3141.558543	12.947584	-0.085274	3.162209
490.621770	3141.565806	12.952589	-0.085295	3.162228
490.553271	3141.568646	12.957594	-0.085283	3.162220
490.626190	3141.195349	12.962599	-0.085295	3.162071
490.605709	3140.804323	12.967603	-0.085290	3.161902
490.526635	3140.802390	12.972608	-0.085276	3.161890
490.573417	3140.841877	12.977613	-0.085283	3.161912
490.546052	3140.469986	12.982618	-0.085278	3.161751
490.629846	3140.064581	12.987623	-0.085292	3.161590
490.692530	3140.057057	12.992627	-0.085303	3.161594
490.533913	3140.105230	12.997632	-0.085274	3.161593
490.531094	3139.528944	13.002637	-0.085272	3.161348
490.584304	3139.384428	13.007642	-0.085281	3.161293
490.628636	3139.378999	13.012647	-0.085288	3.161297
490.547736	3139.414485	13.017651	-0.085273	3.161300
490.547250	3138.738072	13.022656	-0.085272	3.161013
490.646610	3138.609235	13.027661	-0.085290	3.160971
490.740101	3138.566958	13.032666	-0.085306	3.160965
490.810704	3138.153276	13.037671	-0.085318	3.160799
490.942320	3137.789630	13.042675	-0.085340	3.160662
490.780432	3137.486778	13.047680	-0.085311	3.160511
490.644053	3137.159707	13.052685	-0.085286	3.160354
490.646416	3137.126988	13.057690	-0.085285	3.160340
490.855357	3136.803837	13.062695	-0.085322	3.160230
490.804117	3136.377812	13.067699	-0.085312	3.160042
490.749694	3136.371822	13.072704	-0.085302	3.160032
490.750442	3135.762296	13.077709	-0.085301	3.159773
490.641613	3135.654899	13.082714	-0.085281	3.159713
490.679107	3135.642044	13.087719	-0.085287	3.159712
490.848901	3135.075039	13.092723	-0.085317	3.159494
490.806575	3134.887066	13.097728	-0.085308	3.159408
490.847047	3134.592762	13.102733	-0.085315	3.159288
490.609667	3134.200491	13.107738	-0.085272	3.159089
490.582873	3134.220407	13.112743	-0.085266	3.159094
490.688159	3134.156744	13.117747	-0.085285	3.159080
490.760763	3133.610154	13.122752	-0.085297	3.158858
490.860957	3133.575333	13.127757	-0.085314	3.158856
490.640587	3133.306589	13.132762	-0.085274	3.158712
490.691275	3132.869276	13.137767	-0.085282	3.158533
490.770141	3132.841911	13.142771	-0.085296	3.158531
490.664857	3132.500140	13.147776	-0.085276	3.158371
490.836233	3132.088133	13.152781	-0.085306	3.158219
490.702498	3132.113780	13.157786	-0.085282	3.158212
490.658040	3131.582144	13.162791	-0.085273	3.157980
490.472092	3131.450574	13.167795	-0.085239	3.157899
490.573517	3131.409475	13.172800	-0.085256	3.157894
490.613356	3131.397351	13.177805	-0.085263	3.157894
490.614186	3130.865480	13.182810	-0.085262	3.157668
490.823381	3130.607925	13.187815	-0.085299	3.157586
490.751866	3130.634575	13.192819	-0.085286	3.157587
490.413295	3129.981640	13.197824	-0.085224	3.157264
490.515050	3129.936756	13.202829	-0.085242	3.157259
490.380295	3129.978189	13.207834	-0.085217	3.157258
490.592560	3129.891851	13.212839	-0.085254	3.157249
490.572601	3129.886066	13.217843	-0.085250	3.157243
490.408338	3129.234929	13.222848	-0.085220	3.156944
490.519187	3129.209248	13.227853	-0.085239	3.156948
490.610641	3129.195567	13.232858	-0.085255	3.156954
490.691342	3129.157319	13.237863	-0.085269	3.156948
490.669722	3128.523076	13.242867	-0.085264	3.156675
490.429348	3128.513947	13.247872	-0.085220	3.156639
490.495578	3128.503800	13.252877	-0.085231	3.156643
490.608330	3128.447357	13.257882	-0.085251	3.156633
490.549461	3128.013960	13.262887	-0.085240	3.156441
490.684092	3127.745401	13.267891	-0.085263	3.156345
490.555699	3127.773803	13.272896	-0.085239	3.156339
490.516701	3127.815950	13.277901	-0.085232	3.156351
490.423821	3127.397731	13.282906	-0.085215	3.156161
490.481408	3127.038746	13.287911	-0.085224	3.156016
490.663329	3126.986238	13.292915	-0.085256	3.156017
490.451728	3127.043818	13.297920	-0.085217	3.156013
490.538917	3126.929979	13.302925	-0.085232	3.155976
490.422863	3126.314681	13.307930	-0.085211	3.155698
490.387046	3126.330818	13.312935	-0.085204	3.155700
490.509400	3126.306647	13.317939	-0.085225	3.155706
490.503573	3126.288325	13.322944	-0.085223	3.155697
490.619644	3126.280107	13.327949	-0.085243	3.155708
490.330756	3125.619356	13.332954	-0.085191	3.155388
490.378053	3125.586493	13.337959	-0.085199	3.155380
490.446766	3125.574083	13.342963	-0.085210	3.155384
490.466401	3125.560971	13.347968	-0.085213	3.155380
490.598070	3125.550037	13.352973	-0.085236	3.155393
490.558001	3125.098396	13.357978	-0.085228	3.155195
490.605236	3124.802331	13.362983	-0.085236	3.155075
490.455886	3124.855002	13.367987	-0.085209	3.155077
490.421635	3124.855206	13.372992	-0.085202	3.155072
490.618304	3124.730395	13.377997	-0.085236	3.155045
490.469547	3124.092525	13.383002	-0.085209	3.154754
490.417821	3124.088684	13.388007	-0.085199	3.154745
490.446222	3124.094864	13.393011	-0.085204	3.154751
490.330607	3124.138370	13.398016	-0.085182	3.154753
490.634036	3124.070323	13.403021	-0.085236	3.154764
490.662206	3123.511248	13.408026	-0.085240	3.154530
490.612292	3123.333352	13.413031	-0.085230	3.154447
490.638185	3123.339586	13.418035	-0.085234	3.154453
490.467818	3123.347434	13.423040	-0.085203	3.154433
490.518814	3122.664350	13.428045	-0.085212	3.154149
490.352787	3122.703913	13.433050	-0.085181	3.154143
490.418618	3122.680644	13.438055	-0.085192	3.154142
490.492238	3122.669620	13.443059	-0.085205	3.154146
490.409397	3122.672658	13.448064	-0.085189	3.154136
490.511762	3122.457054	13.453069	-0.085207	3.154058
490.405183	3122.094943	13.458074	-0.085187	3.153889
490.669803	3122.001629	13.463079	-0.085234	3.153885
490.559467	3122.059644	13.468083	-0.085214	3.153894
490.366599	3122.115760	13.473088	-0.085178	3.153891
490.387394	3121.925896	13.478093	-0.085181	3.153813
490.329552	3121.350026	13.483098	-0.085170	3.153560
490.413978	3121.326770	13.488103	-0.085185	3.153561
490.570888	3121.288002	13.493107	-0.085212	3.153565
490.415895	3121.338790	13.498112	-0.085184	3.153565
490.499499	3121.320938	13.503117	-0.085198	3.153569
490.487384	3120.898233	13.508122	-0.085195	3.153387
490.661022	3120.487504	13.513127	-0.085226	3.153235
490.458811	3120.570090	13.518131	-0.085189	3.153243
490.394527	3120.587861	13.523136	-0.085177	3.153241
490.375470	3120.617819	13.528141	-0.085173	3.153251
490.340358	3120.599935	13.533146	-0.085166	3.153238
490.405530	3120.037541	13.538151	-0.085177	3.153007
490.513218	3119.814440	13.543155	-0.085195	3.152926
490.410438	3119.828926	13.548160	-0.085176	3.152918
490.629167	3119.777997	13.553165	-0.085215	3.152925
490.634859	3119.663485	13.558170	-0.085215	3.152877
490.701100	3119.015589	13.563175	-0.085226	3.152610
490.525733	3119.075017	13.568179	-0.085194	3.152611
490.504887	3119.090108	13.573184	-0.085190	3.152615
490.603812	3118.841141	13.578189	-0.085207	3.152521
490.373494	3118.332418	13.583194	-0.085165	3.152274
490.460591	3118.311251	13.588199	-0.085180	3.152276
490.471119	3118.338482	13.593203	-0.085181	3.152289
490.516785	3118.298063	13.598208	-0.085188	3.152277
490.526200	3118.238964	13.603213	-0.085189	3.152253
490.592780	3117.574191	13.608218	-0.085200	3.151979
490.513739	3117.601765	13.613223	-0.085186	3.151979
490.455097	3117.623639	13.618227	-0.085174	3.151980
490.394123	3117.626416	13.623232	-0.085163	3.151973
490.337702	3117.670358	13.628237	-0.085152	3.151983
490.352876	3117.291411	13.633242	-0.085154	3.151824
490.378137	3116.876250	13.638247	-0.085158	3.151650
490.394370	3116.893595	13.643251	-0.085160	3.151659
490.404537	3116.890087	13.648256	-0.085161	3.151659
490.453899	3116.867602	13.653261	-0.085170	3.151655
490.330353	3116.905548	13.658266	-0.085147	3.151654
490.319164	3116.912450	13.663271	-0.085144	3.151655
490.268479	3116.941361	13.668275	-0.085134	3.151660
490.201370	3116.943874	13.673280	-0.085122	3.151652
490.255561	3116.956587	13.678285	-0.085131	3.151664
490.150019	3116.982242	13.683290	-0.085111	3.151660
490.247642	3116.802051	13.688295	-0.085128	3.151596
490.383056	3116.311038	13.693299	-0.085152	3.151405
490.254878	3116.265995	13.698304	-0.085128	3.151368
490.163132	3116.292440	13.703309	-0.085111	3.151367
490.195315	3116.270970	13.708314	-0.085116	3.151361
490.248534	3116.269299	13.713319	-0.085125	3.151367
490.135020	3116.310691	13.718323	-0.085104	3.151369
489.951251	3116.337533	13.723328	-0.085070	3.151355
490.151839	3116.301111	13.728333	-0.085106	3.151366
490.365033	3116.212244	13.733338	-0.085143	3.151357
490.259945	3116.250978	13.738343	-0.085124	3.151359
490.390658	3116.242479	13.743347	-0.085146	3.151372
490.341741	3116.238521	13.748352	-0.085137	3.151363
490.282005	3116.265882	13.753357	-0.085125	3.151366
490.288984	3116.258973	13.758362	-0.085126	3.151364
490.381168	3116.214898	13.763367	-0.085142	3.151357
490.458256	3116.236539	13.768371	-0.085155	3.151376
490.332838	3115.598752	13.773376	-0.085132	3.151088
490.333684	3115.472620	13.778381	-0.085131	3.151034
490.399957	3115.441127	13.783386	-0.085142	3.151029
490.488746	3115.417215	13.788391	-0.085158	3.151030
490.603224	3115.386665	13.793395	-0.085178	3.151032
490.514836	3115.367996	13.798400	-0.085161	3.151011
490.443580	3114.713932	13.803405	-0.085148	3.150723
490.464383	3114.707802	13.808410	-0.085151	3.150723
490.505283	3114.698266	13.813415	-0.085157	3.150724
490.614424	3114.696564	13.818419	-0.085176	3.150737
490.648114	3114.275211	13.823424	-0.085181	3.150562
490.520716	3113.973727	13.828429	-0.085158	3.150416
490.423609	3113.984986	13.833434	-0.085140	3.150408
490.493083	3113.977444	13.838439	-0.085152	3.150413
490.514277	3113.956506	13.843443	-0.085155	3.150407
490.452145	3113.511849	13.848448	-0.085143	3.150209
490.391005	3113.284191	13.853453	-0.085131	3.150103
490.315849	3113.292930	13.858458	-0.085117	3.150096
490.369809	3113.284410	13.863463	-0.085126	3.150099
490.392759	3113.288612	13.868467	-0.085130	3.150104
490.226421	3113.304841	13.873472	-0.085099	3.150088
490.293377	3113.309836	13.878477	-0.085111	3.150099
490.390485	3113.281825	13.883482	-0.085127	3.150099
490.424394	3113.170990	13.888487	-0.085133	3.150056
490.449748	3112.505729	13.893491	-0.085136	3.149776
490.259997	3112.549173	13.898496	-0.085102	3.149769
490.328212	3112.547161	13.903501	-0.085113	3.149776
490.347847	3112.534793	13.908506	-0.085116	3.149773
490.263806	3112.577167	13.913511	-0.085101	3.149779
490.220598	3112.596377	13.918515	-0.085092	3.149781
490.136759	3112.624008	13.923520	-0.085077	3.149781
490.322198	3112.570317	13.928525	-0.085109	3.149783
490.327432	3112.565430	13.933530	-0.085109	3.149781
490.296849	3112.582857	13.938535	-0.085103	3.149784
490.411348	3112.561833	13.943539	-0.085123	3.149790
490.344902	3112.241204	13.948544	-0.085110	3.149644
490.269014	3111.854583	13.953549	-0.085096	3.149469
490.375173	3111.828848	13.958554	-0.085114	3.149472
490.325212	3111.835512	13.963559	-0.085105	3.149467
490.403907	3111.819914	13.968563	-0.085118	3.149471
490.290325	3111.840789	13.973568	-0.085097	3.149464
490.274267	3111.869044	13.978573	-0.085094	3.149473
490.403086	3111.839826	13.983578	-0.085116	3.149478
490.343873	3111.820787	13.988583	-0.085105	3.149461
490.344578	3111.818798	13.993587	-0.085104	3.149460
490.294273	3111.811626	13.998592	-0.085095	3.149449
490.382176	3111.104735	14.003597	-0.085110	3.149160
490.471471	3111.059370	14.008602	-0.085125	3.149152
490.499635	3111.054584	14.013607	-0.085129	3.149153
490.562044	3111.049996	14.018611	-0.085140	3.149159
490.365549	3111.106587	14.023616	-0.085104	3.149157
490.316778	3110.815674	14.028621	-0.085095	3.149026
490.333548	3110.611219	14.033626	-0.085097	3.148941
490.254787	3110.629179	14.038631	-0.085082	3.148937
490.270597	3110.626824	14.043635	-0.085084	3.148938
490.245646	3110.623395	14.048640	-0.085079	3.148932
490.273563	3110.620888	14.053645	-0.085084	3.148935
490.387206	3110.575909	14.058650	-0.085103	3.148930
490.408628	3110.581323	14.063655	-0.085106	3.148935
490.477728	3110.562146	14.068659	-0.085118	3.148936
490.348632	3110.582054	14.073664	-0.085094	3.148926
490.286486	3110.001152	14.078669	-0.085082	3.148670
490.317972	3109.807482	14.083674	-0.085087	3.148592
490.300392	3109.829609	14.088679	-0.085084	3.148598
490.323562	3109.830801	14.093683	-0.085087	3.148601
490.261579	3109.833194	14.098688	-0.085075	3.148593
490.289708	3109.840158	14.103693	-0.085080	3.148600
490.286030	3109.827813	14.108698	-0.085078	3.148593
490.274867	3109.836175	14.113703	-0.085076	3.148595
490.400215	3109.819784	14.118707	-0.085097	3.148604
490.180389	3109.863204	14.123712	-0.085057	3.148593
490.211429	3109.878786	14.128717	-0.085062	3.148603
490.176801	3109.871810	14.133722	-0.085056	3.148595
490.201029	3109.880005	14.138727	-0.085059	3.148601
490.333293	3109.837217	14.143731	-0.085082	3.148600
490.255525	3109.837991	14.148736	-0.085068	3.148590
490.260120	3109.848715	14.153741	-0.085068	3.148594
490.273148	3109.497997	14.158746	-0.085069	3.148446
490.216640	3109.159712	14.163751	-0.085059	3.148294
490.244142	3109.164670	14.168755	-0.085063	3.148300
490.141528	3109.175493	14.173760	-0.085044	3.148290
490.349218	3109.120629	14.178765	-0.085080	3.148294
490.414556	3109.100436	14.183770	-0.085091	3.148294
490.422574	3109.090270	14.188775	-0.085092	3.148290
490.399564	3109.118512	14.193779	-0.085087	3.148298
490.394151	3109.091310	14.198784	-0.085086	3.148286
490.454957	3109.079885	14.203789	-0.085096	3.148288
490.419416	3108.467966	14.208794	-0.085089	3.148023
490.315750	3108.385227	14.213799	-0.085070	3.147973
490.548067	3108.321849	14.218803	-0.085110	3.147977
490.529150	3108.305516	14.223808	-0.085106	3.147967
490.692312	3108.254436	14.228813	-0.085135	3.147966
490.687326	3107.541243	14.233818	-0.085133	3.147662
490.548863	3107.583198	14.238823	-0.085108	3.147661
490.545482	3107.614041	14.243827	-0.085107	3.147673
490.553213	3107.468270	14.248832	-0.085107	3.147611
490.538311	3106.820632	14.253837	-0.085104	3.147333
490.528626	3106.821193	14.258842	-0.085102	3.147331
490.486781	3106.840709	14.263847	-0.085093	3.147334
490.512469	3106.828633	14.268851	-0.085097	3.147331
490.418834	3106.592408	14.273856	-0.085080	3.147218
490.192150	3106.189936	14.278861	-0.085039	3.147016
490.186201	3106.189317	14.283866	-0.085037	3.147014
490.193880	3106.196128	14.288871	-0.085038	3.147017
490.414217	3106.147518	14.293875	-0.085076	3.147026
490.441763	3106.128988	14.298880	-0.085081	3.147021
490.362401	3106.148619	14.303885	-0.085066	3.147018
490.432580	3106.145227	14.308890	-0.085078	3.147026
490.394624	3106.140782	14.313895	-0.085070	3.147018
490.388076	3106.138885	14.318899	-0.085068	3.147016
490.385691	3105.760209	14.323904	-0.085067	3.146854
490.233579	3105.474301	14.328909	-0.085039	3.146711
490.281736	3105.458796	14.333914	-0.085047	3.146711
490.261390	3105.460525	14.338919	-0.085043	3.146708
490.325844	3105.455271	14.343923	-0.085054	3.146714
490.334360	3105.435419	14.348928	-0.085055	3.146706
490.344784	3105.454562	14.353933	-0.085056	3.146715
490.293563	3105.470441	14.358938	-0.085046	3.146715
490.387578	3105.419921	14.363943	-0.085062	3.146706
490.523888	3105.401507	14.368947	-0.085086	3.146715
490.334443	3104.850977	14.373952	-0.085051	3.146455
490.368635	3104.765093	14.378957	-0.085057	3.146423
490.557703	3104.708750	14.383962	-0.085090	3.146424
490.508760	3104.702647	14.388967	-0.085080	3.146414
490.536337	3104.717837	14.393971	-0.085085	3.146424
490.453459	3104.461434	14.398976	-0.085069	3.146303
490.469268	3103.955397	14.403981	-0.085071	3.146089
490.463319	3103.954780	14.408986	-0.085070	3.146087
490.388125	3103.978966	14.413991	-0.085055	3.146087
490.462656	3103.991052	14.418995	-0.085068	3.146102
490.427187	3103.978498	14.424000	-0.085061	3.146091
490.146801	3104.066027	14.429005	-0.085010	3.146090
490.334645	3104.004934	14.434010	-0.085043	3.146089
490.368283	3103.269715	14.439015	-0.085049	3.145780
490.521144	3103.210873	14.444019	-0.085075	3.145775
490.559270	3103.190470	14.449024	-0.085081	3.145771
490.432279	3103.242014	14.454029	-0.085058	3.145775
490.502516	3103.234193	14.459034	-0.085070	3.145781
490.451363	3102.646037	14.464039	-0.085060	3.145523
490.574755	3102.462364	14.469043	-0.085081	3.145461
490.545748	3102.449974	14.474048	-0.085076	3.145451
490.450536	3102.520067	14.479053	-0.085058	3.145468
490.540455	3102.361629	14.484058	-0.085073	3.145412
490.284265	3101.847844	14.489063	-0.085027	3.145158
490.515282	3101.772371	14.494067	-0.085067	3.145156
490.498332	3101.790622	14.499072	-0.085064	3.145161
490.413957	3101.803787	14.504077	-0.085048	3.145155
490.572108	3101.744003	14.509082	-0.085076	3.145150
490.544733	3101.191697	14.514087	-0.085070	3.144911
490.659751	3100.974051	14.519091	-0.085090	3.144833
490.568996	3100.986303	14.524096	-0.085073	3.144826
490.551410	3101.017946	14.529101	-0.085069	3.144836
490.553328	3100.411741	14.534106	-0.085069	3.144578
490.457014	3100.342217	14.539111	-0.085051	3.144535
490.509906	3100.340599	14.544115	-0.085060	3.144541
490.391937	3100.357790	14.549120	-0.085038	3.144532
490.365968	3100.367164	14.554125	-0.085033	3.144532
490.425915	3100.296636	14.559130	-0.085043	3.144509
490.397830	3099.628172	14.564135	-0.085037	3.144220
490.435478	3099.629170	14.569139	-0.085043	3.144225
490.314497	3099.625336	14.574144	-0.085021	3.144207
490.259195	3099.666692	14.579149	-0.085010	3.144216
490.466012	3099.612042	14.584154	-0.085046	3.144220
490.427155	3099.610103	14.589159	-0.085039	3.144214
490.412221	3099.630645	14.594163	-0.085035	3.144220
490.614824	3099.013170	14.599168	-0.085071	3.143984
490.535983	3098.988699	14.604173	-0.085056	3.143962
490.628902	3098.946589	14.609178	-0.085072	3.143956
490.661121	3098.679695	14.614183	-0.085077	3.143846
490.667229	3098.165393	14.619187	-0.085078	3.143628
490.701963	3098.160715	14.624192	-0.085083	3.143630
490.586648	3098.126533	14.629197	-0.085062	3.143599
490.631335	3097.458709	14.634202	-0.085069	3.143320
490.640800	3097.445168	14.639207	-0.085070	3.143315
490.681032	3097.456332	14.644211	-0.085077	3.143325
490.819169	3096.774412	14.649216	-0.085101	3.143052
490.928447	3096.615803	14.654221	-0.085119	3.142999
490.596871	3096.603110	14.659226	-0.085059	3.142948
490.462940	3096.051923	14.664231	-0.085035	3.142695
490.571855	3096.023065	14.669235	-0.085054	3.142697
490.510774	3096.023767	14.674240	-0.085042	3.142688
490.600543	3096.001692	14.679245	-0.085057	3.142690
490.647512	3095.230085	14.684250	-0.085065	3.142367
490.751102	3095.172885	14.689255	-0.085083	3.142356
490.814209	3095.106512	14.694259	-0.085093	3.142336
490.902644	3094.420724	14.699264	-0.085109	3.142055
490.813854	3094.430923	14.704269	-0.085092	3.142047
490.842205	3093.846917	14.709274	-0.085096	3.141801
490.631755	3093.778435	14.714279	-0.085058	3.141743
490.674003	3093.751608	14.719283	-0.085065	3.141737
490.748112	3093.199317	14.724288	-0.085077	3.141511
490.752993	3093.034963	14.729293	-0.085078	3.141441
490.781244	3092.904952	14.734298	-0.085082	3.141389
490.830715	3092.258760	14.739303	-0.085090	3.141119
490.748812	3092.285823	14.744307	-0.085075	3.141119
490.786720	3091.876825	14.749312	-0.085081	3.140949
490.697062	3091.568926	14.754317	-0.085064	3.140806
490.627993	3091.568513	14.759322	-0.085051	3.140796
490.746049	3091.061031	14.764327	-0.085072	3.140594
490.626464	3090.855576	14.769331	-0.085049	3.140490
490.683100	3090.841036	14.774336	-0.085059	3.140491
490.680246	3090.547456	14.779341	-0.085058	3.140365
490.515089	3090.161783	14.784346	-0.085027	3.140178
490.554978	3090.156195	14.789351	-0.085034	3.140180

490.474867	3089.841708	14.794355	-0.085019	3.140035
490.478136	3089.215522	14.799360	-0.085019	3.139767
490.308748	3088.486699	14.804365	-0.084988	3.139433
490.292117	3087.697951	14.809370	-0.084984	3.139094
490.354225	3086.449208	14.814375	-0.084994	3.138569
490.216548	3085.134432	14.819379	-0.084969	3.137988
490.230815	3083.519624	14.824384	-0.084970	3.137300
490.100007	3081.739840	14.829389	-0.084946	3.136522
490.168589	3079.733746	14.834394	-0.084958	3.135674
490.208747	3077.474205	14.839399	-0.084964	3.134713
490.069670	3075.199064	14.844403	-0.084938	3.133721
490.140959	3072.481392	14.849408	-0.084950	3.132568
489.917552	3069.695315	14.854413	-0.084909	3.131346
489.837883	3066.685423	14.859418	-0.084893	3.130046
489.956050	3063.527359	14.864423	-0.084913	3.128710
489.753634	3060.123153	14.869427	-0.084876	3.127224
489.738750	3056.488555	14.874432	-0.084872	3.125664
489.592155	3052.761414	14.879437	-0.084845	3.124045
489.392581	3048.881355	14.884442	-0.084808	3.122353
489.351076	3044.754796	14.889447	-0.084800	3.120576
489.312877	3040.538711	14.894451	-0.084792	3.118759
489.274740	3036.001878	14.899456	-0.084784	3.116804
489.048516	3031.397012	14.904461	-0.084742	3.114792
488.939421	3026.644847	14.909466	-0.084721	3.112732
488.718267	3021.690859	14.914471	-0.084680	3.110568
488.463659	3016.814078	14.919475	-0.084633	3.108432
488.442980	3011.604326	14.924480	-0.084628	3.106182
488.351391	3006.225650	14.929485	-0.084611	3.103848
488.061804	3000.721885	14.934490	-0.084557	3.101431
488.099432	2995.025164	14.939495	-0.084563	3.098974
487.695632	2989.282439	14.944499	-0.084489	3.096433
487.509418	2983.454359	14.949504	-0.084454	3.093884
487.499521	2977.291858	14.954509	-0.084451	3.091213
487.228430	2971.188556	14.959514	-0.084401	3.088528
487.124181	2964.810231	14.964519	-0.084381	3.085745
486.927728	2958.341474	14.969523	-0.084345	3.082907
486.810022	2951.710805	14.974528	-0.084322	3.080007
486.555563	2944.985368	14.979533	-0.084275	3.077044
486.262100	2938.201699	14.984538	-0.084221	3.074047
486.080226	2931.198054	14.989543	-0.084187	3.070967
485.884851	2924.240194	14.994547	-0.084150	3.067901
485.804388	2916.951236	14.999552	-0.084134	3.064705
485.511179	2909.570547	15.004557	-0.084080	3.061434
485.342017	2902.208019	15.009562	-0.084049	3.058186
485.097427	2894.588676	15.014567	-0.084003	3.054811
484.741346	2886.971099	15.019571	-0.083938	3.051417
484.587713	2879.159398	15.024576	-0.083909	3.047962
484.332285	2871.285854	15.029581	-0.083861	3.044462
484.282849	2863.219920	15.034586	-0.083851	3.040902
484.141463	2855.050138	15.039591	-0.083824	3.037280
483.867215	2846.757754	15.044595	-0.083773	3.033579
483.396247	2838.500331	15.049600	-0.083687	3.029862
483.091497	2830.196956	15.054605	-0.083631	3.026143
482.858711	2821.722353	15.059610	-0.083588	3.022355
482.773991	2813.113664	15.064615	-0.083571	3.018523
482.632887	2804.347383	15.069619	-0.083544	3.014608
482.463387	2795.481152	15.074624	-0.083512	3.010639
482.229479	2786.507518	15.079629	-0.083468	3.006608
482.050166	2777.364739	15.084634	-0.083434	3.002504
481.657282	2768.257778	15.089639	-0.083362	2.998379
481.319828	2759.074557	15.094643	-0.083300	2.994222
480.924034	2749.879453	15.099648	-0.083227	2.990046
480.838687	2740.491616	15.104653	-0.083210	2.985822
480.395484	2731.093219	15.109658	-0.083129	2.981536
480.164195	2721.610641	15.114663	-0.083086	2.977236
479.662881	2712.183527	15.119667	-0.082994	2.972916
479.193587	2702.741478	15.124672	-0.082908	2.968587
479.245799	2692.999195	15.129677	-0.082916	2.964193
478.846827	2683.319307	15.134682	-0.082843	2.959753
478.540171	2673.492670	15.139687	-0.082786	2.955255
478.223944	2663.705042	15.144691	-0.082727	2.950765
477.732203	2653.884351	15.149696	-0.082637	2.946228
477.749998	2643.841153	15.154701	-0.082639	2.941658
477.428324	2633.772210	15.159706	-0.082579	2.937018
477.081606	2623.646425	15.164711	-0.082515	2.932341
476.693733	2613.534283	15.169715	-0.082444	2.927657
476.437841	2603.286424	15.174720	-0.082396	2.922923
476.118507	2592.990631	15.179725	-0.082337	2.918149
475.826650	2582.666325	15.184730	-0.082283	2.913359
475.543439	2572.220951	15.189735	-0.082230	2.908506
475.060742	2561.827252	15.194739	-0.082142	2.903639
474.612209	2551.434821	15.199744	-0.082060	2.898769
474.497026	2540.889634	15.204749	-0.082037	2.893870
474.342711	2530.156644	15.209754	-0.082008	2.888871
473.873876	2519.436210	15.214759	-0.081922	2.883820
473.542025	2508.754116	15.219763	-0.081860	2.878799
473.005331	2498.103291	15.224768	-0.081762	2.873753
472.743819	2487.353168	15.229773	-0.081714	2.868693
472.372082	2476.548132	15.234778	-0.081645	2.863582
472.256898	2465.615047	15.239783	-0.081622	2.858441
471.871339	2454.690562	15.244787	-0.081551	2.853253
471.198786	2443.875173	15.249792	-0.081429	2.848062
471.000780	2432.884599	15.254797	-0.081392	2.842853
470.659386	2421.929757	15.259802	-0.081328	2.837628
470.308151	2410.895184	15.264807	-0.081264	2.832355
469.859570	2399.907451	15.269811	-0.081181	2.827078
469.463000	2388.860944	15.274816	-0.081108	2.821772
469.273855	2377.715841	15.279821	-0.081072	2.816442
468.939098	2366.550400	15.284826	-0.081010	2.811069
468.642345	2355.273740	15.289831	-0.080955	2.805638
468.118219	2344.080436	15.294835	-0.080859	2.800200
467.875332	2332.742942	15.299840	-0.080814	2.794727
467.648611	2321.408868	15.304845	-0.080771	2.789248
467.438371	2309.940086	15.309850	-0.080732	2.783696
466.978662	2298.490307	15.314855	-0.080647	2.778102
466.599332	2287.042268	15.319859	-0.080577	2.772509
466.163865	2275.550343	15.324864	-0.080497	2.766875
465.727988	2264.099856	15.329869	-0.080417	2.761250
465.462256	2252.561931	15.334874	-0.080367	2.755598
465.137848	2240.984555	15.339879	-0.080307	2.749906
464.776122	2229.393671	15.344883	-0.080240	2.744189
464.070789	2217.964647	15.349888	-0.080112	2.738482
463.936993	2206.275855	15.354893	-0.080086	2.732731
463.553627	2194.594777	15.359898	-0.080015	2.726929
462.940106	2183.036092	15.364903	-0.079904	2.721137
462.599538	2171.446827	15.369907	-0.079840	2.715364
462.218682	2159.880544	15.374912	-0.079770	2.709582
462.067837	2148.125232	15.379917	-0.079741	2.703733
461.514434	2136.493568	15.384922	-0.079640	2.697865
460.960360	2124.885644	15.389927	-0.079539	2.691995
460.442613	2113.304501	15.394931	-0.079444	2.686132
459.903539	2101.808382	15.399936	-0.079345	2.680295
459.726635	2090.158284	15.404941	-0.079312	2.674429
459.290282	2078.569186	15.409946	-0.079232	2.668537
458.800237	2066.988030	15.414951	-0.079142	2.662626
458.441919	2055.359055	15.419955	-0.079075	2.656701
458.196052	2043.643889	15.424960	-0.079029	2.650739
457.891685	2031.871077	15.429965	-0.078973	2.644723
457.268180	2020.242351	15.434970	-0.078859	2.638711
456.689482	2008.677355	15.439975	-0.078753	2.632725
456.336483	1997.085063	15.444979	-0.078688	2.626752
455.736177	1985.539715	15.449984	-0.078579	2.620745
455.468193	1973.946444	15.454989	-0.078529	2.614758
455.131518	1962.287435	15.459994	-0.078466	2.608712
454.686280	1950.653659	15.464999	-0.078384	2.602645
454.267527	1939.046012	15.470003	-0.078307	2.596582
453.793235	1927.474065	15.475008	-0.078220	2.590513
453.521545	1915.760520	15.480013	-0.078170	2.584392
452.960664	1904.178184	15.485018	-0.078067	2.578274
452.524715	1892.517946	15.490023	-0.077987	2.572122
452.123608	1880.824827	15.495027	-0.077913	2.565945
451.490834	1869.309632	15.500032	-0.077798	2.559803
451.281402	1857.699371	15.505037	-0.077758	2.553674
450.874261	1846.096433	15.510042	-0.077683	2.547498
450.519862	1834.438758	15.515047	-0.077618	2.541288
450.047885	1822.870768	15.520051	-0.077531	2.535088
449.447420	1811.357372	15.525056	-0.077422	2.528878
449.250753	1799.702292	15.530061	-0.077385	2.522652
448.823125	1788.112054	15.535066	-0.077306	2.516402
448.231974	1776.615344	15.540071	-0.077198	2.510156
447.810560	1765.069194	15.545075	-0.077121	2.503899
447.359734	1753.550568	15.550080	-0.077038	2.497636
447.004659	1742.002403	15.555085	-0.076972	2.491359
446.720551	1730.383753	15.560090	-0.076919	2.485041
446.134419	1718.883403	15.565095	-0.076812	2.478714
445.590700	1707.440937	15.570099	-0.076713	2.472410
445.165540	1695.987041	15.575104	-0.076635	2.466106
444.960279	1684.416118	15.580109	-0.076596	2.459765
444.494884	1672.910630	15.585114	-0.076510	2.453392
444.068245	1661.349709	15.590119	-0.076432	2.446980
443.563049	1649.950209	15.595123	-0.076340	2.440624
443.009907	1638.530055	15.600128	-0.076238	2.434231
442.660612	1627.099213	15.605133	-0.076174	2.427855
442.126785	1615.742136	15.610138	-0.076076	2.421467
441.716057	1604.315199	15.615143	-0.076001	2.415047
441.097838	1592.963546	15.620147	-0.075888	2.408610
440.652062	1581.670922	15.625152	-0.075806	2.402224
440.457809	1570.267079	15.630157	-0.075769	2.395807
439.883470	1558.979171	15.635162	-0.075665	2.389363
439.399156	1547.703054	15.640167	-0.075576	2.382926
438.898799	1536.479848	15.645171	-0.075484	2.376498
438.412600	1525.247122	15.650176	-0.075395	2.370050
438.063803	1514.000873	15.655181	-0.075331	2.363604
437.553715	1502.812281	15.660186	-0.075237	2.357141
437.084051	1491.679272	15.665191	-0.075151	2.350699
436.675457	1480.515025	15.670195	-0.075076	2.344234
436.079989	1469.420082	15.675200	-0.074968	2.337753
435.859347	1458.243146	15.680205	-0.074926	2.331284
435.428554	1447.046944	15.685210	-0.074847	2.324741
434.885753	1435.966688	15.690215	-0.074748	2.318225
434.354338	1424.981556	15.695219	-0.074651	2.311747
433.905625	1413.909840	15.700224	-0.074568	2.305217
433.552710	1402.859043	15.705229	-0.074503	2.298702
432.992980	1391.891701	15.710234	-0.074401	2.292173
432.483424	1380.918205	15.715239	-0.074308	2.285632
432.134080	1369.946299	15.720243	-0.074243	2.279107
431.518997	1359.101454	15.725248	-0.074131	2.272581
431.283822	1348.119398	15.730253	-0.074087	2.266037
430.749146	1337.234796	15.735258	-0.073989	2.259467
430.106049	1326.405532	15.740263	-0.073872	2.252888
429.694784	1315.590767	15.745267	-0.073797	2.246347
429.296042	1304.763721	15.750272	-0.073723	2.239783
428.956154	1293.917850	15.755277	-0.073660	2.233201
428.425304	1283.136787	15.760282	-0.073563	2.226597
427.992924	1272.376617	15.765287	-0.073484	2.220007
427.414508	1261.695287	15.770291	-0.073379	2.213413
426.777250	1251.094460	15.775296	-0.073263	2.206835
426.445166	1240.433621	15.780301	-0.073201	2.200268
425.896749	1229.858679	15.785306	-0.073101	2.193686
425.309411	1219.341408	15.790311	-0.072994	2.187111
424.853171	1208.857424	15.795315	-0.072910	2.180565
424.473147	1198.321982	15.800320	-0.072840	2.173985
424.097191	1187.780470	15.805325	-0.072771	2.167382
423.557343	1177.312556	15.810330	-0.072673	2.160767
422.946042	1166.944696	15.815335	-0.072561	2.154178
422.537575	1156.573671	15.820339	-0.072486	2.147613
422.051146	1146.213415	15.825344	-0.072397	2.141016
421.571104	1135.884004	15.830349	-0.072309	2.134420
421.095452	1125.593086	15.835354	-0.072222	2.127828
420.341723	1115.447472	15.840359	-0.072086	2.121243
419.827677	1105.355928	15.845363	-0.071992	2.114728
419.305895	1095.254005	15.850368	-0.071896	2.108184
418.866682	1085.180360	15.855373	-0.071816	2.101656
418.439026	1075.071824	15.860378	-0.071738	2.095089
417.976913	1064.954145	15.865383	-0.071653	2.088487
417.582666	1054.912502	15.870387	-0.071580	2.081928
417.027522	1044.911387	15.875392	-0.071479	2.075337
416.531691	1034.973528	15.880397	-0.071389	2.068780
416.090671	1025.027376	15.885402	-0.071308	2.062210
415.464462	1015.195998	15.890407	-0.071194	2.055649
414.872574	1005.413652	15.895411	-0.071086	2.049107
414.306637	995.678846	15.900416	-0.070983	2.042581
413.860074	985.938335	15.905421	-0.070901	2.036060
413.259010	976.294638	15.910426	-0.070792	2.029543
412.745788	966.700478	15.915431	-0.070698	2.023060
412.324586	957.071223	15.920435	-0.070621	2.016556
411.790149	947.481753	15.925440	-0.070523	2.010028
411.279820	937.962172	15.930445	-0.070430	2.003532
410.890515	928.416612	15.935450	-0.070359	1.997028
410.285476	918.957605	15.940455	-0.070249	1.990506
409.760988	909.567785	15.945459	-0.070153	1.984030
409.373938	900.111245	15.950464	-0.070082	1.977522
408.855818	890.737249	15.955469	-0.069987	1.971015
408.299562	881.428872	15.960474	-0.069886	1.964522
407.691449	872.194697	15.965479	-0.069775	1.958045
407.248221	862.947415	15.970483	-0.069694	1.951579
406.682855	853.761418	15.975488	-0.069591	1.945102
406.125224	844.663319	15.980493	-0.069490	1.938667
405.626367	835.582252	15.985498	-0.069399	1.932237
405.129081	826.477446	15.990503	-0.069308	1.925769
404.697604	817.426512	15.995507	-0.069229	1.919334
404.171328	808.408049	16.000512	-0.069133	1.912875
403.626353	799.422136	16.005517	-0.069034	1.906412
403.028182	790.552657	16.010522	-0.068925	1.899995
402.523543	781.667626	16.015527	-0.068833	1.893570
401.869293	772.905855	16.020531	-0.068714	1.887171
401.414283	764.092922	16.025536	-0.068631	1.880767
400.632743	755.504330	16.030541	-0.068489	1.874413
400.066342	746.900310	16.035546	-0.068386	1.868085
399.646217	738.264471	16.040551	-0.068309	1.861752
399.126131	729.713096	16.045555	-0.068214	1.855431
398.472297	721.213652	16.050560	-0.068096	1.849089
398.054313	712.713064	16.055565	-0.068019	1.842789
397.243383	704.432909	16.060570	-0.067872	1.836520
396.728217	696.097280	16.065575	-0.067779	1.830271
396.102135	687.876450	16.070579	-0.067665	1.824054
395.557866	679.634786	16.075584	-0.067566	1.817823
394.898789	671.535508	16.080589	-0.067446	1.811643
394.292532	663.466391	16.085594	-0.067336	1.805480
393.680743	655.432713	16.090599	-0.067225	1.799320
393.116788	647.502194	16.095603	-0.067122	1.793230
392.442605	639.599893	16.100608	-0.067000	1.787108
391.802468	631.786981	16.105613	-0.066884	1.781043
390.816807	624.186001	16.110618	-0.066706	1.775017
390.290303	616.506508	16.115623	-0.066610	1.769044
389.814596	608.903170	16.120627	-0.066523	1.763123
389.317952	601.296694	16.125632	-0.066433	1.757173
388.584299	593.825840	16.130637	-0.066300	1.751238
387.588065	586.605317	16.135642	-0.066120	1.745398
387.075412	579.276181	16.140647	-0.066027	1.739597
386.439833	572.041982	16.145651	-0.065912	1.733813
385.725988	564.904248	16.150656	-0.065782	1.728062
385.012144	557.842836	16.155661	-0.065653	1.722351
384.311455	550.879150	16.160666	-0.065526	1.716701
383.616883	543.981289	16.165671	-0.065401	1.711085
382.837898	537.196378	16.170675	-0.065260	1.705515
382.217706	530.416981	16.175680	-0.065147	1.699978
381.551834	523.728438	16.180685	-0.065027	1.694481
380.702159	517.201221	16.185690	-0.064873	1.689039
379.925879	510.721143	16.190695	-0.064733	1.683639
379.335340	504.269324	16.195699	-0.064626	1.678301
378.361623	498.029015	16.200704	-0.064450	1.672997
377.579675	491.854667	16.205709	-0.064309	1.667789
376.736902	485.790457	16.210714	-0.064156	1.662635
376.073878	479.747246	16.215719	-0.064036	1.657537
375.594964	473.686925	16.220723	-0.063949	1.652467
374.634901	467.845755	16.225728	-0.063776	1.647409
373.896313	462.049956	16.230733	-0.063643	1.642442
373.006888	456.414789	16.235738	-0.063482	1.637544
372.339388	450.766741	16.240743	-0.063361	1.632691
371.609070	445.231220	16.245747	-0.063229	1.627896
370.810282	439.783586	16.250752	-0.063085	1.623138
370.281252	434.271340	16.255757	-0.062989	1.618398
369.577255	428.877792	16.260762	-0.062862	1.613686
368.612298	423.678523	16.265767	-0.062688	1.609040
367.801149	418.554845	16.270771	-0.062541	1.604492
366.870825	413.581761	16.275776	-0.062374	1.600020
366.245601	408.577149	16.280781	-0.062260	1.595606
365.455798	403.691678	16.285786	-0.062118	1.591228
364.643793	398.895008	16.290791	-0.061971	1.586906
363.970636	394.121885	16.295795	-0.061850	1.582636
363.052535	389.526781	16.300800	-0.061684	1.578427
362.264953	384.974914	16.305805	-0.061542	1.574286
361.649329	380.432503	16.310810	-0.061431	1.570198
360.955490	375.952804	16.315815	-0.061305	1.566128
360.549793	371.401231	16.320819	-0.061231	1.562080
359.668026	367.094649	16.325824	-0.061073	1.558076
359.061843	362.738345	16.330829	-0.060963	1.554109
358.420642	358.432049	16.335834	-0.060847	1.550164
357.706997	354.202232	16.340839	-0.060718	1.546251
356.977545	350.040748	16.345843	-0.060586	1.542382
356.128792	346.014143	16.350848	-0.060433	1.538581
355.477812	341.966837	16.355853	-0.060316	1.534819
354.752664	338.006487	16.360858	-0.060185	1.531099
354.123380	334.047746	16.365863	-0.060071	1.527403
353.290044	330.276687	16.370867	-0.059921	1.523795
352.607697	326.480066	16.375872	-0.059798	1.520207
351.880794	322.767261	16.380877	-0.059666	1.516669
351.287219	319.055563	16.385882	-0.059559	1.513170
350.712935	315.363680	16.390887	-0.059455	1.509686
350.257860	311.629739	16.395891	-0.059373	1.506199
349.448641	308.071825	16.400896	-0.059227	1.502738
348.784506	304.550708	16.405901	-0.059107	1.499352
348.229207	301.003047	16.410906	-0.059006	1.495972
347.446763	297.562008	16.415911	-0.058865	1.492602
347.074939	294.049844	16.420915	-0.058798	1.489303
346.407826	290.613861	16.425920	-0.058677	1.485962
345.665659	287.283200	16.430925	-0.058543	1.482683
345.030691	283.967542	16.435930	-0.058429	1.479447
344.140600	280.801544	16.440935	-0.058268	1.476251
343.561402	277.586330	16.445939	-0.058164	1.473113
342.692000	274.544693	16.450944	-0.058007	1.470024
342.253849	271.367660	16.455949	-0.057928	1.466957
341.612298	268.301098	16.460954	-0.057812	1.463913
341.024692	265.217203	16.465959	-0.057706	1.460866
340.551594	262.105326	16.470963	-0.057620	1.457827
339.675062	259.202651	16.475968	-0.057462	1.454831
338.820250	256.352784	16.480973	-0.057308	1.451885
338.373988	253.465476	16.485978	-0.057227	1.449045
337.552991	250.686539	16.490983	-0.057079	1.446166
336.953745	247.910293	16.495987	-0.056971	1.443363
336.259429	245.202679	16.500992	-0.056846	1.440584
335.652196	242.502093	16.505997	-0.056736	1.437838
335.279181	239.715956	16.511002	-0.056669	1.435092
334.413550	237.131733	16.516007	-0.056513	1.432350
333.781707	234.570283	16.521011	-0.056399	1.429710
333.030122	232.034694	16.526016	-0.056263	1.427046
332.448167	229.523933	16.531021	-0.056158	1.424462
331.903546	227.003851	16.536026	-0.056060	1.421878
331.170166	224.596543	16.541031	-0.055928	1.419327
330.579786	222.164471	16.546035	-0.055821	1.416800
329.605900	219.943840	16.551040	-0.055646	1.414328
329.212585	217.529280	16.556045	-0.055575	1.411882
328.870270	215.135002	16.561050	-0.055512	1.409470
328.219920	212.798170	16.566055	-0.055395	1.406994
327.791800	210.442287	16.571059	-0.055317	1.404578
326.985311	208.205397	16.576064	-0.055172	1.402131
326.387698	206.016530	16.581069	-0.055064	1.399804
325.770559	203.794949	16.586074	-0.054953	1.397434
325.182618	201.618353	16.591079	-0.054847	1.395115
324.671958	199.426191	16.596083	-0.054755	1.392805
324.258401	197.183566	16.601088	-0.054680	1.390479
323.660493	195.026588	16.606093	-0.054572	1.388163
323.278620	192.782469	16.611098	-0.054502	1.385840
322.380227	190.764345	16.616103	-0.054341	1.383537
321.741411	188.739020	16.621107	-0.054226	1.381322
321.021727	186.748821	16.626112	-0.054096	1.379106
320.350718	184.789671	16.631117	-0.053975	1.376936
319.936547	182.760130	16.636122	-0.053900	1.374792
319.493320	180.718808	16.641127	-0.053820	1.372621
319.070412	178.706644	16.646131	-0.053743	1.370483
318.066650	176.904650	16.651136	-0.053563	1.368326
317.360929	175.104372	16.656141	-0.053436	1.366281
317.051308	173.136373	16.661146	-0.053379	1.364221
316.381604	171.298522	16.666151	-0.053259	1.362147
315.896395	169.479078	16.671155	-0.053171	1.360159
315.005034	167.778049	16.676160	-0.053011	1.358128
314.502143	166.018290	16.681165	-0.052920	1.356187
314.202945	164.154570	16.686170	-0.052865	1.354218
313.331270	162.492670	16.691175	-0.052708	1.352225
312.569674	160.937193	16.696179	-0.052571	1.350378
311.771686	159.368997	16.701184	-0.052428	1.348501
311.296416	157.763942	16.706189	-0.052342	1.346711
310.984003	156.083096	16.711194	-0.052285	1.344906
310.221994	154.533871	16.716199	-0.052148	1.343055
309.683603	153.007249	16.721203	-0.052051	1.341311
309.022776	151.497679	16.726208	-0.051932	1.339534
308.524566	149.945021	16.731213	-0.051842	1.337775
308.249492	148.324330	16.736218	-0.051791	1.336034
307.435563	146.860924	16.741223	-0.051645	1.334236
306.898317	145.373102	16.746227	-0.051548	1.332520
306.295375	143.942482	16.751232	-0.051439	1.330834
305.656534	142.537561	16.756237	-0.051324	1.329157
305.468781	140.933413	16.761242	-0.051290	1.327456
304.582016	139.638503	16.766247	-0.051130	1.325788
304.282475	138.109028	16.771251	-0.051076	1.324113
303.583622	136.742466	16.776256	-0.050950	1.322443
303.207806	135.310126	16.781261	-0.050882	1.320832
302.688012	133.857840	16.786266	-0.050788	1.319142
301.823474	132.595140	16.791271	-0.050633	1.317505
301.393588	131.242578	16.796275	-0.050555	1.315949
300.991999	129.818654	16.801280	-0.050482	1.314328
300.609187	128.370555	16.806285	-0.050413	1.312689
300.236524	126.950908	16.811290	-0.050345	1.311081
299.420181	125.663821	16.816295	-0.050198	1.309428
298.995666	124.273634	16.821299	-0.050122	1.307825
298.755137	122.810663	16.826304	-0.050078	1.306219
298.289319	121.373623	16.831309	-0.049994	1.304547
297.824720	119.948870	16.836314	-0.049910	1.302886
297.134218	118.609238	16.841319	-0.049785	1.301219
296.748295	117.165041	16.846323	-0.049715	1.299565
296.268074	115.737559	16.851328	-0.049629	1.297889
295.447070	114.525799	16.856333	-0.049481	1.296295
295.097578	113.114817	16.861338	-0.049418	1.294684
294.708997	111.687626	16.866343	-0.049347	1.293039
294.344329	110.300251	16.871347	-0.049281	1.291443
293.757105	108.929342	16.876352	-0.049175	1.289770
292.843079	107.742913	16.881357	-0.049011	1.288155
292.399443	106.441965	16.886362	-0.048931	1.286610
291.416942	105.348753	16.891367	-0.048754	1.285060
290.972485	104.129803	16.896371	-0.048674	1.283597
290.648345	102.842555	16.901376	-0.048615	1.282111
290.079876	101.671493	16.906381	-0.048512	1.280644
289.855036	100.309558	16.911386	-0.048471	1.279116
288.758255	99.268214	16.916391	-0.048274	1.277564
288.075508	98.263691	16.921395	-0.048151	1.276220
287.766740	97.024290	16.926400	-0.048095	1.274782
287.423698	95.785597	16.931405	-0.048033	1.273329
287.026282	94.594041	16.936410	-0.047961	1.271901
286.655387	93.336763	16.941415	-0.047894	1.270413
286.252129	92.077182	16.946419	-0.047821	1.268907
285.937583	90.756752	16.951424	-0.047764	1.267372
285.254626	89.584466	16.956429	-0.047641	1.265838
284.941921	88.281157	16.961434	-0.047584	1.264318
284.263422	87.089020	16.966439	-0.047462	1.262762
283.698628	85.966139	16.971443	-0.047360	1.261325
283.454610	84.618807	16.976448	-0.047316	1.259781
282.651429	83.497483	16.981453	-0.047171	1.258242
282.224782	82.308814	16.986458	-0.047094	1.256788
281.193998	81.326660	16.991463	-0.046909	1.255298
280.851763	80.182079	16.996467	-0.046847	1.253923
280.516838	78.954689	17.001472	-0.046786	1.252461
280.107068	77.805623	17.006477	-0.046712	1.251049
279.748809	76.570962	17.011482	-0.046647	1.249566
279.162406	75.391078	17.016487	-0.046541	1.248042
278.711890	74.256914	17.021491	-0.046460	1.246625
278.215616	73.055058	17.026496	-0.046370	1.245112
277.601564	71.954763	17.031501	-0.046260	1.243658
277.261223	70.751853	17.036506	-0.046198	1.242208
276.885016	69.527411	17.041511	-0.046130	1.240717
276.524908	68.284952	17.046515	-0.046065	1.239211
275.995285	67.067423	17.051520	-0.045969	1.237658
274.918296	66.167048	17.056525	-0.045776	1.236214
274.702927	64.926803	17.061530	-0.045736	1.234768
274.279149	63.729342	17.066535	-0.045660	1.233277
273.703008	62.671295	17.071539	-0.045556	1.231871
273.484468	61.384989	17.076544	-0.045516	1.230367
272.914328	60.224660	17.081549	-0.045413	1.228848
272.619913	58.969887	17.086554	-0.045359	1.227343
271.911635	57.861932	17.091559	-0.045232	1.225818
271.185888	56.820300	17.096563	-0.045101	1.224356
270.880992	55.600270	17.101568	-0.045046	1.222879
269.620129	54.846483	17.106573	-0.044820	1.221499
269.386648	53.714664	17.111578	-0.044777	1.220146
269.068817	52.548279	17.116583	-0.044719	1.218718
268.665691	51.450905	17.121587	-0.044646	1.217326
268.270462	50.290321	17.126592	-0.044575	1.215867
267.652214	49.224276	17.131597	-0.044463	1.214413
267.123162	48.145044	17.136602	-0.044368	1.212981
266.495155	47.153272	17.141607	-0.044255	1.211602
265.983265	46.116172	17.146611	-0.044163	1.210222
265.595927	44.997222	17.151616	-0.044092	1.208803
264.609213	44.158883	17.156621	-0.043915	1.207433
264.127998	43.198310	17.161626	-0.043828	1.206146
263.499310	42.264584	17.166631	-0.043715	1.204824
263.114253	41.257957	17.171635	-0.043645	1.203526
262.815245	40.233133	17.176640	-0.043591	1.202244
262.490482	39.154743	17.181645	-0.043532	1.200889
262.220776	38.005917	17.186650	-0.043483	1.199478
261.148033	37.194467	17.191655	-0.043290	1.198088
260.684885	36.267976	17.196659	-0.043207	1.196838
260.145864	35.289877	17.201664	-0.043110	1.195495
259.450468	34.418105	17.206669	-0.042984	1.194200
259.047064	33.464881	17.211674	-0.042911	1.192942
258.603606	32.532878	17.216679	-0.042831	1.191689
258.443397	31.427353	17.221683	-0.042802	1.190365
257.906208	30.442939	17.226688	-0.042705	1.189008
257.225162	29.538881	17.231693	-0.042582	1.187676
256.943895	28.507905	17.236698	-0.042531	1.186378
256.213768	27.608881	17.241703	-0.042400	1.185026
255.645674	26.700446	17.246707	-0.042297	1.183736
255.325388	25.711277	17.251712	-0.042239	1.182463
254.821137	24.765360	17.256717	-0.042148	1.181155
254.375813	23.790490	17.261722	-0.042068	1.179840
253.784726	22.834806	17.266727	-0.041961	1.178479
253.120404	22.015875	17.271731	-0.041842	1.177239
252.838953	20.994322	17.276736	-0.041791	1.175940
252.301531	20.050574	17.281741	-0.041694	1.174612
252.031487	19.014584	17.286746	-0.041644	1.173299
251.269843	18.189870	17.291751	-0.041507	1.172003
250.372335	17.441096	17.296755	-0.041346	1.170731
250.000394	16.529351	17.301760	-0.041279	1.169510
249.515517	15.619481	17.306765	-0.041191	1.168238
249.031574	14.796146	17.311770	-0.041104	1.167065
248.643666	13.849147	17.316775	-0.041034	1.165791
248.127508	12.968379	17.321779	-0.040941	1.164535
247.637184	12.069503	17.326784	-0.040852	1.163267
246.537171	11.516564	17.331789	-0.040655	1.162120
246.134320	10.688668	17.336794	-0.040582	1.160973
245.525499	9.945046	17.341799	-0.040472	1.159827
245.028847	9.164634	17.346803	-0.040382	1.158689
244.635494	8.362841	17.351808	-0.040311	1.157573
243.876728	7.691480	17.356813	-0.040175	1.156439
243.289599	7.003237	17.361818	-0.040069	1.155364
242.847424	6.223583	17.366823	-0.039989	1.154248
242.265279	5.562137	17.371827	-0.039884	1.153204
241.850636	4.830714	17.376832	-0.039809	1.152155
240.998502	4.271242	17.381837	-0.039656	1.151103
240.716219	3.504101	17.386842	-0.039605	1.150072
240.085305	2.849060	17.391847	-0.039491	1.149009
239.424139	2.272113	17.396851	-0.039372	1.148023
238.869208	1.685208	17.401856	-0.039272	1.147073
238.324774	1.058949	17.406861	-0.039174	1.146082
237.798696	0.444604	17.411866	-0.039079	1.145112
236.864258	0.004547	17.416871	-0.038911	1.144156
236.196988	-0.440307	17.421875	-0.038791	1.143318
235.783498	-0.968817	17.426880	-0.038716	1.142500
235.303204	-1.512658	17.431885	-0.038630	1.141631
234.680883	-2.017715	17.436890	-0.038518	1.140742
233.636707	-2.253663	17.441895	-0.038330	1.139972
232.745240	-2.479515	17.446899	-0.038170	1.139285
232.049700	-2.737894	17.451904	-0.038045	1.138652
231.115497	-2.851264	17.456909	-0.037877	1.138077
230.437712	-2.959321	17.461914	-0.037755	1.137629
229.264173	-2.883072	17.466919	-0.037545	1.137167
228.613000	-2.875684	17.471923	-0.037427	1.136868
227.985353	-2.900426	17.476928	-0.037314	1.136542
226.951786	-2.634596	17.481933	-0.037129	1.136370
226.867468	-2.858527	17.486938	-0.037113	1.136063
226.116387	-2.764502	17.491943	-0.036978	1.135820
225.925290	-2.823067	17.496947	-0.036943	1.135658
225.503231	-2.911953	17.501952	-0.036867	1.135353
224.348371	-2.644402	17.506957	-0.036660	1.135125
224.451912	-2.844981	17.511962	-0.036678	1.134934
223.611001	-2.707659	17.516967	-0.036527	1.134700
223.373309	-2.790227	17.521971	-0.036483	1.134488
222.946118	-2.870356	17.526976	-0.036406	1.134189
221.511393	-2.337655	17.531981	-0.036149	1.134145
221.876687	-2.714846	17.536986	-0.036214	1.133867
220.513186	-2.345527	17.541991	-0.035969	1.133662
220.082491	-2.269360	17.546995	-0.035891	1.133548
220.087455	-2.278320	17.552000	-0.035892	1.133538
219.498150	-2.234660	17.557005	-0.035785	1.133310
219.832802	-2.521590	17.562010	-0.035845	1.133125
217.892375	-1.925838	17.567015	-0.035497	1.132917
218.354867	-2.141251	17.572019	-0.035579	1.132877
217.957992	-2.158351	17.577024	-0.035507	1.132668
216.863202	-1.992060	17.582029	-0.035311	1.132348
217.467282	-2.338613	17.587034	-0.035418	1.132218
215.893887	-1.868085	17.592039	-0.035136	1.132034
215.942339	-2.110675	17.597043	-0.035144	1.131766
215.182860	-1.996776	17.602048	-0.035008	1.131542
214.344796	-1.779252	17.607053	-0.034857	1.131404
214.838134	-2.122688	17.612058	-0.034944	1.131225
212.817254	-1.441544	17.617063	-0.034582	1.131081
213.724022	-1.899775	17.622067	-0.034744	1.130961
212.855241	-1.795595	17.627072	-0.034588	1.130673
211.715248	-1.518905	17.632077	-0.034383	1.130463
212.648933	-1.985008	17.637082	-0.034550	1.130346
210.701678	-1.352633	17.642087	-0.034201	1.130178
211.107858	-1.672818	17.647091	-0.034273	1.129986
210.518089	-1.668082	17.652096	-0.034166	1.129711
209.801501	-1.537845	17.657101	-0.034038	1.129526
210.487752	-2.066811	17.662106	-0.034160	1.129217
207.955748	-1.328735	17.667111	-0.033706	1.128899
208.788715	-1.662106	17.672115	-0.033854	1.128893
207.639947	-1.468616	17.677120	-0.033648	1.128578
207.048502	-1.230149	17.682125	-0.033542	1.128581
208.066569	-1.922727	17.687130	-0.033723	1.128234
205.776308	-1.248814	17.692135	-0.033313	1.127953
206.457111	-1.572076	17.697139	-0.033434	1.127887
205.600209	-1.473801	17.702144	-0.033280	1.127597
204.319434	-1.145763	17.707149	-0.033050	1.127380
205.651883	-1.808432	17.712154	-0.033288	1.127217
203.256134	-0.983598	17.717159	-0.032859	1.127066
203.704018	-1.364894	17.722163	-0.032938	1.126820
203.490279	-1.524452	17.727168	-0.032899	1.126526
202.486618	-1.251486	17.732173	-0.032719	1.126375
202.838444	-1.669553	17.737178	-0.032781	1.126039
201.256765	-1.246066	17.742183	-0.032498	1.125794
201.284526	-1.434294	17.747187	-0.032502	1.125580
200.802790	-1.437191	17.752192	-0.032415	1.125345
199.146054	-0.905790	17.757197	-0.032118	1.125194
200.482656	-1.561623	17.762202	-0.032356	1.125040
198.850467	-1.136949	17.767207	-0.032064	1.124772
198.539671	-1.193574	17.772211	-0.032007	1.124555
198.685145	-1.450086	17.777216	-0.032033	1.124314
197.344571	-1.036795	17.782221	-0.031792	1.124171
197.502140	-1.297182	17.787226	-0.031820	1.123931
196.102010	-1.009351	17.792231	-0.031569	1.123609
196.582095	-1.233938	17.797235	-0.031654	1.123566
195.754303	-1.122097	17.802240	-0.031505	1.123304
195.010692	-1.065440	17.807245	-0.031371	1.123016
195.570110	-1.391772	17.812250	-0.031471	1.122889
193.901052	-0.921643	17.817255	-0.031172	1.122657
193.848293	-1.085412	17.822259	-0.031162	1.122433
193.502018	-1.172200	17.827264	-0.031099	1.122162
192.780803	-1.053504	17.832269	-0.030969	1.121959
192.841067	-1.264476	17.837274	-0.030979	1.121732
191.039617	-0.750828	17.842279	-0.030656	1.121489
191.704893	-1.133632	17.847283	-0.030775	1.121344
191.239030	-1.200911	17.852288	-0.030691	1.121039
189.927488	-0.836441	17.857293	-0.030455	1.120850
190.538432	-1.290685	17.862298	-0.030564	1.120593
188.562573	-0.791777	17.867303	-0.030210	1.120249
188.918195	-0.926280	17.872307	-0.030273	1.120255
188.970207	-1.191241	17.877312	-0.030281	1.119958
187.586483	-0.910793	17.882317	-0.030033	1.119634
188.043196	-1.205823	17.887322	-0.030114	1.119494
186.548604	-0.782174	17.892327	-0.029846	1.119289
186.574684	-1.022787	17.897331	-0.029850	1.119009
186.513829	-1.228493	17.902336	-0.029839	1.118730
184.982407	-0.832834	17.907341	-0.029564	1.118473
185.632121	-1.225073	17.912346	-0.029680	1.118309
184.102245	-0.837167	17.917351	-0.029405	1.118043
184.395550	-1.107455	17.922355	-0.029457	1.117855
184.110128	-1.246946	17.927360	-0.029405	1.117548
182.347138	-0.657100	17.932365	-0.029089	1.117415
183.210646	-1.267773	17.937370	-0.029243	1.117089
181.821814	-0.934845	17.942375	-0.028994	1.116824
181.592143	-1.005826	17.947379	-0.028952	1.116626
181.627189	-1.260126	17.952384	-0.028958	1.116334
179.640479	-0.587541	17.957389	-0.028602	1.116193
180.457579	-1.077678	17.962394	-0.028747	1.115990
179.704181	-1.042908	17.967399	-0.028612	1.115669
178.676870	-0.715776	17.972403	-0.028427	1.115570
179.092859	-1.103975	17.977408	-0.028501	1.115298
177.497301	-0.738792	17.982413	-0.028215	1.114972
178.335425	-1.134902	17.987418	-0.028364	1.114893
177.128677	-0.903793	17.992423	-0.028148	1.114592
176.633862	-0.937814	17.997427	-0.028059	1.114311
176.803492	-1.213012	18.002432	-0.028088	1.114057
174.924357	-0.750929	18.007437	-0.027751	1.113712
175.489965	-0.999603	18.012442	-0.027852	1.113681
174.900858	-1.024403	18.017447	-0.027746	1.113366
174.274755	-0.996371	18.022451	-0.027633	1.113097
174.305647	-1.159208	18.027456	-0.027638	1.112912
172.878500	-0.818389	18.032461	-0.027382	1.112637
172.903448	-0.942221	18.037466	-0.027386	1.112497
172.116583	-0.889835	18.042471	-0.027244	1.112180
172.041558	-1.009768	18.047475	-0.027230	1.111997
171.915288	-1.209447	18.052480	-0.027207	1.111691
169.976941	-0.721608	18.057485	-0.026860	1.111348
170.002585	-0.827724	18.062490	-0.026864	1.111230
169.894492	-0.916491	18.067495	-0.026843	1.111068
169.082441	-0.719458	18.072499	-0.026698	1.110914
169.425689	-1.075550	18.077504	-0.026758	1.110645
168.244738	-0.868891	18.082509	-0.026546	1.110325
168.155209	-0.972474	18.087514	-0.026530	1.110154
167.346437	-0.864223	18.092519	-0.026384	1.109894
166.523748	-0.719169	18.097523	-0.026236	1.109671
167.055154	-1.148798	18.102528	-0.026331	1.109403
165.177925	-0.702174	18.107533	-0.025994	1.109038
165.765093	-0.941463	18.112538	-0.026099	1.109029
164.937134	-0.864110	18.117543	-0.025950	1.108721
164.439636	-0.901926	18.122547	-0.025860	1.108433
165.124997	-1.387700	18.127552	-0.025982	1.108170
162.916755	-0.767594	18.132557	-0.025587	1.107857
162.995128	-0.936028	18.137562	-0.025600	1.107687
162.375488	-0.851512	18.142567	-0.025488	1.107489
161.348316	-0.663847	18.147571	-0.025304	1.107219
162.426262	-1.204502	18.152576	-0.025496	1.107079
160.692219	-0.767693	18.157581	-0.025185	1.106771
160.426546	-0.811598	18.162586	-0.025137	1.106587
160.338788	-1.028823	18.167591	-0.025121	1.106278
159.483050	-0.900384	18.172595	-0.024967	1.106018
159.547875	-1.113097	18.177600	-0.024978	1.105788
158.117971	-0.727283	18.182605	-0.024721	1.105564
157.799538	-0.780792	18.187610	-0.024664	1.105343
157.845958	-1.002553	18.192615	-0.024671	1.105092
157.250635	-0.901460	18.197619	-0.024564	1.104925
156.923767	-1.076258	18.202624	-0.024505	1.104551
155.828900	-0.800647	18.207629	-0.024308	1.104355
155.117242	-0.740354	18.212634	-0.024181	1.104082
155.276906	-0.916823	18.217639	-0.024208	1.103942
154.280486	-0.666260	18.222643	-0.024029	1.103763
154.825585	-1.082490	18.227648	-0.024126	1.103516
153.511841	-0.855020	18.232653	-0.023891	1.103154
153.175495	-0.801986	18.237658	-0.023830	1.103054
152.668300	-0.756522	18.242663	-0.023738	1.102862
151.672530	-0.596284	18.247667	-0.023560	1.102572
152.503226	-1.074162	18.252672	-0.023707	1.102388
151.114595	-0.814720	18.257677	-0.023458	1.102029
150.721886	-0.763793	18.262682	-0.023388	1.101899
150.239244	-0.796920	18.267687	-0.023300	1.101621
149.421630	-0.726209	18.272691	-0.023154	1.101308
149.678644	-0.956145	18.277696	-0.023199	1.101150
148.397627	-0.604293	18.282701	-0.022969	1.100956
148.003683	-0.659556	18.287706	-0.022898	1.100694
148.054331	-0.863084	18.292711	-0.022906	1.100467
147.370587	-0.776189	18.297715	-0.022783	1.100239
147.305073	-0.966642	18.302720	-0.022771	1.099971
145.988179	-0.708370	18.307725	-0.022535	1.099645
145.881372	-0.832091	18.312730	-0.022515	1.099439
145.729479	-0.992733	18.317735	-0.022487	1.099165
144.385517	-0.686117	18.322739	-0.022246	1.098885
144.532678	-0.840701	18.327744	-0.022272	1.098764
143.220124	-0.539278	18.332749	-0.022036	1.098493
143.641806	-0.794330	18.337754	-0.022111	1.098383
143.302094	-0.928337	18.342759	-0.022049	1.098050
142.000831	-0.505767	18.347763	-0.021816	1.097933
142.068393	-0.801213	18.352768	-0.021827	1.097600
141.205257	-0.678245	18.357773	-0.021672	1.097328
141.391702	-0.873684	18.362778	-0.021705	1.097177
140.825466	-0.958890	18.367783	-0.021603	1.096793
139.778565	-0.787499	18.372787	-0.021415	1.096490
139.266224	-0.714373	18.377792	-0.021323	1.096328
138.675579	-0.703244	18.382797	-0.021216	1.096051
138.771803	-0.851593	18.387802	-0.021233	1.095913
138.230223	-0.850735	18.392807	-0.021135	1.095647
137.371179	-0.701872	18.397811	-0.020981	1.095409
137.172495	-0.888213	18.402816	-0.020945	1.095079
136.162957	-0.700551	18.407821	-0.020764	1.094815
135.812718	-0.597993	18.412826	-0.020700	1.094768
135.389712	-0.686724	18.417831	-0.020624	1.094449
135.306161	-0.828935	18.422835	-0.020608	1.094230
135.159879	-0.980823	18.427840	-0.020581	1.093969
133.622642	-0.691415	18.432845	-0.020306	1.093571
133.546947	-0.721074	18.437850	-0.020292	1.093495
132.956563	-0.723538	18.442855	-0.020185	1.093201
132.705754	-0.743676	18.447859	-0.020140	1.093051
132.594356	-0.882795	18.452864	-0.020119	1.092822
131.188839	-0.611476	18.457869	-0.019867	1.092466
131.059952	-0.664851	18.462874	-0.019843	1.092335
130.880219	-0.824311	18.467879	-0.019810	1.092047
130.018187	-0.701761	18.472883	-0.019656	1.091773
129.948311	-0.825121	18.477888	-0.019642	1.091584
128.931361	-0.613560	18.482893	-0.019460	1.091344
128.444958	-0.640091	18.487898	-0.019372	1.091070
128.614807	-0.895478	18.492903	-0.019402	1.090836
128.038747	-0.872455	18.497907	-0.019298	1.090579
127.419881	-0.888898	18.502912	-0.019187	1.090252
126.519472	-0.785866	18.507917	-0.019025	1.089935
126.111419	-0.715500	18.512922	-0.018951	1.089819
125.606190	-0.762138	18.517927	-0.018860	1.089510
125.056423	-0.703311	18.522931	-0.018761	1.089311
124.879278	-0.741722	18.527936	-0.018729	1.089174
123.816321	-0.565190	18.532941	-0.018538	1.088867
124.091238	-0.839087	18.537946	-0.018587	1.088661
123.663789	-0.862356	18.542951	-0.018509	1.088419
122.360853	-0.494506	18.547955	-0.018276	1.088232
122.494810	-0.783795	18.552960	-0.018299	1.087936
121.468740	-0.593465	18.557965	-0.018115	1.087665
121.315156	-0.588009	18.562970	-0.018087	1.087594
121.139713	-0.789067	18.567975	-0.018055	1.087255
120.351065	-0.682626	18.572979	-0.017913	1.086996
120.093920	-0.796269	18.577984	-0.017866	1.086726
119.361255	-0.767494	18.582989	-0.017734	1.086398
118.695123	-0.637679	18.587994	-0.017615	1.086228
118.328152	-0.634405	18.592999	-0.017548	1.086049
117.675583	-0.590194	18.598003	-0.017431	1.085780
118.067529	-0.957507	18.603008	-0.017500	1.085514
116.946723	-0.795001	18.608013	-0.017299	1.085160
116.001234	-0.620122	18.613018	-0.017129	1.084908
116.308935	-0.868990	18.618023	-0.017184	1.084749
115.046716	-0.542521	18.623027	-0.016957	1.084529
114.947998	-0.723175	18.628032	-0.016939	1.084253
114.772577	-0.847663	18.633037	-0.016907	1.084009
114.029575	-0.727186	18.638042	-0.016773	1.083789
113.280775	-0.638939	18.643047	-0.016639	1.083526
112.730973	-0.616600	18.648051	-0.016540	1.083280
112.934841	-0.821602	18.653056	-0.016575	1.083123
112.193474	-0.796392	18.658061	-0.016442	1.082785
111.658328	-0.784973	18.663066	-0.016346	1.082532
110.913535	-0.656701	18.668071	-0.016212	1.082320
109.838318	-0.406831	18.673075	-0.016019	1.082097
110.131603	-0.667494	18.678080	-0.016071	1.081915
109.908338	-0.775522	18.683085	-0.016030	1.081667
109.105654	-0.657419	18.688090	-0.015886	1.081414
108.362218	-0.579761	18.693095	-0.015752	1.081140
107.907001	-0.605231	18.698099	-0.015670	1.080880
108.326978	-0.926154	18.703104	-0.015744	1.080686
106.917204	-0.679333	18.708109	-0.015491	1.080292
106.656076	-0.682018	18.713114	-0.015444	1.080157
105.933885	-0.600798	18.718119	-0.015314	1.079897
105.026541	-0.454631	18.723123	-0.015151	1.079627
105.199746	-0.577518	18.728128	-0.015182	1.079557
104.462745	-0.513259	18.733133	-0.015049	1.079269
104.893412	-0.876232	18.738138	-0.015125	1.079026
103.897305	-0.779427	18.743143	-0.014947	1.078650
102.716373	-0.541651	18.748147	-0.014735	1.078358
102.844264	-0.667186	18.753152	-0.014757	1.078262
101.896005	-0.438659	18.758157	-0.014587	1.078074
102.104265	-0.734824	18.763162	-0.014623	1.077805
101.941505	-0.970561	18.768167	-0.014593	1.077426
100.094613	-0.486052	18.773171	-0.014262	1.077111
100.283179	-0.647592	18.778176	-0.014295	1.077000
99.657699	-0.555972	18.783181	-0.014183	1.076801
99.277522	-0.661130	18.788186	-0.014114	1.076477
99.195062	-0.826754	18.793191	-0.014099	1.076226
97.913374	-0.562922	18.798195	-0.013869	1.075916
97.846362	-0.615066	18.803200	-0.013856	1.075815
96.960483	-0.458811	18.808205	-0.013697	1.075567
97.046938	-0.693289	18.813210	-0.013712	1.075313
97.002947	-0.917683	18.818215	-0.013703	1.075007
95.276436	-0.530092	18.823219	-0.013394	1.074629
95.443492	-0.671292	18.828224	-0.013423	1.074533
94.496781	-0.482107	18.833229	-0.013253	1.074296
94.867893	-0.825973	18.838234	-0.013318	1.074047
94.694793	-1.073387	18.843239	-0.013287	1.073646
93.078985	-0.656480	18.848243	-0.012997	1.073361
92.880600	-0.723808	18.853248	-0.012961	1.073174
92.404655	-0.702167	18.858253	-0.012875	1.072961
91.734145	-0.560795	18.863258	-0.012755	1.072802
91.742278	-0.827566	18.868263	-0.012755	1.072467
91.065934	-0.803771	18.873267	-0.012634	1.072156
90.700844	-0.863342	18.878272	-0.012568	1.071896
89.730604	-0.726813	18.883277	-0.012393	1.071580
89.744430	-0.840085	18.888282	-0.012395	1.071442
89.084883	-0.866002	18.893287	-0.012277	1.071076
88.154105	-0.624152	18.898291	-0.012109	1.070912
88.106624	-0.814371	18.903296	-0.012100	1.070646
87.270820	-0.699519	18.908301	-0.011950	1.070370
86.665243	-0.527867	18.913306	-0.011841	1.070280
86.944154	-0.888021	18.918311	-0.011890	1.069963
86.097563	-0.797899	18.923315	-0.011738	1.069650
85.622216	-0.803443	18.928320	-0.011652	1.069402
84.745148	-0.658894	18.933325	-0.011495	1.069142
84.310414	-0.576368	18.938330	-0.011416	1.069025
84.373867	-0.821563	18.943335	-0.011427	1.068745
83.742802	-0.802367	18.948339	-0.011314	1.068450
83.323435	-0.793515	18.953344	-0.011238	1.068248
82.182355	-0.608370	18.958349	-0.011033	1.067906
81.948243	-0.575848	18.963354	-0.010990	1.067827
81.968740	-0.813004	18.968359	-0.010993	1.067535
80.992748	-0.676473	18.973363	-0.010818	1.067214
81.133927	-0.884256	18.978368	-0.010843	1.067020
79.971045	-0.718625	18.983373	-0.010634	1.066642
79.365028	-0.555778	18.988378	-0.010525	1.066541
79.274678	-0.747166	18.993383	-0.010508	1.066251
78.287337	-0.573637	18.998387	-0.010331	1.065971
78.834967	-0.900772	19.003392	-0.010428	1.065830
77.508895	-0.691822	19.008397	-0.010190	1.065424
77.038671	-0.585300	19.013402	-0.010105	1.065320
77.355221	-0.998148	19.018407	-0.010161	1.064953
76.220479	-0.763202	19.023411	-0.009958	1.064676
75.724763	-0.795904	19.028416	-0.009868	1.064382
75.154574	-0.784393	19.033421	-0.009766	1.064107
74.585038	-0.649681	19.038426	-0.009663	1.063988
74.442871	-0.789904	19.043431	-0.009637	1.063736
74.070643	-0.916839	19.048435	-0.009570	1.063384
73.753168	-0.964574	19.053440	-0.009512	1.063161
72.160352	-0.567610	19.058445	-0.009227	1.062858
72.228654	-0.697807	19.063450	-0.009238	1.062725
72.336284	-0.965141	19.068455	-0.009257	1.062437
70.881313	-0.542950	19.073459	-0.008996	1.062236
70.927822	-0.794259	19.078464	-0.009004	1.061937
70.385445	-0.793376	19.083469	-0.008906	1.061661
69.843263	-0.693210	19.088474	-0.008808	1.061512
69.605284	-0.877178	19.093479	-0.008765	1.061155
68.481214	-0.574451	19.098483	-0.008563	1.060969
68.376136	-0.734505	19.103488	-0.008544	1.060709
67.899848	-0.759562	19.108493	-0.008458	1.060434
67.420653	-0.672368	19.113498	-0.008371	1.060300
67.390637	-0.956645	19.118503	-0.008365	1.059919
65.691968	-0.428106	19.123507	-0.008061	1.059730
66.196752	-0.783206	19.128512	-0.008150	1.059531
65.753088	-0.885803	19.133517	-0.008070	1.059172
64.741744	-0.670231	19.138522	-0.007889	1.058932
65.131562	-1.025264	19.143527	-0.007958	1.058674
63.484022	-0.557823	19.148531	-0.007663	1.058432
63.553403	-0.749169	19.153536	-0.007674	1.058220
63.117132	-0.813908	19.158541	-0.007596	1.057914
61.962163	-0.468728	19.163546	-0.007388	1.057766
62.316083	-0.781772	19.168551	-0.007451	1.057543
61.439544	-0.720364	19.173555	-0.007293	1.057173
60.903882	-0.683133	19.178560	-0.007197	1.056946
60.672569	-0.782910	19.183565	-0.007155	1.056699
59.627854	-0.452610	19.188570	-0.006967	1.056588
59.590933	-0.655737	19.193575	-0.006960	1.056306
59.080627	-0.669747	19.198579	-0.006868	1.056026
58.543177	-0.585411	19.203584	-0.006771	1.055858
58.122159	-0.661227	19.208589	-0.006695	1.055544
57.033083	-0.352445	19.213594	-0.006500	1.055383
57.864237	-0.884934	19.218599	-0.006648	1.055122
56.603658	-0.680622	19.223603	-0.006422	1.054739
55.825188	-0.556508	19.228608	-0.006282	1.054498
56.291705	-0.928011	19.233613	-0.006364	1.054258
55.077812	-0.656001	19.238618	-0.006147	1.053985
54.769857	-0.739890	19.243623	-0.006091	1.053718
54.070644	-0.657717	19.248627	-0.005965	1.053464
53.804130	-0.712222	19.253632	-0.005917	1.053256
53.641498	-0.922557	19.258637	-0.005887	1.052900
51.715361	-0.375164	19.263642	-0.005542	1.052616
52.646309	-0.787418	19.268647	-0.005708	1.052561
51.905748	-0.788100	19.273651	-0.005574	1.052179
51.462474	-0.776261	19.278656	-0.005495	1.051965
50.970012	-0.885870	19.283661	-0.005406	1.051569
49.245184	-0.369638	19.288666	-0.005097	1.051349
50.031484	-0.720565	19.293671	-0.005237	1.051298
49.085325	-0.551575	19.298675	-0.005067	1.051028
49.114256	-0.761098	19.303680	-0.005071	1.050771
49.111383	-1.091055	19.308685	-0.005070	1.050342
46.381187	-0.191311	19.313690	-0.004581	1.050100
47.971919	-0.889270	19.318695	-0.004865	1.050014
46.968899	-0.782026	19.323699	-0.004685	1.049636
46.048494	-0.542744	19.328704	-0.004519	1.049470
46.384830	-0.956753	19.333709	-0.004579	1.049106
44.118986	-0.254318	19.338714	-0.004173	1.048847
45.129740	-0.665424	19.343719	-0.004353	1.048834
44.246743	-0.546006	19.348723	-0.004194	1.048532
44.254705	-0.670965	19.353728	-0.004195	1.048373
44.298571	-1.032058	19.358733	-0.004202	1.047927
41.858632	-0.281972	19.363738	-0.003765	1.047640
43.003982	-0.837395	19.368743	-0.003969	1.047509
41.579310	-0.539521	19.373747	-0.003714	1.047159
40.964603	-0.413304	19.378752	-0.003603	1.047004
42.011998	-1.060964	19.383757	-0.003790	1.046703
39.761242	-0.417523	19.388762	-0.003387	1.046374
40.245393	-0.729581	19.393767	-0.003472	1.046218
39.587989	-0.710476	19.398771	-0.003354	1.045902
38.504496	-0.382020	19.403776	-0.003160	1.045767
39.484036	-1.078344	19.408781	-0.003334	1.045368
37.510421	-0.474001	19.413786	-0.002981	1.045131
37.221065	-0.563639	19.418791	-0.002928	1.044864
37.465150	-0.840648	19.423795	-0.002971	1.044628
36.074918	-0.398211	19.428800	-0.002722	1.044483
36.363907	-0.777451	19.433805	-0.002773	1.044138
35.282680	-0.550197	19.438810	-0.002579	1.043873
35.192867	-0.660856	19.443815	-0.002562	1.043681
34.615992	-0.632403	19.448819	-0.002458	1.043417
33.894240	-0.442844	19.453824	-0.002328	1.043289
34.356326	-0.944353	19.458829	-0.002410	1.042874
32.756025	-0.555806	19.463834	-0.002123	1.042549
32.186911	-0.464532	19.468839	-0.002021	1.042372
32.315214	-0.691537	19.473843	-0.002043	1.042141
31.742836	-0.620863	19.478848	-0.001940	1.041935
31.745115	-0.889291	19.483853	-0.001940	1.041585
30.159429	-0.530838	19.488858	-0.001655	1.041228
30.322830	-0.694700	19.493863	-0.001684	1.041097
29.704798	-0.662256	19.498867	-0.001573	1.040817
28.460079	-0.416685	19.503872	-0.001349	1.040490
29.644679	-0.996812	19.508877	-0.001561	1.040347
27.558763	-0.465164	19.513882	-0.001187	1.039955
27.978723	-0.713235	19.518887	-0.001261	1.039848
27.557401	-0.852354	19.523891	-0.001185	1.039446
25.965564	-0.378370	19.528896	-0.000900	1.039236
27.022823	-0.929416	19.533901	-0.001088	1.039064
25.226226	-0.507645	19.538906	-0.000766	1.038680
25.452497	-0.670152	19.543911	-0.000806	1.038583
25.133562	-0.828042	19.548915	-0.000748	1.038209
23.649697	-0.371757	19.553920	-0.000482	1.038032
24.796104	-1.048918	19.558925	-0.000687	1.037742
23.124077	-0.645658	19.563930	-0.000387	1.037397
22.631872	-0.660664	19.568935	-0.000298	1.037119
22.635731	-0.854279	19.573939	-0.000298	1.036866
21.068383	-0.307598	19.578944	-0.000017	1.036763
21.913051	-0.899408	19.583949	-0.000167	1.036427
20.586441	-0.583395	19.588954	0.000071	1.036148
20.278617	-0.567574	19.593959	0.000126	1.036006
20.210487	-0.809047	19.598963	0.000139	1.035653
18.585912	-0.268957	19.603968	0.000430	1.035511
19.642899	-0.962688	19.608973	0.000242	1.035152
18.120921	-0.552383	19.613978	0.000515	1.034893
17.628350	-0.549169	19.618983	0.000604	1.034639
18.250367	-0.997100	19.623987	0.000493	1.034374
15.967344	-0.263316	19.628992	0.000902	1.034143
16.781352	-0.773722	19.633997	0.000757	1.033897
15.625091	-0.499275	19.639002	0.000965	1.033651
15.446944	-0.524206	19.644007	0.000997	1.033523
15.965628	-1.026948	19.649011	0.000905	1.033132
13.878224	-0.473503	19.654016	0.001279	1.032766
14.483565	-0.840141	19.659021	0.001172	1.032599
13.138163	-0.545545	19.664026	0.001413	1.032281
12.706249	-0.490382	19.669031	0.001491	1.032125
13.174530	-0.937191	19.674035	0.001408	1.031781
11.266234	-0.391817	19.679040	0.001750	1.031497
12.159549	-0.843946	19.684045	0.001591	1.031368
10.903904	-0.638222	19.689050	0.001816	1.030980
10.508032	-0.598430	19.694055	0.001888	1.030823
10.940860	-1.072779	19.699059	0.001811	1.030423
8.857976	-0.370080	19.704064	0.002184	1.030255
8.949965	-0.642495	19.709069	0.002168	1.029942
8.704779	-0.721069	19.714074	0.002213	1.029708
7.985050	-0.552737	19.719079	0.002342	1.029550
8.103054	-0.912227	19.724083	0.002322	1.029137
6.750257	-0.515867	19.729088	0.002565	1.028947
6.823999	-0.745184	19.734093	0.002552	1.028682
6.526329	-0.911045	19.739098	0.002606	1.028305
5.025997	-0.466316	19.744103	0.002875	1.028101
5.910503	-0.974228	19.749107	0.002717	1.027894
3.867227	-0.424242	19.754112	0.003084	1.027544
4.650582	-0.821433	19.759117	0.002944	1.027429
3.704300	-0.734920	19.764122	0.003114	1.027044
2.917897	-0.579321	19.769127	0.003255	1.026834
3.792969	-1.169720	19.774131	0.003100	1.026513
0.922914	-0.244069	19.779136	0.003614	1.026223
2.031154	-0.723207	19.784141	0.003416	1.026171
1.819466	-0.950310	19.789146	0.003455	1.025758
