Fri Mar 06 14:26:48 2026

Number of Points = 3595
Depth (nm)	Load (µN)	Time (s)	Depth (V)	Load (V)
0.777871	1.907964	0.000000	0.000866	1.050315

0.730165	1.833567	0.005005	0.000875	1.050195
0.497353	1.793101	0.010010	0.000916	1.050024
0.519868	1.804592	0.015014	0.000912	1.050051
0.485279	1.804003	0.020019	0.000918	1.050033
0.423204	1.819570	0.025024	0.000929	1.050021
0.659091	1.733730	0.030029	0.000887	1.050031
0.598866	1.677879	0.035034	0.000898	1.049929
0.582405	1.517323	0.040038	0.000901	1.049714
0.452922	1.514059	0.045043	0.000924	1.049644
0.283895	1.388146	0.050048	0.000954	1.049395
0.293846	1.326941	0.055053	0.000952	1.049322
0.240029	1.159138	0.060058	0.000962	1.049079
0.241662	1.017908	0.065062	0.000962	1.048898
0.192045	0.901457	0.070067	0.000971	1.048723
-0.038335	0.791213	0.075072	0.001012	1.048463
0.012851	0.635020	0.080077	0.001003	1.048288
-0.157587	0.532654	0.085082	0.001033	1.048069
-0.385455	0.470990	0.090086	0.001074	1.047873
-0.322053	0.211559	0.095091	0.001062	1.047572
-0.552126	0.100756	0.100096	0.001104	1.047311
-0.420396	-0.105501	0.105101	0.001080	1.047113
-0.639109	-0.231690	0.110106	0.001119	1.046838
-0.908681	-0.315433	0.115110	0.001167	1.046592
-0.880484	-0.549133	0.120115	0.001162	1.046305
-1.336783	-0.579954	0.125120	0.001244	1.046031
-1.306011	-0.704785	0.130125	0.001238	1.045886
-1.466873	-0.790602	0.135130	0.001267	1.045693
-1.620268	-0.983953	0.140134	0.001295	1.045365
-1.488465	-1.186992	0.145139	0.001271	1.045170
-1.866602	-1.233383	0.150144	0.001339	1.044916
-4.439612	-0.241294	0.155149	0.001799	1.044875
-3.164743	-0.616260	0.160154	0.001571	1.045046
-3.920746	-0.309596	0.165158	0.001706	1.045054
-2.894878	-0.718964	0.170163	0.001522	1.045052
-2.730568	-0.800559	0.175168	0.001493	1.045032
-3.727993	-0.634084	0.180173	0.001671	1.044734
-3.249248	-0.824904	0.185178	0.001586	1.044734
-4.363373	-0.376822	0.190182	0.001785	1.044740
-3.740937	-0.626571	0.195187	0.001674	1.044737
-4.381761	-0.375220	0.200192	0.001788	1.044733
-4.717438	-0.236532	0.205197	0.001848	1.044739
-3.410272	-0.758805	0.210202	0.001614	1.044737
-4.140345	-0.485474	0.215206	0.001745	1.044715
-4.175820	-0.690280	0.220211	0.001751	1.044432
-4.491676	-0.575363	0.225216	0.001808	1.044418
-5.391609	-0.209307	0.230221	0.001969	1.044429
-4.479819	-0.572628	0.235226	0.001805	1.044428
-4.804014	-0.541959	0.240230	0.001863	1.044301
-4.817517	-0.687196	0.245235	0.001866	1.044106
-5.009392	-0.621005	0.250240	0.001900	1.044093
-5.855688	-0.281058	0.255245	0.002051	1.044098
-5.053979	-0.599012	0.260250	0.001908	1.044099
-6.501253	-0.115243	0.265254	0.002167	1.043980
-5.496206	-0.417519	0.270259	0.001987	1.044106
-5.666455	-0.512303	0.275264	0.002017	1.043896
-6.420326	-0.184143	0.280269	0.002152	1.043933
-5.403374	-0.696220	0.285274	0.001970	1.043794
-6.337419	-0.321110	0.290278	0.002137	1.043799
-6.153333	-0.394623	0.295283	0.002104	1.043798
-6.668945	-0.435193	0.300288	0.002197	1.043481
-7.122062	-0.078756	0.305293	0.002278	1.043709
-6.150472	-0.608605	0.310298	0.002104	1.043523
-6.811820	-0.376098	0.315302	0.002222	1.043484
-7.157191	-0.231258	0.320307	0.002284	1.043494
-6.439604	-0.641180	0.325312	0.002155	1.043333
-7.376184	-0.321157	0.330317	0.002323	1.043265
-7.162837	-0.410660	0.335322	0.002285	1.043259
-7.806672	-0.151512	0.340326	0.002400	1.043263
-7.585224	-0.231631	0.345331	0.002360	1.043273
-7.494609	-0.435452	0.350336	0.002344	1.043056
-8.347213	-0.042862	0.355341	0.002496	1.043125
-7.459697	-0.533934	0.360346	0.002338	1.042947
-8.012686	-0.327820	0.365350	0.002437	1.042929
-8.381831	-0.176474	0.370355	0.002503	1.042935
-8.201388	-0.415805	0.375360	0.002470	1.042718
-8.765516	-0.178484	0.380365	0.002571	1.042735
-8.298306	-0.464568	0.385370	0.002488	1.042605
-8.933525	-0.205105	0.390374	0.002601	1.042614
-8.772400	-0.259538	0.395379	0.002572	1.042627
-8.679933	-0.446209	0.400384	0.002556	1.042433
-9.508225	-0.046138	0.405389	0.002704	1.042524
-8.808376	-0.487825	0.410394	0.002579	1.042313
-9.789501	-0.110469	0.415398	0.002754	1.042296
-10.119662	0.075325	0.420403	0.002813	1.042367
-9.239793	-0.329088	0.425408	0.002656	1.042296
-9.557325	-0.195207	0.430413	0.002712	1.042306
-9.189152	-0.455879	0.435418	0.002647	1.042158
-10.428532	-0.093952	0.440422	0.002868	1.041988
-10.296409	-0.146069	0.445427	0.002845	1.041989
-10.143155	-0.211897	0.450432	0.002817	1.041983
-11.156118	0.198142	0.455437	0.002998	1.041992
-9.929640	-0.301966	0.460442	0.002779	1.041977
-10.367277	-0.291366	0.465446	0.002857	1.041765
-10.995363	-0.027448	0.470451	0.002969	1.041783
-10.644159	-0.260171	0.475456	0.002907	1.041663
-11.074622	-0.083696	0.480461	0.002984	1.041669
-11.061863	-0.089755	0.485466	0.002981	1.041668
-10.996341	-0.229007	0.490470	0.002969	1.041522
-11.303626	-0.229324	0.495475	0.003024	1.041363
-10.784779	-0.445949	0.500480	0.002932	1.041350
-11.914719	-0.186922	0.505485	0.003134	1.041103
-11.171107	-0.372787	0.510490	0.003001	1.041245
-12.139692	-0.146476	0.515494	0.003174	1.041039
-12.015931	-0.192139	0.520499	0.003152	1.041044
-11.659637	-0.363330	0.525504	0.003088	1.041006
-12.705138	-0.056238	0.530509	0.003275	1.040865
-11.675897	-0.533584	0.535514	0.003091	1.040777
-12.315608	-0.307943	0.540518	0.003205	1.040740
-12.742242	-0.128115	0.545523	0.003281	1.040753
-12.784811	-0.345942	0.550528	0.003289	1.040448
-13.417470	-0.112448	0.555533	0.003402	1.040424
-12.565927	-0.282095	0.560538	0.003250	1.040644
-13.385727	-0.128366	0.565542	0.003396	1.040420
-13.105791	-0.241423	0.570547	0.003346	1.040418
-12.860156	-0.401037	0.575552	0.003302	1.040338
-14.136579	-0.040196	0.580557	0.003531	1.040147
-13.506155	-0.254083	0.585562	0.003418	1.040195
-14.391325	0.032656	0.590566	0.003576	1.040110
-13.980527	-0.094844	0.595571	0.003503	1.040157
-13.372259	-0.378629	0.600576	0.003394	1.040103
-14.342805	0.004691	0.605581	0.003567	1.040100
-13.982357	-0.151055	0.610586	0.003503	1.040084
-14.698682	-0.095570	0.615590	0.003631	1.039786
-14.590555	-0.027650	0.620595	0.003612	1.039930
-14.651921	-0.118306	0.625600	0.003623	1.039781
-14.690990	-0.097484	0.630605	0.003629	1.039788
-14.562648	-0.147382	0.635610	0.003606	1.039789
-15.222733	-0.054954	0.640614	0.003725	1.039568
-15.165024	0.075864	0.645619	0.003714	1.039768
-15.401385	-0.048848	0.650624	0.003756	1.039484
-14.847017	-0.265429	0.655629	0.003657	1.039489
-14.733102	-0.379052	0.660634	0.003637	1.039401
-15.590024	-0.221546	0.665638	0.003790	1.039162
-15.829583	-0.120566	0.670643	0.003833	1.039170
-15.915986	-0.094484	0.675648	0.003848	1.039159
-16.194754	0.022041	0.680653	0.003898	1.039166
-15.907679	-0.275025	0.685658	0.003847	1.038929
-15.915192	-0.329588	0.690662	0.003848	1.038854
-16.532409	-0.080933	0.695667	0.003958	1.038858
-16.203425	-0.315607	0.700672	0.003900	1.038724
-17.195950	0.066704	0.705677	0.004077	1.038707
-16.914837	-0.129507	0.710682	0.004027	1.038598
-16.583392	-0.272200	0.715686	0.003967	1.038584
-17.640569	0.126724	0.720691	0.004157	1.038555
-17.179658	-0.061978	0.725696	0.004074	1.038549
-16.609379	-0.285206	0.730701	0.003972	1.038554
-17.035740	-0.266915	0.735706	0.004048	1.038357
-17.378322	-0.182912	0.740710	0.004110	1.038289
-18.073269	0.094348	0.745715	0.004234	1.038290
-17.806189	-0.014441	0.750720	0.004186	1.038287
-17.928284	0.037801	0.755725	0.004208	1.038292
-17.595412	-0.160374	0.760730	0.004148	1.038206
-18.522711	0.013390	0.765734	0.004314	1.037952
-18.407036	-0.025173	0.770739	0.004293	1.037962
-18.181009	-0.121161	0.775744	0.004253	1.037954
-18.504144	0.011524	0.780749	0.004311	1.037960
-18.270563	-0.202784	0.785754	0.004269	1.037802
-19.383083	0.117669	0.790758	0.004468	1.037643
-19.000540	0.186859	0.795763	0.004399	1.037931
-18.834787	-0.105899	0.800768	0.004370	1.037636
-18.567772	-0.203627	0.805773	0.004322	1.037647
-19.023544	-0.203107	0.810778	0.004403	1.037412
-19.493503	-0.087111	0.815782	0.004487	1.037320
-20.027019	0.135196	0.820787	0.004583	1.037333
-19.363050	-0.138897	0.825792	0.004464	1.037320
-19.665561	-0.010822	0.830797	0.004518	1.037330
-19.579186	-0.160942	0.835802	0.004503	1.037180
-20.339415	0.014211	0.840806	0.004639	1.037014
-20.442028	0.056957	0.845811	0.004657	1.037016
-19.495879	-0.323289	0.850816	0.004488	1.037012
-20.712234	0.007506	0.855821	0.004705	1.036812
-20.584011	0.097296	0.860826	0.004682	1.036996
-21.221089	0.178807	0.865830	0.004796	1.036772
-20.486531	-0.068311	0.870835	0.004665	1.036831
-20.447053	-0.194612	0.875840	0.004658	1.036687
-20.735994	-0.137495	0.880845	0.004709	1.036611
-21.470003	-0.026913	0.885850	0.004841	1.036375
-21.501923	-0.017280	0.890854	0.004846	1.036371
-21.400861	0.006271	0.895859	0.004828	1.036454
-21.347415	-0.073013	0.900864	0.004818	1.036379
-21.466768	-0.018451	0.905869	0.004840	1.036388
-21.459790	-0.103193	0.910874	0.004839	1.036281
-22.382465	0.096513	0.915878	0.005004	1.036063
-21.915197	-0.082512	0.920883	0.004920	1.036072
-21.428216	-0.289566	0.925888	0.004833	1.036055
-22.850664	0.168351	0.930893	0.005087	1.035914
-22.295243	-0.096604	0.935898	0.004988	1.035857
-22.631620	-0.030427	0.940902	0.005048	1.035769
-23.286118	0.324580	0.945907	0.005165	1.035892
-21.927234	-0.302493	0.950912	0.004922	1.035780
-22.397059	-0.241612	0.955917	0.005006	1.035615
-23.285237	-0.021522	0.960922	0.005165	1.035441
-23.192613	-0.061586	0.965926	0.005148	1.035437
-23.555734	0.082594	0.970931	0.005213	1.035437
-23.234369	-0.043145	0.975936	0.005156	1.035440
-23.887489	0.221510	0.980941	0.005272	1.035446
-23.223241	-0.090163	0.985946	0.005153	1.035385
-23.521927	-0.163770	0.990950	0.005207	1.035134
-23.731411	-0.084221	0.995955	0.005244	1.035129
-24.256185	0.024057	1.000960	0.005338	1.034998

-24.133379	0.076124	1.010957	0.005316	1.035129
-23.664373	-0.108830	1.020954	0.005232	1.035132
-24.162664	0.089326	1.030950	0.005321	1.035132
-24.038656	0.042077	1.040947	0.005299	1.035135
-23.804925	-0.055622	1.050944	0.005257	1.035129
-23.837479	-0.046832	1.060941	0.005263	1.035124
-23.754803	0.036442	1.070938	0.005248	1.035276
-23.602988	-0.018281	1.080934	0.005221	1.035283
-23.668037	-0.112841	1.090931	0.005232	1.035126
-23.798733	0.079763	1.100928	0.005256	1.035310
-23.100258	-0.108517	1.110925	0.005131	1.035427
-23.422395	0.007225	1.120922	0.005188	1.035411
-23.847584	0.127261	1.130918	0.005264	1.035347
-23.582789	0.148487	1.140915	0.005217	1.035512
-22.813961	-0.153783	1.150912	0.005079	1.035518
-23.192032	-0.008224	1.160909	0.005147	1.035511
-22.974122	0.046614	1.170906	0.005108	1.035696
-23.086453	-0.107379	1.180902	0.005128	1.035437
-23.233543	-0.003196	1.190899	0.005154	1.035497
-22.841538	-0.040442	1.200896	0.005084	1.035652
-22.447440	-0.134670	1.210893	0.005013	1.035734
-22.671589	-0.167747	1.220890	0.005053	1.035575
-23.174763	-0.007446	1.230886	0.005143	1.035523
-22.493308	-0.084691	1.240883	0.005021	1.035776
-22.345397	-0.213263	1.250880	0.004995	1.035685
-22.578589	-0.175910	1.260877	0.005036	1.035613
-22.715014	-0.003495	1.270874	0.005061	1.035767
-22.521557	-0.077848	1.280870	0.005026	1.035771
-22.266385	-0.177249	1.290867	0.004980	1.035774
-22.179336	-0.213798	1.300864	0.004965	1.035772
-22.374487	-0.027699	1.310861	0.004999	1.035913
-22.479581	0.080472	1.320858	0.005018	1.036000
-21.964965	-0.192417	1.330854	0.004926	1.035911
-22.021498	-0.197527	1.340851	0.004936	1.035876
-21.630589	-0.264267	1.350848	0.004866	1.035992
-22.064048	-0.065667	1.360845	0.004943	1.036026
-22.050251	-0.041516	1.370842	0.004941	1.036065
-21.999497	-0.057499	1.380838	0.004932	1.036070
-21.739643	-0.164278	1.390835	0.004885	1.036066
-21.374419	-0.311625	1.400832	0.004820	1.036064
-22.013441	0.100561	1.410829	0.004934	1.036270
-21.467242	-0.034018	1.420826	0.004836	1.036378
-21.497187	-0.178910	1.430822	0.004842	1.036174
-21.389381	-0.170887	1.440819	0.004822	1.036240
-21.269173	-0.113935	1.450816	0.004801	1.036377
-21.416962	-0.054720	1.460813	0.004827	1.036378
-21.102200	-0.206389	1.470810	0.004771	1.036344
-21.439119	-0.100195	1.480806	0.004831	1.036308
-21.317038	-0.085791	1.490803	0.004809	1.036390
-20.754951	-0.098415	1.500800	0.004708	1.036665
-21.360154	0.094767	1.510797	0.004816	1.036603
-21.302695	0.136235	1.520794	0.004806	1.036687
-20.840279	-0.051298	1.530790	0.004723	1.036683
-20.369999	-0.147935	1.540787	0.004639	1.036801
-20.694112	-0.064015	1.550784	0.004697	1.036742
-21.049106	0.198597	1.560781	0.004760	1.036901
-20.729132	0.056905	1.570778	0.004703	1.036882
-20.594637	0.052902	1.580774	0.004679	1.036947
-20.259296	-0.030929	1.590771	0.004619	1.037012
-20.289449	-0.016802	1.600768	0.004624	1.037015
-20.609094	0.107761	1.610765	0.004681	1.037011
-20.384872	0.018828	1.620762	0.004641	1.037012
-20.157985	-0.068764	1.630758	0.004601	1.037016
-19.977997	-0.067039	1.640755	0.004568	1.037112
-20.284067	0.149726	1.650752	0.004623	1.037235
-20.190883	0.095547	1.660749	0.004606	1.037213
-19.981201	-0.035800	1.670746	0.004569	1.037151
-20.037478	0.045215	1.680742	0.004579	1.037228
-19.348904	-0.164139	1.690739	0.004455	1.037312
-20.102097	0.114689	1.700736	0.004590	1.037285
-19.899166	0.058128	1.710733	0.004554	1.037317
-19.913409	0.076189	1.720730	0.004556	1.037333
-19.316015	-0.068760	1.730726	0.004449	1.037454
-19.022298	-0.285386	1.740723	0.004397	1.037325
-19.607625	-0.058550	1.750720	0.004501	1.037317
-19.715492	-0.011927	1.760717	0.004520	1.037322
-19.537882	-0.010733	1.770714	0.004489	1.037416
-18.566782	-0.398647	1.780710	0.004315	1.037414
-19.286387	-0.182606	1.790707	0.004443	1.037323
-19.929828	0.234766	1.800704	0.004558	1.037533
-18.969130	-0.064568	1.810701	0.004387	1.037641
-18.826180	-0.124750	1.820698	0.004361	1.037637
-19.227779	0.039216	1.830694	0.004433	1.037642
-18.753614	-0.004750	1.840691	0.004348	1.037831
-19.025003	-0.041873	1.850688	0.004396	1.037642
-19.102229	0.027508	1.860685	0.004410	1.037693
-18.647275	-0.023821	1.870682	0.004329	1.037862
-18.262018	-0.189464	1.880678	0.004260	1.037846
-18.756627	0.066190	1.890675	0.004348	1.037923
-18.751861	0.025389	1.900672	0.004347	1.037872
-18.575968	0.014992	1.910669	0.004316	1.037950
-18.206160	-0.126659	1.920666	0.004249	1.037958
-18.282376	-0.093714	1.930662	0.004263	1.037961
-18.303761	0.027596	1.940659	0.004267	1.038108
-18.571069	0.054471	1.950656	0.004314	1.038005
-18.108615	-0.103750	1.960653	0.004232	1.038039
-18.020925	-0.107147	1.970650	0.004216	1.038080
-17.670306	-0.239296	1.980646	0.004153	1.038090
-17.820625	-0.180640	1.990643	0.004180	1.038088
-18.364952	-0.002763	2.000640	0.004277	1.038038
-17.838199	-0.146198	2.010637	0.004183	1.038124
-17.606524	-0.186294	2.020634	0.004141	1.038192
-17.427198	-0.208493	2.030630	0.004109	1.038257
-18.275510	0.088693	2.040627	0.004261	1.038204
-17.902294	0.048694	2.050624	0.004194	1.038346
-17.043408	-0.301749	2.060621	0.004040	1.038335
-17.565227	-0.127976	2.070618	0.004134	1.038291
-17.637651	0.064659	2.080614	0.004146	1.038504
-17.170585	-0.084800	2.090611	0.004063	1.038551
-17.736661	0.072018	2.100608	0.004164	1.038463
-17.085351	-0.123367	2.110605	0.004047	1.038546
-17.353148	0.021542	2.120602	0.004095	1.038596
-16.918561	-0.105425	2.130598	0.004017	1.038656
-17.245994	0.012724	2.140595	0.004076	1.038640
-17.137225	0.058796	2.150592	0.004056	1.038757
-16.774592	-0.103198	2.160589	0.003991	1.038734
-16.716410	-0.115931	2.170586	0.003981	1.038748
-16.722228	-0.032478	2.180582	0.003982	1.038853
-17.160359	0.139711	2.190579	0.004060	1.038851
-16.586120	-0.084381	2.200576	0.003957	1.038857
-16.722161	-0.028405	2.210573	0.003982	1.038859
-16.472519	0.052371	2.220570	0.003937	1.039094
-16.335884	-0.015041	2.230566	0.003912	1.039077
-16.701608	0.055132	2.240563	0.003978	1.038979
-16.265403	-0.034747	2.250560	0.003900	1.039088
-16.161875	-0.028654	2.260557	0.003881	1.039150
-16.003837	-0.082511	2.270554	0.003853	1.039162
-16.164188	-0.075083	2.280550	0.003881	1.039089
-16.219305	-0.071044	2.290547	0.003891	1.039066
-15.889723	-0.227043	2.300544	0.003832	1.039034
-15.883146	-0.128529	2.310541	0.003831	1.039165
-16.076472	-0.055767	2.320538	0.003865	1.039160
-16.237368	0.065983	2.330534	0.003894	1.039235
-15.671267	-0.201663	2.340531	0.003793	1.039180
-15.897065	-0.088006	2.350528	0.003833	1.039211
-15.447892	-0.188078	2.360525	0.003753	1.039314
-15.123029	-0.381606	2.370522	0.003695	1.039231
-15.898140	-0.017785	2.380518	0.003833	1.039303
-15.830503	0.074080	2.390515	0.003821	1.039457
-15.027324	-0.218681	2.400512	0.003677	1.039492
-15.319861	-0.175627	2.410509	0.003729	1.039397
-15.814412	0.092597	2.420506	0.003818	1.039490
-15.105679	-0.106488	2.430502	0.003691	1.039598
-15.187674	-0.156809	2.440499	0.003706	1.039491
-15.313563	0.016981	2.450496	0.003728	1.039651
-14.728449	-0.110616	2.460493	0.003623	1.039788
-14.685078	-0.211813	2.470490	0.003615	1.039680
-15.098803	-0.192928	2.480486	0.003689	1.039490
-15.114596	0.004929	2.490483	0.003692	1.039739
-14.694327	-0.119226	2.500480	0.003617	1.039796
-14.353326	-0.260703	2.510477	0.003556	1.039788
-14.843492	-0.062276	2.520474	0.003643	1.039793
-15.124880	0.082607	2.530470	0.003694	1.039836
-14.247128	-0.192745	2.540467	0.003537	1.039932
-14.314688	-0.271292	2.550464	0.003549	1.039795
-14.640682	-0.139050	2.560461	0.003607	1.039799
-14.591442	0.080786	2.570458	0.003598	1.040110
-13.951313	-0.169270	2.580454	0.003483	1.040116
-14.246475	-0.132204	2.590451	0.003536	1.040012
-14.205111	-0.073387	2.600448	0.003529	1.040110
-14.092837	-0.120818	2.610445	0.003509	1.040107
-13.965397	-0.169168	2.620442	0.003486	1.040110
-14.242119	-0.058224	2.630438	0.003535	1.040111
-14.036007	-0.074905	2.640435	0.003498	1.040196
-13.747046	-0.138886	2.650432	0.003446	1.040263
-13.628032	-0.203934	2.660429	0.003425	1.040240
-14.063368	0.044990	2.670426	0.003503	1.040338
-13.289238	-0.195157	2.680422	0.003364	1.040427
-13.669507	-0.151104	2.690419	0.003432	1.040288
-13.509948	-0.109976	2.700416	0.003404	1.040424
-13.370830	-0.168694	2.710413	0.003379	1.040419
-13.447876	-0.134212	2.720410	0.003392	1.040425
-13.662306	-0.051133	2.730406	0.003431	1.040422
-13.473885	-0.037501	2.740403	0.003397	1.040537
-12.960671	-0.206799	2.750400	0.003305	1.040583
-13.664750	0.166458	2.760397	0.003431	1.040703
-13.327464	0.140208	2.770394	0.003370	1.040844
-12.900922	-0.098394	2.780390	0.003294	1.040755
-13.174848	0.028905	2.790387	0.003343	1.040779
-12.825759	0.001041	2.800384	0.003280	1.040923
-12.522988	-0.142875	2.810381	0.003226	1.040893
-12.611825	-0.213598	2.820378	0.003242	1.040755
-13.187350	0.110437	2.830374	0.003345	1.040879
-12.401155	-0.072578	2.840371	0.003204	1.041047
-12.299172	-0.301991	2.850368	0.003186	1.040803
-12.621877	-0.113822	2.860365	0.003244	1.040880
-12.810392	0.072589	2.870362	0.003277	1.041025
-12.620700	0.019777	2.880358	0.003243	1.041055
-12.234884	-0.135979	2.890355	0.003174	1.041052
-12.361636	-0.091656	2.900352	0.003197	1.041044
-12.054579	-0.044654	2.910349	0.003142	1.041264
-12.099683	-0.104615	2.920346	0.003150	1.041163
-12.412753	-0.025799	2.930342	0.003206	1.041104
-11.976485	-0.076566	2.940339	0.003128	1.041263
-11.640353	-0.203566	2.950336	0.003067	1.041272
-11.922297	-0.040093	2.960333	0.003118	1.041339
-12.406179	0.105007	2.970330	0.003204	1.041278
-11.994849	0.109464	2.980326	0.003131	1.041496
-11.273403	-0.235029	2.990323	0.003001	1.041422
-11.420426	-0.217246	3.000320	0.003028	1.041369
-11.889941	-0.039045	3.010317	0.003112	1.041358
-11.537564	0.002518	3.020314	0.003048	1.041594
-11.473107	-0.190481	3.030310	0.003037	1.041377
-11.482353	-0.070176	3.040307	0.003038	1.041529
-10.971260	-0.219288	3.050304	0.002947	1.041599
-11.616939	0.060314	3.060301	0.003062	1.041629
-11.204244	-0.072488	3.070298	0.002988	1.041670
-11.094693	-0.115881	3.080294	0.002969	1.041670
-11.465702	0.034630	3.090291	0.003035	1.041674
-10.929715	-0.031441	3.100288	0.002939	1.041865
-11.011469	0.075430	3.110285	0.002954	1.041962
-11.362637	0.191323	3.120282	0.003016	1.041931
-10.912482	0.067271	3.130278	0.002936	1.042002
-10.522463	-0.095581	3.140275	0.002866	1.041993
-10.457825	-0.119833	3.150272	0.002854	1.041995
-11.030822	0.108528	3.160269	0.002957	1.041995
-10.740563	0.063317	3.170266	0.002905	1.042087
-10.517056	0.017589	3.180262	0.002865	1.042143
-10.099482	-0.185912	3.190259	0.002790	1.042095
-10.591912	0.136482	3.200256	0.002878	1.042259
-10.082230	-0.037305	3.210253	0.002787	1.042297
-10.506354	-0.026873	3.220250	0.002863	1.042092
-10.295774	0.006454	3.230246	0.002825	1.042244
-9.873805	-0.143047	3.240243	0.002749	1.042268
-10.189998	0.012136	3.250240	0.002806	1.042306
-10.220934	0.023325	3.260237	0.002811	1.042305
-10.444538	0.181912	3.270234	0.002851	1.042395
-9.608017	-0.150061	3.280230	0.002701	1.042396
-9.479962	-0.173057	3.290227	0.002678	1.042433
-10.067412	0.141380	3.300224	0.002783	1.042537
-9.918733	0.139214	3.310221	0.002757	1.042611
-9.401923	-0.058221	3.320218	0.002664	1.042622
-9.594457	-0.116893	3.330214	0.002699	1.042447
-9.374365	-0.066363	3.340211	0.002659	1.042626
-9.747015	0.078218	3.350208	0.002726	1.042622
-9.640487	0.034219	3.360205	0.002707	1.042620
-9.348304	-0.079618	3.370202	0.002654	1.042623
-9.223662	-0.055311	3.380198	0.002632	1.042719
-8.803312	-0.150304	3.390195	0.002557	1.042813
-9.586209	0.168703	3.400192	0.002697	1.042823
-9.298808	0.137795	3.410189	0.002645	1.042931
-8.796887	-0.055762	3.420186	0.002555	1.042939
-9.156290	0.084872	3.430182	0.002620	1.042936
-8.775375	0.049672	3.440179	0.002551	1.043087
-8.912083	0.081091	3.450176	0.002576	1.043058
-9.022506	0.061534	3.460173	0.002595	1.042976
-8.727017	0.022228	3.470170	0.002542	1.043077
-8.230506	-0.169113	3.480166	0.002454	1.043085
-8.427218	-0.070033	3.490163	0.002489	1.043113
-8.861315	0.093198	3.500160	0.002566	1.043100
-8.420054	-0.106774	3.510157	0.002487	1.043069
-8.279473	-0.212633	3.520154	0.002462	1.043005
-8.214223	-0.132472	3.530150	0.002450	1.043142
-8.224773	-0.039044	3.540147	0.002452	1.043258
-8.227979	-0.126344	3.550144	0.002453	1.043143
-8.293162	-0.107930	3.560141	0.002464	1.043134
-8.121818	-0.072572	3.570138	0.002433	1.043268
-7.397811	-0.429818	3.580134	0.002304	1.043179
-8.105126	-0.133524	3.590131	0.002430	1.043198
-8.208373	-0.133541	3.600128	0.002449	1.043145
-7.820735	-0.192046	3.610125	0.002379	1.043269
-7.650246	-0.260229	3.620122	0.002349	1.043269
-7.249067	-0.446186	3.630118	0.002277	1.043235
-8.197361	-0.068491	3.640115	0.002447	1.043236
-7.493269	-0.320872	3.650112	0.002320	1.043272
-7.561425	-0.296141	3.660109	0.002333	1.043269
-7.736974	-0.156673	3.670106	0.002364	1.043359
-7.199546	-0.264130	3.680102	0.002268	1.043497
-7.579887	-0.138610	3.690099	0.002336	1.043464
-7.218662	-0.261670	3.700096	0.002271	1.043491
-7.370300	-0.200759	3.710093	0.002298	1.043492
-7.183085	-0.234877	3.720090	0.002264	1.043544
-7.060963	-0.185626	3.730086	0.002243	1.043671
-7.395124	0.000005	3.740083	0.002302	1.043740
-7.499061	0.118923	3.750080	0.002321	1.043840
-6.506104	-0.233212	3.760077	0.002143	1.043896
-6.409043	-0.346752	3.770074	0.002126	1.043799
-6.836686	-0.172384	3.780070	0.002202	1.043805
-6.960959	-0.125385	3.790067	0.002224	1.043802
-6.760439	-0.199594	3.800064	0.002188	1.043809
-6.409690	-0.312009	3.810061	0.002126	1.043845
-6.551784	-0.169193	3.820058	0.002151	1.043956
-6.179922	-0.283960	3.830054	0.002084	1.043999
-6.558411	-0.192013	3.840051	0.002152	1.043924
-6.278251	-0.391652	3.850048	0.002102	1.043810
-6.498337	-0.193506	3.860045	0.002141	1.043953
-5.996168	-0.273080	3.870042	0.002051	1.044109
-6.438516	-0.101868	3.880038	0.002130	1.044103
-6.309670	-0.074464	3.890035	0.002107	1.044205
-5.722102	-0.384180	3.900032	0.002002	1.044107
-5.727631	-0.384554	3.910029	0.002003	1.044104
-6.150097	-0.216781	3.920026	0.002078	1.044103
-5.801232	-0.227169	3.930022	0.002016	1.044270
-5.798081	-0.269874	3.940019	0.002015	1.044216
-5.943925	-0.224994	3.950016	0.002041	1.044200
-5.266192	-0.363270	3.960013	0.001920	1.044370
-5.534398	-0.297819	3.970010	0.001968	1.044316
-5.599399	-0.240486	3.980006	0.001979	1.044357
-5.735177	-0.184678	3.990003	0.002004	1.044360
-5.418146	-0.249068	4.000000	0.001947	1.044440
-5.175071	-0.345707	4.009997	0.001903	1.044440
-5.426589	-0.184398	4.019994	0.001948	1.044519
-5.196759	-0.234339	4.029990	0.001907	1.044573
-5.257037	-0.279273	4.039987	0.001918	1.044484
-5.114563	-0.338723	4.049984	0.001892	1.044481
-5.029859	-0.170452	4.059981	0.001877	1.044742
-4.696801	-0.299871	4.069978	0.001817	1.044747
-4.910690	-0.357603	4.079974	0.001855	1.044562
-5.047110	-0.157948	4.089971	0.001880	1.044750
-4.519467	-0.373808	4.099968	0.001785	1.044743
-4.295244	-0.592023	4.109965	0.001745	1.044576
-5.128942	-0.236425	4.119962	0.001894	1.044607
-4.943963	-0.121702	4.129958	0.001861	1.044851
-4.224736	-0.491410	4.139955	0.001732	1.044743
-4.608571	-0.333268	4.149952	0.001801	1.044750
-4.545721	-0.143903	4.159949	0.001790	1.045027
-4.308451	-0.211908	4.169946	0.001747	1.045062
-3.991760	-0.426358	4.179942	0.001690	1.044948
-4.671567	-0.197395	4.189939	0.001812	1.044894
-4.441470	-0.086410	4.199936	0.001771	1.045156
-3.330220	-0.552766	4.209933	0.001572	1.045125
-3.985127	-0.342071	4.219930	0.001689	1.045061
-4.507708	-0.133804	4.229926	0.001782	1.045061
-3.914757	-0.185868	4.239923	0.001676	1.045299
-3.448417	-0.536194	4.249920	0.001593	1.045087
-4.001963	-0.224652	4.259917	0.001692	1.045205
-3.818878	-0.174373	4.269914	0.001659	1.045364
-3.308831	-0.428079	4.279910	0.001567	1.045298
-3.710118	-0.437407	4.289907	0.001639	1.045080
-3.874571	-0.144027	4.299904	0.001668	1.045375
-3.604147	-0.254933	4.309901	0.001620	1.045371
-3.324126	-0.342965	4.319898	0.001570	1.045401
-3.356471	-0.290421	4.329894	0.001576	1.045453
-3.335646	-0.191591	4.339891	0.001572	1.045591
-3.012661	-0.354105	4.349888	0.001514	1.045548
-3.106898	-0.253680	4.359885	0.001531	1.045629
-3.247438	-0.184112	4.369882	0.001556	1.045647
-3.117865	-0.194835	4.379878	0.001533	1.045700
-2.646064	-0.379207	4.389875	0.001448	1.045704
-2.854352	-0.326882	4.399872	0.001485	1.045665
-3.176246	-0.171530	4.409869	0.001543	1.045700
-2.833793	-0.305586	4.419866	0.001481	1.045703
-2.846217	-0.233587	4.429862	0.001484	1.045790
-2.666282	-0.146307	4.439859	0.001451	1.045995
-2.385812	-0.250187	4.449856	0.001401	1.046006
-2.444080	-0.286513	4.459853	0.001411	1.045929
-2.375523	-0.370754	4.469850	0.001399	1.045856
-2.499443	-0.227369	4.479846	0.001421	1.045977
-2.254019	-0.306281	4.489843	0.001377	1.046002
-2.139587	-0.350636	4.499840	0.001357	1.046003
-2.118338	-0.401280	4.509837	0.001353	1.045949
-2.319986	-0.283470	4.519834	0.001389	1.045998
-2.324397	-0.282538	4.529830	0.001390	1.045997
-2.032180	-0.399207	4.539827	0.001337	1.045997
-2.001202	-0.415687	4.549824	0.001332	1.045992
-1.922386	-0.228709	4.559821	0.001317	1.046273
-1.884271	-0.210830	4.569818	0.001310	1.046316
-2.034311	-0.160255	4.579814	0.001337	1.046305
-1.906221	-0.210831	4.589811	0.001314	1.046305
-1.786839	-0.068288	4.599808	0.001293	1.046551
-1.588874	-0.097214	4.609805	0.001257	1.046615
-1.603473	-0.096107	4.619802	0.001260	1.046609
-1.434681	-0.156089	4.629798	0.001230	1.046619
-1.583139	-0.097845	4.639795	0.001256	1.046618
-1.570504	0.012855	4.649792	0.001254	1.046767
-1.370865	0.067354	4.659789	0.001218	1.046940
-1.386367	0.074941	4.669786	0.001221	1.046942
-1.442579	0.156563	4.679782	0.001231	1.047019
-1.181119	0.233433	4.689779	0.001184	1.047252
-1.219143	0.252468	4.699776	0.001191	1.047257
-1.256024	0.384214	4.709773	0.001197	1.047408
-1.263300	0.510021	4.719770	0.001198	1.047567
-1.111279	0.514532	4.729766	0.001171	1.047651
-1.020102	0.659993	4.739763	0.001155	1.047885
-0.853915	0.594750	4.749760	0.001125	1.047887
-0.848151	0.734604	4.759757	0.001124	1.048070
-0.735269	0.805523	4.769754	0.001103	1.048219
-0.736360	0.809078	4.779750	0.001104	1.048223
-0.587242	0.747956	4.789747	0.001077	1.048221
-0.461080	0.879601	4.799744	0.001054	1.048456
-0.579921	0.935103	4.809741	0.001075	1.048466
-0.592878	0.974465	4.819738	0.001078	1.048511
-0.479700	1.128877	4.829734	0.001057	1.048767
-0.521133	1.150123	4.839731	0.001065	1.048774
-0.256148	1.284832	4.849728	0.001017	1.049083
-0.234288	1.276647	4.859725	0.001013	1.049084
-0.217313	1.335228	4.869722	0.001010	1.049168
-0.142019	1.489647	4.879718	0.000996	1.049405
-0.086259	1.469738	4.889715	0.000986	1.049409
0.111664	1.532993	4.899712	0.000951	1.049591
0.104452	1.630404	4.909709	0.000952	1.049713
0.091144	1.636514	4.919706	0.000954	1.049714
0.097868	1.799158	4.929702	0.000953	1.049927
0.009677	1.915863	4.939699	0.000969	1.050032
0.000000	2.132888	4.949696	0.000970	1.050306

0.138234	2.159158	4.954701	0.000946	1.050411
0.169961	2.384019	4.959706	0.000940	1.050716
0.302744	2.605648	4.964710	0.000916	1.051069
0.431364	2.855174	4.969715	0.000893	1.051455
0.577169	3.224333	4.974720	0.000867	1.052003
0.921649	3.497771	4.979725	0.000805	1.052529
1.124487	3.861987	4.984730	0.000769	1.053100
1.366108	4.237106	4.989734	0.000725	1.053704
1.590735	4.669017	4.994739	0.000685	1.054371
1.879738	5.144616	4.999744	0.000633	1.055127
2.191691	5.639182	5.004749	0.000577	1.055918
2.385649	6.182614	5.009754	0.000543	1.056711
2.834198	6.681914	5.014758	0.000462	1.057576
3.149069	7.234756	5.019763	0.000406	1.058441
3.376510	7.845169	5.024768	0.000365	1.059334
3.849888	8.412543	5.029773	0.000280	1.060296
4.143027	9.059463	5.034778	0.000228	1.061268
4.515376	9.702821	5.039782	0.000161	1.062274
4.822425	10.369336	5.044787	0.000106	1.063275
5.094703	11.082808	5.049792	0.000057	1.064317
5.746208	11.670198	5.054797	-0.000060	1.065390
5.810544	12.501300	5.059802	-0.000071	1.066475
6.328988	13.225712	5.064806	-0.000164	1.067651
6.618715	13.980626	5.069811	-0.000216	1.068751
6.979709	14.783440	5.074816	-0.000281	1.069945
7.340999	15.591548	5.079821	-0.000346	1.071144
7.474475	16.546783	5.084826	-0.000370	1.072414
8.129385	17.275782	5.089830	-0.000487	1.073658
8.594370	18.089754	5.094835	-0.000570	1.074912
8.852462	19.018801	5.099840	-0.000617	1.076207
9.290837	19.913882	5.104845	-0.000695	1.077546
9.558507	20.852228	5.109850	-0.000743	1.078854
10.049446	21.757406	5.114854	-0.000831	1.080229
10.416454	22.722936	5.119859	-0.000897	1.081616
10.923992	23.626518	5.124864	-0.000988	1.082994
11.400635	24.525864	5.129869	-0.001073	1.084350
11.632793	25.558480	5.134874	-0.001115	1.085748
12.136404	26.551880	5.139878	-0.001205	1.087230
12.322187	27.613929	5.144883	-0.001239	1.088639
12.616992	28.733815	5.149888	-0.001292	1.090171
13.264899	29.709029	5.154893	-0.001408	1.091695
13.611222	30.787887	5.159898	-0.001470	1.093197
13.905562	31.929225	5.164902	-0.001523	1.094749
14.289010	33.043342	5.169907	-0.001591	1.096309
14.525646	34.281893	5.174912	-0.001634	1.097947
14.807675	35.507237	5.179917	-0.001685	1.099589
15.391173	36.659320	5.184922	-0.001789	1.101286
15.771374	37.872030	5.189926	-0.001857	1.102955
16.463511	38.933360	5.194931	-0.001981	1.104588
16.734344	40.212485	5.199936	-0.002030	1.106280
17.139942	41.423821	5.204941	-0.002103	1.107952
17.293456	42.782888	5.209946	-0.002130	1.109680
17.669180	44.120293	5.214950	-0.002198	1.111485
18.182403	45.355763	5.219955	-0.002290	1.113230
18.637988	46.671800	5.224960	-0.002372	1.115043
19.069043	48.002422	5.229965	-0.002449	1.116858
19.418779	49.340831	5.234970	-0.002512	1.118640
19.743234	50.771191	5.239974	-0.002570	1.120519
20.036110	52.218138	5.244979	-0.002623	1.122399
20.602650	53.561740	5.249984	-0.002724	1.124282
21.342683	54.832160	5.254989	-0.002857	1.126157
21.472270	56.333031	5.259994	-0.002880	1.128015
21.827234	57.804579	5.264998	-0.002944	1.129941
22.263131	59.282736	5.270003	-0.003022	1.131910
22.608500	60.760231	5.275008	-0.003084	1.133832
23.241492	62.178623	5.280013	-0.003198	1.135816
23.482127	63.746816	5.285018	-0.003241	1.137790
23.715159	65.367494	5.290022	-0.003283	1.139819
24.196328	66.923586	5.295027	-0.003369	1.141884
24.821865	68.423208	5.300032	-0.003481	1.143946
25.614639	69.812019	5.305037	-0.003623	1.145952
25.861317	71.379583	5.310042	-0.003668	1.147910
26.079075	73.056487	5.315046	-0.003707	1.149980
26.481309	74.661113	5.320051	-0.003779	1.152046
26.898518	76.263485	5.325056	-0.003854	1.154114
27.435338	77.855260	5.330061	-0.003950	1.156220
27.655949	79.570307	5.335066	-0.003990	1.158321
28.089258	81.255819	5.340070	-0.004068	1.160481
28.647341	82.869644	5.345075	-0.004168	1.162611
28.995020	84.566587	5.350080	-0.004230	1.164737
29.580712	86.229661	5.355085	-0.004335	1.166929
29.840985	87.978600	5.360090	-0.004382	1.169067
30.198917	89.781690	5.365094	-0.004446	1.171308
30.934051	91.359972	5.370099	-0.004578	1.173458
31.488131	93.063730	5.375104	-0.004678	1.175666
32.097862	94.692647	5.380109	-0.004787	1.177809
32.452226	96.430782	5.385114	-0.004850	1.179957
32.699169	98.253473	5.390118	-0.004895	1.182150
33.366474	99.897991	5.395123	-0.005015	1.184325
33.853915	101.628184	5.400128	-0.005102	1.186512
34.628367	103.201898	5.405133	-0.005241	1.188646
35.092343	104.891332	5.410138	-0.005324	1.190769
35.438904	106.647845	5.415142	-0.005386	1.192911
36.042279	108.305363	5.420147	-0.005495	1.195052
36.403213	110.074172	5.425152	-0.005559	1.197206
37.027410	111.730603	5.430157	-0.005671	1.199348
37.621079	113.401499	5.435162	-0.005778	1.201488
38.285041	114.977390	5.440166	-0.005897	1.203549
38.767572	116.647064	5.445171	-0.005983	1.205631
39.317039	118.294008	5.450176	-0.006082	1.207713
40.051299	119.841768	5.455181	-0.006213	1.209763
40.666484	121.400604	5.460186	-0.006324	1.211769
40.945570	123.086816	5.465190	-0.006374	1.213766
41.515469	124.691452	5.470195	-0.006476	1.215796
42.114373	126.290088	5.475200	-0.006584	1.217829
42.752106	127.844331	5.480205	-0.006698	1.219827
43.158087	129.472721	5.485210	-0.006771	1.221802
43.544687	131.122520	5.490214	-0.006840	1.223789
44.156035	132.705510	5.495219	-0.006950	1.225796
44.662907	134.302079	5.500224	-0.007041	1.227770
45.230722	135.879565	5.505229	-0.007142	1.229747
45.720521	137.493375	5.510234	-0.007230	1.231726
46.086737	139.151819	5.515238	-0.007296	1.233697
46.688442	140.717702	5.520243	-0.007404	1.235666
47.161997	142.340998	5.525248	-0.007489	1.237639
47.760476	143.918675	5.530253	-0.007596	1.239612
48.363733	145.471101	5.535258	-0.007704	1.241557
48.862865	147.019935	5.540262	-0.007794	1.243451
49.620779	148.497431	5.545267	-0.007930	1.245374
50.239614	149.969941	5.550272	-0.008041	1.247231
50.796199	151.464063	5.555277	-0.008141	1.249081
51.215508	153.020665	5.560282	-0.008216	1.250937
51.536700	154.593660	5.565286	-0.008273	1.252767
52.618391	155.893256	5.570291	-0.008467	1.254622
53.025113	157.396727	5.575296	-0.008540	1.256408
53.714194	158.763545	5.580301	-0.008664	1.258164
54.460780	160.103374	5.585306	-0.008797	1.259912
55.199834	161.379377	5.590310	-0.008930	1.261587
55.982078	162.538481	5.595315	-0.009070	1.263153
56.495132	163.849264	5.600320	-0.009162	1.264766
57.120701	165.093425	5.605325	-0.009274	1.266353
57.529769	166.386069	5.610330	-0.009347	1.267899
58.083922	167.664652	5.615334	-0.009447	1.269489
58.538109	168.980103	5.620339	-0.009528	1.271074
59.313748	170.069834	5.625344	-0.009667	1.272551
59.877450	171.296114	5.630349	-0.009768	1.274084
60.434139	172.510162	5.635354	-0.009868	1.275598
60.911517	173.722868	5.640358	-0.009954	1.277077
61.547147	174.868535	5.645363	-0.010068	1.278549
62.287745	175.965347	5.650368	-0.010200	1.280010
62.731067	177.134705	5.655373	-0.010280	1.281424
63.476532	178.123660	5.660378	-0.010413	1.282771
63.877802	179.295019	5.665382	-0.010485	1.284167
64.550536	180.350736	5.670387	-0.010606	1.285551
65.318142	181.308641	5.675392	-0.010743	1.286870
65.946705	182.288010	5.680397	-0.010856	1.288154
66.550456	183.267625	5.685402	-0.010964	1.289426
67.215660	184.212836	5.690406	-0.011083	1.290686
67.882068	185.074748	5.695411	-0.011203	1.291858
68.874446	185.771027	5.700416	-0.011380	1.292990
69.428563	186.608931	5.705421	-0.011479	1.294089
70.276324	187.255445	5.710426	-0.011631	1.295109
71.111840	187.905174	5.715430	-0.011781	1.296125
72.207472	188.291534	5.720435	-0.011977	1.296974
73.316776	188.583932	5.725440	-0.012176	1.297729
74.448904	188.776206	5.730445	-0.012378	1.298390
75.754509	188.725476	5.735450	-0.012612	1.298869
76.660181	188.731452	5.740454	-0.012774	1.299244
77.373937	188.764059	5.745459	-0.012902	1.299568
77.821342	188.872571	5.750464	-0.012982	1.299862
78.405419	188.928506	5.755469	-0.013086	1.300158
79.023653	188.926803	5.760474	-0.013197	1.300408
79.420242	189.024557	5.765478	-0.013268	1.300670
79.837890	189.117045	5.770483	-0.013343	1.300936
80.205265	189.261889	5.775488	-0.013408	1.301235
80.475603	189.490433	5.780493	-0.013457	1.301581
81.035554	189.570363	5.785498	-0.013557	1.301891
81.133086	189.870054	5.790502	-0.013575	1.302241
81.644943	190.061261	5.795507	-0.013666	1.302646
81.837091	190.443421	5.800512	-0.013701	1.303119
82.000771	190.820755	5.805517	-0.013730	1.303576
82.275632	191.257712	5.810522	-0.013779	1.304139
82.558717	191.719814	5.815526	-0.013830	1.304731
82.901999	192.190948	5.820531	-0.013892	1.305356
83.197791	192.729223	5.825536	-0.013945	1.306031
83.468916	193.273733	5.830541	-0.013993	1.306702
83.684560	193.871791	5.835546	-0.014032	1.307405
83.896235	194.588229	5.840550	-0.014070	1.308229
84.201324	195.282958	5.845555	-0.014125	1.309067
84.409883	196.088273	5.850560	-0.014162	1.309979
84.811024	196.839059	5.855565	-0.014234	1.310913
85.260375	197.546063	5.860570	-0.014314	1.311820
85.640534	198.328529	5.865574	-0.014383	1.312776
86.008955	199.139897	5.870579	-0.014449	1.313756
86.219541	200.049685	5.875584	-0.014486	1.314773
86.593494	200.963093	5.880589	-0.014553	1.315858
87.110726	201.772155	5.885594	-0.014646	1.316893
87.665567	202.609007	5.890598	-0.014746	1.317971
88.354924	203.347165	5.895603	-0.014869	1.319001
88.881464	204.131974	5.900608	-0.014963	1.320013
89.494393	204.883716	5.905613	-0.015073	1.321024
89.933128	205.632247	5.910618	-0.015152	1.321962
90.514257	206.385240	5.915622	-0.015256	1.322961
91.058410	207.123406	5.920627	-0.015353	1.323929
91.658516	207.836379	5.925632	-0.015461	1.324893
92.044401	208.638067	5.930637	-0.015530	1.325861
92.533204	209.347470	5.935642	-0.015618	1.326776
92.943942	210.138736	5.940646	-0.015691	1.327742
93.099572	211.088789	5.945651	-0.015719	1.328767
93.538443	211.966700	5.950656	-0.015798	1.329830
94.137696	212.779114	5.955661	-0.015905	1.330890
94.710397	213.516318	5.960666	-0.016008	1.331863
94.992396	214.438242	5.965670	-0.016058	1.332906
95.510700	215.275731	5.970675	-0.016151	1.333956
95.877811	216.215753	5.975680	-0.016217	1.335050
96.447778	217.049999	5.980685	-0.016319	1.336116
97.036017	217.841377	5.985690	-0.016425	1.337145
97.435191	218.744121	5.990694	-0.016496	1.338211
98.202995	219.478207	5.995699	-0.016634	1.339252
99.135972	220.100390	6.000704	-0.016801	1.340244
99.641267	220.824484	6.005709	-0.016891	1.341170
100.266807	221.437832	6.010714	-0.017003	1.342031
100.727184	222.150027	6.015718	-0.017086	1.342926
101.477285	222.728273	6.020723	-0.017220	1.343799
101.891216	223.418232	6.025728	-0.017294	1.344653
102.433023	224.080092	6.030733	-0.017391	1.345527
106.036986	223.302652	6.035738	-0.018036	1.346160
109.834419	221.767505	6.040742	-0.018715	1.346111
111.116324	220.782130	6.045747	-0.018945	1.345627
111.886631	219.877566	6.050752	-0.019082	1.345024
112.260265	219.094158	6.055757	-0.019149	1.344386
112.508575	218.423049	6.060762	-0.019193	1.343811
112.764988	217.793567	6.065766	-0.019239	1.343281
112.839794	217.304665	6.070771	-0.019253	1.342821
112.917673	216.894592	6.075776	-0.019267	1.342441
113.161355	216.446825	6.080781	-0.019310	1.342087
113.355104	216.089814	6.085786	-0.019345	1.341805
113.372952	215.903002	6.090790	-0.019348	1.341625
113.406697	215.732242	6.095795	-0.019354	1.341467
113.580546	215.672531	6.100800	-0.019385	1.341476
113.690793	215.617948	6.105805	-0.019405	1.341464
113.656061	215.856169	6.110810	-0.019399	1.341690
113.831438	215.978580	6.115814	-0.019430	1.341881
113.788764	216.285208	6.120819	-0.019423	1.342172
113.973404	216.594040	6.125824	-0.019456	1.342554
114.042767	217.015546	6.130829	-0.019468	1.343004
114.175899	217.484090	6.135834	-0.019492	1.343526
114.263884	218.071534	6.140838	-0.019508	1.344148
114.324462	218.734261	6.145843	-0.019519	1.344836
114.495464	219.411105	6.150848	-0.019550	1.345580
114.652423	220.176319	6.155853	-0.019578	1.346406
114.870238	220.943400	6.160858	-0.019617	1.347258
115.019925	221.833855	6.165862	-0.019644	1.348206
115.173389	222.782038	6.170867	-0.019671	1.349212
115.561730	223.717895	6.175872	-0.019741	1.350296
115.687264	224.737839	6.180877	-0.019764	1.351361
115.850196	225.811780	6.185882	-0.019793	1.352494
116.127032	226.953473	6.190886	-0.019843	1.353737
116.488162	228.072330	6.195891	-0.019908	1.354989
116.878011	229.210252	6.200896	-0.019977	1.356270
117.343777	230.315329	6.205901	-0.020061	1.357547
117.706087	231.491566	6.210906	-0.020126	1.358852
117.780215	232.837126	6.215910	-0.020139	1.360213
118.365548	233.991683	6.220915	-0.020244	1.361581
118.666819	235.272286	6.225920	-0.020298	1.362962
119.028355	236.599787	6.230925	-0.020363	1.364412
119.408436	237.922263	6.235930	-0.020432	1.365862
119.881795	239.202905	6.240934	-0.020516	1.367305
120.365709	240.518164	6.245939	-0.020603	1.368784
120.874881	241.840163	6.250944	-0.020694	1.370279
121.308277	243.127891	6.255949	-0.020772	1.371709
122.006466	244.336374	6.260954	-0.020897	1.373161
122.902337	245.441526	6.265958	-0.021058	1.374586
123.573015	246.552537	6.270963	-0.021178	1.375929
124.247420	247.617299	6.275968	-0.021299	1.377227
124.715780	248.754526	6.280973	-0.021383	1.378517
125.263967	249.865378	6.285978	-0.021481	1.379809
125.679273	251.034828	6.290982	-0.021555	1.381107
126.006230	252.215501	6.295987	-0.021614	1.382381
126.708993	253.298089	6.300992	-0.021740	1.383701
127.096943	254.480130	6.305997	-0.021810	1.384997
127.589373	255.606749	6.311002	-0.021898	1.386277
128.275627	256.668007	6.316006	-0.022021	1.387566
128.901407	257.727873	6.321011	-0.022133	1.388830
129.428591	258.791138	6.326016	-0.022227	1.390059
129.846712	259.893584	6.331021	-0.022302	1.391283
130.558844	260.892343	6.336026	-0.022430	1.392517
130.962454	261.983664	6.341030	-0.022502	1.393723
131.495302	263.038152	6.346035	-0.022598	1.394941
132.133141	264.027233	6.351040	-0.022712	1.396134
132.742808	264.988671	6.356045	-0.022821	1.397289
133.069209	266.086577	6.361050	-0.022880	1.398468
133.449263	267.194019	6.366054	-0.022948	1.399675
133.860744	268.297795	6.371059	-0.023022	1.400890
134.330638	269.368044	6.376064	-0.023106	1.402093
134.709400	270.529642	6.381069	-0.023174	1.403348
134.958715	271.772230	6.386074	-0.023219	1.404632
135.584344	272.871689	6.391078	-0.023331	1.405918
136.061415	273.990787	6.396083	-0.023417	1.407166
136.475287	275.184248	6.401088	-0.023491	1.408460
136.843507	276.409859	6.406093	-0.023557	1.409767
137.295258	277.593085	6.411098	-0.023638	1.411063
137.552074	278.910083	6.416102	-0.023684	1.412413
138.106475	280.121401	6.421107	-0.023783	1.413772
138.404269	281.460517	6.426112	-0.023837	1.415156
138.718956	282.797130	6.431117	-0.023893	1.416542
139.130961	284.165269	6.436122	-0.023967	1.417992
139.664900	285.491976	6.441126	-0.024063	1.419447
140.047527	286.857107	6.446131	-0.024132	1.420881
140.758246	288.083363	6.451136	-0.024259	1.422303
141.347408	289.357004	6.456141	-0.024365	1.423724
141.786400	290.674261	6.461146	-0.024443	1.425129
142.168554	291.976558	6.466150	-0.024512	1.426497
142.666307	293.308717	6.471155	-0.024601	1.427935
143.253752	294.581668	6.476160	-0.024706	1.429349
143.559695	295.984106	6.481165	-0.024761	1.430780
143.857661	297.390861	6.486170	-0.024815	1.432210
144.283525	298.823800	6.491174	-0.024891	1.433710
144.784234	300.218840	6.496179	-0.024981	1.435201
145.285946	301.602007	6.501184	-0.025071	1.436679
145.508000	303.149846	6.506189	-0.025111	1.438208
146.043659	304.589705	6.511194	-0.025207	1.439748
146.330471	306.096330	6.516198	-0.025259	1.441259
146.848658	307.587423	6.521203	-0.025352	1.442837
147.354474	309.067278	6.526208	-0.025442	1.444398
147.773129	310.574639	6.531213	-0.025517	1.445952
148.402481	312.003463	6.536218	-0.025630	1.447508
148.923666	313.496022	6.541222	-0.025724	1.449082
149.379819	314.974135	6.546227	-0.025806	1.450617
149.794546	316.483283	6.551232	-0.025880	1.452164
150.344658	317.959377	6.556237	-0.025979	1.453728
150.820803	319.467756	6.561242	-0.026064	1.455293
151.313431	320.954004	6.566246	-0.026152	1.456843
151.672522	322.523397	6.571251	-0.026217	1.458419
152.374520	323.976782	6.576256	-0.026343	1.460009
152.817941	325.472084	6.581261	-0.026422	1.461544
153.387375	326.942342	6.586266	-0.026524	1.463099
153.919908	328.427239	6.591270	-0.026620	1.464653
154.494251	329.817738	6.596275	-0.026723	1.466133
154.940147	331.302874	6.601280	-0.026803	1.467653
155.347505	332.822800	6.606285	-0.026876	1.469189
155.887733	334.261202	6.611290	-0.026973	1.470697
156.303318	335.771745	6.616294	-0.027047	1.472224
156.916241	337.202718	6.621299	-0.027157	1.473747
157.182499	338.800933	6.626304	-0.027205	1.475298
157.627029	340.328222	6.631309	-0.027285	1.476846
158.273700	341.788731	6.636314	-0.027401	1.478403
158.907973	343.237517	6.641318	-0.027514	1.479944
159.195783	344.760339	6.646323	-0.027566	1.481427
159.818045	346.229221	6.651328	-0.027678	1.482978
160.375545	347.706256	6.656333	-0.027778	1.484512
161.008302	349.082236	6.661338	-0.027891	1.485980
161.387178	350.606621	6.666342	-0.027959	1.487491
161.827365	352.106212	6.671347	-0.028038	1.488999
162.278166	353.595286	6.676352	-0.028119	1.490501
162.767776	355.069999	6.681357	-0.028207	1.492001
163.303418	356.554268	6.686362	-0.028303	1.493524
163.881542	358.035140	6.691366	-0.028406	1.495058
164.145462	359.583353	6.696371	-0.028454	1.496541
164.769251	361.071991	6.701376	-0.028566	1.498094
165.057057	362.697269	6.706381	-0.028617	1.499652
165.741418	364.087862	6.711386	-0.028740	1.501135
166.444521	365.501689	6.716390	-0.028866	1.502643
166.717755	367.065486	6.721395	-0.028915	1.504136
166.949287	368.686449	6.726400	-0.028957	1.505664
167.239811	370.362492	6.731405	-0.029009	1.507260
167.863429	371.921386	6.736410	-0.029121	1.508864
168.498142	373.423046	6.741414	-0.029235	1.510419
169.172714	374.873385	6.746419	-0.029356	1.511941
169.571337	376.446657	6.751424	-0.029427	1.513476
170.147728	377.948916	6.756429	-0.029531	1.515007
170.605659	379.457912	6.761434	-0.029613	1.516502
171.094229	381.015656	6.766438	-0.029700	1.518049
171.529199	382.587475	6.771443	-0.029778	1.519589
172.151242	384.018629	6.776448	-0.029890	1.521067
172.618339	385.559106	6.781453	-0.029974	1.522587
173.059528	387.127114	6.786458	-0.030053	1.524120
173.817897	388.504507	6.791462	-0.030189	1.525592
174.000228	390.145016	6.796467	-0.030222	1.527099
174.538445	391.690568	6.801472	-0.030318	1.528641
174.692716	393.374711	6.806477	-0.030346	1.530173
175.189192	394.993019	6.811482	-0.030435	1.531762
175.905405	396.511280	6.816486	-0.030563	1.533336
176.065618	398.236899	6.821491	-0.030592	1.534901
176.537507	399.884880	6.826496	-0.030677	1.536503
176.949292	401.584822	6.831501	-0.030751	1.538128
177.635040	403.175458	6.836506	-0.030874	1.539748
178.308912	404.689964	6.841510	-0.030995	1.541296
178.586893	406.385821	6.846515	-0.031045	1.542867
179.118843	408.022852	6.851520	-0.031140	1.544470
179.472081	409.694162	6.856525	-0.031203	1.546042
179.900419	411.412090	6.861530	-0.031280	1.547678
180.450832	413.061015	6.866534	-0.031379	1.549293
180.849658	414.734906	6.871539	-0.031451	1.550877
181.406427	416.437812	6.876544	-0.031550	1.552538
182.108964	418.018712	6.881549	-0.031676	1.554139
182.591875	419.617041	6.886554	-0.031763	1.555681
182.996607	421.325130	6.891558	-0.031836	1.557290
183.398038	423.054751	6.896563	-0.031908	1.558915
183.926968	424.643124	6.901568	-0.032003	1.560459
184.488552	426.304588	6.906573	-0.032103	1.562075
184.784562	428.069664	6.911578	-0.032157	1.563690
185.394508	429.703195	6.916582	-0.032266	1.565295
185.805981	431.421356	6.921587	-0.032340	1.566905
186.161139	433.213119	6.926592	-0.032404	1.568557
186.852708	434.822818	6.931597	-0.032528	1.570163
187.189755	436.585466	6.936602	-0.032588	1.571782
187.702739	438.322571	6.941606	-0.032680	1.573434
188.106900	440.067052	6.946611	-0.032753	1.575056
188.539321	441.872093	6.951616	-0.032830	1.576736
189.301946	443.518421	6.956621	-0.032967	1.578388
189.648371	445.263879	6.961626	-0.033029	1.579986
190.173001	446.957947	6.966630	-0.033123	1.581597
190.462775	448.808949	6.971635	-0.033175	1.583263
190.974018	450.560077	6.976640	-0.033267	1.584915
191.465147	452.318994	6.981645	-0.033355	1.586565
191.822126	454.197114	6.986650	-0.033419	1.588270
192.462375	455.912686	6.991654	-0.033534	1.589929
192.739908	457.801480	6.996659	-0.033584	1.591614
193.230557	459.642324	7.001664	-0.033672	1.593325
193.706102	461.461545	7.006669	-0.033758	1.595012
194.197014	463.316368	7.011674	-0.033846	1.596732
194.701262	465.166275	7.016678	-0.033936	1.598450
195.175095	466.958703	7.021683	-0.034021	1.600109
195.548208	468.866581	7.026688	-0.034088	1.601829
196.039640	470.777657	7.031693	-0.034176	1.603589
196.407962	472.674939	7.036698	-0.034243	1.605296
196.995522	474.561763	7.041702	-0.034348	1.607062
197.331438	476.538822	7.046707	-0.034408	1.608821
197.814607	478.430977	7.051712	-0.034495	1.610555
198.342951	480.349681	7.056717	-0.034590	1.612323
198.674708	482.346233	7.061722	-0.034649	1.614091
199.138456	484.328297	7.066726	-0.034733	1.615887
199.498630	486.394307	7.071731	-0.034797	1.617718
200.115929	488.352143	7.076736	-0.034908	1.619539
200.560635	490.349331	7.081741	-0.034988	1.621336
200.960246	492.380608	7.086746	-0.035060	1.623144
201.562237	494.335609	7.091750	-0.035168	1.624952
202.023734	496.338099	7.096755	-0.035251	1.626752
202.303636	498.465881	7.101760	-0.035301	1.628596
203.061136	500.345272	7.106765	-0.035437	1.630384
203.504800	502.368868	7.111770	-0.035517	1.632190
204.104017	504.333233	7.116774	-0.035624	1.633994
204.446587	506.365921	7.121779	-0.035686	1.635771
204.873540	508.444626	7.126784	-0.035762	1.637611
205.594579	510.353578	7.131789	-0.035892	1.639401
206.072903	512.312176	7.136794	-0.035977	1.641155
206.658978	514.295261	7.141798	-0.036083	1.642960
207.199487	516.207267	7.146803	-0.036180	1.644691
207.652293	518.182515	7.151808	-0.036261	1.646444
208.280865	520.121747	7.156813	-0.036374	1.648221
208.669898	522.054184	7.161818	-0.036443	1.649915
209.215398	524.023589	7.166822	-0.036541	1.651687
209.690245	526.002242	7.171827	-0.036627	1.653442
209.949409	528.054990	7.176832	-0.036673	1.655188
210.800099	529.920921	7.181837	-0.036826	1.656965
211.107045	531.955625	7.186842	-0.036881	1.658708
211.787715	533.808954	7.191846	-0.037003	1.660418
212.348185	535.736975	7.196851	-0.037103	1.662149
212.666308	537.754148	7.201856	-0.037161	1.663876
213.348344	539.603850	7.206861	-0.037283	1.665578
213.656853	541.625317	7.211866	-0.037338	1.667301
214.250866	543.544763	7.216870	-0.037445	1.669029
214.695582	545.488967	7.221875	-0.037525	1.670728
215.128335	547.481365	7.226880	-0.037603	1.672461
215.643207	549.461417	7.231885	-0.037695	1.674207
216.147095	551.397126	7.236890	-0.037785	1.675913
216.585041	553.449790	7.241894	-0.037864	1.677690
216.973264	555.429706	7.246899	-0.037934	1.679392
217.282570	557.559647	7.251904	-0.037989	1.681188
217.861394	559.598920	7.256909	-0.038093	1.682992
218.177734	561.671710	7.261914	-0.038150	1.684740
218.591550	563.840043	7.266918	-0.038224	1.686593
219.101837	565.943929	7.271923	-0.038316	1.688421
219.531293	568.050342	7.276928	-0.038393	1.690225
219.901687	570.259293	7.281933	-0.038460	1.692091
220.357650	572.436666	7.286938	-0.038542	1.693955
220.953083	574.549097	7.291942	-0.038648	1.695807
221.286907	576.786414	7.296947	-0.038709	1.697678
221.571902	579.038470	7.301952	-0.038760	1.699543
222.251820	581.206336	7.306957	-0.038882	1.701459
222.657954	583.442136	7.311962	-0.038955	1.703344
223.170884	585.646283	7.316966	-0.039047	1.705234
223.821522	587.789765	7.321971	-0.039164	1.707115
224.166248	590.033014	7.326976	-0.039226	1.708981
224.694094	592.234624	7.331981	-0.039320	1.710866
225.237816	594.426925	7.336986	-0.039418	1.712748
225.571842	596.687411	7.341990	-0.039478	1.714617
226.134505	598.911021	7.346995	-0.039579	1.716525
226.621081	601.156176	7.352000	-0.039666	1.718424
227.036402	603.375967	7.357005	-0.039741	1.720280
227.463604	605.663967	7.362010	-0.039818	1.722190
228.021210	607.904324	7.367014	-0.039918	1.724100
228.722634	610.061439	7.372019	-0.040044	1.725986
229.143626	612.320712	7.377024	-0.040119	1.727866
229.498318	614.583937	7.382029	-0.040183	1.729728
230.006368	616.846470	7.387034	-0.040274	1.731632
230.572704	619.080736	7.392038	-0.040376	1.733529
231.103518	621.306828	7.397043	-0.040471	1.735407
231.566738	623.575044	7.402048	-0.040554	1.737296
232.036759	625.808390	7.407053	-0.040639	1.739158
232.453950	628.101715	7.412058	-0.040714	1.741049
233.003813	630.381426	7.417062	-0.040812	1.742966
233.523665	632.590287	7.422067	-0.040906	1.744817
234.067420	634.852434	7.427072	-0.041003	1.746715
234.524904	637.115906	7.432077	-0.041085	1.748586
235.323089	639.202004	7.437082	-0.041229	1.750418
236.456712	641.114458	7.442086	-0.041432	1.752213
237.316661	642.919232	7.447091	-0.041586	1.753844
238.189697	644.686187	7.452096	-0.041742	1.755449
238.861330	646.438339	7.457101	-0.041863	1.756982
239.242019	648.255002	7.462106	-0.041931	1.758479
239.927880	649.975440	7.467110	-0.042054	1.759989
240.615574	651.648580	7.472115	-0.042177	1.761463
241.508332	653.207081	7.477120	-0.042337	1.762907
242.115077	654.719839	7.482125	-0.042446	1.764233
242.604377	656.326148	7.487130	-0.042534	1.765595
243.256613	657.861225	7.492134	-0.042651	1.766948
243.950518	659.308266	7.497139	-0.042775	1.768246
244.444638	660.766646	7.502144	-0.042864	1.769494
244.993754	662.263500	7.507149	-0.042962	1.770786
245.530428	663.733982	7.512154	-0.043058	1.772054
245.672100	665.401992	7.517158	-0.043084	1.773357
246.198131	666.924857	7.522163	-0.043178	1.774659
246.675802	668.511372	7.527168	-0.043264	1.775994
247.100036	670.131287	7.532173	-0.043340	1.777339
247.496387	671.775565	7.537178	-0.043411	1.778692
247.796342	673.475973	7.542182	-0.043465	1.780060
248.279267	675.152073	7.547187	-0.043552	1.781460
248.595581	676.891710	7.552192	-0.043609	1.782859
249.129762	678.573843	7.557197	-0.043704	1.784276
249.482816	680.333343	7.562202	-0.043768	1.785699
249.907093	682.126507	7.567206	-0.043844	1.787166
250.162396	683.968591	7.572211	-0.043890	1.788620
250.605832	685.811322	7.577216	-0.043970	1.790127
251.119123	687.655853	7.582221	-0.044062	1.791654
251.460951	689.561593	7.587226	-0.044123	1.793177
251.770561	691.490052	7.592230	-0.044179	1.794706
252.338851	693.406115	7.597235	-0.044281	1.796298
252.843111	695.298946	7.602240	-0.044371	1.797853
253.425354	697.108444	7.607245	-0.044476	1.799366
253.914465	698.983415	7.612250	-0.044563	1.800901
254.435999	700.893889	7.617254	-0.044657	1.802470
255.030542	702.659605	7.622259	-0.044764	1.803950
255.262291	704.652125	7.627264	-0.044805	1.805496
255.428184	706.775449	7.632269	-0.044835	1.807119
256.060959	708.650742	7.637274	-0.044949	1.808687
256.515235	710.666986	7.642278	-0.045030	1.810308
257.137558	712.594585	7.647283	-0.045142	1.811910
257.455812	714.601162	7.652288	-0.045199	1.813483
257.957417	716.624508	7.657293	-0.045289	1.815118
258.476349	718.628561	7.662298	-0.045382	1.816743
259.019192	720.556610	7.667302	-0.045480	1.818317
259.569920	722.476596	7.672307	-0.045579	1.819885
259.935565	724.517703	7.677312	-0.045644	1.821490
260.527711	726.474278	7.682317	-0.045751	1.823094
260.990961	728.447246	7.687322	-0.045834	1.824673
261.498120	730.443198	7.692326	-0.045925	1.826280
262.107885	732.354141	7.697331	-0.046034	1.827851
262.521501	734.303232	7.702336	-0.046108	1.829394
262.929024	736.346185	7.707341	-0.046182	1.831003
263.533578	738.301287	7.712346	-0.046290	1.832601
264.017025	740.245693	7.717350	-0.046377	1.834156
264.746078	742.117378	7.722355	-0.046508	1.835725
265.106155	744.128253	7.727360	-0.046572	1.837292
265.709382	745.953076	7.732365	-0.046680	1.838789
266.017843	747.965632	7.737370	-0.046736	1.840340
266.674995	749.878319	7.742374	-0.046854	1.841913
267.248920	751.729597	7.747379	-0.046957	1.843417
267.807354	753.625833	7.752384	-0.047057	1.844949
268.228927	755.579902	7.757389	-0.047133	1.846483
268.711791	757.460633	7.762394	-0.047219	1.847980
269.198995	759.372895	7.767398	-0.047307	1.849500
269.825542	761.226533	7.772403	-0.047419	1.851014
270.339728	763.115583	7.777408	-0.047511	1.852521
270.617036	765.072590	7.782413	-0.047561	1.854012
271.309865	766.927745	7.787418	-0.047685	1.855542
271.893835	768.801645	7.792422	-0.047790	1.857053
272.410125	770.568354	7.797427	-0.047883	1.858468
272.861369	772.475854	7.802432	-0.047964	1.859966
273.483612	774.283951	7.807437	-0.048075	1.861437
273.901605	776.134037	7.812442	-0.048150	1.862882
274.455807	777.960162	7.817446	-0.048250	1.864345
274.929045	779.803148	7.822451	-0.048335	1.865798
275.541755	781.597320	7.827456	-0.048445	1.867251
275.892569	783.441662	7.832461	-0.048508	1.868669
276.465071	785.261347	7.837466	-0.048610	1.870128
276.989195	787.092779	7.842470	-0.048704	1.871581
277.373417	788.965277	7.847475	-0.048773	1.873025
277.864406	790.807803	7.852480	-0.048862	1.874475
278.382660	792.650016	7.857485	-0.048955	1.875931
278.765343	794.578417	7.862490	-0.049023	1.877411
279.290339	796.373026	7.867494	-0.049117	1.878832
279.810128	798.243639	7.872499	-0.049211	1.880305
280.362409	800.126091	7.877504	-0.049310	1.881794
280.763551	801.977010	7.882509	-0.049382	1.883219
281.410575	803.791053	7.887514	-0.049498	1.884682
281.789290	805.700341	7.892518	-0.049566	1.886140
282.170676	807.612671	7.897523	-0.049634	1.887600
282.748707	809.441250	7.902528	-0.049738	1.889051
283.218388	811.340701	7.907533	-0.049822	1.890523
283.737234	813.234191	7.912538	-0.049915	1.892003
284.210376	815.097310	7.917542	-0.050000	1.893447
284.913221	816.899368	7.922547	-0.050126	1.894909
285.401692	818.755788	7.927552	-0.050214	1.896350
285.925300	820.545822	7.932557	-0.050308	1.897753
286.313472	822.383454	7.937562	-0.050378	1.899153
286.963366	824.187238	7.942566	-0.050494	1.900597
287.549542	825.948033	7.947571	-0.050599	1.901993
288.135825	827.673714	7.952576	-0.050705	1.903363
288.693413	829.414700	7.957581	-0.050805	1.904735
289.142480	831.160012	7.962586	-0.050885	1.906080
289.648678	832.932006	7.967590	-0.050976	1.907459
290.278738	834.557935	7.972595	-0.051089	1.908766
290.729000	836.309215	7.977600	-0.051170	1.910113
291.081942	838.151301	7.982605	-0.051233	1.911498
291.667336	839.822327	7.987610	-0.051338	1.912822
292.169221	841.600884	7.992614	-0.051428	1.914199
292.760215	843.296252	7.997619	-0.051534	1.915540
293.235627	845.033107	8.002624	-0.051619	1.916878
293.696983	846.672898	8.007629	-0.051702	1.918145
294.158454	848.460598	8.012634	-0.051785	1.919513
294.715245	850.171367	8.017638	-0.051885	1.920852
295.173568	851.899272	8.022643	-0.051967	1.922176
295.536008	853.689010	8.027648	-0.052032	1.923518
295.967882	855.496127	8.032653	-0.052110	1.924888
296.543965	857.262940	8.037658	-0.052213	1.926267
297.056877	858.986766	8.042662	-0.052305	1.927599
297.533772	860.747443	8.047667	-0.052391	1.928946
298.027898	862.508710	8.052672	-0.052479	1.930297
298.686453	864.248713	8.057677	-0.052597	1.931675
299.001947	865.990096	8.062682	-0.052654	1.932964
299.237227	867.925208	8.067686	-0.052697	1.934365
299.899560	869.680548	8.072691	-0.052815	1.935751
300.267174	871.518924	8.077696	-0.052881	1.937118
300.694767	873.325508	8.082701	-0.052958	1.938477
301.281301	875.120788	8.087706	-0.053063	1.939868
301.730393	877.025171	8.092710	-0.053144	1.941299
302.223348	878.785949	8.097715	-0.053232	1.942640
302.652591	880.689006	8.102720	-0.053309	1.944062
303.153064	882.537811	8.107725	-0.053399	1.945464
303.634846	884.406220	8.112730	-0.053486	1.946874
304.191257	886.192941	8.117734	-0.053585	1.948245
304.722952	888.037369	8.122739	-0.053681	1.949649
305.209329	889.884521	8.127744	-0.053768	1.951042
305.647195	891.740324	8.132749	-0.053847	1.952427
306.077122	893.601700	8.137754	-0.053924	1.953814
306.585255	895.491255	8.142758	-0.054015	1.955238
306.990254	897.401862	8.147763	-0.054088	1.956650
307.543975	899.214568	8.152768	-0.054187	1.958031
307.885708	901.176660	8.157773	-0.054249	1.959460
308.277992	903.139548	8.162778	-0.054319	1.960901
308.774237	905.107187	8.167782	-0.054408	1.962371
309.462356	906.952204	8.172787	-0.054532	1.963804
309.837960	908.905731	8.177792	-0.054599	1.965231
310.493085	910.792119	8.182797	-0.054716	1.966682
311.026098	912.584490	8.187802	-0.054812	1.968037
311.370368	914.584628	8.192806	-0.054874	1.969485
311.847126	916.502402	8.197811	-0.054960	1.970909
312.256195	918.441624	8.202816	-0.055033	1.972330
312.517353	920.527583	8.207821	-0.055080	1.973811
313.209312	922.456898	8.212826	-0.055204	1.975294
313.581085	924.467540	8.217830	-0.055271	1.976751
314.139496	926.397068	8.222835	-0.055371	1.978198
314.536183	928.419009	8.227840	-0.055442	1.979666
314.960205	930.497345	8.232845	-0.055519	1.981178
315.344877	932.505147	8.237850	-0.055588	1.982631
315.830922	934.594649	8.242854	-0.055675	1.984163
316.377460	936.657708	8.247859	-0.055773	1.985692
316.868622	938.680354	8.252864	-0.055861	1.987178
317.360891	940.719130	8.257869	-0.055949	1.988675
317.745027	942.832025	8.262874	-0.056019	1.990193
318.178823	944.970051	8.267878	-0.056096	1.991739
318.775047	946.983638	8.272883	-0.056203	1.993241
319.225622	949.106507	8.277888	-0.056284	1.994779
319.650072	951.235999	8.282893	-0.056361	1.996313
320.302978	953.177509	8.287898	-0.056478	1.997777
320.762350	955.313445	8.292902	-0.056560	1.999322
321.229025	957.417950	8.297907	-0.056644	2.000847
321.709370	959.431627	8.302912	-0.056730	2.002313
322.232751	961.545492	8.307917	-0.056824	2.003855
322.722475	963.636258	8.312922	-0.056912	2.005373
323.273227	965.677869	8.317926	-0.057011	2.006872
323.884636	967.656126	8.322931	-0.057120	2.008342
324.391874	969.694342	8.327936	-0.057212	2.009826
324.849843	971.772209	8.332941	-0.057294	2.011322
325.344508	973.775778	8.337946	-0.057383	2.012777
325.842631	975.826913	8.342950	-0.057472	2.014263
326.474083	977.839322	8.347955	-0.057585	2.015756
326.937734	979.785032	8.352960	-0.057668	2.017161
327.427363	981.816574	8.357965	-0.057756	2.018629
327.853603	983.881248	8.362970	-0.057833	2.020103
328.478127	985.859134	8.367974	-0.057945	2.021566
328.907352	987.828137	8.372979	-0.058022	2.022974
329.491423	989.829918	8.377984	-0.058127	2.024441
329.933340	991.857362	8.382989	-0.058206	2.025890
330.492332	993.736498	8.387994	-0.058306	2.027267
331.117810	995.712953	8.392998	-0.058419	2.028725
331.800139	997.533432	8.398003	-0.058541	2.030092
332.440001	999.372972	8.403008	-0.058656	2.031460
333.089797	1001.121163	8.408013	-0.058772	2.032770
333.671328	1002.896401	8.413018	-0.058876	2.034080
334.311119	1004.643382	8.418022	-0.058991	2.035384
334.906513	1006.284341	8.423027	-0.059098	2.036608
335.678239	1007.803104	8.428032	-0.059236	2.037793
336.423738	1009.317216	8.433037	-0.059370	2.038968
337.033800	1010.805108	8.438042	-0.059479	2.040092
337.707969	1012.245562	8.443046	-0.059600	2.041200
338.446620	1013.533353	8.448051	-0.059732	2.042223
338.856952	1014.952491	8.453056	-0.059806	2.043252
339.383882	1016.359934	8.458061	-0.059900	2.044301
339.836376	1017.805738	8.463066	-0.059982	2.045357
340.498180	1019.110708	8.468070	-0.060100	2.046370
340.942547	1020.442764	8.473075	-0.060180	2.047348
341.689168	1021.717083	8.478080	-0.060314	2.048361
342.122758	1023.059908	8.483085	-0.060392	2.049342
345.318856	1023.093024	8.488090	-0.060963	2.050134
350.394278	1021.296855	8.493094	-0.061871	2.050184
354.066554	1018.865915	8.498099	-0.062528	2.049481
356.684544	1015.965228	8.503104	-0.062996	2.048218
358.343306	1012.930988	8.508109	-0.063292	2.046636
359.499374	1009.771086	8.513114	-0.063499	2.044849
360.553559	1006.481978	8.518118	-0.063687	2.042951
361.324531	1003.157538	8.523123	-0.063825	2.040960
361.694884	999.951777	8.528128	-0.063891	2.038948
362.352506	996.635977	8.533133	-0.064008	2.036931
362.554918	993.563270	8.538138	-0.064044	2.034962
362.690791	990.544597	8.543142	-0.064068	2.033010
362.925518	987.621177	8.548147	-0.064109	2.031143
363.255144	984.677563	8.553152	-0.064168	2.029284
363.202387	981.978445	8.558157	-0.064158	2.027492
363.433606	979.392115	8.563162	-0.064199	2.025841
363.751721	976.767148	8.568167	-0.064256	2.024185
363.631908	974.391889	8.573171	-0.064234	2.022586
363.611307	972.223404	8.578176	-0.064230	2.021147
363.581173	970.158065	8.583181	-0.064225	2.019772
363.834750	968.116361	8.588186	-0.064270	2.018482
363.893761	966.226060	8.593191	-0.064280	2.017244
363.819102	964.628285	8.598195	-0.064267	2.016166
364.032144	962.924168	8.603200	-0.064305	2.015088
363.953131	961.508638	8.608205	-0.064290	2.014129
364.074506	960.153304	8.613210	-0.064312	2.013258
364.167243	958.890169	8.618215	-0.064328	2.012442
364.149496	957.863565	8.623219	-0.064325	2.011755
364.093513	957.007105	8.628224	-0.064315	2.011172
363.968946	956.282143	8.633229	-0.064293	2.010659
364.044056	955.699750	8.638234	-0.064306	2.010290
364.256841	955.103293	8.643239	-0.064344	2.009946
364.006220	954.890387	8.648243	-0.064299	2.009743
364.238774	954.525041	8.653248	-0.064341	2.009557
364.183239	954.548119	8.658253	-0.064331	2.009559
364.306641	954.503977	8.663258	-0.064353	2.009560
364.377290	954.724965	8.668263	-0.064366	2.009724
364.236676	955.111263	8.673267	-0.064341	2.009947
364.483496	955.516690	8.678272	-0.064385	2.010277
364.595107	956.035649	8.683277	-0.064405	2.010650
364.602622	956.743497	8.688282	-0.064407	2.011123
364.741089	957.497638	8.693287	-0.064431	2.011658
364.757622	958.408482	8.698291	-0.064435	2.012268
364.995556	959.355800	8.703296	-0.064477	2.012956
364.932680	960.556124	8.708301	-0.064466	2.013738
365.066231	961.789286	8.713306	-0.064490	2.014590
365.192525	963.184716	8.718311	-0.064513	2.015547
365.261165	964.678207	8.723315	-0.064526	2.016554
365.565912	966.115453	8.728320	-0.064580	2.017582
365.583778	967.848889	8.733325	-0.064584	2.018735
365.580445	969.719898	8.738330	-0.064583	2.019974
365.917376	971.569497	8.743335	-0.064644	2.021280
365.874693	973.564378	8.748339	-0.064637	2.022589
366.437030	975.532837	8.753344	-0.064738	2.024028
366.404943	977.737631	8.758349	-0.064732	2.025476
366.579221	979.955934	8.763354	-0.064764	2.026983
366.905864	982.248435	8.768359	-0.064822	2.028575
367.046391	984.655981	8.773363	-0.064848	2.030195
367.426019	987.053748	8.778368	-0.064916	2.031867
367.535362	989.643255	8.783373	-0.064936	2.033597
367.889770	992.234759	8.788378	-0.065000	2.035386
368.216799	994.793637	8.793383	-0.065059	2.037146
368.443558	997.527096	8.798387	-0.065100	2.038995
368.765514	1000.320666	8.803392	-0.065158	2.040904
368.959538	1003.154937	8.808397	-0.065193	2.042807
369.415859	1006.028084	8.813402	-0.065275	2.044797
369.864074	1008.874282	8.818407	-0.065355	2.046766
369.868892	1011.954476	8.823411	-0.065357	2.048779
370.165948	1015.067803	8.828416	-0.065410	2.050881
370.726998	1018.095997	8.833421	-0.065511	2.052989
371.148397	1021.195409	8.838426	-0.065587	2.055108
371.525508	1024.267742	8.843431	-0.065655	2.057197
371.939492	1027.442800	8.848435	-0.065729	2.059359
372.509150	1030.521226	8.853440	-0.065831	2.061493
372.897193	1033.673667	8.858445	-0.065901	2.063629
373.257426	1036.901808	8.863450	-0.065966	2.065806
373.911095	1039.973120	8.868455	-0.066084	2.067948
374.229235	1043.233358	8.873459	-0.066141	2.070131
374.825004	1046.363343	8.878464	-0.066248	2.072293
375.272180	1049.602703	8.883469	-0.066328	2.074488
375.742129	1052.757113	8.888474	-0.066413	2.076631
376.354522	1055.898813	8.893479	-0.066523	2.078798
377.040628	1058.983495	8.898483	-0.066646	2.080943
377.926323	1061.868973	8.903488	-0.066805	2.083005
378.793323	1064.702078	8.908493	-0.066960	2.085027
379.501537	1067.402508	8.913498	-0.067088	2.086925
380.373104	1070.099871	8.918503	-0.067244	2.088857
381.157949	1072.664537	8.923507	-0.067385	2.090682
381.769594	1075.200121	8.928512	-0.067494	2.092446
382.688956	1077.589185	8.933517	-0.067659	2.094188
383.442360	1079.924823	8.938522	-0.067794	2.095854
384.216831	1082.157419	8.943527	-0.067933	2.097459
384.782095	1084.423955	8.948531	-0.068035	2.099035
385.752995	1086.452577	8.953536	-0.068209	2.100554
386.523595	1088.412176	8.958541	-0.068347	2.101980
387.036259	1090.411744	8.963546	-0.068439	2.103371
387.826375	1092.339819	8.968551	-0.068580	2.104780
388.387401	1094.194328	8.973555	-0.068681	2.106088
388.935414	1096.060115	8.978560	-0.068779	2.107399
389.830287	1097.791222	8.983565	-0.068940	2.108704
390.423103	1099.531896	8.988570	-0.069046	2.109945
391.106229	1101.147723	8.993575	-0.069169	2.111127
391.477971	1102.892088	8.998579	-0.069235	2.112317
392.010165	1104.608381	9.003584	-0.069331	2.113526
392.681632	1106.247378	9.008589	-0.069451	2.114718
393.028054	1107.978146	9.013594	-0.069513	2.115892
393.851651	1109.479816	9.018599	-0.069661	2.117030
394.397209	1111.035365	9.023603	-0.069759	2.118138
394.726259	1112.731313	9.028608	-0.069818	2.119284
395.413057	1114.282680	9.033613	-0.069941	2.120421
395.825677	1115.821946	9.038618	-0.070015	2.121486
396.259327	1117.507629	9.043623	-0.070093	2.122647
396.723972	1119.122236	9.048627	-0.070176	2.123770
397.181000	1120.791999	9.053632	-0.070258	2.124926
397.731511	1122.398546	9.058637	-0.070357	2.126063
398.027473	1124.077370	9.063642	-0.070410	2.127186
398.593363	1125.760859	9.068647	-0.070512	2.128373
399.034732	1127.440998	9.073651	-0.070591	2.129529
399.242210	1129.284876	9.078656	-0.070628	2.130733
399.688667	1131.057667	9.083661	-0.070708	2.131947
400.073531	1132.909697	9.088666	-0.070778	2.133196
400.653158	1134.716669	9.093671	-0.070881	2.134460
400.987564	1136.551402	9.098675	-0.070942	2.135685
401.392728	1138.382402	9.103680	-0.071014	2.136923
401.984682	1140.224772	9.108685	-0.071120	2.138210
402.202750	1142.209044	9.113690	-0.071160	2.139499
402.636972	1144.167394	9.118695	-0.071238	2.140821
402.979914	1146.154931	9.123699	-0.071299	2.142139
403.529508	1148.137456	9.128704	-0.071398	2.143500
403.936113	1150.207721	9.133709	-0.071471	2.144883
404.355324	1152.147725	9.138714	-0.071546	2.146186
404.877426	1154.180455	9.143719	-0.071640	2.147570
405.225769	1156.244199	9.148723	-0.071703	2.148933
405.459560	1158.512975	9.153728	-0.071745	2.150396
406.087455	1160.544300	9.158733	-0.071857	2.151800
406.540467	1162.691790	9.163738	-0.071939	2.153235
406.978386	1164.860731	9.168743	-0.072017	2.154680
407.434499	1166.940757	9.173747	-0.072099	2.156072
407.773646	1169.169554	9.178752	-0.072160	2.157529
408.212525	1171.408527	9.183757	-0.072239	2.159014
408.683264	1173.627744	9.188762	-0.072324	2.160493
409.334439	1175.781632	9.193767	-0.072440	2.161971
409.808675	1177.991344	9.198771	-0.072526	2.163443
410.280762	1180.193651	9.203776	-0.072610	2.164909
410.849346	1182.274628	9.208781	-0.072712	2.166320
411.170414	1184.545850	9.213786	-0.072770	2.167792
411.755405	1186.752792	9.218791	-0.072875	2.169283
412.223252	1188.936136	9.223795	-0.072959	2.170732
412.687488	1191.174712	9.228800	-0.073043	2.172213
413.257606	1193.361462	9.233805	-0.073145	2.173685
413.676967	1195.593580	9.238810	-0.073220	2.175150
414.140480	1197.774915	9.243815	-0.073303	2.176592
414.530474	1200.088717	9.248819	-0.073374	2.178099
415.058167	1202.352652	9.253824	-0.073468	2.179605
415.518963	1204.559325	9.258829	-0.073551	2.181059
415.893961	1206.871019	9.263834	-0.073618	2.182558
416.415211	1209.186919	9.268839	-0.073712	2.184091
416.940728	1211.443319	9.273843	-0.073806	2.185587
417.440342	1213.701160	9.278848	-0.073896	2.187077
418.099034	1215.906760	9.283853	-0.074014	2.188570
418.438876	1218.233273	9.288858	-0.074075	2.190064
418.990135	1220.447054	9.293863	-0.074174	2.191536
419.484975	1222.708389	9.298867	-0.074263	2.193023
420.057066	1224.998794	9.303872	-0.074366	2.194544
420.740930	1227.039178	9.308877	-0.074488	2.195937
421.172209	1229.229285	9.313882	-0.074566	2.197363
421.487866	1231.556224	9.318887	-0.074623	2.198847
422.061261	1233.736543	9.323891	-0.074726	2.200297
422.300576	1236.060817	9.328896	-0.074769	2.201760
422.935863	1238.320861	9.333901	-0.074883	2.203270
423.275972	1240.694902	9.338906	-0.074944	2.204783
423.743199	1242.985147	9.343911	-0.075028	2.206273
424.343410	1245.261930	9.348915	-0.075136	2.207782
424.931849	1247.529266	9.353920	-0.075241	2.209282
425.379058	1249.787006	9.358925	-0.075321	2.210744
425.852222	1252.087424	9.363930	-0.075406	2.212237
426.447931	1254.330419	9.368935	-0.075513	2.213720
427.007502	1256.549642	9.373939	-0.075614	2.215181
427.522627	1258.694119	9.378944	-0.075706	2.216586
428.113354	1260.926588	9.383949	-0.075812	2.218059
428.720613	1263.068365	9.388954	-0.075921	2.219480
429.257574	1265.180573	9.393959	-0.076018	2.220867
429.656283	1267.350560	9.398963	-0.076089	2.222258
430.253191	1269.517129	9.403968	-0.076196	2.223690
430.689273	1271.662332	9.408973	-0.076275	2.225072
431.148945	1273.798138	9.413978	-0.076357	2.226453
431.597473	1276.002492	9.418983	-0.076438	2.227872
432.183405	1278.190512	9.423987	-0.076543	2.229310
432.586664	1280.327275	9.428992	-0.076615	2.230676
433.116374	1282.554690	9.433997	-0.076710	2.232124
433.477629	1284.790051	9.439002	-0.076775	2.233538
434.156002	1286.924624	9.444007	-0.076897	2.234960
434.757250	1288.967333	9.449011	-0.077005	2.236310
435.354796	1291.039762	9.454016	-0.077112	2.237676
435.927327	1293.128976	9.459021	-0.077215	2.239045
436.451966	1295.161251	9.464026	-0.077309	2.240370
436.883399	1297.246644	9.469031	-0.077386	2.241705
437.414804	1299.310963	9.474035	-0.077482	2.243048
437.978420	1301.399183	9.479040	-0.077583	2.244412
438.484667	1303.335198	9.484045	-0.077674	2.245671
438.905282	1305.450505	9.489050	-0.077749	2.247019
439.324172	1307.537606	9.494055	-0.077825	2.248348
439.802163	1309.680785	9.499059	-0.077910	2.249723
440.212220	1311.765702	9.504064	-0.077984	2.251047
440.758408	1313.900867	9.509069	-0.078082	2.252430
441.188217	1316.048658	9.514074	-0.078159	2.253794
441.717762	1318.159559	9.519079	-0.078254	2.255157
442.170788	1320.286567	9.524083	-0.078336	2.256512
442.782942	1322.368473	9.529088	-0.078445	2.257874
443.017436	1324.569447	9.534093	-0.078488	2.259225
443.215312	1326.847139	9.539098	-0.078523	2.260612
443.700488	1329.163530	9.544103	-0.078611	2.262082
444.150345	1331.456733	9.549107	-0.078691	2.263531
444.550427	1333.808694	9.554112	-0.078763	2.265002
445.106094	1336.073170	9.559117	-0.078863	2.266454
445.516349	1338.421618	9.564122	-0.078937	2.267924
445.928039	1340.823243	9.569127	-0.079011	2.269424
446.425887	1343.149649	9.574131	-0.079100	2.270897
446.875231	1345.551543	9.579136	-0.079181	2.272403
447.571248	1347.837993	9.584141	-0.079306	2.273892
447.937371	1350.129887	9.589146	-0.079372	2.275315
448.522268	1352.472753	9.594151	-0.079477	2.276812
448.894760	1354.858572	9.599155	-0.079544	2.278288
449.431600	1357.183522	9.604160	-0.079640	2.279763
449.975040	1359.503793	9.609165	-0.079737	2.281235
450.412170	1361.865032	9.614170	-0.079816	2.282708
450.864911	1364.283260	9.619175	-0.079897	2.284216
451.382135	1366.545869	9.624179	-0.079990	2.285646
451.715099	1369.000396	9.629184	-0.080050	2.287149
452.226824	1371.445736	9.634189	-0.080142	2.288682
452.473518	1373.977886	9.639194	-0.080186	2.290210
452.989604	1376.464168	9.644199	-0.080279	2.291766
453.471653	1378.963746	9.649203	-0.080366	2.293322
453.978828	1381.404642	9.654208	-0.080457	2.294847
454.311169	1383.968910	9.659213	-0.080517	2.296407
454.891374	1386.470596	9.664218	-0.080621	2.297981
455.165552	1389.121099	9.669223	-0.080670	2.299577
455.610513	1391.707193	9.674227	-0.080750	2.301170
456.031435	1394.358555	9.679232	-0.080826	2.302794
456.637240	1396.940562	9.684237	-0.080935	2.304416
456.986532	1399.556120	9.689242	-0.080997	2.306002
457.480605	1402.251055	9.694247	-0.081086	2.307663
457.945704	1404.893397	9.699251	-0.081170	2.309287
458.199205	1407.634383	9.704256	-0.081216	2.310922
458.646343	1410.460940	9.709261	-0.081296	2.312646
459.061228	1413.205757	9.714266	-0.081371	2.314315
459.570241	1415.981893	9.719271	-0.081462	2.316020
459.923661	1418.815423	9.724275	-0.081526	2.317724
460.364112	1421.690330	9.729280	-0.081605	2.319469
460.883542	1424.541236	9.734285	-0.081698	2.321216
461.404665	1427.349872	9.739290	-0.081792	2.322936
461.857203	1430.213072	9.744295	-0.081873	2.324673
462.362144	1433.001073	9.749299	-0.081964	2.326376
462.721629	1435.973521	9.754304	-0.082029	2.328154
463.215219	1438.852221	9.759309	-0.082117	2.329904
463.682141	1441.732997	9.764314	-0.082201	2.331648
463.849171	1444.880237	9.769319	-0.082231	2.333483
464.468730	1447.757215	9.774323	-0.082343	2.335253
464.758596	1450.859630	9.779328	-0.082395	2.337084
465.388365	1453.874482	9.784333	-0.082508	2.338933
465.966467	1456.770469	9.789338	-0.082612	2.340701
466.608520	1459.686645	9.794343	-0.082727	2.342493
467.076223	1462.621433	9.799347	-0.082811	2.344259
467.326012	1465.640186	9.804352	-0.082856	2.346027
467.948436	1468.631767	9.809357	-0.082968	2.347853
468.342088	1471.638755	9.814362	-0.083039	2.349641
468.779333	1474.692654	9.819367	-0.083118	2.351462
469.226304	1477.796870	9.824371	-0.083198	2.353313
469.790654	1480.707294	9.829376	-0.083299	2.355076
470.258090	1483.788427	9.834381	-0.083383	2.356914
470.708695	1486.842277	9.839386	-0.083464	2.358733
471.262895	1489.839977	9.844391	-0.083564	2.360539
471.706053	1492.937791	9.849395	-0.083644	2.362378
472.196372	1495.971074	9.854400	-0.083732	2.364188
472.720823	1499.009982	9.859405	-0.083826	2.366007
473.196712	1502.090897	9.864410	-0.083912	2.367839
473.721821	1505.125841	9.869415	-0.084006	2.369653
474.246332	1508.157999	9.874419	-0.084100	2.371464
474.827662	1511.193618	9.879424	-0.084205	2.373287
475.319310	1514.120525	9.884429	-0.084293	2.375029
475.761727	1517.186064	9.889434	-0.084373	2.376838
476.246580	1520.236550	9.894439	-0.084460	2.378646
476.768470	1523.195613	9.899443	-0.084554	2.380408
477.401798	1526.189465	9.904448	-0.084667	2.382211
477.798092	1529.239848	9.909453	-0.084739	2.383996
478.280076	1532.183249	9.914458	-0.084825	2.385738
478.815975	1535.228927	9.919463	-0.084922	2.387546
479.372763	1538.189743	9.924467	-0.085022	2.389310
480.083117	1541.067737	9.929472	-0.085149	2.391056
480.655227	1543.953445	9.934477	-0.085252	2.392778
481.070141	1546.813094	9.939482	-0.085326	2.394453
481.615258	1549.699455	9.944487	-0.085424	2.396167
482.193280	1552.553148	9.949491	-0.085528	2.397869
482.653850	1555.238344	9.954496	-0.085611	2.399452

483.169852	1557.805510	9.959501	-0.085704	2.400980
483.553271	1560.241442	9.964506	-0.085773	2.402408
483.952542	1562.544736	9.969511	-0.085844	2.403765
484.640824	1564.467003	9.974515	-0.085968	2.404966
484.981567	1566.404133	9.979520	-0.086029	2.406106
485.589020	1568.111490	9.984525	-0.086138	2.407171
485.996436	1569.685566	9.989530	-0.086211	2.408123
486.088756	1571.276221	9.994535	-0.086228	2.409022
486.512153	1572.612404	9.999539	-0.086304	2.409844
486.831212	1573.897129	10.004544	-0.086361	2.410617
487.325604	1575.007101	10.009549	-0.086450	2.411328
487.482263	1576.063816	10.014554	-0.086478	2.411943
487.857179	1577.013418	10.019559	-0.086545	2.412541
488.202154	1577.812289	10.024563	-0.086607	2.413050
488.628510	1578.503188	10.029568	-0.086683	2.413515
488.967789	1579.024670	10.034573	-0.086744	2.413869
489.342191	1579.307143	10.039578	-0.086811	2.414098
489.516953	1579.666181	10.044583	-0.086843	2.414331
489.855522	1579.954913	10.049587	-0.086903	2.414556
489.973909	1580.065092	10.054592	-0.086924	2.414640
490.223912	1579.974943	10.059597	-0.086969	2.414639
490.421040	1580.322224	10.064602	-0.087004	2.414869
490.551353	1580.454225	10.069607	-0.087028	2.414968
490.911568	1580.047732	10.074611	-0.087092	2.414814
490.975248	1579.707350	10.079616	-0.087104	2.414638
491.335317	1579.585923	10.084621	-0.087168	2.414642
491.414845	1579.196702	10.089626	-0.087182	2.414442
491.408625	1578.998395	10.094631	-0.087181	2.414332
491.627198	1578.468756	10.099635	-0.087220	2.414082
491.742203	1578.112012	10.104640	-0.087241	2.413907
491.847826	1577.760020	10.109645	-0.087260	2.413734
491.990954	1577.114446	10.114650	-0.087285	2.413405
492.115482	1576.553230	10.119655	-0.087308	2.413119
492.151840	1575.980305	10.124659	-0.087314	2.412810
492.321781	1575.358518	10.129664	-0.087344	2.412500
492.513610	1574.550551	10.134669	-0.087379	2.412091
492.320503	1573.971747	10.139674	-0.087344	2.411733
492.428832	1573.337260	10.144679	-0.087363	2.411403
492.464168	1572.666840	10.149683	-0.087370	2.411040
492.485886	1571.975647	10.154688	-0.087374	2.410662
492.818511	1571.097256	10.159693	-0.087433	2.410241
492.762530	1570.314970	10.164698	-0.087423	2.409797
492.664759	1569.638180	10.169703	-0.087405	2.409404
492.798778	1568.761317	10.174707	-0.087429	2.408945
492.943330	1568.029226	10.179712	-0.087455	2.408568
492.908585	1567.135090	10.184717	-0.087449	2.408066
493.083406	1566.241135	10.189722	-0.087480	2.407606
493.061128	1565.300105	10.194727	-0.087476	2.407080
493.212508	1564.396177	10.199731	-0.087503	2.406609
493.224822	1563.427517	10.204736	-0.087505	2.406075
493.212154	1562.469321	10.209741	-0.087503	2.405542
493.163437	1561.593378	10.214746	-0.087494	2.405047
493.210122	1560.601352	10.219751	-0.087502	2.404506
493.288616	1559.664436	10.224755	-0.087516	2.404002
493.225798	1558.834023	10.229760	-0.087505	2.403529
493.292866	1557.860154	10.234765	-0.087517	2.403002
493.354872	1556.794322	10.239770	-0.087528	2.402423
493.267794	1555.876591	10.244775	-0.087512	2.401897
493.312156	1554.932491	10.249779	-0.087520	2.401381
493.416751	1553.866332	10.254784	-0.087538	2.400810
493.129785	1552.990806	10.259789	-0.087487	2.400268
493.135823	1552.108681	10.264794	-0.087488	2.399779
493.173281	1551.132165	10.269799	-0.087495	2.399244
493.190283	1550.322370	10.274803	-0.087498	2.398797
493.279117	1549.337312	10.279808	-0.087513	2.398267
493.249783	1548.349683	10.284813	-0.087508	2.397712
493.328710	1547.338245	10.289818	-0.087522	2.397166
493.267909	1546.430981	10.294823	-0.087511	2.396649
493.465897	1545.393497	10.299827	-0.087547	2.396111
493.306563	1544.400939	10.304832	-0.087518	2.395527
493.228354	1543.511142	10.309837	-0.087504	2.395017
493.357071	1542.496331	10.314842	-0.087527	2.394477
493.438724	1541.564852	10.319847	-0.087541	2.393975
493.433184	1540.550118	10.324851	-0.087540	2.393409
493.345768	1539.569694	10.329856	-0.087525	2.392845
493.329603	1538.620838	10.334861	-0.087522	2.392313
493.452285	1537.580677	10.339866	-0.087543	2.391758
493.393008	1536.600219	10.344871	-0.087533	2.391200
493.378589	1535.571898	10.349875	-0.087530	2.390624
493.354533	1534.600140	10.354880	-0.087526	2.390077
493.413962	1533.632576	10.359885	-0.087536	2.389549
493.347624	1532.688284	10.364890	-0.087524	2.389009
493.461373	1531.633631	10.369895	-0.087544	2.388443
493.498934	1530.588902	10.374899	-0.087551	2.387867
493.430121	1529.598090	10.379904	-0.087539	2.387300
493.224084	1528.717413	10.384909	-0.087502	2.386768
493.318786	1527.683593	10.389914	-0.087519	2.386209
493.373648	1526.696824	10.394919	-0.087528	2.385669
493.326464	1525.734193	10.399923	-0.087520	2.385121
493.300136	1524.814649	10.404928	-0.087515	2.384602
493.319965	1523.861340	10.409933	-0.087519	2.384073
493.311196	1522.940997	10.414938	-0.087517	2.383557
493.392949	1521.944636	10.419943	-0.087531	2.383016
493.428787	1520.946656	10.424947	-0.087538	2.382465
493.348122	1519.904074	10.429952	-0.087523	2.381865
493.264635	1518.997449	10.434957	-0.087508	2.381341
493.214247	1518.094059	10.439962	-0.087499	2.380825
493.258632	1517.116526	10.444967	-0.087507	2.380287
493.293104	1516.123223	10.449971	-0.087513	2.379737
493.296212	1515.219011	10.454976	-0.087513	2.379232
493.257702	1514.407206	10.459981	-0.087507	2.378769
493.328989	1513.326540	10.464986	-0.087519	2.378178
493.284341	1512.401459	10.469991	-0.087511	2.377650
493.281315	1511.457352	10.474995	-0.087510	2.377120
493.260498	1510.532855	10.480000	-0.087507	2.376597
493.270989	1509.520929	10.485005	-0.087508	2.376032
493.200238	1508.649092	10.490010	-0.087496	2.375529
493.204463	1507.706869	10.495015	-0.087496	2.375001
493.136249	1506.795598	10.500019	-0.087484	2.374476
493.246182	1505.971904	10.505024	-0.087504	2.374035
493.039244	1505.132269	10.510029	-0.087467	2.373522
492.865322	1504.333625	10.515034	-0.087435	2.373039
492.714273	1503.579542	10.520039	-0.087408	2.372585
492.716362	1502.884243	10.525043	-0.087409	2.372195
492.764697	1502.029594	10.530048	-0.087417	2.371724
492.668611	1501.360835	10.535053	-0.087400	2.371329
492.658638	1500.680463	10.540058	-0.087398	2.370945
492.622021	1499.890873	10.545063	-0.087392	2.370493
492.742502	1499.111913	10.550067	-0.087413	2.370080
492.785563	1498.391126	10.555072	-0.087421	2.369683
492.617699	1497.663885	10.560077	-0.087391	2.369240
492.660887	1496.994341	10.565082	-0.087398	2.368872
492.746224	1496.253056	10.570087	-0.087414	2.368472
492.624049	1495.460624	10.575091	-0.087392	2.368001
492.575683	1494.784611	10.580096	-0.087383	2.367611
492.540712	1494.136381	10.585101	-0.087377	2.367239
492.547059	1493.434206	10.590106	-0.087378	2.366845
492.652436	1492.654252	10.595111	-0.087396	2.366427
492.516145	1492.006375	10.600115	-0.087372	2.366034
492.667024	1491.272259	10.605120	-0.087399	2.365651
492.733365	1490.479693	10.610125	-0.087411	2.365218
492.670700	1489.743128	10.615130	-0.087400	2.364790
492.639888	1489.074275	10.620135	-0.087394	2.364407
492.579022	1488.493457	10.625139	-0.087383	2.364067
492.679134	1487.678594	10.630144	-0.087401	2.363628
492.588376	1487.031959	10.635149	-0.087385	2.363245
492.584075	1486.349969	10.640154	-0.087384	2.362859
492.414289	1485.643161	10.645159	-0.087353	2.362426
492.498592	1484.976622	10.650163	-0.087368	2.362067
492.597914	1484.276626	10.655168	-0.087386	2.361692
492.530610	1483.622762	10.660173	-0.087374	2.361309
492.489950	1482.922759	10.665178	-0.087367	2.360906
492.607363	1482.164681	10.670183	-0.087388	2.360502
492.657720	1481.458503	10.675187	-0.087397	2.360113
492.587808	1480.791380	10.680192	-0.087384	2.359722
492.478098	1480.109533	10.685197	-0.087364	2.359315
492.430356	1479.553531	10.690202	-0.087356	2.358991
492.423517	1478.915383	10.695207	-0.087355	2.358629
492.407746	1478.260631	10.700211	-0.087352	2.358256
492.410867	1477.648402	10.705216	-0.087352	2.357910
492.413082	1477.008152	10.710221	-0.087353	2.357549
492.392917	1476.319938	10.715226	-0.087349	2.357156
492.432222	1475.666685	10.720231	-0.087356	2.356794
492.261704	1475.147573	10.725235	-0.087325	2.356466
492.386763	1474.451830	10.730240	-0.087348	2.356098
492.395734	1473.817664	10.735245	-0.087349	2.355741
492.062879	1473.372635	10.740250	-0.087290	2.355422
492.334654	1472.716475	10.745255	-0.087338	2.355105
492.300356	1472.120322	10.750259	-0.087332	2.354761
492.363206	1471.484416	10.755264	-0.087343	2.354414
492.294663	1471.041774	10.760269	-0.087331	2.354149
492.224483	1470.445698	10.765274	-0.087318	2.353797
492.328683	1469.788973	10.770279	-0.087337	2.353447
492.319872	1469.163506	10.775283	-0.087335	2.353091
492.453574	1468.505542	10.780288	-0.087359	2.352745
492.229232	1467.989005	10.785293	-0.087319	2.352407
492.208339	1467.405854	10.790298	-0.087315	2.352072
492.331865	1466.796387	10.795303	-0.087337	2.351752
492.169331	1466.244873	10.800307	-0.087308	2.351406
492.173604	1465.702560	10.805312	-0.087309	2.351100
491.905040	1465.258097	10.810317	-0.087261	2.350793
492.067455	1464.715992	10.815322	-0.087290	2.350519
492.219580	1464.148711	10.820327	-0.087317	2.350228
492.017920	1463.636589	10.825331	-0.087281	2.349897
492.131317	1463.083793	10.830336	-0.087301	2.349606
492.277775	1462.510747	10.835341	-0.087327	2.349310
492.244941	1462.004420	10.840346	-0.087321	2.349016
492.258530	1461.396081	10.845351	-0.087324	2.348674
492.263767	1460.800156	10.850355	-0.087325	2.348337
492.140709	1460.255824	10.855360	-0.087303	2.348003
492.116680	1459.713113	10.860365	-0.087298	2.347690
491.895440	1459.283112	10.865370	-0.087259	2.347401
491.996195	1458.794996	10.870375	-0.087277	2.347144
491.919515	1458.370739	10.875379	-0.087263	2.346888
491.928723	1457.943936	10.880384	-0.087265	2.346647
492.060220	1457.320267	10.885389	-0.087288	2.346320
491.977276	1456.807202	10.890394	-0.087273	2.346011
491.982261	1456.337291	10.895399	-0.087274	2.345745
492.214933	1455.765094	10.900403	-0.087316	2.345467
492.227484	1455.159683	10.905408	-0.087318	2.345126
492.115628	1454.661874	10.910413	-0.087298	2.344820
492.032629	1454.148631	10.915418	-0.087283	2.344511
492.104560	1453.706748	10.920423	-0.087296	2.344275
491.921488	1453.281473	10.925427	-0.087263	2.343996
491.955490	1452.802987	10.930432	-0.087269	2.343731
491.954583	1452.337828	10.935437	-0.087269	2.343466
491.866998	1451.909949	10.940442	-0.087253	2.343205
491.910771	1451.418258	10.945447	-0.087261	2.342934
491.915088	1450.890224	10.950451	-0.087262	2.342634
491.937633	1450.418836	10.955456	-0.087266	2.342371
491.765471	1450.067422	10.960461	-0.087235	2.342136
491.655266	1449.780328	10.965466	-0.087215	2.341950
491.928764	1449.234903	10.970471	-0.087264	2.341695
491.854111	1448.717775	10.975475	-0.087251	2.341385
491.851760	1448.289783	10.980480	-0.087250	2.341141
491.664419	1447.965391	10.985485	-0.087217	2.340919
491.661951	1447.626877	10.990490	-0.087216	2.340725
491.959834	1447.066667	10.995495	-0.087270	2.340467
491.828641	1446.614941	11.000499	-0.087246	2.340183
491.788363	1446.225362	11.005504	-0.087239	2.339953
491.940362	1445.761183	11.010509	-0.087266	2.339719
491.891814	1445.344777	11.015514	-0.087257	2.339472
491.925349	1444.909532	11.020519	-0.087263	2.339231
491.983760	1444.384386	11.025523	-0.087274	2.338944
491.964212	1443.905196	11.030528	-0.087270	2.338667
491.968914	1443.450815	11.035533	-0.087271	2.338409
491.806902	1443.010539	11.040538	-0.087242	2.338125
491.544489	1442.817223	11.045543	-0.087195	2.337961
491.677574	1442.262414	11.050547	-0.087219	2.337672
491.642479	1441.946417	11.055552	-0.087213	2.337484
491.641920	1441.684350	11.060557	-0.087213	2.337335
491.632288	1441.141211	11.065562	-0.087211	2.337023
491.529422	1440.965244	11.070567	-0.087192	2.336902
491.599163	1440.613028	11.075571	-0.087205	2.336715
491.663236	1440.100353	11.080576	-0.087216	2.336436
491.721831	1439.778167	11.085581	-0.087227	2.336264
491.756521	1439.407368	11.090586	-0.087233	2.336059
491.775290	1438.878454	11.095591	-0.087236	2.335761
491.798936	1438.470653	11.100595	-0.087241	2.335533
491.652202	1438.172942	11.105600	-0.087214	2.335334
491.680672	1437.807787	11.110605	-0.087219	2.335131
491.679069	1437.323810	11.115610	-0.087219	2.334854
491.782024	1436.965208	11.120615	-0.087237	2.334671
491.833640	1436.564278	11.125619	-0.087247	2.334452
491.755169	1436.281992	11.130624	-0.087233	2.334275
491.699924	1435.774168	11.135629	-0.087223	2.333974
491.557921	1435.572842	11.140634	-0.087197	2.333830
491.618668	1435.215242	11.145639	-0.087208	2.333638
491.686900	1434.681773	11.150643	-0.087220	2.333347
491.579079	1434.418044	11.155648	-0.087201	2.333175
491.735954	1434.075649	11.160653	-0.087229	2.333011
491.525836	1433.571530	11.165658	-0.087192	2.332680
491.462874	1433.414501	11.170663	-0.087180	2.332578
491.603276	1433.001317	11.175667	-0.087205	2.332370
491.711263	1432.543215	11.180672	-0.087225	2.332130
491.805189	1432.151885	11.185677	-0.087241	2.331926
491.773915	1431.831790	11.190682	-0.087236	2.331736
491.791983	1431.290986	11.195687	-0.087239	2.331431
491.730072	1430.878997	11.200691	-0.087228	2.331183
491.621385	1430.605223	11.205696	-0.087209	2.331004
491.557346	1430.271858	11.210701	-0.087197	2.330800
491.326259	1429.965182	11.215706	-0.087156	2.330578
491.420039	1429.781796	11.220711	-0.087173	2.330492
491.531864	1429.294550	11.225715	-0.087192	2.330236
491.574149	1429.057278	11.230720	-0.087200	2.330109
491.508744	1428.651973	11.235725	-0.087188	2.329864
491.341157	1428.463533	11.240730	-0.087158	2.329722
491.446502	1428.119494	11.245735	-0.087177	2.329547
491.524085	1427.859310	11.250739	-0.087191	2.329414
491.513465	1427.636655	11.255744	-0.087189	2.329284
491.417823	1427.189131	11.260749	-0.087172	2.329008
491.308760	1427.142130	11.265754	-0.087153	2.328959
491.373513	1426.669538	11.270759	-0.087164	2.328702
491.359974	1426.566330	11.275763	-0.087162	2.328640
491.281398	1426.122114	11.280768	-0.087148	2.328370
491.428739	1426.001508	11.285773	-0.087174	2.328331
491.284637	1425.606396	11.290778	-0.087148	2.328075
491.404019	1425.462804	11.295783	-0.087170	2.328017
491.433842	1425.034763	11.300787	-0.087175	2.327778
491.369675	1424.884278	11.305792	-0.087163	2.327679
491.462674	1424.415461	11.310797	-0.087180	2.327430
491.409147	1424.334506	11.315802	-0.087171	2.327372
491.493972	1423.778201	11.320807	-0.087186	2.327071
491.414720	1423.678120	11.325811	-0.087172	2.326998
491.502843	1423.240593	11.330816	-0.087187	2.326765
491.507476	1423.041078	11.335821	-0.087188	2.326652
491.706796	1422.593284	11.340826	-0.087224	2.326436
491.552106	1422.133418	11.345831	-0.087196	2.326141
491.592976	1421.892405	11.350835	-0.087203	2.326011
491.453438	1421.598514	11.355840	-0.087178	2.325814
491.473617	1421.236670	11.360845	-0.087182	2.325611
491.471430	1421.040507	11.365850	-0.087182	2.325498
491.463435	1420.572796	11.370855	-0.087180	2.325228
491.441833	1420.457932	11.375859	-0.087176	2.325158
491.281077	1420.016046	11.380864	-0.087148	2.324872
491.427598	1419.975300	11.385869	-0.087174	2.324878
491.235202	1419.472660	11.390874	-0.087139	2.324551
491.358319	1419.446265	11.395879	-0.087161	2.324561
491.403773	1419.046455	11.400883	-0.087170	2.324341
491.338139	1419.043995	11.405888	-0.087158	2.324326
491.423111	1418.512534	11.410893	-0.087173	2.324039
491.235599	1418.511203	11.415898	-0.087139	2.324000
491.297940	1418.057559	11.420903	-0.087151	2.323752
491.153887	1417.981387	11.425907	-0.087125	2.323679
491.172162	1417.845818	11.430912	-0.087128	2.323605
491.367261	1417.351579	11.435917	-0.087163	2.323361
491.298223	1417.305735	11.440922	-0.087151	2.323321
491.363862	1416.814314	11.445927	-0.087162	2.323052
491.319210	1416.831842	11.450931	-0.087154	2.323053
491.298959	1416.266750	11.455936	-0.087151	2.322725
491.382483	1416.245515	11.460941	-0.087166	2.322730
491.364977	1415.731187	11.465946	-0.087163	2.322431
491.373680	1415.715495	11.470951	-0.087164	2.322424
491.306266	1415.218269	11.475955	-0.087152	2.322125
491.165538	1415.222574	11.480960	-0.087127	2.322098
491.340676	1414.888800	11.485965	-0.087158	2.321943
491.220100	1414.694781	11.490970	-0.087137	2.321807
491.428876	1414.371843	11.495975	-0.087174	2.321664
491.318283	1414.094094	11.500979	-0.087154	2.321482
491.201331	1413.942317	11.505984	-0.087133	2.321371
491.422221	1413.529747	11.510989	-0.087173	2.321179
491.321233	1413.397291	11.515994	-0.087155	2.321082
491.315537	1412.995689	11.520999	-0.087154	2.320851
491.345599	1412.926984	11.526003	-0.087159	2.320817
491.286557	1412.465983	11.531008	-0.087149	2.320541
491.322406	1412.465045	11.536013	-0.087155	2.320547
491.074025	1412.013145	11.541018	-0.087111	2.320237
491.095071	1411.969957	11.546023	-0.087114	2.320216
491.052107	1411.989601	11.551027	-0.087107	2.320219
490.973171	1411.593706	11.556032	-0.087093	2.319975
491.270655	1411.370145	11.561037	-0.087146	2.319908
491.154176	1411.399517	11.566042	-0.087125	2.319901
490.924861	1410.975721	11.571047	-0.087084	2.319610
491.129986	1410.883260	11.576051	-0.087121	2.319599
491.183355	1410.860024	11.581056	-0.087130	2.319597
491.186454	1410.513110	11.586061	-0.087131	2.319398
491.223079	1410.417379	11.591066	-0.087137	2.319351
491.094434	1410.375612	11.596071	-0.087114	2.319300
491.111376	1409.886121	11.601075	-0.087117	2.319022
491.233090	1409.838706	11.606080	-0.087139	2.319020
491.388349	1409.468394	11.611085	-0.087167	2.318839
491.241972	1409.284480	11.616090	-0.087141	2.318704
491.170000	1409.145907	11.621095	-0.087128	2.318609
491.351861	1408.710752	11.626099	-0.087161	2.318396
491.276808	1408.687585	11.631104	-0.087147	2.318368
491.327252	1408.169741	11.636109	-0.087156	2.318080
491.261438	1408.191861	11.641114	-0.087144	2.318079
491.425565	1407.617935	11.646119	-0.087174	2.317783
491.168656	1407.662565	11.651123	-0.087128	2.317756
491.267496	1407.262673	11.656128	-0.087145	2.317546
491.303144	1407.081335	11.661133	-0.087152	2.317449
491.126539	1406.921955	11.666138	-0.087120	2.317321
491.058945	1406.604476	11.671143	-0.087108	2.317125
491.233951	1406.536627	11.676147	-0.087140	2.317122
491.328179	1406.181346	11.681152	-0.087156	2.316937
491.106319	1406.092198	11.686157	-0.087117	2.316840
490.813323	1406.195347	11.691162	-0.087064	2.316839
490.948047	1406.026349	11.696167	-0.087088	2.316770
490.945319	1405.591078	11.701171	-0.087088	2.316519
490.914538	1405.578424	11.706176	-0.087082	2.316505
491.180354	1405.490825	11.711181	-0.087130	2.316509
491.177409	1405.131345	11.716186	-0.087130	2.316302
491.199316	1404.948504	11.721191	-0.087133	2.316201
491.487468	1404.657914	11.726195	-0.087185	2.316093
491.267992	1404.356194	11.731200	-0.087146	2.315875
491.261800	1404.273737	11.736205	-0.087145	2.315826
491.076021	1403.898459	11.741210	-0.087111	2.315572
491.105594	1403.905157	11.746215	-0.087117	2.315582
491.027305	1403.907891	11.751219	-0.087103	2.315567
490.962796	1403.390314	11.756224	-0.087091	2.315256
491.233912	1403.287244	11.761229	-0.087140	2.315252
491.080023	1403.318125	11.766234	-0.087112	2.315238
491.052304	1402.827302	11.771239	-0.087107	2.314950
490.969312	1402.850160	11.776243	-0.087092	2.314946
490.977965	1402.826934	11.781248	-0.087094	2.314935
491.108903	1402.612760	11.786253	-0.087117	2.314838
490.978477	1402.310825	11.791258	-0.087094	2.314638
491.101718	1402.264474	11.796263	-0.087116	2.314636
490.956438	1402.305293	11.801267	-0.087090	2.314630
490.950320	1401.960794	11.806272	-0.087089	2.314430
490.924835	1401.940037	11.811277	-0.087085	2.314413
490.854448	1401.951341	11.816282	-0.087072	2.314405
491.013292	1401.913111	11.821287	-0.087100	2.314416
491.031362	1401.601715	11.826291	-0.087104	2.314240
491.026137	1401.305996	11.831296	-0.087103	2.314069
490.969083	1401.356154	11.836301	-0.087093	2.314086
491.003367	1401.331889	11.841306	-0.087099	2.314079
490.969147	1400.857463	11.846311	-0.087093	2.313799
491.028345	1400.765492	11.851315	-0.087103	2.313758
490.954399	1400.797310	11.856320	-0.087090	2.313761
491.104064	1400.627983	11.861325	-0.087117	2.313695
491.048921	1400.206906	11.866330	-0.087107	2.313441
491.119026	1400.192032	11.871335	-0.087120	2.313447
491.194894	1399.968146	11.876339	-0.087133	2.313333
491.133966	1399.630732	11.881344	-0.087122	2.313126
491.116681	1399.658788	11.886349	-0.087119	2.313139
491.007406	1399.446232	11.891354	-0.087100	2.312994
491.052095	1399.124680	11.896359	-0.087108	2.312818
491.113325	1399.090772	11.901363	-0.087119	2.312811
490.880716	1399.165314	11.906368	-0.087077	2.312806
491.061831	1398.784383	11.911373	-0.087109	2.312624
491.015206	1398.581135	11.916378	-0.087101	2.312497
490.870187	1398.638401	11.921383	-0.087075	2.312500
490.992332	1398.599743	11.926387	-0.087097	2.312503
491.033527	1398.128701	11.931392	-0.087104	2.312240
491.090296	1398.000552	11.936397	-0.087115	2.312178
491.133849	1397.977848	11.941402	-0.087122	2.312174
491.141447	1397.592260	11.946407	-0.087124	2.311953
491.030487	1397.528240	11.951411	-0.087104	2.311893
491.103006	1397.491646	11.956416	-0.087117	2.311887
491.140195	1397.133946	11.961421	-0.087124	2.311689
491.057691	1396.927666	11.966426	-0.087109	2.311553
491.115244	1396.926475	11.971431	-0.087119	2.311564
491.144327	1396.541413	11.976435	-0.087124	2.311348
490.945160	1396.441082	11.981440	-0.087089	2.311249
490.992736	1396.435341	11.986445	-0.087097	2.311256
491.052582	1396.273930	11.991450	-0.087108	2.311175
491.005503	1395.862899	11.996455	-0.087100	2.310928
490.988880	1395.880687	12.001459	-0.087097	2.310935
490.719509	1395.965984	12.006464	-0.087048	2.310928
490.850217	1395.925331	12.011469	-0.087072	2.310932
490.744967	1395.960244	12.016474	-0.087053	2.310931
490.674916	1395.959283	12.021479	-0.087041	2.310916
490.837280	1395.410262	12.026483	-0.087070	2.310632
490.745013	1395.438904	12.031488	-0.087053	2.310630
490.929566	1395.366250	12.036493	-0.087086	2.310626
490.852136	1395.389038	12.041498	-0.087072	2.310623
490.759203	1395.435505	12.046503	-0.087056	2.310631
490.708053	1395.464574	12.051507	-0.087047	2.310637
490.645418	1395.462313	12.056512	-0.087036	2.310623
490.742481	1395.263534	12.061517	-0.087053	2.310528
490.752974	1394.872586	12.066522	-0.087055	2.310305
490.828858	1394.858865	12.071527	-0.087068	2.310313
491.045424	1394.781508	12.076531	-0.087107	2.310313
490.753199	1394.874458	12.081536	-0.087055	2.310306
490.893996	1394.832350	12.086541	-0.087080	2.310311
490.800455	1394.577965	12.091546	-0.087063	2.310145
490.724562	1394.353254	12.096551	-0.087050	2.310000
490.824301	1394.304209	12.101555	-0.087068	2.309992
490.581051	1394.390174	12.106560	-0.087024	2.309991
490.720261	1394.355664	12.111565	-0.087049	2.310000
490.739539	1394.344632	12.116570	-0.087053	2.309998
490.616558	1394.391852	12.121575	-0.087031	2.310000
490.939986	1394.265130	12.126579	-0.087089	2.309994
490.901059	1394.282516	12.131584	-0.087082	2.309996
490.750810	1393.866469	12.136589	-0.087055	2.309724
490.870005	1393.756369	12.141594	-0.087076	2.309686
490.774561	1393.806167	12.146599	-0.087059	2.309695
490.766351	1393.801194	12.151603	-0.087058	2.309690
490.637327	1393.835164	12.156608	-0.087035	2.309683
490.836812	1393.774735	12.161613	-0.087070	2.309690
490.894648	1393.758007	12.166618	-0.087081	2.309692
490.872137	1393.462306	12.171623	-0.087077	2.309517
490.913385	1393.304413	12.176627	-0.087084	2.309434
490.744432	1393.354850	12.181632	-0.087054	2.309428
490.721535	1393.375689	12.186637	-0.087050	2.309436
490.868130	1393.308512	12.191642	-0.087076	2.309427
491.001399	1393.269092	12.196647	-0.087100	2.309432
490.857579	1392.782453	12.201651	-0.087074	2.309121
490.754432	1392.773905	12.206656	-0.087056	2.309095
490.844996	1392.744911	12.211661	-0.087072	2.309097
490.895589	1392.715094	12.216666	-0.087081	2.309090
490.668851	1392.815973	12.221671	-0.087041	2.309102
490.836435	1392.756418	12.226675	-0.087071	2.309102
490.695030	1392.793477	12.231680	-0.087045	2.309094
490.633913	1392.570892	12.236685	-0.087034	2.308953
490.696304	1392.357339	12.241690	-0.087046	2.308843
490.645069	1392.274785	12.246695	-0.087036	2.308785
490.882908	1392.188982	12.251699	-0.087079	2.308784
490.829314	1392.204594	12.256704	-0.087069	2.308782
490.730275	1392.247567	12.261709	-0.087052	2.308787
490.793132	1392.225523	12.266714	-0.087063	2.308787
490.975711	1392.167894	12.271719	-0.087096	2.308791
491.191068	1391.636003	12.276723	-0.087134	2.308529
490.973038	1391.606722	12.281728	-0.087095	2.308467
490.846558	1391.665742	12.286733	-0.087073	2.308475
490.865626	1391.643975	12.291738	-0.087076	2.308466
490.862946	1391.295657	12.296743	-0.087076	2.308265
490.952388	1391.078144	12.301747	-0.087092	2.308158
491.033846	1391.047812	12.306752	-0.087106	2.308157
491.005002	1391.073209	12.311757	-0.087101	2.308166
490.989895	1390.638317	12.316762	-0.087098	2.307911
490.779512	1390.590118	12.321767	-0.087061	2.307840
491.090234	1390.463334	12.326771	-0.087116	2.307831
491.080111	1390.464998	12.331776	-0.087115	2.307830
491.000320	1390.043885	12.336781	-0.087100	2.307570
490.922285	1389.996658	12.341786	-0.087086	2.307527
490.752834	1390.057292	12.346791	-0.087056	2.307527
490.960346	1389.982071	12.351795	-0.087093	2.307526
490.989772	1389.808809	12.356800	-0.087099	2.307432
490.893943	1389.472945	12.361805	-0.087081	2.307219
490.957909	1389.424294	12.366810	-0.087093	2.307204
490.923232	1389.447993	12.371815	-0.087087	2.307210
490.884195	1389.466501	12.376819	-0.087080	2.307213
490.945115	1389.016980	12.381824	-0.087091	2.306966
490.687736	1389.033217	12.386829	-0.087045	2.306922
490.887621	1388.946677	12.391834	-0.087080	2.306913
490.818804	1388.974773	12.396839	-0.087068	2.306915
490.646787	1389.038492	12.401843	-0.087037	2.306917
490.801982	1388.994165	12.406848	-0.087065	2.306923
490.893142	1388.970618	12.411853	-0.087082	2.306929
490.921914	1388.407078	12.416858	-0.087087	2.306609
490.816907	1388.406819	12.421863	-0.087068	2.306587
490.813055	1388.408399	12.426867	-0.087067	2.306587
490.866695	1388.388299	12.431872	-0.087077	2.306587
490.726483	1388.434414	12.436877	-0.087052	2.306584
490.727267	1388.434872	12.441882	-0.087052	2.306585
490.829536	1388.200740	12.446887	-0.087070	2.306471
490.838134	1387.865965	12.451891	-0.087072	2.306279
490.888288	1387.840633	12.456896	-0.087081	2.306275
490.762037	1387.884988	12.461901	-0.087058	2.306274
490.849669	1387.836776	12.466906	-0.087074	2.306265
490.808277	1387.870709	12.471911	-0.087067	2.306276
490.749773	1387.889441	12.476915	-0.087056	2.306275
490.832608	1387.527285	12.481920	-0.087071	2.306082
490.753970	1387.328584	12.486925	-0.087057	2.305951
490.893624	1387.282523	12.491930	-0.087082	2.305954
490.736929	1387.349939	12.496935	-0.087054	2.305960
490.752880	1387.340642	12.501939	-0.087057	2.305958
490.967377	1387.257775	12.506944	-0.087095	2.305955
490.804526	1387.082781	12.511949	-0.087066	2.305820
490.703196	1386.815836	12.516954	-0.087048	2.305644
490.651934	1386.848982	12.521959	-0.087039	2.305653
490.687414	1386.829179	12.526963	-0.087045	2.305649
490.691526	1386.827635	12.531968	-0.087046	2.305649
490.576940	1386.879422	12.536973	-0.087026	2.305655
490.646632	1386.830892	12.541978	-0.087038	2.305642
490.769363	1386.810601	12.546983	-0.087060	2.305655
490.665099	1386.840332	12.551987	-0.087041	2.305651
490.746561	1386.805132	12.556992	-0.087056	2.305648
490.727049	1386.820692	12.561997	-0.087053	2.305653
490.629444	1386.839937	12.567002	-0.087035	2.305644
490.734126	1386.819094	12.572007	-0.087054	2.305653
490.672680	1386.833212	12.577011	-0.087043	2.305649
490.813871	1386.461842	12.582016	-0.087068	2.305463
490.817765	1386.226341	12.587021	-0.087069	2.305328
490.790518	1386.229826	12.592026	-0.087064	2.305324
490.805805	1386.233725	12.597031	-0.087067	2.305330
490.624304	1386.292215	12.602035	-0.087034	2.305326
490.750994	1386.226232	12.607040	-0.087057	2.305314
490.664225	1386.269131	12.612045	-0.087042	2.305321
490.797446	1386.220512	12.617050	-0.087066	2.305321
490.676257	1386.279254	12.622055	-0.087044	2.305329
490.749369	1386.175246	12.627059	-0.087057	2.305285
490.579081	1385.794359	12.632064	-0.087026	2.305029
490.754634	1385.725171	12.637069	-0.087058	2.305025
490.769280	1385.710135	12.642074	-0.087061	2.305020
490.817196	1385.686956	12.647079	-0.087069	2.305016
490.731150	1385.709084	12.652083	-0.087054	2.305011
490.710767	1385.723335	12.657088	-0.087050	2.305015
490.707555	1385.745197	12.662093	-0.087050	2.305027
490.795194	1385.687271	12.667098	-0.087065	2.305012
490.676786	1385.745556	12.672103	-0.087044	2.305021
490.656849	1385.745883	12.677107	-0.087041	2.305017
490.656168	1385.580076	12.682112	-0.087041	2.304921
490.592978	1385.436678	12.687117	-0.087029	2.304825
490.628823	1385.207603	12.692122	-0.087036	2.304700
490.748450	1385.181932	12.697127	-0.087057	2.304710
490.697357	1385.207998	12.702131	-0.087048	2.304715
490.637815	1385.228185	12.707136	-0.087037	2.304714
490.643229	1385.236429	12.712141	-0.087038	2.304720
490.533192	1385.255553	12.717146	-0.087019	2.304709
490.527973	1385.262210	12.722151	-0.087018	2.304711
490.514254	1385.259770	12.727155	-0.087016	2.304707
490.593203	1385.230867	12.732160	-0.087030	2.304707
490.680487	1385.212739	12.737165	-0.087045	2.304714
490.646802	1385.220153	12.742170	-0.087039	2.304712
490.701584	1385.205038	12.747175	-0.087049	2.304714
490.666643	1385.215600	12.752179	-0.087043	2.304713
490.807555	1385.163682	12.757184	-0.087068	2.304713
490.714574	1385.200440	12.762189	-0.087052	2.304715
490.629397	1385.228736	12.767194	-0.087036	2.304713
490.720292	1385.194472	12.772199	-0.087053	2.304712
490.733250	1385.175455	12.777203	-0.087055	2.304704
490.919783	1384.843817	12.782208	-0.087088	2.304551
491.026702	1384.666465	12.787213	-0.087108	2.304471
490.956252	1384.688404	12.792218	-0.087095	2.304469
490.974816	1384.685998	12.797223	-0.087098	2.304471
490.675214	1384.489753	12.802227	-0.087045	2.304296
490.697574	1384.204586	12.807232	-0.087049	2.304135
490.723120	1384.199677	12.812237	-0.087053	2.304138
490.768530	1384.172810	12.817242	-0.087061	2.304132
490.851878	1384.168498	12.822247	-0.087076	2.304147
490.788137	1384.189653	12.827251	-0.087065	2.304146
490.851171	1384.148106	12.832256	-0.087076	2.304135
490.833176	1384.178227	12.837261	-0.087073	2.304148
490.719668	1384.014071	12.842266	-0.087053	2.304030
490.608330	1383.709145	12.847271	-0.087033	2.303830
490.730755	1383.660071	12.852275	-0.087055	2.303827
490.628513	1383.682348	12.857280	-0.087037	2.303819
490.795327	1383.633550	12.862285	-0.087067	2.303826
490.668415	1383.686518	12.867290	-0.087044	2.303830
490.846195	1383.629475	12.872295	-0.087076	2.303834
490.744764	1383.661981	12.877299	-0.087058	2.303832
490.716985	1383.646240	12.882304	-0.087053	2.303817
490.724470	1383.656974	12.887309	-0.087054	2.303825
490.687025	1383.660613	12.892314	-0.087047	2.303819
490.788658	1383.321736	12.897319	-0.087066	2.303644
490.681945	1383.110150	12.902323	-0.087046	2.303500
490.710057	1383.099464	12.907328	-0.087052	2.303499
490.564056	1383.158466	12.912333	-0.087025	2.303503
490.715164	1383.109629	12.917338	-0.087053	2.303506
490.733131	1383.102040	12.922343	-0.087056	2.303506
490.732057	1383.107479	12.927347	-0.087056	2.303509
490.656263	1383.130528	12.932352	-0.087042	2.303506
490.720867	1383.105414	12.937357	-0.087054	2.303505
490.564456	1383.156550	12.942362	-0.087026	2.303502
490.738687	1383.104820	12.947367	-0.087057	2.303509
490.528495	1383.173613	12.952371	-0.087019	2.303505
490.504797	1383.171248	12.957376	-0.087015	2.303499
490.479544	1383.208278	12.962381	-0.087011	2.303515
490.447284	1383.205745	12.967386	-0.087005	2.303507
490.682122	1383.122583	12.972391	-0.087047	2.303507
490.725511	1383.100758	12.977395	-0.087055	2.303504
490.842475	1383.061462	12.982400	-0.087076	2.303505
490.776117	1383.081129	12.987405	-0.087064	2.303503
490.847916	1382.593599	12.992410	-0.087077	2.303236
490.896590	1382.501380	12.997415	-0.087085	2.303192
490.745794	1382.553202	13.002419	-0.087059	2.303191
490.674022	1382.596116	13.007424	-0.087046	2.303201
490.662649	1382.591762	13.012429	-0.087044	2.303196
490.706800	1382.571282	13.017434	-0.087052	2.303194
490.771835	1382.553833	13.022439	-0.087063	2.303197
490.855091	1382.525809	13.027443	-0.087078	2.303198
490.791587	1382.130789	13.032448	-0.087067	2.302956
490.855466	1381.971919	13.037453	-0.087078	2.302878
490.804392	1381.971281	13.042458	-0.087069	2.302867
490.785860	1381.989178	13.047463	-0.087066	2.302873
490.788770	1381.989682	13.052467	-0.087066	2.302874
490.730270	1382.003300	13.057472	-0.087056	2.302870
490.738859	1381.993949	13.062477	-0.087058	2.302867
490.684886	1382.004057	13.067482	-0.087048	2.302861
490.748973	1381.626724	13.072487	-0.087059	2.302656
490.797983	1381.443545	13.077491	-0.087068	2.302560
490.737570	1381.462704	13.082496	-0.087057	2.302559
490.712764	1381.484196	13.087501	-0.087053	2.302566
490.573922	1381.520145	13.092506	-0.087028	2.302558
490.662025	1381.501164	13.097511	-0.087044	2.302566
490.716041	1381.489550	13.102515	-0.087054	2.302570
490.642598	1381.502864	13.107520	-0.087041	2.302563
490.624776	1381.518888	13.112525	-0.087038	2.302568
490.771544	1381.438438	13.117530	-0.087064	2.302552
490.942940	1381.386095	13.122535	-0.087094	2.302557
490.918856	1380.920720	13.127539	-0.087090	2.302283
490.948052	1380.842791	13.132544	-0.087095	2.302244
491.003812	1380.831897	13.137549	-0.087105	2.302249
490.831754	1380.876521	13.142554	-0.087075	2.302239
490.891785	1380.763279	13.147559	-0.087085	2.302186
490.908566	1380.347211	13.152563	-0.087088	2.301949
491.016756	1380.300539	13.157568	-0.087108	2.301944
490.842107	1380.385179	13.162573	-0.087077	2.301957
490.876119	1380.361057	13.167578	-0.087083	2.301950
490.943471	1379.992930	13.172583	-0.087095	2.301751
490.849779	1379.799527	13.177587	-0.087078	2.301620
490.980870	1379.755694	13.182592	-0.087102	2.301622
490.841959	1379.812160	13.187597	-0.087077	2.301626
490.757397	1379.818689	13.192602	-0.087062	2.301612
490.704767	1379.858507	13.197607	-0.087052	2.301624
490.829174	1379.549201	13.202611	-0.087074	2.301471
490.797920	1379.277125	13.207616	-0.087069	2.301307
490.772132	1379.299772	13.212621	-0.087064	2.301314
490.784705	1379.286033	13.217626	-0.087067	2.301309
490.805995	1379.283179	13.222631	-0.087070	2.301312
490.816548	1379.273397	13.227635	-0.087072	2.301308
490.735622	1379.305304	13.232640	-0.087058	2.301310
490.630367	1379.348088	13.237645	-0.087039	2.301313
490.386035	1379.420524	13.242650	-0.086995	2.301304
490.623104	1379.344083	13.247655	-0.087038	2.301309
490.501326	1379.387942	13.252659	-0.087016	2.301310
490.619013	1379.328703	13.257664	-0.087037	2.301300
490.755498	1379.292365	13.262669	-0.087062	2.301307
490.664593	1379.322999	13.267674	-0.087045	2.301306
490.759928	1378.944128	13.272679	-0.087063	2.301106
490.843213	1378.718323	13.277683	-0.087077	2.300993
490.754381	1378.748215	13.282688	-0.087062	2.300992
490.649187	1378.782627	13.287693	-0.087043	2.300990
490.730102	1378.747888	13.292698	-0.087057	2.300987
490.671699	1378.778725	13.297703	-0.087047	2.300992
490.644007	1378.793162	13.302707	-0.087042	2.300995
490.751612	1378.726493	13.307712	-0.087061	2.300979
490.853832	1378.716716	13.312717	-0.087080	2.300994
490.918497	1378.370706	13.317722	-0.087091	2.300807
490.848405	1378.194260	13.322727	-0.087079	2.300691
490.735191	1378.232626	13.327731	-0.087058	2.300689
490.631468	1378.268128	13.332736	-0.087040	2.300688
490.726283	1378.242413	13.337741	-0.087057	2.300693
490.533655	1378.304134	13.342746	-0.087022	2.300689
490.575686	1378.275255	13.347751	-0.087030	2.300681
490.605531	1378.282802	13.352755	-0.087035	2.300692
490.647566	1378.246917	13.357760	-0.087043	2.300680
490.753994	1378.224851	13.362765	-0.087062	2.300689
490.611654	1378.271774	13.367770	-0.087037	2.300687
490.802964	1378.205536	13.372775	-0.087071	2.300688
490.738512	1378.230460	13.377779	-0.087059	2.300689
490.768643	1377.749805	13.382784	-0.087065	2.300417
490.798823	1377.668613	13.387789	-0.087070	2.300376
490.743053	1377.676149	13.392794	-0.087060	2.300369
490.761404	1377.664650	13.397799	-0.087063	2.300366
490.793709	1377.662962	13.402803	-0.087069	2.300372
490.796685	1377.649165	13.407808	-0.087070	2.300365
490.744930	1377.685159	13.412813	-0.087061	2.300375
490.679455	1377.690518	13.417818	-0.087049	2.300364
490.811817	1377.544678	13.422823	-0.087073	2.300307
491.068449	1377.020857	13.427827	-0.087119	2.300057
491.063559	1377.026311	13.432832	-0.087118	2.300059
490.947939	1377.073891	13.437837	-0.087097	2.300063
490.913877	1376.763949	13.442842	-0.087091	2.299876
490.860208	1376.574428	13.447847	-0.087081	2.299755
490.907146	1376.546486	13.452851	-0.087090	2.299749
490.995583	1376.517396	13.457856	-0.087106	2.299750
490.961654	1376.483715	13.462861	-0.087100	2.299724
490.883899	1376.114906	13.467866	-0.087086	2.299494
491.032000	1376.077344	13.472871	-0.087112	2.299503
490.864565	1376.139468	13.477875	-0.087082	2.299504
490.746769	1376.179753	13.482880	-0.087061	2.299503
490.858542	1376.156564	13.487885	-0.087081	2.299513
490.930739	1375.645448	13.492890	-0.087094	2.299232
490.990944	1375.516910	13.497895	-0.087105	2.299170
491.031819	1375.502720	13.502899	-0.087112	2.299170
490.941134	1375.532208	13.507904	-0.087096	2.299168
490.872571	1375.117670	13.512909	-0.087084	2.298914
490.853898	1375.026047	13.517914	-0.087081	2.298857
490.774510	1375.041795	13.522919	-0.087066	2.298849
490.589892	1375.111162	13.527923	-0.087033	2.298851
490.485518	1375.142869	13.532928	-0.087015	2.298848
490.615406	1375.103486	13.537933	-0.087038	2.298852
490.498543	1375.136442	13.542938	-0.087017	2.298847
490.629680	1375.104416	13.547943	-0.087041	2.298856
490.558031	1375.127349	13.552947	-0.087028	2.298854
490.735981	1375.059963	13.557952	-0.087060	2.298852
490.676213	1375.092093	13.562957	-0.087049	2.298859
490.591253	1375.121952	13.567962	-0.087034	2.298858
490.707304	1375.062767	13.572967	-0.087055	2.298848
490.685388	1375.085091	13.577971	-0.087051	2.298856
490.639868	1375.095962	13.582976	-0.087043	2.298853
490.646048	1375.100404	13.587981	-0.087044	2.298857
490.616786	1375.098983	13.592986	-0.087039	2.298850
490.681765	1375.083416	13.597991	-0.087050	2.298855
490.606079	1375.107796	13.602995	-0.087037	2.298853
490.445299	1375.167268	13.608000	-0.087008	2.298854
490.514375	1375.142695	13.613005	-0.087020	2.298855
490.467440	1375.148420	13.618010	-0.087012	2.298848
490.536344	1375.134944	13.623015	-0.087024	2.298855
490.524308	1375.142689	13.628019	-0.087022	2.298857
490.451414	1375.151802	13.633024	-0.087009	2.298847
490.527900	1375.134799	13.638029	-0.087023	2.298853
490.429623	1375.181547	13.643034	-0.087006	2.298860
490.720981	1375.061378	13.648039	-0.087058	2.298851
490.639399	1375.095948	13.653043	-0.087043	2.298854
490.580397	1375.124304	13.658048	-0.087033	2.298858
490.567259	1375.148594	13.663053	-0.087030	2.298869
490.214010	1375.246404	13.668058	-0.086967	2.298853
490.381209	1375.191487	13.673063	-0.086997	2.298856
490.424096	1375.184918	13.678067	-0.087005	2.298861
490.591966	1375.106343	13.683072	-0.087035	2.298850
490.676021	1375.105468	13.688077	-0.087050	2.298867
490.655877	1375.089742	13.693082	-0.087046	2.298854
490.803865	1375.057057	13.698087	-0.087073	2.298866
490.684664	1375.079277	13.703091	-0.087052	2.298854
490.606200	1375.100078	13.708096	-0.087038	2.298850
490.715137	1375.076821	13.713101	-0.087057	2.298859
490.681294	1375.075698	13.718106	-0.087051	2.298851
490.654795	1375.101550	13.723111	-0.087046	2.298861
490.743070	1375.070360	13.728115	-0.087062	2.298861
490.554098	1375.129176	13.733120	-0.087028	2.298856
490.658835	1375.106887	13.738125	-0.087047	2.298865
490.561887	1375.124088	13.743130	-0.087030	2.298855
490.525301	1375.146828	13.748135	-0.087023	2.298860
490.710837	1375.071876	13.753139	-0.087057	2.298856
490.644675	1375.045736	13.758144	-0.087045	2.298827
490.673994	1374.714048	13.763149	-0.087050	2.298640
490.557683	1374.580212	13.768154	-0.087029	2.298539
490.670339	1374.541623	13.773159	-0.087049	2.298540
490.834443	1374.468435	13.778163	-0.087079	2.298531
490.600965	1374.537833	13.783168	-0.087037	2.298523
490.689985	1374.533289	13.788173	-0.087053	2.298539
490.522667	1374.585150	13.793178	-0.087023	2.298534
490.560913	1374.586703	13.798183	-0.087030	2.298543
490.586689	1374.564739	13.803187	-0.087035	2.298536
490.520925	1374.592560	13.808192	-0.087023	2.298538
490.494058	1374.597818	13.813197	-0.087018	2.298536
490.383857	1374.617892	13.818202	-0.086999	2.298525
490.494158	1374.593335	13.823207	-0.087018	2.298534
490.581824	1374.575281	13.828211	-0.087034	2.298541
490.423431	1374.653546	13.833216	-0.087006	2.298554
490.618811	1374.770459	13.838221	-0.087041	2.298662
490.488419	1374.967068	13.843226	-0.087017	2.298749
490.530746	1375.137271	13.848231	-0.087025	2.298857
490.562470	1375.108327	13.853235	-0.087031	2.298847
490.316154	1375.211125	13.858240	-0.086987	2.298855
490.506327	1375.134242	13.863245	-0.087021	2.298850
490.384002	1375.179116	13.868250	-0.086999	2.298851
490.463884	1375.140438	13.873255	-0.087013	2.298845
490.509113	1375.139760	13.878259	-0.087021	2.298854
490.483236	1375.132819	13.883264	-0.087017	2.298845
490.688442	1375.080422	13.888269	-0.087054	2.298857
490.588267	1375.110085	13.893274	-0.087036	2.298853
490.446746	1375.156459	13.898279	-0.087010	2.298851
490.536874	1375.127028	13.903283	-0.087027	2.298853
490.291334	1375.212590	13.908288	-0.086983	2.298851
490.291730	1375.222067	13.913293	-0.086983	2.298857
490.332069	1375.506588	13.918298	-0.086990	2.299030
490.417341	1375.714446	13.923303	-0.087005	2.299169
490.601284	1375.655412	13.928307	-0.087038	2.299173
490.611025	1375.636234	13.933312	-0.087040	2.299164
490.623741	1375.652871	13.938317	-0.087042	2.299176
490.531814	1375.663421	13.943322	-0.087026	2.299163
490.595437	1375.638382	13.948327	-0.087037	2.299162
490.751506	1375.590958	13.953331	-0.087065	2.299167
490.652259	1375.620017	13.958336	-0.087048	2.299163
490.685995	1375.288044	13.963341	-0.087054	2.298977
490.713867	1375.075557	13.968346	-0.087059	2.298860
490.874694	1375.008659	13.973351	-0.087087	2.298855
490.807677	1375.035044	13.978355	-0.087076	2.298856
490.720651	1375.056492	13.983360	-0.087060	2.298851
490.723826	1375.069011	13.988365	-0.087061	2.298859
490.785489	1375.038752	13.993370	-0.087072	2.298854
490.715843	1375.081422	13.998375	-0.087059	2.298864
490.813558	1374.964482	14.003379	-0.087077	2.298817
490.895037	1374.436187	14.008384	-0.087091	2.298527
490.668843	1374.539036	14.013389	-0.087051	2.298540
490.832946	1374.467195	14.018394	-0.087080	2.298532
490.680783	1374.525193	14.023399	-0.087053	2.298534
490.804135	1374.475233	14.028403	-0.087075	2.298531
490.824874	1374.480643	14.033408	-0.087079	2.298539
490.718030	1374.534230	14.038413	-0.087060	2.298548
490.734556	1374.249150	14.043418	-0.087063	2.298386
490.792095	1373.955569	14.048423	-0.087073	2.298227
490.881624	1373.925004	14.053427	-0.087089	2.298228
490.717841	1373.990670	14.058432	-0.087060	2.298232
490.748896	1373.982691	14.063437	-0.087065	2.298234
490.772263	1373.973163	14.068442	-0.087070	2.298234
490.687739	1374.002868	14.073447	-0.087055	2.298233
490.797779	1373.961987	14.078451	-0.087074	2.298233
490.693572	1373.988526	14.083456	-0.087056	2.298226
490.601405	1374.031198	14.088461	-0.087039	2.298232
490.656929	1373.499424	14.093466	-0.087049	2.297935
490.422389	1373.684372	14.098471	-0.087007	2.297994
490.735721	1373.802523	14.103475	-0.087063	2.298127
490.588962	1373.463319	14.108480	-0.087037	2.297900
490.753158	1373.414583	14.113485	-0.087067	2.297906
490.787053	1373.400472	14.118490	-0.087073	2.297905
490.865078	1373.366228	14.123495	-0.087087	2.297901
490.710453	1373.435606	14.128499	-0.087059	2.297909
490.693854	1373.419157	14.133504	-0.087056	2.297896
490.861211	1373.372785	14.138509	-0.087086	2.297904
490.822074	1373.378679	14.143514	-0.087079	2.297900
490.677580	1373.075560	14.148519	-0.087053	2.297694
490.598358	1372.931188	14.153523	-0.087039	2.297594
490.567622	1372.933802	14.158528	-0.087034	2.297589
490.600842	1372.948718	14.163533	-0.087040	2.297604
490.678485	1372.915419	14.168538	-0.087053	2.297601
490.445160	1373.000918	14.173543	-0.087012	2.297602
490.631291	1372.932743	14.178547	-0.087045	2.297602
490.519286	1372.957780	14.183552	-0.087025	2.297593
490.591136	1373.020986	14.188557	-0.087038	2.297645
490.591923	1372.938580	14.193562	-0.087038	2.297597
490.381064	1373.259763	14.198567	-0.087001	2.297739
490.530604	1373.503625	14.203571	-0.087027	2.297912
490.569744	1373.474987	14.208576	-0.087034	2.297904
490.553779	1373.486562	14.213581	-0.087032	2.297907
490.601371	1373.459197	14.218586	-0.087040	2.297901
490.588849	1373.459851	14.223591	-0.087038	2.297899
490.651963	1373.460552	14.228595	-0.087049	2.297913
490.650762	1373.413827	14.233600	-0.087049	2.297885
490.638085	1372.935376	14.238605	-0.087047	2.297605
490.858590	1372.840613	14.243610	-0.087086	2.297596
490.640057	1372.906011	14.248615	-0.087047	2.297588
490.770489	1372.868036	14.253619	-0.087071	2.297594
490.604813	1372.911516	14.258624	-0.087041	2.297584
490.588562	1372.942562	14.263629	-0.087038	2.297599
490.624756	1372.916328	14.268634	-0.087045	2.297591
490.596416	1372.922117	14.273639	-0.087040	2.297589
490.658179	1372.905005	14.278643	-0.087051	2.297592
490.556973	1372.928053	14.283648	-0.087033	2.297584
490.522514	1372.951102	14.288653	-0.087026	2.297591
490.575778	1372.922511	14.293658	-0.087036	2.297585
490.470793	1372.969512	14.298663	-0.087017	2.297591
490.485261	1372.974475	14.303667	-0.087020	2.297596
490.596354	1372.909539	14.308672	-0.087040	2.297582
490.575080	1372.949650	14.313677	-0.087036	2.297601
490.638001	1372.913829	14.318682	-0.087047	2.297593
490.712316	1372.882800	14.323687	-0.087061	2.297591
490.764916	1372.867629	14.328691	-0.087070	2.297593
490.777322	1372.858804	14.333696	-0.087072	2.297590
490.917792	1372.815884	14.338701	-0.087097	2.297595
490.952313	1372.375975	14.343706	-0.087104	2.297347
490.853084	1372.300940	14.348711	-0.087086	2.297283
490.909120	1372.285074	14.353715	-0.087096	2.297285
490.880516	1372.279662	14.358720	-0.087091	2.297276
490.739038	1372.341635	14.363725	-0.087066	2.297283
490.665872	1372.350862	14.368730	-0.087053	2.297273
490.813068	1372.047038	14.373735	-0.087079	2.297127
490.728763	1371.842673	14.378739	-0.087064	2.296991
490.666556	1371.853351	14.383744	-0.087053	2.296984
490.675401	1371.867321	14.388749	-0.087054	2.296994
490.838846	1371.800823	14.393754	-0.087084	2.296990
490.740080	1371.843172	14.398759	-0.087066	2.296994
490.762517	1371.838281	14.403763	-0.087070	2.296996
490.737738	1371.821548	14.408768	-0.087066	2.296981
490.889002	1371.783625	14.413773	-0.087093	2.296990
490.795408	1371.370959	14.418778	-0.087076	2.296731
490.739335	1371.266224	14.423783	-0.087066	2.296659
490.657918	1371.298048	14.428787	-0.087051	2.296660
490.677802	1371.279013	14.433792	-0.087055	2.296654
490.589443	1371.334571	14.438797	-0.087039	2.296667
490.700532	1371.275289	14.443802	-0.087059	2.296656
490.825133	1371.232674	14.448807	-0.087081	2.296657
490.766618	1371.265963	14.453811	-0.087071	2.296665
490.700262	1371.284048	14.458816	-0.087059	2.296661
490.734909	1371.286070	14.463821	-0.087065	2.296670
490.618708	1371.307783	14.468826	-0.087045	2.296658
490.705018	1371.278634	14.473831	-0.087060	2.296659
490.657936	1370.871668	14.478835	-0.087052	2.296413
490.651167	1370.755987	14.483840	-0.087051	2.296345
490.664598	1370.763198	14.488845	-0.087053	2.296352
490.863990	1370.680845	14.493850	-0.087089	2.296346
490.827458	1370.705441	14.498855	-0.087082	2.296352
490.671649	1370.751852	14.503859	-0.087054	2.296347
490.612003	1370.766456	14.508864	-0.087044	2.296343
490.543115	1370.816103	14.513869	-0.087031	2.296357
490.700512	1370.741555	14.518874	-0.087060	2.296347
490.650940	1370.775938	14.523879	-0.087051	2.296357
490.799442	1370.710227	14.528883	-0.087077	2.296350
490.700311	1370.729584	14.533888	-0.087060	2.296340
490.664706	1370.753579	14.538893	-0.087053	2.296347
490.739389	1370.431502	14.543898	-0.087067	2.296175
490.644613	1370.227500	14.548903	-0.087050	2.296037
490.731911	1370.189122	14.553907	-0.087065	2.296033
490.682300	1370.201741	14.558912	-0.087057	2.296030
490.801880	1370.164417	14.563917	-0.087078	2.296033
490.748885	1370.181476	14.568922	-0.087069	2.296032
490.599992	1370.241809	14.573927	-0.087042	2.296036
490.697271	1370.201733	14.578931	-0.087059	2.296033
490.621802	1370.227660	14.583936	-0.087046	2.296033
490.618167	1370.231582	14.588941	-0.087045	2.296034
490.540468	1370.249438	14.593946	-0.087031	2.296029
490.718632	1370.188410	14.598951	-0.087063	2.296030
490.542197	1370.254591	14.603955	-0.087032	2.296032
490.644115	1370.209355	14.608960	-0.087050	2.296027
490.769362	1370.178602	14.613965	-0.087073	2.296035
490.704052	1370.181529	14.618970	-0.087061	2.296023
490.652302	1370.211045	14.623975	-0.087052	2.296030
490.529156	1370.261067	14.628979	-0.087030	2.296033
490.573357	1370.246752	14.633984	-0.087038	2.296034
490.775559	1369.811225	14.638989	-0.087074	2.295823
490.685210	1369.672336	14.643994	-0.087058	2.295724
490.807626	1369.634530	14.648999	-0.087080	2.295728
490.838144	1369.615447	14.654003	-0.087085	2.295723
490.683967	1369.668537	14.659008	-0.087058	2.295722
490.748175	1369.663173	14.664013	-0.087069	2.295732
490.828000	1369.628820	14.669018	-0.087083	2.295729
490.634273	1369.702550	14.674023	-0.087049	2.295731
490.687759	1369.668776	14.679027	-0.087058	2.295723
490.625272	1369.690316	14.684032	-0.087047	2.295722
490.753646	1369.321639	14.689037	-0.087070	2.295535
490.592699	1369.151928	14.694042	-0.087041	2.295403
490.450193	1369.202714	14.699047	-0.087016	2.295403
490.471368	1369.755192	14.704051	-0.087020	2.295728
490.537011	1369.725121	14.709056	-0.087032	2.295724
490.525625	1369.739080	14.714061	-0.087030	2.295730
490.647131	1369.678485	14.719066	-0.087051	2.295720
490.655434	1369.688069	14.724071	-0.087053	2.295728
490.831307	1369.238649	14.729075	-0.087084	2.295503
490.844710	1369.051542	14.734080	-0.087087	2.295397
490.713815	1369.109720	14.739085	-0.087063	2.295404
490.746573	1369.083115	14.744090	-0.087069	2.295395
490.729461	1369.097784	14.749095	-0.087066	2.295400
490.598838	1369.155864	14.754099	-0.087043	2.295407
490.544746	1369.181651	14.759104	-0.087033	2.295411
490.606252	1369.142313	14.764109	-0.087044	2.295401
490.536898	1369.157448	14.769114	-0.087032	2.295395
490.420781	1369.215162	14.774119	-0.087011	2.295404
490.742234	1369.104872	14.779123	-0.087069	2.295407
490.945879	1369.022602	14.784128	-0.087105	2.295402
490.835010	1369.062308	14.789133	-0.087085	2.295402
490.842530	1368.709888	14.794138	-0.087087	2.295199
490.710451	1368.589244	14.799143	-0.087063	2.295101
490.873521	1368.512662	14.804147	-0.087092	2.295091
490.834919	1368.533159	14.809152	-0.087085	2.295095
490.941786	1368.506571	14.814157	-0.087105	2.295102
490.938726	1368.467288	14.819162	-0.087104	2.295078
490.928348	1367.976778	14.824167	-0.087102	2.294791
490.961862	1367.961727	14.829171	-0.087108	2.294790
490.914379	1367.972244	14.834176	-0.087100	2.294786
491.018354	1367.947765	14.839181	-0.087118	2.294793
490.993714	1367.577153	14.844186	-0.087114	2.294573
490.689882	1367.659231	14.849191	-0.087060	2.294557
490.721819	1367.637492	14.854195	-0.087065	2.294551
490.687803	1367.650701	14.859200	-0.087059	2.294552
490.738435	1367.642941	14.864205	-0.087068	2.294558
490.778664	1367.616615	14.869210	-0.087076	2.294551
490.995995	1367.536416	14.874215	-0.087115	2.294550
490.878970	1367.022500	14.879219	-0.087094	2.294227
490.838798	1367.026636	14.884224	-0.087086	2.294221
490.797691	1367.042389	14.889229	-0.087079	2.294222
490.733458	1367.064292	14.894234	-0.087068	2.294221
490.636278	1367.101509	14.899239	-0.087050	2.294222
490.682225	1367.086563	14.904243	-0.087059	2.294223
490.644889	1367.090487	14.909248	-0.087052	2.294218
490.751493	1367.051360	14.914253	-0.087071	2.294217
490.890589	1366.867335	14.919258	-0.087096	2.294140
490.696500	1366.523257	14.924263	-0.087061	2.293899
490.837297	1366.481259	14.929267	-0.087086	2.293904
490.987812	1366.421807	14.934272	-0.087113	2.293901
490.855718	1366.478805	14.939277	-0.087090	2.293907
490.810031	1366.494322	14.944282	-0.087082	2.293906
490.824520	1366.313935	14.949287	-0.087084	2.293804
490.777685	1365.942860	14.954291	-0.087076	2.293579
490.811742	1365.930836	14.959296	-0.087082	2.293579

490.804081	1365.921967	14.964301	-0.087081	2.293572
491.050711	1365.274841	14.969306	-0.087125	2.293248
490.895856	1364.660453	14.974311	-0.087097	2.292858
490.927437	1363.978736	14.979315	-0.087103	2.292469
490.849044	1363.039787	14.984320	-0.087089	2.291906
490.801689	1362.010258	14.989325	-0.087080	2.291297
490.772755	1360.762244	14.994330	-0.087075	2.290565
490.675123	1359.497203	14.999335	-0.087057	2.289808
490.503162	1358.079983	15.004339	-0.087026	2.288947
490.456878	1356.454248	15.009344	-0.087018	2.287990
490.377630	1354.711704	15.014349	-0.087003	2.286958
490.519945	1352.735150	15.019354	-0.087029	2.285836
490.374342	1350.744983	15.024359	-0.087002	2.284644
490.380225	1348.525014	15.029363	-0.087003	2.283349
490.255373	1346.180939	15.034368	-0.086981	2.281954
490.190932	1343.696468	15.039373	-0.086969	2.280489
490.094818	1341.119866	15.044378	-0.086951	2.278962
490.052566	1338.330739	15.049383	-0.086943	2.277321
489.834521	1335.517861	15.054387	-0.086904	2.275628
489.884782	1332.534514	15.059392	-0.086913	2.273890
489.731207	1329.389193	15.064397	-0.086885	2.272012
489.538789	1326.191410	15.069402	-0.086850	2.270095
489.362923	1322.873878	15.074407	-0.086818	2.268108
489.196096	1319.418377	15.079411	-0.086788	2.266041
489.015105	1315.944441	15.084416	-0.086755	2.263958
488.793845	1312.348470	15.089421	-0.086715	2.261792
488.658280	1308.638936	15.094426	-0.086691	2.259576
488.584633	1304.736894	15.099431	-0.086677	2.257256
488.431947	1300.790831	15.104435	-0.086649	2.254892
488.246528	1296.707835	15.109440	-0.086615	2.252437
488.173648	1292.489494	15.114445	-0.086602	2.249923
487.918144	1288.190505	15.119450	-0.086556	2.247320
487.705892	1283.878944	15.124455	-0.086517	2.244715
487.599624	1279.371506	15.129459	-0.086498	2.242013
487.431504	1274.803290	15.134464	-0.086467	2.239259
487.343326	1270.081264	15.139469	-0.086451	2.236426
487.077191	1265.388792	15.144474	-0.086403	2.233570
486.839259	1260.525951	15.149479	-0.086359	2.230614
486.570486	1255.628976	15.154483	-0.086311	2.227627
486.380525	1250.633678	15.159488	-0.086276	2.224594
486.426132	1245.418332	15.164493	-0.086284	2.221475
486.162485	1240.209509	15.169498	-0.086236	2.218290
486.012569	1234.876414	15.174503	-0.086209	2.215049
485.805302	1229.442285	15.179507	-0.086171	2.211730
485.598582	1223.927078	15.184512	-0.086133	2.208358
485.476838	1218.312724	15.189517	-0.086111	2.204939
485.122577	1212.688932	15.194522	-0.086047	2.201458
485.081922	1206.840626	15.199527	-0.086039	2.197904
484.785988	1201.091906	15.204531	-0.085985	2.194348
484.604067	1195.128998	15.209536	-0.085952	2.190682
484.419030	1189.098247	15.214541	-0.085918	2.186967
484.255542	1182.976269	15.219546	-0.085888	2.183195
483.919832	1176.871505	15.224551	-0.085827	2.179389
483.575643	1170.726293	15.229555	-0.085765	2.175549
483.434003	1164.398536	15.234560	-0.085739	2.171635
483.239400	1158.011254	15.239565	-0.085703	2.167666
482.933541	1151.640154	15.244570	-0.085648	2.163675
482.763791	1145.115962	15.249575	-0.085617	2.159612
482.460392	1138.581269	15.254579	-0.085561	2.155505
482.155813	1132.017195	15.259584	-0.085506	2.151372
481.901295	1125.375126	15.264589	-0.085460	2.147194
481.525450	1118.724304	15.269594	-0.085392	2.142974
481.420952	1111.920504	15.274599	-0.085372	2.138712
481.119047	1105.120047	15.279603	-0.085318	2.134399
480.888222	1098.205927	15.284608	-0.085275	2.130022
480.730484	1091.193429	15.289613	-0.085246	2.125591
480.227375	1084.289825	15.294618	-0.085155	2.121140
480.118658	1077.204575	15.299623	-0.085135	2.116656
479.903780	1070.100397	15.304627	-0.085096	2.112126
479.663094	1062.861036	15.309632	-0.085052	2.107494
479.281290	1055.686396	15.314637	-0.084983	2.102861
478.734605	1048.556803	15.319642	-0.084884	2.098207
478.549549	1041.230048	15.324647	-0.084850	2.093502
478.260324	1033.920809	15.329651	-0.084797	2.088773
477.987382	1026.566605	15.334656	-0.084748	2.084008
477.650114	1019.180163	15.339661	-0.084687	2.079196
477.195559	1011.857503	15.344666	-0.084604	2.074387
477.082458	1004.335145	15.349671	-0.084583	2.069518
476.771545	996.848094	15.354675	-0.084527	2.064614
476.344922	989.354078	15.359680	-0.084449	2.059666
476.116775	981.807360	15.364685	-0.084408	2.054719
475.655081	974.245006	15.369690	-0.084324	2.049693
475.453221	966.617629	15.374695	-0.084287	2.044676
475.060594	959.011828	15.379699	-0.084216	2.039614
474.864350	951.306666	15.384704	-0.084180	2.034522
474.478721	943.597660	15.389709	-0.084110	2.029368
474.141091	935.873205	15.394714	-0.084049	2.024203
473.804566	928.126653	15.399719	-0.083988	2.019010
473.564182	920.301470	15.404723	-0.083944	2.013776
473.102712	912.496054	15.409728	-0.083860	2.008486
472.840593	904.637004	15.414733	-0.083812	2.003195
472.289987	896.876760	15.419738	-0.083713	1.997886
472.307923	888.890622	15.424743	-0.083715	1.992551
472.061339	880.884438	15.429747	-0.083670	1.987123
471.528126	872.972547	15.434752	-0.083574	1.981672
471.082377	865.066383	15.439757	-0.083493	1.976232
470.723864	857.103806	15.444762	-0.083428	1.970760
470.328965	849.160795	15.449767	-0.083356	1.965277
469.941005	841.197307	15.454771	-0.083286	1.959767
469.558697	833.262644	15.459776	-0.083216	1.954261
469.344377	825.205040	15.464781	-0.083177	1.948699
468.858762	817.227495	15.469786	-0.083089	1.943107
468.322002	809.318291	15.474791	-0.082992	1.937532
467.821093	801.453366	15.479795	-0.082902	1.931980
467.535422	793.429950	15.484800	-0.082850	1.926359
467.249420	785.413161	15.489805	-0.082798	1.920725
466.639238	777.535387	15.494810	-0.082687	1.915087
466.362191	769.500813	15.499815	-0.082637	1.909410
465.945980	761.544140	15.504819	-0.082561	1.903734
465.465686	753.597131	15.509824	-0.082475	1.898030
465.013627	745.670327	15.514829	-0.082393	1.892332
464.406532	737.822839	15.519834	-0.082283	1.886630
464.173444	729.857309	15.524839	-0.082240	1.880927
463.684960	722.003726	15.529843	-0.082152	1.875218
463.385797	714.013150	15.534848	-0.082098	1.869445
462.888710	706.142075	15.539853	-0.082008	1.863686
462.342580	698.297533	15.544858	-0.081909	1.857914
461.947029	690.429153	15.549863	-0.081837	1.852149
461.705866	682.469235	15.554867	-0.081793	1.846340
461.156892	674.636548	15.559872	-0.081694	1.840522
460.539084	666.903674	15.564877	-0.081583	1.834739
459.955176	659.157236	15.569882	-0.081477	1.828937
459.514101	651.429565	15.574887	-0.081397	1.823169
459.145733	643.679806	15.579891	-0.081331	1.817387
458.791280	635.876459	15.584896	-0.081266	1.811550
458.434948	628.108787	15.589901	-0.081202	1.805721
457.792442	620.445976	15.594906	-0.081086	1.799870
457.388989	612.764906	15.599911	-0.081013	1.794053
457.017440	605.039967	15.604915	-0.080945	1.788194
456.574709	597.342397	15.609920	-0.080865	1.782315
456.113262	589.659695	15.614925	-0.080782	1.776423
455.510587	582.042387	15.619930	-0.080673	1.770520
455.006937	574.470882	15.624935	-0.080582	1.764660
454.693944	566.839862	15.629939	-0.080525	1.758791
454.021920	559.356402	15.634944	-0.080404	1.752910
453.703682	551.779375	15.639949	-0.080346	1.747040
453.082075	544.330845	15.644954	-0.080234	1.741160
452.663395	536.862024	15.649959	-0.080158	1.735304
452.368610	529.316748	15.654963	-0.080104	1.729406
451.651664	521.933788	15.659968	-0.079975	1.723488
451.161547	514.583467	15.664973	-0.079887	1.717643
450.594207	507.240075	15.669978	-0.079784	1.711759
449.980905	500.004188	15.674983	-0.079674	1.705926
449.645507	492.672637	15.679987	-0.079613	1.700081
449.116192	485.385842	15.684992	-0.079517	1.694192
448.720567	478.128352	15.689997	-0.079445	1.688346
448.014985	470.987329	15.695002	-0.079318	1.682478
447.445488	463.883170	15.700007	-0.079216	1.676660
447.021975	456.735538	15.705011	-0.079139	1.670832
446.318143	449.742629	15.710016	-0.079012	1.665021
445.984071	442.660703	15.715021	-0.078952	1.659232
445.376845	435.664196	15.720026	-0.078842	1.653407
444.801172	428.734825	15.725031	-0.078738	1.647625
444.385010	421.759657	15.730035	-0.078663	1.641835
443.873342	414.851878	15.735040	-0.078571	1.636050
443.366128	407.970701	15.740045	-0.078479	1.630267
442.767832	401.148342	15.745050	-0.078371	1.624484
442.116784	394.392688	15.750055	-0.078254	1.618717
441.664941	387.597246	15.755059	-0.078172	1.612960
440.902283	380.975231	15.760064	-0.078035	1.607228
440.436975	374.329267	15.765069	-0.077951	1.601550
439.818648	367.766219	15.770074	-0.077840	1.595871
439.281681	361.204631	15.775079	-0.077743	1.590200
438.885366	354.621014	15.780083	-0.077671	1.584535
438.167264	348.188686	15.785088	-0.077542	1.578873
437.888862	341.622237	15.790093	-0.077491	1.573221
437.417263	335.120846	15.795098	-0.077406	1.567540
436.909504	328.667763	15.800103	-0.077314	1.561867
436.185731	322.351492	15.805107	-0.077184	1.556220
435.605884	316.009844	15.810112	-0.077080	1.550577
435.062470	309.738334	15.815117	-0.076982	1.544987
434.770763	303.366648	15.820122	-0.076929	1.539374
434.228694	297.081589	15.825127	-0.076831	1.533731
433.665655	290.840802	15.830131	-0.076730	1.528099
432.972051	284.699495	15.835136	-0.076605	1.522489
432.448644	278.593174	15.840141	-0.076510	1.516947
431.869316	272.483937	15.845146	-0.076406	1.511362
431.272571	266.445292	15.850151	-0.076298	1.505813
430.602001	260.507924	15.855155	-0.076178	1.500309
430.060284	254.539208	15.860160	-0.076080	1.494800
429.205468	248.772443	15.865165	-0.075927	1.489343
428.785740	242.916751	15.870170	-0.075851	1.483938
427.755741	237.345516	15.875175	-0.075666	1.478556
427.208089	231.675397	15.880179	-0.075567	1.473234
426.738827	226.003969	15.885184	-0.075483	1.467919
426.139139	220.429231	15.890189	-0.075375	1.462626
425.368651	214.904632	15.895194	-0.075236	1.457300
424.935875	209.344204	15.900199	-0.075158	1.452041
424.348257	203.898746	15.905203	-0.075052	1.446814
423.711378	198.480926	15.910208	-0.074938	1.441575
423.203334	193.097388	15.915213	-0.074846	1.436396
422.663440	187.717690	15.920218	-0.074749	1.431189
422.132845	182.375657	15.925223	-0.074653	1.426003
421.360430	177.187372	15.930227	-0.074514	1.420853
420.891580	171.901321	15.935232	-0.074430	1.415704
420.008961	166.863310	15.940237	-0.074271	1.410617
419.368510	161.796569	15.945242	-0.074156	1.405575
418.656346	156.813155	15.950247	-0.074028	1.400567
417.893647	151.923858	15.955251	-0.073891	1.395612
417.506263	146.916385	15.960256	-0.073821	1.390667
416.674397	142.134379	15.965261	-0.073672	1.385754
416.202010	137.267192	15.970266	-0.073587	1.380876
415.398923	132.543469	15.975271	-0.073443	1.375995
414.740650	127.852230	15.980275	-0.073324	1.371184
414.246458	123.128617	15.985280	-0.073235	1.366386
413.551992	118.530990	15.990285	-0.073111	1.361618
412.890902	113.968428	15.995290	-0.072992	1.356880
412.076356	109.528163	16.000295	-0.072845	1.352187
411.309420	105.161701	16.005299	-0.072708	1.347569
410.662903	100.775578	16.010304	-0.072592	1.342963
409.774722	96.593640	16.015309	-0.072432	1.338450
409.312891	92.265280	16.020314	-0.072349	1.333942
408.734767	88.019975	16.025319	-0.072245	1.329456
408.101312	83.825849	16.030323	-0.072131	1.324985
407.224065	79.799718	16.035328	-0.071974	1.320571
406.329351	75.875474	16.040333	-0.071813	1.316240
405.667206	71.923754	16.045338	-0.071694	1.311958
404.954873	68.038722	16.050343	-0.071567	1.307711
404.333268	64.171512	16.055347	-0.071455	1.303504
403.268886	60.510315	16.060352	-0.071264	1.299316
402.499072	56.865143	16.065357	-0.071126	1.295251
401.883071	53.211430	16.070362	-0.071015	1.291226
400.965751	49.719958	16.075367	-0.070851	1.287235
400.160735	46.311332	16.080371	-0.070706	1.283363
399.324561	42.971153	16.085376	-0.070556	1.279537
398.524804	39.683360	16.090381	-0.070413	1.275770
397.936981	36.363038	16.095386	-0.070307	1.272045
397.136562	33.164451	16.100391	-0.070164	1.268349
396.319747	30.056830	16.105395	-0.070017	1.264732
395.416341	27.059840	16.110400	-0.069855	1.261185
394.471582	24.166167	16.115405	-0.069686	1.257720
393.552658	21.329556	16.120410	-0.069521	1.254318
392.582949	18.632338	16.125415	-0.069347	1.251033
391.753049	15.949252	16.130419	-0.069199	1.247814
390.741699	13.417259	16.135424	-0.069017	1.244672
389.528887	11.111589	16.140429	-0.068800	1.241680
388.583773	8.801872	16.145434	-0.068631	1.238790
387.499770	6.645086	16.150439	-0.068437	1.235999
386.375383	4.608534	16.155443	-0.068235	1.233315
385.279505	2.704756	16.160448	-0.068039	1.230781
383.939630	0.988865	16.165453	-0.067799	1.228342
382.321601	-0.392451	16.170458	-0.067509	1.226143
380.395828	-1.471371	16.175463	-0.067165	1.224138
378.573945	-2.286776	16.180467	-0.066839	1.222463
377.122163	-3.056631	16.185472	-0.066579	1.220994
375.659419	-3.668456	16.190477	-0.066317	1.219692
373.951565	-3.983382	16.195482	-0.066012	1.218609
372.274026	-4.096784	16.200487	-0.065712	1.217759
370.557314	-3.948641	16.205491	-0.065405	1.217178
368.574751	-3.514472	16.210496	-0.065050	1.216797
367.098884	-3.023500	16.215501	-0.064786	1.216697
365.764515	-2.361131	16.220506	-0.064547	1.216847
364.972237	-1.843033	16.225511	-0.064406	1.217073
364.497921	-1.462378	16.230515	-0.064321	1.217286
364.041807	-1.027266	16.235520	-0.064239	1.217567
363.722483	-0.704717	16.240525	-0.064182	1.217783
363.260500	-0.414611	16.245530	-0.064100	1.217902
363.082306	-0.056362	16.250535	-0.064068	1.218218
362.905484	0.017446	16.255539	-0.064036	1.218223
362.642947	0.116791	16.260544	-0.063989	1.218218
362.306816	0.261635	16.265549	-0.063929	1.218232
362.207186	0.291867	16.270554	-0.063912	1.218222
362.030937	0.365592	16.275559	-0.063880	1.218227
361.887275	0.236609	16.280563	-0.063854	1.218023
361.594780	0.171223	16.285568	-0.063802	1.217825
361.354539	0.008682	16.290573	-0.063759	1.217542
361.170861	-0.212673	16.295578	-0.063726	1.217220
361.011523	-0.459944	16.300583	-0.063698	1.216879
360.904803	-0.816953	16.305587	-0.063679	1.216440
360.222342	-1.024563	16.310592	-0.063557	1.215916
359.577961	-1.138733	16.315597	-0.063441	1.215511
359.315713	-1.491395	16.320602	-0.063394	1.215009
359.006769	-1.779459	16.325607	-0.063339	1.214558
358.696644	-2.134341	16.330611	-0.063284	1.214033
358.218757	-2.456998	16.335616	-0.063198	1.213470
357.931671	-2.849110	16.340621	-0.063147	1.212912
357.315377	-3.123848	16.345626	-0.063037	1.212341
356.734363	-3.318622	16.350631	-0.062933	1.211874
356.396247	-3.728155	16.355635	-0.062872	1.211275
355.906924	-4.072773	16.360640	-0.062785	1.210681
355.228629	-4.311251	16.365645	-0.062663	1.210122
354.174833	-4.320670	16.370650	-0.062475	1.209652
353.398533	-4.387548	16.375655	-0.062336	1.209239
353.081736	-4.636335	16.380659	-0.062279	1.208826
352.536588	-4.769486	16.385664	-0.062182	1.208441
352.008484	-4.906629	16.390669	-0.062087	1.208058
351.435012	-5.008008	16.395674	-0.061985	1.207696
350.585256	-4.993061	16.400679	-0.061833	1.207341
350.191032	-5.058097	16.405683	-0.061762	1.207097
348.941168	-4.875101	16.410688	-0.061539	1.206753
348.210311	-4.577919	16.415693	-0.061408	1.206763
348.018520	-4.776512	16.420698	-0.061374	1.206459
347.893094	-4.859283	16.425703	-0.061351	1.206313
347.313282	-4.823329	16.430707	-0.061247	1.206099
347.073424	-4.986626	16.435712	-0.061205	1.205813
346.773118	-5.151191	16.440717	-0.061151	1.205499
346.518106	-5.361874	16.445722	-0.061105	1.205153
345.530692	-5.241406	16.450727	-0.060929	1.204855
344.489638	-5.069838	16.455731	-0.060742	1.204589
344.221439	-5.060450	16.460736	-0.060694	1.204482
344.088595	-5.256665	16.465741	-0.060671	1.204206
343.870513	-5.446584	16.470746	-0.060632	1.203900
343.486002	-5.599772	16.475751	-0.060563	1.203561
342.966067	-5.721553	16.480755	-0.060470	1.203197
341.456504	-5.315666	16.485760	-0.060200	1.202987
340.953601	-5.268126	16.490765	-0.060110	1.202819
340.905166	-5.377609	16.495770	-0.060101	1.202676
340.606957	-5.539115	16.500775	-0.060048	1.202365
340.300593	-5.579118	16.505779	-0.059993	1.202186
339.983754	-5.730069	16.510784	-0.059937	1.201879
339.274989	-5.753371	16.515789	-0.059810	1.201542
337.829223	-5.456528	16.520794	-0.059551	1.201237
337.112642	-5.221111	16.525799	-0.059423	1.201185
336.987504	-5.169436	16.530803	-0.059401	1.201187
336.763852	-5.269908	16.535808	-0.059361	1.200977
336.396200	-5.239931	16.540813	-0.059295	1.200849
335.674238	-5.223977	16.545818	-0.059166	1.200549
334.816291	-4.881847	16.550823	-0.059012	1.200554
333.971750	-4.761523	16.555827	-0.058861	1.200316
333.163521	-4.280245	16.560832	-0.058717	1.200497
332.808247	-4.094858	16.565837	-0.058653	1.200548
328.312786	-2.145906	16.570842	-0.057849	1.200743
328.163592	-1.342374	16.575847	-0.057823	1.201573
328.868087	-1.040141	16.580851	-0.057949	1.202220
329.434145	-0.960947	16.585856	-0.058050	1.202557
329.600292	-0.837163	16.590861	-0.058080	1.202767
329.665690	-0.671145	16.595866	-0.058092	1.202981
329.862651	-0.748432	16.600871	-0.058127	1.202981
329.550612	-0.783293	16.605875	-0.058071	1.202806
329.573865	-0.902437	16.610880	-0.058075	1.202683
329.464480	-1.113678	16.615885	-0.058056	1.202400
329.013943	-1.127395	16.620890	-0.057975	1.202187
328.844468	-1.345234	16.625895	-0.057945	1.201870
328.118257	-1.374173	16.630899	-0.057815	1.201519
327.629482	-1.488842	16.635904	-0.057728	1.201176
327.422389	-1.718192	16.640909	-0.057691	1.200830
326.355442	-1.560808	16.645914	-0.057500	1.200536
326.077572	-1.718948	16.650919	-0.057450	1.200238
325.003649	-1.567473	16.655923	-0.057258	1.199934
324.556392	-1.514966	16.660928	-0.057178	1.199796
324.385393	-1.618933	16.665933	-0.057147	1.199604
323.198173	-1.417338	16.670938	-0.056935	1.199307
323.300087	-1.534746	16.675943	-0.056953	1.199221
321.404668	-0.987412	16.680947	-0.056614	1.198997
321.146052	-0.723691	16.685952	-0.056568	1.199177
321.223918	-0.919950	16.690957	-0.056582	1.198993
320.614408	-0.680852	16.695962	-0.056473	1.198991
320.713774	-0.937001	16.700967	-0.056491	1.198749
320.005872	-0.752430	16.705971	-0.056364	1.198643
319.494478	-0.805720	16.710976	-0.056273	1.198358
319.721039	-1.061025	16.715981	-0.056313	1.198173
318.290923	-0.608166	16.720986	-0.056058	1.198049
318.162276	-0.802226	16.725991	-0.056035	1.197775
317.483058	-0.696102	16.730995	-0.055913	1.197594
316.537289	-0.472546	16.736000	-0.055744	1.197427
317.052494	-0.700364	16.741005	-0.055836	1.197399
315.360373	-0.236887	16.746010	-0.055534	1.197171
316.422223	-0.688519	16.751015	-0.055723	1.197135
315.540146	-0.619369	16.756019	-0.055566	1.196823
314.827869	-0.610450	16.761024	-0.055438	1.196518
314.951280	-0.861949	16.766029	-0.055460	1.196291
313.144359	-0.343162	16.771034	-0.055137	1.196074
313.061632	-0.465340	16.776039	-0.055122	1.195901
312.910978	-0.537898	16.781043	-0.055096	1.195753
311.954966	-0.326248	16.786048	-0.054925	1.195568
312.362608	-0.672195	16.791053	-0.054997	1.195360
311.433586	-0.495930	16.796058	-0.054831	1.195147
311.244969	-0.632946	16.801063	-0.054798	1.194910
310.141279	-0.414322	16.806067	-0.054600	1.194667
309.663889	-0.355960	16.811072	-0.054515	1.194521
309.756913	-0.587381	16.816077	-0.054531	1.194303
308.732920	-0.444683	16.821082	-0.054348	1.194010
308.934812	-0.709874	16.826087	-0.054384	1.193802
307.877279	-0.522372	16.831091	-0.054195	1.193544
307.127596	-0.362927	16.836096	-0.054061	1.193391
307.663395	-0.797505	16.841101	-0.054157	1.193141
306.083167	-0.442318	16.846106	-0.053874	1.192839
306.287425	-0.621099	16.851111	-0.053911	1.192729
304.961885	-0.340342	16.856115	-0.053674	1.192457
305.124240	-0.448076	16.861120	-0.053703	1.192408
305.307669	-0.785333	16.866125	-0.053736	1.192111
303.481881	-0.267713	16.871130	-0.053409	1.191882
303.626709	-0.498923	16.876135	-0.053435	1.191687
303.030273	-0.396382	16.881139	-0.053328	1.191538
302.222282	-0.333867	16.886144	-0.053184	1.191249
302.849382	-0.752037	16.891149	-0.053296	1.191058
301.355698	-0.360777	16.896154	-0.053029	1.190834
301.234111	-0.512460	16.901159	-0.053007	1.190610
300.844002	-0.614761	16.906163	-0.052937	1.190322
299.716337	-0.382128	16.911168	-0.052736	1.190082
299.920633	-0.575948	16.916173	-0.052772	1.189955
297.904611	-0.020722	16.921178	-0.052412	1.189684
299.417152	-0.647136	16.926183	-0.052682	1.189651
298.739538	-0.729523	16.931187	-0.052561	1.189257
296.927457	-0.201643	16.936192	-0.052237	1.189046
297.768612	-0.683379	16.941197	-0.052387	1.188878
295.744463	-0.007906	16.946202	-0.052025	1.188738
296.531862	-0.429672	16.951207	-0.052166	1.188613
296.167878	-0.615608	16.956211	-0.052101	1.188242
294.619976	-0.126899	16.961216	-0.051824	1.188104
295.560804	-0.710928	16.966221	-0.051993	1.187864
293.929019	-0.397776	16.971226	-0.051701	1.187491
293.887697	-0.425881	16.976231	-0.051693	1.187441
293.633526	-0.553022	16.981235	-0.051648	1.187184
292.020583	-0.164459	16.986240	-0.051359	1.186904
292.973956	-0.673531	16.991245	-0.051530	1.186754
290.882921	0.006293	16.996250	-0.051156	1.186590
291.673085	-0.430766	17.001255	-0.051297	1.186449
291.717731	-0.768907	17.006259	-0.051305	1.186087
290.022474	-0.421809	17.011264	-0.051002	1.185723
290.691827	-0.864396	17.016269	-0.051122	1.185521
288.327722	-0.102409	17.021274	-0.050699	1.185327
288.918396	-0.443035	17.026279	-0.050805	1.185206
288.860006	-0.666557	17.031283	-0.050794	1.184927
286.951022	-0.099222	17.036288	-0.050453	1.184717
288.313216	-0.799822	17.041293	-0.050697	1.184533
286.502753	-0.362986	17.046298	-0.050373	1.184218
286.059421	-0.308540	17.051303	-0.050293	1.184082
286.727598	-0.785384	17.056307	-0.050413	1.183841
284.824830	-0.295692	17.061312	-0.050073	1.183544
285.385300	-0.607148	17.066317	-0.050173	1.183442
283.876011	-0.281636	17.071322	-0.049903	1.183136
284.429398	-0.600671	17.076327	-0.050002	1.183022
283.971036	-0.731861	17.081331	-0.049920	1.182669
282.063435	-0.115976	17.086336	-0.049579	1.182513
283.067495	-0.624464	17.091341	-0.049758	1.182386
281.388884	-0.101729	17.096346	-0.049458	1.182227
280.887857	-0.046698	17.101351	-0.049369	1.182065
282.247036	-0.842164	17.106355	-0.049612	1.181772
280.112389	-0.220741	17.111360	-0.049230	1.181521
279.983057	-0.331968	17.116365	-0.049207	1.181337
279.325691	-0.320642	17.121370	-0.049089	1.181055
278.839728	-0.166935	17.126375	-0.049002	1.181012
279.016079	-0.519852	17.131379	-0.049034	1.180690
277.218509	-0.077703	17.136384	-0.048712	1.180386
278.615743	-0.705872	17.141389	-0.048962	1.180300
277.040442	-0.416350	17.146394	-0.048680	1.179922
276.083912	-0.167391	17.151399	-0.048509	1.179776
277.064951	-0.741445	17.156403	-0.048685	1.179564
274.783457	-0.129304	17.161408	-0.048277	1.179235
275.096743	-0.335539	17.166413	-0.048333	1.179142
274.625981	-0.357524	17.171418	-0.048249	1.178905
274.275093	-0.322564	17.176423	-0.048186	1.178788
274.404311	-0.689447	17.181427	-0.048209	1.178428
272.230825	-0.049994	17.186432	-0.047820	1.178179
273.172156	-0.494813	17.191437	-0.047989	1.178096
272.058529	-0.296560	17.196442	-0.047790	1.177821
271.123915	-0.155044	17.201447	-0.047622	1.177562
272.620324	-0.874052	17.206451	-0.047890	1.177417
270.342437	-0.351343	17.211456	-0.047483	1.176987
270.797322	-0.645647	17.216461	-0.047564	1.176857
269.617316	-0.426348	17.221466	-0.047353	1.176576
267.970548	0.022853	17.226471	-0.047058	1.176346
269.519753	-0.631518	17.231475	-0.047336	1.176298
267.908494	-0.232783	17.236480	-0.047047	1.176027
268.525075	-0.658454	17.241485	-0.047158	1.175820
267.520520	-0.589042	17.246490	-0.046978	1.175446
266.144571	-0.083078	17.251495	-0.046732	1.175403
266.607907	-0.530675	17.256499	-0.046815	1.175102
264.983684	-0.114682	17.261504	-0.046524	1.174844
265.678306	-0.431981	17.266509	-0.046649	1.174795
264.955698	-0.428389	17.271514	-0.046519	1.174473
263.932548	-0.203964	17.276519	-0.046336	1.174268
264.895029	-0.754504	17.281523	-0.046508	1.174074
262.578518	-0.053560	17.286528	-0.046094	1.173829
263.258294	-0.507627	17.291533	-0.046216	1.173617
262.672248	-0.563830	17.296538	-0.046111	1.173289
260.523153	0.209770	17.301543	-0.045727	1.173202
262.202428	-0.577254	17.306547	-0.046027	1.173061
260.437609	-0.180912	17.311552	-0.045711	1.172717
260.410618	-0.271619	17.316557	-0.045706	1.172601
260.829693	-0.629228	17.321562	-0.045781	1.172382
258.439831	0.001931	17.326567	-0.045354	1.172023
259.750586	-0.558257	17.331571	-0.045588	1.171975
257.787825	-0.017809	17.336576	-0.045237	1.171706
258.420357	-0.366348	17.341581	-0.045351	1.171593
258.632022	-0.803734	17.346586	-0.045388	1.171189
256.338421	-0.268005	17.351591	-0.044978	1.170764
257.427380	-0.806275	17.356595	-0.045173	1.170641
255.052234	-0.046908	17.361600	-0.044748	1.170435
255.001771	-0.026088	17.366605	-0.044739	1.170436
255.945288	-0.750801	17.371610	-0.044908	1.170033
253.945312	-0.135983	17.376615	-0.044550	1.169832
254.704142	-0.604623	17.381619	-0.044686	1.169639
253.270842	-0.355602	17.386624	-0.044430	1.169275
252.637732	-0.173340	17.391629	-0.044316	1.169197
252.998948	-0.529559	17.396634	-0.044381	1.168952
251.436915	0.008210	17.401639	-0.044102	1.168861
251.634821	-0.328071	17.406643	-0.044137	1.168565
251.139762	-0.346921	17.411648	-0.044048	1.168318
251.252621	-0.519015	17.416653	-0.044069	1.168172
250.494198	-0.610646	17.421658	-0.043933	1.167723
248.625210	0.039153	17.426663	-0.043599	1.167621
249.675602	-0.441855	17.431667	-0.043787	1.167545
248.431620	-0.208587	17.436672	-0.043564	1.167248
248.009188	-0.214789	17.441677	-0.043489	1.167049
248.714746	-0.768318	17.446682	-0.043615	1.166734
246.305764	-0.088802	17.451687	-0.043184	1.166420
247.338668	-0.554030	17.456691	-0.043369	1.166355
246.044189	-0.321045	17.461696	-0.043137	1.166034
244.685035	-0.007182	17.466701	-0.042894	1.165777
246.082829	-0.616787	17.471706	-0.043144	1.165712
244.068230	-0.029003	17.476711	-0.042784	1.165472
245.177649	-0.622504	17.481715	-0.042982	1.165293
243.809439	-0.420121	17.486720	-0.042738	1.164904
243.180874	-0.265620	17.491725	-0.042625	1.164796
243.290409	-0.598076	17.496730	-0.042645	1.164463
241.513332	-0.100456	17.501735	-0.042327	1.164227
242.628841	-0.667978	17.506739	-0.042526	1.164081
240.943932	-0.341588	17.511744	-0.042225	1.163689
239.878272	0.003124	17.516749	-0.042034	1.163601
241.500718	-0.774802	17.521754	-0.042325	1.163444
239.292391	-0.257669	17.526759	-0.041930	1.163033
240.097206	-0.670502	17.531763	-0.042074	1.162924
238.884702	-0.494933	17.536768	-0.041857	1.162574
237.274473	0.028363	17.541773	-0.041569	1.162443
238.721074	-0.621301	17.546778	-0.041828	1.162353
236.877101	-0.106146	17.551783	-0.041498	1.162106
237.186071	-0.417608	17.556787	-0.041553	1.161888
236.586269	-0.453060	17.561792	-0.041446	1.161573
235.207244	0.006581	17.566797	-0.041199	1.161474
236.398017	-0.692665	17.571802	-0.041412	1.161211
234.640553	-0.325375	17.576807	-0.041098	1.160832
234.769756	-0.475806	17.581811	-0.041121	1.160717
234.024050	-0.466548	17.586816	-0.040988	1.160387
232.558377	-0.030687	17.591821	-0.040725	1.160221
233.559758	-0.549405	17.596826	-0.040905	1.160079
232.198921	-0.168987	17.601831	-0.040661	1.159897
232.194624	-0.426746	17.606835	-0.040660	1.159597
231.841705	-0.528690	17.611840	-0.040597	1.159317
230.526838	-0.109550	17.616845	-0.040362	1.159200
230.677425	-0.368338	17.621850	-0.040389	1.158970
229.650722	-0.228990	17.626855	-0.040205	1.158661
230.199280	-0.544415	17.631859	-0.040304	1.158547
229.190172	-0.515386	17.636864	-0.040123	1.158119
227.906921	-0.077960	17.641869	-0.039894	1.158037
228.852287	-0.639313	17.646874	-0.040063	1.157820
227.500058	-0.404229	17.651879	-0.039821	1.157473
227.523630	-0.550750	17.656883	-0.039825	1.157314
226.726955	-0.567622	17.661888	-0.039683	1.156929
225.307451	-0.103237	17.666893	-0.039429	1.156816
226.437568	-0.718987	17.671898	-0.039631	1.156621
224.672151	-0.345783	17.676903	-0.039315	1.156243
224.621924	-0.369162	17.681907	-0.039306	1.156193
224.415001	-0.569351	17.686912	-0.039269	1.155866
222.978555	-0.226972	17.691917	-0.039012	1.155604
223.500441	-0.475161	17.696922	-0.039106	1.155555
221.988902	-0.148146	17.701927	-0.038835	1.155241
222.352920	-0.320775	17.706931	-0.038900	1.155208
222.469490	-0.673255	17.711936	-0.038921	1.154852
220.483709	-0.082903	17.716941	-0.038566	1.154625
221.695655	-0.725639	17.721946	-0.038783	1.154435
219.772471	-0.341625	17.726951	-0.038439	1.153997
219.059419	-0.064039	17.731955	-0.038311	1.153992
219.778947	-0.534967	17.736960	-0.038440	1.153775
218.244044	-0.114163	17.741965	-0.038165	1.153559
218.404454	-0.344776	17.746970	-0.038194	1.153364
217.956385	-0.417972	17.751975	-0.038114	1.153073
217.465472	-0.419584	17.756979	-0.038026	1.152845
217.418150	-0.600142	17.761984	-0.038018	1.152613
215.601947	-0.163347	17.766989	-0.037693	1.152285
215.653610	-0.280337	17.771994	-0.037702	1.152172
215.142371	-0.243459	17.776999	-0.037611	1.151980
214.518361	-0.090340	17.782003	-0.037499	1.151870
215.009352	-0.511293	17.787008	-0.037587	1.151606
213.838472	-0.338970	17.792013	-0.037378	1.151267
213.838542	-0.505998	17.797018	-0.037378	1.151073
212.748758	-0.365473	17.802023	-0.037183	1.150734
212.144901	-0.236326	17.807027	-0.037075	1.150606
211.971166	-0.405170	17.812032	-0.037044	1.150328
211.052411	-0.173171	17.817037	-0.036879	1.150175
211.100376	-0.344006	17.822042	-0.036888	1.149998
210.816067	-0.497168	17.827047	-0.036837	1.149688
210.020914	-0.447570	17.832051	-0.036695	1.149378
209.773267	-0.506996	17.837056	-0.036651	1.149194
207.982395	0.064268	17.842061	-0.036330	1.149034
208.791125	-0.447733	17.847066	-0.036475	1.148810
208.217069	-0.475319	17.852071	-0.036372	1.148512
207.232156	-0.186641	17.857075	-0.036196	1.148394
207.741049	-0.726580	17.862080	-0.036287	1.147998
206.556468	-0.477393	17.867085	-0.036075	1.147741
205.915532	-0.391665	17.872090	-0.035961	1.147545
205.618227	-0.500922	17.877095	-0.035907	1.147280
204.790760	-0.250608	17.882099	-0.035760	1.147189
204.442921	-0.364386	17.887104	-0.035697	1.146895
204.033401	-0.411093	17.892109	-0.035624	1.146651
204.219427	-0.620488	17.897114	-0.035657	1.146492
202.851270	-0.456984	17.902119	-0.035413	1.146049
202.007101	-0.205211	17.907123	-0.035262	1.145953
202.073687	-0.315432	17.912128	-0.035274	1.145855
201.093391	-0.117771	17.917133	-0.035098	1.145632
201.460554	-0.440344	17.922138	-0.035164	1.145424
201.427777	-0.678538	17.927143	-0.035158	1.145129
199.511927	-0.235124	17.932147	-0.034815	1.144760
199.527259	-0.295028	17.937152	-0.034818	1.144697
198.561866	-0.121063	17.942157	-0.034646	1.144453
199.332284	-0.531712	17.947162	-0.034783	1.144329
198.537133	-0.582965	17.952167	-0.034641	1.143900
197.228044	-0.179062	17.957171	-0.034407	1.143765
197.005215	-0.287804	17.962176	-0.034367	1.143534
196.804008	-0.336756	17.967181	-0.034331	1.143383
196.229499	-0.320432	17.972186	-0.034228	1.143135
195.927278	-0.436883	17.977191	-0.034174	1.142858
194.991400	-0.203290	17.982195	-0.034007	1.142697
194.915395	-0.327263	17.987200	-0.033993	1.142516
193.842086	-0.155313	17.992205	-0.033801	1.142219
194.209597	-0.469728	17.997210	-0.033867	1.142020
193.689362	-0.513289	18.002215	-0.033774	1.141727
192.489498	-0.243942	18.007219	-0.033560	1.141485
192.294695	-0.346375	18.012224	-0.033525	1.141274
191.404211	-0.263457	18.017229	-0.033365	1.140957
191.569967	-0.419322	18.022234	-0.033395	1.140851
190.483009	-0.167309	18.027239	-0.033201	1.140641
190.042612	-0.216031	18.032243	-0.033122	1.140378
190.766426	-0.655670	18.037248	-0.033251	1.140198
188.725518	-0.110164	18.042253	-0.032886	1.139889
188.295330	-0.097472	18.047258	-0.032809	1.139703
189.022142	-0.535364	18.052263	-0.032940	1.139526
188.020476	-0.328855	18.057267	-0.032760	1.139302
187.330665	-0.260864	18.062272	-0.032637	1.139060
186.980915	-0.369683	18.067277	-0.032574	1.138769
186.401054	-0.360796	18.072282	-0.032471	1.138508
186.065475	-0.402218	18.077287	-0.032411	1.138303
184.593878	0.044504	18.082291	-0.032148	1.138142
185.274916	-0.401383	18.087296	-0.032269	1.137934
184.851472	-0.440305	18.092301	-0.032194	1.137691
184.101843	-0.338913	18.097306	-0.032060	1.137460
183.696671	-0.500984	18.102311	-0.031987	1.137079
182.795899	-0.270005	18.107315	-0.031826	1.136931
182.076764	-0.240429	18.112320	-0.031697	1.136629
181.782216	-0.159854	18.117325	-0.031645	1.136587
181.074885	-0.128394	18.122330	-0.031518	1.136293
181.448815	-0.438859	18.127335	-0.031585	1.136101
181.043527	-0.473779	18.132339	-0.031513	1.135870
180.292504	-0.463303	18.137344	-0.031378	1.135530
179.477568	-0.412383	18.142349	-0.031233	1.135209
178.777312	-0.263526	18.147354	-0.031107	1.135057
178.157087	-0.181742	18.152359	-0.030996	1.134863
177.744832	-0.137865	18.157363	-0.030923	1.134722
177.961398	-0.410958	18.162368	-0.030961	1.134500
177.257681	-0.361047	18.167373	-0.030836	1.134229
176.848916	-0.375853	18.172378	-0.030762	1.134020
175.614056	-0.086557	18.177383	-0.030542	1.133783
175.021815	-0.057454	18.182387	-0.030436	1.133540
175.776387	-0.480497	18.187392	-0.030571	1.133393
174.231076	-0.071200	18.192397	-0.030294	1.133152
174.265498	-0.292873	18.197402	-0.030300	1.132906
174.366229	-0.511817	18.202407	-0.030318	1.132693
173.135928	-0.270087	18.207411	-0.030098	1.132402
172.916072	-0.379062	18.212416	-0.030059	1.132169
171.780130	-0.105081	18.217421	-0.029856	1.131961
171.604433	-0.256375	18.222426	-0.029825	1.131699
171.595039	-0.439384	18.227431	-0.029823	1.131477
170.058549	0.047069	18.232435	-0.029548	1.131332
170.606852	-0.411046	18.237440	-0.029646	1.131046
170.281665	-0.534260	18.242445	-0.029588	1.130746
169.218303	-0.396042	18.247450	-0.029398	1.130410
169.053099	-0.520058	18.252455	-0.029368	1.130185
168.072329	-0.270621	18.257459	-0.029193	1.130019
167.518092	-0.272272	18.262464	-0.029094	1.129756
167.166086	-0.333318	18.267469	-0.029031	1.129518
166.733921	-0.243133	18.272474	-0.028954	1.129422
166.279770	-0.314072	18.277479	-0.028872	1.129123
165.424922	-0.171589	18.282483	-0.028719	1.128890
165.852728	-0.461504	18.287488	-0.028796	1.128746
164.774761	-0.277080	18.292493	-0.028603	1.128458
163.897756	-0.150056	18.297498	-0.028446	1.128195
163.844554	-0.285356	18.302503	-0.028437	1.128009
162.930116	-0.026960	18.307507	-0.028273	1.127885
163.309994	-0.342441	18.312512	-0.028341	1.127689
162.665101	-0.349954	18.317517	-0.028226	1.127375
162.531034	-0.512853	18.322522	-0.028202	1.127118
161.380242	-0.390372	18.327527	-0.027996	1.126720
160.323114	-0.022956	18.332531	-0.027807	1.126659
160.120622	-0.184360	18.337536	-0.027771	1.126371
160.023271	-0.272799	18.342541	-0.027753	1.126219
159.471228	-0.215123	18.347546	-0.027655	1.126027
159.233911	-0.387684	18.352551	-0.027612	1.125709
157.967742	-0.144716	18.357555	-0.027386	1.125400
158.497391	-0.421767	18.362560	-0.027481	1.125320
157.233639	-0.107409	18.367565	-0.027255	1.125097
156.677603	-0.150105	18.372570	-0.027155	1.124783
157.352830	-0.590981	18.377575	-0.027276	1.124576
155.591861	-0.183163	18.382579	-0.026961	1.124229
156.060969	-0.502862	18.387584	-0.027045	1.124069
155.043334	-0.404521	18.392589	-0.026863	1.123705
154.291707	-0.252930	18.397594	-0.026728	1.123530
154.073150	-0.368381	18.402599	-0.026689	1.123288
153.239799	-0.126243	18.407603	-0.026540	1.123183
153.129990	-0.315947	18.412608	-0.026521	1.122903
152.902437	-0.374854	18.417613	-0.026480	1.122725
152.411922	-0.380287	18.422618	-0.026392	1.122486
152.002577	-0.521159	18.427623	-0.026319	1.122123
150.572035	-0.159851	18.432627	-0.026063	1.121876
150.386388	-0.216332	18.437632	-0.026030	1.121721
149.977491	-0.256644	18.442637	-0.025957	1.121478
149.898522	-0.353729	18.447642	-0.025943	1.121324
149.211460	-0.298424	18.452647	-0.025820	1.121064
148.329303	-0.192411	18.457651	-0.025662	1.120772
149.117526	-0.661866	18.462656	-0.025803	1.120584
147.472214	-0.345206	18.467661	-0.025509	1.120181
146.797929	-0.196747	18.472666	-0.025388	1.120039
146.437596	-0.222238	18.477671	-0.025324	1.119837
145.898342	-0.167289	18.482675	-0.025227	1.119646
146.338731	-0.494177	18.487680	-0.025306	1.119463
145.273456	-0.368775	18.492685	-0.025116	1.119107
144.617055	-0.275457	18.497690	-0.024998	1.118906
144.913227	-0.629619	18.502695	-0.025051	1.118622
143.472797	-0.342014	18.507699	-0.024794	1.118281
143.600247	-0.519622	18.512704	-0.024816	1.118128
142.405901	-0.206732	18.517709	-0.024603	1.117935
141.713748	-0.124597	18.522714	-0.024479	1.117704
142.903679	-0.750167	18.527719	-0.024692	1.117519
141.245572	-0.422106	18.532723	-0.024395	1.117123
141.278858	-0.618192	18.537728	-0.024401	1.116903
139.891664	-0.348715	18.542733	-0.024153	1.116565
139.004057	-0.111407	18.547738	-0.023994	1.116427
140.089003	-0.642276	18.552743	-0.024188	1.116306
138.141626	-0.032603	18.557747	-0.023840	1.116111
138.512570	-0.380570	18.562752	-0.023906	1.115868
138.593169	-0.663822	18.567757	-0.023921	1.115566
137.037310	-0.298670	18.572762	-0.023643	1.115262
137.511393	-0.675795	18.577767	-0.023727	1.115034
135.635648	-0.072860	18.582771	-0.023392	1.114865
135.460727	-0.104568	18.587776	-0.023361	1.114743
135.636804	-0.378713	18.592781	-0.023392	1.114496
134.364917	-0.089262	18.597786	-0.023165	1.114237
135.650104	-0.777717	18.602791	-0.023395	1.114021
133.337269	-0.205711	18.607795	-0.022981	1.113605
133.438153	-0.274027	18.612800	-0.022999	1.113570
133.398944	-0.553865	18.617805	-0.022992	1.113214
131.664472	-0.060489	18.622810	-0.022682	1.112979
132.585965	-0.502987	18.627815	-0.022847	1.112886
131.974165	-0.518218	18.632819	-0.022737	1.112574
131.266208	-0.469039	18.637824	-0.022611	1.112294
130.350750	-0.389256	18.642829	-0.022447	1.111952
128.807452	0.085486	18.647834	-0.022171	1.111786
129.962556	-0.391466	18.652839	-0.022377	1.111763
129.181917	-0.315466	18.657843	-0.022238	1.111481
128.572503	-0.350231	18.662848	-0.022129	1.111146
128.651484	-0.562311	18.667853	-0.022143	1.110927
127.060318	-0.181058	18.672858	-0.021858	1.110625
127.307998	-0.380448	18.677863	-0.021903	1.110502
126.033374	-0.095237	18.682867	-0.021675	1.110236
126.413022	-0.356585	18.687872	-0.021743	1.110102
125.834624	-0.392970	18.692877	-0.021639	1.109779
124.273702	0.077272	18.697882	-0.021360	1.109599
125.711553	-0.692176	18.702887	-0.021617	1.109358
123.950479	-0.309445	18.707891	-0.021302	1.108975
123.505979	-0.223813	18.712896	-0.021223	1.108865
123.573486	-0.520086	18.717901	-0.021235	1.108538
121.844445	0.006055	18.722906	-0.020926	1.108344
122.951042	-0.586946	18.727911	-0.021123	1.108157
121.837690	-0.412446	18.732915	-0.020924	1.107833
121.337137	-0.372068	18.737920	-0.020835	1.107641
121.091726	-0.588238	18.742925	-0.020791	1.107260
119.168622	0.070791	18.747930	-0.020447	1.107134
120.172600	-0.438336	18.752935	-0.020627	1.107000
119.171863	-0.350223	18.757939	-0.020448	1.106624
117.964834	0.026986	18.762944	-0.020232	1.106501
119.168554	-0.626514	18.767949	-0.020447	1.106287
117.566005	-0.304020	18.772954	-0.020160	1.105906
117.607164	-0.431837	18.777959	-0.020168	1.105770
116.284369	-0.080681	18.782963	-0.019931	1.105559
115.329235	0.083459	18.787968	-0.019760	1.105298
116.783005	-0.583358	18.792973	-0.020020	1.105188
114.829155	-0.015922	18.797978	-0.019671	1.104936
115.416586	-0.465860	18.802983	-0.019776	1.104671
115.054337	-0.686913	18.807987	-0.019711	1.104227
112.755076	0.047805	18.812992	-0.019300	1.104011
113.955866	-0.529915	18.817997	-0.019515	1.103888
112.417256	-0.082474	18.823002	-0.019240	1.103689
112.411728	-0.295721	18.828007	-0.019239	1.103426
112.388277	-0.486644	18.833011	-0.019234	1.103182
111.304717	-0.190749	18.838016	-0.019041	1.103019
111.666243	-0.658896	18.843021	-0.019105	1.102623
109.887604	-0.209581	18.848026	-0.018787	1.102310
109.624354	-0.211517	18.853031	-0.018740	1.102180
109.555282	-0.374066	18.858035	-0.018728	1.101948
108.762072	-0.150818	18.863040	-0.018586	1.101837
109.402568	-0.716641	18.868045	-0.018700	1.101456
107.524400	-0.157842	18.873050	-0.018365	1.101228
107.385852	-0.346022	18.878055	-0.018340	1.100931
107.275138	-0.480333	18.883059	-0.018320	1.100713
105.400901	0.170114	18.888064	-0.017985	1.100599
106.479894	-0.417167	18.893069	-0.018178	1.100405
104.926534	-0.028667	18.898074	-0.017900	1.100126
104.889164	-0.131793	18.903079	-0.017893	1.099982
105.613461	-0.707321	18.908083	-0.018023	1.099629
103.202472	0.016767	18.913088	-0.017592	1.099345
104.003078	-0.401125	18.918093	-0.017735	1.099222
102.958820	-0.189939	18.923098	-0.017548	1.098973
101.958226	-0.004175	18.928103	-0.017369	1.098715
102.789505	-0.498266	18.933107	-0.017518	1.098513
101.445964	-0.140912	18.938112	-0.017278	1.098298
101.649392	-0.439214	18.943117	-0.017314	1.098031
100.295580	-0.220758	18.948122	-0.017072	1.097641
99.805589	-0.127378	18.953127	-0.016984	1.097517
100.332886	-0.520328	18.958131	-0.017078	1.097292
98.340642	0.013995	18.963136	-0.016722	1.096977
99.525645	-0.574381	18.968141	-0.016934	1.096832
98.148807	-0.345434	18.973146	-0.016688	1.096443
97.241952	-0.149154	18.978151	-0.016526	1.096242
97.767174	-0.528933	18.983155	-0.016620	1.096031
95.966188	0.060899	18.988160	-0.016298	1.095878
96.249139	-0.259447	18.993165	-0.016348	1.095623
95.762843	-0.273431	18.998170	-0.016261	1.095368
95.404017	-0.251928	19.003175	-0.016197	1.095220
95.713442	-0.716898	19.008179	-0.016252	1.094799
93.624774	-0.215597	19.013184	-0.015879	1.094396
93.965701	-0.402184	19.018189	-0.015940	1.094333
92.767322	-0.140878	19.023194	-0.015725	1.094070
92.527030	-0.171333	19.028199	-0.015682	1.093915
92.925483	-0.537208	19.033203	-0.015754	1.093659
91.077740	0.008048	19.038208	-0.015423	1.093428
92.203982	-0.642491	19.043213	-0.015625	1.093177
91.065057	-0.432267	19.048218	-0.015421	1.092879
89.540391	-0.097027	19.053223	-0.015148	1.092547
90.988596	-0.789296	19.058227	-0.015407	1.092402
88.435590	-0.042368	19.063232	-0.014951	1.092074
88.564803	-0.216969	19.068237	-0.014974	1.091922
88.296853	-0.241869	19.073242	-0.014926	1.091760
87.360745	0.007089	19.078247	-0.014759	1.091609
88.554997	-0.724406	19.083251	-0.014972	1.091291
86.012231	0.030058	19.088256	-0.014517	1.090977
86.891466	-0.399669	19.093261	-0.014675	1.090877
85.790193	-0.272688	19.098266	-0.014478	1.090494
84.504093	0.135228	19.103271	-0.014248	1.090367
86.212314	-0.677774	19.108275	-0.014553	1.090201
83.718759	-0.063531	19.113280	-0.014107	1.089737
84.653884	-0.513731	19.118285	-0.014274	1.089639
83.446775	-0.372615	19.123290	-0.014059	1.089222
81.918635	0.133447	19.128295	-0.013785	1.089097
83.475289	-0.596036	19.133299	-0.014064	1.088959
81.056261	0.062562	19.138304	-0.013631	1.088586
81.766345	-0.306047	19.143309	-0.013758	1.088479
81.632596	-0.496093	19.148314	-0.013734	1.088178
79.521088	0.129688	19.153319	-0.013357	1.087915
81.170077	-0.627668	19.158323	-0.013651	1.087788
78.912889	-0.032927	19.163328	-0.013248	1.087415
78.506634	0.017404	19.168333	-0.013175	1.087278
79.122628	-0.386012	19.173338	-0.013285	1.087081
77.827984	-0.013512	19.178343	-0.013054	1.086906
78.657826	-0.665747	19.183347	-0.013202	1.086506
76.690093	-0.227421	19.188352	-0.012850	1.086081
76.337054	-0.146783	19.193357	-0.012787	1.086007
76.178826	-0.285751	19.198362	-0.012759	1.085757
75.115781	0.033813	19.203367	-0.012569	1.085629
75.936977	-0.516071	19.208371	-0.012716	1.085352
74.199117	-0.052418	19.213376	-0.012405	1.085071
74.021489	-0.180603	19.218381	-0.012373	1.084824
74.231573	-0.454221	19.223386	-0.012411	1.084588
71.989324	0.320626	19.228391	-0.012010	1.084445
73.472396	-0.451279	19.233395	-0.012275	1.084217
72.008679	-0.198623	19.238400	-0.012013	1.083809
72.148304	-0.359195	19.243405	-0.012038	1.083679
71.656471	-0.486731	19.248410	-0.011950	1.083277
69.871542	0.116682	19.253415	-0.011631	1.083146
70.602935	-0.311777	19.258419	-0.011762	1.082975
69.669863	-0.212479	19.263424	-0.011595	1.082637
69.366481	-0.227849	19.268429	-0.011541	1.082468
69.048363	-0.382734	19.273434	-0.011484	1.082118
67.276481	0.229512	19.278439	-0.011167	1.082004
68.463673	-0.396946	19.283443	-0.011379	1.081812
66.959473	-0.136077	19.288448	-0.011110	1.081392
66.636656	-0.062565	19.293453	-0.011052	1.081324
66.662466	-0.328365	19.298458	-0.011057	1.081006
64.929857	0.152346	19.303463	-0.010747	1.080747
66.421505	-0.541109	19.308467	-0.011014	1.080622
64.517677	-0.154435	19.313472	-0.010673	1.080161
64.159036	-0.084513	19.318477	-0.010609	1.080071
64.274220	-0.366239	19.323482	-0.010630	1.079776
62.578452	0.078184	19.328487	-0.010327	1.079490
63.769989	-0.513422	19.333491	-0.010540	1.079343
62.254566	-0.228650	19.338496	-0.010269	1.078947
61.233494	0.114311	19.343501	-0.010086	1.078869
61.895389	-0.356257	19.348506	-0.010204	1.078609
60.474290	-0.063611	19.353511	-0.009950	1.078270
61.004140	-0.353541	19.358515	-0.010045	1.078171
59.867836	-0.215599	19.363520	-0.009842	1.077779
59.193328	-0.036804	19.368525	-0.009721	1.077667
59.509222	-0.418618	19.373530	-0.009778	1.077347
57.727797	0.038253	19.378535	-0.009459	1.077033
58.685693	-0.423763	19.383539	-0.009630	1.076931
57.716168	-0.384029	19.388544	-0.009457	1.076499
57.002368	-0.298521	19.393549	-0.009329	1.076251
56.849065	-0.437817	19.398554	-0.009302	1.076001
54.830984	0.186903	19.403559	-0.008941	1.075779
55.891937	-0.302275	19.408563	-0.009131	1.075694
55.382254	-0.370746	19.413568	-0.009040	1.075355
54.022575	0.006788	19.418573	-0.008796	1.075151
54.823971	-0.560333	19.423578	-0.008940	1.074839
52.862317	-0.033764	19.428583	-0.008589	1.074522
53.473219	-0.349986	19.433587	-0.008698	1.074430
52.852780	-0.405452	19.438592	-0.008587	1.074052
51.463478	0.021282	19.443597	-0.008339	1.073894
52.163221	-0.453250	19.448602	-0.008464	1.073648
50.665867	-0.146060	19.453607	-0.008196	1.073287
50.824692	-0.249207	19.458611	-0.008225	1.073237
50.147031	-0.234847	19.463616	-0.008103	1.072916
48.974049	0.070824	19.468621	-0.007894	1.072715
50.171407	-0.559805	19.473626	-0.008108	1.072520
47.980927	-0.036437	19.478631	-0.007716	1.072084
48.130183	-0.108302	19.483635	-0.007743	1.072069
47.854455	-0.240005	19.488640	-0.007693	1.071765
46.904090	-0.111059	19.493645	-0.007523	1.071453
47.792858	-0.647868	19.498650	-0.007682	1.071222
45.679411	-0.132975	19.503655	-0.007304	1.070813
45.977747	-0.342620	19.508659	-0.007358	1.070698
45.644404	-0.476198	19.513664	-0.007298	1.070363
44.090711	0.013201	19.518669	-0.007020	1.070202
44.947210	-0.590676	19.523674	-0.007173	1.069870
43.354883	-0.197565	19.528679	-0.006889	1.069568
43.056911	-0.160649	19.533683	-0.006835	1.069466
43.019649	-0.365448	19.538688	-0.006829	1.069189
41.636963	-0.010602	19.543693	-0.006581	1.068943
42.262670	-0.395801	19.548698	-0.006693	1.068771
41.028831	-0.143198	19.553703	-0.006473	1.068471
40.725836	-0.132951	19.558707	-0.006418	1.068333
40.973691	-0.534045	19.563712	-0.006463	1.067951
39.282915	-0.024150	19.568717	-0.006160	1.067746
39.947872	-0.452923	19.573722	-0.006279	1.067539
38.606130	-0.227295	19.578727	-0.006039	1.067150
38.238330	-0.161984	19.583731	-0.005974	1.067048
38.135376	-0.363182	19.588736	-0.005955	1.066742
36.683663	0.000501	19.593741	-0.005696	1.066472
37.245529	-0.318529	19.598746	-0.005796	1.066352
36.409370	-0.242438	19.603751	-0.005647	1.066028
35.955901	-0.207330	19.608755	-0.005565	1.065844
35.777575	-0.424782	19.613760	-0.005534	1.065479
34.529668	-0.125040	19.618765	-0.005310	1.065231
35.032821	-0.493129	19.623770	-0.005400	1.065018
33.460947	-0.152633	19.628775	-0.005119	1.064658
33.236451	-0.104511	19.633779	-0.005079	1.064606
33.211286	-0.324708	19.638784	-0.005075	1.064315
32.085189	-0.102756	19.643789	-0.004873	1.064029
32.712510	-0.476299	19.648794	-0.004985	1.063872
30.987360	-0.105165	19.653799	-0.004677	1.063473
30.773452	-0.103296	19.658803	-0.004639	1.063367
31.079819	-0.395632	19.663808	-0.004693	1.063151
29.393836	0.005638	19.668813	-0.004392	1.062810
30.219176	-0.412729	19.673818	-0.004540	1.062696
29.419643	-0.440962	19.678823	-0.004396	1.062257
28.548989	-0.238745	19.683827	-0.004241	1.062074
28.365116	-0.434103	19.688832	-0.004208	1.061733
27.187447	-0.131733	19.693837	-0.003997	1.061522
27.090436	-0.297420	19.698842	-0.003980	1.061263
26.721969	-0.350093	19.703847	-0.003914	1.061010
25.508302	0.046106	19.708851	-0.003697	1.060900
25.865700	-0.315099	19.713856	-0.003761	1.060622
25.310211	-0.345008	19.718861	-0.003662	1.060303
25.140569	-0.474454	19.723866	-0.003631	1.060053
23.538910	-0.138468	19.728871	-0.003345	1.059670
23.370528	-0.086618	19.733875	-0.003315	1.059651
23.505409	-0.367974	19.738880	-0.003339	1.059361
22.492664	-0.215677	19.743885	-0.003158	1.059042
22.541008	-0.373404	19.748890	-0.003166	1.058866
21.762086	-0.340412	19.753895	-0.003027	1.058513
21.176655	-0.228414	19.758899	-0.002922	1.058360
21.062872	-0.423521	19.763904	-0.002902	1.058053
19.590247	-0.030712	19.768909	-0.002639	1.057808
19.641019	-0.165673	19.773914	-0.002648	1.057661
18.946519	-0.026772	19.778919	-0.002524	1.057486
18.305909	-0.011858	19.783923	-0.002409	1.057180
19.200773	-0.512203	19.788928	-0.002569	1.056996
17.769137	-0.273632	19.793933	-0.002313	1.056574
17.542948	-0.376426	19.798938	-0.002272	1.056328
16.796218	-0.306193	19.803943	-0.002139	1.056039
15.898606	-0.041982	19.808947	-0.001978	1.055920
15.990530	-0.300596	19.813952	-0.001995	1.055637
14.992694	-0.131368	19.818957	-0.001816	1.055346
15.310828	-0.362920	19.823962	-0.001873	1.055212
14.450049	-0.337992	19.828967	-0.001719	1.054806
13.552538	-0.095529	19.833971	-0.001559	1.054659
13.805079	-0.467156	19.838976	-0.001604	1.054313
12.544379	-0.185372	19.843981	-0.001379	1.054032
12.382681	-0.259728	19.848986	-0.001350	1.053854
11.661367	-0.126961	19.853991	-0.001221	1.053657
10.801129	0.030990	19.858995	-0.001067	1.053421
11.741788	-0.471620	19.864000	-0.001235	1.053257
10.644633	-0.321813	19.869005	-0.001039	1.052890
10.374925	-0.436107	19.874010	-0.000991	1.052606
9.438388	-0.343901	19.879015	-0.000823	1.052247
8.690604	-0.164308	19.884019	-0.000689	1.052095
8.175303	-0.114043	19.889024	-0.000597	1.051897
7.278421	0.013458	19.894029	-0.000437	1.051603
7.930127	-0.324078	19.899034	-0.000553	1.051503
7.395173	-0.369213	19.904039	-0.000458	1.051172
6.576377	-0.291381	19.909043	-0.000311	1.050854
6.450460	-0.490123	19.914048	-0.000289	1.050534
4.969135	-0.065097	19.919053	-0.000024	1.050323
4.726933	-0.119598	19.924058	0.000020	1.050130
4.866275	-0.347470	19.929063	-0.000005	1.049908
3.791726	-0.088879	19.934067	0.000187	1.049691
3.742520	-0.300303	19.939072	0.000196	1.049394
3.261746	-0.354108	19.944077	0.000282	1.049079
2.607622	-0.310542	19.949082	0.000399	1.048801
1.982449	-0.243255	19.954087	0.000510	1.048567
1.341725	-0.065807	19.959091	0.000625	1.048468
