Fri Mar 06 13:42:51 2026

Number of Points = 3457
Depth (nm)	Load (µN)	Time (s)	Depth (V)	Load (V)
9.429370	1.583299	0.000000	0.000715	1.049393

9.251072	1.424652	0.005005	0.000747	1.049098
9.052387	1.482677	0.010010	0.000783	1.049071
9.056137	1.478065	0.015014	0.000782	1.049067
8.761003	1.404428	0.020019	0.000835	1.048821
8.982865	1.274833	0.025024	0.000795	1.048767
8.795428	1.279751	0.030029	0.000829	1.048678
8.643204	1.167038	0.035034	0.000856	1.048454
8.768635	1.089826	0.040038	0.000834	1.048419
8.302319	1.118848	0.045043	0.000917	1.048218
8.556963	1.010784	0.050048	0.000872	1.048209
8.091775	0.943153	0.055053	0.000955	1.047883
8.011520	0.976573	0.060058	0.000970	1.047885
8.116081	0.738809	0.065062	0.000951	1.047632
7.713387	0.850109	0.070067	0.001023	1.047569
7.875070	0.619115	0.075072	0.000994	1.047354
7.474471	0.696529	0.080077	0.001066	1.047248
7.179827	0.741486	0.085082	0.001119	1.047155
7.133898	0.596188	0.090086	0.001127	1.046944
6.937263	0.677668	0.095091	0.001162	1.046948
7.181660	0.494920	0.100096	0.001118	1.046838
6.975585	0.408549	0.105101	0.001155	1.046621
6.721171	0.463934	0.110106	0.001201	1.046561
6.497087	0.353979	0.115110	0.001241	1.046304
6.359158	0.411011	0.120115	0.001266	1.046307
6.490609	0.262666	0.125120	0.001242	1.046183
6.383007	0.158455	0.130125	0.001262	1.045993
6.194754	0.184401	0.135130	0.001295	1.045930
5.978204	0.090440	0.140134	0.001334	1.045697
5.670955	0.220408	0.145139	0.001389	1.045707
5.875645	-0.059321	0.150144	0.001353	1.045451
5.800291	-0.098823	0.155149	0.001366	1.045361
5.350641	-0.078656	0.160154	0.001447	1.045156
5.683767	-0.295179	0.165158	0.001387	1.045048
5.170513	-0.236118	0.170163	0.001479	1.044860
5.148307	-0.320410	0.175168	0.001483	1.044740
5.128410	-0.381688	0.180173	0.001487	1.044650
4.327651	-0.225798	0.185178	0.001630	1.044440
4.660261	-0.361920	0.190182	0.001570	1.044435
4.526513	-0.303168	0.195187	0.001594	1.044442
4.457380	-0.490540	0.200192	0.001607	1.044164
4.454965	-0.535190	0.205197	0.001607	1.044105
4.015721	-0.394237	0.210202	0.001686	1.044061
3.713522	-0.473090	0.215206	0.001740	1.043803
3.634960	-0.433765	0.220211	0.001754	1.043814
3.857597	-0.526610	0.225216	0.001714	1.043808
3.621992	-0.586474	0.230221	0.001757	1.043609
3.147346	-0.487891	0.235226	0.001842	1.043492
3.298649	-0.552350	0.240230	0.001815	1.043487
3.029389	-0.434244	0.245235	0.001863	1.043501
3.112708	-0.536691	0.250240	0.001848	1.043411
2.954378	-0.582845	0.255245	0.001876	1.043270
2.729397	-0.496960	0.260250	0.001917	1.043265
2.944219	-0.663424	0.265254	0.001878	1.043160
2.543175	-0.679120	0.270259	0.001950	1.042933
2.693017	-0.744746	0.275264	0.001923	1.042925
2.554737	-0.891194	0.280269	0.001948	1.042664
2.170839	-0.770035	0.285274	0.002017	1.042623
2.332063	-0.935435	0.290278	0.001988	1.042492
1.612581	-0.795719	0.295283	0.002117	1.042302
1.548833	-0.773147	0.300288	0.002128	1.042298
1.904888	-0.913181	0.305293	0.002064	1.042300
1.480753	-0.876028	0.310298	0.002140	1.042129
1.689215	-1.069939	0.315302	0.002103	1.041986
1.055592	-0.807078	0.320307	0.002217	1.041999
1.074816	-0.822465	0.325312	0.002213	1.041989
1.092553	-1.064663	0.330317	0.002210	1.041684
0.666082	-0.912249	0.335322	0.002286	1.041662
1.245908	-1.150138	0.340326	0.002183	1.041653
0.637597	-1.138529	0.345331	0.002292	1.041354
0.439382	-1.056056	0.350336	0.002327	1.041358
0.345520	-1.020351	0.355341	0.002344	1.041356
-0.023813	-0.872003	0.360346	0.002410	1.041358
0.145514	-1.112985	0.365350	0.002380	1.041132
0.020526	-1.134235	0.370355	0.002402	1.041040
-0.114428	-1.081152	0.375360	0.002426	1.041039
-0.009581	-1.243640	0.380365	0.002408	1.040883
-0.679918	-1.076411	0.385370	0.002528	1.040753
-0.274177	-1.248389	0.390374	0.002455	1.040740
-0.689745	-1.076280	0.395379	0.002529	1.040748
-0.997271	-1.087064	0.400384	0.002585	1.040575
-0.875972	-1.261218	0.405389	0.002563	1.040412
-1.184240	-1.136026	0.410394	0.002618	1.040415
-0.712441	-1.331647	0.415398	0.002534	1.040405
-1.168941	-1.375106	0.420403	0.002615	1.040112
-1.597553	-1.208089	0.425408	0.002692	1.040108
-1.327908	-1.317779	0.430413	0.002644	1.040104
-1.860858	-1.221738	0.435418	0.002739	1.039954
-1.824070	-1.364824	0.440422	0.002733	1.039787
-1.848500	-1.348994	0.445427	0.002737	1.039795
-2.031164	-1.274031	0.450432	0.002770	1.039797
-2.049474	-1.407429	0.455437	0.002773	1.039615
-2.509197	-1.322083	0.460442	0.002856	1.039488
-2.549426	-1.311804	0.465446	0.002863	1.039480
-2.329343	-1.393236	0.470451	0.002824	1.039488
-2.608936	-1.354273	0.475456	0.002874	1.039394
-2.431838	-1.600839	0.480461	0.002842	1.039165
-3.048673	-1.355408	0.485466	0.002952	1.039165
-2.911238	-1.500608	0.490470	0.002928	1.039047
-3.202254	-1.522774	0.495475	0.002980	1.038868
-3.795083	-1.294282	0.500480	0.003086	1.038858
-3.408989	-1.448344	0.505485	0.003017	1.038857
-3.698287	-1.327694	0.510490	0.003069	1.038864
-3.394045	-1.521126	0.515494	0.003014	1.038770
-3.611327	-1.604783	0.520499	0.003053	1.038549
-4.199728	-1.374025	0.525504	0.003159	1.038544
-4.060786	-1.428273	0.530509	0.003134	1.038546
-4.487324	-1.341192	0.535514	0.003210	1.038438
-4.336422	-1.441143	0.540518	0.003183	1.038386
-4.164492	-1.578697	0.545523	0.003152	1.038296
-4.585674	-1.416055	0.550528	0.003228	1.038289
-4.309749	-1.698766	0.555533	0.003179	1.038064
-4.984381	-1.506288	0.560538	0.003299	1.037965
-5.215721	-1.421909	0.565542	0.003341	1.037955
-4.820723	-1.573881	0.570547	0.003270	1.037962
-5.239269	-1.627375	0.575552	0.003345	1.037675
-4.920910	-1.776200	0.580557	0.003288	1.037647
-5.341264	-1.613460	0.585562	0.003363	1.037640
-5.758621	-1.696438	0.590566	0.003438	1.037316
-5.611571	-1.751040	0.595571	0.003412	1.037321
-6.275743	-1.489742	0.600576	0.003531	1.037317
-5.827971	-1.662010	0.605581	0.003451	1.037325
-6.076023	-1.566953	0.610586	0.003495	1.037320
-6.189856	-1.674627	0.615590	0.003515	1.037120
-6.038193	-1.813981	0.620595	0.003488	1.037018
-7.043230	-1.415432	0.625600	0.003668	1.037015
-6.618109	-1.583185	0.630605	0.003592	1.037017
-6.737088	-1.535308	0.635610	0.003614	1.037018
-6.953690	-1.565223	0.640614	0.003652	1.036866
-6.586264	-1.848161	0.645619	0.003587	1.036688
-7.236756	-1.587324	0.650624	0.003703	1.036691
-6.833837	-1.846379	0.655629	0.003631	1.036562
-7.460994	-1.729283	0.660634	0.003743	1.036389
-8.028834	-1.514525	0.665638	0.003845	1.036374
-7.589861	-1.688516	0.670643	0.003766	1.036375
-8.143027	-1.472051	0.675648	0.003865	1.036370
-7.319578	-1.802989	0.680653	0.003718	1.036366
-7.679733	-1.882597	0.685658	0.003783	1.036075
-8.426319	-1.593442	0.690662	0.003916	1.036065
-8.139216	-1.709914	0.695667	0.003865	1.036062
-8.740923	-1.472324	0.700672	0.003973	1.036059
-8.118972	-1.811686	0.705677	0.003861	1.035939
-8.484392	-1.789952	0.710682	0.003927	1.035778
-9.169544	-1.522253	0.715686	0.004049	1.035771
-8.453901	-1.817407	0.720691	0.003921	1.035758
-9.433031	-1.673386	0.725696	0.004097	1.035437
-9.306590	-1.588704	0.730701	0.004074	1.035613
-9.672976	-1.569713	0.735706	0.004140	1.035448
-9.752901	-1.511703	0.740710	0.004154	1.035482
-9.062892	-1.815866	0.745715	0.004031	1.035443
-9.660842	-1.580482	0.750720	0.004138	1.035440
-9.459149	-1.735134	0.755725	0.004102	1.035342
-9.738245	-1.783170	0.760730	0.004152	1.035135
-10.138634	-1.629662	0.765734	0.004223	1.035127
-9.687476	-1.867152	0.770739	0.004143	1.035051
-10.878262	-1.570612	0.775744	0.004356	1.034820
-10.490349	-1.566598	0.780749	0.004286	1.035026
-10.414157	-1.760389	0.785754	0.004273	1.034813
-10.818828	-1.604753	0.790758	0.004345	1.034806
-10.339162	-1.787483	0.795763	0.004259	1.034816
-11.300467	-1.565449	0.800768	0.004431	1.034606
-11.192488	-1.655345	0.805773	0.004412	1.034545
-10.940263	-1.783291	0.810778	0.004367	1.034509
-11.731737	-1.467918	0.815782	0.004509	1.034509
-11.034250	-1.742991	0.820787	0.004384	1.034512
-11.537253	-1.708622	0.825792	0.004474	1.034296
-11.602392	-1.714458	0.830797	0.004486	1.034254
-11.510284	-1.806209	0.835802	0.004469	1.034182
-12.260339	-1.508517	0.840806	0.004603	1.034181
-11.845540	-1.668122	0.845811	0.004529	1.034188
-12.391601	-1.645178	0.850816	0.004627	1.033934
-12.329897	-1.713035	0.855821	0.004616	1.033877
-12.095582	-1.802701	0.860826	0.004574	1.033882
-12.846975	-1.506682	0.865830	0.004709	1.033878
-12.310729	-1.727730	0.870835	0.004613	1.033868
-12.973180	-1.691718	0.875840	0.004731	1.033570
-13.202319	-1.600991	0.880845	0.004772	1.033569
-12.863378	-1.730702	0.885850	0.004712	1.033576
-13.081463	-1.641629	0.890854	0.004751	1.033579
-12.777524	-1.853642	0.895859	0.004696	1.033460
-13.425590	-1.694022	0.900864	0.004812	1.033331
-13.610096	-1.622260	0.905869	0.004846	1.033329
-13.468552	-1.698825	0.910874	0.004820	1.033302
-14.332336	-1.483993	0.915878	0.004975	1.033133
-13.688896	-1.770831	0.920883	0.004860	1.033093
-13.927126	-1.741745	0.925888	0.004902	1.033007
-13.784921	-1.803462	0.930893	0.004877	1.033000
-13.981358	-1.952066	0.935898	0.004912	1.032704
-14.953126	-1.584638	0.940902	0.005086	1.032678
-14.773293	-1.647369	0.945907	0.005054	1.032689
-14.907656	-1.596880	0.950912	0.005078	1.032685
-14.724876	-1.668843	0.955917	0.005045	1.032686
-14.323296	-1.951703	0.960922	0.004974	1.032525
-15.612055	-1.563196	0.965926	0.005204	1.032362
-15.497895	-1.601035	0.970931	0.005184	1.032372
-15.397733	-1.639687	0.975936	0.005166	1.032374
-16.013211	-1.400202	0.980941	0.005276	1.032366
-15.273941	-1.693081	0.985946	0.005144	1.032368
-15.801831	-1.487456	0.990950	0.005238	1.032362
-15.257942	-1.752839	0.995955	0.005141	1.032298
-16.252355	-1.514272	1.000960	0.005319	1.032092

-16.068269	-1.478487	1.010957	0.005286	1.032234
-15.768160	-1.597788	1.020954	0.005233	1.032234
-15.780476	-1.566290	1.030950	0.005235	1.032269
-16.282859	-1.357110	1.040947	0.005325	1.032281
-15.995341	-1.409865	1.050944	0.005273	1.032361
-15.470786	-1.620741	1.060941	0.005180	1.032358
-15.839829	-1.470088	1.070938	0.005246	1.032363
-15.929902	-1.231778	1.080934	0.005262	1.032627
-15.286896	-1.443081	1.090931	0.005147	1.032686
-15.478266	-1.482327	1.100928	0.005181	1.032534
-15.587306	-1.322851	1.110925	0.005201	1.032686
-15.367836	-1.407354	1.120922	0.005162	1.032689
-15.228205	-1.466522	1.130918	0.005137	1.032684
-15.524213	-1.348416	1.140915	0.005190	1.032685
-15.412441	-1.160338	1.150912	0.005170	1.032988
-14.814955	-1.429418	1.160909	0.005063	1.032947
-14.970720	-1.377970	1.170906	0.005091	1.032933
-15.051539	-1.295566	1.180902	0.005106	1.032999
-15.017543	-1.307416	1.190899	0.005100	1.033001
-15.135362	-1.257985	1.200896	0.005121	1.033004
-14.886018	-1.354141	1.210893	0.005076	1.033008
-14.834913	-1.124250	1.220890	0.005067	1.033334
-14.601603	-1.216650	1.230886	0.005026	1.033335
-14.710309	-1.174495	1.240883	0.005045	1.033333
-14.653474	-1.195139	1.250880	0.005035	1.033335
-14.467224	-1.272211	1.260877	0.005002	1.033331
-14.538478	-1.247778	1.270874	0.005015	1.033326
-14.425872	-1.110485	1.280870	0.004995	1.033564
-14.164707	-1.209129	1.290867	0.004948	1.033570
-14.234868	-1.268450	1.300864	0.004961	1.033456
-14.271822	-1.165982	1.310861	0.004967	1.033571
-13.990316	-1.282474	1.320858	0.004917	1.033564
-13.882972	-1.316826	1.330854	0.004898	1.033575
-14.083800	-1.241345	1.340851	0.004934	1.033569
-14.209131	-1.189700	1.350848	0.004956	1.033571
-13.961244	-1.250876	1.360845	0.004912	1.033620
-13.725625	-1.195351	1.370842	0.004870	1.033815
-13.775031	-1.123556	1.380838	0.004879	1.033883
-13.628561	-1.181739	1.390835	0.004853	1.033882
-13.497817	-1.295826	1.400832	0.004830	1.033801
-13.538003	-1.219326	1.410829	0.004837	1.033880
-13.728621	-1.143125	1.420826	0.004871	1.033880
-13.681869	-1.082743	1.430822	0.004863	1.033983
-13.326765	-1.068687	1.440819	0.004799	1.034186
-13.424319	-1.027443	1.450816	0.004817	1.034189
-13.280102	-1.087542	1.460813	0.004791	1.034185
-13.128395	-1.145235	1.470810	0.004764	1.034188
-13.324952	-1.069065	1.480806	0.004799	1.034185
-13.099802	-1.078724	1.490803	0.004759	1.034289
-12.904717	-1.202411	1.500800	0.004724	1.034229
-12.865238	-1.105880	1.510797	0.004717	1.034375
-12.792075	-1.040406	1.520794	0.004704	1.034499
-12.719442	-1.134030	1.530790	0.004691	1.034414
-12.839881	-1.077209	1.540787	0.004713	1.034425
-12.774854	-1.040104	1.550784	0.004702	1.034507
-12.604046	-1.106957	1.560781	0.004671	1.034508
-12.502274	-1.144649	1.570778	0.004653	1.034512
-12.835266	-0.996741	1.580774	0.004713	1.034532
-12.380078	-0.959080	1.590771	0.004631	1.034817
-12.197801	-1.201346	1.600768	0.004599	1.034595
-12.409237	-0.990269	1.610765	0.004637	1.034761
-12.539162	-0.900026	1.620762	0.004660	1.034811
-12.126800	-1.065798	1.630758	0.004586	1.034808
-12.341620	-0.957626	1.640755	0.004625	1.034838
-12.049651	-0.853419	1.650752	0.004573	1.035125
-11.799720	-0.978846	1.660749	0.004528	1.035091
-11.875620	-0.993907	1.670746	0.004542	1.035032
-12.246292	-0.770848	1.680742	0.004608	1.035130
-11.933237	-0.899720	1.690739	0.004552	1.035124
-11.731182	-0.978829	1.700736	0.004516	1.035126
-11.818301	-0.724360	1.710733	0.004532	1.035412
-11.672276	-0.757313	1.720730	0.004506	1.035445
-11.434278	-0.858161	1.730726	0.004463	1.035436
-11.436366	-0.857799	1.740723	0.004464	1.035436
-11.617066	-0.782495	1.750720	0.004496	1.035440
-11.197862	-0.946312	1.760717	0.004421	1.035443
-11.290559	-0.911556	1.770714	0.004438	1.035440
-11.451434	-0.758085	1.780710	0.004467	1.035557
-11.192615	-0.691236	1.790707	0.004420	1.035778
-10.954356	-0.881145	1.800704	0.004378	1.035654
-11.004327	-0.769168	1.810701	0.004387	1.035774
-11.211441	-0.683949	1.820698	0.004424	1.035777
-10.925486	-0.798853	1.830694	0.004373	1.035775
-10.897150	-0.806586	1.840691	0.004368	1.035780
-11.133692	-0.663671	1.850688	0.004410	1.035843
-10.872201	-0.599155	1.860685	0.004364	1.036063
-10.737525	-0.643942	1.870682	0.004340	1.036074
-10.876452	-0.538914	1.880678	0.004365	1.036138
-10.500037	-0.559924	1.890675	0.004297	1.036306
-10.439933	-0.591576	1.900672	0.004287	1.036296
-10.252625	-0.599491	1.910669	0.004253	1.036382
-10.617380	-0.466095	1.920666	0.004319	1.036367
-10.189550	-0.620679	1.930662	0.004242	1.036387
-10.119233	-0.652679	1.940659	0.004230	1.036381
-10.158066	-0.637270	1.950656	0.004237	1.036381
-10.165867	-0.636133	1.960653	0.004238	1.036378
-10.109877	-0.652832	1.970650	0.004228	1.036385
-10.115009	-0.649819	1.980646	0.004229	1.036386
-10.024835	-0.532850	1.990643	0.004213	1.036585
-9.614990	-0.625370	2.000640	0.004140	1.036677
-9.616554	-0.848751	2.010637	0.004140	1.036385
-9.745441	-0.721309	2.020634	0.004164	1.036484
-9.629284	-0.828546	2.030630	0.004143	1.036404
-9.610137	-0.837357	2.040627	0.004140	1.036402
-9.500892	-0.686216	2.050624	0.004120	1.036656
-9.412171	-0.696742	2.060621	0.004104	1.036688
-9.203425	-0.802029	2.070618	0.004067	1.036659
-9.471427	-0.828104	2.080614	0.004115	1.036485
-9.308908	-0.739616	2.090611	0.004086	1.036685
-9.207178	-0.773201	2.100608	0.004068	1.036693
-9.245342	-0.757699	2.110605	0.004075	1.036694
-9.213666	-0.770417	2.120602	0.004069	1.036693
-9.228222	-0.728730	2.130598	0.004072	1.036740
-8.960857	-0.782582	2.140595	0.004024	1.036808
-8.892189	-0.646361	2.150592	0.004012	1.037021
-9.003983	-0.600409	2.160589	0.004032	1.037022
-8.842543	-0.667003	2.170586	0.004003	1.037019
-8.776348	-0.692742	2.180582	0.003992	1.037019
-8.853189	-0.659563	2.190579	0.004005	1.037023
-8.736215	-0.478476	2.200576	0.003984	1.037319
-8.503036	-0.567803	2.210573	0.003943	1.037323
-8.620313	-0.518647	2.220570	0.003964	1.037326
-8.743358	-0.458790	2.230566	0.003986	1.037340
-8.224276	-0.542549	2.240563	0.003893	1.037500
-8.188256	-0.494781	2.250560	0.003887	1.037580
-8.468233	-0.364647	2.260557	0.003937	1.037604
-8.386693	-0.369107	2.270554	0.003923	1.037640
-8.054819	-0.496636	2.280550	0.003863	1.037646
-8.053396	-0.499895	2.290547	0.003863	1.037642
-8.174824	-0.273993	2.300544	0.003885	1.037873
-7.924244	-0.313290	2.310541	0.003840	1.037952
-7.794359	-0.361375	2.320538	0.003817	1.037956
-7.874401	-0.329985	2.330534	0.003831	1.037955
-7.806059	-0.360001	2.340531	0.003819	1.037951
-7.851599	-0.341563	2.350528	0.003827	1.037951
-7.633443	-0.197535	2.360525	0.003789	1.038251
-7.758457	-0.163569	2.370522	0.003811	1.038231
-7.638545	-0.162731	2.380518	0.003790	1.038293
-7.173876	-0.351224	2.390515	0.003707	1.038289
-7.349257	-0.279542	2.400512	0.003738	1.038291
-7.494768	-0.197873	2.410509	0.003764	1.038321
-7.231836	-0.313398	2.420506	0.003717	1.038307
-7.057160	-0.361400	2.430502	0.003686	1.038335
-7.040516	-0.224179	2.440499	0.003683	1.038522
-7.139357	-0.169678	2.450496	0.003701	1.038541
-7.228426	-0.128143	2.460493	0.003717	1.038549
-7.012093	-0.214903	2.470490	0.003678	1.038548
-6.945122	-0.238544	2.480486	0.003666	1.038551
-6.580221	-0.267147	2.490483	0.003601	1.038703
-6.767853	-0.183133	2.500480	0.003635	1.038715
-6.867007	-0.101929	2.510477	0.003653	1.038769
-6.579439	-0.149937	2.520474	0.003601	1.038855
-6.472475	-0.189917	2.530470	0.003582	1.038858
-6.661649	-0.118638	2.540467	0.003616	1.038852
-6.534205	-0.091720	2.550464	0.003593	1.038953
-6.385365	-0.169475	2.560461	0.003567	1.038929
-6.290059	-0.066546	2.570458	0.003550	1.039111
-6.183828	-0.066053	2.580454	0.003531	1.039167
-6.202644	-0.062102	2.590451	0.003534	1.039162
-6.282942	-0.034522	2.600448	0.003549	1.039156
-6.127215	-0.091382	2.610445	0.003521	1.039162
-6.099892	-0.089977	2.620442	0.003516	1.039178
-6.009610	0.110049	2.630438	0.003500	1.039484
-6.110092	0.150836	2.640435	0.003518	1.039485
-6.114666	0.275421	2.650432	0.003519	1.039644
-5.918779	0.308383	2.660429	0.003484	1.039788
-5.784467	0.261675	2.670426	0.003460	1.039797
-5.701621	0.288120	2.680422	0.003446	1.039874
-5.486612	0.333785	2.690419	0.003407	1.040044
-5.531027	0.347981	2.700416	0.003415	1.040039
-5.432804	0.369042	2.710413	0.003398	1.040117
-5.325095	0.318416	2.720410	0.003379	1.040107
-5.308542	0.315149	2.730406	0.003376	1.040111
-5.250671	0.289959	2.740403	0.003365	1.040108
-5.354436	0.330847	2.750400	0.003384	1.040107
-5.138578	0.245425	2.760397	0.003346	1.040107
-5.032369	0.382600	2.770394	0.003327	1.040340
-5.122829	0.485340	2.780390	0.003343	1.040426
-4.856205	0.377487	2.790387	0.003295	1.040424
-4.738100	0.330070	2.800384	0.003274	1.040423
-4.571090	0.260177	2.810381	0.003244	1.040418
-4.701355	0.316549	2.820378	0.003268	1.040424
-4.439913	0.207446	2.830374	0.003221	1.040417
-4.588867	0.196159	2.840371	0.003248	1.040325
-4.664719	0.297601	2.850368	0.003262	1.040417
-4.342452	0.167783	2.860365	0.003204	1.040415
-4.477256	0.226805	2.870362	0.003228	1.040422
-4.689935	0.311401	2.880358	0.003266	1.040422
-4.287740	0.346133	2.890355	0.003194	1.040674
-4.315469	0.350793	2.900352	0.003199	1.040666
-4.244798	0.386835	2.910349	0.003187	1.040749
-4.141370	0.346464	2.920346	0.003168	1.040749
-4.338517	0.428191	2.930342	0.003204	1.040753
-4.217982	0.600879	2.940339	0.003182	1.041039
-4.053481	0.535298	2.950336	0.003153	1.041039
-3.853057	0.453673	2.960333	0.003117	1.041036
-3.965750	0.604482	2.970330	0.003137	1.041173
-3.614826	0.608165	2.980326	0.003075	1.041359
-3.586950	0.593404	2.990323	0.003070	1.041354
-3.713164	0.567936	3.000320	0.003093	1.041256
-3.492097	0.550731	3.010317	0.003053	1.041347
-3.530307	0.568479	3.020314	0.003060	1.041350
-3.428110	0.534086	3.030310	0.003042	1.041358
-3.523223	0.568392	3.040307	0.003059	1.041353
-3.441219	0.585560	3.050304	0.003044	1.041417
-3.070181	0.571568	3.060301	0.002978	1.041590
-3.122150	0.645021	3.070298	0.002987	1.041659
-3.212421	0.680414	3.080294	0.003004	1.041658
-3.213627	0.684039	3.090291	0.003004	1.041662
-3.129376	0.652931	3.100288	0.002989	1.041664
-3.122883	0.853110	3.110285	0.002988	1.041927
-3.102847	0.896054	3.120282	0.002984	1.041993
-2.864818	0.803507	3.130278	0.002942	1.041995
-2.898083	0.882808	3.140275	0.002948	1.042081
-3.024196	1.105130	3.150272	0.002970	1.042303
-2.489544	0.887539	3.160269	0.002875	1.042297
-2.483590	0.890610	3.170266	0.002874	1.042304
-2.799737	1.119015	3.180262	0.002931	1.042436
-2.365595	1.090734	3.190259	0.002853	1.042623
-2.152590	0.900298	3.200256	0.002815	1.042486
-2.309432	1.069972	3.210253	0.002843	1.042625
-2.319310	1.073912	3.220250	0.002845	1.042624
-2.094671	0.981266	3.230246	0.002805	1.042620
-2.222221	1.029681	3.240243	0.002828	1.042617
-2.164377	1.011318	3.250240	0.002818	1.042622
-2.041484	1.014934	3.260237	0.002796	1.042690
-1.879024	1.109721	3.270234	0.002767	1.042896
-1.988784	1.178646	3.280230	0.002786	1.042929
-1.820059	1.115436	3.290227	0.002756	1.042934
-1.803708	1.106040	3.300224	0.002753	1.042930
-1.741820	1.084319	3.310221	0.002742	1.042933
-1.619499	1.058714	3.320218	0.002721	1.042963
-1.460092	1.034534	3.330214	0.002692	1.043013
-1.488680	1.154673	3.340211	0.002697	1.043154
-1.282664	1.023181	3.350208	0.002661	1.043090
-1.348791	1.058926	3.360205	0.002673	1.043102
-1.204367	1.134383	3.370202	0.002647	1.043273
-1.104701	0.968694	3.380198	0.002629	1.043110
-1.280136	1.158695	3.390195	0.002661	1.043265
-1.097591	1.086666	3.400192	0.002628	1.043266
-0.977630	1.039843	3.410189	0.002607	1.043267
-0.977690	1.048996	3.420186	0.002607	1.043278
-1.098978	1.091897	3.430182	0.002628	1.043271
-1.002558	1.122028	3.440179	0.002611	1.043359
-0.739442	1.120565	3.450176	0.002564	1.043493
-0.993288	1.223826	3.460173	0.002610	1.043495
-0.930850	1.196511	3.470170	0.002599	1.043492
-0.591228	1.196821	3.480166	0.002538	1.043667
-0.708272	1.349087	3.490163	0.002559	1.043803
-0.542272	1.280622	3.500160	0.002529	1.043800
-0.482791	1.256176	3.510157	0.002519	1.043799
-0.541479	1.307095	3.520154	0.002529	1.043834
-0.310663	1.432710	3.530150	0.002488	1.044115
-0.307562	1.428282	3.540147	0.002488	1.044111
-0.410054	1.466235	3.550144	0.002506	1.044107
-0.337060	1.631130	3.560141	0.002493	1.044357
0.000000	1.560090	3.570138	0.002433	1.044439

-0.017688	1.556234	3.575142	0.002436	1.044424
0.270690	1.565622	3.580147	0.002385	1.044585
-0.066999	1.925460	3.585152	0.002445	1.044876
0.364915	2.016171	3.590157	0.002368	1.045215
0.733881	2.162126	3.595162	0.002302	1.045593
1.261161	2.242176	3.600166	0.002208	1.045967
1.865079	2.302311	3.605171	0.002099	1.046355
2.124673	2.509491	3.610176	0.002053	1.046755
2.570358	2.615931	3.615181	0.001973	1.047121
2.820335	2.880659	3.620186	0.001929	1.047590
3.364615	3.018285	3.625190	0.001831	1.048046
3.777691	3.178444	3.630195	0.001757	1.048464
4.261931	3.346880	3.635200	0.001671	1.048928
5.204676	3.278225	3.640205	0.001502	1.049322
5.397939	3.548528	3.645210	0.001468	1.049769
5.985201	3.623683	3.650214	0.001363	1.050166
6.311920	3.831101	3.655219	0.001304	1.050599
6.477070	4.156483	3.660224	0.001275	1.051101
7.487417	4.102977	3.665229	0.001094	1.051548
7.945344	4.264693	3.670234	0.001012	1.051989
8.453399	4.372538	3.675238	0.000921	1.052387
8.920383	4.507804	3.680243	0.000838	1.052798
9.090637	4.812514	3.685248	0.000807	1.053276
9.833086	4.793712	3.690253	0.000674	1.053630
10.163941	5.061248	3.695258	0.000615	1.054141
10.702960	5.169709	3.700262	0.000519	1.054554
11.402487	5.252054	3.705267	0.000394	1.055015
11.680468	5.493614	3.710272	0.000344	1.055465
12.512627	5.462353	3.715277	0.000195	1.055848
12.877053	5.652598	3.720282	0.000130	1.056276
13.334395	5.782810	3.725286	0.000048	1.056675
13.871612	5.884379	3.730291	-0.000048	1.057077
14.031345	6.199005	3.735296	-0.000077	1.057560
14.899928	6.186461	3.740301	-0.000232	1.057984
15.282505	6.329431	3.745306	-0.000300	1.058360
15.825914	6.452099	3.750310	-0.000398	1.058792
16.475338	6.487729	3.755315	-0.000514	1.059166
16.393377	6.854372	3.760320	-0.000499	1.059592
16.998168	7.006335	3.765325	-0.000607	1.060091
17.609725	7.122554	3.770330	-0.000717	1.060549
18.182984	7.258463	3.775334	-0.000819	1.061011
18.868313	7.290425	3.780339	-0.000942	1.061398
18.955739	7.602113	3.785344	-0.000957	1.061838
19.682320	7.675753	3.790349	-0.001087	1.062299
20.033073	7.854406	3.795354	-0.001150	1.062703
20.557801	8.045020	3.800358	-0.001244	1.063209
21.249408	8.038864	3.805363	-0.001368	1.063550
21.718734	8.168746	3.810368	-0.001452	1.063951
22.552878	8.150341	3.815373	-0.001601	1.064348
22.912289	8.293311	3.820378	-0.001665	1.064711
23.346008	8.404751	3.825382	-0.001743	1.065070
23.713742	8.553308	3.830387	-0.001808	1.065443
23.998732	8.787031	3.835392	-0.001859	1.065882
24.796337	8.787100	3.840397	-0.002002	1.066284
25.256925	8.910830	3.845402	-0.002084	1.066672
25.742536	9.015349	3.850406	-0.002171	1.067048
26.271132	9.134515	3.855411	-0.002266	1.067464
26.473114	9.398894	3.860416	-0.002302	1.067899
26.851697	9.540442	3.865421	-0.002370	1.068268
27.506535	9.652188	3.870426	-0.002487	1.068737
27.987807	9.787314	3.875430	-0.002573	1.069149
28.837766	9.757419	3.880435	-0.002725	1.069537
29.050392	10.011644	3.885440	-0.002763	1.069964
29.779498	10.018144	3.890445	-0.002893	1.070338
29.974031	10.236332	3.895450	-0.002928	1.070710
30.240699	10.498968	3.900454	-0.002976	1.071174
31.135925	10.491155	3.905459	-0.003136	1.071612
31.520786	10.638730	3.910464	-0.003205	1.071990
32.330055	10.641597	3.915469	-0.003349	1.072398
32.664236	10.813332	3.920474	-0.003409	1.072781
33.146141	10.905058	3.925478	-0.003495	1.073137
33.737824	10.923944	3.930483	-0.003601	1.073456
33.765714	11.207507	3.935488	-0.003606	1.073826
34.712862	11.193991	3.940493	-0.003776	1.074282
35.193281	11.295065	3.945498	-0.003861	1.074648
35.505567	11.462052	3.950502	-0.003917	1.075013
36.553448	11.325621	3.955507	-0.004105	1.075364
36.880625	11.449175	3.960512	-0.004163	1.075682
37.394880	11.478619	3.965517	-0.004255	1.075975
37.631803	11.655749	3.970522	-0.004298	1.076315
38.189104	11.729427	3.975526	-0.004397	1.076684
38.806037	11.755339	3.980531	-0.004508	1.077023
39.138852	11.915977	3.985536	-0.004567	1.077390
39.844396	11.908378	3.990541	-0.004693	1.077731
40.098405	12.070515	3.995546	-0.004739	1.078060
40.350606	12.239071	4.000550	-0.004784	1.078396
41.039295	12.271784	4.005555	-0.004907	1.078779
41.459298	12.415595	4.010560	-0.004982	1.079167
41.963968	12.543325	4.015565	-0.005072	1.079577
42.602096	12.576297	4.020570	-0.005186	1.079935
42.988490	12.715491	4.025574	-0.005256	1.080300
43.729184	12.700989	4.030579	-0.005388	1.080649
44.067725	12.832555	4.035584	-0.005449	1.080981
44.396264	12.990586	4.040589	-0.005507	1.081340
45.017902	13.078828	4.045594	-0.005619	1.081758
45.357853	13.240501	4.050598	-0.005679	1.082128
46.090044	13.240420	4.055603	-0.005810	1.082490
46.509886	13.360298	4.060608	-0.005885	1.082847
47.147218	13.332392	4.065613	-0.005999	1.083127
47.488304	13.450363	4.070618	-0.006060	1.083442
47.888755	13.587058	4.075622	-0.006132	1.083810
48.722461	13.551739	4.080627	-0.006281	1.084178
48.996186	13.699611	4.085632	-0.006330	1.084497
49.834976	13.617201	4.090637	-0.006480	1.084808
50.248829	13.688731	4.095642	-0.006554	1.085101
50.624827	13.809232	4.100646	-0.006621	1.085436
51.449497	13.706523	4.105651	-0.006769	1.085715
51.773297	13.789822	4.110656	-0.006827	1.085978
52.553871	13.701545	4.115661	-0.006966	1.086253
52.963863	13.715131	4.120666	-0.007040	1.086472
53.139763	13.860023	4.125670	-0.007071	1.086739
53.862203	13.792549	4.130675	-0.007200	1.087011
54.023362	13.987284	4.135680	-0.007229	1.087331
54.581026	14.015217	4.140685	-0.007329	1.087640
55.107132	14.063253	4.145690	-0.007423	1.087959
55.145638	14.299363	4.150694	-0.007430	1.088270
55.945313	14.263080	4.155699	-0.007573	1.088618
56.283802	14.410257	4.160704	-0.007633	1.088967
56.756679	14.515904	4.165709	-0.007718	1.089330
57.351670	14.567118	4.170714	-0.007824	1.089685
57.648954	14.756381	4.175718	-0.007877	1.090065
58.287464	14.822980	4.180723	-0.007992	1.090461
58.652202	14.951841	4.185728	-0.008057	1.090799
58.986787	15.126122	4.190733	-0.008117	1.091178
59.784151	15.134183	4.195738	-0.008259	1.091579
60.030034	15.355227	4.200742	-0.008303	1.091972
60.934005	15.290107	4.205747	-0.008465	1.092335
61.273943	15.421215	4.210752	-0.008526	1.092663
61.774858	15.495028	4.215757	-0.008615	1.092999
62.293280	15.536277	4.220762	-0.008708	1.093303
62.497187	15.732525	4.225766	-0.008745	1.093645
62.972953	15.873981	4.230771	-0.008830	1.094052
63.484428	16.004753	4.235776	-0.008921	1.094463
63.821478	16.191322	4.240781	-0.008981	1.094857
64.598789	16.222553	4.245786	-0.009120	1.095275
65.035367	16.345189	4.250790	-0.009199	1.095639
65.781549	16.344291	4.255795	-0.009332	1.096002
66.043187	16.518537	4.260800	-0.009379	1.096344
66.400758	16.691003	4.265805	-0.009443	1.096730
67.047042	16.753136	4.270810	-0.009558	1.097121
67.393574	16.924244	4.275814	-0.009620	1.097500
67.969036	17.033864	4.280819	-0.009723	1.097915
68.336074	17.173918	4.285824	-0.009789	1.098266
68.827116	17.279875	4.290829	-0.009877	1.098635
69.413629	17.393186	4.295834	-0.009982	1.099059
69.747644	17.606581	4.300838	-0.010041	1.099483
70.429941	17.651656	4.305843	-0.010163	1.099870
71.044025	17.711428	4.310848	-0.010273	1.100241
71.518557	17.781234	4.315853	-0.010358	1.100557
72.170454	17.824105	4.320858	-0.010475	1.100926
72.440420	18.010718	4.325862	-0.010523	1.101286
73.079933	18.051445	4.330867	-0.010637	1.101646
73.481950	18.185166	4.335872	-0.010709	1.102004
73.952904	18.286720	4.340877	-0.010793	1.102357
74.648273	18.316584	4.345882	-0.010918	1.102730
75.048538	18.372463	4.350886	-0.010989	1.102993
75.575536	18.417678	4.355891	-0.011084	1.103303
76.075118	18.481135	4.360896	-0.011173	1.103622
76.436212	18.611447	4.365901	-0.011238	1.103956
77.121244	18.634638	4.370906	-0.011360	1.104316
77.517784	18.744545	4.375910	-0.011431	1.104642
78.100020	18.792393	4.380915	-0.011535	1.104982
78.640065	18.836838	4.385920	-0.011632	1.105297
79.107084	18.892205	4.390925	-0.011715	1.105590
79.736255	18.886843	4.395930	-0.011828	1.105888
80.126582	18.972517	4.400934	-0.011898	1.106181
80.698649	19.009118	4.405939	-0.012000	1.106501
81.077205	19.102106	4.410944	-0.012068	1.106797
81.294285	19.275890	4.415949	-0.012106	1.107113
81.809227	19.404044	4.420954	-0.012198	1.107518
82.259430	19.499275	4.425958	-0.012279	1.107851
82.739085	19.576042	4.430963	-0.012365	1.108175
83.330164	19.641007	4.435968	-0.012470	1.108539
83.690223	19.779265	4.440973	-0.012535	1.108880
84.288848	19.844528	4.445978	-0.012642	1.109248
84.554056	20.080194	4.450982	-0.012689	1.109662
85.140879	20.167539	4.455987	-0.012794	1.110050
85.644967	20.270380	4.460992	-0.012884	1.110417
85.881605	20.480038	4.465997	-0.012927	1.110785
86.539839	20.604120	4.471002	-0.013045	1.111252
86.954227	20.750033	4.476006	-0.013119	1.111628
87.432254	20.894341	4.481011	-0.013204	1.112032
88.071701	21.008931	4.486016	-0.013319	1.112478
88.291200	21.232683	4.491021	-0.013358	1.112854
88.891889	21.298102	4.496026	-0.013465	1.113221
89.213859	21.532418	4.501030	-0.013523	1.113659
89.733325	21.693868	4.506035	-0.013616	1.114103
90.292594	21.822512	4.511040	-0.013716	1.114527
90.796217	22.006120	4.516045	-0.013806	1.114990
91.249712	22.159483	4.521050	-0.013887	1.115392
91.663699	22.370344	4.526054	-0.013961	1.115845
92.176009	22.539538	4.531059	-0.014053	1.116294
92.688395	22.688799	4.536064	-0.014144	1.116719
93.345972	22.806604	4.541069	-0.014262	1.117175
93.934619	22.908378	4.546074	-0.014367	1.117579
94.431150	22.979420	4.551078	-0.014456	1.117902
94.680577	23.234569	4.556083	-0.014501	1.118328
95.367768	23.300049	4.561088	-0.014624	1.118735
95.665665	23.500653	4.566093	-0.014677	1.119118
96.211396	23.668858	4.571098	-0.014774	1.119581
96.619947	23.866422	4.576102	-0.014847	1.120013
97.171224	23.991130	4.581107	-0.014946	1.120425
97.656276	24.187048	4.586112	-0.015033	1.120892
98.099316	24.338827	4.591117	-0.015112	1.121285
98.663613	24.482327	4.596122	-0.015213	1.121726
99.153457	24.648986	4.601126	-0.015301	1.122159
99.650522	24.803951	4.606131	-0.015390	1.122581
100.192799	24.893299	4.611136	-0.015487	1.122946
100.586672	25.072495	4.616141	-0.015557	1.123347
101.143504	25.188279	4.621146	-0.015657	1.123751
101.432276	25.452975	4.626150	-0.015708	1.124205
101.969208	25.601365	4.631155	-0.015804	1.124637
102.578991	25.745098	4.636160	-0.015913	1.125098
103.010625	25.928149	4.641165	-0.015991	1.125522
103.531469	26.069594	4.646170	-0.016084	1.125938
103.844565	26.340313	4.651174	-0.016140	1.126410
104.196913	26.577947	4.656179	-0.016203	1.126860
104.809381	26.780048	4.661184	-0.016312	1.127392
105.367417	26.888934	4.666189	-0.016412	1.127785
105.953439	27.030807	4.671194	-0.016517	1.128232
106.490557	27.176445	4.676198	-0.016613	1.128659
106.864948	27.357574	4.681203	-0.016680	1.129052
107.365000	27.588764	4.686208	-0.016769	1.129564
107.691618	27.812483	4.691213	-0.016828	1.129985
108.274198	28.013056	4.696218	-0.016932	1.130498
108.680685	28.198032	4.701222	-0.017005	1.130910
109.194457	28.450574	4.706227	-0.017097	1.131453
109.611393	28.655540	4.711232	-0.017171	1.131893
110.076700	28.917980	4.716237	-0.017254	1.132424
110.212016	29.247115	4.721242	-0.017279	1.132879
110.790245	29.468386	4.726246	-0.017382	1.133414
111.648673	29.571076	4.731251	-0.017536	1.133939
112.224888	29.730452	4.736256	-0.017639	1.134399
112.556774	30.005719	4.741261	-0.017698	1.134882
113.173878	30.157274	4.746266	-0.017808	1.135351
113.314268	30.503471	4.751270	-0.017834	1.135828
113.852298	30.757059	4.756275	-0.017930	1.136380
114.267558	31.039599	4.761280	-0.018004	1.136910
114.727452	31.302966	4.766285	-0.018086	1.137437
115.328382	31.511358	4.771290	-0.018194	1.137965
115.934479	31.681947	4.776294	-0.018302	1.138450
116.456677	31.884296	4.781299	-0.018396	1.138934
116.915508	32.156982	4.786304	-0.018478	1.139471
117.290617	32.422124	4.791309	-0.018545	1.139959
117.854554	32.641254	4.796314	-0.018646	1.140481
118.304327	32.891641	4.801318	-0.018726	1.140987
118.877191	33.075423	4.806323	-0.018829	1.141471
119.477997	33.307068	4.811328	-0.018936	1.142024
120.071010	33.442524	4.816333	-0.019042	1.142460
120.752252	33.563087	4.821338	-0.019164	1.142920
121.167960	33.731787	4.826342	-0.019238	1.143312
121.674439	33.885367	4.831347	-0.019329	1.143729
122.235652	34.052122	4.836352	-0.019429	1.144186
122.790299	34.162297	4.841357	-0.019529	1.144574
123.304079	34.296141	4.846362	-0.019621	1.144970
123.685724	34.524332	4.851366	-0.019689	1.145416
124.234017	34.636140	4.856371	-0.019787	1.145802
124.723265	34.779152	4.861376	-0.019874	1.146197
125.100685	35.016028	4.866381	-0.019942	1.146651
125.643972	35.160269	4.871386	-0.020039	1.147072
126.217982	35.275854	4.876390	-0.020142	1.147474
126.360538	35.564863	4.881395	-0.020167	1.147879
126.872285	35.749505	4.886400	-0.020259	1.148333
127.208414	36.048390	4.891405	-0.020319	1.148839
127.803977	36.203735	4.896410	-0.020425	1.149296
128.381684	36.411797	4.901414	-0.020529	1.149807
128.641738	36.696067	4.906419	-0.020575	1.150260
129.397387	36.828693	4.911424	-0.020710	1.150765
129.879470	37.002736	4.916429	-0.020797	1.151192
130.562207	37.149561	4.921434	-0.020919	1.151679
130.888565	37.356463	4.926438	-0.020977	1.152071
131.392161	37.567895	4.931443	-0.021067	1.152551
131.729159	37.765838	4.936448	-0.021128	1.152937
132.075060	38.059529	4.941453	-0.021189	1.153439
132.586579	38.268877	4.946458	-0.021281	1.153920
133.141363	38.504616	4.951462	-0.021380	1.154450
133.778203	38.644196	4.956467	-0.021494	1.154906
134.407298	38.805774	4.961472	-0.021607	1.155384
134.755270	39.004058	4.966477	-0.021669	1.155775
135.351314	39.211642	4.971482	-0.021775	1.156291
135.639542	39.455983	4.976486	-0.021827	1.156708
136.149148	39.709285	4.981491	-0.021918	1.157237
136.599733	39.891385	4.986496	-0.021999	1.157656
136.972499	40.173678	4.991501	-0.022065	1.158155
137.719869	40.282510	4.996506	-0.022199	1.158624
138.089731	40.565457	5.001510	-0.022265	1.159123
138.602810	40.745258	5.006515	-0.022357	1.159567
139.106642	40.990321	5.011520	-0.022447	1.160082
139.385083	41.291139	5.016525	-0.022497	1.160558
140.160499	41.394766	5.021530	-0.022636	1.161034
140.630940	41.625662	5.026534	-0.022720	1.161517
140.993515	41.879648	5.031539	-0.022785	1.161977
141.472163	42.130588	5.036544	-0.022870	1.162486
141.943176	42.284009	5.041549	-0.022955	1.162879
142.442958	42.549432	5.046554	-0.023044	1.163414
142.944103	42.757339	5.051558	-0.023134	1.163884
143.266634	43.075371	5.056563	-0.023191	1.164398
143.773715	43.352536	5.061568	-0.023282	1.164950
144.370931	43.521737	5.066573	-0.023389	1.165418
145.306582	43.577322	5.071578	-0.023556	1.165909
145.697310	43.770796	5.076582	-0.023626	1.166310
146.076104	44.011227	5.081587	-0.023694	1.166760
146.611335	44.212858	5.086592	-0.023790	1.167236
146.966594	44.421045	5.091597	-0.023853	1.167638
147.485987	44.619169	5.096602	-0.023946	1.168102
148.093494	44.770761	5.101606	-0.024055	1.168553
148.607913	44.965422	5.106611	-0.024147	1.169011
148.963479	45.201398	5.111616	-0.024210	1.169444
149.504551	45.414632	5.116621	-0.024307	1.169935
149.782238	45.682386	5.121626	-0.024357	1.170369
150.301536	45.937472	5.126630	-0.024450	1.170898
150.765487	46.169108	5.131635	-0.024533	1.171374
151.341955	46.394398	5.136640	-0.024636	1.171894
151.650591	46.698411	5.141645	-0.024691	1.172383
152.286451	46.815485	5.146650	-0.024805	1.172805
152.772521	47.077842	5.151654	-0.024892	1.173326
153.215537	47.302312	5.156659	-0.024971	1.173784
153.723487	47.565827	5.161664	-0.025062	1.174315
154.226552	47.795764	5.166669	-0.025152	1.174806
154.746299	47.993172	5.171674	-0.025245	1.175267
155.081136	48.318211	5.176678	-0.025305	1.175790
155.519307	48.589518	5.181683	-0.025383	1.176298
156.108002	48.837270	5.186688	-0.025488	1.176847
156.602390	49.076192	5.191693	-0.025577	1.177343
157.157173	49.236752	5.196698	-0.025676	1.177777
157.567804	49.549006	5.201702	-0.025750	1.178318
158.182060	49.719724	5.206707	-0.025859	1.178790
158.778843	49.922030	5.211712	-0.025966	1.179289
159.012218	50.255170	5.216717	-0.026008	1.179774
159.399964	50.541204	5.221722	-0.026077	1.180275
159.957149	50.814916	5.226726	-0.026177	1.180837
160.362160	51.111619	5.231731	-0.026249	1.181357
160.943011	51.346614	5.236736	-0.026353	1.181885
161.430648	51.610349	5.241741	-0.026441	1.182404
161.969182	51.806189	5.246746	-0.026537	1.182869
162.524889	52.009707	5.251750	-0.026636	1.183349
163.022545	52.293655	5.256755	-0.026725	1.183895
163.505870	52.523747	5.261760	-0.026812	1.184373
163.784540	52.866908	5.266765	-0.026862	1.184887
164.388292	53.105823	5.271770	-0.026970	1.185428
164.800560	53.396639	5.276774	-0.027043	1.185943
165.131172	53.738576	5.281779	-0.027103	1.186478
165.773969	54.016091	5.286784	-0.027218	1.187080
166.207949	54.276035	5.291789	-0.027295	1.187568
166.772352	54.501560	5.296794	-0.027396	1.188076
167.292134	54.766095	5.301798	-0.027489	1.188607
167.704945	55.099675	5.306803	-0.027563	1.189168
168.169081	55.398519	5.311808	-0.027646	1.189713
168.562164	55.714249	5.316813	-0.027716	1.190245
169.280020	55.918764	5.321818	-0.027845	1.190796
169.905139	56.150522	5.326822	-0.027957	1.191336
170.435585	56.352559	5.331827	-0.028051	1.191800
171.096002	56.543328	5.336832	-0.028170	1.192309
171.441797	56.735242	5.341837	-0.028231	1.192679
172.035256	56.954327	5.346842	-0.028338	1.193190
172.482857	57.154198	5.351846	-0.028418	1.193614
172.875601	57.466211	5.356851	-0.028488	1.194140
173.371725	57.680887	5.361856	-0.028577	1.194602
173.784978	57.966820	5.366861	-0.028651	1.195107
174.556416	58.067060	5.371866	-0.028789	1.195562
175.081615	58.286546	5.376870	-0.028883	1.196042
175.527180	58.472544	5.381875	-0.028962	1.196448
176.262593	58.621836	5.386880	-0.029094	1.196942
176.659654	58.786247	5.391885	-0.029165	1.197302
177.194605	58.901067	5.396890	-0.029260	1.197668
177.878874	59.020654	5.401894	-0.029383	1.198105
178.446263	59.109965	5.406899	-0.029484	1.198456
178.874930	59.266586	5.411904	-0.029561	1.198821
179.144650	59.483397	5.416909	-0.029609	1.199183
179.718375	59.653695	5.421914	-0.029712	1.199628
180.111612	59.866175	5.426918	-0.029782	1.200040
180.586504	60.029764	5.431923	-0.029867	1.200433
181.308295	60.105460	5.436928	-0.029996	1.200836
181.680993	60.328744	5.441933	-0.030063	1.201250
182.388857	60.375378	5.446938	-0.030189	1.201615
182.814673	60.554291	5.451942	-0.030266	1.202003
183.107138	60.705424	5.456947	-0.030318	1.202300
183.707419	60.820039	5.461952	-0.030425	1.202693
184.101099	61.022587	5.466957	-0.030496	1.203093
184.514499	61.215312	5.471962	-0.030570	1.203490
185.050138	61.360353	5.476966	-0.030665	1.203888
185.392600	61.640288	5.481971	-0.030727	1.204351
186.177473	61.692100	5.486976	-0.030867	1.204754
186.708101	61.790171	5.491981	-0.030962	1.205097
186.923581	62.078069	5.496986	-0.031001	1.205512
187.396725	62.283293	5.501990	-0.031085	1.205949
187.832852	62.475802	5.506995	-0.031163	1.206355
188.483045	62.664053	5.512000	-0.031280	1.206850
188.895778	62.836838	5.517005	-0.031353	1.207224
189.280826	63.043594	5.522010	-0.031422	1.207623
189.681565	63.308427	5.527014	-0.031494	1.208093
190.224628	63.482121	5.532019	-0.031591	1.208524
190.876418	63.668141	5.537024	-0.031708	1.209017
191.117513	63.936667	5.542029	-0.031751	1.209420
191.700896	64.138493	5.547034	-0.031855	1.209900
192.339094	64.267202	5.552038	-0.031969	1.210322
192.686053	64.529206	5.557043	-0.032031	1.210765
193.224130	64.756310	5.562048	-0.032128	1.211252
193.594145	64.975544	5.567053	-0.032194	1.211657
194.276641	65.155406	5.572058	-0.032316	1.212155
194.814700	65.251599	5.577062	-0.032412	1.212496
195.371057	65.383798	5.582067	-0.032512	1.212886
195.922233	65.574697	5.587072	-0.032610	1.213338
196.203558	65.804823	5.592077	-0.032661	1.213715
196.858636	65.910820	5.597082	-0.032778	1.214118
197.319497	66.155842	5.602086	-0.032860	1.214590
197.633452	66.376650	5.607091	-0.032916	1.214971
198.233616	66.503013	5.612096	-0.033024	1.215372
198.615917	66.795726	5.617101	-0.033092	1.215862
199.222759	66.924407	5.622106	-0.033201	1.216268
199.838918	67.063971	5.627110	-0.033311	1.216691
200.275928	67.260659	5.632115	-0.033389	1.217098
200.883647	67.344196	5.637120	-0.033498	1.217454
201.217694	67.530490	5.642125	-0.033557	1.217805
201.652265	67.783788	5.647130	-0.033635	1.218273
202.099230	67.994839	5.652134	-0.033715	1.218700
202.620841	68.160173	5.657139	-0.033808	1.219109
203.336814	68.307563	5.662144	-0.033936	1.219582
203.764053	68.440204	5.667149	-0.034013	1.219913
204.320637	68.578891	5.672154	-0.034112	1.220307
204.976287	68.664823	5.677158	-0.034230	1.220686
205.125138	68.959572	5.682163	-0.034256	1.221075
205.750910	69.096059	5.687168	-0.034368	1.221496
206.113708	69.303958	5.692173	-0.034433	1.221882
206.634228	69.430136	5.697178	-0.034526	1.222246
207.326929	69.520819	5.702182	-0.034650	1.222645
207.575649	69.764009	5.707187	-0.034695	1.223020
208.183072	69.880659	5.712192	-0.034803	1.223411
208.541770	70.122198	5.717197	-0.034867	1.223831
209.126221	70.297964	5.722202	-0.034972	1.224276
209.568786	70.466312	5.727206	-0.035051	1.224652
209.889458	70.732788	5.732211	-0.035108	1.225083
210.525204	70.877105	5.737216	-0.035222	1.225515
210.952101	71.069811	5.742221	-0.035299	1.225911
211.353017	71.354990	5.747226	-0.035370	1.226396
211.796473	71.574675	5.752230	-0.035450	1.226827
212.279134	71.759800	5.757235	-0.035536	1.227238
212.773378	71.990375	5.762240	-0.035624	1.227703
213.326791	72.159190	5.767245	-0.035723	1.228126
213.869090	72.373519	5.772250	-0.035820	1.228594
214.397130	72.545203	5.777254	-0.035915	1.229009
214.830766	72.789663	5.782259	-0.035992	1.229462
215.656848	72.827922	5.787264	-0.036140	1.229859
216.007453	73.023588	5.792269	-0.036203	1.230224
216.358968	73.282381	5.797274	-0.036266	1.230657
216.915618	73.462946	5.802278	-0.036365	1.231093
217.490951	73.595858	5.807283	-0.036468	1.231485
218.297940	73.643014	5.812288	-0.036613	1.231883
218.741339	73.710887	5.817293	-0.036692	1.232147
219.056862	73.912510	5.822298	-0.036748	1.232502
219.538973	74.085027	5.827302	-0.036834	1.232897
220.058199	74.208491	5.832307	-0.036927	1.233254
220.614287	74.335614	5.837312	-0.037027	1.233630
221.145908	74.436547	5.842317	-0.037122	1.233968
221.612487	74.595123	5.847322	-0.037205	1.234340
222.005070	74.788121	5.852326	-0.037276	1.234718
222.290776	75.031222	5.857331	-0.037327	1.235105
222.998768	75.110290	5.862336	-0.037453	1.235494
223.236006	75.358919	5.867341	-0.037496	1.235865
223.564021	75.691081	5.872346	-0.037554	1.236366
224.394535	75.745596	5.877350	-0.037703	1.236780
224.821857	75.875873	5.882355	-0.037779	1.237104
225.564073	75.967570	5.887360	-0.037912	1.237521
225.822304	76.198091	5.892365	-0.037958	1.237881
226.033493	76.480427	5.897370	-0.037996	1.238277
226.601184	76.701306	5.902374	-0.038098	1.238758
227.157645	76.879525	5.907379	-0.038197	1.239189
227.893129	76.947333	5.912384	-0.038329	1.239576
228.254299	77.162783	5.917389	-0.038393	1.239963
228.542971	77.454711	5.922394	-0.038445	1.240402
229.024351	77.638959	5.927398	-0.038531	1.240806
229.239766	78.036958	5.932403	-0.038570	1.241328
229.984899	78.167636	5.937408	-0.038703	1.241786
230.548703	78.313670	5.942413	-0.038804	1.242184
230.928767	78.531657	5.947418	-0.038872	1.242581
231.589282	78.698352	5.952422	-0.038990	1.243042
231.941026	78.961381	5.957427	-0.039053	1.243475
232.442579	79.150977	5.962432	-0.039143	1.243893
233.175775	79.312780	5.967437	-0.039274	1.244379
233.472805	79.543728	5.972442	-0.039327	1.244754
233.860125	79.796019	5.977446	-0.039396	1.245190
234.443252	79.992981	5.982451	-0.039500	1.245649
234.962713	80.191038	5.987456	-0.039593	1.246083
235.467178	80.427335	5.992461	-0.039684	1.246551
235.804263	80.676230	5.997466	-0.039744	1.246962
236.387572	80.845986	6.002470	-0.039848	1.247391
236.849495	81.073168	6.007475	-0.039931	1.247831
237.483268	81.212477	6.012480	-0.040044	1.248249
238.011001	81.434544	6.017485	-0.040139	1.248711
238.299974	81.704962	6.022490	-0.040190	1.249123
238.914399	81.867364	6.027494	-0.040300	1.249557
239.318759	82.121153	6.032499	-0.040373	1.250001
239.954276	82.262617	6.037504	-0.040486	1.250421
240.442691	82.465087	6.042509	-0.040574	1.250844
240.995749	82.654420	6.047514	-0.040673	1.251280
241.559554	82.799926	6.052518	-0.040773	1.251674
241.941726	82.947251	6.057523	-0.040842	1.251993
242.570712	83.108647	6.062528	-0.040954	1.252431
243.058158	83.254246	6.067533	-0.041041	1.252792
243.472846	83.438633	6.072538	-0.041116	1.253165
244.261961	83.487282	6.077542	-0.041257	1.253549
244.774643	83.591991	6.082547	-0.041348	1.253877
245.180923	83.790737	6.087552	-0.041421	1.254260
245.793577	83.835291	6.092557	-0.041531	1.254566
246.133465	84.032333	6.097562	-0.041591	1.254919
246.897162	84.051523	6.102566	-0.041728	1.255261
247.366307	84.147375	6.107571	-0.041812	1.255560
247.705030	84.335807	6.112576	-0.041873	1.255904
248.379760	84.351684	6.117581	-0.041993	1.256204
248.389777	84.679595	6.122586	-0.041995	1.256558
248.992270	84.789343	6.127590	-0.042103	1.256928
249.360673	84.955212	6.132595	-0.042169	1.257260
249.932893	85.152734	6.137600	-0.042271	1.257711
250.405182	85.315134	6.142605	-0.042355	1.258082
250.927106	85.460762	6.147610	-0.042449	1.258456
251.678325	85.504464	6.152614	-0.042583	1.258817
252.199376	85.612784	6.157619	-0.042676	1.259151
252.415273	85.829327	6.162624	-0.042715	1.259472
252.777644	86.082907	6.167629	-0.042780	1.259894
253.281749	86.248408	6.172634	-0.042870	1.260281
253.854663	86.390714	6.177638	-0.042972	1.260672
254.286123	86.568809	6.182643	-0.043050	1.261042
254.947560	86.723009	6.187648	-0.043168	1.261482
255.598905	86.766945	6.192653	-0.043284	1.261801
256.060957	86.829361	6.197658	-0.043367	1.262061
256.540842	86.968044	6.202662	-0.043453	1.262408
256.956060	87.095292	6.207667	-0.043527	1.262717
257.379200	87.280210	6.212672	-0.043603	1.263090
258.064834	87.339982	6.217677	-0.043725	1.263440
258.500932	87.475091	6.222682	-0.043803	1.263765
259.089960	87.577967	6.227686	-0.043909	1.264120
259.684400	87.623635	6.232691	-0.044015	1.264416
260.031464	87.775311	6.237696	-0.044077	1.264721
260.595868	87.843241	6.242701	-0.044178	1.265029
261.646379	87.737902	6.247706	-0.044366	1.265355
262.813661	87.334211	6.252710	-0.044575	1.265413
263.262547	87.157551	6.257715	-0.044655	1.265413
263.799164	87.230187	6.262720	-0.044751	1.265713
264.483109	86.976745	6.267725	-0.044873	1.265729
264.851785	86.830367	6.272730	-0.044939	1.265728
265.402620	86.611866	6.277734	-0.045038	1.265726
265.750404	86.474952	6.282739	-0.045100	1.265725
266.309381	86.310860	6.287744	-0.045200	1.265784
266.967829	86.296293	6.292749	-0.045318	1.266043
267.223563	86.198366	6.297754	-0.045363	1.266045
267.474335	86.101801	6.302758	-0.045408	1.266047
267.715581	86.057468	6.307763	-0.045451	1.266101
267.945071	86.213802	6.312768	-0.045492	1.266362
268.600236	86.175591	6.317773	-0.045609	1.266594
268.964707	86.155321	6.322778	-0.045675	1.266724
269.321513	86.216761	6.327782	-0.045738	1.266937
269.698060	86.279108	6.332787	-0.045806	1.267160
270.200391	86.330490	6.337792	-0.045895	1.267423
270.574022	86.429122	6.342797	-0.045962	1.267683
270.971096	86.534979	6.347802	-0.046033	1.267960
271.192274	86.764292	6.352806	-0.046073	1.268294
271.466019	86.995703	6.357811	-0.046122	1.268652
271.895854	87.198740	6.362816	-0.046199	1.269045
272.054167	87.569130	6.367821	-0.046227	1.269502
272.596616	87.762768	6.372826	-0.046324	1.269932
273.060168	88.058480	6.377830	-0.046407	1.270436
273.577769	88.264571	6.382835	-0.046500	1.270868
273.861441	88.647995	6.387840	-0.046550	1.271390
274.277149	88.894453	6.392845	-0.046625	1.271822
274.775010	89.177361	6.397850	-0.046714	1.272326
275.174318	89.519572	6.402854	-0.046785	1.272852
275.585304	89.851331	6.407859	-0.046859	1.273371
276.009584	90.237631	6.412864	-0.046935	1.273953
276.641680	90.513907	6.417869	-0.047048	1.274505
277.136127	90.805164	6.422874	-0.047136	1.275016
277.801674	91.047899	6.427878	-0.047255	1.275546
278.199017	91.393030	6.432883	-0.047326	1.276072
278.587011	91.733577	6.437888	-0.047396	1.276590
279.080440	91.999459	6.442893	-0.047484	1.277073
279.784020	92.246498	6.447898	-0.047610	1.277622
280.140122	92.575127	6.452902	-0.047674	1.278113
280.548663	92.892653	6.457907	-0.047747	1.278614
280.941686	93.294595	6.462912	-0.047817	1.279197
281.523823	93.581843	6.467917	-0.047921	1.279738
282.127964	93.829598	6.472922	-0.048029	1.280246
282.570345	94.181283	6.477926	-0.048108	1.280796
283.460817	94.293891	6.482931	-0.048268	1.281279
283.661305	94.633850	6.487936	-0.048304	1.281717
284.265974	94.828747	6.492941	-0.048412	1.282169
284.759447	95.069864	6.497946	-0.048500	1.282624
285.430742	95.280993	6.502950	-0.048620	1.283120
286.049937	95.446108	6.507955	-0.048731	1.283546
286.505837	95.649622	6.512960	-0.048812	1.283945
286.980782	95.911975	6.517965	-0.048897	1.284414
287.610920	96.024385	6.522970	-0.049010	1.284789
288.061278	96.239156	6.527974	-0.049091	1.285197
288.441078	96.522563	6.532979	-0.049159	1.285648
288.919499	96.726820	6.537984	-0.049244	1.286057
289.390501	96.973979	6.542989	-0.049328	1.286507
289.888448	97.173249	6.547994	-0.049417	1.286918
290.682270	97.236336	6.552998	-0.049559	1.287308
291.263824	97.344560	6.558003	-0.049663	1.287658
291.773182	97.484977	6.563008	-0.049755	1.288012
292.139074	97.732987	6.568013	-0.049820	1.288420
292.687397	97.870936	6.573018	-0.049918	1.288787
293.287269	97.983731	6.578022	-0.050025	1.289149
293.829111	98.071724	6.583027	-0.050122	1.289461
294.310470	98.207350	6.588032	-0.050208	1.289799
294.654967	98.403626	6.593037	-0.050270	1.290143
295.061061	98.595362	6.598042	-0.050343	1.290507
295.641386	98.782729	6.603046	-0.050446	1.290938
296.215932	98.891136	6.608051	-0.050549	1.291285
296.611247	99.057120	6.613056	-0.050620	1.291618
296.950785	99.249071	6.618061	-0.050681	1.291955
297.422205	99.404861	6.623066	-0.050765	1.292308
297.902358	99.667259	6.628070	-0.050851	1.292776
298.617296	99.736457	6.633075	-0.050979	1.293138
299.057330	99.897596	6.638080	-0.051057	1.293484
299.418956	100.124343	6.643085	-0.051122	1.293866
299.778630	100.374362	6.648090	-0.051186	1.294271
300.433062	100.525139	6.653094	-0.051303	1.294692
301.016898	100.644543	6.658099	-0.051408	1.295053
301.588080	100.767510	6.663104	-0.051510	1.295412
301.966247	100.968882	6.668109	-0.051578	1.295773
302.364556	101.219311	6.673114	-0.051649	1.296194
302.751319	101.448729	6.678118	-0.051718	1.296588
303.170508	101.629661	6.683123	-0.051793	1.296944
303.732334	101.836433	6.688128	-0.051894	1.297386
304.066704	102.127304	6.693133	-0.051953	1.297821
304.843226	102.209547	6.698138	-0.052092	1.298220
305.361431	102.409904	6.703142	-0.052185	1.298637
305.964373	102.540077	6.708147	-0.052293	1.299015
306.493156	102.662744	6.713152	-0.052387	1.299355
306.638957	102.952396	6.718157	-0.052414	1.299713
307.078332	103.197507	6.723162	-0.052492	1.300143
307.670656	103.421719	6.728166	-0.052598	1.300613
308.112440	103.614272	6.733171	-0.052677	1.300990
308.748270	103.774579	6.738176	-0.052791	1.301412
309.200067	103.998565	6.743181	-0.052872	1.301824
309.735468	104.132235	6.748186	-0.052967	1.302178
310.337089	104.280488	6.753190	-0.053075	1.302573
310.794523	104.435160	6.758195	-0.053157	1.302916
311.231842	104.656592	6.763200	-0.053235	1.303320
311.705623	104.868717	6.768205	-0.053320	1.303729
311.911705	105.162705	6.773210	-0.053357	1.304114
312.452179	105.372270	6.778214	-0.053453	1.304547
312.843861	105.664971	6.783219	-0.053523	1.305005
313.431996	105.835999	6.788224	-0.053629	1.305417
313.751891	106.198865	6.793229	-0.053686	1.305918
314.305021	106.403181	6.798234	-0.053785	1.306350
314.678340	106.713940	6.803238	-0.053852	1.306818
315.157895	106.934009	6.808243	-0.053937	1.307236
315.969060	107.111609	6.813248	-0.054082	1.307744
316.371588	107.333527	6.818253	-0.054154	1.308133
317.005323	107.487950	6.823258	-0.054268	1.308545
317.221135	107.866006	6.828262	-0.054306	1.309018
317.567979	108.137543	6.833267	-0.054368	1.309435
318.144551	108.427404	6.838272	-0.054472	1.309963
318.446231	108.794087	6.843277	-0.054526	1.310458
318.953148	109.072641	6.848282	-0.054616	1.310946
319.625366	109.327326	6.853286	-0.054737	1.311475
320.131124	109.508025	6.858291	-0.054827	1.311862
320.674863	109.767800	6.863296	-0.054924	1.312344
320.819749	110.156393	6.868301	-0.054950	1.312799
321.176006	110.574890	6.873306	-0.055014	1.313368
322.029720	110.769426	6.878310	-0.055167	1.313907
322.513148	111.027578	6.883315	-0.055253	1.314363
323.351532	111.155452	6.888320	-0.055403	1.314828
323.884325	111.354353	6.893325	-0.055498	1.315243
324.408173	111.516563	6.898330	-0.055592	1.315617
324.807161	111.771538	6.903334	-0.055664	1.316036
325.119806	112.092712	6.908339	-0.055719	1.316487
325.579044	112.280231	6.913344	-0.055802	1.316861
326.093584	112.574189	6.918349	-0.055894	1.317364
326.762720	112.714217	6.923354	-0.056013	1.317773
327.316649	112.906746	6.928358	-0.056112	1.318189
327.417784	113.318016	6.933363	-0.056131	1.318647
327.867301	113.604796	6.938368	-0.056211	1.319117
328.474908	113.847507	6.943373	-0.056320	1.319605
329.048341	114.065862	6.948378	-0.056422	1.320054
329.653913	114.293960	6.953382	-0.056531	1.320526
330.047405	114.531934	6.958387	-0.056601	1.320923
330.554481	114.816895	6.963392	-0.056692	1.321413
331.092059	114.956946	6.968397	-0.056788	1.321768
331.574224	115.188483	6.973402	-0.056874	1.322194
331.961442	115.508014	6.978406	-0.056943	1.322671
332.403387	115.744505	6.983411	-0.057022	1.323085
332.980408	116.016188	6.988416	-0.057126	1.323589
333.386428	116.275622	6.993421	-0.057198	1.324012
334.161099	116.431508	6.998426	-0.057337	1.324476
334.742643	116.591605	7.003430	-0.057441	1.324868
335.179787	116.790918	7.008435	-0.057519	1.325242
335.525982	117.094515	7.013440	-0.057581	1.325686
335.781295	117.443212	7.018445	-0.057627	1.326139
336.488783	117.560008	7.023450	-0.057753	1.326536
337.277853	117.673382	7.028454	-0.057894	1.326962
337.733038	117.846529	7.033459	-0.057976	1.327316
338.249021	118.026857	7.038464	-0.058068	1.327702
338.758199	118.191077	7.043469	-0.058159	1.328068
339.459786	118.285104	7.048474	-0.058285	1.328440
340.037084	118.396532	7.053478	-0.058388	1.328780
340.179158	118.673656	7.058483	-0.058413	1.329115
340.777656	118.803018	7.063488	-0.058520	1.329481
340.979214	119.092550	7.068493	-0.058556	1.329852
341.657076	119.232636	7.073498	-0.058678	1.330260
342.177697	119.446989	7.078502	-0.058771	1.330680
342.748820	119.576672	7.083507	-0.058873	1.331036
343.165584	119.755396	7.088512	-0.058947	1.331379
343.639112	119.899647	7.093517	-0.059032	1.331711
344.154940	120.067978	7.098522	-0.059124	1.332083
344.663083	120.270044	7.103526	-0.059215	1.332485
345.067610	120.479922	7.108531	-0.059288	1.332855
345.628653	120.635410	7.113536	-0.059388	1.333232
346.209397	120.770314	7.118541	-0.059492	1.333595
346.484744	121.011172	7.123546	-0.059541	1.333945
347.019131	121.231277	7.128550	-0.059637	1.334375
347.586289	121.377522	7.133555	-0.059738	1.334744
348.034473	121.580487	7.138560	-0.059818	1.335124
348.644169	121.722149	7.143565	-0.059927	1.335505
349.277273	121.804052	7.148570	-0.060041	1.335835
349.670462	122.006901	7.153574	-0.060111	1.336192
350.040512	122.197160	7.158579	-0.060177	1.336528
350.480079	122.401785	7.163584	-0.060256	1.336905
350.950600	122.595893	7.168589	-0.060340	1.337283
351.599947	122.688778	7.173594	-0.060456	1.337630
352.340736	122.754176	7.178598	-0.060589	1.337985
352.808312	122.871168	7.183603	-0.060672	1.338285
353.465097	122.932468	7.188608	-0.060790	1.338603
353.811993	123.090820	7.193613	-0.060852	1.338897
354.274600	123.178346	7.198618	-0.060934	1.339166
354.890850	123.265821	7.203622	-0.061045	1.339494
355.369350	123.357423	7.208627	-0.061130	1.339772
355.987247	123.390798	7.213632	-0.061241	1.340047
356.441686	123.500230	7.218637	-0.061322	1.340334
356.832553	123.630926	7.223642	-0.061392	1.340617
357.431641	123.658559	7.228646	-0.061499	1.340878
357.953043	123.770001	7.233651	-0.061592	1.341193
358.510923	123.771550	7.238656	-0.061692	1.341412
359.059937	123.778018	7.243661	-0.061790	1.341632
359.526247	123.795279	7.248666	-0.061874	1.341831
360.137626	123.791993	7.253670	-0.061983	1.342066
360.405629	123.968344	7.258675	-0.062031	1.342347
361.070597	123.946862	7.263680	-0.062150	1.342584
361.557354	123.968351	7.268685	-0.062237	1.342795
362.062275	123.981207	7.273690	-0.062327	1.343005
362.449476	124.130426	7.278694	-0.062396	1.343304
363.145649	124.090823	7.283699	-0.062521	1.343536
363.623944	124.046965	7.288704	-0.062606	1.343678
364.034519	124.148163	7.293709	-0.062680	1.343939
364.559883	124.169855	7.298714	-0.062774	1.344165
364.975263	124.182843	7.303718	-0.062848	1.344340
365.436512	124.223886	7.308723	-0.062931	1.344560
365.894929	124.376870	7.313728	-0.063013	1.344890
366.210585	124.487046	7.318733	-0.063069	1.345123
366.872975	124.487715	7.323738	-0.063187	1.345381
367.318851	124.559617	7.328742	-0.063267	1.345625
367.835286	124.600991	7.333747	-0.063360	1.345867
368.200641	124.759468	7.338752	-0.063425	1.346167
368.436250	124.900251	7.343757	-0.063467	1.346398
369.056193	124.971079	7.348762	-0.063578	1.346709
369.484093	125.093669	7.353766	-0.063654	1.346997
369.901550	125.255474	7.358771	-0.063729	1.347320
370.451006	125.371249	7.363776	-0.063827	1.347648
370.926509	125.498729	7.368781	-0.063912	1.347959
371.590684	125.560221	7.373786	-0.064031	1.348277
372.017651	125.691261	7.378790	-0.064108	1.348573
372.513630	125.780432	7.383795	-0.064196	1.348853
373.118011	125.841927	7.388800	-0.064304	1.349149
373.287943	126.050373	7.393805	-0.064335	1.349421
373.715804	126.229231	7.398810	-0.064411	1.349764
374.166247	126.400459	7.403814	-0.064492	1.350108
374.603679	126.616433	7.408819	-0.064570	1.350491
375.503739	126.587323	7.413824	-0.064731	1.350811
376.084409	126.672766	7.418829	-0.064835	1.351120
376.396938	126.769110	7.423834	-0.064891	1.351336
376.740252	126.942592	7.428838	-0.064952	1.351641
377.138584	127.121624	7.433843	-0.065023	1.351972
377.604217	127.327000	7.438848	-0.065107	1.352355
378.232425	127.430570	7.443853	-0.065219	1.352700
378.960699	127.416631	7.448858	-0.065349	1.352967
379.324801	127.573389	7.453862	-0.065415	1.353263
379.397487	127.922659	7.458867	-0.065428	1.353636
379.861246	128.117273	7.463872	-0.065510	1.354007
380.408269	128.282141	7.468877	-0.065608	1.354381
381.120152	128.391067	7.473882	-0.065736	1.354763
381.666197	128.510517	7.478886	-0.065833	1.355092
382.141061	128.655030	7.483891	-0.065918	1.355417
382.675650	128.782461	7.488896	-0.066014	1.355749
383.042676	129.006975	7.493901	-0.066080	1.356112
383.317061	129.219503	7.498906	-0.066129	1.356427
383.783300	129.415418	7.503910	-0.066212	1.356800
384.244812	129.626444	7.508915	-0.066295	1.357185
385.058127	129.693135	7.513920	-0.066440	1.357564
385.407694	129.930869	7.518925	-0.066503	1.357932
386.158701	129.965693	7.523930	-0.066637	1.358256
386.682764	130.093413	7.528934	-0.066731	1.358583
387.004441	130.288884	7.533939	-0.066788	1.358899
387.499918	130.432867	7.538944	-0.066877	1.359231
387.801595	130.686319	7.543949	-0.066931	1.359596
388.642817	130.693809	7.548954	-0.067081	1.359926
389.268608	130.744595	7.553958	-0.067193	1.360216
389.749248	130.856772	7.558963	-0.067279	1.360511
390.668385	130.723020	7.563968	-0.067443	1.360733
390.927086	130.906626	7.568973	-0.067490	1.361012
390.999738	131.070954	7.573978	-0.067503	1.361201
391.425676	131.231136	7.578982	-0.067579	1.361522
392.007641	131.335214	7.583987	-0.067683	1.361847
392.985552	131.256225	7.588992	-0.067858	1.362145
393.247867	131.378765	7.593997	-0.067905	1.362365
394.053900	131.253930	7.599002	-0.068049	1.362552
394.539465	131.379882	7.604006	-0.068136	1.362861
394.823471	131.442350	7.609011	-0.068187	1.363031
395.513594	131.359884	7.614016	-0.068310	1.363215
395.989009	131.457493	7.619021	-0.068395	1.363492
396.602828	131.434691	7.624026	-0.068505	1.363705
397.201350	131.296221	7.629030	-0.068612	1.363798
397.593668	131.418943	7.634035	-0.068682	1.364069
397.945381	131.394758	7.639040	-0.068745	1.364180
398.265968	131.510370	7.644045	-0.068802	1.364415
398.423301	131.761992	7.649050	-0.068830	1.364722
398.992592	131.859792	7.654054	-0.068932	1.365035
399.507295	131.961137	7.659059	-0.069024	1.365331
400.373040	131.913324	7.664064	-0.069179	1.365616
400.857680	131.919678	7.669069	-0.069266	1.365807
401.026872	132.096015	7.674074	-0.069296	1.366044
401.535354	132.124403	7.679078	-0.069387	1.366266
401.858509	132.311082	7.684083	-0.069445	1.366572
402.604671	132.333429	7.689088	-0.069578	1.366879
402.763338	132.550329	7.694093	-0.069606	1.367151
403.115352	132.757581	7.699098	-0.069669	1.367488
404.021259	132.750854	7.704102	-0.069831	1.367827
403.993014	133.050061	7.709107	-0.069826	1.368109
404.685598	133.191553	7.714112	-0.069950	1.368511
405.077014	133.357729	7.719117	-0.070020	1.368822
405.589335	133.510837	7.724122	-0.070112	1.369167
406.377597	133.531978	7.729126	-0.070253	1.369488
406.600340	133.784428	7.734131	-0.070293	1.369819
407.209114	133.878551	7.739136	-0.070402	1.370143
407.611775	134.067809	7.744141	-0.070474	1.370480
408.146489	134.209923	7.749146	-0.070569	1.370822
409.051570	134.134973	7.754150	-0.070731	1.371094
409.182343	134.313865	7.759155	-0.070755	1.371318
409.886996	134.351736	7.764160	-0.070881	1.371623
410.288009	134.478904	7.769165	-0.070952	1.371899
410.483963	134.751114	7.774170	-0.070987	1.372238
411.078520	134.862509	7.779174	-0.071094	1.372573
411.360048	135.115447	7.784179	-0.071144	1.372926
412.107428	135.191277	7.789184	-0.071278	1.373283
412.417722	135.403500	7.794189	-0.071333	1.373608
412.695356	135.650226	7.799194	-0.071383	1.373953
413.296168	135.862091	7.804198	-0.071490	1.374387
413.643403	136.119768	7.809203	-0.071552	1.374769
414.299502	136.265517	7.814208	-0.071670	1.375159
414.875215	136.421395	7.819213	-0.071773	1.375529
415.255165	136.645918	7.824218	-0.071841	1.375891
415.794805	136.800823	7.829222	-0.071937	1.376246
416.280164	136.987954	7.834227	-0.072024	1.376611
416.981291	137.076988	7.839232	-0.072150	1.376963
417.393066	137.255075	7.844237	-0.072223	1.377292
417.797054	137.455605	7.849242	-0.072295	1.377639
418.623476	137.494596	7.854246	-0.072443	1.377990
418.885544	137.697725	7.859251	-0.072490	1.378286
419.328998	137.880559	7.864256	-0.072569	1.378630
419.902260	137.991888	7.869261	-0.072672	1.378955
420.416280	138.133031	7.874266	-0.072764	1.379286
420.980453	138.258242	7.879270	-0.072865	1.379620
421.198285	138.516754	7.884275	-0.072904	1.379953
421.936009	138.596204	7.889280	-0.073036	1.380308
422.544149	138.662274	7.894285	-0.073145	1.380602
422.986829	138.822023	7.899290	-0.073224	1.380923
423.830064	138.757622	7.904294	-0.073374	1.381179
423.925031	138.944061	7.909299	-0.073391	1.381395
424.143020	139.211709	7.914304	-0.073430	1.381736
424.722712	139.367887	7.919309	-0.073534	1.382105
425.386758	139.457019	7.924314	-0.073653	1.382442
426.464132	139.344275	7.929318	-0.073846	1.382739
426.573754	139.512177	7.934323	-0.073865	1.382942
427.067723	139.590466	7.939328	-0.073954	1.383204
427.487005	139.715897	7.944333	-0.074029	1.383483
427.954608	139.833862	7.949338	-0.074112	1.383773
428.896417	139.681023	7.954342	-0.074281	1.383980
429.168177	139.865639	7.959347	-0.074329	1.384260
429.620349	139.940946	7.964352	-0.074410	1.384503
430.143849	139.977960	7.969357	-0.074504	1.384735
430.399858	140.149954	7.974362	-0.074549	1.384998
431.249860	140.079626	7.979366	-0.074701	1.385249
431.463550	140.293663	7.984371	-0.074740	1.385536
431.800760	140.460721	7.989376	-0.074800	1.385824
432.492763	140.458358	7.994381	-0.074924	1.386081
432.967489	140.527349	7.999386	-0.075009	1.386326
433.891520	140.375123	8.004390	-0.075174	1.386527
434.129504	140.512230	8.009395	-0.075216	1.386748
434.272208	140.745711	8.014400	-0.075242	1.387026
434.729141	140.875189	8.019405	-0.075324	1.387322
434.996869	141.095073	8.024410	-0.075372	1.387634
435.866160	141.123104	8.029414	-0.075527	1.387987
436.336776	141.220706	8.034419	-0.075611	1.388258
436.788746	141.351937	8.039424	-0.075692	1.388553
437.205315	141.498019	8.044429	-0.075767	1.388850
437.655085	141.616774	8.049434	-0.075847	1.389133
438.238215	141.731833	8.054438	-0.075951	1.389462
438.563182	141.900697	8.059443	-0.076009	1.389746
438.945843	142.108718	8.064448	-0.076078	1.390089
439.365006	142.326171	8.069453	-0.076153	1.390455
439.877147	142.503577	8.074458	-0.076244	1.390817
440.809794	142.429150	8.079462	-0.076411	1.391094
441.309095	142.524730	8.084467	-0.076501	1.391373
441.609387	142.691784	8.089472	-0.076554	1.391645
441.871107	142.925034	8.094477	-0.076601	1.391967
442.132167	143.204201	8.099482	-0.076648	1.392332
442.986510	143.280835	8.104486	-0.076801	1.392725
443.488962	143.392664	8.109491	-0.076890	1.393020
443.863856	143.634771	8.114496	-0.076958	1.393392
444.598374	143.660208	8.119501	-0.077089	1.393690
444.776832	143.920254	8.124506	-0.077121	1.394006
445.633461	143.925146	8.129510	-0.077274	1.394330
445.999968	144.112215	8.134515	-0.077340	1.394646
446.403704	144.284202	8.139520	-0.077412	1.394961
447.048012	144.368696	8.144525	-0.077527	1.395282
447.550389	144.472048	8.149530	-0.077617	1.395568
448.189320	144.526977	8.154534	-0.077731	1.395859
448.405047	144.714116	8.159539	-0.077770	1.396118
448.750129	144.931390	8.164544	-0.077831	1.396455
449.458361	144.998398	8.169549	-0.077958	1.396782
449.685873	145.254978	8.174554	-0.077999	1.397112
450.474207	145.289479	8.179558	-0.078140	1.397439
450.765880	145.500635	8.184563	-0.078192	1.397749
451.319761	145.644668	8.189568	-0.078291	1.398092
451.869178	145.776966	8.194573	-0.078389	1.398423
452.264414	145.938361	8.199578	-0.078460	1.398724
452.948558	146.023076	8.204582	-0.078582	1.399059
453.122905	146.274960	8.209587	-0.078614	1.399364
453.531297	146.494644	8.214592	-0.078687	1.399725
454.324042	146.576619	8.219597	-0.078828	1.400098
454.676533	146.766548	8.224602	-0.078891	1.400410
455.283386	146.917404	8.229606	-0.079000	1.400779
455.695790	147.015180	8.234611	-0.079074	1.401025
455.994440	147.268607	8.239616	-0.079127	1.401377
456.681242	147.373527	8.244621	-0.079250	1.401732
456.953585	147.620515	8.249626	-0.079299	1.402068
457.663894	147.720091	8.254630	-0.079426	1.402426
457.932577	147.976897	8.259635	-0.079474	1.402770
458.386693	148.197004	8.264640	-0.079555	1.403148
458.917648	148.411916	8.269645	-0.079650	1.403549
459.120729	148.747132	8.274650	-0.079686	1.403942
459.958456	148.840666	8.279654	-0.079836	1.404341
460.472379	149.003292	8.284659	-0.079928	1.404686
460.725335	149.330121	8.289664	-0.079973	1.405090
461.351055	149.522567	8.294669	-0.080085	1.405504
461.493202	149.850556	8.299674	-0.080111	1.405868
462.187234	150.025869	8.304678	-0.080235	1.406291
462.693373	150.246541	8.309683	-0.080325	1.406687
463.186970	150.467617	8.314688	-0.080414	1.407079
463.930142	150.594582	8.319693	-0.080547	1.407474
464.460572	150.741458	8.324698	-0.080642	1.407809
464.845666	151.018989	8.329702	-0.080710	1.408214
465.456443	151.134615	8.334707	-0.080820	1.408549
465.751038	151.377089	8.339712	-0.080872	1.408887
466.288597	151.584391	8.344717	-0.080969	1.409282
466.650246	151.816949	8.349722	-0.081033	1.409635
467.062791	152.141133	8.354726	-0.081107	1.410094
467.611837	152.336759	8.359731	-0.081205	1.410481
467.743393	152.681531	8.364736	-0.081229	1.410856
468.476108	152.906432	8.369741	-0.081360	1.411338
468.856198	153.165923	8.374746	-0.081428	1.411723
469.485424	153.412461	8.379750	-0.081540	1.412188
469.923625	153.699335	8.384755	-0.081619	1.412620
470.191132	154.039091	8.389760	-0.081667	1.413039
470.431508	154.496872	8.394765	-0.081710	1.413559
470.800483	154.897689	8.399770	-0.081776	1.414073
471.793146	155.051795	8.404774	-0.081953	1.414583
472.397494	155.314726	8.409779	-0.082061	1.415052
472.799297	155.600036	8.414784	-0.082133	1.415469
473.010900	155.990495	8.419789	-0.082171	1.415914
473.335390	156.373464	8.424794	-0.082229	1.416394
473.741300	156.828208	8.429798	-0.082302	1.416971
474.434281	157.102659	8.434803	-0.082426	1.417483
474.985126	157.415719	8.439808	-0.082524	1.417979
475.596020	157.715899	8.444813	-0.082634	1.418485
475.944703	158.046434	8.449818	-0.082696	1.418924
476.553865	158.405974	8.454822	-0.082805	1.419484
477.182391	158.600218	8.459827	-0.082917	1.419897
477.471510	159.032874	8.464832	-0.082969	1.420409
477.990065	159.277867	8.469837	-0.083062	1.420828
478.394462	159.634279	8.474842	-0.083134	1.421310
478.964888	159.942252	8.479846	-0.083236	1.421807
479.627352	160.187154	8.484851	-0.083355	1.422279
480.074717	160.470304	8.489856	-0.083435	1.422707
480.410639	160.881063	8.494861	-0.083495	1.423215
480.775650	161.256883	8.499866	-0.083560	1.423700
481.318149	161.574178	8.504870	-0.083657	1.424195
481.931088	161.912455	8.509875	-0.083767	1.424735
482.276808	162.269680	8.514880	-0.083829	1.425195
483.006603	162.538413	8.519885	-0.083959	1.425712
483.626322	162.694624	8.524890	-0.084070	1.426084
484.143031	163.006545	8.529894	-0.084163	1.426563
484.519672	163.283945	8.534899	-0.084230	1.426959
484.721631	163.742506	8.539904	-0.084266	1.427461
485.197951	164.105593	8.544909	-0.084352	1.427973
485.781077	164.420164	8.549914	-0.084456	1.428479
486.343321	164.731021	8.554918	-0.084556	1.428973
487.095199	164.924334	8.559923	-0.084691	1.429426
487.598428	165.173336	8.564928	-0.084781	1.429841
487.998468	165.521363	8.569933	-0.084853	1.430310
488.507508	165.649511	8.574938	-0.084944	1.430614

488.674822	165.820334	8.579943	-0.084973	1.430834
488.784226	166.065471	8.584947	-0.084993	1.431102
489.161630	166.188703	8.589952	-0.085061	1.431354
489.686838	166.043901	8.594957	-0.085154	1.431409
489.745059	166.024373	8.599962	-0.085165	1.431412
489.875444	165.977793	8.604967	-0.085188	1.431415
489.929008	165.989398	8.609971	-0.085198	1.431446
490.093455	165.893886	8.614976	-0.085227	1.431416
490.410177	165.765306	8.619981	-0.085284	1.431411
490.370383	165.776012	8.624986	-0.085276	1.431406
490.422815	165.769459	8.629991	-0.085286	1.431419
490.414434	165.697247	8.634995	-0.085284	1.431349
490.390476	165.443804	8.640000	-0.085280	1.431104
490.751595	165.303991	8.645005	-0.085344	1.431104
490.907325	165.040685	8.650010	-0.085372	1.430915
490.965474	164.890712	8.655015	-0.085383	1.430797
491.016489	164.647901	8.660019	-0.085392	1.430589
491.061511	164.475600	8.665024	-0.085400	1.430444
491.171281	164.197608	8.670029	-0.085419	1.430225
490.958793	163.963277	8.675034	-0.085381	1.429929
490.960215	163.832602	8.680039	-0.085381	1.429808
490.854207	163.628079	8.685043	-0.085362	1.429578
491.023338	163.385371	8.690048	-0.085392	1.429413
491.056128	163.236522	8.695053	-0.085398	1.429286
491.194455	162.829185	8.700058	-0.085423	1.428956
491.248089	162.583298	8.705063	-0.085432	1.428746
491.288317	162.326102	8.710067	-0.085439	1.428520
491.166970	162.144486	8.715072	-0.085418	1.428307
491.267390	161.824005	8.720077	-0.085436	1.428044
491.120620	161.580153	8.725082	-0.085409	1.427763
491.168955	161.348880	8.730087	-0.085418	1.427564
491.114444	161.195227	8.735091	-0.085408	1.427401
491.168322	160.834723	8.740096	-0.085418	1.427083
491.059277	160.684801	8.745101	-0.085398	1.426904
490.976928	160.568612	8.750106	-0.085383	1.426765
490.886300	160.282497	8.755111	-0.085367	1.426464
490.952351	160.138521	8.760115	-0.085379	1.426354
491.112888	159.864650	8.765120	-0.085407	1.426156
491.077366	159.614320	8.770125	-0.085401	1.425909
490.864039	159.566204	8.775130	-0.085363	1.425786
490.984364	159.323909	8.780135	-0.085384	1.425603
490.894563	159.180556	8.785139	-0.085368	1.425436
490.991588	158.959383	8.790144	-0.085385	1.425265
490.823473	158.747785	8.795149	-0.085355	1.425005
490.872685	158.666186	8.800154	-0.085364	1.424947
490.872162	158.353274	8.805159	-0.085364	1.424654
490.708947	158.387507	8.810163	-0.085334	1.424626
490.657415	158.105846	8.815168	-0.085325	1.424344
490.702018	158.064414	8.820173	-0.085333	1.424321
490.640507	157.861545	8.825178	-0.085322	1.424109
490.811019	157.670291	8.830183	-0.085352	1.423992
490.575696	157.650587	8.835187	-0.085310	1.423887
490.598066	157.430155	8.840192	-0.085314	1.423689
490.660000	157.403322	8.845197	-0.085325	1.423686
490.572023	157.225847	8.850202	-0.085310	1.423488
490.632616	157.089569	8.855207	-0.085320	1.423382
490.606955	157.086816	8.860211	-0.085316	1.423370
490.597811	156.781271	8.865216	-0.085314	1.423080
490.609992	156.783122	8.870221	-0.085316	1.423086
490.541356	156.708975	8.875226	-0.085304	1.422992
490.432523	156.487926	8.880231	-0.085284	1.422745
490.339057	156.517220	8.885235	-0.085267	1.422738
490.468456	156.477131	8.890240	-0.085291	1.422748
490.562315	156.261028	8.895245	-0.085307	1.422579
490.579027	156.099933	8.900250	-0.085310	1.422434
490.659177	156.068844	8.905255	-0.085324	1.422434
490.532502	155.785257	8.910259	-0.085302	1.422122
490.522707	155.786831	8.915264	-0.085300	1.422120
490.394761	155.839366	8.920269	-0.085277	1.422122
490.579066	155.497942	8.925274	-0.085310	1.421869
490.521909	155.462355	8.930279	-0.085300	1.421815
490.397292	155.510433	8.935283	-0.085277	1.421815
490.256651	155.469053	8.940288	-0.085252	1.421724
490.307137	155.202231	8.945293	-0.085261	1.421492
490.142867	155.264074	8.950298	-0.085232	1.421490
490.390634	155.173592	8.955303	-0.085276	1.421496
490.191018	155.247855	8.960307	-0.085240	1.421492
490.318571	155.196991	8.965312	-0.085263	1.421491
490.407583	155.048480	8.970317	-0.085279	1.421384
490.323376	154.859573	8.975322	-0.085264	1.421176
490.437714	154.834976	8.980327	-0.085284	1.421195
490.272844	154.894559	8.985331	-0.085255	1.421190
490.304832	154.879545	8.990336	-0.085260	1.421188
490.266195	154.718181	8.995341	-0.085253	1.421022
490.384421	154.513268	9.000346	-0.085274	1.420873
490.551291	154.462073	9.005351	-0.085304	1.420886
490.339944	154.545064	9.010355	-0.085266	1.420887
490.320615	154.377722	9.015360	-0.085263	1.420722
490.249078	154.319011	9.020365	-0.085250	1.420641
490.115191	154.367541	9.025370	-0.085226	1.420638
490.405452	154.258187	9.030375	-0.085278	1.420641
490.360755	154.261038	9.035379	-0.085270	1.420627
490.404314	154.154058	9.040384	-0.085277	1.420542
490.469910	153.880895	9.045389	-0.085289	1.420310
490.195901	153.971812	9.050394	-0.085240	1.420295
490.257117	153.958061	9.055399	-0.085251	1.420304
490.236139	153.965153	9.060403	-0.085247	1.420303
490.256831	153.961351	9.065408	-0.085251	1.420307
490.229696	153.883893	9.070413	-0.085246	1.420224
490.300695	153.604029	9.075418	-0.085259	1.419988
490.334750	153.596357	9.080423	-0.085265	1.419993
490.207513	153.648453	9.085427	-0.085242	1.419995
490.221883	153.639796	9.090432	-0.085244	1.419992
490.212959	153.642863	9.095437	-0.085243	1.419992
490.081746	153.687863	9.100442	-0.085219	1.419986
490.324139	153.407327	9.105447	-0.085262	1.419811
490.199248	153.301467	9.110451	-0.085240	1.419666
490.153609	153.326797	9.115456	-0.085232	1.419673
490.257381	153.283354	9.120461	-0.085250	1.419670
490.191350	153.304655	9.125466	-0.085239	1.419665
490.315023	153.264601	9.130471	-0.085261	1.419673
490.239341	153.284339	9.135475	-0.085247	1.419664
490.384363	152.970619	9.140480	-0.085273	1.419422
490.255424	152.961074	9.145485	-0.085250	1.419366
490.330123	152.928612	9.150490	-0.085263	1.419363
490.285460	152.961702	9.155495	-0.085255	1.419377
490.128669	153.010346	9.160499	-0.085227	1.419365
490.294569	152.941896	9.165504	-0.085257	1.419362
490.200084	152.713124	9.170509	-0.085240	1.419112
490.250299	152.601489	9.175514	-0.085249	1.419025
490.244308	152.621354	9.180519	-0.085247	1.419042
490.163715	152.645168	9.185523	-0.085233	1.419035
490.313355	152.591184	9.190528	-0.085260	1.419039
490.458035	152.533482	9.195533	-0.085286	1.419037
490.220984	152.333844	9.200538	-0.085243	1.418763
490.292160	152.269871	9.205543	-0.085256	1.418729
490.164267	152.323054	9.210547	-0.085233	1.418732
490.365021	152.243531	9.215552	-0.085269	1.418730
490.180338	152.330273	9.220557	-0.085236	1.418744
490.131993	152.326760	9.225562	-0.085227	1.418723
490.255553	152.292056	9.230567	-0.085249	1.418736
490.103799	152.077886	9.235571	-0.085222	1.418479
490.111557	152.010374	9.240576	-0.085223	1.418418
490.162688	151.992230	9.245581	-0.085232	1.418420
490.196205	151.972639	9.250586	-0.085238	1.418413
490.205273	151.981655	9.255591	-0.085240	1.418425
490.005224	152.051131	9.260595	-0.085204	1.418417
490.070049	152.022511	9.265600	-0.085215	1.418414
490.097286	152.017152	9.270605	-0.085220	1.418419
490.143123	152.004554	9.275610	-0.085228	1.418423
490.293195	151.957371	9.280615	-0.085255	1.418434
490.259456	151.964617	9.285619	-0.085249	1.418428
490.401108	151.637321	9.290624	-0.085274	1.418172
490.415123	151.589465	9.295629	-0.085277	1.418132
490.343694	151.609222	9.300634	-0.085264	1.418125
490.394386	151.594568	9.305639	-0.085273	1.418129
490.277215	151.445561	9.310643	-0.085252	1.417946
490.359659	151.253414	9.315648	-0.085267	1.417796
490.213658	151.312816	9.320653	-0.085241	1.417798
490.334507	151.256419	9.325658	-0.085262	1.417789
490.451524	151.220598	9.330663	-0.085283	1.417798
490.176413	151.093777	9.335667	-0.085234	1.417578
490.225541	150.976690	9.340672	-0.085243	1.417486
490.130650	151.016036	9.345677	-0.085226	1.417488
490.161170	150.993798	9.350682	-0.085231	1.417478
490.326679	150.939269	9.355687	-0.085260	1.417487
490.196444	150.990213	9.360691	-0.085237	1.417487
490.086886	151.025809	9.365696	-0.085218	1.417481
490.139758	151.012792	9.370701	-0.085227	1.417488
490.221115	150.971765	9.375706	-0.085241	1.417479
490.335812	150.667084	9.380711	-0.085262	1.417234
490.108589	150.683117	9.385715	-0.085221	1.417166
490.040316	150.713596	9.390720	-0.085209	1.417169
490.054682	150.709757	9.395725	-0.085211	1.417171
489.922487	150.755161	9.400730	-0.085188	1.417165
489.984688	150.737517	9.405735	-0.085199	1.417171
489.960276	150.741636	9.410739	-0.085194	1.417166
489.914481	150.756733	9.415744	-0.085186	1.417164
489.941833	150.742200	9.420749	-0.085191	1.417160
489.832534	150.798433	9.425754	-0.085171	1.417173
490.049435	150.865735	9.430759	-0.085210	1.417315
490.048047	150.699318	9.435763	-0.085210	1.417158
489.949991	150.740891	9.440768	-0.085192	1.417161
490.048791	150.711325	9.445773	-0.085210	1.417169
489.939235	150.744766	9.450778	-0.085190	1.417161
490.095085	150.699798	9.455783	-0.085218	1.417175
489.955806	150.738338	9.460787	-0.085193	1.417161
490.056086	150.696418	9.465792	-0.085211	1.417158
490.292783	150.607544	9.470797	-0.085253	1.417161
490.002454	150.719634	9.475802	-0.085201	1.417160
490.224638	150.641384	9.480807	-0.085241	1.417167
490.161610	150.657382	9.485811	-0.085230	1.417159
490.107789	150.685222	9.490816	-0.085220	1.417166
490.081407	150.700394	9.495821	-0.085215	1.417170
490.008183	150.714553	9.500826	-0.085202	1.417157
490.215039	150.641937	9.505831	-0.085239	1.417164
490.045704	150.694498	9.510835	-0.085209	1.417151
490.129834	150.665332	9.515840	-0.085224	1.417155
490.129581	150.667017	9.520845	-0.085224	1.417156
490.031855	150.705973	9.525850	-0.085206	1.417157
490.178158	150.588582	9.530855	-0.085232	1.417100
489.973747	150.502532	9.535859	-0.085196	1.416944
489.950326	150.492833	9.540864	-0.085192	1.416926
490.125872	150.512676	9.545869	-0.085223	1.417009
490.099615	150.348179	9.550874	-0.085218	1.416844
490.225084	150.312874	9.555879	-0.085241	1.416857
490.186105	150.328968	9.560883	-0.085234	1.416858
490.222618	150.314850	9.565888	-0.085240	1.416858
490.349022	150.268070	9.570893	-0.085263	1.416860
490.282827	150.289779	9.575898	-0.085251	1.416856
490.340537	150.065758	9.580903	-0.085261	1.416666
490.048073	150.034425	9.585907	-0.085209	1.416530
490.013457	150.048820	9.590912	-0.085202	1.416530
490.079200	150.032942	9.595917	-0.085214	1.416539
490.068155	150.027883	9.600922	-0.085212	1.416531
490.018100	150.051935	9.605927	-0.085203	1.416535
489.999136	150.064715	9.610931	-0.085200	1.416540
490.028670	150.048671	9.615936	-0.085205	1.416535
490.195383	149.988854	9.620941	-0.085235	1.416540
489.999748	150.061606	9.625946	-0.085200	1.416537
490.176288	149.984865	9.630951	-0.085231	1.416529
490.050363	150.032974	9.635955	-0.085209	1.416528
490.012689	150.053202	9.640960	-0.085202	1.416533
490.177650	150.001859	9.645965	-0.085231	1.416545
490.179047	149.985658	9.650970	-0.085231	1.416531
490.281282	149.955578	9.655975	-0.085250	1.416540
490.114509	150.007315	9.660979	-0.085220	1.416527
490.217306	149.798286	9.665984	-0.085238	1.416368
490.302579	149.616817	9.670989	-0.085253	1.416228
490.388791	149.572747	9.675994	-0.085269	1.416218
490.294708	149.627196	9.680999	-0.085252	1.416235
490.226494	149.651186	9.686003	-0.085240	1.416232
490.043134	149.717175	9.691008	-0.085207	1.416227
490.274766	149.618826	9.696013	-0.085248	1.416219
490.224840	149.302372	9.701018	-0.085239	1.415903
490.218906	149.318696	9.706023	-0.085238	1.415916
490.170385	149.332869	9.711027	-0.085229	1.415912
490.136046	149.340858	9.716032	-0.085223	1.415906
490.215755	149.316556	9.721037	-0.085237	1.415913
490.064084	149.374523	9.726042	-0.085210	1.415912
490.296634	149.289076	9.731047	-0.085252	1.415916
490.326622	149.248494	9.736051	-0.085257	1.415889
490.157452	149.063700	9.741056	-0.085227	1.415653
490.215453	149.046189	9.746061	-0.085237	1.415657
490.150623	149.066048	9.751066	-0.085225	1.415652
490.289192	149.012538	9.756071	-0.085250	1.415653
490.086565	149.103595	9.761075	-0.085214	1.415664
490.025720	149.117429	9.766080	-0.085203	1.415655
490.166571	149.075790	9.771085	-0.085228	1.415667
490.230096	149.035747	9.776090	-0.085239	1.415652
490.297882	148.984933	9.781095	-0.085251	1.415629
490.314500	148.646031	9.786099	-0.085254	1.415316
490.069442	148.743994	9.791104	-0.085210	1.415318
490.060565	148.759305	9.796109	-0.085209	1.415330
490.087374	148.742006	9.801114	-0.085214	1.415323
490.211426	148.705742	9.806119	-0.085236	1.415334
490.087030	148.749615	9.811123	-0.085213	1.415330
490.165651	148.721757	9.816128	-0.085227	1.415332
490.321724	148.670711	9.821133	-0.085255	1.415341
490.313694	148.643281	9.826138	-0.085254	1.415312
490.207407	148.369850	9.831143	-0.085235	1.415016
490.259078	148.358609	9.836147	-0.085244	1.415024
490.160704	148.388381	9.841152	-0.085226	1.415016
490.412620	148.292406	9.846157	-0.085271	1.415018
490.167897	148.378812	9.851162	-0.085228	1.415009
490.049216	148.439014	9.856167	-0.085206	1.415022
489.940747	148.478346	9.861171	-0.085187	1.415020
489.892120	148.487264	9.866176	-0.085178	1.415010
489.792423	148.537427	9.871181	-0.085160	1.415021
489.806688	148.521367	9.876186	-0.085163	1.415011
489.850617	148.508171	9.881191	-0.085171	1.415014
489.969002	148.465827	9.886195	-0.085192	1.415018
489.807731	148.526872	9.891200	-0.085163	1.415016
489.925407	148.484805	9.896205	-0.085184	1.415019
489.894338	148.495335	9.901210	-0.085178	1.415018
490.039725	148.440826	9.906215	-0.085204	1.415020
490.040510	148.441939	9.911219	-0.085204	1.415021
489.928117	148.477167	9.916224	-0.085184	1.415013
490.091664	148.420723	9.921229	-0.085213	1.415020
489.862165	148.494413	9.926234	-0.085172	1.415005
489.821777	148.807887	9.931239	-0.085165	1.415285
489.944441	148.807781	9.936243	-0.085187	1.415330
489.987287	148.783079	9.941248	-0.085194	1.415322
490.123935	148.748374	9.946253	-0.085219	1.415340
489.995779	148.789238	9.951258	-0.085196	1.415331
489.918449	148.825063	9.956263	-0.085182	1.415337
490.119100	148.737282	9.961267	-0.085218	1.415327
489.927391	148.811830	9.966272	-0.085184	1.415327
490.188901	148.720903	9.971277	-0.085230	1.415337
489.996759	148.711462	9.976282	-0.085196	1.415258
490.009991	148.770350	9.981287	-0.085198	1.415318
490.033526	148.755982	9.986291	-0.085202	1.415313
489.970980	148.473312	9.991296	-0.085191	1.415024
490.056516	148.615689	9.996301	-0.085206	1.415189
490.029823	148.451754	10.001306	-0.085202	1.415025
490.023904	148.446863	10.006311	-0.085200	1.415018
490.017324	148.451837	10.011315	-0.085199	1.415020
489.919113	148.482705	10.016320	-0.085182	1.415013
490.015122	148.699854	10.021325	-0.085199	1.415253
489.950777	148.649290	10.026330	-0.085187	1.415182
489.968143	148.800329	10.031335	-0.085190	1.415330
490.081838	148.758322	10.036339	-0.085211	1.415332
489.912725	148.648976	10.041344	-0.085180	1.415167
490.023683	148.777997	10.046349	-0.085200	1.415329
489.967472	148.792183	10.051354	-0.085190	1.415322
490.062672	148.762676	10.056359	-0.085207	1.415329
490.089981	148.732426	10.061363	-0.085212	1.415310
490.032134	148.436664	10.066368	-0.085201	1.415010
490.063184	148.436431	10.071373	-0.085207	1.415021
489.940699	148.477410	10.076378	-0.085185	1.415015
489.932472	148.576442	10.081383	-0.085183	1.415105
490.067559	148.745265	10.086387	-0.085208	1.415314
489.942448	148.487444	10.091392	-0.085185	1.415025
489.952224	148.807738	10.096397	-0.085187	1.415330
489.925746	148.805051	10.101402	-0.085182	1.415318
489.862812	148.841071	10.106407	-0.085171	1.415329
489.920109	148.816708	10.111411	-0.085181	1.415327
489.952149	148.805491	10.116416	-0.085187	1.415328
490.212409	148.708755	10.121421	-0.085233	1.415332
490.079291	148.748569	10.126426	-0.085209	1.415320
490.042055	148.766800	10.131431	-0.085203	1.415324
489.985565	148.791366	10.136435	-0.085192	1.415326
490.064511	148.765867	10.141440	-0.085207	1.415331
490.097001	148.735422	10.146445	-0.085212	1.415314
489.966229	148.539432	10.151450	-0.085189	1.415081
489.981266	148.746365	10.156455	-0.085192	1.415282
489.935055	148.809837	10.161459	-0.085183	1.415325
489.943963	148.812426	10.166464	-0.085185	1.415330
489.922818	148.825555	10.171469	-0.085181	1.415335
489.945319	148.807447	10.176474	-0.085185	1.415326
490.093434	148.751049	10.181479	-0.085211	1.415327
490.111019	148.744131	10.186483	-0.085215	1.415327
490.092283	148.742737	10.191488	-0.085211	1.415319
490.084161	148.692152	10.196493	-0.085210	1.415268
490.097608	148.442685	10.201498	-0.085212	1.415038
490.055317	148.437376	10.206503	-0.085204	1.415017
489.955300	148.476566	10.211507	-0.085186	1.415017
489.843409	148.573545	10.216512	-0.085166	1.415067
490.003988	148.785617	10.221517	-0.085195	1.415326
490.109601	148.525277	10.226522	-0.085214	1.415119
490.181043	148.392383	10.231527	-0.085227	1.415020
490.139996	148.401332	10.236531	-0.085219	1.415014
489.987941	148.462931	10.241536	-0.085192	1.415016
489.946069	148.482138	10.246541	-0.085184	1.415018
490.056392	148.426370	10.251546	-0.085204	1.415006
490.112700	148.412827	10.256551	-0.085214	1.415014
490.155651	148.394546	10.261555	-0.085222	1.415012
490.106803	148.408021	10.266560	-0.085213	1.415007
490.126014	148.416869	10.271565	-0.085216	1.415022
489.957057	148.472458	10.276570	-0.085186	1.415013
490.212080	148.378752	10.281575	-0.085232	1.415018
490.094119	148.422938	10.286579	-0.085211	1.415016
489.990616	148.456363	10.291584	-0.085192	1.415010
490.049046	148.449282	10.296589	-0.085202	1.415024
490.006634	148.460584	10.301594	-0.085195	1.415019
489.914584	148.492532	10.306599	-0.085178	1.415016
490.033186	148.452754	10.311603	-0.085199	1.415022
489.989847	148.464583	10.316608	-0.085192	1.415017
489.983212	148.468915	10.321613	-0.085190	1.415018
489.980187	148.459751	10.326618	-0.085190	1.415008
490.103312	148.422519	10.331623	-0.085212	1.415018
490.134590	148.409278	10.336627	-0.085217	1.415017
490.053290	148.430748	10.341632	-0.085203	1.415008
490.042451	148.443176	10.346637	-0.085201	1.415015
490.018473	148.452272	10.351642	-0.085196	1.415015
490.073370	148.428844	10.356647	-0.085206	1.415013
489.994412	148.453045	10.361651	-0.085192	1.415007
489.938138	148.480343	10.366656	-0.085182	1.415012
490.019922	148.452578	10.371661	-0.085197	1.415015
490.082134	148.419181	10.376666	-0.085208	1.415007
490.098626	148.416498	10.381671	-0.085211	1.415010
490.150476	148.383491	10.386675	-0.085220	1.414998
490.134091	148.060234	10.391680	-0.085217	1.414687
489.890503	148.162430	10.396685	-0.085173	1.414694
489.840118	148.424746	10.401690	-0.085164	1.414923
490.136207	148.403331	10.406695	-0.085217	1.415011
490.229434	148.075326	10.411699	-0.085234	1.414736
490.146578	148.060974	10.416704	-0.085219	1.414692
490.271400	148.015295	10.421709	-0.085241	1.414695
490.005506	148.120875	10.426714	-0.085193	1.414697
489.977761	148.134914	10.431719	-0.085188	1.414699
490.025678	148.112548	10.436723	-0.085197	1.414696
490.195452	148.041423	10.441728	-0.085227	1.414691
490.078684	148.094254	10.446733	-0.085206	1.414698
490.108707	148.081999	10.451738	-0.085212	1.414697
490.060295	148.094809	10.456743	-0.085203	1.414692
490.076682	148.086868	10.461747	-0.085206	1.414690
490.104358	148.077845	10.466752	-0.085211	1.414692
490.230209	148.042695	10.471757	-0.085233	1.414704
490.129546	148.069552	10.476762	-0.085215	1.414693
490.094666	147.838499	10.481767	-0.085209	1.414462
490.122997	147.749751	10.486771	-0.085214	1.414389
490.100168	147.752108	10.491776	-0.085210	1.414382
490.105207	147.752061	10.496781	-0.085211	1.414384
490.020242	147.789698	10.501786	-0.085195	1.414388
490.081196	147.760601	10.506791	-0.085206	1.414383
490.005392	147.797651	10.511795	-0.085193	1.414390
490.012342	147.793715	10.516800	-0.085194	1.414389
490.187834	147.734437	10.521805	-0.085225	1.414397
489.856928	147.855226	10.526810	-0.085166	1.414390
490.039240	147.790147	10.531815	-0.085199	1.414395
489.993390	147.804777	10.536819	-0.085190	1.414392
490.016221	147.783567	10.541824	-0.085194	1.414380
490.000526	147.799206	10.546829	-0.085192	1.414389
490.123170	147.750235	10.551834	-0.085213	1.414388
489.962386	147.815232	10.556839	-0.085185	1.414390
490.165972	147.741873	10.561843	-0.085221	1.414396
490.183947	147.723711	10.566848	-0.085224	1.414385
490.158984	147.736998	10.571853	-0.085220	1.414388
490.176357	147.722051	10.576858	-0.085223	1.414381
490.191157	147.721350	10.581863	-0.085225	1.414385
490.029555	147.787494	10.586867	-0.085196	1.414388
490.021069	147.789069	10.591872	-0.085195	1.414387
490.165820	147.707819	10.596877	-0.085221	1.414363
490.109662	147.413931	10.601882	-0.085211	1.414065
490.260337	147.360999	10.606887	-0.085237	1.414070
490.205650	147.380394	10.611891	-0.085228	1.414069
490.246914	147.356314	10.616896	-0.085235	1.414061
490.342605	147.326937	10.621901	-0.085252	1.414068
490.167972	147.390706	10.626906	-0.085221	1.414064
490.106244	147.419298	10.631911	-0.085210	1.414068
490.135560	147.403510	10.636915	-0.085215	1.414064
490.077768	147.105858	10.641920	-0.085204	1.413762
489.982286	147.133522	10.646925	-0.085187	1.413753
489.884974	147.359660	10.651930	-0.085170	1.413931
490.148854	147.310159	10.656935	-0.085217	1.413981
490.269039	147.033263	10.661939	-0.085238	1.413764
490.186704	147.053328	10.666944	-0.085224	1.413752
490.147175	147.075759	10.671949	-0.085217	1.413759
490.044054	147.108217	10.676954	-0.085198	1.413751
489.908791	147.174700	10.681959	-0.085174	1.413764
490.034273	147.121644	10.686963	-0.085196	1.413760
490.043141	147.103888	10.691968	-0.085198	1.413747
490.080794	147.097598	10.696973	-0.085205	1.413754
490.007401	147.119643	10.701978	-0.085191	1.413748
489.903780	147.165699	10.706983	-0.085173	1.413754
489.912962	147.166521	10.711987	-0.085174	1.413758
490.001241	147.131091	10.716992	-0.085190	1.413756
490.076271	147.092710	10.721997	-0.085203	1.413748
489.989400	147.125793	10.727002	-0.085188	1.413747
489.874376	147.180591	10.732007	-0.085167	1.413756
489.849854	147.187251	10.737011	-0.085163	1.413754
489.979859	147.138226	10.742016	-0.085186	1.413755
489.956154	147.145727	10.747021	-0.085182	1.413753
490.123474	147.074730	10.752026	-0.085212	1.413748
490.113623	147.077996	10.757031	-0.085210	1.413747
490.062804	147.103829	10.762035	-0.085201	1.413753
489.958592	147.137705	10.767040	-0.085182	1.413746
490.062574	147.104271	10.772045	-0.085201	1.413753
489.923071	147.150892	10.777050	-0.085176	1.413745
489.846996	147.186391	10.782055	-0.085162	1.413751
489.985726	147.138272	10.787059	-0.085187	1.413756
489.951330	147.150266	10.792064	-0.085181	1.413755
490.018223	147.127629	10.797069	-0.085192	1.413758
490.079611	147.101343	10.802074	-0.085203	1.413756
490.008124	147.127279	10.807079	-0.085191	1.413754
490.134091	147.081315	10.812083	-0.085213	1.413757
490.121139	147.074039	10.817088	-0.085211	1.413745
490.247757	147.034607	10.822093	-0.085233	1.413754
490.003739	147.126546	10.827098	-0.085190	1.413751
490.051979	147.108853	10.832103	-0.085198	1.413752
490.007433	147.132080	10.837107	-0.085190	1.413758
490.038664	147.107274	10.842112	-0.085196	1.413746
490.047189	147.112488	10.847117	-0.085197	1.413754
489.956613	147.141221	10.852122	-0.085181	1.413747
490.064467	147.107603	10.857127	-0.085200	1.413755
489.950211	147.156311	10.862131	-0.085180	1.413759
489.933495	147.152321	10.867136	-0.085177	1.413749
490.056239	147.115058	10.872141	-0.085199	1.413759
490.193565	147.045642	10.877146	-0.085223	1.413744
490.181850	147.063865	10.882151	-0.085221	1.413756
490.125142	147.087523	10.887155	-0.085211	1.413758
490.229082	147.036233	10.892160	-0.085229	1.413748
490.184384	146.808173	10.897165	-0.085221	1.413516
490.077062	146.767321	10.902170	-0.085202	1.413438
489.962755	146.809595	10.907175	-0.085182	1.413436
489.981205	146.814584	10.912179	-0.085185	1.413447
489.887248	146.843808	10.917184	-0.085168	1.413440
490.102456	146.760787	10.922189	-0.085206	1.413441
490.146712	146.747788	10.927194	-0.085214	1.413445
490.169263	146.736621	10.932199	-0.085218	1.413442
490.095261	146.770154	10.937203	-0.085205	1.413447
490.050509	146.775757	10.942208	-0.085197	1.413435
489.952934	146.832530	10.947213	-0.085179	1.413453
489.986185	146.804293	10.952218	-0.085185	1.413439
489.934657	146.829409	10.957223	-0.085176	1.413443
490.152649	146.741001	10.962227	-0.085215	1.413440
489.950630	146.819737	10.967232	-0.085179	1.413440
490.149690	146.744822	10.972237	-0.085214	1.413442
489.950953	146.810203	10.977242	-0.085179	1.413431
489.952879	146.815502	10.982247	-0.085179	1.413436
490.071480	146.777037	10.987251	-0.085200	1.413444
490.189226	146.711771	10.992256	-0.085221	1.413425
490.078778	146.774217	10.997261	-0.085202	1.413443
489.998783	146.801315	11.002266	-0.085187	1.413439
489.971094	146.812518	11.007271	-0.085182	1.413440
490.021246	146.790441	11.012275	-0.085191	1.413437
489.940981	146.814170	11.017280	-0.085177	1.413430
490.076599	146.769410	11.022285	-0.085201	1.413438
490.055951	146.772413	11.027290	-0.085197	1.413433
490.179519	146.727547	11.032295	-0.085219	1.413436
490.087686	146.759915	11.037299	-0.085203	1.413432
490.200406	146.709345	11.042304	-0.085223	1.413426
490.097758	146.767596	11.047309	-0.085205	1.413443
490.042964	146.783891	11.052314	-0.085195	1.413438
490.211398	146.523700	11.057319	-0.085225	1.413255
490.087740	146.448367	11.062323	-0.085203	1.413138
490.006544	146.477753	11.067328	-0.085188	1.413136
490.125525	146.440295	11.072333	-0.085209	1.413144
490.174262	146.413972	11.077338	-0.085218	1.413137
490.122463	146.437373	11.082343	-0.085209	1.413140
490.066188	146.465329	11.087347	-0.085198	1.413146
490.152888	146.426377	11.092352	-0.085214	1.413141
490.096015	146.452250	11.097357	-0.085204	1.413144
490.019079	146.471708	11.102362	-0.085190	1.413134
489.920473	146.521105	11.107367	-0.085172	1.413144
489.849475	146.549002	11.112371	-0.085159	1.413145
489.807450	146.552223	11.117376	-0.085152	1.413132
490.065252	146.461550	11.122381	-0.085198	1.413141
489.915654	146.517730	11.127386	-0.085171	1.413139
489.966568	146.496845	11.132391	-0.085180	1.413138
489.891366	146.531838	11.137395	-0.085167	1.413143
489.859757	146.535470	11.142400	-0.085161	1.413135
489.780402	146.660244	11.147405	-0.085147	1.413224
489.848944	146.854174	11.152410	-0.085159	1.413432
490.055419	146.780838	11.157415	-0.085196	1.413438
489.936635	146.832135	11.162419	-0.085175	1.413443
490.145465	146.745310	11.167424	-0.085212	1.413438
490.145582	146.686791	11.172429	-0.085212	1.413382
490.055029	146.527594	11.177434	-0.085196	1.413199
490.212240	146.407268	11.182439	-0.085224	1.413143
490.114024	146.445431	11.187443	-0.085206	1.413143
490.073362	146.449775	11.192448	-0.085199	1.413132
490.264614	146.389475	11.197453	-0.085233	1.413145
490.149488	146.434552	11.202458	-0.085212	1.413145
490.270437	146.390869	11.207463	-0.085234	1.413148
490.124655	146.448706	11.212467	-0.085208	1.413149
490.253573	146.394147	11.217472	-0.085231	1.413145
490.188908	146.256328	11.222477	-0.085219	1.412991
490.103482	146.094362	11.227482	-0.085204	1.412807
490.304287	146.020251	11.232487	-0.085240	1.412811
490.260721	146.044581	11.237491	-0.085232	1.412817
490.059361	146.117773	11.242496	-0.085196	1.412812
490.154889	146.086961	11.247501	-0.085213	1.412818
490.043749	146.124533	11.252506	-0.085193	1.412813
490.133065	146.086548	11.257511	-0.085209	1.412810
490.153704	146.080922	11.262515	-0.085213	1.412812
490.139819	146.081790	11.267520	-0.085210	1.412808
490.160995	146.087862	11.272525	-0.085214	1.412821
490.016370	146.129374	11.277530	-0.085188	1.412807
489.928733	146.166561	11.282535	-0.085172	1.412810
489.895473	146.191013	11.287539	-0.085166	1.412821
489.913555	146.176791	11.292544	-0.085169	1.412814
490.161656	146.078315	11.297549	-0.085214	1.412812
489.919712	146.167801	11.302554	-0.085170	1.412807
489.904236	146.182684	11.307559	-0.085168	1.412816
489.949258	146.166242	11.312563	-0.085176	1.412816
489.997230	146.142037	11.317568	-0.085184	1.412811
489.999267	146.145472	11.322573	-0.085184	1.412815
489.899036	146.178797	11.327578	-0.085166	1.412810
489.927423	146.166186	11.332583	-0.085172	1.412808
489.857455	146.203440	11.337587	-0.085159	1.412817
489.920921	146.169069	11.342592	-0.085170	1.412808
490.067286	146.119128	11.347597	-0.085196	1.412815
489.822668	146.212302	11.352602	-0.085153	1.412813
489.895240	146.179016	11.357607	-0.085166	1.412808
489.806293	146.218367	11.362611	-0.085150	1.412812
489.996851	146.136669	11.367616	-0.085184	1.412805
490.088832	146.109884	11.372621	-0.085200	1.412813
490.004041	146.132403	11.377626	-0.085185	1.412803
489.962605	146.152100	11.382631	-0.085177	1.412807
489.964097	146.154755	11.387635	-0.085178	1.412810
489.916936	146.173208	11.392640	-0.085169	1.412810
490.112016	146.098018	11.397645	-0.085204	1.412810
489.761742	146.231332	11.402650	-0.085141	1.412807
490.030403	146.129315	11.407655	-0.085189	1.412810
490.161555	146.078682	11.412659	-0.085213	1.412810
490.089416	146.100410	11.417664	-0.085200	1.412804
490.056976	146.122227	11.422669	-0.085194	1.412813
490.039553	146.114551	11.427674	-0.085191	1.412799
489.962380	146.160563	11.432679	-0.085177	1.412814
490.088573	146.104088	11.437683	-0.085199	1.412807
489.955070	146.149209	11.442688	-0.085176	1.412800
490.168031	146.079956	11.447693	-0.085214	1.412813
490.008673	146.134315	11.452698	-0.085185	1.412806
490.072898	146.107256	11.457703	-0.085196	1.412804
489.975117	146.146904	11.462707	-0.085179	1.412805
489.938151	146.168500	11.467712	-0.085172	1.412812
490.086156	146.112297	11.472717	-0.085199	1.412813
489.831074	146.196811	11.477722	-0.085153	1.412799
489.953601	146.157804	11.482727	-0.085175	1.412807
489.975275	146.153428	11.487731	-0.085179	1.412811
489.909630	146.168659	11.492736	-0.085167	1.412801
489.960589	146.161317	11.497741	-0.085176	1.412813
489.795172	146.224649	11.502746	-0.085146	1.412812
489.907543	146.283199	11.507751	-0.085166	1.412908
489.908313	146.538032	11.512755	-0.085167	1.413149
489.962341	146.508988	11.517760	-0.085176	1.413141
490.116515	146.443935	11.522765	-0.085204	1.413136
490.115972	146.393460	11.527770	-0.085204	1.413088
490.023026	146.147420	11.532775	-0.085187	1.412822
490.028567	146.209192	11.537779	-0.085188	1.412882
490.132174	146.088413	11.542784	-0.085206	1.412806
490.182207	146.080109	11.547789	-0.085215	1.412817
489.927343	146.164868	11.552794	-0.085170	1.412803
489.951251	146.163592	11.557799	-0.085174	1.412810
490.068057	146.117717	11.562803	-0.085195	1.412810
489.975839	146.155199	11.567808	-0.085178	1.412811
490.067328	146.130590	11.572813	-0.085194	1.412822
490.006534	146.148893	11.577818	-0.085184	1.412816
489.866706	146.192342	11.582823	-0.085159	1.412806
489.988196	146.154069	11.587827	-0.085180	1.412814
490.042548	146.130026	11.592832	-0.085190	1.412812
490.120620	146.108822	11.597837	-0.085204	1.412820
490.055192	146.125125	11.602842	-0.085192	1.412811
490.103387	146.094550	11.607847	-0.085201	1.412800
490.008274	146.139112	11.612851	-0.085184	1.412807
489.984294	146.149864	11.617856	-0.085179	1.412808
490.164587	146.087046	11.622861	-0.085211	1.412815
490.215448	146.064031	11.627866	-0.085220	1.412812
490.169707	146.079120	11.632871	-0.085212	1.412810
490.155432	146.092543	11.637875	-0.085210	1.412817
490.053348	146.124440	11.642880	-0.085191	1.412809
490.179204	146.082153	11.647885	-0.085214	1.412816
490.136080	146.098042	11.652890	-0.085206	1.412815
490.224996	145.932221	11.657895	-0.085222	1.412691
490.029986	145.813621	11.662899	-0.085187	1.412507
489.897523	145.852056	11.667904	-0.085163	1.412495
489.999164	146.048364	11.672909	-0.085181	1.412717
490.031928	145.858943	11.677914	-0.085187	1.412550
490.075736	145.784279	11.682919	-0.085195	1.412496
489.967969	145.832941	11.687923	-0.085176	1.412502
489.914260	146.013830	11.692928	-0.085166	1.412653
490.109298	145.920632	11.697933	-0.085201	1.412637
490.046422	145.796892	11.702938	-0.085190	1.412497
490.180249	145.741082	11.707943	-0.085213	1.412493
489.989294	145.828908	11.712947	-0.085179	1.412506
489.917862	145.853008	11.717952	-0.085166	1.412502
490.033909	145.800814	11.722957	-0.085187	1.412495
490.034368	145.799737	11.727962	-0.085187	1.412494
489.930915	145.840271	11.732967	-0.085169	1.412495
489.962836	145.842321	11.737971	-0.085174	1.412508
489.913826	145.853062	11.742976	-0.085166	1.412500
490.125581	145.793699	11.747981	-0.085203	1.412522
490.133417	145.770240	11.752986	-0.085205	1.412503
490.058110	145.799320	11.757991	-0.085191	1.412502
490.163457	145.765180	11.762995	-0.085210	1.412509
490.040916	145.807027	11.768000	-0.085188	1.412503
490.109777	145.778163	11.773005	-0.085200	1.412501
490.139970	145.756417	11.778010	-0.085206	1.412491
490.103325	145.786979	11.783015	-0.085199	1.412507
490.310081	145.702944	11.788019	-0.085236	1.412503
490.102337	145.780111	11.793024	-0.085199	1.412500
490.229285	145.735907	11.798029	-0.085221	1.412505
490.156763	145.760597	11.803034	-0.085208	1.412501
490.149815	145.432928	11.808039	-0.085207	1.412189
490.146503	145.443237	11.813043	-0.085206	1.412198
490.005638	145.489411	11.818048	-0.085181	1.412189
490.153759	145.423573	11.823053	-0.085208	1.412181
490.173142	145.419591	11.828058	-0.085211	1.412185
490.191377	145.420189	11.833063	-0.085214	1.412192
490.116179	145.449063	11.838067	-0.085201	1.412191
489.886950	145.526663	11.843072	-0.085160	1.412180
490.015910	145.489939	11.848077	-0.085183	1.412193
490.025154	145.480978	11.853082	-0.085184	1.412188
489.862900	145.543910	11.858087	-0.085155	1.412188
489.888221	145.548360	11.863091	-0.085160	1.412201
489.912634	145.525891	11.868096	-0.085164	1.412189
489.996058	145.493010	11.873101	-0.085179	1.412188
489.910391	145.520339	11.878106	-0.085164	1.412182
489.827064	145.555849	11.883111	-0.085149	1.412185
489.987883	145.500770	11.888115	-0.085177	1.412192
489.969637	145.501025	11.893120	-0.085174	1.412186
490.107653	145.458461	11.898125	-0.085199	1.412196
490.124208	145.444837	11.903130	-0.085202	1.412189
489.864479	145.545385	11.908135	-0.085155	1.412189
489.970645	145.509106	11.913139	-0.085174	1.412193
489.830436	145.552214	11.918144	-0.085149	1.412182
489.938126	145.597000	11.923149	-0.085168	1.412264
490.114789	145.577577	11.928154	-0.085200	1.412311
489.991682	145.495173	11.933159	-0.085178	1.412188
489.993284	145.496130	11.938163	-0.085178	1.412189
490.008691	145.486093	11.943168	-0.085181	1.412185
490.095215	145.464403	11.948173	-0.085196	1.412196
490.053402	145.476642	11.953178	-0.085189	1.412192
490.049229	145.470922	11.958183	-0.085188	1.412185
489.989350	145.506394	11.963187	-0.085177	1.412197
489.997673	145.488701	11.968192	-0.085179	1.412183
490.071269	145.472870	11.973197	-0.085192	1.412195
490.155627	145.430203	11.978202	-0.085207	1.412186
490.085881	145.460756	11.983207	-0.085194	1.412189
490.085028	145.463165	11.988211	-0.085194	1.412191
489.909689	145.522760	11.993216	-0.085163	1.412182
489.996328	145.493421	11.998221	-0.085178	1.412186
490.042773	145.469151	12.003226	-0.085186	1.412180
489.956332	145.511162	12.008231	-0.085171	1.412188
490.153592	145.437434	12.013235	-0.085206	1.412191
489.936474	145.508501	12.018240	-0.085167	1.412178
490.004616	145.493637	12.023245	-0.085179	1.412189
490.063335	145.462439	12.028250	-0.085190	1.412181
490.134322	145.434566	12.033255	-0.085202	1.412181
490.254233	145.394092	12.038259	-0.085224	1.412187
489.910778	145.523600	12.043264	-0.085162	1.412183
490.065811	145.477718	12.048269	-0.085190	1.412196
490.120987	145.445255	12.053274	-0.085200	1.412186
490.045572	145.473056	12.058279	-0.085186	1.412184
490.056385	145.481833	12.063283	-0.085188	1.412196
489.924907	145.515757	12.068288	-0.085165	1.412180
490.059485	145.476515	12.073293	-0.085189	1.412192
490.112857	145.450374	12.078298	-0.085198	1.412187
490.194318	145.417762	12.083303	-0.085213	1.412186
490.131880	145.447619	12.088307	-0.085202	1.412191
489.995600	145.485726	12.093312	-0.085177	1.412177
490.081199	145.228369	12.098317	-0.085192	1.411966
489.933293	145.437276	12.103322	-0.085166	1.412108
490.010517	145.380859	12.108327	-0.085180	1.412083
490.020712	145.492687	12.113331	-0.085181	1.412193
489.811445	145.564664	12.118336	-0.085144	1.412184
489.902604	145.544476	12.123341	-0.085160	1.412198
489.892650	145.539518	12.128346	-0.085158	1.412190
489.944059	145.512985	12.133351	-0.085168	1.412183
490.123098	145.448500	12.138355	-0.085200	1.412188
489.945361	145.506715	12.143360	-0.085168	1.412178
489.866659	145.554969	12.148365	-0.085154	1.412194
489.912775	145.534464	12.153370	-0.085162	1.412192
489.956653	145.515491	12.158375	-0.085170	1.412190
490.078425	145.464706	12.163379	-0.085191	1.412187
490.148591	145.440788	12.168384	-0.085204	1.412190
490.122265	145.454602	12.173389	-0.085199	1.412193
490.043084	145.486679	12.178394	-0.085185	1.412194
490.016383	145.488902	12.183399	-0.085180	1.412186
490.046287	145.491404	12.188403	-0.085185	1.412200
490.112979	145.444375	12.193408	-0.085197	1.412180
490.124069	145.446101	12.198413	-0.085199	1.412185
489.966883	145.514498	12.203418	-0.085171	1.412192
489.943622	145.511746	12.208423	-0.085167	1.412181
490.156474	145.442527	12.213427	-0.085205	1.412193
489.973494	145.512039	12.218432	-0.085172	1.412192
489.918096	145.533204	12.223437	-0.085162	1.412191
489.971300	145.514402	12.228442	-0.085172	1.412193
489.840739	145.562846	12.233447	-0.085148	1.412191
489.906108	145.535837	12.238451	-0.085160	1.412189
489.821315	145.561669	12.243456	-0.085145	1.412182
489.879533	145.546370	12.248461	-0.085155	1.412189
489.937428	145.523924	12.253466	-0.085165	1.412189
489.955014	145.517336	12.258471	-0.085168	1.412189
490.093636	145.466767	12.263475	-0.085193	1.412192
490.366507	145.349387	12.268480	-0.085242	1.412182
490.330469	145.369296	12.273485	-0.085235	1.412187
490.258959	145.272765	12.278490	-0.085223	1.412070
490.053806	145.154401	12.283495	-0.085186	1.411882
490.276267	145.070364	12.288499	-0.085226	1.411885
490.175762	145.104959	12.293504	-0.085208	1.411880
490.213092	145.092998	12.298509	-0.085214	1.411883
490.288605	145.065510	12.303514	-0.085228	1.411884
490.190171	145.102770	12.308519	-0.085210	1.411883
490.290351	145.047169	12.313523	-0.085228	1.411868
490.161278	144.762734	12.318528	-0.085205	1.411551
490.160582	144.774333	12.323533	-0.085205	1.411562
490.146809	144.772684	12.328538	-0.085202	1.411555
490.096210	144.794626	12.333543	-0.085193	1.411557
490.214099	144.759065	12.338547	-0.085214	1.411567
490.213253	144.752548	12.343552	-0.085214	1.411560
490.074510	144.803519	12.348557	-0.085189	1.411557
490.125154	144.779269	12.353562	-0.085198	1.411553
490.008828	144.824487	12.358567	-0.085177	1.411553
490.032520	144.819982	12.363571	-0.085181	1.411557
489.999597	144.831407	12.368576	-0.085175	1.411556
490.101348	144.791224	12.373581	-0.085194	1.411555
490.154602	144.777523	12.378586	-0.085203	1.411562
490.014009	144.824259	12.383591	-0.085178	1.411554
489.990242	144.841536	12.388595	-0.085174	1.411562
489.903113	144.855725	12.393600	-0.085158	1.411543
490.029676	144.814969	12.398605	-0.085180	1.411551
490.004872	144.834963	12.403610	-0.085176	1.411560
490.044061	144.815173	12.408615	-0.085183	1.411556
490.251658	144.697432	12.413619	-0.085220	1.411521
490.044278	144.490151	12.418624	-0.085183	1.411249
489.880565	144.611305	12.423629	-0.085154	1.411303
489.828414	144.902975	12.428634	-0.085144	1.411559
489.683073	144.954367	12.433639	-0.085118	1.411554
489.967880	144.845558	12.438643	-0.085169	1.411556
490.090195	144.798361	12.443648	-0.085191	1.411557
490.125835	144.785900	12.448653	-0.085197	1.411558
489.869052	144.884976	12.453658	-0.085151	1.411557
489.823371	144.891785	12.458663	-0.085143	1.411546
490.034696	144.824472	12.463667	-0.085181	1.411560
489.982791	144.841800	12.468672	-0.085172	1.411558
490.193691	144.758296	12.473677	-0.085209	1.411556
490.195235	144.765058	12.478682	-0.085209	1.411563
490.343192	144.699947	12.483687	-0.085236	1.411556
490.384936	144.380300	12.488691	-0.085243	1.411269
490.325079	144.384206	12.493696	-0.085232	1.411251
490.312009	144.390214	12.498701	-0.085230	1.411252
490.223720	144.424186	12.503706	-0.085214	1.411251
490.129216	144.456614	12.508711	-0.085197	1.411247
490.279538	144.363162	12.513715	-0.085224	1.411214
490.058196	144.157417	12.518720	-0.085184	1.410938
490.051232	144.165507	12.523725	-0.085183	1.410943
490.187068	144.121135	12.528730	-0.085207	1.410951
490.032673	144.176057	12.533735	-0.085180	1.410946
490.079330	144.159967	12.538739	-0.085188	1.410948
490.051918	144.166604	12.543744	-0.085183	1.410944
490.030987	144.184756	12.548749	-0.085179	1.410953
489.986013	144.193772	12.553754	-0.085171	1.410945
489.960669	144.206210	12.558759	-0.085167	1.410947
490.111508	144.152529	12.563763	-0.085194	1.410952
489.877095	144.235964	12.568768	-0.085152	1.410944
489.950924	144.197733	12.573773	-0.085165	1.410935
490.101164	144.143459	12.578778	-0.085192	1.410939
489.935800	144.208928	12.583783	-0.085162	1.410940
490.018348	144.180184	12.588787	-0.085177	1.410943
489.906227	144.217491	12.593792	-0.085157	1.410937
489.777460	144.273996	12.598797	-0.085134	1.410943
490.010066	144.185506	12.603802	-0.085175	1.410945
489.814495	144.324008	12.608807	-0.085140	1.411004
490.050571	144.498941	12.613811	-0.085182	1.411256
490.035268	144.500202	12.618816	-0.085180	1.411252
489.888447	144.563571	12.623821	-0.085153	1.411257
490.013171	144.502054	12.628826	-0.085176	1.411245
490.137497	144.463158	12.633831	-0.085198	1.411254
490.088605	144.228414	12.638835	-0.085189	1.411014
489.934035	144.298434	12.643840	-0.085161	1.411023
489.987566	144.278015	12.648845	-0.085171	1.411023
490.093952	144.316793	12.653850	-0.085190	1.411099
490.025037	144.174263	12.658855	-0.085177	1.410939
490.099183	144.150442	12.663859	-0.085191	1.410944
490.225540	144.094237	12.668864	-0.085213	1.410937
490.123499	144.142648	12.673869	-0.085195	1.410945
490.204582	144.103575	12.678874	-0.085209	1.410938
490.238812	144.079606	12.683879	-0.085215	1.410928
490.266641	144.085214	12.688883	-0.085220	1.410943
490.343037	144.041690	12.693888	-0.085234	1.410930
490.337050	143.823158	12.698893	-0.085233	1.410721
490.362888	143.790900	12.703898	-0.085237	1.410700
490.377045	143.773427	12.708903	-0.085240	1.410689
490.350826	143.789838	12.713907	-0.085235	1.410695
490.345390	143.639812	12.718912	-0.085234	1.410551
490.220259	143.487540	12.723917	-0.085212	1.410361
490.081239	143.546221	12.728922	-0.085187	1.410365
490.159921	143.508579	12.733927	-0.085201	1.410358
490.308033	143.455790	12.738931	-0.085227	1.410363
490.196783	143.495239	12.743936	-0.085207	1.410359
490.215348	143.491405	12.748941	-0.085211	1.410362
490.153128	143.521503	12.753946	-0.085199	1.410367
489.954224	143.590953	12.758951	-0.085164	1.410360
490.021327	143.581097	12.763955	-0.085176	1.410375
490.073504	143.548494	12.768960	-0.085185	1.410363
490.116452	143.534506	12.773965	-0.085193	1.410366
490.114524	143.281472	12.778970	-0.085192	1.410126
490.139803	143.189361	12.783975	-0.085197	1.410048
490.007001	143.246116	12.788979	-0.085173	1.410053
489.995790	143.245293	12.793984	-0.085171	1.410048
490.078233	143.210479	12.798989	-0.085186	1.410045
490.156194	143.191110	12.803994	-0.085199	1.410055
489.905465	143.288665	12.808999	-0.085155	1.410055
489.946124	143.273257	12.814003	-0.085162	1.410055
489.904042	143.281154	12.819008	-0.085154	1.410047
489.976276	143.262529	12.824013	-0.085167	1.410056
490.126136	143.205921	12.829018	-0.085194	1.410058
490.152241	143.181986	12.834023	-0.085198	1.410045
490.117287	143.212030	12.839027	-0.085192	1.410060
490.079519	143.210489	12.844032	-0.085185	1.410045
490.037649	143.226720	12.849037	-0.085178	1.410044
490.152544	143.184883	12.854042	-0.085198	1.410047
489.947686	143.268373	12.859047	-0.085162	1.410051
490.119312	143.200650	12.864051	-0.085192	1.410050
490.072589	143.216625	12.869056	-0.085184	1.410047
490.125791	143.198314	12.874061	-0.085193	1.410050
490.140975	143.194640	12.879066	-0.085196	1.410052
489.948178	143.266008	12.884071	-0.085162	1.410048
490.066617	143.224441	12.889075	-0.085183	1.410052
490.070140	143.207978	12.894080	-0.085183	1.410038
489.994936	143.246431	12.899085	-0.085170	1.410046
489.978534	143.259678	12.904090	-0.085167	1.410053
489.905251	143.279393	12.909095	-0.085154	1.410044
490.024830	143.246460	12.914099	-0.085175	1.410057
490.048912	143.228594	12.919104	-0.085179	1.410049
490.086349	143.219887	12.924109	-0.085186	1.410055
489.938984	143.280001	12.929114	-0.085160	1.410057
489.790152	143.332764	12.934119	-0.085133	1.410052
489.748551	143.354007	12.939123	-0.085125	1.410057
489.926020	143.274766	12.944128	-0.085157	1.410047
489.824699	143.307049	12.949133	-0.085139	1.410040
489.715729	143.360630	12.954138	-0.085119	1.410051
489.859486	143.297652	12.959143	-0.085145	1.410044
489.988000	143.585758	12.964147	-0.085168	1.410364
490.031264	143.510072	12.969152	-0.085176	1.410308
490.064258	143.304026	12.974157	-0.085182	1.410125
490.124562	143.190025	12.979162	-0.085192	1.410039
489.928376	143.273275	12.984167	-0.085157	1.410046
489.891520	143.293166	12.989171	-0.085151	1.410051
489.758284	143.657272	12.994176	-0.085127	1.410346
489.696817	143.702264	12.999181	-0.085116	1.410366
489.880608	143.627824	13.004186	-0.085148	1.410363
489.999327	143.575915	13.009191	-0.085170	1.410358
489.973596	143.595106	13.014195	-0.085165	1.410366
489.918645	143.601903	13.019200	-0.085155	1.410352
489.913913	143.615065	13.024205	-0.085154	1.410363
489.853064	143.635384	13.029210	-0.085143	1.410360
489.832634	143.637654	13.034215	-0.085140	1.410354
489.823703	143.652121	13.039219	-0.085138	1.410365
490.085718	143.540289	13.044224	-0.085185	1.410355
490.060261	143.559044	13.049229	-0.085180	1.410363
489.880278	143.629712	13.054234	-0.085148	1.410364
489.994963	143.576732	13.059239	-0.085168	1.410356
490.133689	143.533376	13.064243	-0.085193	1.410366
490.222133	143.494574	13.069248	-0.085209	1.410362
490.044822	143.566843	13.074253	-0.085177	1.410365
489.997877	143.589012	13.079258	-0.085169	1.410368
490.049185	143.550969	13.084263	-0.085178	1.410351
489.948010	143.608120	13.089267	-0.085160	1.410368
489.902927	143.618008	13.094272	-0.085152	1.410361
489.996548	143.585776	13.099277	-0.085168	1.410364
490.120774	143.535024	13.104282	-0.085191	1.410362
490.150311	143.515032	13.109287	-0.085196	1.410354
490.334259	143.449281	13.114291	-0.085229	1.410359
490.277992	143.467155	13.119296	-0.085219	1.410356
490.265902	143.475753	13.124301	-0.085216	1.410359
490.230558	143.361674	13.129306	-0.085210	1.410238
490.086234	143.205368	13.134311	-0.085184	1.410037
490.022866	143.239543	13.139315	-0.085173	1.410046
490.075254	143.217258	13.144320	-0.085182	1.410044
490.009652	143.249166	13.149325	-0.085170	1.410050
490.095419	143.218340	13.154330	-0.085186	1.410052
490.209993	143.167220	13.159335	-0.085206	1.410046
490.205760	143.169126	13.164339	-0.085205	1.410046
490.036250	143.236708	13.169344	-0.085175	1.410048
490.098945	143.212884	13.174349	-0.085186	1.410048
490.199381	143.181793	13.179354	-0.085204	1.410056
490.286847	143.139742	13.184359	-0.085220	1.410048
490.303512	142.967483	13.189363	-0.085222	1.409891
490.074452	142.881022	13.194368	-0.085181	1.409725
490.110633	142.874287	13.199373	-0.085188	1.409732
490.160178	142.862515	13.204378	-0.085197	1.409739
490.077461	142.882606	13.209383	-0.085182	1.409727
490.004439	142.919713	13.214387	-0.085169	1.409735
490.044938	142.897601	13.219392	-0.085176	1.409729
490.304650	142.804488	13.224397	-0.085222	1.409737
490.258360	142.825906	13.229402	-0.085214	1.409740
490.098676	142.878607	13.234407	-0.085185	1.409731
489.974874	142.931362	13.239411	-0.085163	1.409735
489.835262	142.977567	13.244416	-0.085138	1.409727
489.873953	142.969030	13.249421	-0.085145	1.409733
489.859303	142.972683	13.254426	-0.085142	1.409731
489.929198	142.946386	13.259431	-0.085155	1.409732
489.897742	142.964503	13.264435	-0.085149	1.409738
489.923789	142.944883	13.269440	-0.085154	1.409728
489.975301	142.928054	13.274445	-0.085163	1.409731
489.971823	142.940887	13.279450	-0.085162	1.409742
489.766921	143.009710	13.284455	-0.085126	1.409732
489.990534	142.916463	13.289459	-0.085166	1.409726
489.968461	142.929441	13.294464	-0.085162	1.409730
490.084281	142.890211	13.299469	-0.085182	1.409735
489.970031	142.930337	13.304474	-0.085162	1.409731
489.948075	142.931719	13.309479	-0.085158	1.409724
489.910888	142.957182	13.314483	-0.085151	1.409735
489.884794	143.262502	13.319488	-0.085146	1.410014
489.840110	143.324886	13.324493	-0.085138	1.410056
489.909621	143.303196	13.329498	-0.085151	1.410061
489.961469	143.273033	13.334503	-0.085160	1.410052
490.025419	143.247731	13.339507	-0.085171	1.410051
490.042576	143.230581	13.344512	-0.085174	1.410041
490.100525	143.208936	13.349517	-0.085185	1.410042
490.010325	143.246791	13.354522	-0.085169	1.410044
489.929240	143.272515	13.359527	-0.085154	1.410039
489.951019	143.274196	13.364531	-0.085158	1.410048
490.035974	143.235104	13.369536	-0.085173	1.410043
490.107720	143.213203	13.374541	-0.085186	1.410048
490.090884	143.223813	13.379546	-0.085183	1.410052
489.847577	143.314022	13.384551	-0.085139	1.410048
490.013257	143.247954	13.389555	-0.085169	1.410046
490.032041	143.243044	13.394560	-0.085172	1.410048
490.073085	143.222699	13.399565	-0.085179	1.410044
489.974374	143.266510	13.404570	-0.085162	1.410049
489.939160	143.278334	13.409575	-0.085155	1.410047
489.968797	143.271674	13.414579	-0.085161	1.410052
489.776111	143.338707	13.419584	-0.085126	1.410044
489.819660	143.323164	13.424589	-0.085134	1.410045
489.878045	143.302834	13.429594	-0.085144	1.410047
489.910141	143.288945	13.434599	-0.085150	1.410046
489.947414	143.279972	13.439603	-0.085157	1.410051
489.934726	143.285335	13.444608	-0.085154	1.410051
489.986949	143.264434	13.449613	-0.085164	1.410051
489.995916	143.261201	13.454618	-0.085165	1.410051
489.892139	143.296916	13.459623	-0.085147	1.410046
490.074995	143.233733	13.464627	-0.085179	1.410054
490.218698	143.170775	13.469632	-0.085205	1.410047
490.126212	143.201764	13.474637	-0.085188	1.410042
489.974425	143.268551	13.479642	-0.085161	1.410050
489.886359	143.296663	13.484647	-0.085145	1.410044
489.926025	143.295836	13.489651	-0.085152	1.410057
489.848922	143.321000	13.494656	-0.085139	1.410053
490.085956	143.217905	13.499661	-0.085181	1.410042
490.023625	143.250521	13.504666	-0.085170	1.410050
489.913248	143.288971	13.509671	-0.085150	1.410046
490.057871	143.234072	13.514675	-0.085176	1.410047
489.859503	143.317016	13.519680	-0.085140	1.410052
490.119389	143.209315	13.524685	-0.085187	1.410046
490.018765	143.259152	13.529690	-0.085169	1.410056
489.913300	143.290738	13.534695	-0.085150	1.410047
490.013957	143.255764	13.539699	-0.085168	1.410051
489.804688	143.332060	13.544704	-0.085130	1.410046
490.051477	143.237711	13.549709	-0.085174	1.410048
489.939130	143.285345	13.554714	-0.085154	1.410051
489.977658	143.274398	13.559719	-0.085161	1.410055
489.943621	143.474754	13.564723	-0.085155	1.410232
489.763265	143.689513	13.569728	-0.085123	1.410368
490.018346	143.591112	13.574733	-0.085168	1.410369
490.112803	143.532637	13.579738	-0.085185	1.410349

489.964021	143.280340	13.584743	-0.085158	1.410055
489.990816	143.204642	13.589747	-0.085163	1.409993
489.822834	142.959572	13.594752	-0.085133	1.409699
489.817567	142.568067	13.599757	-0.085132	1.409327
489.854703	142.132283	13.604762	-0.085139	1.408928
489.802507	141.552698	13.609767	-0.085129	1.408360
489.468440	141.046876	13.614771	-0.085069	1.407758
489.238252	140.469258	13.619776	-0.085028	1.407125
489.324299	139.649269	13.624781	-0.085043	1.406380
489.306278	138.859040	13.629786	-0.085040	1.405623
489.167931	137.956449	13.634791	-0.085015	1.404715
489.124172	136.931211	13.639795	-0.085007	1.403725
488.792659	135.970868	13.644800	-0.084947	1.402690
488.828695	134.769721	13.649805	-0.084954	1.401561
488.723568	133.617316	13.654810	-0.084935	1.400425
488.501710	132.356605	13.659815	-0.084895	1.399141
488.393888	131.003786	13.664819	-0.084875	1.397811
488.104905	129.661286	13.669824	-0.084823	1.396422
488.126481	128.160347	13.674829	-0.084827	1.394995
487.927002	126.637496	13.679834	-0.084791	1.393464
487.494377	125.146707	13.684839	-0.084713	1.391875
487.391792	123.556993	13.689843	-0.084695	1.390312
487.093527	121.918969	13.694848	-0.084641	1.388628
486.659733	120.306406	13.699853	-0.084563	1.386916
486.250451	118.732727	13.704858	-0.084490	1.385248
486.040657	116.986685	13.709863	-0.084452	1.383487
485.677543	115.285982	13.714867	-0.084387	1.381709
485.422716	113.526860	13.719872	-0.084341	1.379914
484.996385	111.769521	13.724877	-0.084264	1.378053
484.732171	109.942371	13.729882	-0.084217	1.376184
484.401337	108.090471	13.734887	-0.084157	1.374262
484.177934	106.155108	13.739891	-0.084117	1.372298
483.678081	104.338127	13.744896	-0.084028	1.370341
483.364760	102.396788	13.749901	-0.083971	1.368330
482.888072	100.517670	13.754906	-0.083886	1.366316
482.346626	98.680987	13.759911	-0.083788	1.364315
481.895746	96.781375	13.764915	-0.083708	1.362284
481.274461	95.030113	13.769920	-0.083596	1.360330
481.007025	93.053074	13.774925	-0.083548	1.358287
480.487066	91.214057	13.779930	-0.083455	1.356280
479.849022	89.409365	13.784935	-0.083340	1.354258
479.681561	87.406302	13.789939	-0.083310	1.352219
479.204153	85.543970	13.794944	-0.083224	1.350196
478.610715	83.662758	13.799949	-0.083118	1.348106
478.212606	81.786155	13.804954	-0.083046	1.346094
477.826773	79.822744	13.809959	-0.082977	1.343997
477.356217	77.908212	13.814963	-0.082893	1.341912
476.850892	76.041161	13.819968	-0.082802	1.339858
476.534953	74.023164	13.824973	-0.082745	1.337724
475.881655	72.195630	13.829978	-0.082628	1.335644
475.187296	70.368203	13.834983	-0.082503	1.333546
474.694703	68.541984	13.839987	-0.082415	1.331524
473.991999	66.793502	13.844992	-0.082289	1.329495
473.635885	64.908686	13.849997	-0.082225	1.327462
473.256073	63.069391	13.855002	-0.082157	1.325463
472.661668	61.244544	13.860007	-0.082050	1.323390
472.054149	59.497295	13.865011	-0.081941	1.321387
471.303144	57.845360	13.870016	-0.081807	1.319420
470.815906	56.081355	13.875021	-0.081719	1.317442
470.232850	54.403811	13.880026	-0.081615	1.315510
469.732131	52.656286	13.885031	-0.081525	1.313537
469.203580	50.978105	13.890035	-0.081430	1.311620
468.587252	49.349079	13.895040	-0.081319	1.309716
467.944892	47.712533	13.900045	-0.081204	1.307791
467.524284	46.075458	13.905050	-0.081129	1.305951
466.952652	44.437699	13.910055	-0.081026	1.304047
466.306317	42.869475	13.915059	-0.080910	1.302181
465.586893	41.363382	13.920064	-0.080781	1.300348
465.012850	39.819639	13.925069	-0.080678	1.298531
464.327925	38.380920	13.930074	-0.080556	1.296775
463.707799	36.920967	13.935079	-0.080445	1.295021
463.068717	35.508024	13.940083	-0.080330	1.293305
462.312127	34.200782	13.945088	-0.080194	1.291649
461.736366	32.851780	13.950093	-0.080091	1.290021
461.015960	31.581772	13.955098	-0.079962	1.288413
460.278826	30.369688	13.960103	-0.079830	1.286857
459.659350	29.147867	13.965107	-0.079719	1.285337
458.984324	27.980487	13.970112	-0.079598	1.283848
458.031220	26.959759	13.975117	-0.079427	1.282397
457.375936	25.983902	13.980122	-0.079310	1.281113
456.615613	24.984633	13.985127	-0.079174	1.279760
456.048913	23.974295	13.990131	-0.079072	1.278474
455.509918	22.959131	13.995136	-0.078976	1.277192
454.832945	22.040307	14.000141	-0.078854	1.275953
454.278940	21.085182	14.005146	-0.078755	1.274726
453.537472	20.221535	14.010151	-0.078622	1.273516
453.104036	19.265547	14.015155	-0.078545	1.272335
452.358627	18.501572	14.020160	-0.078411	1.271225
451.679317	17.688751	14.025165	-0.078289	1.270091
451.053811	16.902904	14.030170	-0.078177	1.269006
450.422124	16.144048	14.035175	-0.078064	1.267946
449.792425	15.426913	14.040179	-0.077951	1.266930
449.194123	14.728291	14.045184	-0.077844	1.265946
448.469989	14.070486	14.050189	-0.077715	1.264952
448.003141	13.364133	14.055194	-0.077631	1.264012
447.282137	12.753192	14.060199	-0.077502	1.263067
446.573636	12.198175	14.065203	-0.077375	1.262186
445.552254	11.883493	14.070208	-0.077192	1.261428
445.155330	11.313328	14.075213	-0.077121	1.260659
444.715694	10.724544	14.080218	-0.077042	1.259852
444.162931	10.213936	14.085223	-0.076943	1.259080
443.583260	9.698191	14.090227	-0.076839	1.258291
442.998402	9.232020	14.095232	-0.076735	1.257552
442.234074	8.851321	14.100237	-0.076598	1.256828
441.638611	8.461471	14.105242	-0.076491	1.256165
440.906988	8.139823	14.110247	-0.076360	1.255517
440.348752	7.775192	14.115251	-0.076260	1.254896
439.902504	7.399305	14.120256	-0.076180	1.254309
439.242449	7.085057	14.125261	-0.076062	1.253698
438.722029	6.762262	14.130266	-0.075969	1.253136
438.071621	6.454089	14.135271	-0.075852	1.252534
437.607246	6.150456	14.140275	-0.075769	1.252016
437.147101	5.880116	14.145280	-0.075687	1.251534
436.507443	5.600800	14.150285	-0.075572	1.250968
436.104864	5.242078	14.155290	-0.075500	1.250415
435.539529	4.968802	14.160295	-0.075399	1.249886
435.087769	4.676920	14.165299	-0.075318	1.249384
434.488174	4.385882	14.170304	-0.075211	1.248820
433.852153	4.169614	14.175309	-0.075097	1.248321
433.403652	3.896108	14.180314	-0.075017	1.247840
432.787569	3.671443	14.185319	-0.074906	1.247340
432.502251	3.402972	14.190323	-0.074855	1.246932
432.135049	3.023858	14.195328	-0.074789	1.246371
431.454143	2.816547	14.200333	-0.074668	1.245861
430.900340	2.583815	14.205338	-0.074568	1.245378
430.214212	2.396792	14.210343	-0.074446	1.244888
429.536951	2.279924	14.215347	-0.074324	1.244476
429.109412	2.091680	14.220352	-0.074248	1.244094
428.694976	1.805374	14.225357	-0.074174	1.243611
428.438898	1.520642	14.230362	-0.074128	1.243197
427.839400	1.285141	14.235367	-0.074020	1.242690
427.271705	1.111079	14.240371	-0.073919	1.242263
426.691065	1.006771	14.245376	-0.073815	1.241905
425.798709	0.960471	14.250381	-0.073655	1.241477
425.288663	0.851238	14.255386	-0.073564	1.241143
424.954118	0.638656	14.260391	-0.073504	1.240773
424.623989	0.428142	14.265395	-0.073445	1.240406
424.011938	0.286026	14.270400	-0.073335	1.239993
423.270721	0.232046	14.275405	-0.073202	1.239621
422.759401	0.152060	14.280410	-0.073111	1.239317
422.191548	0.048653	14.285415	-0.073009	1.238965
421.740993	-0.055667	14.290419	-0.072929	1.238661
421.547959	-0.308456	14.295424	-0.072894	1.238306
420.864209	-0.388226	14.300429	-0.072772	1.237930
420.445936	-0.529871	14.305434	-0.072697	1.237599
419.723500	-0.575975	14.310439	-0.072567	1.237242
419.048777	-0.541247	14.315443	-0.072447	1.236993
418.384948	-0.487850	14.320448	-0.072328	1.236768
417.836925	-0.486357	14.325453	-0.072230	1.236536
417.727221	-0.708517	14.330458	-0.072210	1.236249
417.183592	-0.789956	14.335463	-0.072113	1.235930
416.768561	-0.889603	14.340467	-0.072038	1.235646
416.085409	-0.926629	14.345472	-0.071916	1.235315
415.492435	-0.940126	14.350477	-0.071810	1.235047
414.986532	-0.929706	14.355482	-0.071719	1.234843
414.520146	-0.970221	14.360487	-0.071636	1.234600
414.234666	-1.085378	14.365491	-0.071585	1.234354
413.755461	-1.199321	14.370496	-0.071499	1.234026
413.286597	-1.284026	14.375501	-0.071415	1.233734
412.803045	-1.380241	14.380506	-0.071329	1.233424
412.151294	-1.403950	14.385511	-0.071212	1.233120
411.550711	-1.414821	14.390515	-0.071104	1.232852
411.080160	-1.425285	14.395520	-0.071020	1.232639
410.557230	-1.435960	14.400525	-0.070927	1.232405
410.191814	-1.522579	14.405530	-0.070861	1.232154
409.723442	-1.531330	14.410535	-0.070777	1.231945
409.152889	-1.595411	14.415539	-0.070675	1.231631
408.669131	-1.630590	14.420544	-0.070589	1.231386
407.960535	-1.583788	14.425549	-0.070462	1.231134
407.557568	-1.583678	14.430554	-0.070390	1.230962
407.013915	-1.630565	14.435559	-0.070292	1.230679
406.550857	-1.673986	14.440563	-0.070209	1.230433
405.998923	-1.615822	14.445568	-0.070111	1.230260
405.292322	-1.536299	14.450573	-0.069984	1.230044
404.819366	-1.500561	14.455578	-0.069900	1.229881
404.432040	-1.487825	14.460583	-0.069830	1.229728
403.927514	-1.536182	14.465587	-0.069740	1.229460
403.551593	-1.533985	14.470592	-0.069673	1.229301
402.910063	-1.474597	14.475597	-0.069558	1.229091
402.568358	-1.546754	14.480602	-0.069497	1.228866
401.970101	-1.490697	14.485607	-0.069390	1.228670
400.936425	-1.263173	14.490611	-0.069205	1.228475
400.783637	-1.206771	14.495616	-0.069177	1.228471
400.515764	-1.352572	14.500621	-0.069129	1.228197
400.117534	-1.341988	14.505626	-0.069058	1.228038
399.420960	-1.252796	14.510631	-0.068933	1.227836
398.854994	-1.247486	14.515635	-0.068832	1.227599
398.652474	-1.231556	14.520640	-0.068796	1.227530
397.963280	-1.245505	14.525645	-0.068672	1.227219
398.143172	-1.436009	14.530650	-0.068704	1.227088
397.016581	-1.258058	14.535655	-0.068503	1.226798
396.034342	-1.010991	14.540659	-0.068327	1.226646
396.043364	-1.053412	14.545664	-0.068329	1.226603
394.825067	-0.821302	14.550669	-0.068111	1.226333
395.070112	-0.916594	14.555674	-0.068155	1.226335
394.647451	-0.983393	14.560679	-0.068079	1.226080
394.533406	-1.120113	14.565683	-0.068058	1.225882
394.224053	-1.251205	14.570688	-0.068003	1.225606
392.713631	-0.863920	14.575693	-0.067733	1.225379
392.919452	-1.092564	14.580698	-0.067770	1.225218
392.430693	-1.152538	14.585703	-0.067682	1.224942
391.817020	-1.080150	14.590707	-0.067572	1.224757
392.134036	-1.511236	14.595712	-0.067629	1.224423
391.242562	-1.494479	14.600717	-0.067469	1.224058
390.539247	-1.434360	14.605722	-0.067343	1.223821
389.620828	-1.369655	14.610727	-0.067179	1.223496
388.907801	-1.106979	14.615731	-0.067051	1.223476
388.596866	-1.237613	14.620736	-0.066996	1.223199
388.276151	-1.224969	14.625741	-0.066938	1.223075
388.131628	-1.369186	14.630746	-0.066912	1.222855
387.688429	-1.465051	14.635751	-0.066833	1.222559
386.298566	-1.179335	14.640755	-0.066584	1.222272
386.099578	-1.105969	14.645760	-0.066549	1.222266
385.714704	-1.129080	14.650765	-0.066480	1.222075
385.681991	-1.223880	14.655770	-0.066474	1.221957
385.365613	-1.408144	14.660775	-0.066417	1.221619
384.757517	-1.435945	14.665779	-0.066308	1.221326
384.270427	-1.502591	14.670784	-0.066221	1.221043
383.471038	-1.459285	14.675789	-0.066078	1.220745
382.913601	-1.446850	14.680794	-0.065978	1.220518
382.475986	-1.455806	14.685799	-0.065900	1.220319
381.374736	-1.215447	14.690803	-0.065703	1.220107
381.781949	-1.453950	14.695808	-0.065776	1.220021
380.923100	-1.341598	14.700813	-0.065622	1.219773
380.510234	-1.418048	14.705818	-0.065548	1.219511
380.149037	-1.494168	14.710823	-0.065484	1.219271
379.515811	-1.418635	14.715827	-0.065370	1.219080
379.212310	-1.496138	14.720832	-0.065316	1.218864
378.176913	-1.380874	14.725837	-0.065131	1.218543
377.778116	-1.223533	14.730842	-0.065059	1.218543
377.531510	-1.405979	14.735847	-0.065015	1.218236
376.814965	-1.259614	14.740851	-0.064887	1.218086
376.885119	-1.461606	14.745856	-0.064899	1.217895
375.912325	-1.347294	14.750861	-0.064725	1.217599
375.479652	-1.289852	14.755866	-0.064648	1.217475
375.341644	-1.430730	14.760871	-0.064623	1.217260
374.606487	-1.337693	14.765875	-0.064492	1.217044
374.453380	-1.526938	14.770880	-0.064464	1.216769
373.461028	-1.401006	14.775885	-0.064287	1.216478
372.908679	-1.256234	14.780890	-0.064188	1.216397
372.788606	-1.466799	14.785895	-0.064166	1.216114
371.802236	-1.278989	14.790899	-0.063990	1.215892
371.615464	-1.324179	14.795904	-0.063956	1.215762
371.046337	-1.321837	14.800909	-0.063854	1.215517
370.434560	-1.153563	14.805914	-0.063745	1.215437
370.697842	-1.517154	14.810919	-0.063792	1.215151
369.568153	-1.353892	14.815923	-0.063590	1.214840
369.641171	-1.517682	14.820928	-0.063603	1.214691
368.829614	-1.500611	14.825933	-0.063457	1.214358
367.793983	-1.246911	14.830938	-0.063272	1.214187
367.941211	-1.477634	14.835943	-0.063298	1.213997
366.966592	-1.209330	14.840947	-0.063124	1.213869
366.764304	-1.408711	14.845952	-0.063088	1.213561
366.285023	-1.412874	14.850957	-0.063002	1.213348
365.761483	-1.291676	14.855962	-0.062908	1.213254
365.875946	-1.651876	14.860967	-0.062929	1.212907
364.043868	-1.184754	14.865971	-0.062601	1.212625
364.348648	-1.313809	14.870976	-0.062655	1.212615
363.364948	-1.200190	14.875981	-0.062479	1.212313
363.064903	-1.073804	14.880986	-0.062426	1.212322
363.462046	-1.456315	14.885991	-0.062497	1.212072
361.894304	-1.135675	14.890995	-0.062216	1.211744
362.361968	-1.416465	14.896000	-0.062300	1.211637
361.640325	-1.466477	14.901005	-0.062171	1.211267
360.634960	-1.213333	14.906010	-0.061991	1.211109
360.765138	-1.508998	14.911015	-0.062014	1.210839
359.382306	-1.218886	14.916019	-0.061767	1.210557
359.416498	-1.304796	14.921024	-0.061773	1.210477
359.181213	-1.456924	14.926029	-0.061730	1.210206
358.551589	-1.385242	14.931034	-0.061618	1.210011
358.806462	-1.771977	14.936039	-0.061663	1.209694
356.783132	-1.290373	14.941043	-0.061301	1.209344
356.405539	-1.237240	14.946048	-0.061234	1.209238
356.446087	-1.289672	14.951053	-0.061241	1.209197
355.189801	-1.045652	14.956058	-0.061016	1.208919
356.264774	-1.585187	14.961063	-0.061208	1.208791
355.271635	-1.464723	14.966067	-0.061031	1.208491
354.842439	-1.504633	14.971072	-0.060954	1.208259
354.181281	-1.528550	14.976077	-0.060835	1.207944
352.527325	-1.130835	14.981082	-0.060540	1.207661
353.229097	-1.417086	14.986087	-0.060665	1.207651
352.284828	-1.271440	14.991091	-0.060496	1.207399
352.148884	-1.284417	14.996096	-0.060472	1.207326
351.994941	-1.487146	15.001101	-0.060444	1.207033
350.749363	-1.231604	15.006106	-0.060221	1.206772
350.906166	-1.470139	15.011111	-0.060249	1.206576
350.063019	-1.352106	15.016115	-0.060098	1.206338
349.325175	-1.238134	15.021120	-0.059966	1.206141
349.329719	-1.467437	15.026125	-0.059967	1.205889
348.590485	-1.314657	15.031130	-0.059835	1.205735
348.512107	-1.534372	15.036135	-0.059821	1.205456
347.444412	-1.358249	15.041139	-0.059630	1.205184
347.136399	-1.379257	15.046144	-0.059574	1.205026
347.106382	-1.624493	15.051149	-0.059569	1.204740
345.645083	-1.183782	15.056154	-0.059308	1.204589
345.829389	-1.487122	15.061159	-0.059340	1.204333
345.046696	-1.417322	15.066163	-0.059200	1.204067
344.315107	-1.241747	15.071168	-0.059069	1.203941
344.404336	-1.466390	15.076173	-0.059085	1.203731
343.522297	-1.216758	15.081178	-0.058928	1.203621
343.716452	-1.567365	15.086183	-0.058962	1.203316
343.096172	-1.600686	15.091187	-0.058851	1.203007
342.006217	-1.448361	15.096192	-0.058656	1.202698
341.940431	-1.582056	15.101197	-0.058644	1.202520
340.612461	-1.179228	15.106202	-0.058407	1.202385
341.243650	-1.516756	15.111207	-0.058520	1.202287
340.219235	-1.392122	15.116211	-0.058336	1.201975
339.437207	-1.219947	15.121216	-0.058196	1.201823
339.860416	-1.601433	15.126221	-0.058272	1.201584
338.378588	-1.242494	15.131226	-0.058007	1.201333
338.378570	-1.379948	15.136231	-0.058007	1.201179
337.752943	-1.370899	15.141235	-0.057895	1.200914
337.377824	-1.306892	15.146240	-0.057828	1.200820
337.465616	-1.698646	15.151245	-0.057843	1.200422
336.218917	-1.361533	15.156250	-0.057620	1.200249
336.142339	-1.619557	15.161255	-0.057606	1.199928
335.423427	-1.557894	15.166259	-0.057478	1.199680
334.285386	-1.147650	15.171264	-0.057274	1.199637
334.616118	-1.542734	15.176269	-0.057333	1.199341
333.631003	-1.354584	15.181274	-0.057157	1.199117
333.866332	-1.592531	15.186279	-0.057199	1.198955
333.303308	-1.701111	15.191283	-0.057098	1.198586
331.838719	-1.312503	15.196288	-0.056836	1.198374
332.219887	-1.580315	15.201293	-0.056904	1.198243
330.678067	-1.132107	15.206298	-0.056629	1.198064
330.873995	-1.252208	15.211303	-0.056664	1.198016
330.858914	-1.566106	15.216307	-0.056661	1.197658
329.830380	-1.361880	15.221312	-0.056477	1.197432
330.520257	-1.833780	15.226317	-0.056600	1.197209
328.721095	-1.453237	15.231322	-0.056278	1.196840
328.428567	-1.432157	15.236327	-0.056226	1.196735
327.816344	-1.367554	15.241331	-0.056116	1.196537
327.226526	-1.254506	15.246336	-0.056011	1.196402
327.746263	-1.723865	15.251341	-0.056104	1.196107
326.503170	-1.474308	15.256346	-0.055881	1.195837
326.212704	-1.594587	15.261351	-0.055829	1.195573
325.904738	-1.720862	15.266355	-0.055774	1.195296
324.367929	-1.342229	15.271360	-0.055499	1.195040
324.530745	-1.484123	15.276365	-0.055528	1.194953
323.847559	-1.317043	15.281370	-0.055406	1.194838
323.887218	-1.501742	15.286375	-0.055413	1.194649
323.850363	-1.872563	15.291379	-0.055406	1.194216
322.327646	-1.448229	15.296384	-0.055134	1.194018
322.289151	-1.657689	15.301389	-0.055127	1.193766
321.345463	-1.444980	15.306394	-0.054958	1.193587
320.825636	-1.408655	15.311399	-0.054865	1.193397
321.018063	-1.667833	15.316403	-0.054899	1.193191
319.849764	-1.306646	15.321408	-0.054690	1.193079
320.280245	-1.754906	15.326413	-0.054767	1.192766
319.310751	-1.641721	15.331418	-0.054594	1.192464
318.833173	-1.624741	15.336423	-0.054508	1.192271
318.785230	-1.852976	15.341427	-0.054500	1.191993
317.255421	-1.386519	15.346432	-0.054226	1.191839
316.914445	-1.487936	15.351437	-0.054165	1.191573
316.475600	-1.415490	15.356442	-0.054086	1.191460
315.636109	-1.262622	15.361447	-0.053936	1.191259
316.211687	-1.615522	15.366451	-0.054039	1.191118
314.930345	-1.257144	15.371456	-0.053810	1.190952
315.161451	-1.616056	15.376461	-0.053851	1.190650
314.248590	-1.505872	15.381466	-0.053688	1.190369
313.576404	-1.316287	15.386471	-0.053567	1.190283
313.583276	-1.559960	15.391475	-0.053568	1.190012
312.141805	-1.243835	15.396480	-0.053311	1.189727
312.788345	-1.582663	15.401485	-0.053426	1.189633
312.050287	-1.551430	15.406490	-0.053294	1.189340
310.987500	-1.376118	15.411495	-0.053104	1.189065
310.971001	-1.496424	15.416499	-0.053101	1.188922
309.717017	-1.152578	15.421504	-0.052877	1.188751
310.601865	-1.652198	15.426509	-0.053035	1.188582
309.483822	-1.532633	15.431514	-0.052835	1.188219
308.856877	-1.392158	15.436519	-0.052723	1.188098
308.926352	-1.714057	15.441523	-0.052735	1.187766
307.820489	-1.505237	15.446528	-0.052537	1.187509
307.633052	-1.614109	15.451533	-0.052503	1.187302
306.722287	-1.419698	15.456538	-0.052340	1.187116
305.772056	-1.209601	15.461543	-0.052170	1.186929
306.537373	-1.674535	15.466547	-0.052307	1.186745
305.506273	-1.465762	15.471552	-0.052123	1.186521
305.286964	-1.614543	15.476557	-0.052083	1.186255
304.653788	-1.609718	15.481562	-0.051970	1.185978
303.230313	-1.334186	15.486567	-0.051715	1.185654
303.813061	-1.607797	15.491571	-0.051820	1.185605
302.622979	-1.367153	15.496576	-0.051607	1.185346
302.907378	-1.631888	15.501581	-0.051658	1.185174
302.331665	-1.647432	15.506586	-0.051554	1.184899
301.348968	-1.408817	15.511591	-0.051379	1.184730
301.235992	-1.630319	15.516595	-0.051358	1.184429
300.019671	-1.337444	15.521600	-0.051141	1.184216
300.518308	-1.657052	15.526605	-0.051230	1.184077
300.189452	-1.855543	15.531610	-0.051171	1.183706
298.202862	-1.276789	15.536615	-0.050816	1.183472
298.675747	-1.498476	15.541619	-0.050900	1.183433
297.922654	-1.452309	15.546624	-0.050765	1.183148
297.717546	-1.557394	15.551629	-0.050729	1.182937
297.500420	-1.669890	15.556634	-0.050690	1.182713
296.302100	-1.346457	15.561639	-0.050475	1.182543
296.587879	-1.635406	15.566643	-0.050526	1.182343
295.524101	-1.484988	15.571648	-0.050336	1.182037
295.383720	-1.586124	15.576653	-0.050311	1.181859
294.927937	-1.622394	15.581658	-0.050229	1.181614
293.189504	-1.176607	15.586663	-0.049918	1.181341
294.055466	-1.571744	15.591667	-0.050073	1.181280
293.304292	-1.502220	15.596672	-0.049939	1.181023
292.979399	-1.635816	15.601677	-0.049880	1.180725
292.497066	-1.682196	15.606682	-0.049794	1.180456
291.528739	-1.444093	15.611687	-0.049621	1.180292
291.452029	-1.631705	15.616691	-0.049607	1.180045
290.172457	-1.346648	15.621696	-0.049378	1.179794
290.483854	-1.540466	15.626701	-0.049434	1.179714
290.262212	-1.746538	15.631706	-0.049394	1.179380
288.878308	-1.404803	15.636711	-0.049146	1.179147
288.817519	-1.588316	15.641715	-0.049135	1.178911
288.184429	-1.433608	15.646720	-0.049022	1.178802
287.786376	-1.520534	15.651725	-0.048951	1.178524
287.654688	-1.692800	15.656730	-0.048927	1.178269
286.640197	-1.450875	15.661735	-0.048746	1.178088
286.789343	-1.733932	15.666739	-0.048772	1.177833
285.548774	-1.467140	15.671744	-0.048550	1.177579
285.133695	-1.458898	15.676749	-0.048476	1.177401
285.459997	-1.756427	15.681754	-0.048534	1.177209
284.077178	-1.407386	15.686759	-0.048287	1.176985
284.171545	-1.687421	15.691763	-0.048304	1.176708
283.389697	-1.617162	15.696768	-0.048164	1.176436
282.661427	-1.430214	15.701773	-0.048034	1.176321
282.345843	-1.542170	15.706778	-0.047977	1.176051
281.840310	-1.476120	15.711783	-0.047887	1.175899
281.983156	-1.795472	15.716787	-0.047912	1.175599
281.301590	-1.762185	15.721792	-0.047790	1.175330
279.911689	-1.422812	15.726797	-0.047541	1.175090
280.017413	-1.606168	15.731802	-0.047560	1.174928
279.441546	-1.517854	15.736807	-0.047457	1.174769
278.741918	-1.506431	15.741811	-0.047332	1.174467
278.357657	-1.469769	15.746816	-0.047263	1.174335
278.354753	-1.652896	15.751821	-0.047263	1.174125
277.616463	-1.603003	15.756826	-0.047131	1.173848
276.605453	-1.465428	15.761831	-0.046950	1.173549
276.861846	-1.686203	15.766835	-0.046995	1.173413
275.837818	-1.452402	15.771840	-0.046812	1.173217
275.443628	-1.527487	15.776845	-0.046742	1.172953
275.496029	-1.724388	15.781850	-0.046751	1.172752
274.718507	-1.601744	15.786855	-0.046612	1.172540
274.493115	-1.747827	15.791859	-0.046571	1.172271
273.133082	-1.424083	15.796864	-0.046328	1.172027
272.872417	-1.465595	15.801869	-0.046281	1.171861
272.718413	-1.542623	15.806874	-0.046254	1.171703
271.714367	-1.420604	15.811879	-0.046074	1.171389
272.590776	-1.901065	15.816883	-0.046231	1.171235
271.353414	-1.736736	15.821888	-0.046009	1.170863
270.628735	-1.694520	15.826893	-0.045880	1.170584
270.125560	-1.608922	15.831898	-0.045790	1.170454
268.769142	-1.347356	15.836903	-0.045547	1.170139
269.635167	-1.716050	15.841907	-0.045702	1.170109
268.670137	-1.553597	15.846912	-0.045529	1.169858
268.370399	-1.672294	15.851917	-0.045475	1.169585
268.378452	-1.888431	15.856922	-0.045477	1.169341
267.072130	-1.600706	15.861927	-0.045243	1.169079
266.894207	-1.745272	15.866931	-0.045211	1.168832
265.447198	-1.385557	15.871936	-0.044952	1.168589
265.449077	-1.390830	15.876941	-0.044953	1.168583
265.389107	-1.615238	15.881946	-0.044942	1.168298
264.629528	-1.495461	15.886951	-0.044806	1.168091
264.958650	-1.848555	15.891955	-0.044865	1.167835
263.624114	-1.491696	15.896960	-0.044626	1.167639
263.035810	-1.475919	15.901965	-0.044521	1.167390
263.086959	-1.676061	15.906970	-0.044530	1.167183
262.125558	-1.439285	15.911975	-0.044358	1.167018
262.018971	-1.634589	15.916979	-0.044339	1.166745
260.995437	-1.483424	15.921984	-0.044155	1.166454
260.957549	-1.585707	15.926989	-0.044149	1.166319
260.676635	-1.680795	15.931994	-0.044098	1.166081
259.108124	-1.314007	15.936999	-0.043818	1.165790
259.798184	-1.694718	15.942003	-0.043941	1.165666
259.017769	-1.568397	15.947008	-0.043801	1.165456
258.072698	-1.444738	15.952013	-0.043632	1.165168
258.143911	-1.641063	15.957018	-0.043645	1.164974
257.575648	-1.586563	15.962023	-0.043543	1.164778
257.359874	-1.761314	15.967027	-0.043505	1.164479
256.159795	-1.495267	15.972032	-0.043290	1.164238
255.672544	-1.527330	15.977037	-0.043203	1.163979
255.531518	-1.602651	15.982042	-0.043177	1.163828
254.195033	-1.266142	15.987047	-0.042938	1.163607
255.116236	-1.741383	15.992051	-0.043103	1.163479
254.071651	-1.548716	15.997056	-0.042916	1.163224
253.130125	-1.386929	16.002061	-0.042748	1.162982
253.269150	-1.624888	16.007066	-0.042772	1.162770
252.286981	-1.360965	16.012071	-0.042597	1.162627
252.414136	-1.583486	16.017075	-0.042619	1.162428
251.343424	-1.421493	16.022080	-0.042428	1.162126
251.308793	-1.619642	16.027085	-0.042421	1.161881
251.240235	-1.844946	16.032090	-0.042409	1.161590
249.696518	-1.491363	16.037095	-0.042133	1.161293
250.128339	-1.828352	16.042099	-0.042210	1.161101
249.074310	-1.621556	16.047104	-0.042022	1.160858
248.419989	-1.634755	16.052109	-0.041904	1.160543
248.233307	-1.731292	16.057114	-0.041871	1.160346
247.159047	-1.408483	16.062119	-0.041679	1.160228
247.436012	-1.726658	16.067123	-0.041728	1.159987
246.163172	-1.437807	16.072128	-0.041501	1.159739
246.010903	-1.499660	16.077133	-0.041473	1.159597
246.468711	-1.918848	16.082138	-0.041555	1.159322
244.596491	-1.480778	16.087143	-0.041220	1.158971
245.229177	-1.852591	16.092147	-0.041333	1.158831
244.346430	-1.721272	16.097152	-0.041175	1.158578
243.233525	-1.483030	16.102157	-0.040976	1.158344
243.254047	-1.672281	16.107162	-0.040980	1.158134
242.376772	-1.412439	16.112167	-0.040823	1.158033
242.596634	-1.756715	16.117171	-0.040862	1.157735
241.291217	-1.457165	16.122176	-0.040628	1.157483
241.280427	-1.494138	16.127181	-0.040626	1.157436
241.290794	-1.803870	16.132186	-0.040628	1.157081
239.904980	-1.478965	16.137191	-0.040380	1.156822
240.207234	-1.797163	16.142195	-0.040434	1.156591
239.074827	-1.566730	16.147200	-0.040232	1.156339
238.491882	-1.456152	16.152205	-0.040127	1.156200
238.906113	-1.845763	16.157210	-0.040201	1.155937
237.298724	-1.502837	16.162215	-0.039914	1.155597
238.103764	-1.963065	16.167219	-0.040058	1.155432
236.739141	-1.626874	16.172224	-0.039814	1.155196
235.254272	-1.245678	16.177229	-0.039548	1.154956
236.475544	-1.850947	16.182234	-0.039766	1.154814
234.703211	-1.313244	16.187239	-0.039449	1.154624
235.082269	-1.626259	16.192243	-0.039517	1.154434
234.838037	-1.753352	16.197248	-0.039473	1.154174
233.704504	-1.472807	16.202253	-0.039270	1.153979
233.643099	-1.691721	16.207258	-0.039259	1.153696
232.229433	-1.406440	16.212263	-0.039006	1.153377
233.118717	-1.855149	16.217267	-0.039165	1.153264
232.032818	-1.674216	16.222272	-0.038971	1.152974
231.125302	-1.505935	16.227277	-0.038809	1.152752
231.691488	-1.880792	16.232282	-0.038910	1.152576
229.878235	-1.489226	16.237287	-0.038586	1.152197
230.102170	-1.614780	16.242291	-0.038626	1.152154
229.392802	-1.573564	16.247296	-0.038499	1.151874
228.889549	-1.591469	16.252301	-0.038409	1.151621
229.382820	-1.995113	16.257306	-0.038497	1.151378
227.750493	-1.647290	16.262311	-0.038205	1.151031
227.775131	-1.796006	16.267315	-0.038209	1.150868
226.535702	-1.523009	16.272320	-0.037987	1.150615
226.204340	-1.451805	16.277325	-0.037928	1.150545
226.567867	-1.838156	16.282330	-0.037993	1.150262
225.231935	-1.531314	16.287335	-0.037754	1.150003
225.487910	-1.836753	16.292339	-0.037800	1.149764
224.344626	-1.610171	16.297344	-0.037595	1.149500
222.971736	-1.187894	16.302349	-0.037349	1.149359
223.669898	-1.478773	16.307354	-0.037474	1.149342
222.168209	-1.141120	16.312359	-0.037206	1.149042
223.350154	-1.673211	16.317363	-0.037417	1.148967
222.608851	-1.681644	16.322368	-0.037284	1.148614
221.598461	-1.495365	16.327373	-0.037103	1.148364
221.672656	-1.781962	16.332378	-0.037117	1.148063
219.761267	-1.244397	16.337383	-0.036775	1.147807
220.249297	-1.484348	16.342387	-0.036862	1.147752
219.749503	-1.457921	16.347392	-0.036772	1.147552
218.768746	-1.341021	16.352397	-0.036597	1.147234
219.680686	-1.846215	16.357402	-0.036760	1.147065
217.817330	-1.431742	16.362407	-0.036427	1.146687
217.648793	-1.449862	16.367411	-0.036396	1.146587
217.108775	-1.470422	16.372416	-0.036300	1.146313
216.370063	-1.285097	16.377421	-0.036168	1.146187
217.165257	-1.857275	16.382426	-0.036310	1.145886
215.643711	-1.470881	16.387431	-0.036038	1.145633
214.997652	-1.465096	16.392435	-0.035922	1.145340
214.851298	-1.564109	16.397440	-0.035896	1.145156
213.566006	-1.151794	16.402445	-0.035666	1.145042
214.682531	-1.787092	16.407450	-0.035865	1.144815
212.709620	-1.352767	16.412455	-0.035512	1.144409
213.126324	-1.593706	16.417459	-0.035587	1.144319
212.925828	-1.801604	16.422464	-0.035551	1.143982
210.986128	-1.212415	16.427469	-0.035204	1.143772
211.740195	-1.653593	16.432474	-0.035339	1.143605
210.358670	-1.242943	16.437479	-0.035092	1.143445
210.054800	-1.379514	16.442483	-0.035037	1.143143
210.619816	-1.757209	16.447488	-0.035138	1.142962
209.021871	-1.311994	16.452493	-0.034852	1.142742
209.556445	-1.729047	16.457498	-0.034948	1.142500
207.741103	-1.234649	16.462503	-0.034623	1.142236
207.358063	-1.209632	16.467507	-0.034555	1.142087
207.657015	-1.465202	16.472512	-0.034608	1.141926
205.846546	-1.019557	16.477517	-0.034284	1.141607
207.579758	-1.793455	16.482522	-0.034594	1.141503
206.270528	-1.597395	16.487527	-0.034360	1.141124
205.329870	-1.371371	16.492531	-0.034191	1.140952
205.460840	-1.707130	16.497536	-0.034215	1.140617
203.094899	-1.010509	16.502541	-0.033792	1.140334
204.353451	-1.507434	16.507546	-0.034017	1.140336
203.560457	-1.425544	16.512551	-0.033875	1.140062
203.152796	-1.440517	16.517555	-0.033802	1.139855
203.633509	-1.900228	16.522560	-0.033888	1.139537
201.136782	-1.292057	16.527565	-0.033441	1.139088
201.634596	-1.485957	16.532570	-0.033530	1.139092
200.245789	-1.189702	16.537575	-0.033281	1.138793
199.862687	-1.057504	16.542579	-0.033213	1.138770
201.125314	-1.708730	16.547584	-0.033439	1.138591
199.077196	-1.243014	16.552589	-0.033072	1.138184
199.779441	-1.621896	16.557594	-0.033198	1.138065
199.012289	-1.628907	16.562599	-0.033061	1.137698
197.797929	-1.254046	16.567603	-0.032843	1.137572
197.827326	-1.542026	16.572608	-0.032848	1.137246
196.222687	-1.153802	16.577613	-0.032561	1.136954
196.688454	-1.355320	16.582618	-0.032645	1.136933
196.143386	-1.367708	16.587623	-0.032547	1.136664
195.601096	-1.297482	16.592627	-0.032450	1.136493
196.036515	-1.710590	16.597632	-0.032528	1.136208
194.009746	-1.108333	16.602637	-0.032165	1.135971
194.301589	-1.451865	16.607642	-0.032217	1.135701
193.818983	-1.478556	16.612647	-0.032131	1.135443
193.079831	-1.306907	16.617651	-0.031999	1.135300
193.226638	-1.598470	16.622656	-0.032025	1.135024
191.528286	-1.172015	16.627661	-0.031721	1.134732
192.539653	-1.718529	16.632666	-0.031902	1.134559
191.220920	-1.522025	16.637671	-0.031666	1.134173
190.252849	-1.201707	16.642675	-0.031493	1.134098
190.647971	-1.598471	16.647680	-0.031563	1.133814
188.816566	-1.138221	16.652685	-0.031236	1.133499
189.720893	-1.537911	16.657690	-0.031397	1.133450
189.156132	-1.558965	16.662695	-0.031296	1.133160
187.705034	-1.240670	16.667699	-0.031037	1.132855
188.491861	-1.642698	16.672704	-0.031177	1.132748
187.035977	-1.283915	16.677709	-0.030917	1.132489
186.655981	-1.303601	16.682714	-0.030849	1.132287
186.275979	-1.371646	16.687719	-0.030781	1.132028
185.497181	-1.121525	16.692723	-0.030641	1.131958
186.118679	-1.655608	16.697728	-0.030753	1.131617
184.791112	-1.361318	16.702733	-0.030515	1.131341
184.482782	-1.474700	16.707738	-0.030460	1.131062
184.226864	-1.598076	16.712743	-0.030414	1.130794
183.018269	-1.279794	16.717747	-0.030198	1.130604
183.377115	-1.619351	16.722752	-0.030262	1.130369
182.081090	-1.338299	16.727757	-0.030030	1.130092
182.009041	-1.482921	16.732762	-0.030017	1.129886
182.082181	-1.763297	16.737767	-0.030030	1.129587
180.548538	-1.311838	16.742771	-0.029756	1.129401
181.087075	-1.780469	16.747776	-0.029852	1.129097
179.321357	-1.306539	16.752781	-0.029536	1.128829
179.349707	-1.403289	16.757786	-0.029541	1.128727
179.605068	-1.766201	16.762791	-0.029587	1.128415
178.269339	-1.438081	16.767795	-0.029348	1.128175
178.103498	-1.607066	16.772800	-0.029318	1.127896
176.659616	-1.215944	16.777805	-0.029060	1.127680
176.367313	-1.126496	16.782810	-0.029007	1.127648
177.495947	-1.708643	16.787815	-0.029209	1.127487
175.664492	-1.312793	16.792819	-0.028881	1.127094
176.155753	-1.631882	16.797824	-0.028969	1.126946
175.170703	-1.576172	16.802829	-0.028793	1.126546
174.473434	-1.447965	16.807834	-0.028668	1.126370
174.206825	-1.566875	16.812839	-0.028620	1.126101
172.894888	-1.261666	16.817843	-0.028386	1.125845
173.301250	-1.511880	16.822848	-0.028458	1.125739
172.663562	-1.488128	16.827853	-0.028344	1.125465
172.409002	-1.546215	16.832858	-0.028299	1.125275
172.295463	-1.762319	16.837863	-0.028278	1.124963
170.330626	-1.273818	16.842867	-0.027927	1.124616
170.431783	-1.418865	16.847872	-0.027945	1.124491
169.945385	-1.344327	16.852877	-0.027858	1.124349
169.137553	-1.176795	16.857882	-0.027713	1.124167
170.049022	-1.710315	16.862887	-0.027876	1.123960
168.615314	-1.461328	16.867891	-0.027620	1.123579
168.783098	-1.669662	16.872896	-0.027650	1.123409
167.272388	-1.377066	16.877901	-0.027379	1.123042
166.456634	-1.150055	16.882906	-0.027233	1.122927
167.339810	-1.578383	16.887911	-0.027391	1.122833
166.098440	-1.317723	16.892915	-0.027169	1.122556
166.059793	-1.464704	16.897920	-0.027162	1.122361
165.527441	-1.531234	16.902925	-0.027067	1.122029
164.388939	-1.319872	16.907930	-0.026863	1.121741
164.853107	-1.650312	16.912935	-0.026946	1.121566
163.202476	-1.192706	16.917939	-0.026651	1.121330
162.783139	-1.216863	16.922944	-0.026576	1.121101
163.008437	-1.459771	16.927949	-0.026616	1.120917
161.806361	-1.087417	16.932954	-0.026401	1.120792
162.693831	-1.651404	16.937959	-0.026560	1.120537
161.597697	-1.513751	16.942963	-0.026363	1.120181
160.640171	-1.398098	16.947968	-0.026192	1.119864
160.015219	-1.301356	16.952973	-0.026080	1.119683
158.914226	-0.978987	16.957978	-0.025883	1.119546
159.993621	-1.468528	16.962983	-0.026076	1.119472
159.030724	-1.372511	16.967987	-0.025904	1.119128
159.025142	-1.604941	16.972992	-0.025903	1.118846
158.181315	-1.606841	16.977997	-0.025752	1.118442
156.669360	-1.133157	16.983002	-0.025481	1.118291
156.828413	-1.313002	16.988007	-0.025510	1.118150
155.797303	-1.051681	16.993011	-0.025325	1.117973
156.390774	-1.375667	16.998016	-0.025431	1.117866
156.343977	-1.682417	17.003021	-0.025423	1.117474
154.807722	-1.393286	17.008026	-0.025148	1.117089
154.813417	-1.572173	17.013031	-0.025149	1.116876
153.366233	-1.216216	17.018035	-0.024890	1.116614
153.237654	-1.174869	17.023040	-0.024867	1.116602
153.119287	-1.388845	17.028045	-0.024846	1.116288
152.430882	-1.263992	17.033050	-0.024723	1.116109
152.958764	-1.781063	17.038055	-0.024817	1.115738
151.680727	-1.606345	17.043059	-0.024588	1.115338
150.921813	-1.403495	17.048064	-0.024453	1.115220
150.354544	-1.446401	17.053069	-0.024351	1.114897
149.644035	-1.235650	17.058074	-0.024224	1.114811
149.733197	-1.482240	17.063079	-0.024240	1.114556
148.733951	-1.322275	17.068083	-0.024061	1.114271
148.693635	-1.384563	17.073088	-0.024054	1.114176
148.690292	-1.679544	17.078093	-0.024053	1.113818
146.973743	-1.160165	17.083098	-0.023746	1.113624
147.285094	-1.444608	17.088103	-0.023802	1.113429
146.206855	-1.259891	17.093107	-0.023609	1.113135
145.698718	-1.173606	17.098112	-0.023518	1.112996
146.067419	-1.433945	17.103117	-0.023584	1.112858
145.139772	-1.253791	17.108122	-0.023418	1.112631
145.069221	-1.435327	17.113127	-0.023405	1.112378
144.190305	-1.401649	17.118131	-0.023248	1.111997
143.274204	-1.201260	17.123136	-0.023084	1.111800
143.200374	-1.315219	17.128141	-0.023070	1.111626
142.327137	-1.078171	17.133146	-0.022914	1.111494
142.552430	-1.390912	17.138151	-0.022954	1.111223
142.124967	-1.491289	17.143155	-0.022878	1.110897
141.194970	-1.343453	17.148160	-0.022711	1.110629
140.777944	-1.337968	17.153165	-0.022637	1.110435
139.745967	-1.084268	17.158170	-0.022452	1.110246
139.826896	-1.292745	17.163175	-0.022467	1.110033
139.307526	-1.343864	17.168179	-0.022374	1.109721
139.074584	-1.396110	17.173184	-0.022332	1.109545
138.529883	-1.426121	17.178189	-0.022234	1.109247
137.440422	-1.219487	17.183194	-0.022039	1.108973
137.437566	-1.373876	17.188199	-0.022039	1.108785
137.075858	-1.480519	17.193203	-0.021974	1.108481
136.440995	-1.382443	17.198208	-0.021860	1.108294
135.693725	-1.299407	17.203213	-0.021727	1.108035
134.815781	-1.136339	17.208218	-0.021570	1.107810
135.055198	-1.294114	17.213223	-0.021612	1.107734
134.420211	-1.272064	17.218227	-0.021499	1.107455
133.848229	-1.300114	17.223232	-0.021396	1.107145
133.937278	-1.541157	17.228237	-0.021412	1.106895
133.020659	-1.437313	17.233242	-0.021248	1.106579
132.582663	-1.448209	17.238247	-0.021170	1.106354
131.906863	-1.432941	17.243251	-0.021049	1.106046
131.006793	-1.210611	17.248256	-0.020888	1.105882
130.994380	-1.402502	17.253261	-0.020886	1.105643
130.244718	-1.232785	17.258266	-0.020751	1.105487
130.057914	-1.329782	17.263271	-0.020718	1.105279
129.349088	-1.314275	17.268275	-0.020591	1.104955
129.075556	-1.348841	17.273280	-0.020542	1.104781
129.101316	-1.601348	17.278285	-0.020547	1.104486
127.447903	-1.220524	17.283290	-0.020251	1.104150
127.049464	-1.175331	17.288295	-0.020180	1.104013
127.178957	-1.379246	17.293299	-0.020203	1.103827
126.718610	-1.360729	17.298304	-0.020120	1.103626
126.296018	-1.419551	17.303309	-0.020045	1.103350
125.635267	-1.391827	17.308314	-0.019926	1.103064
125.234675	-1.415822	17.313319	-0.019855	1.102841
124.466429	-1.349166	17.318323	-0.019717	1.102550
123.869491	-1.220752	17.323328	-0.019610	1.102418
123.691885	-1.331815	17.328333	-0.019578	1.102196
123.165338	-1.383770	17.333338	-0.019484	1.101877
122.744165	-1.424234	17.338343	-0.019409	1.101624
122.151550	-1.423706	17.343347	-0.019303	1.101337
121.344132	-1.205383	17.348352	-0.019158	1.101212
120.713045	-1.185915	17.353357	-0.019045	1.100930
120.672919	-1.304662	17.358362	-0.019038	1.100765
120.494866	-1.389407	17.363367	-0.019006	1.100575
119.885212	-1.421937	17.368371	-0.018897	1.100239
119.249566	-1.374474	17.373376	-0.018783	1.099988
118.734103	-1.416860	17.378381	-0.018691	1.099686
117.776073	-1.244228	17.383386	-0.018520	1.099432
117.307905	-1.116059	17.388391	-0.018436	1.099361
117.260745	-1.293953	17.393395	-0.018427	1.099120
116.964191	-1.373033	17.398400	-0.018374	1.098879
116.571865	-1.452031	17.403405	-0.018304	1.098592
115.694153	-1.288933	17.408410	-0.018147	1.098365
115.465869	-1.411575	17.413415	-0.018106	1.098103
115.099552	-1.516817	17.418419	-0.018040	1.097796
113.873458	-1.245604	17.423424	-0.017821	1.097532
113.991405	-1.422504	17.428429	-0.017842	1.097372
113.481551	-1.443886	17.433434	-0.017751	1.097097
112.893295	-1.410055	17.438439	-0.017646	1.096852
112.703343	-1.625920	17.443443	-0.017611	1.096495
111.541241	-1.353933	17.448448	-0.017404	1.096262
110.766813	-1.230031	17.453453	-0.017265	1.096037
110.308264	-1.112320	17.458458	-0.017183	1.095958
110.604058	-1.335594	17.463463	-0.017236	1.095828
110.371893	-1.524377	17.468467	-0.017194	1.095482
109.178741	-1.241381	17.473472	-0.016981	1.095248
108.966324	-1.361477	17.478477	-0.016943	1.094997
108.471429	-1.399682	17.483482	-0.016854	1.094708
107.626655	-1.294765	17.488487	-0.016703	1.094424
107.457023	-1.344773	17.493491	-0.016672	1.094280
106.758003	-1.228093	17.498496	-0.016547	1.094082
106.623803	-1.434418	17.503501	-0.016523	1.093762
106.065758	-1.428884	17.508506	-0.016423	1.093496
105.545812	-1.426500	17.513511	-0.016330	1.093245
105.172438	-1.469887	17.518515	-0.016263	1.093009
104.477836	-1.335362	17.523520	-0.016139	1.092835
103.669530	-1.230031	17.528525	-0.015995	1.092569
103.627613	-1.419039	17.533530	-0.015987	1.092316
103.228171	-1.460128	17.538535	-0.015915	1.092069
102.542654	-1.390838	17.543539	-0.015793	1.091819
102.227753	-1.455136	17.548544	-0.015736	1.091586
101.247635	-1.297959	17.553549	-0.015561	1.091299
100.571177	-1.218314	17.558554	-0.015440	1.091066
100.881973	-1.450742	17.563559	-0.015495	1.090931
100.495372	-1.567642	17.568563	-0.015426	1.090598
99.387003	-1.292890	17.573568	-0.015228	1.090393
98.918040	-1.373154	17.578573	-0.015144	1.090064
98.528027	-1.377549	17.583578	-0.015074	1.089867
98.118420	-1.338008	17.588583	-0.015001	1.089715
97.755660	-1.439987	17.593587	-0.014936	1.089411
96.805354	-1.297963	17.598592	-0.014766	1.089120
96.772269	-1.435895	17.603597	-0.014760	1.088933
96.255657	-1.434012	17.608602	-0.014667	1.088682
95.931409	-1.486183	17.613607	-0.014609	1.088458
95.335387	-1.507478	17.618611	-0.014503	1.088138
93.766469	-1.046394	17.623616	-0.014222	1.087938
94.119117	-1.217395	17.628621	-0.014285	1.087899
93.770094	-1.313855	17.633626	-0.014223	1.087608
93.120986	-1.287255	17.638631	-0.014106	1.087322
92.773197	-1.342996	17.643635	-0.014044	1.087082
91.930282	-1.099935	17.648640	-0.013893	1.086968
91.897636	-1.338482	17.653645	-0.013887	1.086656
91.688560	-1.500354	17.658650	-0.013850	1.086353
90.791402	-1.405927	17.663655	-0.013689	1.086028
90.488847	-1.492843	17.668659	-0.013635	1.085771
89.684953	-1.352075	17.673664	-0.013491	1.085549
89.317440	-1.353854	17.678669	-0.013425	1.085366
88.657837	-1.320731	17.683674	-0.013307	1.085082
87.656445	-1.153827	17.688679	-0.013128	1.084795
87.939106	-1.351332	17.693683	-0.013179	1.084689
87.618232	-1.423594	17.698688	-0.013121	1.084441
87.178957	-1.496029	17.703693	-0.013043	1.084134
86.164264	-1.335356	17.708698	-0.012861	1.083833
85.878213	-1.394718	17.713703	-0.012810	1.083618
85.477389	-1.457236	17.718707	-0.012738	1.083342
84.563757	-1.199752	17.723712	-0.012575	1.083211
84.567530	-1.379061	17.728717	-0.012575	1.082990
84.421088	-1.585370	17.733722	-0.012549	1.082661
83.701045	-1.562913	17.738727	-0.012420	1.082333
82.948092	-1.512690	17.743731	-0.012285	1.082023
82.027949	-1.331369	17.748736	-0.012121	1.081793
81.899335	-1.385854	17.753741	-0.012098	1.081662
80.794839	-1.172527	17.758746	-0.011900	1.081381
81.078627	-1.343468	17.763751	-0.011951	1.081308
80.797386	-1.545585	17.768755	-0.011900	1.080917
79.699542	-1.234050	17.773760	-0.011704	1.080762
79.466076	-1.375230	17.778765	-0.011662	1.080470
79.030797	-1.411217	17.783770	-0.011584	1.080210
78.480457	-1.322553	17.788775	-0.011486	1.080047
77.975671	-1.320332	17.793779	-0.011395	1.079800
77.229162	-1.253626	17.798784	-0.011262	1.079513
77.601359	-1.580389	17.803789	-0.011328	1.079289
76.602349	-1.466205	17.808794	-0.011150	1.078936
75.852383	-1.309254	17.813799	-0.011015	1.078760
75.703068	-1.453535	17.818803	-0.010989	1.078506
74.396453	-1.125990	17.823808	-0.010755	1.078266
74.696771	-1.336251	17.828813	-0.010808	1.078153
74.423668	-1.459830	17.833818	-0.010760	1.077862
73.457867	-1.237387	17.838823	-0.010587	1.077661
73.213573	-1.382342	17.843827	-0.010543	1.077358
72.490705	-1.336857	17.848832	-0.010414	1.077056
72.319408	-1.433953	17.853837	-0.010383	1.076849
71.570589	-1.368304	17.858842	-0.010249	1.076559
70.809562	-1.185335	17.863847	-0.010113	1.076409
71.113614	-1.526206	17.868851	-0.010167	1.076133
69.805364	-1.273274	17.873856	-0.009933	1.075799
69.554369	-1.238071	17.878861	-0.009888	1.075718
69.087422	-1.228012	17.883866	-0.009804	1.075498
68.209061	-1.145064	17.888871	-0.009647	1.075165
68.590640	-1.421597	17.893875	-0.009715	1.075008
67.497125	-1.144543	17.898880	-0.009520	1.074810
67.129252	-1.217430	17.903885	-0.009454	1.074536
66.812035	-1.298625	17.908890	-0.009397	1.074276
65.969122	-1.082631	17.913895	-0.009246	1.074126
66.027020	-1.332433	17.918899	-0.009257	1.073842
65.257299	-1.228156	17.923904	-0.009119	1.073588
64.878107	-1.320702	17.928909	-0.009051	1.073283
64.280330	-1.249206	17.933914	-0.008944	1.073074
63.530645	-1.100166	17.938919	-0.008810	1.072887
63.899532	-1.478918	17.943923	-0.008876	1.072595
62.656342	-1.193071	17.948928	-0.008653	1.072334
62.282414	-1.247978	17.953933	-0.008586	1.072078
61.927879	-1.323139	17.958938	-0.008523	1.071806
61.051125	-1.159079	17.963943	-0.008366	1.071574
61.110045	-1.360585	17.968947	-0.008376	1.071350
59.995344	-1.077753	17.973952	-0.008177	1.071148
59.756337	-1.204693	17.978957	-0.008134	1.070869
59.726222	-1.387866	17.983962	-0.008129	1.070623
58.772575	-1.167108	17.988967	-0.007958	1.070424
58.711186	-1.369741	17.993971	-0.007947	1.070138
57.581845	-1.112961	17.998976	-0.007745	1.069896
57.293223	-1.238979	18.003981	-0.007693	1.069592
57.435659	-1.484290	18.008986	-0.007719	1.069354
56.283013	-1.224212	18.013991	-0.007512	1.069104
56.275856	-1.421925	18.018995	-0.007511	1.068851
55.181828	-1.167710	18.024000	-0.007315	1.068624
54.620768	-1.178523	18.029005	-0.007215	1.068328
54.831517	-1.397695	18.034010	-0.007253	1.068157
53.670607	-1.076446	18.039015	-0.007045	1.067980
54.143327	-1.511086	18.044019	-0.007129	1.067669
52.886979	-1.318362	18.049024	-0.006905	1.067281
51.842149	-1.039031	18.054029	-0.006718	1.067109
52.256361	-1.329401	18.059034	-0.006792	1.066951
51.088128	-0.975958	18.064039	-0.006583	1.066810
51.389458	-1.351522	18.069043	-0.006636	1.066487
50.790225	-1.347081	18.074048	-0.006529	1.066191
50.159535	-1.328891	18.079053	-0.006416	1.065897
50.132428	-1.530133	18.084058	-0.006411	1.065629
48.236289	-1.058990	18.089063	-0.006072	1.065271
48.974596	-1.416750	18.094067	-0.006204	1.065189
47.932016	-1.210486	18.099072	-0.006018	1.064926
47.158343	-1.104151	18.104077	-0.005879	1.064671
47.778710	-1.528319	18.109082	-0.005990	1.064446
46.502944	-1.212806	18.114087	-0.005762	1.064203
46.814252	-1.585970	18.119091	-0.005817	1.063887
45.465078	-1.360954	18.124096	-0.005576	1.063492
44.537817	-1.094415	18.129101	-0.005410	1.063362
45.438597	-1.583508	18.134106	-0.005571	1.063196
43.607038	-1.136836	18.139111	-0.005244	1.062839
44.246444	-1.503631	18.144115	-0.005358	1.062696
43.368532	-1.448231	18.149120	-0.005201	1.062323
42.270748	-1.138840	18.154125	-0.005004	1.062162
42.722219	-1.531653	18.159130	-0.005085	1.061891
41.269841	-1.244231	18.164135	-0.004825	1.061522
41.336356	-1.354868	18.169139	-0.004837	1.061415
40.565789	-1.239068	18.174144	-0.004699	1.061173
39.310364	-0.954326	18.179149	-0.004474	1.060900
40.315744	-1.444950	18.184154	-0.004654	1.060785
39.275388	-1.189162	18.189159	-0.004468	1.060584
39.605915	-1.625549	18.194163	-0.004527	1.060196
38.204129	-1.377887	18.199168	-0.004276	1.059802
36.372018	-0.766576	18.204173	-0.003949	1.059653
37.258936	-1.121525	18.209178	-0.004107	1.059650
36.695565	-1.099087	18.214183	-0.004006	1.059393
37.337682	-1.565000	18.219187	-0.004121	1.059125
36.155147	-1.413226	18.224192	-0.003910	1.058719
34.737342	-1.101491	18.229197	-0.003656	1.058398
35.647849	-1.575650	18.234202	-0.003819	1.058255
33.840208	-1.084221	18.239207	-0.003495	1.057965
33.400017	-1.031881	18.244211	-0.003417	1.057808
33.497304	-1.227951	18.249216	-0.003434	1.057607
32.574325	-0.953597	18.254221	-0.003269	1.057489
33.383812	-1.606689	18.259226	-0.003413	1.057066
32.232227	-1.422318	18.264231	-0.003207	1.056717
31.618716	-1.402370	18.269235	-0.003098	1.056431
30.826005	-1.311150	18.274240	-0.002956	1.056145
29.160514	-0.779594	18.279245	-0.002658	1.055978
30.179659	-1.239240	18.284250	-0.002840	1.055908
28.956472	-0.968510	18.289255	-0.002621	1.055632
29.425819	-1.268976	18.294259	-0.002705	1.055487
29.224886	-1.498535	18.299264	-0.002669	1.055091
27.451305	-1.078893	18.304269	-0.002352	1.054725
28.109717	-1.470812	18.309274	-0.002469	1.054559
26.491173	-0.982619	18.314279	-0.002180	1.054360
26.175448	-1.097745	18.319283	-0.002123	1.054052
26.360903	-1.323181	18.324288	-0.002156	1.053857
24.869611	-0.833835	18.329293	-0.001890	1.053724
25.900719	-1.478582	18.334298	-0.002074	1.053424
24.538065	-1.130646	18.339303	-0.001830	1.053175
23.873247	-1.126974	18.344307	-0.001711	1.052841
24.446776	-1.547391	18.349312	-0.001814	1.052594
22.261028	-0.975423	18.354317	-0.001423	1.052213
23.214596	-1.431561	18.359322	-0.001593	1.052114
21.854741	-1.100269	18.364327	-0.001350	1.051845
21.511144	-1.176986	18.369331	-0.001288	1.051572
21.654516	-1.430749	18.374336	-0.001314	1.051319
19.901380	-1.002953	18.379341	-0.001000	1.050973
20.958474	-1.529259	18.384346	-0.001189	1.050837
19.405632	-1.144353	18.389351	-0.000912	1.050538
18.327974	-0.880593	18.394355	-0.000719	1.050326
19.356407	-1.428367	18.399360	-0.000903	1.050148
17.771957	-1.043456	18.404365	-0.000619	1.049832
18.161380	-1.356818	18.409370	-0.000689	1.049628
17.326082	-1.263843	18.414375	-0.000539	1.049320
16.647544	-1.192680	18.419379	-0.000418	1.049065
16.764976	-1.480407	18.424384	-0.000439	1.048754
14.829598	-0.950463	18.429389	-0.000092	1.048445
15.712571	-1.357439	18.434394	-0.000250	1.048374
14.759747	-1.191744	18.439399	-0.000080	1.048099
13.689996	-0.941402	18.444403	0.000112	1.047873
14.370646	-1.377363	18.449408	-0.000010	1.047660
12.598147	-0.933480	18.454413	0.000307	1.047323
13.214455	-1.279924	18.459418	0.000197	1.047193
12.198271	-1.078025	18.464423	0.000379	1.046932
11.880603	-1.192488	18.469427	0.000435	1.046621
12.125760	-1.521675	18.474432	0.000392	1.046322
9.832323	-0.868185	18.479437	0.000802	1.045988
10.868414	-1.343008	18.484442	0.000617	1.045907
10.180758	-1.330199	18.489447	0.000740	1.045570
9.093747	-1.059496	18.494451	0.000934	1.045361
9.868561	-1.696327	18.499456	0.000796	1.044937
8.080074	-1.166018	18.504461	0.001116	1.044703
7.686463	-1.220900	18.509466	0.001186	1.044429
7.229506	-1.226061	18.514471	0.001268	1.044188
6.257008	-0.901718	18.519475	0.001442	1.044106
7.360355	-1.563018	18.524480	0.001245	1.043819
5.631054	-1.132953	18.529485	0.001554	1.043485
6.051643	-1.442497	18.534490	0.001479	1.043301
5.367868	-1.480873	18.539495	0.001601	1.042899
3.478091	-0.959848	18.544499	0.001939	1.042600
4.243918	-1.299966	18.549504	0.001802	1.042554
2.542270	-0.820326	18.554509	0.002107	1.042298
3.415233	-1.274606	18.559514	0.001951	1.042160
3.243711	-1.469484	18.564519	0.001982	1.041819
1.924907	-1.232488	18.569523	0.002218	1.041445
2.326279	-1.599492	18.574528	0.002146	1.041177
0.228623	-0.953863	18.579533	0.002521	1.040931
