Fri Mar 06 14:39:55 2026

Number of Points = 3571
Depth (nm)	Load (µN)	Time (s)	Depth (V)	Load (V)
1.484367	2.552354	0.000000	0.001098	1.052057

2.035531	2.453937	0.005005	0.000999	1.052212
1.353731	2.723581	0.010010	0.001121	1.052210
2.469921	2.342675	0.015014	0.000921	1.052292
1.744068	2.566853	0.020019	0.001051	1.052209
1.634315	2.609320	0.025024	0.001071	1.052208
1.924629	2.501417	0.030029	0.001019	1.052218
1.557705	2.640397	0.035034	0.001084	1.052209
2.385977	2.320520	0.040038	0.000936	1.052222
1.850705	2.365210	0.045043	0.001032	1.052006
1.815228	2.299221	0.050048	0.001038	1.051904
2.211514	2.040508	0.055053	0.000967	1.051774
1.295126	2.247215	0.060058	0.001131	1.051572
1.644889	2.092423	0.065062	0.001068	1.051552
1.047270	2.102930	0.070067	0.001175	1.051261
1.511627	1.921283	0.075072	0.001092	1.051265
1.759113	1.614038	0.080077	0.001047	1.050997
1.431930	1.552460	0.085082	0.001106	1.050751
1.959052	1.171198	0.090086	0.001011	1.050531
1.037535	1.230853	0.095091	0.001176	1.050137
1.020018	1.148634	0.100096	0.001179	1.050023
1.240015	0.839574	0.105101	0.001140	1.049738
0.356375	0.985283	0.110106	0.001298	1.049474
0.877726	0.697426	0.115110	0.001204	1.049371
0.402178	0.647857	0.120115	0.001289	1.049064
0.281647	0.584267	0.125120	0.001311	1.048921
0.575193	0.256913	0.130125	0.001258	1.048650
-0.572144	0.565672	0.135130	0.001463	1.048460
0.224268	0.196404	0.140134	0.001321	1.048393
-0.634333	0.392456	0.145139	0.001474	1.048206
-0.611829	0.306908	0.150144	0.001470	1.048108
-0.153655	-0.054934	0.155149	0.001388	1.047877
-1.385284	0.186553	0.160154	0.001609	1.047557
-0.600824	-0.116558	0.165158	0.001468	1.047569
-1.360236	-0.022045	0.170163	0.001604	1.047301
-1.185109	-0.135544	0.175168	0.001572	1.047245
-1.308669	-0.228429	0.180173	0.001594	1.047062
-2.422963	0.105228	0.185178	0.001794	1.046921
-1.327409	-0.320706	0.190182	0.001598	1.046934
-2.195111	-0.011832	0.195187	0.001753	1.046888
-2.058282	-0.100996	0.200192	0.001728	1.046843
-2.662072	-0.047298	0.205197	0.001836	1.046603
-3.148505	0.143486	0.210202	0.001923	1.046600
-2.639899	-0.053948	0.215206	0.001832	1.046607
-2.979680	0.075884	0.220211	0.001893	1.046600
-2.848749	0.028779	0.225216	0.001869	1.046607
-2.616700	-0.154244	0.230221	0.001828	1.046490
-3.123133	0.012909	0.235226	0.001918	1.046446
-2.852895	-0.203932	0.240230	0.001870	1.046305
-3.923386	0.217670	0.245235	0.002061	1.046300
-3.910353	0.214326	0.250240	0.002059	1.046303
-3.504145	0.048191	0.255245	0.001986	1.046297
-3.860259	0.168310	0.260250	0.002049	1.046269
-3.648215	-0.128981	0.265254	0.002011	1.045995
-4.575243	0.228228	0.270259	0.002177	1.045980
-3.699868	-0.114545	0.275264	0.002020	1.045988
-4.140683	-0.091234	0.280269	0.002099	1.045792
-5.071575	0.367488	0.285274	0.002266	1.045906
-4.009240	-0.181883	0.290278	0.002076	1.045743
-5.198082	0.244133	0.295283	0.002288	1.045682
-4.968731	0.160460	0.300288	0.002247	1.045692
-4.330073	-0.091456	0.305293	0.002133	1.045696
-5.271687	0.103481	0.310298	0.002301	1.045464
-4.759722	-0.179882	0.315302	0.002209	1.045361
-6.303756	0.436395	0.320307	0.002485	1.045364
-5.242505	0.131005	0.325312	0.002295	1.045515
-5.661646	0.182220	0.330317	0.002370	1.045366
-5.922296	0.283602	0.335322	0.002417	1.045363
-5.032540	-0.133092	0.340326	0.002258	1.045283
-6.720316	0.384998	0.345331	0.002559	1.045085
-5.796370	0.080654	0.350336	0.002394	1.045167
-6.256615	0.176368	0.355341	0.002476	1.045054
-6.672789	0.336797	0.360346	0.002551	1.045048
-5.534784	-0.163799	0.365350	0.002347	1.044987
-7.280099	0.385277	0.370355	0.002659	1.044799
-6.255776	0.012148	0.375360	0.002476	1.044844
-6.649706	0.081746	0.380365	0.002546	1.044731
-7.255578	0.328719	0.385370	0.002654	1.044739
-6.210692	-0.202833	0.390374	0.002467	1.044590
-8.044005	0.402044	0.395379	0.002795	1.044429
-7.488196	0.303448	0.400384	0.002696	1.044588
-7.408282	0.151061	0.405389	0.002681	1.044432
-7.638269	0.240068	0.410394	0.002722	1.044429
-7.099024	0.015190	0.415398	0.002626	1.044416
-8.623761	0.471283	0.420403	0.002898	1.044222
-7.450970	0.044780	0.425408	0.002689	1.044274
-7.904658	0.092689	0.430413	0.002770	1.044103
-8.539266	0.342044	0.435418	0.002883	1.044099
-7.810022	0.047416	0.440422	0.002753	1.044094
-9.153733	0.437749	0.445427	0.002993	1.043907
-8.266116	0.136115	0.450432	0.002834	1.043974
-8.669492	0.163745	0.455437	0.002906	1.043803
-9.212532	0.374494	0.460442	0.003003	1.043796
-8.180058	-0.030784	0.465446	0.002818	1.043804
-9.910952	0.522242	0.470451	0.003128	1.043628
-8.866067	0.153841	0.475456	0.002941	1.043690
-9.046712	0.074837	0.480461	0.002973	1.043495
-9.785806	0.362522	0.485466	0.003105	1.043487
-8.859225	-0.014441	0.490470	0.002939	1.043477
-9.964109	0.260327	0.495475	0.003137	1.043263
-10.016964	0.281869	0.500480	0.003146	1.043264
-9.914707	0.239333	0.505485	0.003128	1.043262
-10.517772	0.473796	0.510490	0.003236	1.043255
-9.864986	0.225691	0.515494	0.003119	1.043271
-10.150196	0.186133	0.520499	0.003170	1.043073
-10.247304	0.105880	0.525504	0.003187	1.042919
-10.132465	0.066357	0.530509	0.003166	1.042928
-11.398538	0.561777	0.535514	0.003393	1.042917
-10.669541	0.279174	0.540518	0.003262	1.042927
-11.155349	0.313171	0.545523	0.003349	1.042721
-10.866949	0.248468	0.550528	0.003297	1.042786
-11.034740	0.181851	0.555533	0.003327	1.042614
-11.167679	0.180710	0.560538	0.003351	1.042544
-11.156514	0.119030	0.565542	0.003349	1.042470
-12.457641	0.565133	0.570547	0.003581	1.042378
-12.025115	0.370731	0.575552	0.003504	1.042349
-11.421888	0.194278	0.580557	0.003396	1.042432
-12.760015	0.618471	0.585562	0.003635	1.042292
-11.820672	0.253229	0.590566	0.003467	1.042303
-11.802025	0.243182	0.595571	0.003464	1.042300
-12.262910	0.309543	0.600576	0.003546	1.042149
-12.526071	0.297837	0.605581	0.003593	1.041998
-13.161196	0.545442	0.610586	0.003707	1.041992
-12.733959	0.372850	0.615590	0.003630	1.041989
-12.881167	0.423869	0.620595	0.003656	1.041979
-12.752154	0.379419	0.625600	0.003633	1.041988
-12.447714	0.064505	0.630605	0.003579	1.041738
-13.569643	0.448095	0.635610	0.003779	1.041656
-13.379479	0.373464	0.640614	0.003745	1.041658
-13.413306	0.389180	0.645619	0.003751	1.041661
-13.681882	0.503801	0.650624	0.003799	1.041671
-13.533445	0.225085	0.655629	0.003772	1.041387
-13.937361	0.358528	0.660634	0.003845	1.041352
-13.776254	0.300998	0.665638	0.003816	1.041361
-14.217464	0.334125	0.670643	0.003894	1.041176
-14.128115	0.400206	0.675648	0.003878	1.041308
-14.270713	0.257137	0.680653	0.003904	1.041050
-15.052611	0.564497	0.685658	0.004044	1.041045
-14.305772	0.268252	0.690662	0.003910	1.041046
-14.170794	0.160271	0.695667	0.003886	1.040976
-15.562579	0.643865	0.700672	0.004134	1.040885
-14.622153	0.206726	0.705677	0.003966	1.040804
-15.079211	0.340882	0.710682	0.004048	1.040743
-14.965180	0.301541	0.715686	0.004027	1.040751
-15.438059	0.318069	0.720691	0.004112	1.040528
-15.618134	0.487040	0.725696	0.004144	1.040655
-16.080337	0.492902	0.730701	0.004227	1.040424
-16.203805	0.555060	0.735706	0.004249	1.040441
-15.516672	0.395658	0.740710	0.004126	1.040589
-16.008782	0.459387	0.745715	0.004213	1.040418
-15.811833	0.381026	0.750720	0.004178	1.040419
-15.776199	0.187467	0.755725	0.004172	1.040186
-16.582881	0.443614	0.760730	0.004316	1.040102
-16.418974	0.384115	0.765734	0.004286	1.040110
-16.842290	0.547272	0.770739	0.004362	1.040103
-17.025584	0.626203	0.775744	0.004395	1.040111
-16.458356	0.262181	0.780749	0.004293	1.039932
-17.267179	0.471653	0.785754	0.004438	1.039786
-16.716970	0.252087	0.790758	0.004339	1.039786
-16.692433	0.154890	0.795763	0.004335	1.039673
-17.939835	0.502242	0.800768	0.004558	1.039479
-17.645163	0.386544	0.805773	0.004505	1.039481
-18.183564	0.646053	0.810778	0.004601	1.039540
-17.281990	0.303821	0.815782	0.004440	1.039562
-17.393586	0.286787	0.820787	0.004460	1.039483
-17.937738	0.464217	0.825792	0.004557	1.039432
-17.997016	0.270047	0.830797	0.004568	1.039150
-18.314767	0.395524	0.835802	0.004624	1.039149
-18.396322	0.440264	0.840806	0.004639	1.039165
-18.408153	0.409376	0.845811	0.004641	1.039119
-19.054131	0.560144	0.850816	0.004756	1.038981
-18.602585	0.323985	0.855821	0.004675	1.038908
-19.212292	0.522312	0.860826	0.004784	1.038851
-18.972940	0.433012	0.865830	0.004741	1.038859
-19.119565	0.483052	0.870835	0.004768	1.038848
-19.221781	0.523101	0.875840	0.004786	1.038847
-19.075492	0.298810	0.880845	0.004760	1.038632
-19.764430	0.498853	0.885850	0.004883	1.038536
-19.787571	0.512410	0.890854	0.004887	1.038542
-19.842019	0.531887	0.895859	0.004896	1.038539
-19.613559	0.445598	0.900864	0.004855	1.038545
-19.531313	0.283582	0.905869	0.004841	1.038378
-20.613574	0.637986	0.910874	0.005034	1.038279
-20.216859	0.482682	0.915878	0.004963	1.038282
-20.318091	0.519880	0.920883	0.004981	1.038279
-20.291304	0.503541	0.925888	0.004976	1.038271
-19.986650	0.141784	0.930893	0.004922	1.037959
-20.894713	0.481484	0.935898	0.005084	1.037931
-21.042211	0.556060	0.940902	0.005110	1.037952
-21.018717	0.540973	0.945907	0.005106	1.037945
-21.493035	0.521758	0.950912	0.005191	1.037674
-20.760506	0.237273	0.955917	0.005060	1.037684
-21.566205	0.512366	0.960922	0.005204	1.037625
-21.140559	0.349017	0.965926	0.005127	1.037633
-21.969259	0.447369	0.970931	0.005275	1.037332
-21.427433	0.337732	0.975936	0.005178	1.037470
-21.605401	0.291008	0.980941	0.005210	1.037317
-22.249593	0.540986	0.985946	0.005325	1.037309
-21.894773	0.299164	0.990950	0.005262	1.037179
-22.366531	0.350181	0.995955	0.005346	1.037001
-22.463198	0.394264	1.000960	0.005363	1.037008

-22.497721	0.483863	1.010957	0.005369	1.037108
-22.445535	0.454976	1.020954	0.005360	1.037098
-22.414426	0.383882	1.030950	0.005354	1.037022
-22.145299	0.426084	1.040947	0.005306	1.037217
-22.232620	0.434420	1.050944	0.005321	1.037183
-22.210901	0.496181	1.060941	0.005317	1.037275
-22.247795	0.534511	1.070938	0.005323	1.037307
-22.024855	0.448039	1.080934	0.005283	1.037310
-21.809238	0.367303	1.090931	0.005245	1.037317
-22.154589	0.500682	1.100928	0.005306	1.037312
-21.864004	0.502862	1.110925	0.005254	1.037466
-21.934068	0.544672	1.120922	0.005266	1.037485
-21.752179	0.412456	1.130918	0.005234	1.037408
-21.678485	0.558515	1.140915	0.005220	1.037637
-21.129088	0.315972	1.150912	0.005122	1.037606
-21.598907	0.413081	1.160909	0.005206	1.037490
-21.661922	0.405310	1.170906	0.005217	1.037448
-21.307638	0.292075	1.180902	0.005153	1.037484
-21.194831	0.361981	1.190899	0.005133	1.037634
-21.326170	0.413111	1.200896	0.005156	1.037633
-21.437856	0.457378	1.210893	0.005176	1.037634
-21.076824	0.305850	1.220890	0.005111	1.037624
-20.947730	0.260159	1.230886	0.005088	1.037632
-21.193231	0.360936	1.240883	0.005131	1.037636
-21.058138	0.410455	1.250880	0.005107	1.037771
-21.117335	0.503266	1.260877	0.005117	1.037862
-20.896244	0.391644	1.270874	0.005078	1.037832
-20.492775	0.218779	1.280870	0.005005	1.037817
-20.689873	0.387091	1.290867	0.005040	1.037934
-20.605259	0.363613	1.300864	0.005025	1.037948
-20.727267	0.348793	1.310861	0.005047	1.037866
-20.710689	0.399373	1.320858	0.005044	1.037941
-20.156310	0.180435	1.330854	0.004944	1.037944
-20.638951	0.371520	1.340851	0.005030	1.037943
-20.280196	0.326396	1.350848	0.004966	1.038071
-20.675382	0.436286	1.360845	0.005036	1.038009
-20.239760	0.356788	1.370842	0.004958	1.038132
-19.864215	0.248995	1.380838	0.004891	1.038187
-20.215821	0.450655	1.390835	0.004954	1.038268
-20.149977	0.436516	1.400832	0.004942	1.038284
-20.367266	0.521916	1.410829	0.004980	1.038283
-19.395257	0.162890	1.420826	0.004806	1.038320
-19.887195	0.330147	1.430822	0.004894	1.038283
-19.912535	0.443475	1.440819	0.004898	1.038418
-19.774905	0.382854	1.450816	0.004874	1.038411
-19.819111	0.334870	1.460813	0.004881	1.038326
-19.514121	0.270738	1.470810	0.004827	1.038401
-19.333889	0.308204	1.480806	0.004794	1.038544
-19.420596	0.328822	1.490803	0.004809	1.038526
-19.783050	0.412435	1.500800	0.004874	1.038448
-19.805897	0.515290	1.510797	0.004878	1.038571
-19.152819	0.455594	1.520794	0.004761	1.038831
-19.055086	0.341045	1.530790	0.004743	1.038734
-19.572213	0.622809	1.540787	0.004836	1.038833
-19.340145	0.616297	1.550784	0.004794	1.038945
-19.049055	0.434279	1.560781	0.004742	1.038860
-18.670274	0.338104	1.570778	0.004674	1.038931
-18.915789	0.485189	1.580774	0.004717	1.038996
-18.847779	0.506704	1.590771	0.004705	1.039060
-18.829670	0.422989	1.600768	0.004702	1.038961
-18.657627	0.287332	1.610765	0.004671	1.038874
-18.888927	0.540376	1.620762	0.004712	1.039084
-18.136928	0.279123	1.630758	0.004577	1.039134
-18.626901	0.428727	1.640755	0.004665	1.039075
-19.161001	0.672820	1.650752	0.004760	1.039117
-18.488458	0.521632	1.660749	0.004639	1.039269
-17.622919	0.170380	1.670746	0.004484	1.039261
-18.544141	0.458001	1.680742	0.004649	1.039158
-18.593903	0.666446	1.690739	0.004658	1.039404
-18.046588	0.417310	1.700736	0.004560	1.039364
-18.175481	0.454285	1.710733	0.004582	1.039346
-17.976444	0.477394	1.720730	0.004547	1.039479
-17.933801	0.520101	1.730726	0.004539	1.039557
-17.577033	0.317139	1.740723	0.004475	1.039479
-18.339916	0.547433	1.750720	0.004611	1.039384
-18.021500	0.534041	1.760717	0.004554	1.039532
-17.356840	0.400309	1.770714	0.004435	1.039702
-17.694311	0.472394	1.780710	0.004495	1.039622
-18.068537	0.701793	1.790707	0.004562	1.039727
-17.620458	0.570326	1.800704	0.004481	1.039789
-16.979178	0.317607	1.810701	0.004366	1.039792
-17.194619	0.394860	1.820698	0.004405	1.039782
-17.760410	0.620045	1.830694	0.004506	1.039782
-17.419775	0.479764	1.840691	0.004445	1.039777
-17.336355	0.466715	1.850688	0.004430	1.039804
-16.723075	0.300561	1.860685	0.004320	1.039905
-16.931339	0.294963	1.870682	0.004357	1.039791
-17.374638	0.548075	1.880678	0.004436	1.039891
-16.913950	0.443023	1.890675	0.004353	1.039993
-16.970595	0.342221	1.900672	0.004363	1.039834
-16.667049	0.335165	1.910669	0.004309	1.039982
-16.868528	0.502820	1.920666	0.004345	1.040096
-16.774907	0.467416	1.930662	0.004328	1.040099
-16.544196	0.315199	1.940659	0.004286	1.040021
-16.609543	0.254935	1.950656	0.004298	1.039910
-16.371974	0.306177	1.960653	0.004255	1.040100
-16.415584	0.326295	1.970650	0.004263	1.040104
-16.641290	0.414253	1.980646	0.004303	1.040102
-16.670915	0.478417	1.990643	0.004308	1.040170
-16.291894	0.363201	2.000640	0.004240	1.040217
-15.890320	0.289534	2.010637	0.004168	1.040330
-16.055020	0.348392	2.020634	0.004197	1.040321
-16.371599	0.447586	2.030630	0.004254	1.040287
-16.216863	0.443923	2.040627	0.004226	1.040363
-15.692912	0.216532	2.050624	0.004132	1.040339
-15.846868	0.338804	2.060621	0.004159	1.040419
-15.967804	0.380966	2.070618	0.004181	1.040412
-16.135369	0.502215	2.080614	0.004210	1.040483
-15.777631	0.376089	2.090611	0.004146	1.040505
-15.626272	0.408419	2.100608	0.004119	1.040625
-15.338282	0.384214	2.110605	0.004067	1.040743
-15.722840	0.494305	2.120602	0.004136	1.040688
-15.580167	0.482937	2.130598	0.004110	1.040747
-15.691663	0.525737	2.140595	0.004130	1.040746
-15.339090	0.472586	2.150592	0.004066	1.040860
-15.263183	0.582827	2.160589	0.004053	1.041042
-15.286901	0.588643	2.170586	0.004057	1.041038
-15.160203	0.536643	2.180582	0.004034	1.041037
-15.149032	0.535925	2.190579	0.004032	1.041042
-15.022324	0.484404	2.200576	0.004009	1.041041
-14.922894	0.441027	2.210573	0.003991	1.041037
-15.174283	0.575118	2.220570	0.004036	1.041081
-15.124185	0.675711	2.230566	0.004026	1.041238
-14.676453	0.498055	2.240563	0.003946	1.041240
-14.434783	0.488907	2.250560	0.003903	1.041353
-14.641621	0.573207	2.260557	0.003940	1.041356
-14.722919	0.565166	2.270554	0.003954	1.041304
-14.487909	0.503516	2.280550	0.003912	1.041346
-14.557443	0.531483	2.290547	0.003924	1.041347
-14.510030	0.516222	2.300544	0.003915	1.041352
-14.384805	0.640128	2.310541	0.003893	1.041578
-14.264772	0.549300	2.320538	0.003871	1.041523
-14.489393	0.606190	2.330534	0.003911	1.041481
-13.989140	0.543358	2.340531	0.003821	1.041658
-13.756771	0.412341	2.350528	0.003780	1.041609
-14.519072	0.728073	2.360525	0.003916	1.041626
-13.852466	0.486469	2.370522	0.003796	1.041657
-13.859325	0.493050	2.380518	0.003797	1.041662
-13.372906	0.297710	2.390515	0.003710	1.041661
-13.855628	0.492829	2.400512	0.003796	1.041665
-13.808031	0.465437	2.410509	0.003788	1.041655
-13.645697	0.398954	2.420506	0.003758	1.041653
-13.921675	0.510709	2.430502	0.003807	1.041656
-13.612656	0.526361	2.440499	0.003752	1.041836
-12.980543	0.313390	2.450496	0.003639	1.041887
-13.767571	0.587576	2.460493	0.003779	1.041837
-13.330780	0.499142	2.470490	0.003701	1.041948
-13.361969	0.545024	2.480486	0.003706	1.041992
-13.099460	0.446457	2.490483	0.003659	1.042000
-13.159226	0.466735	2.500480	0.003670	1.041996
-13.438343	0.573465	2.510477	0.003719	1.041991
-13.019489	0.527718	2.520474	0.003644	1.042148
-12.884021	0.417332	2.530470	0.003620	1.042076
-12.834578	0.405550	2.540467	0.003611	1.042086
-12.873801	0.466579	2.550464	0.003618	1.042146
-12.546649	0.433453	2.560461	0.003559	1.042272
-12.882235	0.512454	2.570458	0.003619	1.042202
-12.772860	0.502646	2.580454	0.003599	1.042246
-12.868932	0.583470	2.590451	0.003616	1.042302
-12.610799	0.583801	2.600448	0.003570	1.042436
-12.266755	0.522376	2.610445	0.003508	1.042534
-12.691507	0.562982	2.620442	0.003584	1.042369
-12.391756	0.627271	2.630438	0.003530	1.042607
-12.179837	0.546067	2.640435	0.003492	1.042611
-12.452882	0.655988	2.650432	0.003540	1.042614
-12.134160	0.590106	2.660429	0.003483	1.042693
-12.231278	0.623315	2.670426	0.003500	1.042687
-11.807609	0.428871	2.680422	0.003424	1.042654
-12.152462	0.630870	2.690419	0.003486	1.042738
-11.545906	0.459568	2.700416	0.003377	1.042829
-11.897914	0.511326	2.710413	0.003440	1.042716
-12.045767	0.631671	2.720410	0.003466	1.042796
-11.908471	0.674166	2.730406	0.003441	1.042922
-11.717726	0.598855	2.740403	0.003407	1.042923
-11.697568	0.647944	2.750400	0.003403	1.042998
-11.451019	0.696925	2.760397	0.003359	1.043189
-11.751009	0.826384	2.770394	0.003413	1.043202
-11.116684	0.615622	2.780390	0.003299	1.043257
-11.178400	0.566976	2.790387	0.003310	1.043163
-11.082391	0.517470	2.800384	0.003292	1.043149
-11.498580	0.698665	2.810381	0.003367	1.043169
-10.938471	0.546426	2.820378	0.003266	1.043261
-10.934549	0.333736	2.830374	0.003265	1.042989
-11.133652	0.623116	2.840371	0.003301	1.043261
-11.022757	0.577892	2.850368	0.003281	1.043260
-10.666048	0.434908	2.860365	0.003217	1.043260
-11.122964	0.566781	2.870362	0.003298	1.043195
-10.846098	0.500020	2.880358	0.003249	1.043252
-10.893767	0.617074	2.890355	0.003257	1.043380
-10.408258	0.435761	2.900352	0.003170	1.043396
-10.963668	0.643064	2.910349	0.003269	1.043378
-10.958205	0.722070	2.920346	0.003268	1.043484
-10.117324	0.449669	2.930342	0.003117	1.043565
-10.574795	0.567126	2.940339	0.003199	1.043482
-10.299254	0.610989	2.950336	0.003149	1.043681
-10.522049	0.694746	2.960333	0.003189	1.043675
-10.020423	0.586851	2.970330	0.003099	1.043795
-9.967485	0.466377	2.980326	0.003089	1.043667
-10.147282	0.636110	2.990323	0.003121	1.043794
-10.108365	0.618139	3.000320	0.003114	1.043791
-10.047712	0.592727	3.010317	0.003103	1.043790
-9.850005	0.513563	3.020314	0.003068	1.043790
-9.996489	0.574566	3.030310	0.003094	1.043794
-9.804153	0.609523	3.040307	0.003059	1.043939
-9.636363	0.634196	3.050304	0.003029	1.044058
-9.485048	0.459984	3.060301	0.003002	1.043911
-9.504774	0.375242	3.070298	0.003005	1.043792
-9.576383	0.403308	3.080294	0.003018	1.043792
-9.379982	0.440819	3.090291	0.002982	1.043942
-9.536498	0.538089	3.100288	0.003010	1.043988
-9.329529	0.457234	3.110285	0.002973	1.043990
-9.277481	0.448907	3.120282	0.002963	1.044007
-8.773746	0.271720	3.130278	0.002873	1.044037
-9.156761	0.417175	3.140275	0.002941	1.044029
-9.588519	0.580032	3.150272	0.003018	1.044018
-9.385019	0.627016	3.160269	0.002982	1.044184
-8.803396	0.461765	3.170266	0.002877	1.044270
-8.855764	0.489248	3.180262	0.002887	1.044279
-8.551528	0.456939	3.190259	0.002832	1.044395
-8.843082	0.501722	3.200256	0.002884	1.044303
-8.793574	0.371560	3.210253	0.002875	1.044161
-8.560960	0.416230	3.220250	0.002833	1.044339
-8.399750	0.368339	3.230246	0.002804	1.044360
-8.706168	0.523640	3.240243	0.002859	1.044404
-8.977518	0.648662	3.250240	0.002907	1.044427
-8.511740	0.567385	3.260237	0.002824	1.044562
-8.178531	0.423237	3.270234	0.002764	1.044547
-8.058586	0.504024	3.280230	0.002742	1.044714
-8.791220	0.767783	3.290227	0.002873	1.044679
-8.342861	0.719114	3.300224	0.002793	1.044847
-7.498802	0.313619	3.310221	0.002641	1.044757
-8.137537	0.550354	3.320218	0.002755	1.044735
-7.993972	0.568229	3.330214	0.002730	1.044833
-7.796053	0.410649	3.340211	0.002694	1.044731
-7.620648	0.341572	3.350208	0.002662	1.044733
-7.850940	0.428121	3.360205	0.002703	1.044727
-7.570480	0.319419	3.370202	0.002653	1.044731
-7.558098	0.319385	3.380198	0.002651	1.044738
-7.851668	0.431537	3.390195	0.002703	1.044733
-7.694686	0.444617	3.400192	0.002675	1.044831
-7.243593	0.342006	3.410189	0.002594	1.044931
-7.250368	0.311664	3.420186	0.002595	1.044889
-7.327625	0.436538	3.430182	0.002608	1.045011
-7.793434	0.597923	3.440179	0.002692	1.044980
-7.037930	0.352897	3.450176	0.002556	1.045053
-6.815681	0.262096	3.460173	0.002516	1.045050
-6.918516	0.304703	3.470170	0.002534	1.045053
-7.264631	0.440725	3.480166	0.002596	1.045051
-7.155756	0.396912	3.490163	0.002577	1.045051
-6.707119	0.220385	3.500160	0.002496	1.045054
-6.922122	0.301574	3.510157	0.002534	1.045049
-6.703731	0.363530	3.520154	0.002495	1.045242
-6.715262	0.403093	3.530150	0.002497	1.045288
-6.642718	0.265169	3.540147	0.002484	1.045147
-6.905150	0.388648	3.550144	0.002531	1.045173
-6.309270	0.304412	3.560141	0.002424	1.045371
-6.075399	0.190406	3.570138	0.002382	1.045344
-6.792523	0.438887	3.580134	0.002510	1.045297
-6.501817	0.381311	3.590131	0.002458	1.045373
-6.217957	0.266662	3.600128	0.002407	1.045371
-6.181785	0.250749	3.610125	0.002400	1.045370
-6.123847	0.359346	3.620122	0.002389	1.045540
-6.550822	0.591830	3.630118	0.002466	1.045621
-5.757555	0.331279	3.640115	0.002323	1.045693
-6.138159	0.432887	3.650112	0.002391	1.045629
-5.642733	0.287094	3.660109	0.002303	1.045696
-6.019769	0.442982	3.670106	0.002370	1.045704
-5.963824	0.483263	3.680102	0.002360	1.045786
-5.861560	0.452921	3.690099	0.002341	1.045799
-5.360191	0.270378	3.700096	0.002251	1.045822
-5.405496	0.335450	3.710093	0.002259	1.045883
-5.548078	0.374373	3.720090	0.002284	1.045861
-5.679688	0.471062	3.730086	0.002308	1.045919
-5.511741	0.390847	3.740083	0.002278	1.045902
-5.215351	0.338438	3.750080	0.002224	1.045987
-5.417765	0.426541	3.760077	0.002260	1.045997
-5.229777	0.400069	3.770074	0.002227	1.046060
-5.203025	0.335515	3.780070	0.002222	1.045991
-5.216526	0.367650	3.790067	0.002224	1.046026
-4.718225	0.311114	3.800064	0.002134	1.046210
-5.255171	0.582060	3.810061	0.002230	1.046284
-5.270540	0.608585	3.820058	0.002233	1.046311
-4.828928	0.483336	3.830054	0.002154	1.046377
-4.769411	0.410333	3.840051	0.002143	1.046314
-4.542558	0.499657	3.850048	0.002102	1.046546
-4.817123	0.637558	3.860045	0.002151	1.046583
-4.357333	0.471822	3.870042	0.002068	1.046606
-4.482704	0.390509	3.880038	0.002091	1.046437
-4.542196	0.473434	3.890035	0.002101	1.046514
-3.953494	0.268827	3.900032	0.001996	1.046553
-4.376730	0.408859	3.910029	0.002071	1.046517
-4.437739	0.394226	3.920026	0.002082	1.046467
-4.056384	0.253272	3.930022	0.002014	1.046482
-4.080537	0.209919	3.940019	0.002018	1.046414
-4.102903	0.377938	3.950016	0.002021	1.046620
-4.321141	0.454887	3.960013	0.002060	1.046608
-3.991344	0.320753	3.970010	0.002001	1.046605
-3.659688	0.192243	3.980006	0.001942	1.046610
-4.068638	0.352829	3.990003	0.002015	1.046607
-3.911044	0.527168	4.000000	0.001986	1.046914
-3.445070	0.360799	4.009997	0.001903	1.046939
-3.961762	0.431380	4.019994	0.001995	1.046765
-3.737258	0.472738	4.029990	0.001954	1.046934
-3.447548	0.429547	4.039987	0.001902	1.047028
-3.440166	0.430727	4.049984	0.001901	1.047033
-3.416754	0.346657	4.059981	0.001897	1.046938
-3.585001	0.489858	4.069978	0.001926	1.047037
-3.039127	0.433830	4.079974	0.001829	1.047245
-3.007879	0.299151	4.089971	0.001823	1.047088
-3.448484	0.528594	4.099968	0.001901	1.047158
-3.031305	0.432158	4.109965	0.001827	1.047248
-2.958082	0.341351	4.119962	0.001813	1.047169
-2.975804	0.402061	4.129958	0.001816	1.047239
-3.220879	0.601261	4.139955	0.001860	1.047371
-2.899456	0.606445	4.149952	0.001802	1.047543
-2.571379	0.368553	4.159949	0.001743	1.047405
-2.810110	0.367952	4.169946	0.001786	1.047282
-3.013817	0.666730	4.179942	0.001822	1.047563
-2.497090	0.505847	4.189939	0.001729	1.047622
-2.774448	0.661446	4.199936	0.001779	1.047680
-2.415665	0.521730	4.209933	0.001715	1.047685
-2.365014	0.524202	4.219930	0.001705	1.047715
-2.013510	0.430762	4.229926	0.001642	1.047775
-2.561394	0.678829	4.239923	0.001740	1.047814
-2.551755	0.725896	4.249920	0.001738	1.047880
-2.191186	0.578493	4.259917	0.001673	1.047876
-2.146958	0.590746	4.269914	0.001665	1.047915
-1.815703	0.654305	4.279910	0.001606	1.048167
-2.084560	0.771886	4.289907	0.001654	1.048181
-1.936393	0.737030	4.299904	0.001627	1.048213
-1.779486	0.673932	4.309901	0.001599	1.048212
-1.809233	0.684852	4.319898	0.001604	1.048212
-1.745715	0.655995	4.329894	0.001592	1.048208
-1.743894	0.653202	4.339891	0.001592	1.048206
-1.446451	0.538563	4.349888	0.001538	1.048211
-1.555192	0.582731	4.359885	0.001558	1.048213
-1.787311	0.817970	4.369882	0.001599	1.048397
-1.746186	0.848411	4.379878	0.001591	1.048458
-1.475020	0.892686	4.389875	0.001543	1.048654
-1.262762	0.841514	4.399872	0.001505	1.048698
-1.595449	1.026395	4.409869	0.001564	1.048766
-1.274568	1.087567	4.419866	0.001506	1.049009
-0.854607	0.907853	4.429862	0.001431	1.048994
-1.131927	0.962171	4.439859	0.001480	1.048922
-1.241711	1.122350	4.449856	0.001500	1.049073
-1.026154	1.037258	4.459853	0.001461	1.049074
-0.903323	0.984318	4.469850	0.001439	1.049069
-1.153404	1.293960	4.479846	0.001483	1.049340
-0.978259	1.325275	4.489843	0.001452	1.049471
-0.542209	1.094798	4.499840	0.001374	1.049398
-0.799302	1.233411	4.509837	0.001419	1.049445
-1.148201	1.650826	4.519834	0.001482	1.049804
-0.315919	1.494342	4.529830	0.001333	1.050029
-0.109483	1.183982	4.539827	0.001295	1.049736
-0.924957	1.574891	4.549824	0.001441	1.049822
-0.697294	1.779036	4.559821	0.001400	1.050201
0.011519	1.600150	4.569818	0.001273	1.050334
-0.066974	1.487110	4.579814	0.001287	1.050150
-0.076722	1.577099	4.589811	0.001289	1.050261
-0.084076	1.634821	4.599808	0.001290	1.050332
0.324073	1.405671	4.609805	0.001217	1.050247
-0.025677	1.537015	4.619802	0.001279	1.050237
-0.161157	1.662309	4.629798	0.001303	1.050329
0.223358	1.508248	4.639795	0.001234	1.050329
0.058300	1.639232	4.649792	0.001263	1.050413
-0.276042	1.989050	4.659789	0.001323	1.050692
-0.155722	2.144976	4.669786	0.001301	1.050954
0.500909	2.096625	4.679782	0.001183	1.051228
0.223994	2.185225	4.689779	0.001233	1.051201
-0.172895	2.486104	4.699776	0.001304	1.051385
0.000000	2.620408	4.709773	0.001272	1.051646

0.521909	2.611623	4.714778	0.001179	1.051902
0.864457	2.588074	4.719782	0.001118	1.052047
0.918642	2.748682	4.724787	0.001108	1.052281
0.654348	3.143519	4.729792	0.001155	1.052652
0.622846	3.544529	4.734797	0.001160	1.053150
0.836606	3.858592	4.739802	0.001122	1.053662
1.183705	4.204024	4.744806	0.001060	1.054281
1.494390	4.602608	4.749811	0.001004	1.054950
1.832106	4.981746	4.754816	0.000943	1.055607
2.047796	5.450917	4.759821	0.000905	1.056316
2.300748	5.977243	4.764826	0.000859	1.057117
2.528667	6.527957	4.769830	0.000818	1.057936
2.563303	7.180590	4.774835	0.000812	1.058786
2.897431	7.796129	4.779840	0.000752	1.059739
3.248436	8.447977	4.784845	0.000689	1.060747
3.624499	9.059739	4.789850	0.000622	1.061715
3.817954	9.839656	4.794854	0.000587	1.062804
4.080345	10.548996	4.799859	0.000540	1.063837
4.337660	11.358663	4.804864	0.000493	1.064993
4.704529	12.137810	4.809869	0.000428	1.066165
5.320398	12.837542	4.814874	0.000317	1.067360
5.524962	13.673402	4.819878	0.000280	1.068519
6.238212	14.337988	4.824883	0.000153	1.069716
6.445902	15.202165	4.829888	0.000115	1.070909
6.966805	15.988339	4.834893	0.000022	1.072160
7.086720	16.914295	4.839898	0.000000	1.073385
7.373243	17.845539	4.844902	-0.000051	1.074698
8.030971	18.649581	4.849907	-0.000169	1.076035
7.996065	19.744108	4.854912	-0.000163	1.077390
8.832746	20.512479	4.859917	-0.000313	1.078768
9.475004	21.305858	4.864922	-0.000428	1.080079
9.688009	22.294000	4.869926	-0.000466	1.081418
10.308562	23.143668	4.874931	-0.000578	1.082785
10.307928	24.206519	4.879936	-0.000578	1.084109
10.898516	25.133283	4.884941	-0.000684	1.085553
11.137155	26.194086	4.889946	-0.000727	1.086989
11.224000	27.359015	4.894950	-0.000742	1.088477
11.577875	28.486857	4.899955	-0.000806	1.090048
12.264939	29.463058	4.904960	-0.000929	1.091593
12.905373	30.447946	4.909965	-0.001044	1.093123
13.417410	31.440611	4.914970	-0.001136	1.094599
13.774341	32.526476	4.919974	-0.001200	1.096111
13.807148	33.798449	4.924979	-0.001206	1.097691
14.021023	35.039219	4.929984	-0.001244	1.099320
14.613749	36.183426	4.934989	-0.001351	1.101011
15.369935	37.199164	4.939994	-0.001486	1.102623
15.431520	38.469259	4.944998	-0.001497	1.104206
15.995487	39.653760	4.950003	-0.001599	1.105925
16.234188	40.931832	4.955008	-0.001642	1.107599
16.835403	42.076940	4.960013	-0.001749	1.109283
17.288260	43.306942	4.965018	-0.001831	1.110996
17.479994	44.656997	4.970022	-0.001865	1.112726
18.188908	45.789314	4.975027	-0.001992	1.114439
18.233912	47.229714	4.980032	-0.002001	1.116203
18.784031	48.515381	4.985037	-0.002099	1.118019
19.445714	49.706696	4.990042	-0.002218	1.119771
19.510524	51.188906	4.995046	-0.002230	1.121586
20.187109	52.426867	5.000051	-0.002351	1.123397
20.432223	53.834005	5.005056	-0.002395	1.125202
20.993205	55.187212	5.010061	-0.002496	1.127089
21.816693	56.335615	5.015066	-0.002643	1.128853
21.798554	57.880744	5.020070	-0.002640	1.130689
22.545355	59.152470	5.025075	-0.002774	1.132558
22.599607	60.649378	5.030080	-0.002784	1.134365
22.845249	62.217496	5.035085	-0.002829	1.136344
23.159812	63.732260	5.040090	-0.002885	1.138288
23.420146	65.349585	5.045094	-0.002932	1.140325
24.270704	66.733800	5.050099	-0.003084	1.142359
24.785495	68.188591	5.055104	-0.003177	1.144316
25.379250	69.625088	5.060109	-0.003283	1.146284
26.075443	70.968740	5.065114	-0.003408	1.148188
26.078028	72.619474	5.070118	-0.003409	1.150127
26.465826	74.198293	5.075123	-0.003479	1.152157
26.518098	75.899476	5.080128	-0.003488	1.154171
26.972091	77.551526	5.085133	-0.003570	1.156309
27.902719	78.953618	5.090138	-0.003737	1.158372
28.187387	80.597811	5.095142	-0.003788	1.160416
29.136543	81.974975	5.100147	-0.003958	1.162451
29.370213	83.561084	5.105152	-0.004000	1.164397
29.754563	85.186770	5.110157	-0.004069	1.166454
30.038840	86.839168	5.115162	-0.004120	1.168493
30.259306	88.597002	5.120166	-0.004160	1.170621
31.107453	90.094072	5.125171	-0.004312	1.172730
31.397155	91.771999	5.130176	-0.004364	1.174789
31.851040	93.461779	5.135181	-0.004446	1.176933
32.783357	94.900164	5.140186	-0.004613	1.179002
32.805669	96.710252	5.145190	-0.004617	1.181080
33.884391	98.093929	5.150195	-0.004810	1.183145
34.435487	99.610948	5.155200	-0.004909	1.185121
34.923021	101.183227	5.160205	-0.004997	1.187127
35.609380	102.646695	5.165210	-0.005120	1.189096
35.573000	104.415398	5.170214	-0.005114	1.191084
36.427491	105.877255	5.175219	-0.005267	1.193119
36.736111	107.517788	5.180224	-0.005322	1.195109
37.207681	109.143875	5.185229	-0.005407	1.197152
37.852515	110.669583	5.190234	-0.005523	1.199156
38.160215	112.348350	5.195238	-0.005578	1.201179
39.135753	113.712301	5.200243	-0.005753	1.203140
39.977023	115.081941	5.205248	-0.005904	1.205046
40.147486	116.727815	5.210253	-0.005934	1.206961
40.416276	118.351002	5.215258	-0.005983	1.208891
40.428735	120.160316	5.220262	-0.005985	1.210913
41.258158	121.676775	5.225267	-0.006134	1.212964
42.285690	123.013636	5.230272	-0.006318	1.214899
42.975927	124.457765	5.235277	-0.006442	1.216802
43.799878	125.781290	5.240282	-0.006590	1.218628
43.817066	127.423367	5.245286	-0.006593	1.220450
44.377803	128.931984	5.250291	-0.006693	1.222360
44.854394	130.411521	5.255296	-0.006779	1.224197
45.054038	132.078144	5.260301	-0.006815	1.226118
45.723891	133.531293	5.265306	-0.006935	1.228005
45.801772	135.271029	5.270310	-0.006949	1.229947
46.437116	136.836235	5.275315	-0.007063	1.231935
47.151828	138.279574	5.280320	-0.007192	1.233821
47.444301	139.948388	5.285325	-0.007244	1.235769
48.256298	141.380237	5.290330	-0.007390	1.237678
48.558486	142.996753	5.295334	-0.007444	1.239567
49.227293	144.512340	5.300339	-0.007564	1.241500
50.031589	145.841696	5.305344	-0.007708	1.243286
50.179195	147.513992	5.310349	-0.007735	1.245161
50.644930	149.082816	5.315354	-0.007819	1.247057
50.782281	150.784321	5.320358	-0.007843	1.248953
51.245051	152.464820	5.325363	-0.007927	1.250962
51.920143	153.969757	5.330368	-0.008048	1.252868
52.309650	155.645117	5.335373	-0.008118	1.254834
53.255673	157.066227	5.340378	-0.008287	1.256759
53.309305	158.776776	5.345382	-0.008297	1.258615
53.808714	160.441423	5.350387	-0.008387	1.260606
54.660840	161.853720	5.355392	-0.008539	1.262473
54.859198	163.560693	5.360397	-0.008575	1.264377
55.483899	165.130387	5.365402	-0.008687	1.266311
55.645708	166.870501	5.370406	-0.008717	1.268230
55.885338	168.671486	5.375411	-0.008760	1.270242
56.707611	170.201100	5.380416	-0.008907	1.272207
56.982568	171.948976	5.385421	-0.008957	1.274171
57.937757	173.456531	5.390426	-0.009128	1.276161
58.022474	175.232518	5.395430	-0.009143	1.278071
58.376911	177.018092	5.400435	-0.009207	1.280099
58.827395	178.726399	5.405440	-0.009288	1.282082
58.871694	180.653657	5.410445	-0.009296	1.284125
59.867690	182.253095	5.415450	-0.009475	1.286212
60.320892	183.958499	5.420454	-0.009556	1.288184
60.884715	185.708518	5.425459	-0.009657	1.290245
61.475956	187.348508	5.430464	-0.009763	1.292199
61.830536	189.134810	5.435469	-0.009827	1.294205
62.348254	190.872943	5.440474	-0.009920	1.296225
62.546527	192.724853	5.445478	-0.009956	1.298230
62.881452	194.622778	5.450483	-0.010016	1.300334
63.712809	196.302398	5.455488	-0.010165	1.302411
63.811577	198.249187	5.460493	-0.010183	1.304464
64.808605	199.875315	5.465498	-0.010362	1.306546
65.277465	201.599409	5.470502	-0.010446	1.308513
65.745001	203.394730	5.475507	-0.010530	1.310549
66.295917	205.091136	5.480512	-0.010629	1.312513
66.367924	207.047816	5.485517	-0.010642	1.314550
67.234975	208.741539	5.490522	-0.010798	1.316632
67.662426	210.504605	5.495526	-0.010874	1.318607
68.062071	212.365967	5.500531	-0.010946	1.320667
68.767570	214.015807	5.505536	-0.011073	1.322631
68.840861	216.006831	5.510541	-0.011086	1.324687
69.445489	217.793313	5.515546	-0.011195	1.326743
69.856218	219.645086	5.520550	-0.011268	1.328786
70.133340	221.630045	5.525555	-0.011318	1.330907
71.269816	223.171496	5.530560	-0.011522	1.332916
71.431565	225.113485	5.535565	-0.011551	1.334942
71.952865	226.944110	5.540570	-0.011645	1.336993
72.335463	228.805519	5.545574	-0.011714	1.339019
72.552153	230.834327	5.550579	-0.011753	1.341143
73.159669	232.663910	5.555584	-0.011862	1.343219
73.572974	234.613824	5.560589	-0.011936	1.345335
74.370765	236.372961	5.565594	-0.012079	1.347407
75.309233	238.016847	5.570598	-0.012247	1.349417
75.454411	239.959700	5.575603	-0.012274	1.351411
76.188047	241.669267	5.580608	-0.012405	1.353400
76.308808	243.650558	5.585613	-0.012427	1.355418
76.591634	245.617613	5.590618	-0.012478	1.357481
77.325615	247.418104	5.595622	-0.012610	1.359551
77.400658	249.497408	5.600627	-0.012623	1.361639
78.334225	251.239838	5.605632	-0.012791	1.363722
78.576812	253.228221	5.610637	-0.012835	1.365778
79.066684	255.152000	5.615642	-0.012923	1.367862
80.026999	256.884314	5.620646	-0.013095	1.369936
80.076797	258.900055	5.625651	-0.013104	1.371936
80.648553	260.807114	5.630656	-0.013207	1.374026
80.855542	262.859126	5.635661	-0.013244	1.376115
81.445912	264.807996	5.640666	-0.013350	1.378247
82.055510	266.709119	5.645670	-0.013459	1.380336
82.251511	268.779322	5.650675	-0.013495	1.382429
82.810786	270.765577	5.655680	-0.013595	1.384575
82.892130	272.918839	5.660685	-0.013610	1.386699
83.488550	274.978800	5.665690	-0.013717	1.388924
84.447002	276.801615	5.670694	-0.013889	1.391052
84.630651	278.921252	5.675699	-0.013922	1.393172
85.257680	280.899459	5.680704	-0.014035	1.395320
85.421925	283.044135	5.685709	-0.014064	1.397450
85.800949	285.228838	5.690714	-0.014133	1.399696
86.720520	287.061482	5.695718	-0.014297	1.401803
86.912079	289.254049	5.700723	-0.014332	1.403979
87.579948	291.257345	5.705728	-0.014452	1.406149
88.032710	293.319303	5.710733	-0.014533	1.408291
88.578737	295.388113	5.715738	-0.014631	1.410471
89.427826	297.238955	5.720742	-0.014784	1.412553
89.634038	299.397640	5.725747	-0.014821	1.414686
90.190864	301.404614	5.730752	-0.014921	1.416801
90.408737	303.575258	5.735757	-0.014960	1.418943
90.844923	305.703380	5.740762	-0.015039	1.421122
91.608271	307.676531	5.745766	-0.015175	1.423272
92.059310	309.754601	5.750771	-0.015257	1.425402
92.776738	311.725138	5.755776	-0.015385	1.427526
93.431864	313.684065	5.760781	-0.015503	1.429613
93.702549	315.779109	5.765786	-0.015552	1.431684
94.648096	317.602867	5.770790	-0.015721	1.433744
94.809447	319.724748	5.775795	-0.015750	1.435794
95.342273	321.741141	5.780800	-0.015846	1.437878
95.488801	323.926058	5.785805	-0.015873	1.439976
95.826395	326.063049	5.790810	-0.015933	1.442095
96.919452	327.933013	5.795814	-0.016129	1.444236
97.536717	329.866165	5.800819	-0.016240	1.446260
98.210288	331.777187	5.805824	-0.016361	1.448282
98.626773	333.751527	5.810829	-0.016436	1.450266
98.657952	335.937982	5.815834	-0.016442	1.452306
99.531767	337.834598	5.820838	-0.016598	1.454377
99.524759	340.062095	5.825843	-0.016597	1.456435
100.314755	342.050530	5.830848	-0.016739	1.458556
100.876899	344.067183	5.835853	-0.016840	1.460617
101.090095	346.257303	5.840858	-0.016879	1.462710
101.875187	348.182670	5.845862	-0.017019	1.464762
101.963459	350.410792	5.850867	-0.017035	1.466839
102.560589	352.508709	5.855872	-0.017143	1.468976
103.181575	354.502055	5.860877	-0.017254	1.471022
103.251439	356.802423	5.865882	-0.017267	1.473151
104.112227	358.788074	5.870886	-0.017421	1.475269
104.393731	360.977498	5.875891	-0.017472	1.477365
104.732774	363.215165	5.880896	-0.017533	1.479522
105.046711	365.424480	5.885901	-0.017590	1.481641
105.369494	367.754026	5.890906	-0.017648	1.483870
106.227455	369.824195	5.895910	-0.017802	1.486048
106.688162	372.036239	5.900915	-0.017884	1.488212
107.236658	374.199477	5.905920	-0.017983	1.490359
107.852364	376.296720	5.910925	-0.018093	1.492467
108.021494	378.629957	5.915930	-0.018124	1.494629
108.596655	380.814462	5.920934	-0.018227	1.496795
108.869582	383.172763	5.925939	-0.018277	1.499009
109.333762	385.420121	5.930944	-0.018360	1.501187
109.929862	387.645621	5.935949	-0.018467	1.503388
110.323280	389.960928	5.940954	-0.018538	1.505595
111.258990	392.039431	5.945958	-0.018706	1.507776
111.717854	394.235861	5.950963	-0.018788	1.509893
111.973869	396.535728	5.955968	-0.018834	1.512030
112.479971	398.791459	5.960973	-0.018925	1.514211
112.382403	401.335094	5.965978	-0.018908	1.516436
113.291755	403.539354	5.970982	-0.019071	1.518703
113.754525	405.823532	5.975987	-0.019154	1.520884
114.236995	408.145382	5.980992	-0.019241	1.523102
114.843810	410.391393	5.985997	-0.019350	1.525293
115.207937	412.766016	5.991002	-0.019416	1.527510
116.108475	414.891118	5.996006	-0.019577	1.529688
116.472286	417.172473	6.001011	-0.019643	1.531817
116.836121	419.535887	6.006016	-0.019708	1.534015
117.534390	421.715681	6.011021	-0.019833	1.536162
118.032246	424.006714	6.016026	-0.019923	1.538336
118.590476	426.229937	6.021030	-0.020023	1.540468
119.305710	428.344280	6.026035	-0.020151	1.542555
119.333826	430.776962	6.031040	-0.020157	1.544685
119.782157	433.102365	6.036045	-0.020237	1.546860
120.138849	435.523846	6.041050	-0.020302	1.549084
121.208748	437.572591	6.046054	-0.020493	1.551221
121.774076	439.763070	6.051059	-0.020595	1.553309
121.975575	442.119004	6.056064	-0.020631	1.555416
122.356577	444.459284	6.061069	-0.020700	1.557566
122.452302	446.965872	6.066074	-0.020717	1.559761
123.217912	449.212402	6.071078	-0.020855	1.561952
123.609065	451.618710	6.076083	-0.020925	1.564154
123.994663	454.032991	6.081088	-0.020995	1.566357
125.107239	456.151370	6.086093	-0.021194	1.568543
125.366838	458.493034	6.091098	-0.021241	1.570636
126.110780	460.708743	6.096102	-0.021374	1.572778
126.436237	463.035930	6.101107	-0.021433	1.574875
126.466042	465.588588	6.106112	-0.021439	1.577064
127.281918	467.852834	6.111117	-0.021585	1.579262
127.668818	470.219091	6.116122	-0.021655	1.581403
128.335667	472.530318	6.121126	-0.021774	1.583586
128.899393	474.788246	6.126131	-0.021876	1.585687
129.062562	477.292988	6.131136	-0.021905	1.587864
129.764779	479.578432	6.136141	-0.022031	1.590028
129.952554	482.084506	6.141146	-0.022065	1.592208
130.699412	484.400440	6.146150	-0.022199	1.594405
131.242019	486.738554	6.151155	-0.022297	1.596553
131.373612	489.304018	6.156160	-0.022321	1.598755
132.035508	491.621551	6.161165	-0.022439	1.600918
132.463183	494.087531	6.166170	-0.022516	1.603127
133.116673	496.416596	6.171174	-0.022634	1.605290
133.820853	498.741321	6.176179	-0.022760	1.607463
133.924551	501.270941	6.181184	-0.022779	1.609612
134.502826	503.661802	6.186189	-0.022883	1.611794
134.760715	506.225926	6.191194	-0.022929	1.614015
135.414390	508.622317	6.196198	-0.023047	1.616220
136.151154	510.985071	6.201203	-0.023179	1.618420
136.450600	513.465540	6.206208	-0.023233	1.620576
136.720139	516.039330	6.211213	-0.023282	1.622796
136.969774	518.631812	6.216218	-0.023327	1.625023
137.584880	521.166982	6.221222	-0.023437	1.627315
138.323432	523.564991	6.226227	-0.023570	1.629530
138.621347	526.129246	6.231232	-0.023623	1.631739
139.419274	528.523328	6.236237	-0.023766	1.633963
139.938236	530.966200	6.241242	-0.023860	1.636136
140.348779	533.502690	6.246246	-0.023934	1.638349
140.890119	535.898504	6.251251	-0.024031	1.640484
141.103301	538.529121	6.256256	-0.024069	1.642707
141.568616	541.071837	6.261261	-0.024153	1.644933
142.077904	543.624215	6.266266	-0.024245	1.647177
142.455642	546.226181	6.271270	-0.024313	1.649418
143.218259	548.678661	6.276275	-0.024449	1.651655
143.633560	551.253491	6.281280	-0.024524	1.653879
144.249961	553.709926	6.286285	-0.024635	1.656067
144.654773	556.292152	6.291290	-0.024708	1.658288
145.023724	558.865025	6.296294	-0.024774	1.660487
145.672129	561.368446	6.301299	-0.024891	1.662714
145.903671	564.023449	6.306304	-0.024932	1.664931
146.679181	566.520818	6.311309	-0.025072	1.667186
147.308477	568.979706	6.316314	-0.025185	1.669362
147.746970	571.512597	6.321318	-0.025263	1.671536
148.400337	573.978032	6.326323	-0.025381	1.673719
148.659875	576.563510	6.331328	-0.025428	1.675874
149.142701	579.136544	6.336333	-0.025514	1.678085
149.443061	581.734000	6.341338	-0.025569	1.680257
150.013438	584.326055	6.346342	-0.025671	1.682504
150.797273	586.770623	6.351347	-0.025812	1.684696
151.358794	589.257113	6.356352	-0.025912	1.686850
151.744713	591.817285	6.361357	-0.025982	1.689006
152.031641	594.439751	6.366362	-0.026034	1.691180
152.395307	597.121236	6.371366	-0.026099	1.693421
153.175864	599.594927	6.376371	-0.026239	1.695619
153.801760	602.120066	6.381376	-0.026352	1.697810
154.266590	604.616314	6.386381	-0.026435	1.699925
154.396495	607.354314	6.391386	-0.026459	1.702129
154.802472	610.006351	6.396390	-0.026532	1.704344
155.534805	612.563687	6.401395	-0.026663	1.706580
156.024883	615.157025	6.406400	-0.026752	1.708769
156.747272	617.644836	6.411405	-0.026881	1.710941
157.140106	620.258194	6.416410	-0.026952	1.713111
157.852408	622.705849	6.421414	-0.027080	1.715243
158.415891	625.212646	6.426419	-0.027181	1.717375
158.954226	627.655796	6.431424	-0.027278	1.719446
159.350111	630.215204	6.436429	-0.027349	1.721564
159.772264	632.778415	6.441434	-0.027425	1.723689
160.067311	635.428679	6.446438	-0.027478	1.725843
160.899134	637.892894	6.451443	-0.027627	1.728007
161.421953	640.358680	6.456448	-0.027721	1.730079
162.093430	642.797350	6.461453	-0.027842	1.732170
162.610855	645.274573	6.466458	-0.027935	1.734244
163.213991	647.692436	6.471462	-0.028043	1.736295
163.980004	650.026771	6.476467	-0.028180	1.738326
164.388314	652.383980	6.481472	-0.028254	1.740268
165.217649	654.643776	6.486477	-0.028403	1.742255
165.633651	656.995562	6.491482	-0.028478	1.744191
166.086847	659.363238	6.496486	-0.028559	1.746147
166.736524	661.647022	6.501491	-0.028676	1.748093
167.327066	663.867537	6.506496	-0.028782	1.749972
168.052693	666.071618	6.511501	-0.028912	1.751875
168.699890	668.237363	6.516506	-0.029028	1.753724
169.042745	670.502673	6.521510	-0.029090	1.755559
169.592338	672.754141	6.526515	-0.029188	1.757441
169.921224	674.973109	6.531520	-0.029248	1.759233
170.450980	677.245347	6.536525	-0.029343	1.761121
170.953022	679.517298	6.541530	-0.029433	1.762999
171.464941	681.738986	6.546534	-0.029525	1.764840
172.160698	683.924546	6.551539	-0.029650	1.766704
172.464215	686.199628	6.556544	-0.029704	1.768521
172.889006	688.479569	6.561549	-0.029781	1.770375
173.122362	690.919077	6.566554	-0.029823	1.772293
173.553477	693.280033	6.571558	-0.029901	1.774206
174.174853	695.601815	6.576563	-0.030012	1.776142
174.470167	698.064633	6.581568	-0.030065	1.778088
175.071776	700.405217	6.586573	-0.030173	1.780028
175.737615	702.698689	6.591578	-0.030293	1.781949
176.085994	705.057559	6.596582	-0.030356	1.783826
176.599291	707.414139	6.601587	-0.030448	1.785747
176.873398	709.888143	6.606592	-0.030497	1.787685
177.564817	712.157176	6.611597	-0.030621	1.789587
178.317841	714.427118	6.616602	-0.030756	1.791504
178.567634	716.853361	6.621606	-0.030802	1.793393
178.944696	719.250639	6.626611	-0.030869	1.795295
179.316153	721.749042	6.631616	-0.030936	1.797269
179.926324	724.048722	6.636621	-0.031046	1.799160
180.492384	726.439803	6.641626	-0.031147	1.801104
181.004221	728.817602	6.646630	-0.031239	1.803021
181.556706	731.145093	6.651635	-0.031339	1.804910
181.993106	733.590549	6.656640	-0.031417	1.806852
182.651594	735.849892	6.661645	-0.031535	1.808716
182.930822	738.312789	6.666650	-0.031586	1.810623
183.257526	740.804520	6.671654	-0.031645	1.812563
183.843365	743.198727	6.676659	-0.031750	1.814500
184.427828	745.611311	6.681664	-0.031855	1.816449
185.155265	747.859369	6.686669	-0.031985	1.818313
185.603064	750.224091	6.691674	-0.032066	1.820184
186.089956	752.597900	6.696678	-0.032153	1.822071
186.510679	754.983273	6.701683	-0.032229	1.823946
187.002051	757.383923	6.706688	-0.032317	1.825849
187.338657	759.830829	6.711693	-0.032378	1.827742
187.776632	762.266890	6.716698	-0.032457	1.829653
188.343984	764.699951	6.721702	-0.032559	1.831595
188.999176	767.052076	6.726707	-0.032676	1.833501
189.650369	769.372233	6.731712	-0.032793	1.835379
190.073181	771.771968	6.736717	-0.032869	1.837251
190.484377	774.096880	6.741722	-0.032943	1.839063
190.976766	776.524433	6.746726	-0.033032	1.840971
191.815568	778.756838	6.751731	-0.033182	1.842829
192.467747	780.991652	6.756736	-0.033299	1.844636
193.165104	783.151452	6.761741	-0.033424	1.846399
193.648792	785.350255	6.766746	-0.033511	1.848130
194.196453	787.538451	6.771750	-0.033609	1.849870
195.017783	789.586820	6.776755	-0.033757	1.851581
195.985106	791.482586	6.781760	-0.033930	1.853219
196.761367	793.316721	6.786765	-0.034069	1.854759
197.253777	795.266586	6.791770	-0.034158	1.856305
197.918862	797.079273	6.796774	-0.034277	1.857796
198.760588	798.737573	6.801779	-0.034428	1.859224
199.316928	800.504336	6.806784	-0.034528	1.860650
199.722593	802.297276	6.811789	-0.034601	1.862054
200.094580	804.096148	6.816794	-0.034668	1.863452
200.142957	806.156228	6.821798	-0.034677	1.864949
200.932761	807.981689	6.826803	-0.034818	1.866476
201.311969	809.863998	6.831808	-0.034886	1.867933
201.852012	811.697937	6.836813	-0.034983	1.869396
202.188946	813.657449	6.841818	-0.035044	1.870894
202.235424	815.820480	6.846822	-0.035053	1.872459
202.769179	817.833739	6.851827	-0.035149	1.874046
203.029504	819.996293	6.856832	-0.035195	1.875665
203.591263	822.065351	6.861837	-0.035296	1.877296
204.000379	824.127342	6.866842	-0.035370	1.878880
204.390809	826.319598	6.871846	-0.035440	1.880551
204.883377	828.451803	6.876851	-0.035529	1.882205
205.001703	830.747966	6.881856	-0.035550	1.883874
205.386334	833.084440	6.886861	-0.035619	1.885641
205.887917	835.348266	6.891866	-0.035709	1.887386
206.370385	837.575685	6.896870	-0.035796	1.889099
207.137173	839.775697	6.901875	-0.035934	1.890866
207.474150	842.004574	6.906880	-0.035994	1.892538
207.966551	844.278634	6.911885	-0.036083	1.894281
208.369787	846.600777	6.916890	-0.036155	1.896033
208.788800	848.878744	6.921894	-0.036231	1.897757
209.206556	851.198097	6.926899	-0.036306	1.899508
209.585633	853.580697	6.931904	-0.036374	1.901291
210.023646	855.941652	6.936909	-0.036453	1.903074
210.727010	858.225168	6.941914	-0.036579	1.904870
211.096452	860.622436	6.946918	-0.036646	1.906656
211.550670	862.932033	6.951923	-0.036727	1.908401
211.664264	865.502256	6.956928	-0.036748	1.910238
211.939112	868.106501	6.961933	-0.036798	1.912140
212.557343	870.577899	6.966938	-0.036909	1.914036
213.229274	873.010363	6.971942	-0.037029	1.915918
213.934614	875.314419	6.976947	-0.037156	1.917716
214.297841	877.747550	6.981952	-0.037221	1.919514
214.398519	880.404842	6.986957	-0.037240	1.921398
214.929586	882.908850	6.991962	-0.037335	1.923285
215.231390	885.546034	6.996966	-0.037389	1.925203
215.818090	888.093453	7.001971	-0.037495	1.927131
216.344827	890.628209	7.006976	-0.037589	1.929033
216.598593	893.337072	7.011981	-0.037635	1.930983
217.270881	895.883980	7.016986	-0.037756	1.932927
217.798431	898.445305	7.021990	-0.037851	1.934842
218.295112	901.012397	7.026995	-0.037940	1.936751
218.671788	903.552654	7.032000	-0.038008	1.938608
218.919859	906.316172	7.037005	-0.038053	1.940584
219.482097	908.946678	7.042010	-0.038154	1.942548
219.774029	911.684579	7.047014	-0.038206	1.944514
220.432639	914.372650	7.052019	-0.038325	1.946538
220.615403	917.143611	7.057024	-0.038358	1.948495
221.031183	919.988710	7.062029	-0.038433	1.950560
221.581388	922.748341	7.067034	-0.038532	1.952599
221.951758	925.572935	7.072038	-0.038598	1.954634
222.603117	928.336497	7.077043	-0.038715	1.956698
222.933331	931.131361	7.082048	-0.038775	1.958698
223.371286	934.023919	7.087053	-0.038854	1.960791
223.978110	936.761954	7.092058	-0.038963	1.962818
224.286997	939.682159	7.097062	-0.039018	1.964893
224.818667	942.530940	7.102067	-0.039114	1.966973
225.289995	945.365625	7.107072	-0.039199	1.969025
225.546815	948.386502	7.112077	-0.039245	1.971148
226.218080	951.225638	7.117082	-0.039366	1.973250
226.628522	954.178720	7.122086	-0.039440	1.975361
227.395203	956.939941	7.127091	-0.039577	1.977430
227.725705	959.830220	7.132096	-0.039637	1.979474
228.060456	962.823970	7.137101	-0.039697	1.981586
228.638232	965.713724	7.142106	-0.039801	1.983688
228.869794	968.767119	7.147110	-0.039843	1.985810
229.380157	971.712266	7.152115	-0.039935	1.987927
230.044660	974.648743	7.157120	-0.040054	1.990075
230.461182	977.602720	7.162125	-0.040129	1.992170
231.100281	980.548415	7.167130	-0.040244	1.994313
231.305757	983.591423	7.172134	-0.040281	1.996411
231.880812	986.531082	7.177139	-0.040384	1.998529
232.346757	989.577262	7.182144	-0.040468	2.000689
232.888680	992.522155	7.187149	-0.040566	2.002798
233.697528	995.401337	7.192154	-0.040711	2.004926
233.951939	998.377234	7.197158	-0.040757	2.006980
234.499942	1001.323705	7.202163	-0.040855	2.009084
235.014132	1004.312534	7.207168	-0.040948	2.011207
235.371007	1007.329818	7.212173	-0.041012	2.013307
236.251176	1010.177732	7.217178	-0.041170	2.015421
236.570819	1013.097008	7.222182	-0.041228	2.017442
237.220038	1015.996992	7.227187	-0.041344	2.019529
237.732824	1018.889901	7.232192	-0.041436	2.021576
237.971603	1021.877761	7.237197	-0.041480	2.023617
238.682131	1024.794630	7.242202	-0.041607	2.025724
239.008313	1027.720476	7.247206	-0.041666	2.027740
239.580172	1030.669554	7.252211	-0.041769	2.029831
240.027796	1033.634105	7.257216	-0.041849	2.031898
240.431789	1036.646917	7.262221	-0.041922	2.033985
240.922305	1039.647647	7.267226	-0.042010	2.036083
241.263138	1042.637552	7.272230	-0.042072	2.038135
241.788055	1045.728837	7.277235	-0.042166	2.040296
242.534666	1048.591355	7.282240	-0.042300	2.042358
242.843691	1051.644688	7.287245	-0.042356	2.044438
243.504488	1054.597615	7.292250	-0.042475	2.046534
243.673678	1057.711786	7.297254	-0.042505	2.048615
244.161101	1060.806995	7.302259	-0.042593	2.050759
245.045266	1063.672364	7.307264	-0.042752	2.052845
245.327897	1066.765885	7.312269	-0.042803	2.054934
246.320269	1069.530806	7.317274	-0.042981	2.056976
246.854650	1072.344455	7.322278	-0.043077	2.058939
247.121930	1075.359305	7.327283	-0.043125	2.060966
247.453016	1078.330695	7.332288	-0.043185	2.062978
247.672719	1081.499057	7.337293	-0.043225	2.065090
248.596225	1084.331373	7.342298	-0.043390	2.067150
249.261513	1087.178780	7.347302	-0.043510	2.069155
249.561617	1090.199689	7.352307	-0.043564	2.071184
250.118042	1093.111245	7.357312	-0.043664	2.073201
250.316646	1096.234689	7.362317	-0.043700	2.075268
250.913127	1099.142145	7.367322	-0.043807	2.077288
251.468055	1102.128534	7.372326	-0.043907	2.079347
251.982065	1105.103183	7.377331	-0.043999	2.081386
252.709939	1107.973501	7.382336	-0.044130	2.083408
253.085235	1110.965457	7.387341	-0.044198	2.085421
253.970232	1113.695362	7.392346	-0.044356	2.087385
254.484001	1116.507326	7.397350	-0.044449	2.089312
254.682950	1119.526436	7.402355	-0.044485	2.091296
255.218248	1122.433225	7.407360	-0.044581	2.093285
255.404510	1125.503450	7.412365	-0.044615	2.095295
256.158775	1128.415734	7.417370	-0.044750	2.097335
256.763717	1131.273648	7.422374	-0.044859	2.099304
257.158486	1134.218790	7.427379	-0.044930	2.101277
257.664296	1137.144508	7.432384	-0.045021	2.103261
257.818744	1140.246771	7.437389	-0.045049	2.105275
258.419192	1143.213492	7.442394	-0.045157	2.107303
259.044633	1146.116012	7.447398	-0.045269	2.109295
259.342006	1149.221283	7.452403	-0.045323	2.111338
259.871831	1152.233176	7.457408	-0.045418	2.113373
260.350032	1155.259285	7.462413	-0.045504	2.115403
261.082680	1158.126524	7.467418	-0.045636	2.117390
261.585795	1161.085110	7.472422	-0.045726	2.119379
261.918835	1164.107295	7.477427	-0.045786	2.121368
262.499852	1167.099520	7.482432	-0.045891	2.123392
262.790651	1170.171211	7.487437	-0.045943	2.125398
263.722073	1172.990146	7.492442	-0.046110	2.127391
264.418809	1175.783286	7.497446	-0.046236	2.129311
264.351790	1178.904895	7.502451	-0.046224	2.131260
264.953945	1181.926859	7.507456	-0.046332	2.133299
265.358949	1184.935862	7.512461	-0.046405	2.135282
265.898519	1187.932254	7.517466	-0.046502	2.137286
266.554642	1190.862217	7.522470	-0.046620	2.139274
266.993562	1193.836719	7.527475	-0.046699	2.141238
267.579448	1196.805884	7.532480	-0.046804	2.143230
267.742692	1199.924267	7.537485	-0.046834	2.145217
268.276333	1202.937084	7.542490	-0.046930	2.147220
268.809468	1205.972688	7.547494	-0.047026	2.149236
268.947486	1209.175958	7.552499	-0.047051	2.151265
269.713404	1212.229356	7.557504	-0.047189	2.153341
270.109373	1215.330743	7.562509	-0.047260	2.155361
270.513401	1218.450135	7.567514	-0.047333	2.157391
271.243797	1221.494864	7.572518	-0.047464	2.159448
271.419271	1224.669474	7.577523	-0.047496	2.161457
272.176803	1227.745008	7.582528	-0.047632	2.163535
272.564306	1230.866215	7.587533	-0.047702	2.165556
273.148145	1233.916706	7.592538	-0.047806	2.167575
273.788640	1236.970663	7.597542	-0.047922	2.169606
274.026224	1240.108566	7.602547	-0.047965	2.171598
274.488414	1243.337530	7.607552	-0.048048	2.173694
275.028776	1246.409366	7.612557	-0.048145	2.175708
275.560400	1249.539241	7.617562	-0.048240	2.177755
276.429001	1252.476572	7.622566	-0.048396	2.179756
276.799255	1255.504851	7.627571	-0.048463	2.181700
277.012956	1258.718096	7.632576	-0.048502	2.183721
277.316395	1261.921897	7.637581	-0.048557	2.185754
278.068064	1264.998721	7.642586	-0.048692	2.187808
278.867537	1267.987470	7.647590	-0.048835	2.189816
279.147893	1271.097826	7.652595	-0.048886	2.191781
279.727864	1274.180685	7.657600	-0.048990	2.193794
279.952665	1277.312569	7.662605	-0.049031	2.195756
280.469234	1280.486541	7.667610	-0.049124	2.197807
281.128112	1283.531859	7.672614	-0.049242	2.199809
281.379684	1286.746355	7.677619	-0.049287	2.201822
282.091702	1289.871500	7.682624	-0.049415	2.203881
282.365118	1293.041139	7.687629	-0.049465	2.205868
283.034229	1296.152517	7.692634	-0.049585	2.207904
283.781906	1299.168583	7.697638	-0.049719	2.209899
283.968429	1302.371388	7.702643	-0.049753	2.211881
284.549938	1305.517519	7.707648	-0.049858	2.213914
285.065778	1308.566209	7.712653	-0.049950	2.215872
285.432293	1311.754633	7.717658	-0.050016	2.217879
286.298958	1314.770616	7.722662	-0.050172	2.219890
286.666519	1317.828175	7.727667	-0.050238	2.221815
287.305464	1320.876814	7.732672	-0.050353	2.223793
287.466632	1324.038183	7.737677	-0.050382	2.225732
287.830486	1327.290192	7.742682	-0.050448	2.227768
288.477373	1330.404744	7.747686	-0.050564	2.229781
288.773676	1333.637310	7.752691	-0.050618	2.231787
289.361177	1336.869360	7.757696	-0.050723	2.233855
289.947384	1339.886869	7.762701	-0.050829	2.235791
290.091236	1343.286738	7.767706	-0.050855	2.237858
290.941509	1346.386199	7.772710	-0.051007	2.239897
291.289091	1349.590636	7.777715	-0.051070	2.241888
291.780627	1352.848308	7.782720	-0.051159	2.243940
292.262409	1355.977175	7.787725	-0.051245	2.245912
292.811861	1359.230477	7.792730	-0.051344	2.247970
293.719740	1362.223663	7.797734	-0.051507	2.249948
293.999849	1365.412668	7.802739	-0.051558	2.251907
294.503058	1368.587628	7.807744	-0.051648	2.253903
295.187760	1371.589238	7.812749	-0.051771	2.255833
295.551467	1374.777929	7.817754	-0.051837	2.257804
296.264628	1377.789315	7.822758	-0.051965	2.259742
296.876614	1380.750757	7.827763	-0.052075	2.261628
297.466859	1383.763936	7.832768	-0.052181	2.263538
297.935362	1386.699994	7.837773	-0.052265	2.265375
298.405792	1389.726460	7.842778	-0.052350	2.267264
298.954631	1392.723983	7.847782	-0.052448	2.269151
299.356410	1395.706023	7.852787	-0.052521	2.270996
299.870064	1398.760574	7.857792	-0.052613	2.272906
300.253888	1401.800779	7.862797	-0.052682	2.274778
300.747345	1404.845065	7.867802	-0.052771	2.276675
301.371327	1407.845947	7.872806	-0.052883	2.278572
301.983952	1410.750582	7.877811	-0.052993	2.280408
302.247680	1413.893436	7.882816	-0.053041	2.282309
302.666229	1416.989218	7.887821	-0.053116	2.284214
303.030118	1420.112755	7.892826	-0.053182	2.286121
303.633354	1423.186376	7.897830	-0.053290	2.288048
304.155557	1426.258358	7.902835	-0.053384	2.289956
304.626456	1429.354512	7.907840	-0.053469	2.291865
305.246974	1432.434748	7.912845	-0.053580	2.293794
305.829628	1435.348443	7.917850	-0.053685	2.295617
306.450780	1438.340329	7.922854	-0.053797	2.297492
307.053688	1441.259478	7.927859	-0.053905	2.299319
307.697957	1444.141159	7.932864	-0.054021	2.301132
308.378928	1446.942969	7.937869	-0.054143	2.302904
308.837628	1449.782362	7.942874	-0.054225	2.304650
309.513993	1452.542278	7.947878	-0.054347	2.306394
310.157770	1455.231230	7.952883	-0.054463	2.308089
310.659188	1458.003610	7.957888	-0.054553	2.309801
311.154845	1460.709183	7.962893	-0.054642	2.311472
311.613489	1463.512151	7.967898	-0.054724	2.313191
312.301557	1466.108098	7.972902	-0.054848	2.314836
312.739817	1468.778088	7.977907	-0.054927	2.316471
313.260744	1471.531333	7.982912	-0.055020	2.318169
313.809056	1474.153141	7.987917	-0.055119	2.319797
314.349389	1476.838318	7.992922	-0.055216	2.321458
314.769424	1479.563813	7.997926	-0.055292	2.323116
315.365343	1482.145551	8.002931	-0.055399	2.324727
315.730483	1484.884018	8.007936	-0.055464	2.326379
316.400424	1487.510939	8.012941	-0.055585	2.328028
316.944456	1490.131236	8.017946	-0.055682	2.329646
317.584081	1492.713679	8.022950	-0.055797	2.331262
317.992751	1495.316804	8.027955	-0.055871	2.332840
318.256270	1498.057009	8.032960	-0.055918	2.334466
318.809904	1500.670502	8.037965	-0.056018	2.336078
319.172644	1503.448794	8.042970	-0.056083	2.337744
319.524793	1506.206537	8.047974	-0.056147	2.339395
320.156252	1508.886547	8.052979	-0.056260	2.341058
320.765924	1511.569117	8.057984	-0.056370	2.342716
321.350472	1514.189812	8.062989	-0.056475	2.344332
321.567271	1516.950629	8.067994	-0.056514	2.345952
322.094031	1519.705762	8.072998	-0.056608	2.347631
322.624759	1522.401944	8.078003	-0.056704	2.349276
322.992357	1525.212688	8.083008	-0.056770	2.350952
323.629828	1527.912612	8.088013	-0.056885	2.352619
324.039086	1530.648575	8.093018	-0.056958	2.354258
324.446256	1533.406855	8.098022	-0.057031	2.355908
325.069529	1536.134201	8.103027	-0.057143	2.357584
325.257950	1539.003822	8.108032	-0.057178	2.359251
325.615501	1541.911383	8.113037	-0.057242	2.360972
325.947177	1544.896278	8.118042	-0.057302	2.362731
326.415089	1547.857637	8.123046	-0.057386	2.364503
327.189880	1550.660838	8.128051	-0.057525	2.366245
327.408090	1553.663975	8.133056	-0.057565	2.367987
327.763860	1556.662194	8.138061	-0.057629	2.369753
327.959482	1559.877144	8.143066	-0.057664	2.371608
328.492266	1562.986124	8.148070	-0.057760	2.373469
329.247070	1565.868408	8.153075	-0.057896	2.375245
329.670389	1568.966940	8.158080	-0.057972	2.377075
330.048700	1572.053800	8.163085	-0.058040	2.378889
330.510563	1575.127092	8.168090	-0.058123	2.380710
330.784583	1578.369709	8.173094	-0.058173	2.382587
331.289051	1581.497275	8.178099	-0.058263	2.384444
331.487632	1584.809045	8.183104	-0.058299	2.386342
332.035654	1588.078868	8.188109	-0.058398	2.388284
332.295581	1591.432393	8.193114	-0.058445	2.390214
332.949084	1594.716609	8.198118	-0.058562	2.392182
333.557835	1597.896843	8.203123	-0.058672	2.394082
333.852283	1601.246966	8.208128	-0.058725	2.396012
334.308397	1604.586512	8.213133	-0.058807	2.397967
334.610334	1607.988409	8.218138	-0.058862	2.399925
335.034293	1611.457839	8.223142	-0.058938	2.401943
335.859638	1614.724240	8.228147	-0.059086	2.403925
336.327889	1618.021152	8.233152	-0.059170	2.405852
336.703296	1621.439182	8.238157	-0.059238	2.407826
337.303685	1624.722913	8.243162	-0.059346	2.409769
337.575426	1628.221550	8.248166	-0.059395	2.411764
338.215156	1631.588767	8.253171	-0.059510	2.413758
338.577923	1635.030565	8.258176	-0.059576	2.415736
339.299599	1638.341075	8.263181	-0.059705	2.417711
339.831129	1641.606419	8.268186	-0.059801	2.419621
339.993643	1645.103626	8.273190	-0.059830	2.421587
340.636220	1648.494584	8.278195	-0.059946	2.423585
341.183738	1651.822346	8.283200	-0.060044	2.425529
341.610864	1655.207733	8.288205	-0.060121	2.427479
342.007130	1658.663054	8.293210	-0.060193	2.429460
342.594395	1662.077772	8.298214	-0.060298	2.431454
343.147921	1665.431110	8.303219	-0.060398	2.433406
343.675400	1668.756241	8.308224	-0.060493	2.435336
344.255033	1672.090019	8.313229	-0.060597	2.437280
344.647019	1675.466441	8.318234	-0.060668	2.439208
344.934198	1678.957292	8.323238	-0.060720	2.441178
345.539752	1682.380474	8.328243	-0.060828	2.443170
346.122410	1685.716380	8.333248	-0.060933	2.445109
346.655073	1689.114499	8.338253	-0.061029	2.447070
347.067183	1692.527767	8.343258	-0.061103	2.449015
347.375368	1696.041449	8.348262	-0.061159	2.450993
347.952419	1699.479763	8.353267	-0.061263	2.452980
348.389005	1702.906126	8.358272	-0.061341	2.454932
349.080201	1706.290825	8.363277	-0.061466	2.456909
349.594632	1709.675629	8.368282	-0.061558	2.458850
349.774123	1713.227089	8.373286	-0.061591	2.460816
350.215306	1716.785436	8.378291	-0.061670	2.462834
350.633109	1720.324641	8.383296	-0.061746	2.464835
351.368101	1723.777033	8.388301	-0.061878	2.466848
352.197504	1727.089082	8.393306	-0.062026	2.468802
352.486633	1730.557870	8.398310	-0.062079	2.470736
352.906899	1734.044915	8.403315	-0.062154	2.472703
353.511822	1737.357188	8.408320	-0.062263	2.474609
354.186922	1740.716147	8.413325	-0.062384	2.476552
354.805640	1744.030733	8.418330	-0.062496	2.478459
355.303342	1747.321130	8.423334	-0.062585	2.480329
355.916656	1750.604095	8.428339	-0.062695	2.482214
356.533084	1753.762918	8.433344	-0.062806	2.484032
356.937453	1757.056098	8.438349	-0.062879	2.485881
357.790258	1760.162223	8.443354	-0.063032	2.487713
358.215603	1763.325476	8.448358	-0.063109	2.489493
358.844807	1766.423248	8.453363	-0.063222	2.491276
359.127035	1769.663056	8.458368	-0.063273	2.493067
359.836277	1772.702513	8.463373	-0.063400	2.494831
360.361994	1775.818564	8.468378	-0.063495	2.496599
360.763696	1778.949532	8.473382	-0.063567	2.498351
361.052551	1782.187710	8.478387	-0.063619	2.500138
361.413304	1785.506260	8.483392	-0.063684	2.501981
361.957577	1788.678479	8.488397	-0.063782	2.503777
362.587391	1791.878571	8.493402	-0.063895	2.505604
363.237173	1795.024531	8.498406	-0.064012	2.507404
363.580852	1798.196815	8.503411	-0.064074	2.509159
363.826649	1801.558653	8.508416	-0.064119	2.510996
364.309865	1804.859488	8.513421	-0.064206	2.512843
364.947758	1808.009438	8.518426	-0.064320	2.514638
365.379150	1811.298034	8.523430	-0.064398	2.516466
365.797675	1814.585170	8.528435	-0.064473	2.518290
366.153916	1817.961320	8.533440	-0.064537	2.520148
366.758084	1821.300141	8.538445	-0.064646	2.522031
367.352451	1824.502539	8.543450	-0.064753	2.523838
367.547703	1827.933327	8.548454	-0.064788	2.525692
368.001527	1831.351530	8.553459	-0.064870	2.527585
368.239315	1834.897981	8.558464	-0.064913	2.529504
368.810573	1838.355280	8.563469	-0.065016	2.531436
369.450036	1841.754159	8.568474	-0.065131	2.533349
369.837463	1845.217313	8.573479	-0.065201	2.535247
370.382933	1848.665534	8.578483	-0.065299	2.537165
370.597771	1852.201148	8.583488	-0.065338	2.539067
371.008750	1855.828784	8.588493	-0.065412	2.541052
371.548718	1859.385182	8.593498	-0.065509	2.543022
371.927955	1862.979977	8.598503	-0.065577	2.544981
372.571318	1866.533761	8.603507	-0.065693	2.546964
372.844915	1870.184609	8.608512	-0.065743	2.548930
373.484243	1873.776242	8.613517	-0.065857	2.550930
374.299278	1877.203542	8.618522	-0.066004	2.552874
374.584492	1880.695522	8.623527	-0.066055	2.554754
374.854432	1884.430434	8.628531	-0.066104	2.556757
375.303322	1888.040258	8.633536	-0.066185	2.558725
375.816763	1891.710796	8.638541	-0.066278	2.560736
376.630537	1895.226107	8.643546	-0.066424	2.562718
377.112088	1898.686044	8.648551	-0.066510	2.564609
377.534175	1902.297028	8.653555	-0.066586	2.566567
377.939021	1905.921434	8.658560	-0.066659	2.568527
378.349016	1909.592031	8.663565	-0.066733	2.570511
379.118861	1913.150897	8.668570	-0.066872	2.572500
379.820754	1916.600221	8.673575	-0.066998	2.574418
380.441948	1920.000946	8.678579	-0.067109	2.576295
380.845490	1923.462300	8.683584	-0.067182	2.578163
381.240634	1926.924423	8.688589	-0.067253	2.580028
381.840568	1930.392540	8.693594	-0.067361	2.581932
382.415261	1933.732505	8.698599	-0.067464	2.583764
382.953222	1937.118583	8.703603	-0.067561	2.585611
383.449487	1940.553454	8.708608	-0.067651	2.587475
383.989158	1943.872897	8.713613	-0.067748	2.589286
384.514835	1947.279005	8.718618	-0.067842	2.591137
385.002324	1950.631315	8.723623	-0.067930	2.592953
385.510584	1953.951426	8.728627	-0.068021	2.594754
385.943324	1957.379887	8.733632	-0.068099	2.596597
386.440049	1960.740929	8.738637	-0.068189	2.598414
386.896650	1964.165451	8.743642	-0.068271	2.600256
387.489172	1967.548437	8.748647	-0.068377	2.602100
387.872731	1970.927983	8.753651	-0.068447	2.603903
388.315633	1974.407045	8.758656	-0.068526	2.605767
388.813686	1977.857591	8.763661	-0.068616	2.607624
389.282821	1981.293039	8.768666	-0.068700	2.609467
389.734303	1984.784168	8.773671	-0.068782	2.611334
390.176095	1988.252939	8.778675	-0.068861	2.613187
390.319354	1991.914215	8.783680	-0.068888	2.615084
390.880018	1995.508181	8.788685	-0.068988	2.617018
391.516246	1999.009607	8.793690	-0.069103	2.618918
392.039650	2002.586652	8.798695	-0.069197	2.620834
392.510775	2006.099972	8.803699	-0.069282	2.622708
392.891924	2009.651547	8.808704	-0.069350	2.624584
393.322793	2013.337533	8.813709	-0.069428	2.626535
394.012122	2016.818796	8.818714	-0.069552	2.628426
394.214969	2020.540692	8.823719	-0.069589	2.630353
394.748945	2024.167343	8.828723	-0.069685	2.632288
395.245462	2027.747295	8.833728	-0.069774	2.634192
395.777311	2031.413078	8.838733	-0.069870	2.636143
396.381601	2034.968194	8.843738	-0.069979	2.638050
396.712301	2038.646235	8.848743	-0.070038	2.639970
397.123635	2042.349438	8.853747	-0.070113	2.641915
397.369203	2046.117340	8.858752	-0.070157	2.643863
397.823211	2049.973693	8.863757	-0.070239	2.645890
398.571693	2053.630821	8.868762	-0.070373	2.647865
398.877805	2057.455592	8.873767	-0.070429	2.649848
399.316956	2061.268775	8.878771	-0.070508	2.651846
399.804994	2065.043798	8.883776	-0.070596	2.653831
400.253093	2068.887670	8.888781	-0.070676	2.655843
400.686462	2072.742809	8.893786	-0.070755	2.657856
401.038770	2076.674174	8.898791	-0.070818	2.659893
401.578916	2080.560641	8.903795	-0.070915	2.661937
402.195145	2084.353987	8.908800	-0.071026	2.663946
402.823446	2088.157567	8.913805	-0.071139	2.665960
403.241910	2091.958086	8.918810	-0.071215	2.667936
403.541883	2095.907534	8.923815	-0.071269	2.669964
404.025005	2099.810060	8.928819	-0.071356	2.671999
404.434868	2103.746420	8.933824	-0.071430	2.674036
404.954134	2107.703039	8.938829	-0.071523	2.676101
405.751231	2111.437973	8.943834	-0.071667	2.678101
406.151009	2115.331012	8.948839	-0.071739	2.680110
406.559162	2119.255638	8.953843	-0.071812	2.682135
406.872615	2123.188728	8.958848	-0.071869	2.684146
407.243496	2127.268563	8.963853	-0.071936	2.686239
407.751797	2131.232682	8.968858	-0.072027	2.688296
408.206541	2135.321434	8.973863	-0.072109	2.690404
408.972678	2139.191796	8.978867	-0.072247	2.692454
409.303867	2143.183919	8.983872	-0.072307	2.694490
409.656634	2147.239306	8.988877	-0.072371	2.696560
410.260184	2151.228429	8.993882	-0.072479	2.698637
410.644949	2155.338868	8.998887	-0.072549	2.700735
411.266198	2159.244048	9.003891	-0.072660	2.702770
411.810767	2163.279041	9.008896	-0.072758	2.704855
412.111188	2167.366189	9.013901	-0.072813	2.706923
412.873758	2171.308497	9.018906	-0.072950	2.708996
413.428935	2175.262500	9.023911	-0.073050	2.711037
413.939218	2179.081510	9.028915	-0.073142	2.713004
414.355949	2183.138983	9.033920	-0.073217	2.715070
414.809492	2187.074199	9.038925	-0.073298	2.717081
415.475237	2191.021929	9.043930	-0.073418	2.719132
416.009220	2194.910119	9.048935	-0.073514	2.721130
416.512734	2198.779270	9.053939	-0.073605	2.723112
416.987681	2202.714018	9.058944	-0.073690	2.725120
417.335613	2206.704470	9.063949	-0.073753	2.727133
418.205839	2210.474594	9.068954	-0.073910	2.729123
418.419102	2214.507925	9.073959	-0.073948	2.731131
419.069613	2218.365680	9.078963	-0.074065	2.733125
419.303475	2222.379651	9.083968	-0.074108	2.735124
419.662357	2226.424768	9.088973	-0.074173	2.737158
420.404904	2230.341418	9.093978	-0.074306	2.739190
420.753981	2234.370598	9.098983	-0.074369	2.741212
421.318378	2238.279490	9.103987	-0.074471	2.743208
421.757149	2242.323772	9.108992	-0.074550	2.745248
422.243212	2246.310333	9.113997	-0.074637	2.747267
422.987818	2250.206982	9.119002	-0.074771	2.749282
423.512458	2254.082645	9.124007	-0.074866	2.751250
423.932881	2257.966864	9.129011	-0.074941	2.753204
424.480891	2261.876701	9.134016	-0.075040	2.755189
424.680218	2265.914260	9.139021	-0.075076	2.757178
425.569766	2269.777007	9.144026	-0.075236	2.759193
426.141933	2273.609829	9.149031	-0.075339	2.761140
426.614732	2277.380234	9.154035	-0.075424	2.763040
427.149080	2281.254253	9.159040	-0.075520	2.764999
427.418481	2285.173222	9.164045	-0.075569	2.766934
428.288418	2288.928543	9.169050	-0.075725	2.768887
428.835156	2292.708173	9.174055	-0.075824	2.770798
429.222091	2296.445848	9.179059	-0.075893	2.772661
429.651396	2300.302360	9.184064	-0.075971	2.774587
429.761132	2304.332792	9.189069	-0.075991	2.776543
430.463140	2308.203460	9.194074	-0.076117	2.778517
431.141070	2312.037817	9.199079	-0.076239	2.780469
431.885520	2315.651118	9.204083	-0.076373	2.782323
432.522282	2319.324783	9.209088	-0.076487	2.784188
432.404333	2323.300112	9.214093	-0.076467	2.786075
432.734281	2327.350119	9.219098	-0.076526	2.788068
433.503396	2331.212134	9.224103	-0.076665	2.790040
434.325711	2334.834770	9.229107	-0.076812	2.791905
434.952535	2338.527018	9.234112	-0.076925	2.793770
434.968387	2342.490841	9.239117	-0.076928	2.795666
435.610657	2346.280844	9.244122	-0.077044	2.797578
436.189465	2350.092354	9.249127	-0.077148	2.799489
436.915261	2353.750699	9.254131	-0.077278	2.801348
437.583679	2357.345755	9.259136	-0.077399	2.803167
437.862618	2361.115750	9.264141	-0.077449	2.805007
438.519240	2364.736372	9.269146	-0.077567	2.806834
438.702609	2368.550097	9.274151	-0.077600	2.808676
439.396335	2372.294361	9.279155	-0.077725	2.810565
440.128873	2375.825196	9.284160	-0.077857	2.812358
440.440912	2379.518188	9.289165	-0.077913	2.814159
441.123428	2383.111639	9.294170	-0.078036	2.815971
441.278859	2386.874491	9.299175	-0.078064	2.817779
441.875319	2390.590839	9.304179	-0.078171	2.819633
442.657574	2394.144907	9.309184	-0.078312	2.821439
442.992246	2397.756485	9.314189	-0.078372	2.823200
443.652988	2401.373352	9.319194	-0.078491	2.825013
444.246045	2404.848086	9.324199	-0.078598	2.826748
444.431560	2408.597366	9.329203	-0.078631	2.828547
445.054307	2412.231842	9.334208	-0.078743	2.830359
445.595068	2415.708724	9.339213	-0.078841	2.832083
446.145008	2419.315473	9.344218	-0.078940	2.833868
446.538865	2422.980012	9.349223	-0.079011	2.835655
446.920294	2426.636554	9.354227	-0.079079	2.837436
447.679153	2430.192505	9.359232	-0.079216	2.839226
447.933885	2433.879534	9.364237	-0.079262	2.840999
448.382947	2437.554866	9.369242	-0.079343	2.842795
448.866161	2441.249297	9.374247	-0.079430	2.844604
449.313366	2444.929611	9.379251	-0.079510	2.846400
449.985862	2448.580864	9.384256	-0.079631	2.848216
450.385192	2452.295476	9.389261	-0.079703	2.850018
450.990138	2455.848222	9.394266	-0.079812	2.851775
451.551593	2459.441873	9.399271	-0.079913	2.853543
451.832239	2463.189316	9.404275	-0.079964	2.855339
452.396991	2466.824887	9.409280	-0.080065	2.857125
452.659570	2470.596658	9.414285	-0.080113	2.858926
453.284253	2474.310383	9.419290	-0.080225	2.860756
453.714127	2478.014978	9.424295	-0.080303	2.862550
453.979662	2481.888470	9.429299	-0.080351	2.864396
454.518250	2485.702922	9.434304	-0.080448	2.866255
454.771934	2489.639959	9.439309	-0.080494	2.868127
455.528383	2493.483682	9.444314	-0.080630	2.870031
456.080549	2497.142549	9.449319	-0.080729	2.871816
456.387450	2501.049162	9.454323	-0.080785	2.873678
456.814155	2504.996847	9.459328	-0.080861	2.875576
457.242459	2508.880805	9.464333	-0.080939	2.877443
457.814484	2512.799445	9.469338	-0.081042	2.879347
458.306991	2516.654837	9.474343	-0.081130	2.881209
458.553118	2520.675981	9.479347	-0.081175	2.883108
459.106034	2524.705199	9.484352	-0.081274	2.885056
459.432703	2528.728326	9.489357	-0.081333	2.886966
460.066253	2532.784091	9.494362	-0.081447	2.888936
460.809697	2536.665240	9.499367	-0.081581	2.890841
461.164509	2540.603021	9.504371	-0.081645	2.892712
461.770176	2544.527821	9.509376	-0.081754	2.894613
462.078758	2548.447669	9.514381	-0.081810	2.896466
462.665633	2552.419508	9.519386	-0.081915	2.898384
463.188568	2556.353528	9.524391	-0.082010	2.900274
463.629868	2560.291415	9.529395	-0.082089	2.902151
464.315228	2564.184286	9.534400	-0.082212	2.904044
464.913733	2567.978676	9.539405	-0.082320	2.905877
465.565034	2571.760371	9.544410	-0.082437	2.907711
466.102273	2575.516191	9.549415	-0.082534	2.909514
466.558097	2579.191629	9.554419	-0.082616	2.911267
467.238118	2582.921876	9.559424	-0.082738	2.913079
467.565382	2586.716778	9.564429	-0.082797	2.914865
468.032134	2590.440308	9.569434	-0.082881	2.916639
468.728507	2594.103830	9.574439	-0.083006	2.918418
469.250945	2597.814002	9.579443	-0.083100	2.920192
469.852426	2601.407663	9.584448	-0.083209	2.921923
470.301956	2605.039876	9.589453	-0.083290	2.923648
470.657860	2608.818800	9.594458	-0.083354	2.925424
471.328144	2612.436049	9.599463	-0.083474	2.927173
471.898591	2616.038412	9.604467	-0.083577	2.928900
472.374779	2619.681567	9.609472	-0.083663	2.930629
472.834233	2623.235753	9.614477	-0.083745	2.932315
473.293904	2626.947998	9.619482	-0.083828	2.934071
474.001108	2630.406998	9.624487	-0.083955	2.935748
474.353544	2634.076561	9.629491	-0.084019	2.937467
474.905243	2637.663220	9.634496	-0.084118	2.939177
475.335838	2641.234668	9.639501	-0.084196	2.940861
475.841934	2644.842864	9.644506	-0.084287	2.942572
476.787175	2648.291789	9.649511	-0.084456	2.944275
477.155103	2651.721489	9.654515	-0.084523	2.945882
477.677804	2655.213008	9.659520	-0.084617	2.947540
478.109157	2658.713752	9.664525	-0.084695	2.949187
478.330834	2662.294788	9.669530	-0.084735	2.950839
478.951719	2665.824939	9.674535	-0.084846	2.952525
479.333609	2669.485180	9.679539	-0.084915	2.954234
480.189661	2672.821956	9.684544	-0.085069	2.955866
480.525131	2676.346012	9.689549	-0.085129	2.957505
480.839314	2680.054382	9.694554	-0.085186	2.959222
481.345057	2683.543094	9.699559	-0.085277	2.960868
481.627162	2687.271251	9.704563	-0.085328	2.962588
482.214895	2690.951336	9.709568	-0.085434	2.964330
482.892704	2694.257907	9.714573	-0.085556	2.965917

483.177468	2697.536805	9.719578	-0.085607	2.967432
483.783526	2700.512611	9.724583	-0.085716	2.968857
484.122667	2703.389864	9.729587	-0.085777	2.970199
484.500579	2706.033931	9.734592	-0.085845	2.971441
484.859659	2708.548209	9.739597	-0.085910	2.972621
485.150306	2710.979307	9.744602	-0.085962	2.973754
485.680678	2713.171093	9.749607	-0.086058	2.974814
485.954362	2715.139982	9.754611	-0.086107	2.975736
486.408600	2717.030593	9.759616	-0.086189	2.976649
486.602991	2718.771408	9.764621	-0.086224	2.977457
486.825801	2720.501398	9.769626	-0.086264	2.978264
487.217545	2722.003261	9.774631	-0.086334	2.978994
487.356001	2723.489512	9.779635	-0.086359	2.979679
487.853390	2724.656352	9.784640	-0.086448	2.980273
488.044167	2725.717223	9.789645	-0.086483	2.980776
488.248707	2726.826183	9.794650	-0.086520	2.981301
488.588799	2727.721626	9.799655	-0.086581	2.981751
488.575678	2728.710367	9.804659	-0.086579	2.982192
488.927930	2729.449914	9.809664	-0.086642	2.982573
489.040709	2730.145842	9.814669	-0.086662	2.982901
489.172470	2730.836387	9.819674	-0.086686	2.983229
489.608215	2731.335331	9.824679	-0.086764	2.983515
489.731025	2731.568460	9.829683	-0.086786	2.983637
489.976592	2732.182401	9.834688	-0.086830	2.983947
489.967975	2732.189916	9.839693	-0.086829	2.983949
490.004035	2732.798610	9.844698	-0.086835	2.984226
490.456086	2732.750136	9.849703	-0.086916	2.984271
490.447747	2732.751272	9.854707	-0.086915	2.984270
490.694610	2732.681390	9.859712	-0.086959	2.984275
490.920493	2732.591066	9.864717	-0.087000	2.984267
490.793353	2732.636383	9.869722	-0.086977	2.984269
491.098529	2732.541270	9.874727	-0.087032	2.984271
491.109990	2732.533177	9.879731	-0.087034	2.984269
491.211881	2732.035838	9.884736	-0.087052	2.984062
491.420086	2731.725523	9.889741	-0.087089	2.983953
491.496213	2731.418987	9.894746	-0.087103	2.983827
491.480348	2731.031239	9.899751	-0.087100	2.983652
491.528529	2730.683499	9.904755	-0.087109	2.983504
491.617025	2730.234639	9.909760	-0.087125	2.983316
491.725259	2729.789871	9.914765	-0.087144	2.983133
491.655905	2729.548838	9.919770	-0.087132	2.983015
491.890338	2728.773894	9.924775	-0.087174	2.982703
491.904073	2728.322888	9.929779	-0.087176	2.982504
492.024187	2727.811501	9.934784	-0.087198	2.982293
492.245783	2727.068119	9.939789	-0.087238	2.981993
492.076703	2726.495752	9.944794	-0.087207	2.981712
492.155894	2725.864411	9.949799	-0.087222	2.981442
492.267881	2725.121224	9.954803	-0.087242	2.981126
492.270133	2724.403302	9.959808	-0.087242	2.980805
492.462154	2723.608417	9.964813	-0.087276	2.980478
492.386134	2722.918882	9.969818	-0.087263	2.980158
492.410246	2722.289000	9.974823	-0.087267	2.979880
492.349476	2721.546503	9.979827	-0.087256	2.979539
492.497617	2720.727804	9.984832	-0.087283	2.979194
492.696916	2719.818602	9.989837	-0.087318	2.978817
492.637520	2718.984546	9.994842	-0.087308	2.978435
492.596419	2718.111173	9.999847	-0.087300	2.978038
492.607180	2717.234305	10.004851	-0.087302	2.977647
492.843640	2716.368524	10.009856	-0.087345	2.977294
493.122801	2715.264434	10.014861	-0.087394	2.976840
493.014711	2714.193032	10.019866	-0.087375	2.976345
492.950009	2713.302863	10.024871	-0.087364	2.975937
492.930703	2712.221043	10.029875	-0.087360	2.975450
493.062124	2711.371168	10.034880	-0.087384	2.975088
493.099855	2710.215364	10.039885	-0.087390	2.974576
492.834848	2709.341461	10.044890	-0.087343	2.974146
492.621629	2708.568562	10.049895	-0.087305	2.973768
492.685395	2707.535719	10.054899	-0.087316	2.973314
492.761444	2706.718361	10.059904	-0.087330	2.972959
492.814382	2705.807666	10.064909	-0.087339	2.972559
492.690858	2704.891877	10.069914	-0.087317	2.972130
492.633122	2704.023722	10.074919	-0.087307	2.971732
492.665289	2703.182093	10.079923	-0.087312	2.971359
492.737111	2702.326961	10.084928	-0.087325	2.970986
492.685327	2701.445384	10.089933	-0.087316	2.970583
492.658623	2700.571764	10.094938	-0.087311	2.970187
492.624595	2699.876625	10.099943	-0.087305	2.969871
492.818679	2698.940362	10.104947	-0.087340	2.969479
492.761899	2697.952390	10.109952	-0.087330	2.969027
492.644668	2697.083688	10.114957	-0.087309	2.968620
492.548904	2696.320743	10.119962	-0.087291	2.968263
492.591882	2695.537033	10.124967	-0.087299	2.967918
492.689940	2694.672915	10.129971	-0.087317	2.967544
492.595800	2693.770747	10.134976	-0.087300	2.967125
492.607355	2692.928082	10.139981	-0.087302	2.966748
492.499488	2692.160560	10.144986	-0.087283	2.966388
492.444047	2691.439967	10.149991	-0.087273	2.966056
492.708061	2690.551459	10.154995	-0.087320	2.965695
492.773185	2689.604925	10.160000	-0.087332	2.965279
492.886048	2688.701289	10.165005	-0.087352	2.964890
492.780708	2687.829304	10.170010	-0.087333	2.964482
492.746953	2686.900794	10.175015	-0.087327	2.964060
492.737089	2685.963242	10.180019	-0.087325	2.963637
492.666381	2685.162950	10.185024	-0.087312	2.963267
492.699148	2684.320701	10.190029	-0.087318	2.962893
492.687647	2683.385443	10.195034	-0.087316	2.962470
492.850158	2682.447694	10.200039	-0.087345	2.962072
493.087281	2681.413586	10.205043	-0.087388	2.961642
492.832835	2680.408831	10.210048	-0.087342	2.961152
492.884634	2679.488150	10.215053	-0.087351	2.960745
492.789809	2678.629974	10.220058	-0.087334	2.960345
492.748275	2677.830797	10.225063	-0.087327	2.959979
492.796356	2676.924162	10.230067	-0.087335	2.959578
492.739977	2676.064199	10.235072	-0.087325	2.959182
492.712965	2675.084592	10.240077	-0.087320	2.958737
492.702505	2674.220293	10.245082	-0.087319	2.958346
492.748694	2673.368802	10.250087	-0.087327	2.957970
492.695215	2672.494521	10.255091	-0.087317	2.957568
492.513054	2671.678979	10.260096	-0.087285	2.957173
492.550394	2670.849405	10.265101	-0.087291	2.956805
492.554367	2670.087601	10.270106	-0.087292	2.956462
492.553790	2669.283059	10.275111	-0.087292	2.956099
492.627768	2668.463280	10.280115	-0.087305	2.955741
492.506805	2667.629014	10.285120	-0.087284	2.955347
492.500427	2666.931176	10.290125	-0.087282	2.955031
492.460275	2666.181465	10.295130	-0.087275	2.954687
492.333918	2665.498046	10.300135	-0.087253	2.954360
492.222651	2664.834691	10.305139	-0.087233	2.954045
492.399342	2664.049720	10.310144	-0.087264	2.953716
492.550450	2663.197780	10.315149	-0.087291	2.953354
492.392909	2662.502748	10.320154	-0.087263	2.953017
492.254832	2661.889275	10.325159	-0.087239	2.952720
492.061791	2661.271697	10.330163	-0.087204	2.952413
492.099017	2660.682008	10.335168	-0.087211	2.952152
492.201483	2659.985333	10.340173	-0.087229	2.951853
492.138248	2659.336625	10.345178	-0.087218	2.951551
492.089289	2658.782858	10.350183	-0.087209	2.951293
491.923756	2658.209167	10.355187	-0.087179	2.951010
491.942876	2657.621520	10.360192	-0.087183	2.950747
492.077515	2657.081872	10.365197	-0.087207	2.950524
492.083125	2656.552627	10.370202	-0.087208	2.950285
491.984603	2656.145195	10.375207	-0.087190	2.950087
492.026709	2655.517747	10.380211	-0.087198	2.949810
491.911906	2654.920211	10.385216	-0.087177	2.949523
492.161458	2654.282425	10.390221	-0.087222	2.949271
491.983376	2653.716735	10.395226	-0.087190	2.948989
491.890293	2653.252477	10.400231	-0.087174	2.948766
491.795171	2652.817929	10.405235	-0.087157	2.948555
491.843057	2652.190982	10.410240	-0.087165	2.948279
491.946532	2651.688843	10.415245	-0.087184	2.948067
491.876393	2651.244862	10.420250	-0.087171	2.947856
491.798229	2650.811823	10.425255	-0.087157	2.947649
491.808188	2650.145686	10.430259	-0.087159	2.947349
491.868346	2649.748962	10.435264	-0.087170	2.947179
491.870122	2649.322339	10.440269	-0.087170	2.946986
491.803017	2648.671881	10.445274	-0.087158	2.946682
491.795247	2648.248451	10.450279	-0.087157	2.946490
491.751690	2647.923003	10.455283	-0.087149	2.946336
491.897150	2647.271509	10.460288	-0.087175	2.946063
491.833023	2646.729987	10.465293	-0.087164	2.945808
491.679234	2646.438592	10.470298	-0.087136	2.945654
491.660254	2645.981727	10.475303	-0.087133	2.945444
491.749440	2645.559884	10.480307	-0.087149	2.945267
491.804857	2645.236014	10.485312	-0.087159	2.945128
491.825313	2644.610462	10.490317	-0.087163	2.944848
491.625418	2644.201851	10.495322	-0.087127	2.944634
491.739547	2643.904360	10.500327	-0.087147	2.944516
491.871519	2643.202471	10.505331	-0.087171	2.944218
491.748013	2642.807597	10.510336	-0.087149	2.944021
491.685805	2642.483024	10.515341	-0.087138	2.943865
491.573829	2641.898985	10.520346	-0.087118	2.943584
491.687345	2641.620394	10.525351	-0.087138	2.943475
491.639717	2641.190477	10.530355	-0.087130	2.943273
491.594382	2640.757773	10.535360	-0.087122	2.943070
491.816337	2640.357593	10.540365	-0.087162	2.942922
491.768459	2639.817571	10.545370	-0.087153	2.942670
491.840839	2639.334045	10.550375	-0.087166	2.942462
491.750079	2638.977654	10.555379	-0.087150	2.942287
491.615210	2638.456568	10.560384	-0.087126	2.942031
491.774895	2637.972137	10.565389	-0.087154	2.941836
491.555231	2637.759973	10.570394	-0.087115	2.941707
491.610081	2637.154885	10.575399	-0.087125	2.941441
491.680937	2636.900059	10.580403	-0.087138	2.941336
491.676266	2636.334494	10.585408	-0.087137	2.941079
491.665567	2635.966559	10.590413	-0.087135	2.940911
491.649364	2635.671387	10.595418	-0.087132	2.940775
491.497598	2635.138917	10.600423	-0.087105	2.940511
491.558168	2635.010108	10.605427	-0.087116	2.940462
491.492233	2634.558414	10.610432	-0.087104	2.940247
491.662880	2634.383261	10.615437	-0.087135	2.940193
491.612575	2633.727506	10.620442	-0.087126	2.939888
491.677374	2633.477532	10.625447	-0.087137	2.939785
491.628551	2633.041001	10.630451	-0.087129	2.939580
491.690411	2632.549688	10.635456	-0.087140	2.939366
491.712758	2632.261331	10.640461	-0.087144	2.939239
491.831835	2631.594403	10.645466	-0.087165	2.938954
491.612484	2631.246858	10.650471	-0.087126	2.938764
491.682839	2630.928390	10.655475	-0.087139	2.938630
491.533357	2630.327485	10.660480	-0.087112	2.938335
491.487249	2630.296984	10.665485	-0.087104	2.938315
491.571119	2629.601868	10.670490	-0.087119	2.938012
491.717027	2629.400479	10.675495	-0.087145	2.937942
491.767638	2628.853934	10.680499	-0.087154	2.937702
491.779383	2628.363498	10.685504	-0.087156	2.937481
491.689538	2628.024685	10.690509	-0.087140	2.937314
491.687470	2627.478992	10.695514	-0.087140	2.937066
491.737168	2627.069091	10.700519	-0.087149	2.936888
491.582802	2626.823014	10.705523	-0.087121	2.936753
491.599129	2626.173744	10.710528	-0.087124	2.936461
491.492896	2626.110700	10.715533	-0.087105	2.936416
491.583288	2625.446189	10.720538	-0.087121	2.936128
491.409435	2625.460313	10.725543	-0.087090	2.936109
491.547511	2624.763750	10.730547	-0.087115	2.935813
491.421346	2624.740262	10.735552	-0.087093	2.935784
491.530270	2624.088379	10.740557	-0.087112	2.935504
491.302723	2624.152416	10.745562	-0.087072	2.935500
491.295349	2623.709171	10.750567	-0.087070	2.935297
491.405709	2623.576604	10.755571	-0.087090	2.935254
491.262031	2623.409010	10.760576	-0.087064	2.935156
491.183469	2622.921774	10.765581	-0.087050	2.934923
491.230538	2622.916489	10.770586	-0.087059	2.934928
491.348474	2622.634359	10.775591	-0.087080	2.934817
491.468483	2622.116499	10.780595	-0.087102	2.934600
491.361720	2622.109370	10.785600	-0.087083	2.934581
491.349032	2621.466648	10.790605	-0.087080	2.934287
491.318106	2621.482787	10.795610	-0.087075	2.934290
491.395194	2621.049162	10.800615	-0.087089	2.934105
491.492525	2620.755979	10.805619	-0.087106	2.933986
491.447443	2620.350738	10.810624	-0.087098	2.933795
491.344904	2620.072219	10.815629	-0.087080	2.933653
491.435161	2619.913304	10.820634	-0.087096	2.933595
491.450146	2619.390886	10.825639	-0.087099	2.933360
491.471684	2619.321822	10.830643	-0.087103	2.933332
491.428328	2618.709343	10.835648	-0.087095	2.933047
491.530410	2618.639998	10.840653	-0.087113	2.933031
491.292717	2618.085081	10.845658	-0.087071	2.932743
491.300962	2618.076020	10.850663	-0.087073	2.932740
491.462193	2617.643192	10.855667	-0.087101	2.932568
491.390698	2617.343649	10.860672	-0.087089	2.932421
491.459531	2617.018053	10.865677	-0.087101	2.932283
491.212565	2616.701881	10.870682	-0.087057	2.932103
491.113769	2616.764296	10.875687	-0.087039	2.932117
491.306410	2616.486052	10.880691	-0.087074	2.932019
491.235423	2616.005820	10.885696	-0.087061	2.931790
491.234512	2615.990150	10.890701	-0.087061	2.931783
491.187061	2615.697236	10.895706	-0.087053	2.931643
491.072113	2615.383893	10.900711	-0.087032	2.931483
491.264113	2615.322162	10.905715	-0.087067	2.931484
491.446667	2615.041771	10.910720	-0.087099	2.931383
491.386575	2614.578673	10.915725	-0.087089	2.931164
491.202979	2614.645536	10.920730	-0.087056	2.931167
491.040373	2614.328653	10.925735	-0.087027	2.930999
491.246440	2613.957532	10.930739	-0.087064	2.930861
491.167188	2613.988823	10.935744	-0.087050	2.930863
491.282318	2613.742243	10.940749	-0.087070	2.930768
491.315882	2613.243059	10.945754	-0.087076	2.930546
491.100972	2613.328428	10.950759	-0.087038	2.930553
491.123919	2613.271999	10.955763	-0.087042	2.930531
490.917224	2612.838576	10.960768	-0.087005	2.930303
491.066734	2612.790760	10.965773	-0.087032	2.930304
491.000637	2612.803329	10.970778	-0.087020	2.930300
490.909926	2612.845240	10.975783	-0.087004	2.930305
491.110763	2612.777854	10.980787	-0.087040	2.930305
491.155699	2612.158363	10.985792	-0.087048	2.930030
491.052709	2612.057452	10.990797	-0.087030	2.929969
490.941608	2612.092324	10.995802	-0.087010	2.929968
490.917432	2612.126148	11.000807	-0.087006	2.929980
491.119530	2612.048738	11.005811	-0.087042	2.929975
491.219487	2611.353640	11.010816	-0.087060	2.929674
491.258282	2611.327022	11.015821	-0.087067	2.929667
491.129357	2611.350586	11.020826	-0.087044	2.929659
490.935492	2611.051703	11.025831	-0.087010	2.929494
491.008781	2610.670743	11.030835	-0.087023	2.929332
491.103022	2610.662307	11.035840	-0.087040	2.929342
491.011245	2610.669580	11.040845	-0.087023	2.929332
491.127685	2610.654552	11.045850	-0.087044	2.929342
491.014639	2610.117925	11.050855	-0.087024	2.929081
491.132928	2609.955486	11.055859	-0.087045	2.929025
491.407711	2609.885792	11.060864	-0.087095	2.929034
491.161318	2609.607644	11.065869	-0.087051	2.928871
491.120832	2609.258574	11.070874	-0.087043	2.928706
490.907069	2609.341521	11.075879	-0.087005	2.928712
491.135183	2609.257629	11.080883	-0.087046	2.928708
491.017492	2609.047064	11.085888	-0.087025	2.928595
490.942957	2608.649528	11.090893	-0.087012	2.928403
491.197160	2608.534445	11.095898	-0.087058	2.928389
491.106387	2608.587352	11.100903	-0.087041	2.928399
491.335034	2608.287248	11.105907	-0.087082	2.928297
491.259101	2607.862094	11.110912	-0.087069	2.928092
491.038697	2607.928023	11.115917	-0.087029	2.928089
491.202195	2607.761765	11.120922	-0.087059	2.928038
491.122182	2607.244052	11.125927	-0.087045	2.927790
491.202769	2607.187276	11.130931	-0.087059	2.927777
491.090134	2607.232951	11.135936	-0.087039	2.927781
491.144808	2607.035195	11.140941	-0.087049	2.927699
491.214310	2606.455485	11.145946	-0.087061	2.927445
491.167549	2606.501496	11.150951	-0.087053	2.927459
491.104736	2606.497237	11.155955	-0.087042	2.927448
490.978377	2605.971529	11.160960	-0.087019	2.927190
490.852731	2605.906303	11.165965	-0.086997	2.927142
491.004748	2605.860380	11.170970	-0.087024	2.927143
491.054214	2605.858374	11.175975	-0.087033	2.927150
490.909316	2605.874186	11.180979	-0.087007	2.927136
491.052815	2605.844082	11.185984	-0.087033	2.927143
491.030711	2605.175251	11.190989	-0.087029	2.926836
491.185026	2605.117603	11.195994	-0.087057	2.926833
491.141285	2605.133830	11.200999	-0.087049	2.926833
490.957479	2605.189142	11.206003	-0.087016	2.926831
490.962015	2604.870116	11.211008	-0.087017	2.926687
490.821818	2604.558827	11.216013	-0.086992	2.926524
491.036296	2604.480758	11.221018	-0.087031	2.926521
490.990201	2604.508723	11.226023	-0.087022	2.926527
490.955469	2604.508972	11.231027	-0.087016	2.926522
491.070985	2604.489409	11.236032	-0.087037	2.926530
490.991462	2603.973194	11.241037	-0.087023	2.926283
491.219215	2603.705044	11.246042	-0.087064	2.926195
491.108876	2603.741061	11.251047	-0.087044	2.926195
491.089534	2603.723928	11.256051	-0.087041	2.926184
491.109708	2603.189463	11.261056	-0.087044	2.925944
490.953746	2603.119845	11.266061	-0.087017	2.925889
491.164296	2603.043744	11.271066	-0.087054	2.925886
491.174972	2603.066789	11.276071	-0.087056	2.925898
490.980450	2602.695309	11.281075	-0.087022	2.925700
491.187689	2602.361977	11.286080	-0.087059	2.925579
491.001744	2602.435135	11.291085	-0.087026	2.925585
491.185566	2602.369856	11.296090	-0.087059	2.925582
491.044503	2602.127506	11.301095	-0.087033	2.925451
490.797576	2601.910997	11.306099	-0.086989	2.925316
491.102195	2601.832117	11.311104	-0.087044	2.925325
490.968076	2601.875257	11.316109	-0.087020	2.925325
491.183860	2601.800174	11.321114	-0.087059	2.925323
491.227210	2601.265794	11.326119	-0.087066	2.925086
490.922567	2601.158000	11.331123	-0.087012	2.924991
491.028930	2601.127035	11.336128	-0.087031	2.924993
491.114513	2601.100148	11.341133	-0.087047	2.924994
491.153080	2600.854409	11.346138	-0.087053	2.924888
491.324109	2600.367942	11.351143	-0.087084	2.924692
491.180299	2600.388922	11.356147	-0.087059	2.924680
491.264186	2600.059158	11.361152	-0.087074	2.924542
491.062994	2599.711313	11.366157	-0.087038	2.924354
490.985099	2599.750393	11.371162	-0.087024	2.924360
491.016034	2599.735271	11.376167	-0.087029	2.924358
491.055591	2599.711155	11.381171	-0.087037	2.924353
491.301453	2599.046804	11.386176	-0.087081	2.924087
491.268568	2598.977978	11.391181	-0.087075	2.924051
491.472468	2598.664360	11.396186	-0.087111	2.923938
491.290507	2598.265101	11.401191	-0.087079	2.923729
491.201935	2598.289197	11.406195	-0.087063	2.923727
491.120721	2597.929491	11.411200	-0.087049	2.923551
490.927915	2597.676267	11.416205	-0.087014	2.923406
491.128425	2597.608916	11.421210	-0.087050	2.923406
491.231340	2597.596188	11.426215	-0.087069	2.923415
491.125687	2597.247967	11.431219	-0.087050	2.923241
491.298823	2596.867831	11.436224	-0.087081	2.923094
491.008916	2596.975809	11.441229	-0.087029	2.923100
491.173591	2596.920216	11.446234	-0.087059	2.923099
491.131634	2596.335504	11.451239	-0.087051	2.922826
491.062908	2596.286008	11.456243	-0.087039	2.922793
491.150654	2596.285781	11.461248	-0.087055	2.922806
491.070208	2596.309954	11.466253	-0.087040	2.922805
491.252877	2595.553697	11.471258	-0.087073	2.922488
491.241379	2595.549080	11.476263	-0.087071	2.922484
490.947995	2595.637673	11.481267	-0.087019	2.922481
491.088571	2595.341535	11.486272	-0.087044	2.922367
490.964968	2594.930230	11.491277	-0.087022	2.922161
490.953352	2594.937287	11.496282	-0.087020	2.922162
491.274074	2594.835938	11.501287	-0.087077	2.922164
491.164405	2594.772526	11.506291	-0.087058	2.922119
491.085286	2594.224851	11.511296	-0.087044	2.921857
490.847482	2594.295894	11.516301	-0.087001	2.921854
491.016619	2594.253196	11.521306	-0.087032	2.921860
491.129487	2594.200228	11.526311	-0.087052	2.921853
491.045453	2594.051774	11.531315	-0.087037	2.921773
491.132102	2593.515435	11.536320	-0.087053	2.921541
491.006005	2593.549127	11.541325	-0.087030	2.921538
490.901334	2593.590839	11.546330	-0.087011	2.921541
491.017515	2593.557310	11.551335	-0.087032	2.921543
490.925623	2593.571562	11.556339	-0.087016	2.921536
490.972889	2592.974305	11.561344	-0.087024	2.921271
491.025220	2592.851587	11.566349	-0.087034	2.921223
491.144359	2592.798612	11.571354	-0.087055	2.921216
491.238595	2592.796915	11.576359	-0.087072	2.921230
491.132223	2592.230317	11.581363	-0.087053	2.920955
491.014032	2592.188906	11.586368	-0.087032	2.920919
491.045568	2592.170849	11.591373	-0.087038	2.920915
491.099452	2592.168715	11.596378	-0.087048	2.920923
491.390256	2591.570960	11.601383	-0.087100	2.920693
491.297621	2591.400095	11.606387	-0.087083	2.920602
491.403661	2591.207096	11.611392	-0.087102	2.920530
491.190283	2590.896692	11.616397	-0.087064	2.920356
491.062008	2590.925639	11.621402	-0.087041	2.920350
491.129733	2590.936737	11.626407	-0.087053	2.920365
491.165628	2590.457651	11.631411	-0.087060	2.920152
491.402039	2590.128856	11.636416	-0.087102	2.920037
491.170788	2590.188202	11.641421	-0.087061	2.920030
491.013623	2589.733588	11.646426	-0.087033	2.919799
491.077249	2589.523785	11.651431	-0.087044	2.919713
491.108521	2589.493508	11.656435	-0.087050	2.919704
491.131569	2589.526790	11.661440	-0.087054	2.919722
491.004385	2589.167001	11.666445	-0.087032	2.919539
490.694850	2588.958742	11.671450	-0.086976	2.919398
490.785656	2588.949255	11.676455	-0.086993	2.919407
490.624667	2588.973231	11.681459	-0.086964	2.919394
491.110864	2588.833211	11.686464	-0.087051	2.919403
490.867774	2588.900559	11.691469	-0.087008	2.919397
490.766659	2588.926067	11.696474	-0.086990	2.919394
490.923582	2588.881876	11.701479	-0.087018	2.919397
490.921246	2588.875628	11.706483	-0.087017	2.919394
490.989977	2588.851512	11.711488	-0.087030	2.919394
491.019928	2588.293176	11.716493	-0.087035	2.919143
490.836104	2588.219374	11.721498	-0.087002	2.919082
490.886831	2588.207322	11.726503	-0.087012	2.919084
490.715461	2588.259324	11.731507	-0.086981	2.919082
490.952559	2588.195635	11.736512	-0.087024	2.919089
490.993311	2588.177288	11.741517	-0.087031	2.919087
490.840859	2588.235383	11.746522	-0.087004	2.919091
490.815552	2588.247618	11.751527	-0.086999	2.919092
490.678549	2588.281497	11.756531	-0.086975	2.919087
490.848017	2588.233866	11.761536	-0.087005	2.919091
490.859980	2587.976814	11.766541	-0.087008	2.918976
490.725797	2587.566116	11.771546	-0.086984	2.918768
490.772585	2587.573129	11.776551	-0.086992	2.918778
490.612191	2587.603074	11.781555	-0.086963	2.918768
490.833912	2587.538277	11.786560	-0.087003	2.918772
490.807686	2587.538510	11.791565	-0.086999	2.918768
490.895180	2587.508912	11.796570	-0.087014	2.918768
490.820566	2587.535975	11.801575	-0.087001	2.918769
490.775085	2587.545266	11.806579	-0.086993	2.918767
490.829303	2587.532750	11.811584	-0.087003	2.918769
490.795658	2587.537471	11.816589	-0.086997	2.918766
490.681945	2587.563704	11.821594	-0.086977	2.918761
490.814097	2587.538578	11.826599	-0.087000	2.918770
490.910163	2587.493861	11.831603	-0.087018	2.918764
491.000709	2587.468046	11.836608	-0.087034	2.918766
490.963528	2587.225795	11.841613	-0.087027	2.918649
490.830573	2586.853021	11.846618	-0.087004	2.918459
490.868640	2586.854010	11.851623	-0.087011	2.918466
490.771995	2586.880791	11.856627	-0.086993	2.918463
491.006046	2586.807839	11.861632	-0.087035	2.918465
491.199476	2586.728408	11.866637	-0.087070	2.918458
490.971217	2586.796368	11.871642	-0.087029	2.918455
490.974503	2586.393908	11.876647	-0.087030	2.918272
490.877782	2586.140505	11.881651	-0.087013	2.918141
490.955299	2586.107347	11.886656	-0.087027	2.918138
491.012842	2586.096469	11.891661	-0.087037	2.918142
490.602562	2586.235842	11.896666	-0.086964	2.918144
490.941551	2586.134567	11.901671	-0.087025	2.918149
490.935798	2586.102791	11.906675	-0.087024	2.918133
491.006096	2586.098658	11.911680	-0.087036	2.918142
490.924223	2585.511685	11.916685	-0.087022	2.917862
490.932043	2585.487754	11.921690	-0.087023	2.917852
490.861524	2585.506641	11.926695	-0.087011	2.917850
490.746013	2585.531424	11.931699	-0.086990	2.917844
490.873475	2585.507827	11.936704	-0.087013	2.917853
490.779725	2585.528195	11.941709	-0.086996	2.917848
490.757475	2585.536693	11.946714	-0.086992	2.917849
490.967526	2585.472299	11.951719	-0.087030	2.917851
490.992477	2585.434541	11.956723	-0.087035	2.917837
490.868223	2585.095928	11.961728	-0.087012	2.917664
490.886249	2584.746814	11.966733	-0.087016	2.917507
490.881228	2584.759218	11.971738	-0.087015	2.917512
490.800335	2584.797914	11.976743	-0.087001	2.917518
490.781154	2584.784222	11.981747	-0.086997	2.917509
490.853419	2584.776020	11.986752	-0.087010	2.917516
490.765866	2584.823736	11.991757	-0.086995	2.917525
490.579717	2584.876511	11.996762	-0.086961	2.917521
490.677794	2584.842064	12.001767	-0.086979	2.917520
490.766558	2584.788812	12.006771	-0.086995	2.917509
490.652879	2584.845110	12.011776	-0.086975	2.917518
490.760722	2584.804039	12.016781	-0.086994	2.917516
490.656002	2584.837580	12.021786	-0.086976	2.917515
490.778711	2584.825105	12.026791	-0.086998	2.917528
490.909748	2584.757966	12.031795	-0.087021	2.917517
490.866660	2584.775360	12.036800	-0.087014	2.917519
490.812922	2584.816067	12.041805	-0.087004	2.917529
490.758065	2584.819561	12.046810	-0.086994	2.917523
490.893617	2584.768021	12.051815	-0.087019	2.917520
491.050442	2584.241460	12.056819	-0.087047	2.917303
490.974232	2584.055204	12.061824	-0.087033	2.917206
490.838037	2584.103869	12.066829	-0.087009	2.917208
490.870889	2584.075818	12.071834	-0.087015	2.917200
490.900815	2584.099286	12.076839	-0.087020	2.917216
490.915436	2584.095671	12.081843	-0.087023	2.917216
490.998570	2584.062717	12.086848	-0.087038	2.917214
490.911278	2583.817255	12.091853	-0.087023	2.917088
490.988825	2583.351647	12.096858	-0.087036	2.916887
490.921407	2583.381133	12.101863	-0.087024	2.916891
491.055059	2583.317234	12.106867	-0.087048	2.916882
490.987302	2583.364593	12.111872	-0.087036	2.916893
490.989441	2583.354149	12.116877	-0.087037	2.916889
490.880011	2583.027190	12.121882	-0.087017	2.916723
490.810957	2582.745731	12.126887	-0.087005	2.916584
490.874570	2582.710308	12.131891	-0.087017	2.916578
490.923544	2582.710433	12.136896	-0.087025	2.916585
491.193501	2582.602433	12.141901	-0.087074	2.916576
490.911563	2582.700353	12.146906	-0.087023	2.916579
490.806735	2582.733251	12.151911	-0.087005	2.916578
491.038698	2582.370663	12.156915	-0.087046	2.916447
491.027318	2581.962368	12.161920	-0.087044	2.916259
491.170066	2581.914604	12.166925	-0.087070	2.916259
491.076745	2581.945089	12.171930	-0.087053	2.916259
491.142063	2581.810757	12.176935	-0.087065	2.916207
491.092234	2581.253960	12.181939	-0.087056	2.915945
491.295178	2581.215096	12.186944	-0.087093	2.915958
491.270845	2581.160768	12.191949	-0.087088	2.915930
490.981278	2580.626127	12.196954	-0.087037	2.915642
491.059150	2580.632454	12.201959	-0.087051	2.915657
491.075918	2580.600818	12.206963	-0.087054	2.915645
491.099483	2580.595628	12.211968	-0.087058	2.915646
491.088132	2580.146469	12.216973	-0.087056	2.915439
490.873082	2580.120005	12.221978	-0.087018	2.915395
490.821472	2580.159320	12.226983	-0.087009	2.915405
490.864429	2580.108838	12.231987	-0.087016	2.915389
490.995110	2580.082102	12.236992	-0.087040	2.915396
491.060949	2580.060288	12.241997	-0.087052	2.915396
490.988314	2579.753520	12.247002	-0.087039	2.915245
490.951065	2579.376428	12.252007	-0.087032	2.915067
491.010641	2579.343017	12.257011	-0.087043	2.915061
491.194072	2579.290065	12.262016	-0.087076	2.915064
491.098359	2579.311785	12.267021	-0.087059	2.915060
490.969824	2578.855493	12.272026	-0.087036	2.914832
490.984574	2578.668884	12.277031	-0.087039	2.914749
490.921305	2578.692231	12.282035	-0.087027	2.914750
491.173903	2578.610400	12.287040	-0.087073	2.914751
491.215408	2578.529683	12.292045	-0.087080	2.914720
491.080312	2577.943187	12.297050	-0.087056	2.914432
491.160365	2577.948096	12.302055	-0.087070	2.914446
491.150737	2577.919684	12.307059	-0.087069	2.914432
491.172817	2577.622849	12.312064	-0.087073	2.914299
491.167030	2577.249192	12.317069	-0.087072	2.914128
491.172345	2577.218602	12.322074	-0.087073	2.914114
491.064537	2577.301635	12.327079	-0.087054	2.914136
491.003428	2576.732580	12.332083	-0.087043	2.913867
491.194046	2576.540767	12.337088	-0.087077	2.913808
491.152488	2576.554250	12.342093	-0.087070	2.913808
491.185793	2576.502862	12.347098	-0.087076	2.913789
491.268991	2575.831851	12.352103	-0.087091	2.913495
491.252873	2575.804902	12.357107	-0.087088	2.913480
491.295757	2575.545670	12.362112	-0.087095	2.913368
490.830681	2575.283548	12.367117	-0.087012	2.913178
490.641475	2575.340795	12.372122	-0.086979	2.913176
490.664658	2575.337772	12.377127	-0.086983	2.913178
490.706947	2575.305271	12.382131	-0.086991	2.913170
490.915693	2575.235104	12.387136	-0.087028	2.913169
490.756520	2575.313180	12.392141	-0.087000	2.913181
490.664956	2575.326046	12.397146	-0.086983	2.913173
490.639383	2575.330182	12.402151	-0.086979	2.913172
490.751534	2575.286995	12.407155	-0.086999	2.913169
490.830785	2575.269633	12.412160	-0.087013	2.913173
490.812353	2575.277562	12.417165	-0.087010	2.913174
490.681681	2575.303967	12.422170	-0.086987	2.913166
490.778591	2575.299221	12.427175	-0.087004	2.913179
490.846026	2575.257089	12.432179	-0.087016	2.913170
490.855454	2575.272915	12.437184	-0.087018	2.913178
490.870948	2575.269008	12.442189	-0.087021	2.913179
490.820834	2575.273707	12.447194	-0.087012	2.913174
490.813303	2575.288968	12.452199	-0.087011	2.913180
491.036710	2574.918566	12.457203	-0.087051	2.913044
490.918835	2574.581240	12.462208	-0.087030	2.912872
490.868762	2574.606393	12.467213	-0.087021	2.912876
490.714792	2574.651377	12.472218	-0.086994	2.912873
490.936087	2574.572306	12.477223	-0.087033	2.912871
490.971989	2574.549410	12.482227	-0.087040	2.912866
490.939688	2574.581682	12.487232	-0.087034	2.912876
490.924318	2574.576324	12.492237	-0.087031	2.912871
491.223300	2573.981231	12.497242	-0.087085	2.912644
491.454332	2573.703184	12.502247	-0.087126	2.912551
491.328545	2573.528813	12.507251	-0.087104	2.912453
491.025229	2573.160459	12.512256	-0.087050	2.912238
491.125933	2573.111483	12.517261	-0.087068	2.912231
491.088131	2573.135329	12.522266	-0.087061	2.912237
491.326413	2572.782626	12.527271	-0.087104	2.912111
491.128888	2572.415009	12.532275	-0.087069	2.911913
490.997599	2572.466867	12.537280	-0.087045	2.911917
491.140129	2572.417777	12.542285	-0.087071	2.911916
490.968173	2571.981776	12.547290	-0.087040	2.911691
491.094393	2571.783936	12.552295	-0.087063	2.911619
491.029065	2571.788875	12.557299	-0.087051	2.911612
490.918132	2571.817674	12.562304	-0.087031	2.911608
491.009860	2571.815291	12.567309	-0.087048	2.911621
490.985763	2571.578920	12.572314	-0.087044	2.911509
491.253473	2571.020912	12.577319	-0.087092	2.911294
491.205548	2571.015357	12.582323	-0.087083	2.911285
491.121821	2571.050895	12.587328	-0.087068	2.911288
490.973366	2570.462744	12.592333	-0.087042	2.910997
490.711785	2570.535637	12.597338	-0.086995	2.910991
490.864678	2570.484496	12.602343	-0.087022	2.910991
490.942033	2570.448653	12.607347	-0.087036	2.910986
490.921355	2570.470956	12.612352	-0.087033	2.910993
491.041580	2570.423059	12.617357	-0.087054	2.910989
490.949580	2570.437457	12.622362	-0.087038	2.910982
491.023243	2570.066732	12.627367	-0.087051	2.910824
490.902492	2569.787913	12.632371	-0.087030	2.910678
490.964239	2569.769473	12.637376	-0.087041	2.910679
490.965436	2569.779127	12.642381	-0.087041	2.910683
491.021515	2569.757097	12.647386	-0.087051	2.910682
491.108572	2569.649895	12.652391	-0.087067	2.910646
491.233742	2569.160704	12.657395	-0.087089	2.910441
491.057226	2569.240393	12.662400	-0.087058	2.910451
490.993046	2569.241556	12.667405	-0.087046	2.910442
491.004023	2569.225499	12.672410	-0.087049	2.910436
490.983708	2568.805320	12.677415	-0.087045	2.910241
490.982651	2568.530819	12.682419	-0.087045	2.910115
490.812644	2568.582469	12.687424	-0.087014	2.910113
490.828296	2568.586003	12.692429	-0.087017	2.910117
490.826667	2568.582953	12.697434	-0.087017	2.910115
490.870415	2568.570431	12.702439	-0.087025	2.910116
490.909544	2568.534210	12.707443	-0.087032	2.910106
490.821076	2568.565857	12.712448	-0.087016	2.910107
491.011003	2568.347137	12.717453	-0.087051	2.910036
490.904033	2567.856705	12.722458	-0.087031	2.909795
490.940512	2567.866336	12.727463	-0.087038	2.909805
490.917630	2567.843018	12.732467	-0.087034	2.909791
491.007995	2567.840376	12.737472	-0.087050	2.909803
491.056981	2567.823403	12.742477	-0.087059	2.909803
491.028057	2567.626936	12.747482	-0.087054	2.909709
490.982918	2567.146889	12.752487	-0.087046	2.909482
490.945249	2567.136616	12.757491	-0.087039	2.909472
490.987678	2567.138154	12.762496	-0.087047	2.909479
491.210988	2567.062475	12.767501	-0.087087	2.909478
491.124943	2566.670871	12.772506	-0.087072	2.909286
490.846514	2566.507463	12.777511	-0.087022	2.909169
490.961980	2566.481565	12.782515	-0.087043	2.909174
490.889220	2566.508047	12.787520	-0.087030	2.909176
491.148308	2566.425365	12.792525	-0.087076	2.909177
491.108393	2566.194405	12.797530	-0.087069	2.909065
491.026199	2565.754589	12.802535	-0.087055	2.908851
490.881952	2565.777341	12.807539	-0.087029	2.908840
490.966051	2565.767890	12.812544	-0.087044	2.908849
490.945178	2565.755504	12.817549	-0.087040	2.908840
490.783127	2565.814768	12.822554	-0.087011	2.908843
490.859763	2565.794147	12.827559	-0.087025	2.908845
490.984769	2565.695620	12.832563	-0.087048	2.908819
490.862978	2565.108795	12.837568	-0.087026	2.908531
491.074228	2565.045929	12.842573	-0.087064	2.908534
490.967981	2565.080024	12.847578	-0.087045	2.908534
490.856174	2565.111181	12.852583	-0.087025	2.908532
490.843965	2565.108208	12.857587	-0.087023	2.908529
490.806541	2565.136691	12.862592	-0.087016	2.908536
490.872102	2565.122436	12.867597	-0.087028	2.908539
490.839499	2565.118680	12.872602	-0.087022	2.908533
490.918757	2564.702805	12.877607	-0.087037	2.908354
491.039898	2564.359671	12.882611	-0.087058	2.908215
490.868347	2564.435688	12.887616	-0.087028	2.908224
490.876488	2564.420571	12.892621	-0.087029	2.908219
490.776186	2564.452032	12.897626	-0.087012	2.908218
490.787458	2564.482201	12.902631	-0.087014	2.908234
491.064142	2564.346037	12.907635	-0.087063	2.908213
490.980425	2564.367954	12.912640	-0.087048	2.908211
490.885726	2563.797549	12.917645	-0.087031	2.907935
491.001552	2563.724528	12.922650	-0.087052	2.907919
490.901460	2563.768179	12.927655	-0.087034	2.907924
491.076007	2563.709889	12.932659	-0.087066	2.907924
491.121118	2563.696230	12.937664	-0.087074	2.907924
491.132496	2563.263269	12.942669	-0.087076	2.907728
491.032949	2562.995535	12.947674	-0.087058	2.907590
490.892799	2563.085054	12.952679	-0.087033	2.907610
491.018598	2563.022373	12.957683	-0.087056	2.907600
490.972519	2563.027143	12.962688	-0.087048	2.907596
490.842593	2563.078569	12.967693	-0.087025	2.907600
490.945087	2562.576863	12.972698	-0.087043	2.907385
490.779546	2562.402377	12.977703	-0.087013	2.907280
490.817123	2562.402090	12.982707	-0.087020	2.907286
490.725926	2562.437369	12.987712	-0.087004	2.907288
490.796241	2562.409967	12.992717	-0.087017	2.907287
490.547149	2562.482224	12.997722	-0.086972	2.907282
490.698519	2562.424746	13.002727	-0.086999	2.907279
490.748541	2562.407427	13.007731	-0.087008	2.907278
490.689208	2562.417241	13.012736	-0.086998	2.907274
490.678508	2562.441010	13.017741	-0.086996	2.907283
490.711679	2562.424470	13.022746	-0.087002	2.907281
490.546287	2562.504590	13.027751	-0.086973	2.907293
490.780625	2562.411639	13.032755	-0.087015	2.907286
490.696571	2562.447291	13.037760	-0.087000	2.907289
490.811617	2562.397680	13.042765	-0.087020	2.907284
490.896336	2562.359411	13.047770	-0.087036	2.907279
490.904743	2562.353062	13.052775	-0.087037	2.907278
490.862360	2562.377045	13.057779	-0.087030	2.907283
490.913155	2562.345853	13.062784	-0.087039	2.907276
490.789276	2562.406185	13.067789	-0.087017	2.907285
490.896745	2562.352259	13.072794	-0.087036	2.907277
490.923967	2562.343123	13.077799	-0.087041	2.907277
490.844708	2561.683414	13.082803	-0.087027	2.906962
490.793047	2561.718619	13.087808	-0.087018	2.906971
490.831445	2561.713294	13.092813	-0.087025	2.906974
490.890317	2561.673998	13.097818	-0.087035	2.906965
490.706017	2561.733789	13.102823	-0.087003	2.906965
490.890483	2561.682438	13.107827	-0.087036	2.906969
490.780366	2561.714413	13.112832	-0.087016	2.906967
490.637406	2561.766727	13.117837	-0.086991	2.906970
490.881196	2561.647516	13.122842	-0.087034	2.906952
490.698015	2561.744383	13.127847	-0.087002	2.906969
490.892858	2561.671235	13.132851	-0.087037	2.906965
490.871317	2561.679508	13.137856	-0.087033	2.906965
490.729511	2561.719187	13.142861	-0.087008	2.906962
490.808494	2561.695060	13.147866	-0.087022	2.906963
490.709972	2561.756579	13.152871	-0.087004	2.906977
490.782769	2561.688192	13.157875	-0.087017	2.906956
490.922814	2561.372333	13.162880	-0.087042	2.906833
490.849665	2561.019767	13.167885	-0.087029	2.906660
490.934814	2560.990886	13.172890	-0.087045	2.906660
490.767971	2561.040851	13.177895	-0.087015	2.906658
490.815485	2561.023675	13.182899	-0.087024	2.906657
490.804361	2561.029200	13.187904	-0.087022	2.906658
490.849837	2561.040605	13.192909	-0.087030	2.906670
491.057878	2560.964472	13.197914	-0.087067	2.906667
491.044823	2560.925024	13.202919	-0.087065	2.906647
490.874305	2560.304347	13.207923	-0.087035	2.906336
490.819643	2560.340537	13.212928	-0.087025	2.906345
490.794622	2560.333619	13.217933	-0.087020	2.906338
490.948784	2560.260923	13.222938	-0.087048	2.906328
490.784596	2560.335882	13.227943	-0.087019	2.906338
490.811062	2560.316103	13.232947	-0.087024	2.906333
490.762971	2560.314736	13.237952	-0.087015	2.906325
490.874385	2560.311923	13.242957	-0.087035	2.906340
490.955628	2560.253696	13.247962	-0.087050	2.906326
490.841184	2560.311603	13.252967	-0.087029	2.906335
490.860499	2560.303707	13.257971	-0.087033	2.906335
490.742926	2559.690865	13.262976	-0.087012	2.906036
490.730604	2559.693381	13.267981	-0.087010	2.906035
491.096774	2559.558393	13.272986	-0.087076	2.906029
490.960504	2559.635734	13.277991	-0.087051	2.906044
491.063242	2559.563628	13.282995	-0.087070	2.906026
491.011419	2559.596161	13.288000	-0.087061	2.906033
490.851760	2559.666908	13.293005	-0.087032	2.906042
491.062621	2559.068526	13.298010	-0.087070	2.905799
491.054888	2558.902802	13.303015	-0.087069	2.905722
490.936350	2558.968181	13.308019	-0.087047	2.905734
490.809165	2558.998977	13.313024	-0.087025	2.905729
490.956165	2558.952456	13.318029	-0.087051	2.905730
490.805042	2558.980923	13.323034	-0.087024	2.905721
490.899004	2558.981122	13.328039	-0.087041	2.905735
490.852396	2558.497481	13.333043	-0.087033	2.905506
490.882972	2558.370199	13.338048	-0.087038	2.905452
490.715993	2558.459688	13.343053	-0.087009	2.905468
490.777425	2558.424319	13.348058	-0.087020	2.905461
490.761116	2558.436314	13.353063	-0.087017	2.905465
490.670258	2558.453794	13.358067	-0.087001	2.905459
490.643432	2558.454961	13.363072	-0.086996	2.905456
490.728351	2558.442482	13.368077	-0.087011	2.905463
490.936230	2558.365032	13.373082	-0.087049	2.905459
490.891063	2558.392650	13.378087	-0.087041	2.905465
490.891298	2558.374022	13.383091	-0.087041	2.905456
490.780787	2558.423148	13.388096	-0.087021	2.905462
490.558250	2558.498263	13.393101	-0.086981	2.905463
490.794826	2558.401840	13.398106	-0.087024	2.905455
491.097925	2558.313461	13.403111	-0.087078	2.905460
491.063967	2558.063169	13.408115	-0.087072	2.905340
491.067132	2557.599951	13.413120	-0.087073	2.905128
490.780283	2557.701002	13.418125	-0.087021	2.905131
490.892489	2557.659125	13.423130	-0.087042	2.905129
491.030917	2557.626987	13.428135	-0.087066	2.905135
491.051107	2557.614720	13.433139	-0.087070	2.905133
491.034902	2557.244995	13.438144	-0.087067	2.904961
490.795020	2557.013556	13.443149	-0.087024	2.904818
490.501144	2557.104679	13.448154	-0.086972	2.904816
490.754817	2557.044123	13.453159	-0.087017	2.904826
490.803930	2557.001925	13.458163	-0.087026	2.904815
490.922614	2556.975603	13.463168	-0.087048	2.904821
490.836064	2556.993712	13.468173	-0.087032	2.904816
490.917781	2556.958469	13.473178	-0.087047	2.904812
490.908604	2556.987844	13.478183	-0.087045	2.904824
490.897003	2556.973797	13.483187	-0.087044	2.904816
490.879991	2556.977179	13.488192	-0.087041	2.904815
490.756670	2557.018278	13.493197	-0.087019	2.904816
490.849199	2556.963829	13.498202	-0.087035	2.904805
490.950172	2556.531083	13.503207	-0.087053	2.904621
490.932306	2556.274210	13.508211	-0.087050	2.904501
490.888627	2556.279569	13.513216	-0.087043	2.904497
490.887573	2556.311029	13.518221	-0.087042	2.904511
490.714087	2556.346878	13.523226	-0.087011	2.904501
490.720463	2556.359566	13.528231	-0.087013	2.904508
490.642528	2556.378923	13.533235	-0.086999	2.904506
490.840424	2556.306112	13.538240	-0.087034	2.904502
490.816364	2556.329500	13.543245	-0.087030	2.904509
490.791785	2556.314286	13.548250	-0.087026	2.904499
490.901363	2556.286196	13.553255	-0.087046	2.904502
490.888550	2556.290916	13.558259	-0.087043	2.904503
490.958776	2556.000291	13.563264	-0.087056	2.904380
490.810814	2555.642076	13.568269	-0.087030	2.904193
490.787304	2555.659161	13.573274	-0.087025	2.904198
490.914779	2555.614973	13.578279	-0.087048	2.904197
490.715430	2555.672945	13.583283	-0.087013	2.904193
490.814654	2555.636019	13.588288	-0.087031	2.904191
490.588501	2555.734103	13.593293	-0.086990	2.904202
490.567848	2555.720320	13.598298	-0.086987	2.904193
490.970764	2555.596331	13.603303	-0.087059	2.904197
491.000389	2555.582999	13.608307	-0.087064	2.904196
491.027220	2555.586910	13.613312	-0.087069	2.904201
490.939905	2555.607317	13.618317	-0.087054	2.904198
490.813236	2555.367941	13.623322	-0.087031	2.904069
490.913207	2554.964867	13.628327	-0.087049	2.903899
490.808958	2554.948006	13.633331	-0.087030	2.903875
490.849179	2554.910782	13.638336	-0.087038	2.903865
490.880706	2554.906345	13.643341	-0.087043	2.903867
490.884038	2554.903709	13.648346	-0.087044	2.903867
490.882880	2554.929076	13.653351	-0.087044	2.903878
490.793931	2554.945942	13.658355	-0.087028	2.903873
491.076489	2554.833010	13.663360	-0.087079	2.903864
491.092713	2554.487455	13.668365	-0.087082	2.903708
490.808928	2554.263821	13.673370	-0.087031	2.903562
490.859979	2554.255673	13.678375	-0.087040	2.903566
490.693201	2554.291369	13.683379	-0.087011	2.903557
490.823994	2554.261046	13.688384	-0.087034	2.903563
490.849575	2554.259245	13.693389	-0.087039	2.903566
490.775025	2554.272053	13.698394	-0.087026	2.903561
490.776716	2554.278799	13.703399	-0.087026	2.903565
490.858321	2554.248351	13.708403	-0.087041	2.903563
491.048848	2554.185438	13.713408	-0.087075	2.903563
491.124812	2553.878046	13.718413	-0.087088	2.903433
490.890081	2553.534262	13.723418	-0.087046	2.903240
490.875727	2553.557849	13.728423	-0.087044	2.903249
490.786502	2553.579572	13.733427	-0.087028	2.903245
490.739590	2553.607080	13.738432	-0.087020	2.903251
490.850915	2553.576364	13.743437	-0.087040	2.903254
490.826004	2553.568070	13.748442	-0.087036	2.903246
491.003380	2553.519684	13.753447	-0.087067	2.903251
490.847548	2553.576259	13.758451	-0.087040	2.903254
490.890536	2553.557165	13.763456	-0.087047	2.903251
490.927510	2552.939012	13.768461	-0.087054	2.902973
490.842619	2552.923957	13.773466	-0.087039	2.902954
490.959293	2552.886038	13.778471	-0.087060	2.902954
490.821788	2552.936579	13.783475	-0.087035	2.902956
490.990606	2552.882169	13.788480	-0.087066	2.902957
491.128656	2552.845370	13.793485	-0.087090	2.902961
490.959711	2552.548659	13.798490	-0.087060	2.902799
490.893811	2552.201722	13.803495	-0.087049	2.902630
490.774268	2552.221197	13.808499	-0.087027	2.902621
490.873265	2552.197255	13.813504	-0.087045	2.902625
491.067331	2552.142685	13.818509	-0.087080	2.902630
491.064612	2552.137284	13.823514	-0.087079	2.902627
491.058933	2552.077114	13.828519	-0.087079	2.902598
490.867709	2551.512496	13.833523	-0.087044	2.902310
490.845061	2551.542887	13.838528	-0.087040	2.902321
490.801429	2551.559117	13.843533	-0.087033	2.902322
490.929066	2551.518264	13.848538	-0.087056	2.902322
490.905614	2551.529887	13.853543	-0.087052	2.902324
490.756888	2551.562376	13.858547	-0.087025	2.902317
490.682488	2551.595537	13.863552	-0.087012	2.902321
490.830150	2551.537892	13.868557	-0.087038	2.902317
490.708261	2551.559504	13.873562	-0.087017	2.902308
490.801788	2551.557752	13.878567	-0.087033	2.902322
490.797009	2551.536037	13.883571	-0.087033	2.902311
490.829568	2551.536692	13.888576	-0.087039	2.902316
490.901115	2551.542179	13.893581	-0.087051	2.902330
490.770069	2551.556610	13.898586	-0.087028	2.902317
491.007207	2550.812918	13.903591	-0.087071	2.902011
490.881934	2550.839726	13.908595	-0.087048	2.902004
490.940192	2550.819681	13.913600	-0.087059	2.902004
491.013123	2550.794804	13.918605	-0.087072	2.902004
490.701374	2550.866036	13.923610	-0.087016	2.901989
490.692474	2550.888499	13.928615	-0.087015	2.901999
490.699953	2550.883139	13.933619	-0.087016	2.901997
490.705741	2550.879696	13.938624	-0.087017	2.901997
490.830740	2550.867574	13.943629	-0.087040	2.902010
490.738973	2550.859559	13.948634	-0.087023	2.901993
490.926974	2550.823289	13.953639	-0.087057	2.902004
490.857661	2550.833705	13.958643	-0.087045	2.901999
490.662233	2550.898571	13.963648	-0.087010	2.901999
490.650233	2550.909142	13.968653	-0.087008	2.902002
490.527310	2550.928380	13.973658	-0.086986	2.901993
490.921659	2550.812595	13.978663	-0.087057	2.901999
490.929291	2550.433388	13.983667	-0.087058	2.901826
490.866681	2550.138501	13.988672	-0.087047	2.901681
490.784352	2550.204175	13.993677	-0.087032	2.901699
490.725841	2550.207638	13.998682	-0.087022	2.901692
490.739604	2550.184578	14.003687	-0.087025	2.901684
490.801233	2550.178373	14.008691	-0.087036	2.901690
490.805926	2550.180726	14.013696	-0.087037	2.901692
490.775327	2550.196743	14.018701	-0.087031	2.901695
490.715816	2550.227718	14.023706	-0.087021	2.901700
490.862272	2550.178623	14.028711	-0.087047	2.901700
490.808937	2550.188536	14.033715	-0.087038	2.901696
490.842489	2550.173909	14.038720	-0.087044	2.901695
490.844622	2550.170990	14.043725	-0.087044	2.901694
490.718745	2550.203437	14.048730	-0.087022	2.901690
490.959066	2550.131580	14.053735	-0.087065	2.901693
490.875039	2549.739113	14.058739	-0.087050	2.901500
490.808979	2549.465784	14.063744	-0.087038	2.901365
490.950724	2549.448136	14.068749	-0.087063	2.901378
491.036260	2549.410270	14.073754	-0.087079	2.901374
490.901323	2549.453858	14.078759	-0.087055	2.901374
490.996399	2549.421005	14.083763	-0.087072	2.901373
490.871334	2549.461342	14.088768	-0.087050	2.901373
490.940148	2549.241444	14.093773	-0.087062	2.901282
490.868748	2548.805472	14.098778	-0.087049	2.901071
490.894602	2548.803572	14.103783	-0.087054	2.901074
490.854739	2548.811089	14.108787	-0.087047	2.901072
490.607544	2548.899131	14.113792	-0.087003	2.901075
490.795177	2548.842582	14.118797	-0.087037	2.901077
490.686442	2548.846968	14.123802	-0.087017	2.901063
490.778074	2548.827477	14.128807	-0.087034	2.901068
490.535683	2548.907142	14.133811	-0.086990	2.901068
490.500350	2548.909091	14.138816	-0.086984	2.901064
490.423817	2548.951788	14.143821	-0.086971	2.901072
490.269480	2549.599009	14.148826	-0.086943	2.901346
490.561251	2549.566598	14.153831	-0.086995	2.901375
490.619721	2549.556674	14.158835	-0.087006	2.901379
490.583741	2549.547283	14.163840	-0.087000	2.901370
490.572503	2549.559639	14.168845	-0.086998	2.901374
490.650632	2549.509265	14.173850	-0.087012	2.901363
490.773122	2549.499318	14.178855	-0.087034	2.901377
490.787418	2549.493072	14.183859	-0.087037	2.901376
490.786763	2549.499225	14.188864	-0.087036	2.901379
491.054035	2549.411012	14.193869	-0.087084	2.901379
490.775332	2549.483608	14.198874	-0.087035	2.901370
490.837564	2549.472444	14.203879	-0.087046	2.901374
490.846021	2549.472198	14.208883	-0.087047	2.901376
490.807223	2549.126712	14.213888	-0.087041	2.901211
490.930059	2548.777603	14.218893	-0.087063	2.901069
490.846511	2548.792036	14.223898	-0.087048	2.901064
490.843997	2548.805595	14.228903	-0.087047	2.901069
490.945348	2548.767276	14.233907	-0.087066	2.901067
491.051006	2548.730935	14.238912	-0.087085	2.901067
491.137736	2548.702188	14.243917	-0.087100	2.901067
490.959523	2548.168956	14.248922	-0.087068	2.900795
490.954828	2548.104425	14.253927	-0.087068	2.900764
490.938807	2548.095258	14.258931	-0.087065	2.900758
490.872976	2548.117445	14.263936	-0.087053	2.900758
490.961491	2548.108490	14.268941	-0.087069	2.900768
490.884822	2548.111828	14.273946	-0.087056	2.900758
490.998234	2547.982577	14.278951	-0.087076	2.900715
490.947613	2547.542567	14.283955	-0.087067	2.900506
490.856476	2547.570375	14.288960	-0.087051	2.900505
490.975375	2547.548689	14.293965	-0.087072	2.900513
490.755406	2547.615541	14.298970	-0.087033	2.900510
490.666781	2547.638445	14.303975	-0.087017	2.900507
490.837779	2547.586011	14.308979	-0.087048	2.900509
490.959195	2547.550590	14.313984	-0.087070	2.900512
490.995678	2547.556055	14.318989	-0.087076	2.900520
490.880550	2547.578859	14.323994	-0.087056	2.900513
490.778541	2547.011133	14.328999	-0.087037	2.900236
490.849719	2546.842151	14.334003	-0.087050	2.900170
490.813771	2546.864004	14.339008	-0.087044	2.900174
490.862472	2546.865441	14.344013	-0.087053	2.900182
490.904061	2546.820318	14.349018	-0.087060	2.900168
491.019680	2546.809218	14.354023	-0.087081	2.900181
490.957191	2546.809250	14.359027	-0.087070	2.900171
490.863540	2546.844000	14.364032	-0.087053	2.900173
490.954550	2546.777161	14.369037	-0.087070	2.900156
490.969130	2546.131707	14.374042	-0.087072	2.899862
490.968428	2546.129044	14.379047	-0.087072	2.899861
491.112440	2546.065798	14.384051	-0.087098	2.899853
491.074033	2546.095932	14.389056	-0.087091	2.899862
491.121435	2545.926649	14.394061	-0.087100	2.899791
490.859021	2545.476437	14.399066	-0.087053	2.899544
490.917328	2545.465197	14.404071	-0.087064	2.899548
490.893387	2545.473586	14.409075	-0.087059	2.899548
490.734024	2545.510296	14.414080	-0.087031	2.899541
490.689336	2545.555400	14.419085	-0.087023	2.899555
490.915124	2545.444158	14.424090	-0.087063	2.899538
490.950454	2545.460861	14.429095	-0.087070	2.899552
490.876832	2545.473396	14.434099	-0.087057	2.899546
490.770752	2545.502057	14.439104	-0.087038	2.899543
490.874268	2545.487466	14.444109	-0.087057	2.899552
491.005288	2544.820755	14.449114	-0.087080	2.899266
491.001623	2544.764747	14.454119	-0.087079	2.899240
491.111157	2544.721688	14.459123	-0.087099	2.899237
490.903089	2544.770377	14.464128	-0.087062	2.899227
490.997327	2544.766307	14.469133	-0.087079	2.899240
490.835327	2544.597478	14.474138	-0.087050	2.899138
490.745349	2544.138103	14.479143	-0.087034	2.898913
490.732429	2544.138787	14.484147	-0.087032	2.898912
490.875057	2544.105189	14.489152	-0.087057	2.898918
490.826511	2544.129834	14.494157	-0.087049	2.898922
490.801885	2544.104503	14.499162	-0.087045	2.898907
490.920559	2544.092377	14.504167	-0.087066	2.898919
490.958097	2544.068966	14.509171	-0.087073	2.898914
490.865435	2544.094569	14.514176	-0.087056	2.898912
490.786391	2544.139447	14.519181	-0.087042	2.898921
490.819033	2544.099998	14.524186	-0.087048	2.898907
490.905588	2544.087593	14.529191	-0.087064	2.898915
490.835333	2543.964597	14.534195	-0.087051	2.898848
490.623489	2543.798649	14.539200	-0.087013	2.898739
490.703410	2543.837308	14.544205	-0.087028	2.898769
490.661053	2544.134870	14.549210	-0.087020	2.898900
490.918512	2543.730089	14.554215	-0.087066	2.898753
490.921307	2543.404488	14.559219	-0.087067	2.898604
490.780227	2543.420931	14.564224	-0.087042	2.898590
490.853833	2543.443338	14.569229	-0.087055	2.898611
490.742161	2543.437871	14.574234	-0.087035	2.898592
490.787812	2543.432153	14.579239	-0.087043	2.898597
490.654335	2543.493610	14.584243	-0.087020	2.898605
490.526173	2543.517337	14.589248	-0.086997	2.898596
490.678450	2543.489380	14.594253	-0.087024	2.898606
490.649387	2543.491312	14.599258	-0.087019	2.898603
490.721662	2543.469353	14.604263	-0.087032	2.898604
490.871336	2543.419173	14.609267	-0.087059	2.898604
490.808075	2543.431695	14.614272	-0.087048	2.898600
490.797111	2543.441918	14.619277	-0.087046	2.898603
490.823641	2543.409917	14.624282	-0.087051	2.898592
490.763781	2543.470874	14.629287	-0.087040	2.898611
490.853354	2543.431675	14.634291	-0.087056	2.898607
490.633340	2543.485670	14.639296	-0.087017	2.898599
490.832043	2543.429516	14.644301	-0.087053	2.898603
490.609947	2543.497095	14.649306	-0.087013	2.898601
490.616750	2543.522508	14.654311	-0.087014	2.898613
490.797740	2543.451147	14.659315	-0.087047	2.898608
490.763235	2543.438580	14.664320	-0.087041	2.898597
490.659147	2543.504608	14.669325	-0.087022	2.898612
490.572229	2543.503203	14.674330	-0.087007	2.898598
490.547240	2543.528230	14.679335	-0.087002	2.898606
490.903101	2543.396528	14.684339	-0.087066	2.898599
490.897154	2543.408492	14.689344	-0.087065	2.898604
490.742888	2543.485625	14.694349	-0.087038	2.898616
490.949215	2543.365862	14.699354	-0.087075	2.898592
490.651669	2543.481386	14.704359	-0.087022	2.898601
490.713252	2543.463629	14.709363	-0.087033	2.898602
490.804779	2543.436684	14.714368	-0.087049	2.898603
490.545478	2543.526028	14.719373	-0.087003	2.898605

490.754454	2542.815501	14.724378	-0.087040	2.898310
490.748008	2542.604991	14.729383	-0.087039	2.898212
490.829164	2541.891197	14.734387	-0.087054	2.897897
490.602166	2541.094460	14.739392	-0.087013	2.897496
490.603853	2540.170231	14.744397	-0.087013	2.897071
490.506589	2538.978236	14.749402	-0.086996	2.896508
490.410223	2537.672926	14.754407	-0.086979	2.895892
490.327115	2536.279456	14.759411	-0.086964	2.895238
490.059129	2534.674767	14.764416	-0.086916	2.894459
490.057064	2532.879848	14.769421	-0.086915	2.893632
489.997231	2530.876867	14.774426	-0.086904	2.892700
489.982577	2528.680850	14.779431	-0.086901	2.891685
489.830712	2526.419180	14.784435	-0.086874	2.890619
489.537719	2524.002623	14.789440	-0.086821	2.889460
489.627745	2521.369363	14.794445	-0.086837	2.888259
489.628155	2518.452368	14.799450	-0.086837	2.886912
489.425749	2515.555057	14.804455	-0.086801	2.885543
489.465960	2512.335883	14.809459	-0.086808	2.884062
489.314889	2508.941227	14.814464	-0.086780	2.882469
489.283098	2505.440937	14.819469	-0.086774	2.880845
489.090090	2501.815221	14.824474	-0.086739	2.879138
489.083432	2497.934015	14.829479	-0.086738	2.877339
489.164373	2493.865987	14.834483	-0.086752	2.875466
488.793614	2489.662689	14.839488	-0.086685	2.873460
488.576300	2485.470876	14.844493	-0.086646	2.871481
488.362461	2481.143138	14.849498	-0.086607	2.869439
488.071113	2476.688466	14.854503	-0.086554	2.867323
487.907032	2472.169549	14.859507	-0.086525	2.865196
487.581445	2467.470923	14.864512	-0.086466	2.862959
487.432065	2462.751200	14.869517	-0.086439	2.860738
487.412179	2457.745925	14.874522	-0.086435	2.858401
487.226418	2452.647301	14.879527	-0.086401	2.855993
486.999285	2447.446525	14.884531	-0.086360	2.853529
486.728035	2442.169541	14.889536	-0.086310	2.851021
486.381655	2436.870949	14.894541	-0.086248	2.848488
486.215372	2431.369455	14.899546	-0.086218	2.845886
485.984924	2425.763256	14.904551	-0.086176	2.843223
485.888376	2420.042737	14.909555	-0.086158	2.840524
485.584794	2414.212539	14.914560	-0.086103	2.837739
485.170533	2408.431739	14.919565	-0.086028	2.834957
484.937621	2402.449895	14.924570	-0.085986	2.832106
484.692525	2396.500805	14.929575	-0.085941	2.829266
484.695166	2390.242279	14.934579	-0.085941	2.826316
484.337674	2383.912737	14.939584	-0.085876	2.823272
484.107939	2377.599794	14.944589	-0.085835	2.820253
483.574161	2371.248833	14.949594	-0.085738	2.817165
483.274528	2364.841478	14.954599	-0.085684	2.814083
483.171575	2358.300574	14.959603	-0.085665	2.810966
482.816906	2351.600016	14.964608	-0.085601	2.807730
482.586608	2344.922299	14.969613	-0.085559	2.804521
482.414087	2338.048078	14.974618	-0.085527	2.801223
481.974516	2331.186345	14.979623	-0.085448	2.797885
481.732718	2324.266198	14.984627	-0.085404	2.794547
481.422880	2317.245946	14.989632	-0.085348	2.791146
481.159169	2310.157651	14.994637	-0.085300	2.787715
480.889445	2302.933617	14.999642	-0.085251	2.784214
480.361369	2295.838185	15.004647	-0.085155	2.780729
480.156607	2288.594005	15.009651	-0.085118	2.777221
479.873622	2281.228273	15.014656	-0.085066	2.773636
479.566429	2273.856430	15.019661	-0.085011	2.770040
479.047238	2266.455638	15.024666	-0.084917	2.766391
478.477159	2259.146203	15.029671	-0.084814	2.762773
478.389478	2251.666179	15.034675	-0.084798	2.759146
477.937971	2244.172262	15.039680	-0.084716	2.755449
477.578532	2236.651919	15.044685	-0.084651	2.751748
477.169548	2229.096299	15.049690	-0.084577	2.748017
476.903607	2221.453499	15.054695	-0.084528	2.744262
476.843635	2213.652335	15.059699	-0.084517	2.740459
476.549139	2205.747205	15.064704	-0.084463	2.736561
475.973184	2197.952642	15.069709	-0.084359	2.732665
475.590581	2190.025030	15.074714	-0.084290	2.728731
475.139598	2182.171891	15.079719	-0.084208	2.724816
474.839657	2174.256312	15.084723	-0.084154	2.720889
474.679593	2166.179684	15.089728	-0.084124	2.716901
474.259459	2158.116918	15.094733	-0.084048	2.712870
473.706604	2150.117273	15.099738	-0.083948	2.708843
473.175040	2142.162045	15.104743	-0.083852	2.704834
473.085867	2134.009278	15.109747	-0.083835	2.700797
472.649602	2125.851730	15.114752	-0.083756	2.696692
472.317335	2117.687362	15.119757	-0.083696	2.692596
471.918488	2109.439445	15.124762	-0.083624	2.688440
471.365879	2101.244472	15.129767	-0.083524	2.684278
471.186318	2092.975679	15.134771	-0.083491	2.680136
470.793540	2084.627827	15.139776	-0.083420	2.675912
470.258882	2076.418879	15.144781	-0.083323	2.671726
469.886768	2068.075358	15.149786	-0.083256	2.667494
469.377080	2059.796187	15.154791	-0.083163	2.663264
469.067832	2051.465831	15.159795	-0.083107	2.659036
468.750638	2043.034906	15.164800	-0.083049	2.654749
468.499837	2034.563831	15.169805	-0.083004	2.650447
468.236179	2025.919149	15.174810	-0.082955	2.646047
467.726497	2017.398491	15.179815	-0.082863	2.641661
467.031410	2009.028623	15.184819	-0.082738	2.637311
466.790813	2000.470072	15.189824	-0.082694	2.632937
466.224421	1992.023429	15.194829	-0.082592	2.628555
465.861981	1983.492757	15.199834	-0.082526	2.624160
465.421933	1974.974911	15.204839	-0.082446	2.619749
465.037732	1966.448334	15.209843	-0.082376	2.615337
464.869758	1957.754203	15.214848	-0.082345	2.610869
464.054379	1949.299733	15.219853	-0.082199	2.606402
463.726486	1940.727497	15.224858	-0.082139	2.601954
463.180652	1932.203800	15.229863	-0.082040	2.597483
462.805766	1923.690613	15.234867	-0.081972	2.593041
462.516768	1915.021256	15.239872	-0.081920	2.588526
461.987689	1906.477820	15.244877	-0.081824	2.584025
461.705771	1897.821749	15.249882	-0.081773	2.579502
461.193941	1889.175147	15.254887	-0.081680	2.574935
460.467653	1880.584101	15.259891	-0.081549	2.570349
460.270938	1871.893751	15.264896	-0.081513	2.565799
459.668692	1863.406391	15.269901	-0.081404	2.561274
459.417826	1854.716089	15.274906	-0.081358	2.556698
458.996511	1846.079875	15.279911	-0.081282	2.552111
458.271144	1837.575990	15.284915	-0.081151	2.547530
457.713391	1829.095933	15.289920	-0.081050	2.542983
457.294875	1820.589710	15.294925	-0.080975	2.538440
456.985477	1812.006607	15.299930	-0.080918	2.533868
456.596266	1803.431596	15.304935	-0.080848	2.529278
456.082244	1794.877356	15.309939	-0.080755	2.524667
455.624321	1786.304972	15.314944	-0.080672	2.520048
455.073964	1777.815173	15.319949	-0.080572	2.515447
454.565582	1769.383809	15.324954	-0.080480	2.510877
454.250392	1760.778258	15.329959	-0.080423	2.506241
453.489153	1752.416307	15.334963	-0.080286	2.501643
453.155036	1743.933377	15.339968	-0.080225	2.497052
452.709761	1735.482555	15.344973	-0.080145	2.492449
452.492879	1726.893887	15.349978	-0.080105	2.487806
452.159994	1718.248835	15.354983	-0.080044	2.483102
451.487296	1709.795349	15.359987	-0.079923	2.478429
451.057866	1701.261587	15.364992	-0.079845	2.473749
450.291930	1692.950100	15.369997	-0.079707	2.469116
449.797939	1684.564669	15.375002	-0.079618	2.464486
449.629467	1676.036190	15.380007	-0.079587	2.459832
449.132235	1667.608074	15.385011	-0.079497	2.455160
448.634970	1659.187079	15.390016	-0.079407	2.450484
448.083639	1650.763680	15.395021	-0.079307	2.445786
447.655853	1642.374334	15.400026	-0.079230	2.441122
447.292080	1633.918199	15.405031	-0.079164	2.436425
446.366099	1625.752784	15.410035	-0.078997	2.431769
446.230302	1617.326168	15.415040	-0.078972	2.427114
445.564904	1609.077718	15.420045	-0.078852	2.422445
445.104194	1600.787110	15.425050	-0.078769	2.417783
444.841383	1592.373272	15.430055	-0.078721	2.413083
444.153109	1584.087236	15.435059	-0.078596	2.408361
443.817382	1575.761956	15.440064	-0.078535	2.403677
443.143769	1567.565682	15.445069	-0.078414	2.398989
442.781015	1559.327757	15.450074	-0.078348	2.394330
442.646320	1550.922218	15.455079	-0.078323	2.389613
442.005714	1542.665005	15.460083	-0.078208	2.384869
441.516154	1534.377402	15.465088	-0.078119	2.380129
440.980628	1526.162070	15.470093	-0.078022	2.375411
440.274229	1518.061277	15.475098	-0.077895	2.370713
439.920762	1509.837630	15.480103	-0.077831	2.366008
439.235122	1501.801443	15.485107	-0.077707	2.361332
438.939661	1493.638801	15.490112	-0.077653	2.356654
438.370242	1485.582620	15.495117	-0.077551	2.351971
437.819698	1477.514410	15.500122	-0.077451	2.347276
437.536545	1469.376023	15.505127	-0.077400	2.342586
436.739272	1461.426033	15.510131	-0.077256	2.337889
436.405340	1453.381128	15.515136	-0.077195	2.333223
435.695734	1445.459720	15.520141	-0.077068	2.328541
435.158066	1437.577771	15.525146	-0.076971	2.323908
434.727693	1429.650405	15.530151	-0.076893	2.319261
434.132999	1421.826640	15.535155	-0.076785	2.314631
433.858082	1413.879769	15.540160	-0.076735	2.309986
433.273087	1406.028237	15.545165	-0.076630	2.305323
432.695286	1398.221320	15.550170	-0.076525	2.300677
432.255652	1390.396790	15.555175	-0.076446	2.296041
431.362667	1382.811057	15.560179	-0.076285	2.291439
430.863559	1375.153519	15.565184	-0.076195	2.286869
430.454030	1367.482029	15.570189	-0.076121	2.282300
429.761264	1359.963615	15.575194	-0.075996	2.277751
429.408446	1352.334127	15.580199	-0.075932	2.273200
428.744334	1344.820423	15.585203	-0.075813	2.268642
428.344076	1337.263496	15.590208	-0.075740	2.264106
427.769374	1329.780252	15.595213	-0.075636	2.259566
427.100781	1322.358649	15.600218	-0.075516	2.255034
426.688846	1314.890610	15.605223	-0.075442	2.250519
426.001045	1307.563828	15.610227	-0.075318	2.246021
425.762259	1300.080603	15.615232	-0.075274	2.241516
425.432013	1292.571705	15.620237	-0.075214	2.236968
424.731497	1285.259271	15.625242	-0.075088	2.232447
424.138361	1277.935545	15.630247	-0.074981	2.227934
423.433442	1270.718698	15.635251	-0.074854	2.223451
423.082129	1263.431146	15.640256	-0.074790	2.218994
422.410848	1256.265721	15.645261	-0.074670	2.214531
421.874430	1249.090085	15.650266	-0.074573	2.210082
421.472050	1241.878280	15.655271	-0.074500	2.205632
420.767270	1234.812787	15.660275	-0.074373	2.201195
420.325741	1227.710384	15.665280	-0.074293	2.196785
419.752410	1220.684929	15.670285	-0.074190	2.192383
418.948437	1213.775901	15.675290	-0.074045	2.187992
418.484122	1206.856890	15.680295	-0.073962	2.183662
417.825211	1200.014715	15.685299	-0.073843	2.179327
417.406381	1193.125919	15.690304	-0.073767	2.175008
416.995071	1186.205878	15.695309	-0.073693	2.170662
416.317076	1179.400301	15.700314	-0.073571	2.166319
415.794201	1172.626091	15.705319	-0.073476	2.162021
415.125937	1165.942106	15.710323	-0.073356	2.157737
414.664498	1159.236916	15.715328	-0.073273	2.153478
414.438481	1152.402529	15.720333	-0.073232	2.149184
413.805849	1145.685369	15.725338	-0.073118	2.144862
413.427483	1138.910799	15.730343	-0.073049	2.140553
412.737288	1132.278205	15.735347	-0.072925	2.136253
412.205774	1125.654495	15.740352	-0.072829	2.131985
411.713790	1118.999803	15.745357	-0.072740	2.127699
410.961757	1112.521702	15.750362	-0.072605	2.123455
410.567948	1105.957628	15.755367	-0.072534	2.119232
410.007793	1099.467483	15.760371	-0.072433	2.115007
409.744035	1092.874370	15.765376	-0.072385	2.110778
409.448369	1086.213384	15.770381	-0.072332	2.106490
408.690995	1079.729976	15.775386	-0.072195	2.102198
407.973352	1073.318597	15.780391	-0.072066	2.097952
407.347948	1066.948006	15.785395	-0.071954	2.093746
406.967507	1060.489660	15.790400	-0.071885	2.089532
406.621640	1054.029833	15.795405	-0.071822	2.085316
405.797047	1047.754558	15.800410	-0.071674	2.081098
405.387482	1041.419339	15.805415	-0.071600	2.076930
404.834273	1035.132672	15.810419	-0.071500	2.072752
404.282088	1028.864680	15.815424	-0.071401	2.068577
403.760758	1022.649928	15.820429	-0.071307	2.064435
403.150215	1016.471425	15.825434	-0.071197	2.060287
402.743917	1010.260020	15.830439	-0.071124	2.056158
402.275104	1004.040924	15.835443	-0.071039	2.052000
401.481626	997.992254	15.840448	-0.070897	2.047867
401.239683	991.785296	15.845453	-0.070853	2.043756
400.342129	985.857211	15.850458	-0.070691	2.039660
399.943005	979.796376	15.855463	-0.070619	2.035589
399.499734	973.741834	15.860467	-0.070539	2.031503
399.174078	967.622333	15.865472	-0.070480	2.027395
398.465192	961.671015	15.870477	-0.070353	2.023296
397.830543	955.771545	15.875482	-0.070239	2.019241
397.119977	949.961174	15.880487	-0.070111	2.015218
396.355641	944.231910	15.885491	-0.069974	2.011228
395.883300	938.455159	15.890496	-0.069888	2.007270
395.448358	932.654882	15.895501	-0.069810	2.003297
394.695735	927.019126	15.900506	-0.069675	1.999348
394.444861	921.262541	15.905511	-0.069629	1.995435
393.944364	915.551024	15.910515	-0.069539	1.991482
393.423002	909.809875	15.915520	-0.069445	1.987495
392.898885	904.148291	15.920525	-0.069351	1.983554
392.199483	898.592737	15.925530	-0.069225	1.979632
391.721343	892.999668	15.930535	-0.069139	1.975733
391.162837	887.425421	15.935539	-0.069038	1.971818
390.566008	881.910845	15.940544	-0.068931	1.967927
390.083077	876.384896	15.945549	-0.068844	1.964048
389.334911	871.004090	15.950554	-0.068710	1.960193
388.857538	865.600049	15.955559	-0.068624	1.956384
388.544479	860.103833	15.960563	-0.068567	1.952546
388.017553	854.638105	15.965568	-0.068472	1.948667
387.471210	849.255988	15.970573	-0.068374	1.944832
386.847653	843.907471	15.975578	-0.068262	1.940993
386.330282	838.618553	15.980583	-0.068169	1.937214
385.831993	833.298112	15.985587	-0.068079	1.933412
385.238649	827.985353	15.990592	-0.067972	1.929582
384.623897	822.795855	15.995597	-0.067862	1.925825
384.004116	817.585520	16.000602	-0.067750	1.922044
383.464106	812.426128	16.005607	-0.067653	1.918312
382.922476	807.321729	16.010611	-0.067556	1.914611
382.428339	802.144577	16.015616	-0.067467	1.910864
382.065606	796.954067	16.020621	-0.067401	1.907135
381.143881	792.019048	16.025626	-0.067236	1.903430
380.861679	786.884393	16.030631	-0.067185	1.899747
380.180317	781.928495	16.035635	-0.067062	1.896076
379.895003	776.799782	16.040640	-0.067011	1.892382
379.593223	771.627318	16.045645	-0.066956	1.888644
378.798300	766.670075	16.050650	-0.066813	1.884921
378.171909	761.748071	16.055655	-0.066701	1.881260
377.750187	756.770868	16.060659	-0.066625	1.877607
377.350850	751.753999	16.065664	-0.066553	1.873925
376.899821	746.732933	16.070669	-0.066472	1.870219
375.862068	742.048305	16.075674	-0.066285	1.866588
374.916076	737.425465	16.080679	-0.066116	1.863019
374.496424	732.724009	16.085683	-0.066040	1.859529
374.145987	727.962842	16.090688	-0.065977	1.856008
373.781899	723.149986	16.095693	-0.065911	1.852439
373.111772	718.464026	16.100698	-0.065791	1.848871
372.468313	713.853765	16.105703	-0.065675	1.845359
371.922928	709.243925	16.110707	-0.065577	1.841867
371.442968	704.614839	16.115712	-0.065491	1.838372
370.801410	700.092497	16.120717	-0.065376	1.834904
370.177811	695.583442	16.125722	-0.065264	1.831444
369.540082	691.162225	16.130727	-0.065149	1.828038
369.010625	686.702199	16.135731	-0.065054	1.824626
368.536133	682.246431	16.140736	-0.064969	1.821227
368.051820	677.798451	16.145741	-0.064881	1.817824
367.133754	673.555747	16.150746	-0.064717	1.814445
366.484330	669.326730	16.155751	-0.064600	1.811145
366.166968	664.991180	16.160755	-0.064543	1.807852
365.713994	660.644249	16.165760	-0.064461	1.804507
365.379583	656.281810	16.170765	-0.064401	1.801178
364.669196	652.046733	16.175770	-0.064274	1.797831
363.879225	647.922958	16.180775	-0.064132	1.794539
363.460157	643.711332	16.185779	-0.064056	1.791279
362.820145	639.590476	16.190784	-0.063942	1.788019
362.311461	635.447185	16.195789	-0.063850	1.784773
361.814915	631.336191	16.200794	-0.063761	1.781549
361.181034	627.258705	16.205799	-0.063647	1.778305
360.578208	623.184301	16.210803	-0.063539	1.775067
359.966375	619.199658	16.215808	-0.063429	1.771887
359.288440	615.269009	16.220813	-0.063307	1.768724
358.532440	611.458405	16.225818	-0.063172	1.765623
357.889315	607.655758	16.230823	-0.063056	1.762555
358.028811	603.527797	16.235827	-0.063081	1.759460
357.424175	599.623612	16.240832	-0.062972	1.756315
357.107388	595.596257	16.245837	-0.062915	1.753154
356.154894	591.809105	16.250842	-0.062744	1.749986
355.533115	588.050284	16.255847	-0.062633	1.746930
354.992042	584.254088	16.260851	-0.062535	1.743863
354.302201	580.542859	16.265856	-0.062412	1.740813
353.930894	576.772471	16.270861	-0.062345	1.737805
353.289470	573.072286	16.275866	-0.062230	1.734767
353.004747	569.240319	16.280871	-0.062178	1.731726
352.272234	565.608759	16.285875	-0.062047	1.728703
351.544653	562.021363	16.290880	-0.061916	1.725710
351.117040	558.370123	16.295885	-0.061840	1.722751
350.316396	554.886097	16.300890	-0.061696	1.719807
349.803476	551.380141	16.305895	-0.061604	1.716926
349.210279	547.882443	16.310899	-0.061497	1.714022
348.511966	544.472708	16.315904	-0.061372	1.711151
348.074161	541.009318	16.320909	-0.061293	1.708311
347.311558	537.672179	16.325914	-0.061157	1.705467
346.668539	534.381278	16.330919	-0.061041	1.702691
346.198058	531.010662	16.335923	-0.060957	1.699900
345.628271	527.725588	16.340928	-0.060855	1.697141
345.159305	524.412210	16.345933	-0.060770	1.694386
344.481316	521.180747	16.350938	-0.060649	1.691628
343.828290	518.006844	16.355943	-0.060532	1.688919
343.115212	514.889779	16.360947	-0.060404	1.686232
342.549606	511.784802	16.365952	-0.060302	1.683595
342.047325	508.660553	16.370957	-0.060212	1.680957
341.514123	505.577668	16.375962	-0.060116	1.678340
341.003430	502.474000	16.380967	-0.060025	1.675708
340.474522	499.411044	16.385971	-0.059930	1.673099
339.777306	496.381315	16.390976	-0.059805	1.670461
339.361179	493.382380	16.395981	-0.059730	1.667929
338.725262	490.383715	16.400986	-0.059616	1.665326
338.207674	487.430324	16.405991	-0.059523	1.662792
337.598338	484.476029	16.410995	-0.059414	1.660225
336.776507	481.732930	16.416000	-0.059267	1.657759
336.256696	478.840364	16.421005	-0.059173	1.655262
335.656758	476.053366	16.426010	-0.059066	1.652822
335.160583	473.204639	16.431015	-0.058977	1.650360
334.839116	470.332670	16.436019	-0.058919	1.647929
333.953747	467.641104	16.441024	-0.058760	1.645467
333.419862	464.949368	16.446029	-0.058665	1.643109
332.560768	462.349274	16.451034	-0.058511	1.640722
331.924083	459.824686	16.456039	-0.058397	1.638462
331.627941	457.115532	16.461043	-0.058343	1.636155
330.873975	454.606206	16.466048	-0.058208	1.633865
330.494963	451.948458	16.471053	-0.058140	1.631567
329.869048	449.424878	16.476058	-0.058028	1.629299
329.271670	446.915161	16.481063	-0.057921	1.627047
328.900255	444.310544	16.486067	-0.057854	1.624786
328.060975	441.917986	16.491072	-0.057704	1.622549
327.680244	439.379284	16.496077	-0.057635	1.620332
327.044853	436.952754	16.501082	-0.057522	1.618125
326.335299	434.566698	16.506087	-0.057394	1.615925
326.220277	431.984794	16.511091	-0.057374	1.613748
325.435082	429.605421	16.516096	-0.057233	1.611523
324.985257	427.187805	16.521101	-0.057152	1.609370
324.322932	424.833187	16.526106	-0.057034	1.607199
323.855116	422.447531	16.531111	-0.056950	1.605061
323.427478	420.040199	16.536115	-0.056873	1.602915
322.657319	417.759731	16.541120	-0.056735	1.600762
322.424275	415.355304	16.546125	-0.056693	1.598675
321.420198	413.199072	16.551130	-0.056513	1.596545
320.859099	410.978536	16.556135	-0.056413	1.594501
320.563836	408.649717	16.561139	-0.056360	1.592449
319.766633	406.481640	16.566144	-0.056217	1.590368
319.424916	404.260458	16.571149	-0.056156	1.588386
318.950404	401.974577	16.576154	-0.056070	1.586304
318.626073	399.688529	16.581159	-0.056012	1.584268
318.123222	397.417661	16.586163	-0.055922	1.582185
317.263000	395.299394	16.591168	-0.055768	1.580111
316.708954	393.209022	16.596173	-0.055669	1.578158
316.045294	391.086941	16.601178	-0.055550	1.576140
315.432619	389.045253	16.606183	-0.055440	1.574204
315.380908	386.736022	16.611187	-0.055431	1.572222
315.120617	384.421632	16.616192	-0.055384	1.570164
314.686769	382.199943	16.621197	-0.055306	1.568126
314.024607	380.002166	16.626202	-0.055187	1.566030
313.402572	377.893299	16.631207	-0.055076	1.564021
312.992689	375.674092	16.636211	-0.055002	1.561985
312.008156	373.720578	16.641216	-0.054826	1.559984
311.725432	371.591214	16.646221	-0.054775	1.558061
311.049788	369.528126	16.651226	-0.054654	1.556063
310.299622	367.627988	16.656231	-0.054520	1.554178
309.938566	365.533686	16.661235	-0.054455	1.552253
309.412470	363.516683	16.666240	-0.054361	1.550337
309.022087	361.484067	16.671245	-0.054291	1.548450
308.312161	359.513061	16.676250	-0.054164	1.546507
307.569215	357.658514	16.681255	-0.054031	1.544652
307.105065	355.723316	16.686259	-0.053948	1.542818
306.263018	353.931844	16.691264	-0.053797	1.540980
305.906899	352.068813	16.696269	-0.053733	1.539241
304.907069	350.389538	16.701274	-0.053554	1.537443
304.255096	348.710576	16.706279	-0.053437	1.535760
304.046604	346.871319	16.711283	-0.053400	1.534085
303.547740	345.058616	16.716288	-0.053310	1.532334
303.090530	343.258567	16.721293	-0.053228	1.530605
302.601691	341.497957	16.726298	-0.053141	1.528899
301.927787	339.792907	16.731303	-0.053020	1.527176
301.519511	338.004223	16.736307	-0.052947	1.525468
300.822474	336.354728	16.741312	-0.052822	1.523783
300.259377	334.689717	16.746317	-0.052721	1.522127
299.821022	332.946877	16.751322	-0.052643	1.520443
299.123859	331.398980	16.756327	-0.052518	1.518842
299.003813	329.567188	16.761331	-0.052496	1.517185
298.562283	327.764269	16.766336	-0.052417	1.515441
298.209617	325.991567	16.771341	-0.052354	1.513753
297.428374	324.317352	16.776346	-0.052214	1.512003
296.488345	322.859854	16.781351	-0.052046	1.510389
296.208987	321.181346	16.786355	-0.051996	1.508804
295.281124	319.717165	16.791360	-0.051830	1.507185
294.761692	318.190504	16.796365	-0.051737	1.505648
294.452076	316.579552	16.801370	-0.051681	1.504108
293.391005	315.252986	16.806375	-0.051491	1.502560
293.154453	313.691549	16.811379	-0.051449	1.501086
292.230209	312.432723	16.816384	-0.051283	1.499642
291.538701	311.104280	16.821389	-0.051160	1.498216
291.074190	309.722660	16.826394	-0.051076	1.496819
290.208256	308.519745	16.831399	-0.050921	1.495442
290.071863	307.097948	16.836403	-0.050897	1.494120
289.116801	305.927732	16.841408	-0.050726	1.492739
288.598857	304.690837	16.846413	-0.050633	1.491448
288.387954	303.335941	16.851418	-0.050596	1.490157
287.659900	302.138065	16.856423	-0.050465	1.488826
287.300475	300.829942	16.861427	-0.050401	1.487523
286.340247	299.716424	16.866432	-0.050229	1.486185
285.848805	298.597552	16.871437	-0.050141	1.485004
285.566293	297.294382	16.876442	-0.050090	1.483729
284.866653	296.170517	16.881447	-0.049965	1.482469
284.713027	294.827622	16.886451	-0.049938	1.481201
284.052926	293.697265	16.891456	-0.049819	1.479946
283.228079	292.654732	16.896461	-0.049672	1.478712
282.891983	291.438530	16.901466	-0.049612	1.477492
282.354051	290.283494	16.906471	-0.049515	1.476255
282.422159	288.889819	16.911475	-0.049528	1.475013
282.134178	287.493072	16.916480	-0.049476	1.473642
281.523868	286.241629	16.921485	-0.049367	1.472289
280.867491	285.010838	16.926490	-0.049249	1.470936
279.584698	284.185716	16.931495	-0.049020	1.469731
279.163851	283.060554	16.936499	-0.048944	1.468556
278.867990	281.859073	16.941504	-0.048891	1.467354
278.747477	280.537370	16.946509	-0.048870	1.466104
278.793698	279.094642	16.951514	-0.048878	1.464801
278.027589	277.884910	16.956519	-0.048741	1.463422
277.322110	276.727712	16.961523	-0.048615	1.462111
276.781194	275.510520	16.966528	-0.048518	1.460802
275.973665	274.460359	16.971533	-0.048373	1.459551
275.705279	273.193957	16.976538	-0.048325	1.458292
275.160328	272.015434	16.981543	-0.048228	1.457014
274.996922	270.700524	16.986547	-0.048198	1.455746
274.720279	269.349662	16.991552	-0.048149	1.454403
274.038081	268.157503	16.996557	-0.048027	1.453059
273.932846	266.707138	17.001562	-0.048008	1.451683
272.595919	265.780894	17.006567	-0.047768	1.450348
271.845564	264.812992	17.011571	-0.047634	1.449184
271.751571	263.505313	17.016576	-0.047617	1.447940
271.429679	262.253987	17.021581	-0.047560	1.446666
271.137738	260.983167	17.026586	-0.047507	1.445383
270.338827	259.852426	17.031591	-0.047364	1.444046
269.680980	258.773929	17.036595	-0.047247	1.442807
269.224429	257.590179	17.041600	-0.047165	1.441542
268.098041	256.791474	17.046605	-0.046963	1.440392
267.795996	255.698671	17.051610	-0.046909	1.439265
267.359559	254.604322	17.056615	-0.046831	1.438088
267.156648	253.402001	17.061619	-0.046795	1.436893
266.882236	252.174730	17.066624	-0.046746	1.435648
265.602774	251.381231	17.071629	-0.046517	1.434442
265.177565	250.371657	17.076634	-0.046441	1.433344
264.532486	249.399830	17.081639	-0.046325	1.432200
264.742924	248.121244	17.086643	-0.046363	1.431080
264.505136	246.884414	17.091648	-0.046320	1.429834
264.091572	245.676888	17.096653	-0.046246	1.428550
263.948361	244.296636	17.101658	-0.046220	1.427202
263.056963	243.207878	17.106663	-0.046061	1.425853
261.928349	242.395132	17.111667	-0.045859	1.424676
261.542941	241.280172	17.116672	-0.045790	1.423485
260.996700	240.230712	17.121677	-0.045692	1.422296
260.664518	239.111100	17.126682	-0.045633	1.421118
260.253267	238.027123	17.131687	-0.045559	1.419944
260.212586	236.710086	17.136691	-0.045552	1.418686
259.630043	235.521039	17.141696	-0.045448	1.417347
257.843782	234.974003	17.146701	-0.045128	1.416171
257.714722	233.944409	17.151706	-0.045105	1.415149
257.467484	232.809353	17.156711	-0.045061	1.413982
257.159591	231.735792	17.161715	-0.045005	1.412850
257.118532	230.412527	17.166720	-0.044998	1.411578
256.001917	229.597747	17.171725	-0.044798	1.410391
255.483999	228.595488	17.176730	-0.044706	1.409246
254.906260	227.595087	17.181735	-0.044602	1.408079
254.546361	226.573263	17.186739	-0.044538	1.406972
254.581889	225.293240	17.191744	-0.044544	1.405765
253.972739	224.215157	17.196749	-0.044435	1.404510
253.709555	222.995623	17.201754	-0.044388	1.403247
252.977456	221.928064	17.206759	-0.044257	1.401954
251.498074	221.378238	17.211763	-0.043992	1.400876
251.427383	220.280098	17.216768	-0.043980	1.399798
251.057042	219.258450	17.221773	-0.043913	1.398681
251.087636	217.977343	17.226778	-0.043919	1.397464
250.574075	216.867731	17.231783	-0.043827	1.396206
249.944457	215.854106	17.236787	-0.043714	1.394997
249.629179	214.696486	17.241792	-0.043658	1.393765
249.161080	213.572224	17.246797	-0.043574	1.392507
249.041464	212.294797	17.251802	-0.043552	1.391232
248.337821	211.201905	17.256807	-0.043426	1.389913
246.773634	210.585519	17.261811	-0.043147	1.388729
246.403252	209.583524	17.266816	-0.043080	1.387622
246.100635	208.568290	17.271821	-0.043026	1.386526
246.058473	207.418810	17.276826	-0.043019	1.385398
245.776514	206.221442	17.281831	-0.042968	1.384132
245.490345	205.002307	17.286835	-0.042917	1.382842
245.077214	203.799574	17.291840	-0.042843	1.381518
243.318906	203.245598	17.296845	-0.042528	1.380314
242.477894	202.508102	17.301850	-0.042378	1.379278
242.207342	201.570582	17.306855	-0.042329	1.378263
242.081796	200.505757	17.311859	-0.042307	1.377179
241.972090	199.365173	17.316864	-0.042287	1.376026
241.683588	198.245319	17.321869	-0.042236	1.374824
241.975930	196.814081	17.326874	-0.042288	1.373539
241.512934	195.528283	17.331879	-0.042205	1.372106
239.766917	194.942760	17.336883	-0.041893	1.370867
239.507649	193.854308	17.341888	-0.041846	1.369702
238.788536	192.931690	17.346893	-0.041717	1.368523
238.162148	192.018001	17.351898	-0.041605	1.367387
238.110495	190.871881	17.356903	-0.041596	1.366243
237.558041	189.895873	17.361907	-0.041497	1.365072
237.307524	188.731216	17.366912	-0.041452	1.363831
234.511200	188.730407	17.371917	-0.040952	1.362755
234.310572	188.005277	17.376922	-0.040916	1.361964
234.201460	187.185312	17.381927	-0.040897	1.361114
234.089184	186.289896	17.386931	-0.040877	1.360188
234.166577	185.188000	17.391936	-0.040890	1.359131
233.759828	184.215654	17.396941	-0.040818	1.358014
233.737442	183.054389	17.401946	-0.040814	1.356858
233.528416	181.902260	17.406951	-0.040776	1.355637
231.261620	181.630454	17.411955	-0.040371	1.354491
231.035439	180.795885	17.416960	-0.040330	1.353576
230.580355	179.969625	17.421965	-0.040249	1.352581
230.750287	178.869377	17.426970	-0.040279	1.351555
230.698871	177.775238	17.431975	-0.040270	1.350449
230.400702	176.675386	17.436979	-0.040216	1.349240
230.329179	175.403940	17.441984	-0.040204	1.347947
227.918028	175.146977	17.446989	-0.039772	1.346752
227.308574	174.541627	17.451994	-0.039663	1.345911
227.394074	173.523682	17.456999	-0.039679	1.344930
227.143208	172.565506	17.462003	-0.039634	1.343875
227.148779	171.448952	17.467008	-0.039635	1.342762
226.628229	170.487837	17.472013	-0.039541	1.341598
226.355958	169.434506	17.477018	-0.039493	1.340438
225.999317	168.336931	17.482023	-0.039429	1.339199
224.927724	167.571617	17.487027	-0.039237	1.338011
224.710132	166.522141	17.492032	-0.039198	1.336873
224.036444	165.657922	17.497037	-0.039078	1.335741
223.476810	164.713724	17.502042	-0.038977	1.334571
223.038516	163.779606	17.507047	-0.038899	1.333459
222.562127	162.831285	17.512051	-0.038814	1.332317
222.751465	161.605419	17.517056	-0.038848	1.331156
222.285216	160.506312	17.522061	-0.038764	1.329864
221.253293	159.685016	17.527066	-0.038580	1.328627
220.824332	158.680964	17.532071	-0.038503	1.327443
219.227666	158.248325	17.537075	-0.038217	1.326373
218.711571	157.524628	17.542080	-0.038125	1.325436
218.282762	156.730987	17.547085	-0.038048	1.324462
218.307125	155.723994	17.552090	-0.038052	1.323451
218.224338	154.650929	17.557095	-0.038038	1.322329
217.328908	153.906257	17.562099	-0.037877	1.321217
216.080335	153.449158	17.567104	-0.037654	1.320256
215.697591	152.657070	17.572109	-0.037586	1.319298
215.730275	151.681812	17.577114	-0.037591	1.318318
215.813460	150.562625	17.582119	-0.037606	1.317212
215.477110	149.573490	17.587123	-0.037546	1.316069
215.179601	148.486863	17.592128	-0.037493	1.314842
213.099133	148.166174	17.597133	-0.037121	1.313681
211.623754	147.994076	17.602138	-0.036857	1.312915
211.777120	147.150258	17.607143	-0.036884	1.312113
211.609519	146.412767	17.612147	-0.036854	1.311291
211.780813	145.391993	17.617152	-0.036885	1.310315
211.450293	144.488515	17.622157	-0.036826	1.309256
211.073794	143.558055	17.627162	-0.036758	1.308151
210.794069	142.578647	17.632167	-0.036708	1.307033
208.371629	142.615043	17.637171	-0.036275	1.306094
208.513200	141.773433	17.642176	-0.036300	1.305286
208.334124	140.954169	17.647181	-0.036268	1.304371
208.228000	140.052819	17.652186	-0.036249	1.303401
208.442397	138.902126	17.657191	-0.036287	1.302302
208.123278	137.913727	17.662195	-0.036230	1.301154
207.737761	136.877256	17.667200	-0.036161	1.299928
205.845906	136.477244	17.672205	-0.035823	1.298748
203.832195	136.551599	17.677210	-0.035463	1.298008
204.054827	135.788758	17.682215	-0.035503	1.297309
204.100025	134.990306	17.687219	-0.035511	1.296501
204.116324	134.089801	17.692224	-0.035514	1.295575
203.895488	133.174704	17.697229	-0.035474	1.294537
203.536786	132.314155	17.702234	-0.035410	1.293498
203.509299	131.253055	17.707239	-0.035405	1.292385
203.104055	130.332600	17.712243	-0.035332	1.291263
201.596350	129.871598	17.717248	-0.035063	1.290168
201.419756	128.992113	17.722253	-0.035031	1.289180
201.370811	127.990469	17.727258	-0.035022	1.288117
201.083579	127.003631	17.732263	-0.034971	1.286970
199.780931	126.419110	17.737267	-0.034738	1.285826
197.383516	126.618304	17.742272	-0.034309	1.285051
197.260288	126.021349	17.747277	-0.034287	1.284377
197.179909	125.383735	17.752282	-0.034273	1.283677
197.302575	124.518370	17.757287	-0.034295	1.282822
197.170649	123.706967	17.762291	-0.034271	1.281919
197.022277	122.863773	17.767296	-0.034244	1.280974
197.093234	121.783343	17.772301	-0.034257	1.279870
196.887097	120.747932	17.777306	-0.034220	1.278699
196.745267	119.615381	17.782311	-0.034195	1.277450
193.818093	119.655229	17.787315	-0.033671	1.276283
191.872964	119.911650	17.792320	-0.033323	1.275749
192.117024	119.251864	17.797325	-0.033367	1.275155
191.979629	118.657262	17.802330	-0.033342	1.274472
191.910076	117.979727	17.807335	-0.033330	1.273729
191.662020	117.272517	17.812339	-0.033286	1.272881
191.583382	116.485304	17.817344	-0.033271	1.272017
191.399765	115.705779	17.822349	-0.033239	1.271118
191.437996	114.693085	17.827354	-0.033245	1.270064
191.401592	113.634155	17.832359	-0.033239	1.268928
191.380212	112.457271	17.837363	-0.033235	1.267674
191.422103	111.241307	17.842368	-0.033242	1.266402
191.022344	110.061308	17.847373	-0.033171	1.264984
185.190191	111.458023	17.852378	-0.032128	1.264032
185.076647	111.145790	17.857383	-0.032107	1.263653
184.990989	110.747250	17.862387	-0.032092	1.263193
185.274045	110.097655	17.867392	-0.032143	1.262621
185.275236	109.473267	17.872397	-0.032143	1.261957
185.222628	108.777074	17.877402	-0.032134	1.261194
185.014154	108.041553	17.882407	-0.032096	1.260323
184.548628	107.390723	17.887411	-0.032013	1.259434
184.792762	106.390460	17.892416	-0.032057	1.258470
184.673163	105.419532	17.897421	-0.032035	1.257383
184.450703	104.468637	17.902426	-0.031996	1.256273
184.602604	103.243203	17.907431	-0.032023	1.255026
184.358593	102.114214	17.912435	-0.031979	1.253715
183.999430	100.996390	17.917440	-0.031915	1.252365
182.365454	100.403141	17.922445	-0.031622	1.251039
179.025145	100.953673	17.927450	-0.031025	1.250218
179.418623	100.194277	17.932455	-0.031095	1.249569
179.316917	99.485241	17.937459	-0.031077	1.248763
179.576110	98.551578	17.942464	-0.031123	1.247869
179.459544	97.668740	17.947469	-0.031103	1.246868
178.925756	96.902885	17.952474	-0.031007	1.245817
178.959504	95.886643	17.957479	-0.031013	1.244735
178.864667	94.812365	17.962483	-0.030996	1.243535
178.833086	93.679258	17.967488	-0.030990	1.242297
178.710736	92.510143	17.972493	-0.030968	1.240980
176.751122	92.037215	17.977498	-0.030618	1.239632
174.590504	92.050303	17.982503	-0.030231	1.238724
174.510894	91.347236	17.987507	-0.030217	1.237927
174.550738	90.523731	17.992512	-0.030224	1.237050
174.626958	89.577617	17.997517	-0.030238	1.236055
174.376091	88.659981	18.002522	-0.030193	1.234950
174.190452	87.692921	18.007527	-0.030160	1.233818
174.142723	86.588728	18.012531	-0.030151	1.232594
173.247348	85.804546	18.017536	-0.029991	1.231355
170.728938	85.892058	18.022541	-0.029541	1.230367
170.109911	85.446396	18.027546	-0.029430	1.229614
170.227099	84.635106	18.032551	-0.029451	1.228778
170.004021	83.904911	18.037555	-0.029411	1.227883
170.155828	82.970237	18.042560	-0.029438	1.226926
170.234402	81.934015	18.047565	-0.029452	1.225824
169.653852	81.092361	18.052570	-0.029348	1.224651
167.771145	80.867004	18.057575	-0.029011	1.223589
167.492045	80.182374	18.062579	-0.028961	1.222716
167.340769	79.417286	18.067584	-0.028934	1.221810
167.212295	78.542791	18.072589	-0.028911	1.220792
165.527580	78.257817	18.077594	-0.028610	1.219747
164.183811	78.166348	18.082599	-0.028370	1.219062
163.984227	77.624197	18.087603	-0.028334	1.218378
164.050584	76.902388	18.092608	-0.028346	1.217610
164.131802	76.119543	18.097613	-0.028360	1.216782
163.770895	75.390647	18.102618	-0.028296	1.215819
163.672650	74.529185	18.107623	-0.028278	1.214824
163.318313	73.703968	18.112627	-0.028215	1.213756
162.949991	72.855202	18.117632	-0.028149	1.212655
159.558217	73.524192	18.122637	-0.027542	1.211914
159.658588	72.958075	18.127642	-0.027560	1.211330
159.775494	72.277144	18.132647	-0.027581	1.210626
159.736612	71.584329	18.137651	-0.027574	1.209840
159.596946	70.846012	18.142656	-0.027549	1.208958
159.558893	70.000015	18.147661	-0.027543	1.208000
159.342259	69.199146	18.152666	-0.027504	1.207014
159.115489	68.329132	18.157671	-0.027463	1.205945
159.102491	67.292108	18.162675	-0.027461	1.204783
158.877331	66.283820	18.167680	-0.027421	1.203559
158.583647	65.282965	18.172685	-0.027368	1.202311
155.145964	65.726981	18.177690	-0.026753	1.201291
155.058590	65.092518	18.182695	-0.026737	1.200542
154.893116	64.433432	18.187699	-0.026708	1.199731
154.793767	63.669532	18.192704	-0.026690	1.198831
154.595535	62.890115	18.197709	-0.026655	1.197869
154.387440	62.121125	18.202714	-0.026617	1.196914
154.552041	61.040254	18.207719	-0.026647	1.195773
154.327494	60.072559	18.212723	-0.026607	1.194585
153.551588	59.263597	18.217728	-0.026468	1.193329
151.425323	59.261702	18.222733	-0.026087	1.192381
150.952292	58.716755	18.227738	-0.026003	1.191556
151.039399	57.876300	18.232743	-0.026018	1.190647
150.862479	57.072614	18.237747	-0.025987	1.189660
150.814076	56.133138	18.242752	-0.025978	1.188576
150.758235	55.148048	18.247757	-0.025968	1.187437
147.814914	55.429256	18.252762	-0.025442	1.186439
147.156425	55.074139	18.257767	-0.025324	1.185742
146.991977	54.527021	18.262771	-0.025294	1.185048
146.753923	53.943136	18.267776	-0.025252	1.184279
146.880579	53.141855	18.272781	-0.025275	1.183426
146.812810	52.348858	18.277786	-0.025262	1.182494
146.894672	51.425658	18.282791	-0.025277	1.181481
146.599594	50.527433	18.287795	-0.025224	1.180326
143.977180	50.671047	18.292800	-0.024755	1.179309
143.101464	50.412118	18.297805	-0.024599	1.178619
142.888940	49.912577	18.302810	-0.024561	1.177953
142.939330	49.273405	18.307815	-0.024570	1.177246
143.038312	48.470910	18.312819	-0.024587	1.176374
142.912156	47.654998	18.317824	-0.024565	1.175385
142.771949	46.813063	18.322829	-0.024540	1.174358
141.122288	46.541538	18.327834	-0.024245	1.173300
139.693654	46.508949	18.332839	-0.023989	1.172615
139.761193	45.909853	18.337843	-0.024001	1.171959
139.470378	45.308959	18.342848	-0.023949	1.171138
139.566737	44.514504	18.347853	-0.023966	1.170269
139.334559	43.793407	18.352858	-0.023925	1.169335
139.387952	42.875515	18.357863	-0.023934	1.168303
139.214302	41.996489	18.362867	-0.023903	1.167212
137.060576	41.902952	18.367872	-0.023518	1.166123
135.738214	41.846075	18.372877	-0.023282	1.165454
135.513147	41.367641	18.377882	-0.023241	1.164799
135.819912	40.540745	18.382887	-0.023296	1.163985
135.903172	39.724082	18.387891	-0.023311	1.163079
135.606603	39.045829	18.392896	-0.023258	1.162159
135.521733	38.143727	18.397901	-0.023243	1.161076
134.886868	37.480299	18.402906	-0.023129	1.160016
134.722112	36.554647	18.407911	-0.023100	1.158867
132.476163	36.630884	18.412915	-0.022698	1.157924
132.073550	36.138399	18.417920	-0.022626	1.157167
132.142835	35.363384	18.422925	-0.022639	1.156298
132.022847	34.596361	18.427930	-0.022617	1.155351
132.157160	33.645938	18.432935	-0.022641	1.154306
130.951232	33.187933	18.437939	-0.022425	1.153216
128.922216	33.333283	18.442944	-0.022062	1.152449
128.893348	32.765726	18.447949	-0.022057	1.151773
128.498570	32.240322	18.452954	-0.021987	1.150977
128.779637	31.412979	18.457959	-0.022037	1.150140
128.622174	30.663810	18.462963	-0.022009	1.149191
128.365391	29.900595	18.467968	-0.021963	1.148178
128.531621	28.928262	18.472973	-0.021993	1.147116
126.253762	28.881100	18.477978	-0.021585	1.146003
124.847653	28.863516	18.482983	-0.021334	1.145329
124.856946	28.291596	18.487987	-0.021335	1.144662
124.537229	27.769749	18.492992	-0.021278	1.143899
124.633360	27.047904	18.497997	-0.021295	1.143095
124.503668	26.336684	18.503002	-0.021272	1.142198
124.489226	25.472980	18.508007	-0.021270	1.141173
124.145384	24.728641	18.513011	-0.021208	1.140135
122.339707	24.556164	18.518016	-0.020885	1.139088
121.668533	24.190461	18.523021	-0.020765	1.138342
121.401424	23.630997	18.528026	-0.020717	1.137556
121.383858	22.906113	18.533031	-0.020714	1.136690
121.104705	22.219697	18.538035	-0.020664	1.135746
119.315732	22.158595	18.543040	-0.020344	1.134835
117.971811	22.187012	18.548045	-0.020104	1.134237
117.691899	21.824866	18.553050	-0.020054	1.133676
117.868871	21.242948	18.558055	-0.020086	1.133069
117.781174	20.678316	18.563059	-0.020070	1.132357
117.578079	20.070113	18.568064	-0.020034	1.131539
117.575905	19.306609	18.573069	-0.020033	1.130630
116.279869	19.053687	18.578074	-0.019801	1.129718
115.443335	18.794214	18.583079	-0.019652	1.129014
115.220221	18.231498	18.588083	-0.019612	1.128238
113.868392	18.222657	18.593088	-0.019370	1.127588
113.866840	17.700914	18.598093	-0.019370	1.126965
113.542344	17.227270	18.603098	-0.019312	1.126246
113.683657	16.502269	18.608103	-0.019337	1.125447
113.795732	15.711312	18.613107	-0.019357	1.124554
112.970099	15.225495	18.618112	-0.019210	1.123581
111.709818	15.075979	18.623117	-0.018984	1.122804
111.233782	14.637282	18.628122	-0.018899	1.122052
109.847315	14.624182	18.633127	-0.018651	1.121377
109.809663	14.120391	18.638131	-0.018644	1.120754
109.340278	13.752094	18.643136	-0.018560	1.120089
109.650982	13.004747	18.648141	-0.018616	1.119339
109.444181	12.363051	18.653146	-0.018579	1.118469
109.321592	11.680700	18.658151	-0.018557	1.117589
109.075786	10.953165	18.663155	-0.018513	1.116595
106.938413	11.054531	18.668160	-0.018131	1.115696
106.536902	10.673164	18.673165	-0.018059	1.115044
106.277522	10.153961	18.678170	-0.018013	1.114293
106.156798	9.591766	18.683175	-0.017991	1.113556
105.975126	8.984325	18.688179	-0.017959	1.112735
103.839639	9.194972	18.693184	-0.017577	1.111966
103.507722	8.865992	18.698189	-0.017517	1.111408
103.301056	8.450801	18.703194	-0.017480	1.110806
103.268633	7.916186	18.708199	-0.017475	1.110143
103.346572	7.203169	18.713203	-0.017489	1.109316
102.858028	6.704855	18.718208	-0.017401	1.108476
102.473839	6.196006	18.723213	-0.017333	1.107673
101.332676	5.937841	18.728218	-0.017128	1.106809
99.779098	6.049719	18.733223	-0.016851	1.106196
99.793938	5.567651	18.738227	-0.016853	1.105616
98.415856	5.660422	18.743232	-0.016607	1.105064
98.316943	5.295066	18.748237	-0.016589	1.104571
98.144691	4.912962	18.753242	-0.016558	1.104022
97.874774	4.508992	18.758247	-0.016510	1.103399
97.802612	4.031656	18.763251	-0.016497	1.102782
95.505784	4.479910	18.768256	-0.016087	1.102217
95.477568	4.129354	18.773261	-0.016082	1.101775
95.162377	3.898933	18.778266	-0.016025	1.101341
95.063908	3.484450	18.783271	-0.016008	1.100787
95.263472	2.928982	18.788275	-0.016043	1.100204
93.685668	2.981039	18.793280	-0.015761	1.099502
92.980107	2.963627	18.798285	-0.015635	1.099138
93.094306	2.458684	18.803290	-0.015656	1.098575
92.633152	2.202278	18.808295	-0.015573	1.098037
92.625874	1.729718	18.813299	-0.015572	1.097454
90.895113	1.922049	18.818304	-0.015262	1.096847
90.491418	1.748561	18.823309	-0.015190	1.096438
90.356170	1.408501	18.828314	-0.015166	1.095954
89.392070	1.435610	18.833319	-0.014994	1.095518
89.869282	0.830663	18.838323	-0.015079	1.095007
89.343611	0.534178	18.843328	-0.014985	1.094386
89.335241	0.023157	18.848333	-0.014984	1.093753
88.962028	-0.381273	18.853338	-0.014917	1.093073
87.086813	-0.130568	18.858343	-0.014582	1.092465
87.148731	-0.529004	18.863347	-0.014593	1.092005
86.200895	-0.609769	18.868352	-0.014423	1.091441
86.112222	-0.947245	18.873357	-0.014407	1.090981
85.747425	-1.261725	18.878362	-0.014342	1.090415
84.124926	-1.013615	18.883367	-0.014052	1.089926
84.165565	-1.338492	18.888371	-0.014059	1.089544
81.746200	-0.689708	18.893376	-0.013627	1.089159
82.272005	-0.951252	18.898381	-0.013721	1.089094
81.598349	-0.916636	18.903386	-0.013600	1.088807
80.842524	-0.760251	18.908391	-0.013465	1.088629
80.812059	-0.917496	18.913395	-0.013460	1.088420
78.917427	-0.378088	18.918400	-0.013121	1.088157
79.382134	-0.559654	18.923405	-0.013204	1.088161
78.521038	-0.319441	18.928410	-0.013050	1.088035
78.086089	-0.247651	18.933415	-0.012973	1.087910
78.833040	-0.655574	18.938419	-0.013106	1.087773
77.467760	-0.388945	18.943424	-0.012862	1.087432
78.023721	-0.817136	18.948429	-0.012962	1.087175
75.329121	0.074853	18.953434	-0.012480	1.086955
75.969764	-0.188740	18.958439	-0.012594	1.086944
75.892915	-0.396425	18.963443	-0.012581	1.086649
74.650806	-0.126373	18.968448	-0.012359	1.086373
75.460967	-0.574358	18.973453	-0.012504	1.086216
73.625374	-0.018645	18.978458	-0.012175	1.086002
74.259644	-0.437831	18.983463	-0.012289	1.085795
73.551428	-0.461212	18.988467	-0.012162	1.085417
71.593559	0.302439	18.993472	-0.011812	1.085400
72.518559	-0.295606	18.998477	-0.011978	1.085114
71.114551	0.141883	19.003482	-0.011727	1.084965
71.656389	-0.247859	19.008487	-0.011824	1.084749
71.316696	-0.472479	19.013491	-0.011763	1.084302
68.888806	0.465445	19.018496	-0.011329	1.084270
70.074414	-0.114891	19.023501	-0.011541	1.084134
68.463203	0.307628	19.028506	-0.011253	1.083864
69.424531	-0.127851	19.033511	-0.011425	1.083798
68.926584	-0.290601	19.038515	-0.011336	1.083350
66.734871	0.461539	19.043520	-0.010944	1.083203
68.055548	-0.139408	19.048525	-0.011180	1.083108
66.504184	0.353444	19.053530	-0.010903	1.082955
66.780599	-0.010725	19.058535	-0.010952	1.082639
66.643688	-0.322523	19.063539	-0.010928	1.082183
64.043971	0.563327	19.068544	-0.010463	1.082001
65.287961	0.042597	19.073549	-0.010686	1.081968
63.796388	0.413369	19.078554	-0.010419	1.081692
64.564781	0.010039	19.083559	-0.010556	1.081570
64.115078	-0.148457	19.088563	-0.010476	1.081151
62.050348	0.429125	19.093568	-0.010107	1.080849
63.002644	-0.035287	19.098573	-0.010277	1.080742
61.461682	0.349771	19.103578	-0.010002	1.080459
62.026011	0.032222	19.108583	-0.010103	1.080343
61.251302	0.007489	19.113587	-0.009964	1.079928
59.516169	0.603153	19.118592	-0.009654	1.079812
60.716818	-0.010371	19.123597	-0.009869	1.079641
59.008130	0.365819	19.128602	-0.009563	1.079264
58.955841	0.332990	19.133607	-0.009554	1.079197
58.996728	0.082533	19.138611	-0.009561	1.078905
57.041999	0.587564	19.143616	-0.009212	1.078566
58.262626	0.052439	19.148621	-0.009430	1.078504
56.470660	0.566249	19.153626	-0.009110	1.078257
56.556493	0.464994	19.158631	-0.009125	1.078173
57.044791	-0.026574	19.163635	-0.009213	1.077801
55.258679	0.528384	19.168640	-0.008893	1.077608
55.832256	0.020131	19.173645	-0.008996	1.077258
54.502260	0.211431	19.178650	-0.008758	1.076836
53.434515	0.540921	19.183655	-0.008567	1.076718
54.126599	0.134883	19.188659	-0.008691	1.076554
52.398719	0.691626	19.193664	-0.008382	1.076392
53.387896	0.113312	19.198669	-0.008559	1.076160
51.982046	0.373144	19.203674	-0.008308	1.075786
51.593145	0.464452	19.208679	-0.008238	1.075708
52.307150	-0.144493	19.213683	-0.008366	1.075300
50.105514	0.516504	19.218688	-0.007972	1.075033
49.889866	0.439065	19.223693	-0.007934	1.074828
49.651670	0.350393	19.228698	-0.007891	1.074599
49.002111	0.544414	19.233703	-0.007775	1.074519
49.549847	0.035109	19.238707	-0.007873	1.074153
47.853356	0.496439	19.243712	-0.007570	1.073886
48.814943	-0.100727	19.248717	-0.007742	1.073617
47.344362	0.190049	19.253722	-0.007479	1.073248
45.576121	0.807483	19.258727	-0.007163	1.073142
47.132129	0.021735	19.263731	-0.007441	1.072931
44.889823	0.727198	19.268736	-0.007040	1.072699
45.899670	0.223674	19.273741	-0.007221	1.072570
45.539723	0.050931	19.278746	-0.007156	1.072174
44.222251	0.330355	19.283751	-0.006921	1.071867
44.389047	0.057902	19.288755	-0.006951	1.071608
42.210414	0.787184	19.293760	-0.006561	1.071437
42.977795	0.391711	19.298765	-0.006699	1.071323
42.469740	0.316232	19.303770	-0.006608	1.070974
41.252760	0.674885	19.308775	-0.006390	1.070817
43.091156	-0.299699	19.313779	-0.006719	1.070510
40.843084	0.283135	19.318784	-0.006317	1.070119
40.042995	0.407543	19.323789	-0.006174	1.069876
39.749103	0.341112	19.328794	-0.006121	1.069645
38.540444	0.754856	19.333799	-0.005905	1.069561
39.545798	0.217582	19.338803	-0.006085	1.069388
38.312578	0.439326	19.343808	-0.005865	1.069050
39.085577	-0.045274	19.348813	-0.006003	1.068826
38.133414	-0.049316	19.353818	-0.005833	1.068344
35.751912	0.680052	19.358823	-0.005407	1.068070
37.102725	0.133316	19.363827	-0.005649	1.068058
35.456792	0.540430	19.368832	-0.005354	1.067747
35.747564	0.308576	19.373837	-0.005406	1.067600
35.674051	0.087135	19.378842	-0.005393	1.067284
34.241308	0.456853	19.383847	-0.005137	1.067032
34.798025	-0.062304	19.388851	-0.005237	1.066655
32.927971	0.537797	19.393856	-0.004902	1.066475
32.826015	0.446012	19.398861	-0.004884	1.066308
33.349054	-0.022779	19.403866	-0.004978	1.065978
31.660420	0.469366	19.408871	-0.004676	1.065752
32.420331	-0.048054	19.413875	-0.004812	1.065479
31.165753	0.088365	19.418880	-0.004588	1.065021
30.373314	0.316854	19.423885	-0.004446	1.064912
30.177570	0.165744	19.428890	-0.004411	1.064622
29.279625	0.404854	19.433895	-0.004250	1.064473
29.477138	0.154987	19.438899	-0.004286	1.064256
27.823261	0.589095	19.443904	-0.003990	1.063974
28.577388	0.198574	19.448909	-0.004125	1.063859
28.679386	-0.141263	19.453914	-0.004143	1.063480
26.550335	0.428041	19.458919	-0.003763	1.063128
27.365595	-0.000257	19.463923	-0.003909	1.062997
25.811976	0.437119	19.468928	-0.003631	1.062768
25.172764	0.451679	19.473933	-0.003516	1.062464
26.277257	-0.138889	19.478938	-0.003714	1.062272
24.206255	0.430396	19.483943	-0.003344	1.061950
24.793399	0.034763	19.488947	-0.003449	1.061744
23.437244	0.337932	19.493952	-0.003206	1.061445
22.764169	0.414799	19.498957	-0.003086	1.061203
23.961855	-0.251774	19.503962	-0.003300	1.060961
20.913734	0.781093	19.508967	-0.002755	1.060734
21.867400	0.320437	19.513971	-0.002926	1.060630
21.875354	0.085087	19.518976	-0.002927	1.060335
21.005516	0.237403	19.523981	-0.002772	1.060089
20.915702	-0.018496	19.528986	-0.002756	1.059718
18.942363	0.486532	19.533991	-0.002403	1.059363
20.189482	-0.091767	19.538995	-0.002626	1.059258
18.713938	0.171107	19.544000	-0.002362	1.058846
17.261477	0.631060	19.549005	-0.002103	1.058696
19.140794	-0.214451	19.554010	-0.002439	1.058571
17.025448	0.319914	19.559015	-0.002060	1.058181
17.539687	0.002683	19.564019	-0.002152	1.058037
16.351939	0.170697	19.569024	-0.001940	1.057650
15.197175	0.500205	19.574029	-0.001734	1.057484
16.106636	-0.003485	19.579034	-0.001896	1.057303
14.714170	0.281587	19.584039	-0.001647	1.056961
15.284468	-0.135405	19.589043	-0.001749	1.056718
14.153279	-0.014452	19.594048	-0.001547	1.056299
13.239171	0.250289	19.599053	-0.001384	1.056173
13.538518	-0.140546	19.604058	-0.001437	1.055826
11.915694	0.336968	19.609063	-0.001147	1.055612
11.916239	0.163722	19.614067	-0.001147	1.055391
11.655881	0.067110	19.619072	-0.001101	1.055135
11.095979	0.114642	19.624077	-0.001001	1.054911
10.917364	-0.073138	19.629082	-0.000969	1.054581
9.247457	0.411945	19.634087	-0.000670	1.054352
9.708968	0.141933	19.639091	-0.000753	1.054241
9.185705	0.125306	19.644096	-0.000659	1.053954
7.982529	0.422632	19.649101	-0.000444	1.053722
9.179479	-0.287455	19.654106	-0.000658	1.053423
7.309593	0.257977	19.659111	-0.000324	1.053169
7.331391	0.051724	19.664115	-0.000328	1.052916
6.981258	-0.054892	19.669120	-0.000266	1.052601
5.768304	0.286595	19.674125	-0.000049	1.052421
5.827634	0.059900	19.679130	-0.000059	1.052161
4.739373	0.285414	19.684135	0.000135	1.051895
5.044993	-0.011404	19.689139	0.000081	1.051671
4.538072	-0.081732	19.694144	0.000171	1.051322
2.751483	0.415864	19.699149	0.000491	1.051049
3.748858	-0.081768	19.704154	0.000312	1.050919
2.468375	0.218549	19.709159	0.000541	1.050651
2.327325	0.074230	19.714163	0.000566	1.050394
1.936703	0.005920	19.719168	0.000636	1.050107
